W0209 01:02:33.012000 2243419 torch/distributed/run.py:852] 
W0209 01:02:33.012000 2243419 torch/distributed/run.py:852] *****************************************
W0209 01:02:33.012000 2243419 torch/distributed/run.py:852] Setting OMP_NUM_THREADS environment variable for each process to be 1 in default, to avoid your system being overloaded, please further tune the variable for optimal performance in your application as needed. 
W0209 01:02:33.012000 2243419 torch/distributed/run.py:852] *****************************************
Fetching 4 files:   0%|          | 0/4 [00:00<?, ?it/s]Fetching 4 files: 100%|██████████| 4/4 [00:00<00:00, 58254.22it/s]
Fetching 4 files:   0%|          | 0/4 [00:00<?, ?it/s]Fetching 4 files: 100%|██████████| 4/4 [00:00<00:00, 68478.43it/s]
Fetching 4 files:   0%|          | 0/4 [00:00<?, ?it/s]Fetching 4 files: 100%|██████████| 4/4 [00:00<00:00, 8260.57it/s]
Fetching 4 files:   0%|          | 0/4 [00:00<?, ?it/s]Fetching 4 files: 100%|██████████| 4/4 [00:00<00:00, 18538.36it/s]
Fetching 4 files:   0%|          | 0/4 [00:00<?, ?it/s]Fetching 4 files: 100%|██████████| 4/4 [00:00<00:00, 18355.82it/s]
Fetching 4 files:   0%|          | 0/4 [00:00<?, ?it/s]Fetching 4 files: 100%|██████████| 4/4 [00:00<00:00, 7503.23it/s]
Fetching 4 files:   0%|          | 0/4 [00:00<?, ?it/s]Fetching 4 files: 100%|██████████| 4/4 [00:00<00:00, 50686.45it/s]
Fetching 4 files:   0%|          | 0/4 [00:00<?, ?it/s]Fetching 4 files: 100%|██████████| 4/4 [00:00<00:00, 64527.75it/s]
logs/sweep_muon0.010_decay0.4.txt
74
Compiling model and warming up kernels (~7 minutes on first execution)
Sampling steps [0, 1, 391, 392, 393, 783, 784, 785, 1174, 1175, 1176, 1566, 1567, 1568, 1958, 1959, 1960, 2349, 2350, 2351, 2741, 2742, 2743, 3133, 3134, 3135] for warmup
Resetting Model
step:0/4740 val_loss:10.8298 train_time:1ms step_avg:0.98ms
step:1/4740 train_time:95ms step_avg:94.79ms
step:2/4740 train_time:162ms step_avg:80.87ms
step:3/4740 train_time:220ms step_avg:73.36ms
step:4/4740 train_time:307ms step_avg:76.67ms
step:5/4740 train_time:366ms step_avg:73.19ms
step:6/4740 train_time:451ms step_avg:75.22ms
step:7/4740 train_time:510ms step_avg:72.91ms
step:8/4740 train_time:596ms step_avg:74.46ms
step:9/4740 train_time:654ms step_avg:72.72ms
step:10/4740 train_time:740ms step_avg:73.99ms
step:11/4740 train_time:798ms step_avg:72.56ms
step:12/4740 train_time:884ms step_avg:73.64ms
step:13/4740 train_time:942ms step_avg:72.49ms
step:14/4740 train_time:1028ms step_avg:73.45ms
step:15/4740 train_time:1090ms step_avg:72.68ms
step:16/4740 train_time:1176ms step_avg:73.52ms
step:17/4740 train_time:1236ms step_avg:72.71ms
step:18/4740 train_time:1323ms step_avg:73.50ms
step:19/4740 train_time:1382ms step_avg:72.75ms
step:20/4740 train_time:1469ms step_avg:73.44ms
step:21/4740 train_time:1529ms step_avg:72.80ms
step:22/4740 train_time:1615ms step_avg:73.39ms
step:23/4740 train_time:1674ms step_avg:72.78ms
step:24/4740 train_time:1760ms step_avg:73.32ms
step:25/4740 train_time:1819ms step_avg:72.74ms
step:26/4740 train_time:1905ms step_avg:73.26ms
step:27/4740 train_time:1964ms step_avg:72.74ms
step:28/4740 train_time:2051ms step_avg:73.25ms
step:29/4740 train_time:2112ms step_avg:72.82ms
step:30/4740 train_time:2199ms step_avg:73.28ms
step:31/4740 train_time:2259ms step_avg:72.87ms
step:32/4740 train_time:2345ms step_avg:73.29ms
step:33/4740 train_time:2405ms step_avg:72.88ms
step:34/4740 train_time:2492ms step_avg:73.29ms
step:35/4740 train_time:2551ms step_avg:72.89ms
step:36/4740 train_time:2638ms step_avg:73.27ms
step:37/4740 train_time:2697ms step_avg:72.89ms
step:38/4740 train_time:2783ms step_avg:73.25ms
step:39/4740 train_time:2843ms step_avg:72.90ms
step:40/4740 train_time:2929ms step_avg:73.22ms
step:41/4740 train_time:2989ms step_avg:72.91ms
step:42/4740 train_time:3076ms step_avg:73.23ms
step:43/4740 train_time:3134ms step_avg:72.89ms
step:44/4740 train_time:3221ms step_avg:73.20ms
step:45/4740 train_time:3280ms step_avg:72.89ms
step:46/4740 train_time:3366ms step_avg:73.18ms
step:47/4740 train_time:3426ms step_avg:72.90ms
step:48/4740 train_time:3513ms step_avg:73.18ms
step:49/4740 train_time:3573ms step_avg:72.92ms
step:50/4740 train_time:3659ms step_avg:73.18ms
step:51/4740 train_time:3717ms step_avg:72.89ms
step:52/4740 train_time:3804ms step_avg:73.15ms
step:53/4740 train_time:3864ms step_avg:72.90ms
step:54/4740 train_time:3950ms step_avg:73.15ms
step:55/4740 train_time:4011ms step_avg:72.92ms
step:56/4740 train_time:4098ms step_avg:73.17ms
step:57/4740 train_time:4157ms step_avg:72.94ms
step:58/4740 train_time:4245ms step_avg:73.18ms
step:59/4740 train_time:4304ms step_avg:72.96ms
step:60/4740 train_time:4391ms step_avg:73.18ms
step:61/4740 train_time:4451ms step_avg:72.96ms
step:62/4740 train_time:4537ms step_avg:73.18ms
step:63/4740 train_time:4597ms step_avg:72.96ms
step:64/4740 train_time:4683ms step_avg:73.17ms
step:65/4740 train_time:4743ms step_avg:72.97ms
step:66/4740 train_time:4829ms step_avg:73.16ms
step:67/4740 train_time:4889ms step_avg:72.97ms
step:68/4740 train_time:4975ms step_avg:73.16ms
step:69/4740 train_time:5035ms step_avg:72.97ms
step:70/4740 train_time:5122ms step_avg:73.17ms
step:71/4740 train_time:5181ms step_avg:72.97ms
step:72/4740 train_time:5268ms step_avg:73.17ms
step:73/4740 train_time:5327ms step_avg:72.98ms
step:74/4740 train_time:5413ms step_avg:73.15ms
step:75/4740 train_time:5473ms step_avg:72.97ms
step:76/4740 train_time:5559ms step_avg:73.14ms
step:77/4740 train_time:5618ms step_avg:72.96ms
step:78/4740 train_time:5705ms step_avg:73.14ms
step:79/4740 train_time:5765ms step_avg:72.98ms
step:80/4740 train_time:5852ms step_avg:73.15ms
step:81/4740 train_time:5912ms step_avg:72.98ms
step:82/4740 train_time:5998ms step_avg:73.15ms
step:83/4740 train_time:6058ms step_avg:72.98ms
step:84/4740 train_time:6145ms step_avg:73.15ms
step:85/4740 train_time:6204ms step_avg:72.99ms
step:86/4740 train_time:6291ms step_avg:73.15ms
step:87/4740 train_time:6352ms step_avg:73.01ms
step:88/4740 train_time:6438ms step_avg:73.16ms
step:89/4740 train_time:6498ms step_avg:73.01ms
step:90/4740 train_time:6584ms step_avg:73.15ms
step:91/4740 train_time:6643ms step_avg:73.00ms
step:92/4740 train_time:6729ms step_avg:73.14ms
step:93/4740 train_time:6789ms step_avg:73.00ms
step:94/4740 train_time:6875ms step_avg:73.14ms
step:95/4740 train_time:6935ms step_avg:73.00ms
step:96/4740 train_time:7021ms step_avg:73.14ms
step:97/4740 train_time:7081ms step_avg:73.00ms
step:98/4740 train_time:7168ms step_avg:73.14ms
step:99/4740 train_time:7229ms step_avg:73.02ms
step:100/4740 train_time:7314ms step_avg:73.14ms
step:101/4740 train_time:7374ms step_avg:73.01ms
step:102/4740 train_time:7461ms step_avg:73.15ms
step:103/4740 train_time:7520ms step_avg:73.01ms
step:104/4740 train_time:7607ms step_avg:73.14ms
step:105/4740 train_time:7667ms step_avg:73.01ms
step:106/4740 train_time:7752ms step_avg:73.13ms
step:107/4740 train_time:7812ms step_avg:73.01ms
step:108/4740 train_time:7898ms step_avg:73.13ms
step:109/4740 train_time:7957ms step_avg:73.00ms
step:110/4740 train_time:8043ms step_avg:73.12ms
step:111/4740 train_time:8102ms step_avg:72.99ms
step:112/4740 train_time:8189ms step_avg:73.12ms
step:113/4740 train_time:8249ms step_avg:73.00ms
step:114/4740 train_time:8336ms step_avg:73.12ms
step:115/4740 train_time:8395ms step_avg:73.00ms
step:116/4740 train_time:8482ms step_avg:73.12ms
step:117/4740 train_time:8541ms step_avg:73.00ms
step:118/4740 train_time:8628ms step_avg:73.12ms
step:119/4740 train_time:8688ms step_avg:73.01ms
step:120/4740 train_time:8774ms step_avg:73.12ms
step:121/4740 train_time:8835ms step_avg:73.01ms
step:122/4740 train_time:8921ms step_avg:73.12ms
step:123/4740 train_time:8980ms step_avg:73.01ms
step:124/4740 train_time:9067ms step_avg:73.12ms
step:125/4740 train_time:9127ms step_avg:73.01ms
step:126/4740 train_time:9213ms step_avg:73.12ms
step:127/4740 train_time:9275ms step_avg:73.03ms
step:128/4740 train_time:9360ms step_avg:73.13ms
step:129/4740 train_time:9420ms step_avg:73.02ms
step:130/4740 train_time:9506ms step_avg:73.12ms
step:131/4740 train_time:9566ms step_avg:73.02ms
step:132/4740 train_time:9652ms step_avg:73.12ms
step:133/4740 train_time:9711ms step_avg:73.02ms
step:134/4740 train_time:9798ms step_avg:73.12ms
step:135/4740 train_time:9857ms step_avg:73.01ms
step:136/4740 train_time:9944ms step_avg:73.11ms
step:137/4740 train_time:10003ms step_avg:73.01ms
step:138/4740 train_time:10089ms step_avg:73.11ms
step:139/4740 train_time:10148ms step_avg:73.01ms
step:140/4740 train_time:10234ms step_avg:73.10ms
step:141/4740 train_time:10293ms step_avg:73.00ms
step:142/4740 train_time:10379ms step_avg:73.10ms
step:143/4740 train_time:10439ms step_avg:73.00ms
step:144/4740 train_time:10526ms step_avg:73.09ms
step:145/4740 train_time:10585ms step_avg:73.00ms
step:146/4740 train_time:10671ms step_avg:73.09ms
step:147/4740 train_time:10731ms step_avg:73.00ms
step:148/4740 train_time:10817ms step_avg:73.09ms
step:149/4740 train_time:10876ms step_avg:72.99ms
step:150/4740 train_time:10963ms step_avg:73.08ms
step:151/4740 train_time:11021ms step_avg:72.99ms
step:152/4740 train_time:11108ms step_avg:73.08ms
step:153/4740 train_time:11168ms step_avg:72.99ms
step:154/4740 train_time:11255ms step_avg:73.09ms
step:155/4740 train_time:11315ms step_avg:73.00ms
step:156/4740 train_time:11401ms step_avg:73.09ms
step:157/4740 train_time:11460ms step_avg:73.00ms
step:158/4740 train_time:11547ms step_avg:73.08ms
step:159/4740 train_time:11607ms step_avg:73.00ms
step:160/4740 train_time:11693ms step_avg:73.08ms
step:161/4740 train_time:11752ms step_avg:73.00ms
step:162/4740 train_time:11838ms step_avg:73.07ms
step:163/4740 train_time:11897ms step_avg:72.99ms
step:164/4740 train_time:11984ms step_avg:73.07ms
step:165/4740 train_time:12043ms step_avg:72.99ms
step:166/4740 train_time:12129ms step_avg:73.06ms
step:167/4740 train_time:12189ms step_avg:72.99ms
step:168/4740 train_time:12274ms step_avg:73.06ms
step:169/4740 train_time:12334ms step_avg:72.98ms
step:170/4740 train_time:12421ms step_avg:73.07ms
step:171/4740 train_time:12480ms step_avg:72.98ms
step:172/4740 train_time:12566ms step_avg:73.06ms
step:173/4740 train_time:12626ms step_avg:72.98ms
step:174/4740 train_time:12712ms step_avg:73.06ms
step:175/4740 train_time:12772ms step_avg:72.98ms
step:176/4740 train_time:12858ms step_avg:73.06ms
step:177/4740 train_time:12917ms step_avg:72.98ms
step:178/4740 train_time:13003ms step_avg:73.05ms
step:179/4740 train_time:13063ms step_avg:72.98ms
step:180/4740 train_time:13149ms step_avg:73.05ms
step:181/4740 train_time:13210ms step_avg:72.98ms
step:182/4740 train_time:13296ms step_avg:73.05ms
step:183/4740 train_time:13355ms step_avg:72.98ms
step:184/4740 train_time:13441ms step_avg:73.05ms
step:185/4740 train_time:13500ms step_avg:72.97ms
step:186/4740 train_time:13586ms step_avg:73.04ms
step:187/4740 train_time:13647ms step_avg:72.98ms
step:188/4740 train_time:13733ms step_avg:73.05ms
step:189/4740 train_time:13792ms step_avg:72.97ms
step:190/4740 train_time:13878ms step_avg:73.04ms
step:191/4740 train_time:13937ms step_avg:72.97ms
step:192/4740 train_time:14023ms step_avg:73.04ms
step:193/4740 train_time:14082ms step_avg:72.97ms
step:194/4740 train_time:14168ms step_avg:73.03ms
step:195/4740 train_time:14228ms step_avg:72.96ms
step:196/4740 train_time:14314ms step_avg:73.03ms
step:197/4740 train_time:14374ms step_avg:72.97ms
step:198/4740 train_time:14461ms step_avg:73.03ms
step:199/4740 train_time:14520ms step_avg:72.96ms
step:200/4740 train_time:14607ms step_avg:73.03ms
step:201/4740 train_time:14668ms step_avg:72.97ms
step:202/4740 train_time:14754ms step_avg:73.04ms
step:203/4740 train_time:14814ms step_avg:72.98ms
step:204/4740 train_time:14900ms step_avg:73.04ms
step:205/4740 train_time:14958ms step_avg:72.97ms
step:206/4740 train_time:15045ms step_avg:73.03ms
step:207/4740 train_time:15105ms step_avg:72.97ms
step:208/4740 train_time:15191ms step_avg:73.04ms
step:209/4740 train_time:15251ms step_avg:72.97ms
step:210/4740 train_time:15337ms step_avg:73.04ms
step:211/4740 train_time:15397ms step_avg:72.97ms
step:212/4740 train_time:15484ms step_avg:73.04ms
step:213/4740 train_time:15544ms step_avg:72.97ms
step:214/4740 train_time:15630ms step_avg:73.04ms
step:215/4740 train_time:15691ms step_avg:72.98ms
step:216/4740 train_time:15777ms step_avg:73.04ms
step:217/4740 train_time:15836ms step_avg:72.98ms
step:218/4740 train_time:15922ms step_avg:73.04ms
step:219/4740 train_time:15981ms step_avg:72.97ms
step:220/4740 train_time:16067ms step_avg:73.03ms
step:221/4740 train_time:16128ms step_avg:72.98ms
step:222/4740 train_time:16214ms step_avg:73.04ms
step:223/4740 train_time:16274ms step_avg:72.98ms
step:224/4740 train_time:16360ms step_avg:73.04ms
step:225/4740 train_time:16419ms step_avg:72.97ms
step:226/4740 train_time:16505ms step_avg:73.03ms
step:227/4740 train_time:16565ms step_avg:72.97ms
step:228/4740 train_time:16651ms step_avg:73.03ms
step:229/4740 train_time:16711ms step_avg:72.98ms
step:230/4740 train_time:16798ms step_avg:73.03ms
step:231/4740 train_time:16857ms step_avg:72.97ms
step:232/4740 train_time:16942ms step_avg:73.03ms
step:233/4740 train_time:17002ms step_avg:72.97ms
step:234/4740 train_time:17088ms step_avg:73.03ms
step:235/4740 train_time:17149ms step_avg:72.97ms
step:236/4740 train_time:17235ms step_avg:73.03ms
step:237/4740 train_time:17294ms step_avg:72.97ms
step:238/4740 train_time:17381ms step_avg:73.03ms
step:239/4740 train_time:17439ms step_avg:72.97ms
step:240/4740 train_time:17526ms step_avg:73.02ms
step:241/4740 train_time:17585ms step_avg:72.97ms
step:242/4740 train_time:17671ms step_avg:73.02ms
step:243/4740 train_time:17731ms step_avg:72.97ms
step:244/4740 train_time:17817ms step_avg:73.02ms
step:245/4740 train_time:17877ms step_avg:72.97ms
step:246/4740 train_time:17962ms step_avg:73.02ms
step:247/4740 train_time:18021ms step_avg:72.96ms
step:248/4740 train_time:18108ms step_avg:73.02ms
step:249/4740 train_time:18168ms step_avg:72.96ms
step:250/4740 train_time:18253ms step_avg:73.01ms
step:250/4740 val_loss:4.5682 train_time:18298ms step_avg:73.19ms
step:251/4740 train_time:18327ms step_avg:73.01ms
step:252/4740 train_time:18400ms step_avg:73.02ms
step:253/4740 train_time:18460ms step_avg:72.96ms
step:254/4740 train_time:18547ms step_avg:73.02ms
step:255/4740 train_time:18612ms step_avg:72.99ms
step:256/4740 train_time:18698ms step_avg:73.04ms
step:257/4740 train_time:18758ms step_avg:72.99ms
step:258/4740 train_time:18845ms step_avg:73.04ms
step:259/4740 train_time:18904ms step_avg:72.99ms
step:260/4740 train_time:18989ms step_avg:73.04ms
step:261/4740 train_time:19049ms step_avg:72.99ms
step:262/4740 train_time:19134ms step_avg:73.03ms
step:263/4740 train_time:19194ms step_avg:72.98ms
step:264/4740 train_time:19280ms step_avg:73.03ms
step:265/4740 train_time:19339ms step_avg:72.98ms
step:266/4740 train_time:19426ms step_avg:73.03ms
step:267/4740 train_time:19485ms step_avg:72.98ms
step:268/4740 train_time:19571ms step_avg:73.03ms
step:269/4740 train_time:19631ms step_avg:72.98ms
step:270/4740 train_time:19718ms step_avg:73.03ms
step:271/4740 train_time:19778ms step_avg:72.98ms
step:272/4740 train_time:19865ms step_avg:73.03ms
step:273/4740 train_time:19924ms step_avg:72.98ms
step:274/4740 train_time:20009ms step_avg:73.03ms
step:275/4740 train_time:20070ms step_avg:72.98ms
step:276/4740 train_time:20155ms step_avg:73.03ms
step:277/4740 train_time:20215ms step_avg:72.98ms
step:278/4740 train_time:20300ms step_avg:73.02ms
step:279/4740 train_time:20359ms step_avg:72.97ms
step:280/4740 train_time:20445ms step_avg:73.02ms
step:281/4740 train_time:20505ms step_avg:72.97ms
step:282/4740 train_time:20591ms step_avg:73.02ms
step:283/4740 train_time:20651ms step_avg:72.97ms
step:284/4740 train_time:20737ms step_avg:73.02ms
step:285/4740 train_time:20797ms step_avg:72.97ms
step:286/4740 train_time:20884ms step_avg:73.02ms
step:287/4740 train_time:20943ms step_avg:72.97ms
step:288/4740 train_time:21029ms step_avg:73.02ms
step:289/4740 train_time:21089ms step_avg:72.97ms
step:290/4740 train_time:21175ms step_avg:73.02ms
step:291/4740 train_time:21234ms step_avg:72.97ms
step:292/4740 train_time:21320ms step_avg:73.01ms
step:293/4740 train_time:21379ms step_avg:72.96ms
step:294/4740 train_time:21465ms step_avg:73.01ms
step:295/4740 train_time:21524ms step_avg:72.96ms
step:296/4740 train_time:21609ms step_avg:73.00ms
step:297/4740 train_time:21669ms step_avg:72.96ms
step:298/4740 train_time:21755ms step_avg:73.00ms
step:299/4740 train_time:21814ms step_avg:72.96ms
step:300/4740 train_time:21900ms step_avg:73.00ms
step:301/4740 train_time:21958ms step_avg:72.95ms
step:302/4740 train_time:22045ms step_avg:73.00ms
step:303/4740 train_time:22105ms step_avg:72.95ms
step:304/4740 train_time:22192ms step_avg:73.00ms
step:305/4740 train_time:22252ms step_avg:72.96ms
step:306/4740 train_time:22337ms step_avg:73.00ms
step:307/4740 train_time:22396ms step_avg:72.95ms
step:308/4740 train_time:22483ms step_avg:73.00ms
step:309/4740 train_time:22542ms step_avg:72.95ms
step:310/4740 train_time:22628ms step_avg:72.99ms
step:311/4740 train_time:22688ms step_avg:72.95ms
step:312/4740 train_time:22774ms step_avg:72.99ms
step:313/4740 train_time:22833ms step_avg:72.95ms
step:314/4740 train_time:22920ms step_avg:72.99ms
step:315/4740 train_time:22978ms step_avg:72.95ms
step:316/4740 train_time:23064ms step_avg:72.99ms
step:317/4740 train_time:23123ms step_avg:72.94ms
step:318/4740 train_time:23209ms step_avg:72.98ms
step:319/4740 train_time:23269ms step_avg:72.94ms
step:320/4740 train_time:23355ms step_avg:72.98ms
step:321/4740 train_time:23415ms step_avg:72.94ms
step:322/4740 train_time:23500ms step_avg:72.98ms
step:323/4740 train_time:23559ms step_avg:72.94ms
step:324/4740 train_time:23646ms step_avg:72.98ms
step:325/4740 train_time:23705ms step_avg:72.94ms
step:326/4740 train_time:23791ms step_avg:72.98ms
step:327/4740 train_time:23850ms step_avg:72.94ms
step:328/4740 train_time:23935ms step_avg:72.97ms
step:329/4740 train_time:23995ms step_avg:72.93ms
step:330/4740 train_time:24081ms step_avg:72.97ms
step:331/4740 train_time:24140ms step_avg:72.93ms
step:332/4740 train_time:24227ms step_avg:72.97ms
step:333/4740 train_time:24286ms step_avg:72.93ms
step:334/4740 train_time:24372ms step_avg:72.97ms
step:335/4740 train_time:24432ms step_avg:72.93ms
step:336/4740 train_time:24518ms step_avg:72.97ms
step:337/4740 train_time:24577ms step_avg:72.93ms
step:338/4740 train_time:24663ms step_avg:72.97ms
step:339/4740 train_time:24723ms step_avg:72.93ms
step:340/4740 train_time:24808ms step_avg:72.97ms
step:341/4740 train_time:24867ms step_avg:72.92ms
step:342/4740 train_time:24953ms step_avg:72.96ms
step:343/4740 train_time:25013ms step_avg:72.92ms
step:344/4740 train_time:25098ms step_avg:72.96ms
step:345/4740 train_time:25157ms step_avg:72.92ms
step:346/4740 train_time:25244ms step_avg:72.96ms
step:347/4740 train_time:25303ms step_avg:72.92ms
step:348/4740 train_time:25389ms step_avg:72.96ms
step:349/4740 train_time:25449ms step_avg:72.92ms
step:350/4740 train_time:25534ms step_avg:72.96ms
step:351/4740 train_time:25594ms step_avg:72.92ms
step:352/4740 train_time:25679ms step_avg:72.95ms
step:353/4740 train_time:25738ms step_avg:72.91ms
step:354/4740 train_time:25824ms step_avg:72.95ms
step:355/4740 train_time:25883ms step_avg:72.91ms
step:356/4740 train_time:25969ms step_avg:72.95ms
step:357/4740 train_time:26029ms step_avg:72.91ms
step:358/4740 train_time:26114ms step_avg:72.94ms
step:359/4740 train_time:26174ms step_avg:72.91ms
step:360/4740 train_time:26260ms step_avg:72.94ms
step:361/4740 train_time:26318ms step_avg:72.90ms
step:362/4740 train_time:26405ms step_avg:72.94ms
step:363/4740 train_time:26465ms step_avg:72.91ms
step:364/4740 train_time:26552ms step_avg:72.94ms
step:365/4740 train_time:26612ms step_avg:72.91ms
step:366/4740 train_time:26697ms step_avg:72.94ms
step:367/4740 train_time:26756ms step_avg:72.90ms
step:368/4740 train_time:26843ms step_avg:72.94ms
step:369/4740 train_time:26902ms step_avg:72.91ms
step:370/4740 train_time:26988ms step_avg:72.94ms
step:371/4740 train_time:27047ms step_avg:72.90ms
step:372/4740 train_time:27134ms step_avg:72.94ms
step:373/4740 train_time:27193ms step_avg:72.90ms
step:374/4740 train_time:27278ms step_avg:72.94ms
step:375/4740 train_time:27337ms step_avg:72.90ms
step:376/4740 train_time:27422ms step_avg:72.93ms
step:377/4740 train_time:27481ms step_avg:72.89ms
step:378/4740 train_time:27568ms step_avg:72.93ms
step:379/4740 train_time:27628ms step_avg:72.90ms
step:380/4740 train_time:27714ms step_avg:72.93ms
step:381/4740 train_time:27773ms step_avg:72.89ms
step:382/4740 train_time:27859ms step_avg:72.93ms
step:383/4740 train_time:27918ms step_avg:72.89ms
step:384/4740 train_time:28004ms step_avg:72.93ms
step:385/4740 train_time:28064ms step_avg:72.89ms
step:386/4740 train_time:28150ms step_avg:72.93ms
step:387/4740 train_time:28210ms step_avg:72.89ms
step:388/4740 train_time:28296ms step_avg:72.93ms
step:389/4740 train_time:28355ms step_avg:72.89ms
step:390/4740 train_time:28441ms step_avg:72.92ms
step:391/4740 train_time:28499ms step_avg:72.89ms
step:392/4740 train_time:28585ms step_avg:72.92ms
step:393/4740 train_time:28658ms step_avg:72.92ms
step:394/4740 train_time:28816ms step_avg:73.14ms
step:395/4740 train_time:28917ms step_avg:73.21ms
step:396/4740 train_time:29076ms step_avg:73.42ms
step:397/4740 train_time:29179ms step_avg:73.50ms
step:398/4740 train_time:29337ms step_avg:73.71ms
step:399/4740 train_time:29439ms step_avg:73.78ms
step:400/4740 train_time:29597ms step_avg:73.99ms
step:401/4740 train_time:29699ms step_avg:74.06ms
step:402/4740 train_time:29857ms step_avg:74.27ms
step:403/4740 train_time:29959ms step_avg:74.34ms
step:404/4740 train_time:30118ms step_avg:74.55ms
step:405/4740 train_time:30221ms step_avg:74.62ms
step:406/4740 train_time:30380ms step_avg:74.83ms
step:407/4740 train_time:30483ms step_avg:74.90ms
step:408/4740 train_time:30642ms step_avg:75.10ms
step:409/4740 train_time:30744ms step_avg:75.17ms
step:410/4740 train_time:30906ms step_avg:75.38ms
step:411/4740 train_time:31006ms step_avg:75.44ms
step:412/4740 train_time:31165ms step_avg:75.64ms
step:413/4740 train_time:31267ms step_avg:75.71ms
step:414/4740 train_time:31426ms step_avg:75.91ms
step:415/4740 train_time:31527ms step_avg:75.97ms
step:416/4740 train_time:31686ms step_avg:76.17ms
step:417/4740 train_time:31788ms step_avg:76.23ms
step:418/4740 train_time:31948ms step_avg:76.43ms
step:419/4740 train_time:32048ms step_avg:76.49ms
step:420/4740 train_time:32208ms step_avg:76.69ms
step:421/4740 train_time:32309ms step_avg:76.74ms
step:422/4740 train_time:32468ms step_avg:76.94ms
step:423/4740 train_time:32569ms step_avg:77.00ms
step:424/4740 train_time:32729ms step_avg:77.19ms
step:425/4740 train_time:32831ms step_avg:77.25ms
step:426/4740 train_time:32991ms step_avg:77.44ms
step:427/4740 train_time:33091ms step_avg:77.50ms
step:428/4740 train_time:33251ms step_avg:77.69ms
step:429/4740 train_time:33351ms step_avg:77.74ms
step:430/4740 train_time:33511ms step_avg:77.93ms
step:431/4740 train_time:33611ms step_avg:77.98ms
step:432/4740 train_time:33773ms step_avg:78.18ms
step:433/4740 train_time:33872ms step_avg:78.23ms
step:434/4740 train_time:34032ms step_avg:78.42ms
step:435/4740 train_time:34132ms step_avg:78.47ms
step:436/4740 train_time:34292ms step_avg:78.65ms
step:437/4740 train_time:34392ms step_avg:78.70ms
step:438/4740 train_time:34553ms step_avg:78.89ms
step:439/4740 train_time:34653ms step_avg:78.94ms
step:440/4740 train_time:34813ms step_avg:79.12ms
step:441/4740 train_time:34915ms step_avg:79.17ms
step:442/4740 train_time:35074ms step_avg:79.35ms
step:443/4740 train_time:35178ms step_avg:79.41ms
step:444/4740 train_time:35337ms step_avg:79.59ms
step:445/4740 train_time:35439ms step_avg:79.64ms
step:446/4740 train_time:35598ms step_avg:79.82ms
step:447/4740 train_time:35700ms step_avg:79.87ms
step:448/4740 train_time:35858ms step_avg:80.04ms
step:449/4740 train_time:35960ms step_avg:80.09ms
step:450/4740 train_time:36120ms step_avg:80.27ms
step:451/4740 train_time:36223ms step_avg:80.32ms
step:452/4740 train_time:36383ms step_avg:80.49ms
step:453/4740 train_time:36484ms step_avg:80.54ms
step:454/4740 train_time:36642ms step_avg:80.71ms
step:455/4740 train_time:36745ms step_avg:80.76ms
step:456/4740 train_time:36905ms step_avg:80.93ms
step:457/4740 train_time:37006ms step_avg:80.98ms
step:458/4740 train_time:37165ms step_avg:81.15ms
step:459/4740 train_time:37266ms step_avg:81.19ms
step:460/4740 train_time:37426ms step_avg:81.36ms
step:461/4740 train_time:37528ms step_avg:81.41ms
step:462/4740 train_time:37687ms step_avg:81.57ms
step:463/4740 train_time:37788ms step_avg:81.61ms
step:464/4740 train_time:37946ms step_avg:81.78ms
step:465/4740 train_time:38047ms step_avg:81.82ms
step:466/4740 train_time:38207ms step_avg:81.99ms
step:467/4740 train_time:38307ms step_avg:82.03ms
step:468/4740 train_time:38468ms step_avg:82.20ms
step:469/4740 train_time:38569ms step_avg:82.24ms
step:470/4740 train_time:38730ms step_avg:82.40ms
step:471/4740 train_time:38830ms step_avg:82.44ms
step:472/4740 train_time:38991ms step_avg:82.61ms
step:473/4740 train_time:39091ms step_avg:82.65ms
step:474/4740 train_time:39253ms step_avg:82.81ms
step:475/4740 train_time:39354ms step_avg:82.85ms
step:476/4740 train_time:39514ms step_avg:83.01ms
step:477/4740 train_time:39614ms step_avg:83.05ms
step:478/4740 train_time:39773ms step_avg:83.21ms
step:479/4740 train_time:39875ms step_avg:83.25ms
step:480/4740 train_time:40035ms step_avg:83.41ms
step:481/4740 train_time:40137ms step_avg:83.45ms
step:482/4740 train_time:40296ms step_avg:83.60ms
step:483/4740 train_time:40396ms step_avg:83.64ms
step:484/4740 train_time:40556ms step_avg:83.79ms
step:485/4740 train_time:40657ms step_avg:83.83ms
step:486/4740 train_time:40815ms step_avg:83.98ms
step:487/4740 train_time:40916ms step_avg:84.02ms
step:488/4740 train_time:41075ms step_avg:84.17ms
step:489/4740 train_time:41177ms step_avg:84.21ms
step:490/4740 train_time:41336ms step_avg:84.36ms
step:491/4740 train_time:41438ms step_avg:84.40ms
step:492/4740 train_time:41597ms step_avg:84.55ms
step:493/4740 train_time:41699ms step_avg:84.58ms
step:494/4740 train_time:41857ms step_avg:84.73ms
step:495/4740 train_time:41959ms step_avg:84.76ms
step:496/4740 train_time:42117ms step_avg:84.91ms
step:497/4740 train_time:42220ms step_avg:84.95ms
step:498/4740 train_time:42379ms step_avg:85.10ms
step:499/4740 train_time:42481ms step_avg:85.13ms
step:500/4740 train_time:42639ms step_avg:85.28ms
step:500/4740 val_loss:4.0165 train_time:42715ms step_avg:85.43ms
step:501/4740 train_time:42744ms step_avg:85.32ms
step:502/4740 train_time:42903ms step_avg:85.46ms
step:503/4740 train_time:43008ms step_avg:85.50ms
step:504/4740 train_time:43172ms step_avg:85.66ms
step:505/4740 train_time:43275ms step_avg:85.69ms
step:506/4740 train_time:43433ms step_avg:85.84ms
step:507/4740 train_time:43533ms step_avg:85.86ms
step:508/4740 train_time:43695ms step_avg:86.01ms
step:509/4740 train_time:43798ms step_avg:86.05ms
step:510/4740 train_time:43956ms step_avg:86.19ms
step:511/4740 train_time:44060ms step_avg:86.22ms
step:512/4740 train_time:44221ms step_avg:86.37ms
step:513/4740 train_time:44321ms step_avg:86.40ms
step:514/4740 train_time:44478ms step_avg:86.53ms
step:515/4740 train_time:44580ms step_avg:86.56ms
step:516/4740 train_time:44739ms step_avg:86.70ms
step:517/4740 train_time:44841ms step_avg:86.73ms
step:518/4740 train_time:45000ms step_avg:86.87ms
step:519/4740 train_time:45102ms step_avg:86.90ms
step:520/4740 train_time:45264ms step_avg:87.05ms
step:521/4740 train_time:45363ms step_avg:87.07ms
step:522/4740 train_time:45523ms step_avg:87.21ms
step:523/4740 train_time:45622ms step_avg:87.23ms
step:524/4740 train_time:45783ms step_avg:87.37ms
step:525/4740 train_time:45883ms step_avg:87.40ms
step:526/4740 train_time:46043ms step_avg:87.53ms
step:527/4740 train_time:46142ms step_avg:87.56ms
step:528/4740 train_time:46302ms step_avg:87.69ms
step:529/4740 train_time:46403ms step_avg:87.72ms
step:530/4740 train_time:46563ms step_avg:87.86ms
step:531/4740 train_time:46664ms step_avg:87.88ms
step:532/4740 train_time:46824ms step_avg:88.01ms
step:533/4740 train_time:46925ms step_avg:88.04ms
step:534/4740 train_time:47085ms step_avg:88.17ms
step:535/4740 train_time:47185ms step_avg:88.20ms
step:536/4740 train_time:47345ms step_avg:88.33ms
step:537/4740 train_time:47445ms step_avg:88.35ms
step:538/4740 train_time:47606ms step_avg:88.49ms
step:539/4740 train_time:47706ms step_avg:88.51ms
step:540/4740 train_time:47865ms step_avg:88.64ms
step:541/4740 train_time:47968ms step_avg:88.66ms
step:542/4740 train_time:48127ms step_avg:88.79ms
step:543/4740 train_time:48228ms step_avg:88.82ms
step:544/4740 train_time:48388ms step_avg:88.95ms
step:545/4740 train_time:48489ms step_avg:88.97ms
step:546/4740 train_time:48648ms step_avg:89.10ms
step:547/4740 train_time:48750ms step_avg:89.12ms
step:548/4740 train_time:48908ms step_avg:89.25ms
step:549/4740 train_time:49009ms step_avg:89.27ms
step:550/4740 train_time:49167ms step_avg:89.40ms
step:551/4740 train_time:49270ms step_avg:89.42ms
step:552/4740 train_time:49429ms step_avg:89.54ms
step:553/4740 train_time:49529ms step_avg:89.56ms
step:554/4740 train_time:49688ms step_avg:89.69ms
step:555/4740 train_time:49789ms step_avg:89.71ms
step:556/4740 train_time:49948ms step_avg:89.83ms
step:557/4740 train_time:50049ms step_avg:89.85ms
step:558/4740 train_time:50208ms step_avg:89.98ms
step:559/4740 train_time:50311ms step_avg:90.00ms
step:560/4740 train_time:50470ms step_avg:90.12ms
step:561/4740 train_time:50572ms step_avg:90.15ms
step:562/4740 train_time:50731ms step_avg:90.27ms
step:563/4740 train_time:50833ms step_avg:90.29ms
step:564/4740 train_time:50992ms step_avg:90.41ms
step:565/4740 train_time:51094ms step_avg:90.43ms
step:566/4740 train_time:51252ms step_avg:90.55ms
step:567/4740 train_time:51356ms step_avg:90.57ms
step:568/4740 train_time:51516ms step_avg:90.70ms
step:569/4740 train_time:51618ms step_avg:90.72ms
step:570/4740 train_time:51777ms step_avg:90.84ms
step:571/4740 train_time:51878ms step_avg:90.86ms
step:572/4740 train_time:52038ms step_avg:90.98ms
step:573/4740 train_time:52139ms step_avg:90.99ms
step:574/4740 train_time:52298ms step_avg:91.11ms
step:575/4740 train_time:52399ms step_avg:91.13ms
step:576/4740 train_time:52559ms step_avg:91.25ms
step:577/4740 train_time:52662ms step_avg:91.27ms
step:578/4740 train_time:52821ms step_avg:91.39ms
step:579/4740 train_time:52922ms step_avg:91.40ms
step:580/4740 train_time:53080ms step_avg:91.52ms
step:581/4740 train_time:53180ms step_avg:91.53ms
step:582/4740 train_time:53340ms step_avg:91.65ms
step:583/4740 train_time:53441ms step_avg:91.66ms
step:584/4740 train_time:53600ms step_avg:91.78ms
step:585/4740 train_time:53700ms step_avg:91.80ms
step:586/4740 train_time:53859ms step_avg:91.91ms
step:587/4740 train_time:53960ms step_avg:91.92ms
step:588/4740 train_time:54118ms step_avg:92.04ms
step:589/4740 train_time:54220ms step_avg:92.05ms
step:590/4740 train_time:54379ms step_avg:92.17ms
step:591/4740 train_time:54480ms step_avg:92.18ms
step:592/4740 train_time:54639ms step_avg:92.30ms
step:593/4740 train_time:54740ms step_avg:92.31ms
step:594/4740 train_time:54899ms step_avg:92.42ms
step:595/4740 train_time:55000ms step_avg:92.44ms
step:596/4740 train_time:55159ms step_avg:92.55ms
step:597/4740 train_time:55261ms step_avg:92.56ms
step:598/4740 train_time:55419ms step_avg:92.67ms
step:599/4740 train_time:55520ms step_avg:92.69ms
step:600/4740 train_time:55678ms step_avg:92.80ms
step:601/4740 train_time:55780ms step_avg:92.81ms
step:602/4740 train_time:55940ms step_avg:92.92ms
step:603/4740 train_time:56041ms step_avg:92.94ms
step:604/4740 train_time:56199ms step_avg:93.05ms
step:605/4740 train_time:56300ms step_avg:93.06ms
step:606/4740 train_time:56458ms step_avg:93.17ms
step:607/4740 train_time:56560ms step_avg:93.18ms
step:608/4740 train_time:56720ms step_avg:93.29ms
step:609/4740 train_time:56820ms step_avg:93.30ms
step:610/4740 train_time:56980ms step_avg:93.41ms
step:611/4740 train_time:57080ms step_avg:93.42ms
step:612/4740 train_time:57239ms step_avg:93.53ms
step:613/4740 train_time:57341ms step_avg:93.54ms
step:614/4740 train_time:57499ms step_avg:93.65ms
step:615/4740 train_time:57601ms step_avg:93.66ms
step:616/4740 train_time:57761ms step_avg:93.77ms
step:617/4740 train_time:57862ms step_avg:93.78ms
step:618/4740 train_time:58020ms step_avg:93.88ms
step:619/4740 train_time:58122ms step_avg:93.90ms
step:620/4740 train_time:58280ms step_avg:94.00ms
step:621/4740 train_time:58381ms step_avg:94.01ms
step:622/4740 train_time:58539ms step_avg:94.11ms
step:623/4740 train_time:58640ms step_avg:94.13ms
step:624/4740 train_time:58800ms step_avg:94.23ms
step:625/4740 train_time:58901ms step_avg:94.24ms
step:626/4740 train_time:59060ms step_avg:94.34ms
step:627/4740 train_time:59161ms step_avg:94.36ms
step:628/4740 train_time:59320ms step_avg:94.46ms
step:629/4740 train_time:59420ms step_avg:94.47ms
step:630/4740 train_time:59580ms step_avg:94.57ms
step:631/4740 train_time:59681ms step_avg:94.58ms
step:632/4740 train_time:59842ms step_avg:94.69ms
step:633/4740 train_time:59943ms step_avg:94.70ms
step:634/4740 train_time:60104ms step_avg:94.80ms
step:635/4740 train_time:60203ms step_avg:94.81ms
step:636/4740 train_time:60362ms step_avg:94.91ms
step:637/4740 train_time:60462ms step_avg:94.92ms
step:638/4740 train_time:60624ms step_avg:95.02ms
step:639/4740 train_time:60724ms step_avg:95.03ms
step:640/4740 train_time:60885ms step_avg:95.13ms
step:641/4740 train_time:60985ms step_avg:95.14ms
step:642/4740 train_time:61144ms step_avg:95.24ms
step:643/4740 train_time:61245ms step_avg:95.25ms
step:644/4740 train_time:61405ms step_avg:95.35ms
step:645/4740 train_time:61505ms step_avg:95.36ms
step:646/4740 train_time:61665ms step_avg:95.46ms
step:647/4740 train_time:61765ms step_avg:95.46ms
step:648/4740 train_time:61925ms step_avg:95.56ms
step:649/4740 train_time:62025ms step_avg:95.57ms
step:650/4740 train_time:62185ms step_avg:95.67ms
step:651/4740 train_time:62285ms step_avg:95.68ms
step:652/4740 train_time:62445ms step_avg:95.77ms
step:653/4740 train_time:62545ms step_avg:95.78ms
step:654/4740 train_time:62705ms step_avg:95.88ms
step:655/4740 train_time:62808ms step_avg:95.89ms
step:656/4740 train_time:62967ms step_avg:95.99ms
step:657/4740 train_time:63069ms step_avg:95.99ms
step:658/4740 train_time:63228ms step_avg:96.09ms
step:659/4740 train_time:63328ms step_avg:96.10ms
step:660/4740 train_time:63487ms step_avg:96.19ms
step:661/4740 train_time:63589ms step_avg:96.20ms
step:662/4740 train_time:63747ms step_avg:96.30ms
step:663/4740 train_time:63849ms step_avg:96.30ms
step:664/4740 train_time:64009ms step_avg:96.40ms
step:665/4740 train_time:64110ms step_avg:96.41ms
step:666/4740 train_time:64269ms step_avg:96.50ms
step:667/4740 train_time:64370ms step_avg:96.51ms
step:668/4740 train_time:64530ms step_avg:96.60ms
step:669/4740 train_time:64631ms step_avg:96.61ms
step:670/4740 train_time:64790ms step_avg:96.70ms
step:671/4740 train_time:64893ms step_avg:96.71ms
step:672/4740 train_time:65052ms step_avg:96.80ms
step:673/4740 train_time:65154ms step_avg:96.81ms
step:674/4740 train_time:65314ms step_avg:96.90ms
step:675/4740 train_time:65416ms step_avg:96.91ms
step:676/4740 train_time:65575ms step_avg:97.00ms
step:677/4740 train_time:65677ms step_avg:97.01ms
step:678/4740 train_time:65836ms step_avg:97.10ms
step:679/4740 train_time:65938ms step_avg:97.11ms
step:680/4740 train_time:66097ms step_avg:97.20ms
step:681/4740 train_time:66199ms step_avg:97.21ms
step:682/4740 train_time:66357ms step_avg:97.30ms
step:683/4740 train_time:66459ms step_avg:97.30ms
step:684/4740 train_time:66619ms step_avg:97.40ms
step:685/4740 train_time:66720ms step_avg:97.40ms
step:686/4740 train_time:66881ms step_avg:97.49ms
step:687/4740 train_time:66981ms step_avg:97.50ms
step:688/4740 train_time:67139ms step_avg:97.59ms
step:689/4740 train_time:67241ms step_avg:97.59ms
step:690/4740 train_time:67401ms step_avg:97.68ms
step:691/4740 train_time:67502ms step_avg:97.69ms
step:692/4740 train_time:67661ms step_avg:97.78ms
step:693/4740 train_time:67762ms step_avg:97.78ms
step:694/4740 train_time:67921ms step_avg:97.87ms
step:695/4740 train_time:68022ms step_avg:97.87ms
step:696/4740 train_time:68182ms step_avg:97.96ms
step:697/4740 train_time:68283ms step_avg:97.97ms
step:698/4740 train_time:68442ms step_avg:98.05ms
step:699/4740 train_time:68542ms step_avg:98.06ms
step:700/4740 train_time:68702ms step_avg:98.15ms
step:701/4740 train_time:68802ms step_avg:98.15ms
step:702/4740 train_time:68961ms step_avg:98.24ms
step:703/4740 train_time:69061ms step_avg:98.24ms
step:704/4740 train_time:69221ms step_avg:98.33ms
step:705/4740 train_time:69322ms step_avg:98.33ms
step:706/4740 train_time:69481ms step_avg:98.41ms
step:707/4740 train_time:69581ms step_avg:98.42ms
step:708/4740 train_time:69740ms step_avg:98.50ms
step:709/4740 train_time:69841ms step_avg:98.51ms
step:710/4740 train_time:70000ms step_avg:98.59ms
step:711/4740 train_time:70102ms step_avg:98.60ms
step:712/4740 train_time:70262ms step_avg:98.68ms
step:713/4740 train_time:70362ms step_avg:98.68ms
step:714/4740 train_time:70522ms step_avg:98.77ms
step:715/4740 train_time:70622ms step_avg:98.77ms
step:716/4740 train_time:70783ms step_avg:98.86ms
step:717/4740 train_time:70882ms step_avg:98.86ms
step:718/4740 train_time:71042ms step_avg:98.94ms
step:719/4740 train_time:71143ms step_avg:98.95ms
step:720/4740 train_time:71301ms step_avg:99.03ms
step:721/4740 train_time:71402ms step_avg:99.03ms
step:722/4740 train_time:71561ms step_avg:99.12ms
step:723/4740 train_time:71663ms step_avg:99.12ms
step:724/4740 train_time:71823ms step_avg:99.20ms
step:725/4740 train_time:71924ms step_avg:99.20ms
step:726/4740 train_time:72086ms step_avg:99.29ms
step:727/4740 train_time:72185ms step_avg:99.29ms
step:728/4740 train_time:72345ms step_avg:99.37ms
step:729/4740 train_time:72445ms step_avg:99.38ms
step:730/4740 train_time:72606ms step_avg:99.46ms
step:731/4740 train_time:72707ms step_avg:99.46ms
step:732/4740 train_time:72866ms step_avg:99.54ms
step:733/4740 train_time:72969ms step_avg:99.55ms
step:734/4740 train_time:73127ms step_avg:99.63ms
step:735/4740 train_time:73228ms step_avg:99.63ms
step:736/4740 train_time:73388ms step_avg:99.71ms
step:737/4740 train_time:73490ms step_avg:99.71ms
step:738/4740 train_time:73649ms step_avg:99.80ms
step:739/4740 train_time:73750ms step_avg:99.80ms
step:740/4740 train_time:73908ms step_avg:99.88ms
step:741/4740 train_time:74009ms step_avg:99.88ms
step:742/4740 train_time:74167ms step_avg:99.96ms
step:743/4740 train_time:74270ms step_avg:99.96ms
step:744/4740 train_time:74429ms step_avg:100.04ms
step:745/4740 train_time:74530ms step_avg:100.04ms
step:746/4740 train_time:74690ms step_avg:100.12ms
step:747/4740 train_time:74791ms step_avg:100.12ms
step:748/4740 train_time:74950ms step_avg:100.20ms
step:749/4740 train_time:75051ms step_avg:100.20ms
step:750/4740 train_time:75209ms step_avg:100.28ms
step:750/4740 val_loss:3.6300 train_time:75283ms step_avg:100.38ms
step:751/4740 train_time:75312ms step_avg:100.28ms
step:752/4740 train_time:75470ms step_avg:100.36ms
step:753/4740 train_time:75574ms step_avg:100.36ms
step:754/4740 train_time:75739ms step_avg:100.45ms
step:755/4740 train_time:75842ms step_avg:100.45ms
step:756/4740 train_time:75999ms step_avg:100.53ms
step:757/4740 train_time:76099ms step_avg:100.53ms
step:758/4740 train_time:76261ms step_avg:100.61ms
step:759/4740 train_time:76363ms step_avg:100.61ms
step:760/4740 train_time:76523ms step_avg:100.69ms
step:761/4740 train_time:76629ms step_avg:100.70ms
step:762/4740 train_time:76790ms step_avg:100.77ms
step:763/4740 train_time:76892ms step_avg:100.78ms
step:764/4740 train_time:77050ms step_avg:100.85ms
step:765/4740 train_time:77150ms step_avg:100.85ms
step:766/4740 train_time:77310ms step_avg:100.93ms
step:767/4740 train_time:77411ms step_avg:100.93ms
step:768/4740 train_time:77571ms step_avg:101.00ms
step:769/4740 train_time:77673ms step_avg:101.01ms
step:770/4740 train_time:77836ms step_avg:101.09ms
step:771/4740 train_time:77936ms step_avg:101.08ms
step:772/4740 train_time:78094ms step_avg:101.16ms
step:773/4740 train_time:78195ms step_avg:101.16ms
step:774/4740 train_time:78355ms step_avg:101.23ms
step:775/4740 train_time:78455ms step_avg:101.23ms
step:776/4740 train_time:78616ms step_avg:101.31ms
step:777/4740 train_time:78718ms step_avg:101.31ms
step:778/4740 train_time:78877ms step_avg:101.38ms
step:779/4740 train_time:78979ms step_avg:101.38ms
step:780/4740 train_time:79137ms step_avg:101.46ms
step:781/4740 train_time:79238ms step_avg:101.46ms
step:782/4740 train_time:79397ms step_avg:101.53ms
step:783/4740 train_time:79498ms step_avg:101.53ms
step:784/4740 train_time:79658ms step_avg:101.60ms
step:785/4740 train_time:79772ms step_avg:101.62ms
step:786/4740 train_time:80008ms step_avg:101.79ms
step:787/4740 train_time:80156ms step_avg:101.85ms
step:788/4740 train_time:80397ms step_avg:102.03ms
step:789/4740 train_time:80539ms step_avg:102.08ms
step:790/4740 train_time:80785ms step_avg:102.26ms
step:791/4740 train_time:80927ms step_avg:102.31ms
step:792/4740 train_time:81169ms step_avg:102.49ms
step:793/4740 train_time:81305ms step_avg:102.53ms
step:794/4740 train_time:81548ms step_avg:102.71ms
step:795/4740 train_time:81689ms step_avg:102.75ms
step:796/4740 train_time:81934ms step_avg:102.93ms
step:797/4740 train_time:82075ms step_avg:102.98ms
step:798/4740 train_time:82318ms step_avg:103.15ms
step:799/4740 train_time:82458ms step_avg:103.20ms
step:800/4740 train_time:82700ms step_avg:103.38ms
step:801/4740 train_time:82842ms step_avg:103.42ms
step:802/4740 train_time:83086ms step_avg:103.60ms
step:803/4740 train_time:83227ms step_avg:103.64ms
step:804/4740 train_time:83471ms step_avg:103.82ms
step:805/4740 train_time:83611ms step_avg:103.86ms
step:806/4740 train_time:83855ms step_avg:104.04ms
step:807/4740 train_time:83998ms step_avg:104.09ms
step:808/4740 train_time:84242ms step_avg:104.26ms
step:809/4740 train_time:84381ms step_avg:104.30ms
step:810/4740 train_time:84628ms step_avg:104.48ms
step:811/4740 train_time:84766ms step_avg:104.52ms
step:812/4740 train_time:85010ms step_avg:104.69ms
step:813/4740 train_time:85150ms step_avg:104.74ms
step:814/4740 train_time:85392ms step_avg:104.90ms
step:815/4740 train_time:85531ms step_avg:104.95ms
step:816/4740 train_time:85775ms step_avg:105.12ms
step:817/4740 train_time:85915ms step_avg:105.16ms
step:818/4740 train_time:86160ms step_avg:105.33ms
step:819/4740 train_time:86302ms step_avg:105.38ms
step:820/4740 train_time:86546ms step_avg:105.54ms
step:821/4740 train_time:86685ms step_avg:105.58ms
step:822/4740 train_time:86931ms step_avg:105.76ms
step:823/4740 train_time:87070ms step_avg:105.80ms
step:824/4740 train_time:87315ms step_avg:105.96ms
step:825/4740 train_time:87452ms step_avg:106.00ms
step:826/4740 train_time:87696ms step_avg:106.17ms
step:827/4740 train_time:87836ms step_avg:106.21ms
step:828/4740 train_time:88082ms step_avg:106.38ms
step:829/4740 train_time:88222ms step_avg:106.42ms
step:830/4740 train_time:88467ms step_avg:106.59ms
step:831/4740 train_time:88604ms step_avg:106.62ms
step:832/4740 train_time:88849ms step_avg:106.79ms
step:833/4740 train_time:88984ms step_avg:106.82ms
step:834/4740 train_time:89226ms step_avg:106.99ms
step:835/4740 train_time:89370ms step_avg:107.03ms
step:836/4740 train_time:89612ms step_avg:107.19ms
step:837/4740 train_time:89748ms step_avg:107.23ms
step:838/4740 train_time:89991ms step_avg:107.39ms
step:839/4740 train_time:90130ms step_avg:107.43ms
step:840/4740 train_time:90373ms step_avg:107.59ms
step:841/4740 train_time:90514ms step_avg:107.63ms
step:842/4740 train_time:90758ms step_avg:107.79ms
step:843/4740 train_time:90897ms step_avg:107.83ms
step:844/4740 train_time:91141ms step_avg:107.99ms
step:845/4740 train_time:91280ms step_avg:108.02ms
step:846/4740 train_time:91528ms step_avg:108.19ms
step:847/4740 train_time:91664ms step_avg:108.22ms
step:848/4740 train_time:91908ms step_avg:108.38ms
step:849/4740 train_time:92045ms step_avg:108.42ms
step:850/4740 train_time:92288ms step_avg:108.57ms
step:851/4740 train_time:92429ms step_avg:108.61ms
step:852/4740 train_time:92674ms step_avg:108.77ms
step:853/4740 train_time:92812ms step_avg:108.81ms
step:854/4740 train_time:93054ms step_avg:108.96ms
step:855/4740 train_time:93193ms step_avg:109.00ms
step:856/4740 train_time:93435ms step_avg:109.15ms
step:857/4740 train_time:93576ms step_avg:109.19ms
step:858/4740 train_time:93819ms step_avg:109.35ms
step:859/4740 train_time:93960ms step_avg:109.38ms
step:860/4740 train_time:94206ms step_avg:109.54ms
step:861/4740 train_time:94343ms step_avg:109.57ms
step:862/4740 train_time:94590ms step_avg:109.73ms
step:863/4740 train_time:94725ms step_avg:109.76ms
step:864/4740 train_time:94967ms step_avg:109.92ms
step:865/4740 train_time:95107ms step_avg:109.95ms
step:866/4740 train_time:95352ms step_avg:110.11ms
step:867/4740 train_time:95490ms step_avg:110.14ms
step:868/4740 train_time:95734ms step_avg:110.29ms
step:869/4740 train_time:95876ms step_avg:110.33ms
step:870/4740 train_time:96119ms step_avg:110.48ms
step:871/4740 train_time:96258ms step_avg:110.51ms
step:872/4740 train_time:96501ms step_avg:110.67ms
step:873/4740 train_time:96642ms step_avg:110.70ms
step:874/4740 train_time:96886ms step_avg:110.85ms
step:875/4740 train_time:97025ms step_avg:110.89ms
step:876/4740 train_time:97268ms step_avg:111.04ms
step:877/4740 train_time:97409ms step_avg:111.07ms
step:878/4740 train_time:97649ms step_avg:111.22ms
step:879/4740 train_time:97788ms step_avg:111.25ms
step:880/4740 train_time:98030ms step_avg:111.40ms
step:881/4740 train_time:98167ms step_avg:111.43ms
step:882/4740 train_time:98410ms step_avg:111.58ms
step:883/4740 train_time:98549ms step_avg:111.61ms
step:884/4740 train_time:98791ms step_avg:111.75ms
step:885/4740 train_time:98928ms step_avg:111.78ms
step:886/4740 train_time:99172ms step_avg:111.93ms
step:887/4740 train_time:99312ms step_avg:111.96ms
step:888/4740 train_time:99554ms step_avg:112.11ms
step:889/4740 train_time:99693ms step_avg:112.14ms
step:890/4740 train_time:99934ms step_avg:112.29ms
step:891/4740 train_time:100076ms step_avg:112.32ms
step:892/4740 train_time:100319ms step_avg:112.47ms
step:893/4740 train_time:100459ms step_avg:112.50ms
step:894/4740 train_time:100702ms step_avg:112.64ms
step:895/4740 train_time:100844ms step_avg:112.67ms
step:896/4740 train_time:101088ms step_avg:112.82ms
step:897/4740 train_time:101225ms step_avg:112.85ms
step:898/4740 train_time:101471ms step_avg:113.00ms
step:899/4740 train_time:101607ms step_avg:113.02ms
step:900/4740 train_time:101851ms step_avg:113.17ms
step:901/4740 train_time:101989ms step_avg:113.20ms
step:902/4740 train_time:102232ms step_avg:113.34ms
step:903/4740 train_time:102370ms step_avg:113.37ms
step:904/4740 train_time:102613ms step_avg:113.51ms
step:905/4740 train_time:102753ms step_avg:113.54ms
step:906/4740 train_time:102996ms step_avg:113.68ms
step:907/4740 train_time:103136ms step_avg:113.71ms
step:908/4740 train_time:103379ms step_avg:113.85ms
step:909/4740 train_time:103519ms step_avg:113.88ms
step:910/4740 train_time:103765ms step_avg:114.03ms
step:911/4740 train_time:103901ms step_avg:114.05ms
step:912/4740 train_time:104144ms step_avg:114.19ms
step:913/4740 train_time:104284ms step_avg:114.22ms
step:914/4740 train_time:104528ms step_avg:114.36ms
step:915/4740 train_time:104667ms step_avg:114.39ms
step:916/4740 train_time:104910ms step_avg:114.53ms
step:917/4740 train_time:105048ms step_avg:114.56ms
step:918/4740 train_time:105288ms step_avg:114.69ms
step:919/4740 train_time:105429ms step_avg:114.72ms
step:920/4740 train_time:105670ms step_avg:114.86ms
step:921/4740 train_time:105810ms step_avg:114.89ms
step:922/4740 train_time:106051ms step_avg:115.02ms
step:923/4740 train_time:106188ms step_avg:115.05ms
step:924/4740 train_time:106432ms step_avg:115.19ms
step:925/4740 train_time:106572ms step_avg:115.21ms
step:926/4740 train_time:106814ms step_avg:115.35ms
step:927/4740 train_time:106956ms step_avg:115.38ms
step:928/4740 train_time:107197ms step_avg:115.51ms
step:929/4740 train_time:107338ms step_avg:115.54ms
step:930/4740 train_time:107584ms step_avg:115.68ms
step:931/4740 train_time:107722ms step_avg:115.71ms
step:932/4740 train_time:107969ms step_avg:115.85ms
step:933/4740 train_time:108107ms step_avg:115.87ms
step:934/4740 train_time:108350ms step_avg:116.01ms
step:935/4740 train_time:108488ms step_avg:116.03ms
step:936/4740 train_time:108730ms step_avg:116.16ms
step:937/4740 train_time:108871ms step_avg:116.19ms
step:938/4740 train_time:109114ms step_avg:116.33ms
step:939/4740 train_time:109254ms step_avg:116.35ms
step:940/4740 train_time:109498ms step_avg:116.49ms
step:941/4740 train_time:109639ms step_avg:116.51ms
step:942/4740 train_time:109888ms step_avg:116.65ms
step:943/4740 train_time:110026ms step_avg:116.68ms
step:944/4740 train_time:110269ms step_avg:116.81ms
step:945/4740 train_time:110409ms step_avg:116.84ms
step:946/4740 train_time:110651ms step_avg:116.97ms
step:947/4740 train_time:110789ms step_avg:116.99ms
step:948/4740 train_time:111031ms step_avg:117.12ms
step:949/4740 train_time:111171ms step_avg:117.15ms
step:950/4740 train_time:111414ms step_avg:117.28ms
step:951/4740 train_time:111554ms step_avg:117.30ms
step:952/4740 train_time:111799ms step_avg:117.44ms
step:953/4740 train_time:111938ms step_avg:117.46ms
step:954/4740 train_time:112186ms step_avg:117.60ms
step:955/4740 train_time:112330ms step_avg:117.62ms
step:956/4740 train_time:112568ms step_avg:117.75ms
step:957/4740 train_time:112706ms step_avg:117.77ms
step:958/4740 train_time:112949ms step_avg:117.90ms
step:959/4740 train_time:113088ms step_avg:117.92ms
step:960/4740 train_time:113330ms step_avg:118.05ms
step:961/4740 train_time:113469ms step_avg:118.07ms
step:962/4740 train_time:113711ms step_avg:118.20ms
step:963/4740 train_time:113850ms step_avg:118.22ms
step:964/4740 train_time:114094ms step_avg:118.36ms
step:965/4740 train_time:114234ms step_avg:118.38ms
step:966/4740 train_time:114477ms step_avg:118.51ms
step:967/4740 train_time:114620ms step_avg:118.53ms
step:968/4740 train_time:114864ms step_avg:118.66ms
step:969/4740 train_time:115001ms step_avg:118.68ms
step:970/4740 train_time:115245ms step_avg:118.81ms
step:971/4740 train_time:115382ms step_avg:118.83ms
step:972/4740 train_time:115627ms step_avg:118.96ms
step:973/4740 train_time:115766ms step_avg:118.98ms
step:974/4740 train_time:116009ms step_avg:119.11ms
step:975/4740 train_time:116148ms step_avg:119.13ms
step:976/4740 train_time:116393ms step_avg:119.25ms
step:977/4740 train_time:116529ms step_avg:119.27ms
step:978/4740 train_time:116774ms step_avg:119.40ms
step:979/4740 train_time:116916ms step_avg:119.42ms
step:980/4740 train_time:117157ms step_avg:119.55ms
step:981/4740 train_time:117297ms step_avg:119.57ms
step:982/4740 train_time:117541ms step_avg:119.70ms
step:983/4740 train_time:117680ms step_avg:119.72ms
step:984/4740 train_time:117926ms step_avg:119.84ms
step:985/4740 train_time:118064ms step_avg:119.86ms
step:986/4740 train_time:118308ms step_avg:119.99ms
step:987/4740 train_time:118445ms step_avg:120.01ms
step:988/4740 train_time:118688ms step_avg:120.13ms
step:989/4740 train_time:118827ms step_avg:120.15ms
step:990/4740 train_time:119069ms step_avg:120.27ms
step:991/4740 train_time:119209ms step_avg:120.29ms
step:992/4740 train_time:119451ms step_avg:120.41ms
step:993/4740 train_time:119588ms step_avg:120.43ms
step:994/4740 train_time:119832ms step_avg:120.56ms
step:995/4740 train_time:119973ms step_avg:120.58ms
step:996/4740 train_time:120216ms step_avg:120.70ms
step:997/4740 train_time:120357ms step_avg:120.72ms
step:998/4740 train_time:120598ms step_avg:120.84ms
step:999/4740 train_time:120738ms step_avg:120.86ms
step:1000/4740 train_time:120986ms step_avg:120.99ms
step:1000/4740 val_loss:3.4574 train_time:121087ms step_avg:121.09ms
step:1001/4740 train_time:121129ms step_avg:121.01ms
step:1002/4740 train_time:121374ms step_avg:121.13ms
step:1003/4740 train_time:121520ms step_avg:121.16ms
step:1004/4740 train_time:121761ms step_avg:121.28ms
step:1005/4740 train_time:121896ms step_avg:121.29ms
step:1006/4740 train_time:122142ms step_avg:121.41ms
step:1007/4740 train_time:122278ms step_avg:121.43ms
step:1008/4740 train_time:122523ms step_avg:121.55ms
step:1009/4740 train_time:122666ms step_avg:121.57ms
step:1010/4740 train_time:122905ms step_avg:121.69ms
step:1011/4740 train_time:123046ms step_avg:121.71ms
step:1012/4740 train_time:123289ms step_avg:121.83ms
step:1013/4740 train_time:123429ms step_avg:121.85ms
step:1014/4740 train_time:123679ms step_avg:121.97ms
step:1015/4740 train_time:123817ms step_avg:121.99ms
step:1016/4740 train_time:124057ms step_avg:122.10ms
step:1017/4740 train_time:124196ms step_avg:122.12ms
step:1018/4740 train_time:124439ms step_avg:122.24ms
step:1019/4740 train_time:124584ms step_avg:122.26ms
step:1020/4740 train_time:124825ms step_avg:122.38ms
step:1021/4740 train_time:124966ms step_avg:122.40ms
step:1022/4740 train_time:125210ms step_avg:122.52ms
step:1023/4740 train_time:125349ms step_avg:122.53ms
step:1024/4740 train_time:125596ms step_avg:122.65ms
step:1025/4740 train_time:125734ms step_avg:122.67ms
step:1026/4740 train_time:125976ms step_avg:122.78ms
step:1027/4740 train_time:126113ms step_avg:122.80ms
step:1028/4740 train_time:126356ms step_avg:122.91ms
step:1029/4740 train_time:126497ms step_avg:122.93ms
step:1030/4740 train_time:126741ms step_avg:123.05ms
step:1031/4740 train_time:126877ms step_avg:123.06ms
step:1032/4740 train_time:127118ms step_avg:123.18ms
step:1033/4740 train_time:127261ms step_avg:123.20ms
step:1034/4740 train_time:127506ms step_avg:123.31ms
step:1035/4740 train_time:127649ms step_avg:123.33ms
step:1036/4740 train_time:127894ms step_avg:123.45ms
step:1037/4740 train_time:128034ms step_avg:123.47ms
step:1038/4740 train_time:128276ms step_avg:123.58ms
step:1039/4740 train_time:128417ms step_avg:123.60ms
step:1040/4740 train_time:128660ms step_avg:123.71ms
step:1041/4740 train_time:128797ms step_avg:123.72ms
step:1042/4740 train_time:129038ms step_avg:123.84ms
step:1043/4740 train_time:129178ms step_avg:123.85ms
step:1044/4740 train_time:129417ms step_avg:123.96ms
step:1045/4740 train_time:129558ms step_avg:123.98ms
step:1046/4740 train_time:129801ms step_avg:124.09ms
step:1047/4740 train_time:129943ms step_avg:124.11ms
step:1048/4740 train_time:130184ms step_avg:124.22ms
step:1049/4740 train_time:130322ms step_avg:124.23ms
step:1050/4740 train_time:130563ms step_avg:124.35ms
step:1051/4740 train_time:130704ms step_avg:124.36ms
step:1052/4740 train_time:130945ms step_avg:124.47ms
step:1053/4740 train_time:131088ms step_avg:124.49ms
step:1054/4740 train_time:131331ms step_avg:124.60ms
step:1055/4740 train_time:131473ms step_avg:124.62ms
step:1056/4740 train_time:131717ms step_avg:124.73ms
step:1057/4740 train_time:131855ms step_avg:124.74ms
step:1058/4740 train_time:132100ms step_avg:124.86ms
step:1059/4740 train_time:132236ms step_avg:124.87ms
step:1060/4740 train_time:132483ms step_avg:124.98ms
step:1061/4740 train_time:132621ms step_avg:125.00ms
step:1062/4740 train_time:132865ms step_avg:125.11ms
step:1063/4740 train_time:133006ms step_avg:125.12ms
step:1064/4740 train_time:133246ms step_avg:125.23ms
step:1065/4740 train_time:133389ms step_avg:125.25ms
step:1066/4740 train_time:133633ms step_avg:125.36ms
step:1067/4740 train_time:133774ms step_avg:125.37ms
step:1068/4740 train_time:134018ms step_avg:125.49ms
step:1069/4740 train_time:134155ms step_avg:125.50ms
step:1070/4740 train_time:134398ms step_avg:125.61ms
step:1071/4740 train_time:134538ms step_avg:125.62ms
step:1072/4740 train_time:134783ms step_avg:125.73ms
step:1073/4740 train_time:134922ms step_avg:125.74ms
step:1074/4740 train_time:135164ms step_avg:125.85ms
step:1075/4740 train_time:135302ms step_avg:125.86ms
step:1076/4740 train_time:135543ms step_avg:125.97ms
step:1077/4740 train_time:135684ms step_avg:125.98ms
step:1078/4740 train_time:135926ms step_avg:126.09ms
step:1079/4740 train_time:136069ms step_avg:126.11ms
step:1080/4740 train_time:136312ms step_avg:126.21ms
step:1081/4740 train_time:136454ms step_avg:126.23ms
step:1082/4740 train_time:136698ms step_avg:126.34ms
step:1083/4740 train_time:136839ms step_avg:126.35ms
step:1084/4740 train_time:137081ms step_avg:126.46ms
step:1085/4740 train_time:137220ms step_avg:126.47ms
step:1086/4740 train_time:137465ms step_avg:126.58ms
step:1087/4740 train_time:137607ms step_avg:126.59ms
step:1088/4740 train_time:137848ms step_avg:126.70ms
step:1089/4740 train_time:137989ms step_avg:126.71ms
step:1090/4740 train_time:138232ms step_avg:126.82ms
step:1091/4740 train_time:138372ms step_avg:126.83ms
step:1092/4740 train_time:138617ms step_avg:126.94ms
step:1093/4740 train_time:138758ms step_avg:126.95ms
step:1094/4740 train_time:138999ms step_avg:127.06ms
step:1095/4740 train_time:139137ms step_avg:127.07ms
step:1096/4740 train_time:139380ms step_avg:127.17ms
step:1097/4740 train_time:139521ms step_avg:127.18ms
step:1098/4740 train_time:139762ms step_avg:127.29ms
step:1099/4740 train_time:139902ms step_avg:127.30ms
step:1100/4740 train_time:140142ms step_avg:127.40ms
step:1101/4740 train_time:140283ms step_avg:127.41ms
step:1102/4740 train_time:140527ms step_avg:127.52ms
step:1103/4740 train_time:140667ms step_avg:127.53ms
step:1104/4740 train_time:140912ms step_avg:127.64ms
step:1105/4740 train_time:141049ms step_avg:127.65ms
step:1106/4740 train_time:141295ms step_avg:127.75ms
step:1107/4740 train_time:141436ms step_avg:127.77ms
step:1108/4740 train_time:141678ms step_avg:127.87ms
step:1109/4740 train_time:141815ms step_avg:127.88ms
step:1110/4740 train_time:142056ms step_avg:127.98ms
step:1111/4740 train_time:142199ms step_avg:127.99ms
step:1112/4740 train_time:142440ms step_avg:128.09ms
step:1113/4740 train_time:142581ms step_avg:128.11ms
step:1114/4740 train_time:142824ms step_avg:128.21ms
step:1115/4740 train_time:142966ms step_avg:128.22ms
step:1116/4740 train_time:143210ms step_avg:128.32ms
step:1117/4740 train_time:143350ms step_avg:128.33ms
step:1118/4740 train_time:143597ms step_avg:128.44ms
step:1119/4740 train_time:143735ms step_avg:128.45ms
step:1120/4740 train_time:143978ms step_avg:128.55ms
step:1121/4740 train_time:144117ms step_avg:128.56ms
step:1122/4740 train_time:144360ms step_avg:128.66ms
step:1123/4740 train_time:144501ms step_avg:128.67ms
step:1124/4740 train_time:144743ms step_avg:128.77ms
step:1125/4740 train_time:144885ms step_avg:128.79ms
step:1126/4740 train_time:145125ms step_avg:128.89ms
step:1127/4740 train_time:145268ms step_avg:128.90ms
step:1128/4740 train_time:145510ms step_avg:129.00ms
step:1129/4740 train_time:145650ms step_avg:129.01ms
step:1130/4740 train_time:145896ms step_avg:129.11ms
step:1131/4740 train_time:146036ms step_avg:129.12ms
step:1132/4740 train_time:146279ms step_avg:129.22ms
step:1133/4740 train_time:146418ms step_avg:129.23ms
step:1134/4740 train_time:146660ms step_avg:129.33ms
step:1135/4740 train_time:146799ms step_avg:129.34ms
step:1136/4740 train_time:147043ms step_avg:129.44ms
step:1137/4740 train_time:147187ms step_avg:129.45ms
step:1138/4740 train_time:147427ms step_avg:129.55ms
step:1139/4740 train_time:147570ms step_avg:129.56ms
step:1140/4740 train_time:147813ms step_avg:129.66ms
step:1141/4740 train_time:147954ms step_avg:129.67ms
step:1142/4740 train_time:148199ms step_avg:129.77ms
step:1143/4740 train_time:148337ms step_avg:129.78ms
step:1144/4740 train_time:148580ms step_avg:129.88ms
step:1145/4740 train_time:148721ms step_avg:129.89ms
step:1146/4740 train_time:148961ms step_avg:129.98ms
step:1147/4740 train_time:149102ms step_avg:129.99ms
step:1148/4740 train_time:149344ms step_avg:130.09ms
step:1149/4740 train_time:149485ms step_avg:130.10ms
step:1150/4740 train_time:149728ms step_avg:130.20ms
step:1151/4740 train_time:149869ms step_avg:130.21ms
step:1152/4740 train_time:150116ms step_avg:130.31ms
step:1153/4740 train_time:150256ms step_avg:130.32ms
step:1154/4740 train_time:150497ms step_avg:130.41ms
step:1155/4740 train_time:150639ms step_avg:130.42ms
step:1156/4740 train_time:150881ms step_avg:130.52ms
step:1157/4740 train_time:151021ms step_avg:130.53ms
step:1158/4740 train_time:151266ms step_avg:130.63ms
step:1159/4740 train_time:151405ms step_avg:130.63ms
step:1160/4740 train_time:151647ms step_avg:130.73ms
step:1161/4740 train_time:151788ms step_avg:130.74ms
step:1162/4740 train_time:152033ms step_avg:130.84ms
step:1163/4740 train_time:152172ms step_avg:130.84ms
step:1164/4740 train_time:152415ms step_avg:130.94ms
step:1165/4740 train_time:152552ms step_avg:130.95ms
step:1166/4740 train_time:152795ms step_avg:131.04ms
step:1167/4740 train_time:152933ms step_avg:131.05ms
step:1168/4740 train_time:153178ms step_avg:131.15ms
step:1169/4740 train_time:153315ms step_avg:131.15ms
step:1170/4740 train_time:153557ms step_avg:131.25ms
step:1171/4740 train_time:153700ms step_avg:131.26ms
step:1172/4740 train_time:153941ms step_avg:131.35ms
step:1173/4740 train_time:154079ms step_avg:131.35ms
step:1174/4740 train_time:154322ms step_avg:131.45ms
step:1175/4740 train_time:154464ms step_avg:131.46ms
step:1176/4740 train_time:154741ms step_avg:131.58ms
step:1177/4740 train_time:154922ms step_avg:131.62ms
step:1178/4740 train_time:155241ms step_avg:131.78ms
step:1179/4740 train_time:155424ms step_avg:131.83ms
step:1180/4740 train_time:155745ms step_avg:131.99ms
step:1181/4740 train_time:155925ms step_avg:132.03ms
step:1182/4740 train_time:156242ms step_avg:132.18ms
step:1183/4740 train_time:156426ms step_avg:132.23ms
step:1184/4740 train_time:156746ms step_avg:132.39ms
step:1185/4740 train_time:156927ms step_avg:132.43ms
step:1186/4740 train_time:157243ms step_avg:132.58ms
step:1187/4740 train_time:157427ms step_avg:132.63ms
step:1188/4740 train_time:157748ms step_avg:132.78ms
step:1189/4740 train_time:157927ms step_avg:132.82ms
step:1190/4740 train_time:158244ms step_avg:132.98ms
step:1191/4740 train_time:158426ms step_avg:133.02ms
step:1192/4740 train_time:158745ms step_avg:133.18ms
step:1193/4740 train_time:158925ms step_avg:133.21ms
step:1194/4740 train_time:159244ms step_avg:133.37ms
step:1195/4740 train_time:159424ms step_avg:133.41ms
step:1196/4740 train_time:159744ms step_avg:133.57ms
step:1197/4740 train_time:159926ms step_avg:133.61ms
step:1198/4740 train_time:160246ms step_avg:133.76ms
step:1199/4740 train_time:160427ms step_avg:133.80ms
step:1200/4740 train_time:160748ms step_avg:133.96ms
step:1201/4740 train_time:160930ms step_avg:134.00ms
step:1202/4740 train_time:161246ms step_avg:134.15ms
step:1203/4740 train_time:161429ms step_avg:134.19ms
step:1204/4740 train_time:161744ms step_avg:134.34ms
step:1205/4740 train_time:161927ms step_avg:134.38ms
step:1206/4740 train_time:162245ms step_avg:134.53ms
step:1207/4740 train_time:162424ms step_avg:134.57ms
step:1208/4740 train_time:162741ms step_avg:134.72ms
step:1209/4740 train_time:162921ms step_avg:134.76ms
step:1210/4740 train_time:163240ms step_avg:134.91ms
step:1211/4740 train_time:163423ms step_avg:134.95ms
step:1212/4740 train_time:163742ms step_avg:135.10ms
step:1213/4740 train_time:163922ms step_avg:135.14ms
step:1214/4740 train_time:164242ms step_avg:135.29ms
step:1215/4740 train_time:164426ms step_avg:135.33ms
step:1216/4740 train_time:164745ms step_avg:135.48ms
step:1217/4740 train_time:164928ms step_avg:135.52ms
step:1218/4740 train_time:165245ms step_avg:135.67ms
step:1219/4740 train_time:165429ms step_avg:135.71ms
step:1220/4740 train_time:165750ms step_avg:135.86ms
step:1221/4740 train_time:165927ms step_avg:135.89ms
step:1222/4740 train_time:166246ms step_avg:136.04ms
step:1223/4740 train_time:166428ms step_avg:136.08ms
step:1224/4740 train_time:166748ms step_avg:136.23ms
step:1225/4740 train_time:166931ms step_avg:136.27ms
step:1226/4740 train_time:167244ms step_avg:136.41ms
step:1227/4740 train_time:167426ms step_avg:136.45ms
step:1228/4740 train_time:167746ms step_avg:136.60ms
step:1229/4740 train_time:167926ms step_avg:136.64ms
step:1230/4740 train_time:168243ms step_avg:136.78ms
step:1231/4740 train_time:168425ms step_avg:136.82ms
step:1232/4740 train_time:168743ms step_avg:136.97ms
step:1233/4740 train_time:168923ms step_avg:137.00ms
step:1234/4740 train_time:169242ms step_avg:137.15ms
step:1235/4740 train_time:169423ms step_avg:137.18ms
step:1236/4740 train_time:169743ms step_avg:137.33ms
step:1237/4740 train_time:169923ms step_avg:137.37ms
step:1238/4740 train_time:170240ms step_avg:137.51ms
step:1239/4740 train_time:170422ms step_avg:137.55ms
step:1240/4740 train_time:170740ms step_avg:137.69ms
step:1241/4740 train_time:170922ms step_avg:137.73ms
step:1242/4740 train_time:171241ms step_avg:137.88ms
step:1243/4740 train_time:171422ms step_avg:137.91ms
step:1244/4740 train_time:171738ms step_avg:138.05ms
step:1245/4740 train_time:171923ms step_avg:138.09ms
step:1246/4740 train_time:172240ms step_avg:138.23ms
step:1247/4740 train_time:172420ms step_avg:138.27ms
step:1248/4740 train_time:172740ms step_avg:138.41ms
step:1249/4740 train_time:172920ms step_avg:138.45ms
step:1250/4740 train_time:173237ms step_avg:138.59ms
step:1250/4740 val_loss:3.3700 train_time:173368ms step_avg:138.69ms
step:1251/4740 train_time:173423ms step_avg:138.63ms
step:1252/4740 train_time:173743ms step_avg:138.77ms
step:1253/4740 train_time:173931ms step_avg:138.81ms
step:1254/4740 train_time:174244ms step_avg:138.95ms
step:1255/4740 train_time:174425ms step_avg:138.98ms
step:1256/4740 train_time:174748ms step_avg:139.13ms
step:1257/4740 train_time:174933ms step_avg:139.17ms
step:1258/4740 train_time:175248ms step_avg:139.31ms
step:1259/4740 train_time:175430ms step_avg:139.34ms
step:1260/4740 train_time:175751ms step_avg:139.49ms
step:1261/4740 train_time:175935ms step_avg:139.52ms
step:1262/4740 train_time:176249ms step_avg:139.66ms
step:1263/4740 train_time:176432ms step_avg:139.69ms
step:1264/4740 train_time:176752ms step_avg:139.84ms
step:1265/4740 train_time:176934ms step_avg:139.87ms
step:1266/4740 train_time:177252ms step_avg:140.01ms
step:1267/4740 train_time:177433ms step_avg:140.04ms
step:1268/4740 train_time:177753ms step_avg:140.18ms
step:1269/4740 train_time:177934ms step_avg:140.22ms
step:1270/4740 train_time:178251ms step_avg:140.36ms
step:1271/4740 train_time:178433ms step_avg:140.39ms
step:1272/4740 train_time:178752ms step_avg:140.53ms
step:1273/4740 train_time:178934ms step_avg:140.56ms
step:1274/4740 train_time:179253ms step_avg:140.70ms
step:1275/4740 train_time:179434ms step_avg:140.73ms
step:1276/4740 train_time:179753ms step_avg:140.87ms
step:1277/4740 train_time:179935ms step_avg:140.90ms
step:1278/4740 train_time:180253ms step_avg:141.04ms
step:1279/4740 train_time:180434ms step_avg:141.07ms
step:1280/4740 train_time:180754ms step_avg:141.21ms
step:1281/4740 train_time:180938ms step_avg:141.25ms
step:1282/4740 train_time:181257ms step_avg:141.39ms
step:1283/4740 train_time:181437ms step_avg:141.42ms
step:1284/4740 train_time:181759ms step_avg:141.56ms
step:1285/4740 train_time:181936ms step_avg:141.58ms
step:1286/4740 train_time:182249ms step_avg:141.72ms
step:1287/4740 train_time:182430ms step_avg:141.75ms
step:1288/4740 train_time:182748ms step_avg:141.88ms
step:1289/4740 train_time:182932ms step_avg:141.92ms
step:1290/4740 train_time:183250ms step_avg:142.05ms
step:1291/4740 train_time:183432ms step_avg:142.09ms
step:1292/4740 train_time:183750ms step_avg:142.22ms
step:1293/4740 train_time:183931ms step_avg:142.25ms
step:1294/4740 train_time:184250ms step_avg:142.39ms
step:1295/4740 train_time:184434ms step_avg:142.42ms
step:1296/4740 train_time:184752ms step_avg:142.56ms
step:1297/4740 train_time:184934ms step_avg:142.59ms
step:1298/4740 train_time:185253ms step_avg:142.72ms
step:1299/4740 train_time:185434ms step_avg:142.75ms
step:1300/4740 train_time:185756ms step_avg:142.89ms
step:1301/4740 train_time:185936ms step_avg:142.92ms
step:1302/4740 train_time:186254ms step_avg:143.05ms
step:1303/4740 train_time:186435ms step_avg:143.08ms
step:1304/4740 train_time:186754ms step_avg:143.22ms
step:1305/4740 train_time:186936ms step_avg:143.25ms
step:1306/4740 train_time:187256ms step_avg:143.38ms
step:1307/4740 train_time:187434ms step_avg:143.41ms
step:1308/4740 train_time:187751ms step_avg:143.54ms
step:1309/4740 train_time:187934ms step_avg:143.57ms
step:1310/4740 train_time:188257ms step_avg:143.71ms
step:1311/4740 train_time:188437ms step_avg:143.74ms
step:1312/4740 train_time:188752ms step_avg:143.87ms
step:1313/4740 train_time:188933ms step_avg:143.89ms
step:1314/4740 train_time:189252ms step_avg:144.03ms
step:1315/4740 train_time:189435ms step_avg:144.06ms
step:1316/4740 train_time:189751ms step_avg:144.19ms
step:1317/4740 train_time:189932ms step_avg:144.22ms
step:1318/4740 train_time:190252ms step_avg:144.35ms
step:1319/4740 train_time:190432ms step_avg:144.38ms
step:1320/4740 train_time:190750ms step_avg:144.51ms
step:1321/4740 train_time:190931ms step_avg:144.53ms
step:1322/4740 train_time:191250ms step_avg:144.67ms
step:1323/4740 train_time:191432ms step_avg:144.70ms
step:1324/4740 train_time:191747ms step_avg:144.82ms
step:1325/4740 train_time:191928ms step_avg:144.85ms
step:1326/4740 train_time:192247ms step_avg:144.98ms
step:1327/4740 train_time:192429ms step_avg:145.01ms
step:1328/4740 train_time:192746ms step_avg:145.14ms
step:1329/4740 train_time:192929ms step_avg:145.17ms
step:1330/4740 train_time:193247ms step_avg:145.30ms
step:1331/4740 train_time:193429ms step_avg:145.33ms
step:1332/4740 train_time:193747ms step_avg:145.46ms
step:1333/4740 train_time:193928ms step_avg:145.48ms
step:1334/4740 train_time:194248ms step_avg:145.61ms
step:1335/4740 train_time:194429ms step_avg:145.64ms
step:1336/4740 train_time:194749ms step_avg:145.77ms
step:1337/4740 train_time:194928ms step_avg:145.80ms
step:1338/4740 train_time:195247ms step_avg:145.92ms
step:1339/4740 train_time:195429ms step_avg:145.95ms
step:1340/4740 train_time:195747ms step_avg:146.08ms
step:1341/4740 train_time:195926ms step_avg:146.10ms
step:1342/4740 train_time:196245ms step_avg:146.23ms
step:1343/4740 train_time:196426ms step_avg:146.26ms
step:1344/4740 train_time:196743ms step_avg:146.39ms
step:1345/4740 train_time:196922ms step_avg:146.41ms
step:1346/4740 train_time:197245ms step_avg:146.54ms
step:1347/4740 train_time:197423ms step_avg:146.57ms
step:1348/4740 train_time:197741ms step_avg:146.69ms
step:1349/4740 train_time:197919ms step_avg:146.72ms
step:1350/4740 train_time:198238ms step_avg:146.84ms
step:1351/4740 train_time:198421ms step_avg:146.87ms
step:1352/4740 train_time:198739ms step_avg:147.00ms
step:1353/4740 train_time:198922ms step_avg:147.02ms
step:1354/4740 train_time:199242ms step_avg:147.15ms
step:1355/4740 train_time:199422ms step_avg:147.18ms
step:1356/4740 train_time:199743ms step_avg:147.30ms
step:1357/4740 train_time:199925ms step_avg:147.33ms
step:1358/4740 train_time:200248ms step_avg:147.46ms
step:1359/4740 train_time:200427ms step_avg:147.48ms
step:1360/4740 train_time:200749ms step_avg:147.61ms
step:1361/4740 train_time:200929ms step_avg:147.63ms
step:1362/4740 train_time:201248ms step_avg:147.76ms
step:1363/4740 train_time:201427ms step_avg:147.78ms
step:1364/4740 train_time:201747ms step_avg:147.91ms
step:1365/4740 train_time:201931ms step_avg:147.93ms
step:1366/4740 train_time:202248ms step_avg:148.06ms
step:1367/4740 train_time:202428ms step_avg:148.08ms
step:1368/4740 train_time:202747ms step_avg:148.21ms
step:1369/4740 train_time:202929ms step_avg:148.23ms
step:1370/4740 train_time:203245ms step_avg:148.35ms
step:1371/4740 train_time:203427ms step_avg:148.38ms
step:1372/4740 train_time:203746ms step_avg:148.50ms
step:1373/4740 train_time:203925ms step_avg:148.53ms
step:1374/4740 train_time:204243ms step_avg:148.65ms
step:1375/4740 train_time:204423ms step_avg:148.67ms
step:1376/4740 train_time:204743ms step_avg:148.80ms
step:1377/4740 train_time:204920ms step_avg:148.82ms
step:1378/4740 train_time:205239ms step_avg:148.94ms
step:1379/4740 train_time:205423ms step_avg:148.96ms
step:1380/4740 train_time:205742ms step_avg:149.09ms
step:1381/4740 train_time:205919ms step_avg:149.11ms
step:1382/4740 train_time:206240ms step_avg:149.23ms
step:1383/4740 train_time:206421ms step_avg:149.26ms
step:1384/4740 train_time:206743ms step_avg:149.38ms
step:1385/4740 train_time:206921ms step_avg:149.40ms
step:1386/4740 train_time:207241ms step_avg:149.52ms
step:1387/4740 train_time:207418ms step_avg:149.54ms
step:1388/4740 train_time:207739ms step_avg:149.67ms
step:1389/4740 train_time:207917ms step_avg:149.69ms
step:1390/4740 train_time:208236ms step_avg:149.81ms
step:1391/4740 train_time:208417ms step_avg:149.83ms
step:1392/4740 train_time:208739ms step_avg:149.96ms
step:1393/4740 train_time:208920ms step_avg:149.98ms
step:1394/4740 train_time:209237ms step_avg:150.10ms
step:1395/4740 train_time:209417ms step_avg:150.12ms
step:1396/4740 train_time:209738ms step_avg:150.24ms
step:1397/4740 train_time:209917ms step_avg:150.26ms
step:1398/4740 train_time:210239ms step_avg:150.39ms
step:1399/4740 train_time:210418ms step_avg:150.41ms
step:1400/4740 train_time:210737ms step_avg:150.53ms
step:1401/4740 train_time:210916ms step_avg:150.55ms
step:1402/4740 train_time:211234ms step_avg:150.67ms
step:1403/4740 train_time:211415ms step_avg:150.69ms
step:1404/4740 train_time:211737ms step_avg:150.81ms
step:1405/4740 train_time:211917ms step_avg:150.83ms
step:1406/4740 train_time:212237ms step_avg:150.95ms
step:1407/4740 train_time:212417ms step_avg:150.97ms
step:1408/4740 train_time:212733ms step_avg:151.09ms
step:1409/4740 train_time:212914ms step_avg:151.11ms
step:1410/4740 train_time:213233ms step_avg:151.23ms
step:1411/4740 train_time:213415ms step_avg:151.25ms
step:1412/4740 train_time:213736ms step_avg:151.37ms
step:1413/4740 train_time:213916ms step_avg:151.39ms
step:1414/4740 train_time:214235ms step_avg:151.51ms
step:1415/4740 train_time:214414ms step_avg:151.53ms
step:1416/4740 train_time:214731ms step_avg:151.65ms
step:1417/4740 train_time:214915ms step_avg:151.67ms
step:1418/4740 train_time:215235ms step_avg:151.79ms
step:1419/4740 train_time:215416ms step_avg:151.81ms
step:1420/4740 train_time:215737ms step_avg:151.93ms
step:1421/4740 train_time:215919ms step_avg:151.95ms
step:1422/4740 train_time:216237ms step_avg:152.07ms
step:1423/4740 train_time:216419ms step_avg:152.09ms
step:1424/4740 train_time:216738ms step_avg:152.20ms
step:1425/4740 train_time:216918ms step_avg:152.22ms
step:1426/4740 train_time:217238ms step_avg:152.34ms
step:1427/4740 train_time:217417ms step_avg:152.36ms
step:1428/4740 train_time:217734ms step_avg:152.47ms
step:1429/4740 train_time:217915ms step_avg:152.49ms
step:1430/4740 train_time:218236ms step_avg:152.61ms
step:1431/4740 train_time:218416ms step_avg:152.63ms
step:1432/4740 train_time:218738ms step_avg:152.75ms
step:1433/4740 train_time:218922ms step_avg:152.77ms
step:1434/4740 train_time:219242ms step_avg:152.89ms
step:1435/4740 train_time:219423ms step_avg:152.91ms
step:1436/4740 train_time:219742ms step_avg:153.02ms
step:1437/4740 train_time:219921ms step_avg:153.04ms
step:1438/4740 train_time:220241ms step_avg:153.16ms
step:1439/4740 train_time:220420ms step_avg:153.18ms
step:1440/4740 train_time:220739ms step_avg:153.29ms
step:1441/4740 train_time:220917ms step_avg:153.31ms
step:1442/4740 train_time:221238ms step_avg:153.42ms
step:1443/4740 train_time:221418ms step_avg:153.44ms
step:1444/4740 train_time:221738ms step_avg:153.56ms
step:1445/4740 train_time:221916ms step_avg:153.58ms
step:1446/4740 train_time:222235ms step_avg:153.69ms
step:1447/4740 train_time:222415ms step_avg:153.71ms
step:1448/4740 train_time:222735ms step_avg:153.82ms
step:1449/4740 train_time:222919ms step_avg:153.84ms
step:1450/4740 train_time:223235ms step_avg:153.96ms
step:1451/4740 train_time:223418ms step_avg:153.97ms
step:1452/4740 train_time:223735ms step_avg:154.09ms
step:1453/4740 train_time:223915ms step_avg:154.11ms
step:1454/4740 train_time:224234ms step_avg:154.22ms
step:1455/4740 train_time:224413ms step_avg:154.24ms
step:1456/4740 train_time:224733ms step_avg:154.35ms
step:1457/4740 train_time:224917ms step_avg:154.37ms
step:1458/4740 train_time:225235ms step_avg:154.48ms
step:1459/4740 train_time:225416ms step_avg:154.50ms
step:1460/4740 train_time:225736ms step_avg:154.61ms
step:1461/4740 train_time:225916ms step_avg:154.63ms
step:1462/4740 train_time:226232ms step_avg:154.74ms
step:1463/4740 train_time:226412ms step_avg:154.76ms
step:1464/4740 train_time:226730ms step_avg:154.87ms
step:1465/4740 train_time:226913ms step_avg:154.89ms
step:1466/4740 train_time:227228ms step_avg:155.00ms
step:1467/4740 train_time:227411ms step_avg:155.02ms
step:1468/4740 train_time:227730ms step_avg:155.13ms
step:1469/4740 train_time:227915ms step_avg:155.15ms
step:1470/4740 train_time:228232ms step_avg:155.26ms
step:1471/4740 train_time:228415ms step_avg:155.28ms
step:1472/4740 train_time:228735ms step_avg:155.39ms
step:1473/4740 train_time:228918ms step_avg:155.41ms
step:1474/4740 train_time:229235ms step_avg:155.52ms
step:1475/4740 train_time:229417ms step_avg:155.54ms
step:1476/4740 train_time:229733ms step_avg:155.65ms
step:1477/4740 train_time:229916ms step_avg:155.66ms
step:1478/4740 train_time:230234ms step_avg:155.77ms
step:1479/4740 train_time:230414ms step_avg:155.79ms
step:1480/4740 train_time:230729ms step_avg:155.90ms
step:1481/4740 train_time:230914ms step_avg:155.92ms
step:1482/4740 train_time:231230ms step_avg:156.03ms
step:1483/4740 train_time:231412ms step_avg:156.04ms
step:1484/4740 train_time:231729ms step_avg:156.15ms
step:1485/4740 train_time:231914ms step_avg:156.17ms
step:1486/4740 train_time:232232ms step_avg:156.28ms
step:1487/4740 train_time:232413ms step_avg:156.30ms
step:1488/4740 train_time:232730ms step_avg:156.40ms
step:1489/4740 train_time:232911ms step_avg:156.42ms
step:1490/4740 train_time:233231ms step_avg:156.53ms
step:1491/4740 train_time:233413ms step_avg:156.55ms
step:1492/4740 train_time:233729ms step_avg:156.66ms
step:1493/4740 train_time:233911ms step_avg:156.67ms
step:1494/4740 train_time:234231ms step_avg:156.78ms
step:1495/4740 train_time:234412ms step_avg:156.80ms
step:1496/4740 train_time:234732ms step_avg:156.91ms
step:1497/4740 train_time:234913ms step_avg:156.92ms
step:1498/4740 train_time:235230ms step_avg:157.03ms
step:1499/4740 train_time:235409ms step_avg:157.04ms
step:1500/4740 train_time:235727ms step_avg:157.15ms
step:1500/4740 val_loss:3.3015 train_time:235858ms step_avg:157.24ms
step:1501/4740 train_time:235913ms step_avg:157.17ms
step:1502/4740 train_time:236234ms step_avg:157.28ms
step:1503/4740 train_time:236420ms step_avg:157.30ms
step:1504/4740 train_time:236736ms step_avg:157.40ms
step:1505/4740 train_time:236918ms step_avg:157.42ms
step:1506/4740 train_time:237237ms step_avg:157.53ms
step:1507/4740 train_time:237420ms step_avg:157.54ms
step:1508/4740 train_time:237740ms step_avg:157.65ms
step:1509/4740 train_time:237920ms step_avg:157.67ms
step:1510/4740 train_time:238241ms step_avg:157.78ms
step:1511/4740 train_time:238420ms step_avg:157.79ms
step:1512/4740 train_time:238740ms step_avg:157.90ms
step:1513/4740 train_time:238920ms step_avg:157.91ms
step:1514/4740 train_time:239238ms step_avg:158.02ms
step:1515/4740 train_time:239425ms step_avg:158.04ms
step:1516/4740 train_time:239742ms step_avg:158.14ms
step:1517/4740 train_time:239922ms step_avg:158.16ms
step:1518/4740 train_time:240239ms step_avg:158.26ms
step:1519/4740 train_time:240419ms step_avg:158.27ms
step:1520/4740 train_time:240734ms step_avg:158.38ms
step:1521/4740 train_time:240915ms step_avg:158.39ms
step:1522/4740 train_time:241234ms step_avg:158.50ms
step:1523/4740 train_time:241417ms step_avg:158.51ms
step:1524/4740 train_time:241735ms step_avg:158.62ms
step:1525/4740 train_time:241915ms step_avg:158.63ms
step:1526/4740 train_time:242233ms step_avg:158.74ms
step:1527/4740 train_time:242415ms step_avg:158.75ms
step:1528/4740 train_time:242735ms step_avg:158.86ms
step:1529/4740 train_time:242917ms step_avg:158.87ms
step:1530/4740 train_time:243234ms step_avg:158.98ms
step:1531/4740 train_time:243416ms step_avg:158.99ms
step:1532/4740 train_time:243735ms step_avg:159.10ms
step:1533/4740 train_time:243916ms step_avg:159.11ms
step:1534/4740 train_time:244237ms step_avg:159.22ms
step:1535/4740 train_time:244418ms step_avg:159.23ms
step:1536/4740 train_time:244736ms step_avg:159.33ms
step:1537/4740 train_time:244915ms step_avg:159.35ms
step:1538/4740 train_time:245233ms step_avg:159.45ms
step:1539/4740 train_time:245414ms step_avg:159.46ms
step:1540/4740 train_time:245732ms step_avg:159.57ms
step:1541/4740 train_time:245917ms step_avg:159.58ms
step:1542/4740 train_time:246237ms step_avg:159.69ms
step:1543/4740 train_time:246418ms step_avg:159.70ms
step:1544/4740 train_time:246735ms step_avg:159.80ms
step:1545/4740 train_time:246916ms step_avg:159.82ms
step:1546/4740 train_time:247233ms step_avg:159.92ms
step:1547/4740 train_time:247414ms step_avg:159.93ms
step:1548/4740 train_time:247733ms step_avg:160.03ms
step:1549/4740 train_time:247915ms step_avg:160.05ms
step:1550/4740 train_time:248229ms step_avg:160.15ms
step:1551/4740 train_time:248412ms step_avg:160.16ms
step:1552/4740 train_time:248731ms step_avg:160.26ms
step:1553/4740 train_time:248912ms step_avg:160.28ms
step:1554/4740 train_time:249233ms step_avg:160.38ms
step:1555/4740 train_time:249413ms step_avg:160.39ms
step:1556/4740 train_time:249730ms step_avg:160.50ms
step:1557/4740 train_time:249912ms step_avg:160.51ms
step:1558/4740 train_time:250231ms step_avg:160.61ms
step:1559/4740 train_time:250412ms step_avg:160.62ms
step:1560/4740 train_time:250735ms step_avg:160.73ms
step:1561/4740 train_time:250914ms step_avg:160.74ms
step:1562/4740 train_time:251228ms step_avg:160.84ms
step:1563/4740 train_time:251413ms step_avg:160.85ms
step:1564/4740 train_time:251729ms step_avg:160.95ms
step:1565/4740 train_time:251913ms step_avg:160.97ms
step:1566/4740 train_time:252234ms step_avg:161.07ms
step:1567/4740 train_time:252416ms step_avg:161.08ms
step:1568/4740 train_time:252735ms step_avg:161.18ms
step:1569/4740 train_time:252918ms step_avg:161.20ms
step:1570/4740 train_time:253241ms step_avg:161.30ms
step:1571/4740 train_time:253422ms step_avg:161.31ms
step:1572/4740 train_time:253739ms step_avg:161.41ms
step:1573/4740 train_time:253920ms step_avg:161.42ms
step:1574/4740 train_time:254241ms step_avg:161.53ms
step:1575/4740 train_time:254422ms step_avg:161.54ms
step:1576/4740 train_time:254743ms step_avg:161.64ms
step:1577/4740 train_time:254921ms step_avg:161.65ms
step:1578/4740 train_time:255241ms step_avg:161.75ms
step:1579/4740 train_time:255421ms step_avg:161.76ms
step:1580/4740 train_time:255739ms step_avg:161.86ms
step:1581/4740 train_time:255921ms step_avg:161.87ms
step:1582/4740 train_time:256242ms step_avg:161.97ms
step:1583/4740 train_time:256423ms step_avg:161.99ms
step:1584/4740 train_time:256742ms step_avg:162.08ms
step:1585/4740 train_time:256926ms step_avg:162.10ms
step:1586/4740 train_time:257244ms step_avg:162.20ms
step:1587/4740 train_time:257422ms step_avg:162.21ms
step:1588/4740 train_time:257742ms step_avg:162.31ms
step:1589/4740 train_time:257921ms step_avg:162.32ms
step:1590/4740 train_time:258243ms step_avg:162.42ms
step:1591/4740 train_time:258423ms step_avg:162.43ms
step:1592/4740 train_time:258741ms step_avg:162.53ms
step:1593/4740 train_time:258925ms step_avg:162.54ms
step:1594/4740 train_time:259248ms step_avg:162.64ms
step:1595/4740 train_time:259426ms step_avg:162.65ms
step:1596/4740 train_time:259746ms step_avg:162.75ms
step:1597/4740 train_time:259928ms step_avg:162.76ms
step:1598/4740 train_time:260248ms step_avg:162.86ms
step:1599/4740 train_time:260429ms step_avg:162.87ms
step:1600/4740 train_time:260752ms step_avg:162.97ms
step:1601/4740 train_time:260930ms step_avg:162.98ms
step:1602/4740 train_time:261252ms step_avg:163.08ms
step:1603/4740 train_time:261433ms step_avg:163.09ms
step:1604/4740 train_time:261754ms step_avg:163.19ms
step:1605/4740 train_time:261936ms step_avg:163.20ms
step:1606/4740 train_time:262255ms step_avg:163.30ms
step:1607/4740 train_time:262439ms step_avg:163.31ms
step:1608/4740 train_time:262759ms step_avg:163.41ms
step:1609/4740 train_time:262942ms step_avg:163.42ms
step:1610/4740 train_time:263262ms step_avg:163.52ms
step:1611/4740 train_time:263441ms step_avg:163.53ms
step:1612/4740 train_time:263761ms step_avg:163.62ms
step:1613/4740 train_time:263941ms step_avg:163.63ms
step:1614/4740 train_time:264262ms step_avg:163.73ms
step:1615/4740 train_time:264442ms step_avg:163.74ms
step:1616/4740 train_time:264764ms step_avg:163.84ms
step:1617/4740 train_time:264943ms step_avg:163.85ms
step:1618/4740 train_time:265266ms step_avg:163.95ms
step:1619/4740 train_time:265443ms step_avg:163.95ms
step:1620/4740 train_time:265764ms step_avg:164.05ms
step:1621/4740 train_time:265943ms step_avg:164.06ms
step:1622/4740 train_time:266264ms step_avg:164.16ms
step:1623/4740 train_time:266445ms step_avg:164.17ms
step:1624/4740 train_time:266764ms step_avg:164.26ms
step:1625/4740 train_time:266942ms step_avg:164.27ms
step:1626/4740 train_time:267265ms step_avg:164.37ms
step:1627/4740 train_time:267443ms step_avg:164.38ms
step:1628/4740 train_time:267765ms step_avg:164.47ms
step:1629/4740 train_time:267941ms step_avg:164.48ms
step:1630/4740 train_time:268262ms step_avg:164.58ms
step:1631/4740 train_time:268441ms step_avg:164.59ms
step:1632/4740 train_time:268764ms step_avg:164.68ms
step:1633/4740 train_time:268942ms step_avg:164.69ms
step:1634/4740 train_time:269265ms step_avg:164.79ms
step:1635/4740 train_time:269443ms step_avg:164.80ms
step:1636/4740 train_time:269764ms step_avg:164.89ms
step:1637/4740 train_time:269941ms step_avg:164.90ms
step:1638/4740 train_time:270262ms step_avg:165.00ms
step:1639/4740 train_time:270442ms step_avg:165.00ms
step:1640/4740 train_time:270765ms step_avg:165.10ms
step:1641/4740 train_time:270940ms step_avg:165.11ms
step:1642/4740 train_time:271261ms step_avg:165.20ms
step:1643/4740 train_time:271443ms step_avg:165.21ms
step:1644/4740 train_time:271762ms step_avg:165.31ms
step:1645/4740 train_time:271942ms step_avg:165.31ms
step:1646/4740 train_time:272265ms step_avg:165.41ms
step:1647/4740 train_time:272444ms step_avg:165.42ms
step:1648/4740 train_time:272762ms step_avg:165.51ms
step:1649/4740 train_time:272947ms step_avg:165.52ms
step:1650/4740 train_time:273269ms step_avg:165.62ms
step:1651/4740 train_time:273447ms step_avg:165.63ms
step:1652/4740 train_time:273765ms step_avg:165.72ms
step:1653/4740 train_time:273949ms step_avg:165.73ms
step:1654/4740 train_time:274269ms step_avg:165.82ms
step:1655/4740 train_time:274445ms step_avg:165.83ms
step:1656/4740 train_time:274766ms step_avg:165.92ms
step:1657/4740 train_time:274947ms step_avg:165.93ms
step:1658/4740 train_time:275267ms step_avg:166.02ms
step:1659/4740 train_time:275451ms step_avg:166.03ms
step:1660/4740 train_time:275773ms step_avg:166.13ms
step:1661/4740 train_time:275955ms step_avg:166.14ms
step:1662/4740 train_time:276273ms step_avg:166.23ms
step:1663/4740 train_time:276455ms step_avg:166.24ms
step:1664/4740 train_time:276776ms step_avg:166.33ms
step:1665/4740 train_time:276962ms step_avg:166.34ms
step:1666/4740 train_time:277282ms step_avg:166.44ms
step:1667/4740 train_time:277462ms step_avg:166.44ms
step:1668/4740 train_time:277783ms step_avg:166.54ms
step:1669/4740 train_time:277962ms step_avg:166.54ms
step:1670/4740 train_time:278283ms step_avg:166.64ms
step:1671/4740 train_time:278463ms step_avg:166.64ms
step:1672/4740 train_time:278784ms step_avg:166.74ms
step:1673/4740 train_time:278965ms step_avg:166.75ms
step:1674/4740 train_time:279284ms step_avg:166.84ms
step:1675/4740 train_time:279469ms step_avg:166.85ms
step:1676/4740 train_time:279788ms step_avg:166.94ms
step:1677/4740 train_time:279971ms step_avg:166.95ms
step:1678/4740 train_time:280289ms step_avg:167.04ms
step:1679/4740 train_time:280468ms step_avg:167.04ms
step:1680/4740 train_time:280790ms step_avg:167.14ms
step:1681/4740 train_time:280971ms step_avg:167.15ms
step:1682/4740 train_time:281292ms step_avg:167.24ms
step:1683/4740 train_time:281474ms step_avg:167.25ms
step:1684/4740 train_time:281797ms step_avg:167.34ms
step:1685/4740 train_time:281977ms step_avg:167.35ms
step:1686/4740 train_time:282298ms step_avg:167.44ms
step:1687/4740 train_time:282481ms step_avg:167.45ms
step:1688/4740 train_time:282801ms step_avg:167.54ms
step:1689/4740 train_time:282983ms step_avg:167.54ms
step:1690/4740 train_time:283300ms step_avg:167.63ms
step:1691/4740 train_time:283479ms step_avg:167.64ms
step:1692/4740 train_time:283797ms step_avg:167.73ms
step:1693/4740 train_time:283980ms step_avg:167.74ms
step:1694/4740 train_time:284302ms step_avg:167.83ms
step:1695/4740 train_time:284483ms step_avg:167.84ms
step:1696/4740 train_time:284804ms step_avg:167.93ms
step:1697/4740 train_time:284984ms step_avg:167.93ms
step:1698/4740 train_time:285303ms step_avg:168.02ms
step:1699/4740 train_time:285486ms step_avg:168.03ms
step:1700/4740 train_time:285803ms step_avg:168.12ms
step:1701/4740 train_time:285989ms step_avg:168.13ms
step:1702/4740 train_time:286305ms step_avg:168.22ms
step:1703/4740 train_time:286488ms step_avg:168.23ms
step:1704/4740 train_time:286807ms step_avg:168.31ms
step:1705/4740 train_time:286988ms step_avg:168.32ms
step:1706/4740 train_time:287309ms step_avg:168.41ms
step:1707/4740 train_time:287490ms step_avg:168.42ms
step:1708/4740 train_time:287807ms step_avg:168.51ms
step:1709/4740 train_time:287989ms step_avg:168.51ms
step:1710/4740 train_time:288310ms step_avg:168.60ms
step:1711/4740 train_time:288491ms step_avg:168.61ms
step:1712/4740 train_time:288810ms step_avg:168.70ms
step:1713/4740 train_time:288994ms step_avg:168.71ms
step:1714/4740 train_time:289315ms step_avg:168.80ms
step:1715/4740 train_time:289497ms step_avg:168.80ms
step:1716/4740 train_time:289815ms step_avg:168.89ms
step:1717/4740 train_time:289998ms step_avg:168.90ms
step:1718/4740 train_time:290321ms step_avg:168.99ms
step:1719/4740 train_time:290500ms step_avg:168.99ms
step:1720/4740 train_time:290821ms step_avg:169.08ms
step:1721/4740 train_time:291001ms step_avg:169.09ms
step:1722/4740 train_time:291326ms step_avg:169.18ms
step:1723/4740 train_time:291503ms step_avg:169.18ms
step:1724/4740 train_time:291822ms step_avg:169.27ms
step:1725/4740 train_time:292001ms step_avg:169.28ms
step:1726/4740 train_time:292325ms step_avg:169.37ms
step:1727/4740 train_time:292500ms step_avg:169.37ms
step:1728/4740 train_time:292823ms step_avg:169.46ms
step:1729/4740 train_time:293001ms step_avg:169.46ms
step:1730/4740 train_time:293321ms step_avg:169.55ms
step:1731/4740 train_time:293501ms step_avg:169.56ms
step:1732/4740 train_time:293823ms step_avg:169.64ms
step:1733/4740 train_time:293999ms step_avg:169.65ms
step:1734/4740 train_time:294323ms step_avg:169.74ms
step:1735/4740 train_time:294502ms step_avg:169.74ms
step:1736/4740 train_time:294824ms step_avg:169.83ms
step:1737/4740 train_time:295001ms step_avg:169.83ms
step:1738/4740 train_time:295320ms step_avg:169.92ms
step:1739/4740 train_time:295501ms step_avg:169.93ms
step:1740/4740 train_time:295818ms step_avg:170.01ms
step:1741/4740 train_time:295999ms step_avg:170.02ms
step:1742/4740 train_time:296321ms step_avg:170.10ms
step:1743/4740 train_time:296500ms step_avg:170.11ms
step:1744/4740 train_time:296821ms step_avg:170.20ms
step:1745/4740 train_time:297000ms step_avg:170.20ms
step:1746/4740 train_time:297319ms step_avg:170.29ms
step:1747/4740 train_time:297502ms step_avg:170.29ms
step:1748/4740 train_time:297822ms step_avg:170.38ms
step:1749/4740 train_time:298001ms step_avg:170.38ms
step:1750/4740 train_time:298322ms step_avg:170.47ms
step:1750/4740 val_loss:3.2461 train_time:298447ms step_avg:170.54ms
step:1751/4740 train_time:298503ms step_avg:170.48ms
step:1752/4740 train_time:298831ms step_avg:170.57ms
step:1753/4740 train_time:299014ms step_avg:170.57ms
step:1754/4740 train_time:299328ms step_avg:170.65ms
step:1755/4740 train_time:299509ms step_avg:170.66ms
step:1756/4740 train_time:299834ms step_avg:170.75ms
step:1757/4740 train_time:300020ms step_avg:170.76ms
step:1758/4740 train_time:300332ms step_avg:170.84ms
step:1759/4740 train_time:300515ms step_avg:170.84ms
step:1760/4740 train_time:300837ms step_avg:170.93ms
step:1761/4740 train_time:301021ms step_avg:170.94ms
step:1762/4740 train_time:301340ms step_avg:171.02ms
step:1763/4740 train_time:301520ms step_avg:171.03ms
step:1764/4740 train_time:301845ms step_avg:171.11ms
step:1765/4740 train_time:302027ms step_avg:171.12ms
step:1766/4740 train_time:302350ms step_avg:171.21ms
step:1767/4740 train_time:302525ms step_avg:171.21ms
step:1768/4740 train_time:302847ms step_avg:171.29ms
step:1769/4740 train_time:303027ms step_avg:171.30ms
step:1770/4740 train_time:303350ms step_avg:171.38ms
step:1771/4740 train_time:303525ms step_avg:171.39ms
step:1772/4740 train_time:303849ms step_avg:171.47ms
step:1773/4740 train_time:304029ms step_avg:171.48ms
step:1774/4740 train_time:304351ms step_avg:171.56ms
step:1775/4740 train_time:304526ms step_avg:171.56ms
step:1776/4740 train_time:304850ms step_avg:171.65ms
step:1777/4740 train_time:305029ms step_avg:171.65ms
step:1778/4740 train_time:305353ms step_avg:171.74ms
step:1779/4740 train_time:305534ms step_avg:171.74ms
step:1780/4740 train_time:305855ms step_avg:171.83ms
step:1781/4740 train_time:306034ms step_avg:171.83ms
step:1782/4740 train_time:306354ms step_avg:171.92ms
step:1783/4740 train_time:306535ms step_avg:171.92ms
step:1784/4740 train_time:306857ms step_avg:172.01ms
step:1785/4740 train_time:307037ms step_avg:172.01ms
step:1786/4740 train_time:307359ms step_avg:172.09ms
step:1787/4740 train_time:307539ms step_avg:172.10ms
step:1788/4740 train_time:307860ms step_avg:172.18ms
step:1789/4740 train_time:308043ms step_avg:172.19ms
step:1790/4740 train_time:308361ms step_avg:172.27ms
step:1791/4740 train_time:308542ms step_avg:172.27ms
step:1792/4740 train_time:308864ms step_avg:172.36ms
step:1793/4740 train_time:309045ms step_avg:172.36ms
step:1794/4740 train_time:309364ms step_avg:172.44ms
step:1795/4740 train_time:309543ms step_avg:172.45ms
step:1796/4740 train_time:309862ms step_avg:172.53ms
step:1797/4740 train_time:310042ms step_avg:172.53ms
step:1798/4740 train_time:310360ms step_avg:172.61ms
step:1799/4740 train_time:310542ms step_avg:172.62ms
step:1800/4740 train_time:310860ms step_avg:172.70ms
step:1801/4740 train_time:311042ms step_avg:172.71ms
step:1802/4740 train_time:311361ms step_avg:172.79ms
step:1803/4740 train_time:311543ms step_avg:172.79ms
step:1804/4740 train_time:311858ms step_avg:172.87ms
step:1805/4740 train_time:312042ms step_avg:172.88ms
step:1806/4740 train_time:312363ms step_avg:172.96ms
step:1807/4740 train_time:312544ms step_avg:172.96ms
step:1808/4740 train_time:312864ms step_avg:173.04ms
step:1809/4740 train_time:313044ms step_avg:173.05ms
step:1810/4740 train_time:313364ms step_avg:173.13ms
step:1811/4740 train_time:313543ms step_avg:173.13ms
step:1812/4740 train_time:313864ms step_avg:173.21ms
step:1813/4740 train_time:314044ms step_avg:173.22ms
step:1814/4740 train_time:314366ms step_avg:173.30ms
step:1815/4740 train_time:314545ms step_avg:173.30ms
step:1816/4740 train_time:314865ms step_avg:173.38ms
step:1817/4740 train_time:315045ms step_avg:173.39ms
step:1818/4740 train_time:315367ms step_avg:173.47ms
step:1819/4740 train_time:315544ms step_avg:173.47ms
step:1820/4740 train_time:315866ms step_avg:173.55ms
step:1821/4740 train_time:316045ms step_avg:173.56ms
step:1822/4740 train_time:316367ms step_avg:173.64ms
step:1823/4740 train_time:316547ms step_avg:173.64ms
step:1824/4740 train_time:316864ms step_avg:173.72ms
step:1825/4740 train_time:317045ms step_avg:173.72ms
step:1826/4740 train_time:317365ms step_avg:173.80ms
step:1827/4740 train_time:317545ms step_avg:173.81ms
step:1828/4740 train_time:317867ms step_avg:173.89ms
step:1829/4740 train_time:318044ms step_avg:173.89ms
step:1830/4740 train_time:318369ms step_avg:173.97ms
step:1831/4740 train_time:318545ms step_avg:173.97ms
step:1832/4740 train_time:318865ms step_avg:174.05ms
step:1833/4740 train_time:319046ms step_avg:174.06ms
step:1834/4740 train_time:319368ms step_avg:174.14ms
step:1835/4740 train_time:319548ms step_avg:174.14ms
step:1836/4740 train_time:319868ms step_avg:174.22ms
step:1837/4740 train_time:320051ms step_avg:174.22ms
step:1838/4740 train_time:320371ms step_avg:174.30ms
step:1839/4740 train_time:320552ms step_avg:174.31ms
step:1840/4740 train_time:320872ms step_avg:174.39ms
step:1841/4740 train_time:321050ms step_avg:174.39ms
step:1842/4740 train_time:321373ms step_avg:174.47ms
step:1843/4740 train_time:321554ms step_avg:174.47ms
step:1844/4740 train_time:321873ms step_avg:174.55ms
step:1845/4740 train_time:322054ms step_avg:174.55ms
step:1846/4740 train_time:322375ms step_avg:174.63ms
step:1847/4740 train_time:322557ms step_avg:174.64ms
step:1848/4740 train_time:322876ms step_avg:174.72ms
step:1849/4740 train_time:323059ms step_avg:174.72ms
step:1850/4740 train_time:323380ms step_avg:174.80ms
step:1851/4740 train_time:323560ms step_avg:174.80ms
step:1852/4740 train_time:323881ms step_avg:174.88ms
step:1853/4740 train_time:324062ms step_avg:174.88ms
step:1854/4740 train_time:324384ms step_avg:174.96ms
step:1855/4740 train_time:324564ms step_avg:174.97ms
step:1856/4740 train_time:324885ms step_avg:175.05ms
step:1857/4740 train_time:325060ms step_avg:175.05ms
step:1858/4740 train_time:325383ms step_avg:175.13ms
step:1859/4740 train_time:325564ms step_avg:175.13ms
step:1860/4740 train_time:325882ms step_avg:175.21ms
step:1861/4740 train_time:326063ms step_avg:175.21ms
step:1862/4740 train_time:326384ms step_avg:175.29ms
step:1863/4740 train_time:326560ms step_avg:175.29ms
step:1864/4740 train_time:326877ms step_avg:175.36ms
step:1865/4740 train_time:327058ms step_avg:175.37ms
step:1866/4740 train_time:327379ms step_avg:175.44ms
step:1867/4740 train_time:327560ms step_avg:175.45ms
step:1868/4740 train_time:327880ms step_avg:175.52ms
step:1869/4740 train_time:328060ms step_avg:175.53ms
step:1870/4740 train_time:328379ms step_avg:175.60ms
step:1871/4740 train_time:328560ms step_avg:175.61ms
step:1872/4740 train_time:328879ms step_avg:175.68ms
step:1873/4740 train_time:329059ms step_avg:175.69ms
step:1874/4740 train_time:329378ms step_avg:175.76ms
step:1875/4740 train_time:329561ms step_avg:175.77ms
step:1876/4740 train_time:329884ms step_avg:175.84ms
step:1877/4740 train_time:330064ms step_avg:175.85ms
step:1878/4740 train_time:330386ms step_avg:175.92ms
step:1879/4740 train_time:330564ms step_avg:175.93ms
step:1880/4740 train_time:330885ms step_avg:176.00ms
step:1881/4740 train_time:331065ms step_avg:176.00ms
step:1882/4740 train_time:331384ms step_avg:176.08ms
step:1883/4740 train_time:331562ms step_avg:176.08ms
step:1884/4740 train_time:331884ms step_avg:176.16ms
step:1885/4740 train_time:332063ms step_avg:176.16ms
step:1886/4740 train_time:332386ms step_avg:176.24ms
step:1887/4740 train_time:332564ms step_avg:176.24ms
step:1888/4740 train_time:332883ms step_avg:176.32ms
step:1889/4740 train_time:333067ms step_avg:176.32ms
step:1890/4740 train_time:333386ms step_avg:176.39ms
step:1891/4740 train_time:333562ms step_avg:176.39ms
step:1892/4740 train_time:333885ms step_avg:176.47ms
step:1893/4740 train_time:334065ms step_avg:176.47ms
step:1894/4740 train_time:334389ms step_avg:176.55ms
step:1895/4740 train_time:334565ms step_avg:176.55ms
step:1896/4740 train_time:334886ms step_avg:176.63ms
step:1897/4740 train_time:335065ms step_avg:176.63ms
step:1898/4740 train_time:335386ms step_avg:176.70ms
step:1899/4740 train_time:335565ms step_avg:176.71ms
step:1900/4740 train_time:335886ms step_avg:176.78ms
step:1901/4740 train_time:336063ms step_avg:176.78ms
step:1902/4740 train_time:336386ms step_avg:176.86ms
step:1903/4740 train_time:336566ms step_avg:176.86ms
step:1904/4740 train_time:336888ms step_avg:176.94ms
step:1905/4740 train_time:337064ms step_avg:176.94ms
step:1906/4740 train_time:337389ms step_avg:177.01ms
step:1907/4740 train_time:337565ms step_avg:177.01ms
step:1908/4740 train_time:337888ms step_avg:177.09ms
step:1909/4740 train_time:338071ms step_avg:177.09ms
step:1910/4740 train_time:338394ms step_avg:177.17ms
step:1911/4740 train_time:338575ms step_avg:177.17ms
step:1912/4740 train_time:338899ms step_avg:177.25ms
step:1913/4740 train_time:339079ms step_avg:177.25ms
step:1914/4740 train_time:339397ms step_avg:177.32ms
step:1915/4740 train_time:339575ms step_avg:177.32ms
step:1916/4740 train_time:339894ms step_avg:177.40ms
step:1917/4740 train_time:340076ms step_avg:177.40ms
step:1918/4740 train_time:340395ms step_avg:177.47ms
step:1919/4740 train_time:340575ms step_avg:177.48ms
step:1920/4740 train_time:340894ms step_avg:177.55ms
step:1921/4740 train_time:341081ms step_avg:177.55ms
step:1922/4740 train_time:341401ms step_avg:177.63ms
step:1923/4740 train_time:341585ms step_avg:177.63ms
step:1924/4740 train_time:341904ms step_avg:177.70ms
step:1925/4740 train_time:342089ms step_avg:177.71ms
step:1926/4740 train_time:342409ms step_avg:177.78ms
step:1927/4740 train_time:342591ms step_avg:177.78ms
step:1928/4740 train_time:342908ms step_avg:177.86ms
step:1929/4740 train_time:343090ms step_avg:177.86ms
step:1930/4740 train_time:343408ms step_avg:177.93ms
step:1931/4740 train_time:343590ms step_avg:177.93ms
step:1932/4740 train_time:343908ms step_avg:178.01ms
step:1933/4740 train_time:344091ms step_avg:178.01ms
step:1934/4740 train_time:344408ms step_avg:178.08ms
step:1935/4740 train_time:344592ms step_avg:178.08ms
step:1936/4740 train_time:344909ms step_avg:178.16ms
step:1937/4740 train_time:345091ms step_avg:178.16ms
step:1938/4740 train_time:345409ms step_avg:178.23ms
step:1939/4740 train_time:345590ms step_avg:178.23ms
step:1940/4740 train_time:345908ms step_avg:178.30ms
step:1941/4740 train_time:346092ms step_avg:178.31ms
step:1942/4740 train_time:346411ms step_avg:178.38ms
step:1943/4740 train_time:346595ms step_avg:178.38ms
step:1944/4740 train_time:346912ms step_avg:178.45ms
step:1945/4740 train_time:347094ms step_avg:178.45ms
step:1946/4740 train_time:347414ms step_avg:178.53ms
step:1947/4740 train_time:347598ms step_avg:178.53ms
step:1948/4740 train_time:347921ms step_avg:178.60ms
step:1949/4740 train_time:348101ms step_avg:178.61ms
step:1950/4740 train_time:348420ms step_avg:178.68ms
step:1951/4740 train_time:348606ms step_avg:178.68ms
step:1952/4740 train_time:348924ms step_avg:178.75ms
step:1953/4740 train_time:349102ms step_avg:178.75ms
step:1954/4740 train_time:349424ms step_avg:178.82ms
step:1955/4740 train_time:349606ms step_avg:178.83ms
step:1956/4740 train_time:349927ms step_avg:178.90ms
step:1957/4740 train_time:350104ms step_avg:178.90ms
step:1958/4740 train_time:350425ms step_avg:178.97ms
step:1959/4740 train_time:350604ms step_avg:178.97ms
step:1960/4740 train_time:350925ms step_avg:179.04ms
step:1961/4740 train_time:351105ms step_avg:179.04ms
step:1962/4740 train_time:351428ms step_avg:179.12ms
step:1963/4740 train_time:351604ms step_avg:179.12ms
step:1964/4740 train_time:351928ms step_avg:179.19ms
step:1965/4740 train_time:352109ms step_avg:179.19ms
step:1966/4740 train_time:352430ms step_avg:179.26ms
step:1967/4740 train_time:352609ms step_avg:179.26ms
step:1968/4740 train_time:352934ms step_avg:179.34ms
step:1969/4740 train_time:353111ms step_avg:179.34ms
step:1970/4740 train_time:353433ms step_avg:179.41ms
step:1971/4740 train_time:353613ms step_avg:179.41ms
step:1972/4740 train_time:353933ms step_avg:179.48ms
step:1973/4740 train_time:354115ms step_avg:179.48ms
step:1974/4740 train_time:354434ms step_avg:179.55ms
step:1975/4740 train_time:354619ms step_avg:179.55ms
step:1976/4740 train_time:354938ms step_avg:179.62ms
step:1977/4740 train_time:355118ms step_avg:179.62ms
step:1978/4740 train_time:355440ms step_avg:179.70ms
step:1979/4740 train_time:355622ms step_avg:179.70ms
step:1980/4740 train_time:355943ms step_avg:179.77ms
step:1981/4740 train_time:356126ms step_avg:179.77ms
step:1982/4740 train_time:356449ms step_avg:179.84ms
step:1983/4740 train_time:356631ms step_avg:179.84ms
step:1984/4740 train_time:356952ms step_avg:179.92ms
step:1985/4740 train_time:357134ms step_avg:179.92ms
step:1986/4740 train_time:357455ms step_avg:179.99ms
step:1987/4740 train_time:357639ms step_avg:179.99ms
step:1988/4740 train_time:357963ms step_avg:180.06ms
step:1989/4740 train_time:358144ms step_avg:180.06ms
step:1990/4740 train_time:358465ms step_avg:180.13ms
step:1991/4740 train_time:358647ms step_avg:180.13ms
step:1992/4740 train_time:358968ms step_avg:180.20ms
step:1993/4740 train_time:359145ms step_avg:180.20ms
step:1994/4740 train_time:359466ms step_avg:180.27ms
step:1995/4740 train_time:359645ms step_avg:180.27ms
step:1996/4740 train_time:359969ms step_avg:180.35ms
step:1997/4740 train_time:360148ms step_avg:180.34ms
step:1998/4740 train_time:360468ms step_avg:180.41ms
step:1999/4740 train_time:360653ms step_avg:180.42ms
step:2000/4740 train_time:360974ms step_avg:180.49ms
step:2000/4740 val_loss:3.1984 train_time:361103ms step_avg:180.55ms
step:2001/4740 train_time:361159ms step_avg:180.49ms
step:2002/4740 train_time:361482ms step_avg:180.56ms
step:2003/4740 train_time:361669ms step_avg:180.56ms
step:2004/4740 train_time:361985ms step_avg:180.63ms
step:2005/4740 train_time:362167ms step_avg:180.63ms
step:2006/4740 train_time:362486ms step_avg:180.70ms
step:2007/4740 train_time:362672ms step_avg:180.70ms
step:2008/4740 train_time:362993ms step_avg:180.77ms
step:2009/4740 train_time:363175ms step_avg:180.77ms
step:2010/4740 train_time:363500ms step_avg:180.85ms
step:2011/4740 train_time:363680ms step_avg:180.85ms
step:2012/4740 train_time:364001ms step_avg:180.91ms
step:2013/4740 train_time:364182ms step_avg:180.92ms
step:2014/4740 train_time:364502ms step_avg:180.98ms
step:2015/4740 train_time:364686ms step_avg:180.99ms
step:2016/4740 train_time:365007ms step_avg:181.05ms
step:2017/4740 train_time:365188ms step_avg:181.06ms
step:2018/4740 train_time:365509ms step_avg:181.12ms
step:2019/4740 train_time:365690ms step_avg:181.12ms
step:2020/4740 train_time:366012ms step_avg:181.19ms
step:2021/4740 train_time:366195ms step_avg:181.19ms
step:2022/4740 train_time:366515ms step_avg:181.26ms
step:2023/4740 train_time:366696ms step_avg:181.26ms
step:2024/4740 train_time:367020ms step_avg:181.33ms
step:2025/4740 train_time:367202ms step_avg:181.33ms
step:2026/4740 train_time:367519ms step_avg:181.40ms
step:2027/4740 train_time:367702ms step_avg:181.40ms
step:2028/4740 train_time:368023ms step_avg:181.47ms
step:2029/4740 train_time:368202ms step_avg:181.47ms
step:2030/4740 train_time:368524ms step_avg:181.54ms
step:2031/4740 train_time:368704ms step_avg:181.54ms
step:2032/4740 train_time:369026ms step_avg:181.61ms
step:2033/4740 train_time:369203ms step_avg:181.61ms
step:2034/4740 train_time:369530ms step_avg:181.68ms
step:2035/4740 train_time:369709ms step_avg:181.68ms
step:2036/4740 train_time:370031ms step_avg:181.74ms
step:2037/4740 train_time:370208ms step_avg:181.74ms
step:2038/4740 train_time:370532ms step_avg:181.81ms
step:2039/4740 train_time:370714ms step_avg:181.81ms
step:2040/4740 train_time:371036ms step_avg:181.88ms
step:2041/4740 train_time:371215ms step_avg:181.88ms
step:2042/4740 train_time:371534ms step_avg:181.95ms
step:2043/4740 train_time:371717ms step_avg:181.95ms
step:2044/4740 train_time:372037ms step_avg:182.01ms
step:2045/4740 train_time:372219ms step_avg:182.01ms
step:2046/4740 train_time:372540ms step_avg:182.08ms
step:2047/4740 train_time:372722ms step_avg:182.08ms
step:2048/4740 train_time:373043ms step_avg:182.15ms
step:2049/4740 train_time:373222ms step_avg:182.15ms
step:2050/4740 train_time:373542ms step_avg:182.22ms
step:2051/4740 train_time:373725ms step_avg:182.22ms
step:2052/4740 train_time:374046ms step_avg:182.28ms
step:2053/4740 train_time:374228ms step_avg:182.28ms
step:2054/4740 train_time:374546ms step_avg:182.35ms
step:2055/4740 train_time:374731ms step_avg:182.35ms
step:2056/4740 train_time:375053ms step_avg:182.42ms
step:2057/4740 train_time:375234ms step_avg:182.42ms
step:2058/4740 train_time:375556ms step_avg:182.49ms
step:2059/4740 train_time:375744ms step_avg:182.49ms
step:2060/4740 train_time:376064ms step_avg:182.56ms
step:2061/4740 train_time:376243ms step_avg:182.55ms
step:2062/4740 train_time:376564ms step_avg:182.62ms
step:2063/4740 train_time:376743ms step_avg:182.62ms
step:2064/4740 train_time:377066ms step_avg:182.69ms
step:2065/4740 train_time:377251ms step_avg:182.69ms
step:2066/4740 train_time:377571ms step_avg:182.75ms
step:2067/4740 train_time:377752ms step_avg:182.75ms
step:2068/4740 train_time:378075ms step_avg:182.82ms
step:2069/4740 train_time:378258ms step_avg:182.82ms
step:2070/4740 train_time:378574ms step_avg:182.89ms
step:2071/4740 train_time:378757ms step_avg:182.89ms
step:2072/4740 train_time:379082ms step_avg:182.95ms
step:2073/4740 train_time:379265ms step_avg:182.95ms
step:2074/4740 train_time:379584ms step_avg:183.02ms
step:2075/4740 train_time:379770ms step_avg:183.02ms
step:2076/4740 train_time:380096ms step_avg:183.09ms
step:2077/4740 train_time:380273ms step_avg:183.09ms
step:2078/4740 train_time:380592ms step_avg:183.15ms
step:2079/4740 train_time:380774ms step_avg:183.15ms
step:2080/4740 train_time:381089ms step_avg:183.22ms
step:2081/4740 train_time:381275ms step_avg:183.22ms
step:2082/4740 train_time:381595ms step_avg:183.28ms
step:2083/4740 train_time:381773ms step_avg:183.28ms
step:2084/4740 train_time:382094ms step_avg:183.35ms
step:2085/4740 train_time:382275ms step_avg:183.35ms
step:2086/4740 train_time:382595ms step_avg:183.41ms
step:2087/4740 train_time:382779ms step_avg:183.41ms
step:2088/4740 train_time:383100ms step_avg:183.48ms
step:2089/4740 train_time:383283ms step_avg:183.48ms
step:2090/4740 train_time:383603ms step_avg:183.54ms
step:2091/4740 train_time:383783ms step_avg:183.54ms
step:2092/4740 train_time:384102ms step_avg:183.61ms
step:2093/4740 train_time:384284ms step_avg:183.60ms
step:2094/4740 train_time:384603ms step_avg:183.67ms
step:2095/4740 train_time:384789ms step_avg:183.67ms
step:2096/4740 train_time:385105ms step_avg:183.73ms
step:2097/4740 train_time:385287ms step_avg:183.73ms
step:2098/4740 train_time:385609ms step_avg:183.80ms
step:2099/4740 train_time:385796ms step_avg:183.80ms
step:2100/4740 train_time:386116ms step_avg:183.86ms
step:2101/4740 train_time:386298ms step_avg:183.86ms
step:2102/4740 train_time:386615ms step_avg:183.93ms
step:2103/4740 train_time:386800ms step_avg:183.93ms
step:2104/4740 train_time:387124ms step_avg:183.99ms
step:2105/4740 train_time:387302ms step_avg:183.99ms
step:2106/4740 train_time:387624ms step_avg:184.06ms
step:2107/4740 train_time:387805ms step_avg:184.06ms
step:2108/4740 train_time:388126ms step_avg:184.12ms
step:2109/4740 train_time:388308ms step_avg:184.12ms
step:2110/4740 train_time:388631ms step_avg:184.19ms
step:2111/4740 train_time:388810ms step_avg:184.18ms
step:2112/4740 train_time:389134ms step_avg:184.25ms
step:2113/4740 train_time:389314ms step_avg:184.25ms
step:2114/4740 train_time:389634ms step_avg:184.31ms
step:2115/4740 train_time:389818ms step_avg:184.31ms
step:2116/4740 train_time:390139ms step_avg:184.38ms
step:2117/4740 train_time:390322ms step_avg:184.38ms
step:2118/4740 train_time:390643ms step_avg:184.44ms
step:2119/4740 train_time:390821ms step_avg:184.44ms
step:2120/4740 train_time:391143ms step_avg:184.50ms
step:2121/4740 train_time:391324ms step_avg:184.50ms
step:2122/4740 train_time:391648ms step_avg:184.57ms
step:2123/4740 train_time:391829ms step_avg:184.56ms
step:2124/4740 train_time:392150ms step_avg:184.63ms
step:2125/4740 train_time:392331ms step_avg:184.63ms
step:2126/4740 train_time:392648ms step_avg:184.69ms
step:2127/4740 train_time:392831ms step_avg:184.69ms
step:2128/4740 train_time:393153ms step_avg:184.75ms
step:2129/4740 train_time:393333ms step_avg:184.75ms
step:2130/4740 train_time:393654ms step_avg:184.81ms
step:2131/4740 train_time:393836ms step_avg:184.81ms
step:2132/4740 train_time:394154ms step_avg:184.88ms
step:2133/4740 train_time:394336ms step_avg:184.87ms
step:2134/4740 train_time:394656ms step_avg:184.94ms
step:2135/4740 train_time:394837ms step_avg:184.94ms
step:2136/4740 train_time:395160ms step_avg:185.00ms
step:2137/4740 train_time:395339ms step_avg:185.00ms
step:2138/4740 train_time:395659ms step_avg:185.06ms
step:2139/4740 train_time:395843ms step_avg:185.06ms
step:2140/4740 train_time:396165ms step_avg:185.12ms
step:2141/4740 train_time:396344ms step_avg:185.12ms
step:2142/4740 train_time:396664ms step_avg:185.18ms
step:2143/4740 train_time:396846ms step_avg:185.18ms
step:2144/4740 train_time:397167ms step_avg:185.25ms
step:2145/4740 train_time:397347ms step_avg:185.24ms
step:2146/4740 train_time:397668ms step_avg:185.31ms
step:2147/4740 train_time:397851ms step_avg:185.31ms
step:2148/4740 train_time:398170ms step_avg:185.37ms
step:2149/4740 train_time:398350ms step_avg:185.37ms
step:2150/4740 train_time:398670ms step_avg:185.43ms
step:2151/4740 train_time:398851ms step_avg:185.43ms
step:2152/4740 train_time:399171ms step_avg:185.49ms
step:2153/4740 train_time:399356ms step_avg:185.49ms
step:2154/4740 train_time:399679ms step_avg:185.55ms
step:2155/4740 train_time:399859ms step_avg:185.55ms
step:2156/4740 train_time:400180ms step_avg:185.61ms
step:2157/4740 train_time:400362ms step_avg:185.61ms
step:2158/4740 train_time:400683ms step_avg:185.67ms
step:2159/4740 train_time:400862ms step_avg:185.67ms
step:2160/4740 train_time:401183ms step_avg:185.73ms
step:2161/4740 train_time:401365ms step_avg:185.73ms
step:2162/4740 train_time:401685ms step_avg:185.79ms
step:2163/4740 train_time:401868ms step_avg:185.79ms
step:2164/4740 train_time:402189ms step_avg:185.85ms
step:2165/4740 train_time:402368ms step_avg:185.85ms
step:2166/4740 train_time:402691ms step_avg:185.91ms
step:2167/4740 train_time:402873ms step_avg:185.91ms
step:2168/4740 train_time:403195ms step_avg:185.98ms
step:2169/4740 train_time:403377ms step_avg:185.97ms
step:2170/4740 train_time:403698ms step_avg:186.04ms
step:2171/4740 train_time:403880ms step_avg:186.03ms
step:2172/4740 train_time:404201ms step_avg:186.10ms
step:2173/4740 train_time:404380ms step_avg:186.09ms
step:2174/4740 train_time:404702ms step_avg:186.16ms
step:2175/4740 train_time:404885ms step_avg:186.15ms
step:2176/4740 train_time:405209ms step_avg:186.22ms
step:2177/4740 train_time:405390ms step_avg:186.21ms
step:2178/4740 train_time:405711ms step_avg:186.28ms
step:2179/4740 train_time:405888ms step_avg:186.27ms
step:2180/4740 train_time:406210ms step_avg:186.33ms
step:2181/4740 train_time:406392ms step_avg:186.33ms
step:2182/4740 train_time:406711ms step_avg:186.39ms
step:2183/4740 train_time:406892ms step_avg:186.39ms
step:2184/4740 train_time:407212ms step_avg:186.45ms
step:2185/4740 train_time:407396ms step_avg:186.45ms
step:2186/4740 train_time:407717ms step_avg:186.51ms
step:2187/4740 train_time:407899ms step_avg:186.51ms
step:2188/4740 train_time:408220ms step_avg:186.57ms
step:2189/4740 train_time:408401ms step_avg:186.57ms
step:2190/4740 train_time:408720ms step_avg:186.63ms
step:2191/4740 train_time:408902ms step_avg:186.63ms
step:2192/4740 train_time:409225ms step_avg:186.69ms
step:2193/4740 train_time:409407ms step_avg:186.69ms
step:2194/4740 train_time:409727ms step_avg:186.75ms
step:2195/4740 train_time:409909ms step_avg:186.75ms
step:2196/4740 train_time:410227ms step_avg:186.81ms
step:2197/4740 train_time:410415ms step_avg:186.81ms
step:2198/4740 train_time:410734ms step_avg:186.87ms
step:2199/4740 train_time:410918ms step_avg:186.87ms
step:2200/4740 train_time:411241ms step_avg:186.93ms
step:2201/4740 train_time:411419ms step_avg:186.92ms
step:2202/4740 train_time:411738ms step_avg:186.98ms
step:2203/4740 train_time:411919ms step_avg:186.98ms
step:2204/4740 train_time:412242ms step_avg:187.04ms
step:2205/4740 train_time:412425ms step_avg:187.04ms
step:2206/4740 train_time:412743ms step_avg:187.10ms
step:2207/4740 train_time:412925ms step_avg:187.10ms
step:2208/4740 train_time:413247ms step_avg:187.16ms
step:2209/4740 train_time:413426ms step_avg:187.16ms
step:2210/4740 train_time:413745ms step_avg:187.22ms
step:2211/4740 train_time:413929ms step_avg:187.21ms
step:2212/4740 train_time:414252ms step_avg:187.28ms
step:2213/4740 train_time:414431ms step_avg:187.27ms
step:2214/4740 train_time:414750ms step_avg:187.33ms
step:2215/4740 train_time:414933ms step_avg:187.33ms
step:2216/4740 train_time:415251ms step_avg:187.39ms
step:2217/4740 train_time:415436ms step_avg:187.39ms
step:2218/4740 train_time:415758ms step_avg:187.45ms
step:2219/4740 train_time:415942ms step_avg:187.45ms
step:2220/4740 train_time:416265ms step_avg:187.51ms
step:2221/4740 train_time:416450ms step_avg:187.51ms
step:2222/4740 train_time:416770ms step_avg:187.57ms
step:2223/4740 train_time:416953ms step_avg:187.56ms
step:2224/4740 train_time:417273ms step_avg:187.62ms
step:2225/4740 train_time:417456ms step_avg:187.62ms
step:2226/4740 train_time:417779ms step_avg:187.68ms
step:2227/4740 train_time:417961ms step_avg:187.68ms
step:2228/4740 train_time:418283ms step_avg:187.74ms
step:2229/4740 train_time:418459ms step_avg:187.73ms
step:2230/4740 train_time:418783ms step_avg:187.79ms
step:2231/4740 train_time:418961ms step_avg:187.79ms
step:2232/4740 train_time:419284ms step_avg:187.85ms
step:2233/4740 train_time:419462ms step_avg:187.85ms
step:2234/4740 train_time:419783ms step_avg:187.91ms
step:2235/4740 train_time:419965ms step_avg:187.90ms
step:2236/4740 train_time:420284ms step_avg:187.96ms
step:2237/4740 train_time:420465ms step_avg:187.96ms
step:2238/4740 train_time:420788ms step_avg:188.02ms
step:2239/4740 train_time:420971ms step_avg:188.02ms
step:2240/4740 train_time:421294ms step_avg:188.08ms
step:2241/4740 train_time:421475ms step_avg:188.07ms
step:2242/4740 train_time:421798ms step_avg:188.13ms
step:2243/4740 train_time:421978ms step_avg:188.13ms
step:2244/4740 train_time:422299ms step_avg:188.19ms
step:2245/4740 train_time:422478ms step_avg:188.19ms
step:2246/4740 train_time:422799ms step_avg:188.25ms
step:2247/4740 train_time:422979ms step_avg:188.24ms
step:2248/4740 train_time:423302ms step_avg:188.30ms
step:2249/4740 train_time:423484ms step_avg:188.30ms
step:2250/4740 train_time:423801ms step_avg:188.36ms
step:2250/4740 val_loss:3.1642 train_time:423934ms step_avg:188.42ms
step:2251/4740 train_time:423990ms step_avg:188.36ms
step:2252/4740 train_time:424314ms step_avg:188.42ms
step:2253/4740 train_time:424496ms step_avg:188.41ms
step:2254/4740 train_time:424814ms step_avg:188.47ms
step:2255/4740 train_time:424995ms step_avg:188.47ms
step:2256/4740 train_time:425320ms step_avg:188.53ms
step:2257/4740 train_time:425503ms step_avg:188.53ms
step:2258/4740 train_time:425822ms step_avg:188.58ms
step:2259/4740 train_time:426001ms step_avg:188.58ms
step:2260/4740 train_time:426325ms step_avg:188.64ms
step:2261/4740 train_time:426509ms step_avg:188.64ms
step:2262/4740 train_time:426831ms step_avg:188.70ms
step:2263/4740 train_time:427010ms step_avg:188.69ms
step:2264/4740 train_time:427332ms step_avg:188.75ms
step:2265/4740 train_time:427515ms step_avg:188.75ms
step:2266/4740 train_time:427834ms step_avg:188.81ms
step:2267/4740 train_time:428017ms step_avg:188.80ms
step:2268/4740 train_time:428340ms step_avg:188.86ms
step:2269/4740 train_time:428527ms step_avg:188.86ms
step:2270/4740 train_time:428848ms step_avg:188.92ms
step:2271/4740 train_time:429026ms step_avg:188.92ms
step:2272/4740 train_time:429351ms step_avg:188.97ms
step:2273/4740 train_time:429530ms step_avg:188.97ms
step:2274/4740 train_time:429850ms step_avg:189.03ms
step:2275/4740 train_time:430032ms step_avg:189.02ms
step:2276/4740 train_time:430354ms step_avg:189.08ms
step:2277/4740 train_time:430535ms step_avg:189.08ms
step:2278/4740 train_time:430855ms step_avg:189.14ms
step:2279/4740 train_time:431037ms step_avg:189.13ms
step:2280/4740 train_time:431357ms step_avg:189.19ms
step:2281/4740 train_time:431542ms step_avg:189.19ms
step:2282/4740 train_time:431862ms step_avg:189.25ms
step:2283/4740 train_time:432042ms step_avg:189.24ms
step:2284/4740 train_time:432364ms step_avg:189.30ms
step:2285/4740 train_time:432544ms step_avg:189.30ms
step:2286/4740 train_time:432864ms step_avg:189.35ms
step:2287/4740 train_time:433044ms step_avg:189.35ms
step:2288/4740 train_time:433365ms step_avg:189.41ms
step:2289/4740 train_time:433546ms step_avg:189.40ms
step:2290/4740 train_time:433866ms step_avg:189.46ms
step:2291/4740 train_time:434046ms step_avg:189.46ms
step:2292/4740 train_time:434369ms step_avg:189.52ms
step:2293/4740 train_time:434550ms step_avg:189.51ms
step:2294/4740 train_time:434876ms step_avg:189.57ms
step:2295/4740 train_time:435053ms step_avg:189.57ms
step:2296/4740 train_time:435377ms step_avg:189.62ms
step:2297/4740 train_time:435556ms step_avg:189.62ms
step:2298/4740 train_time:435876ms step_avg:189.68ms
step:2299/4740 train_time:436058ms step_avg:189.67ms
step:2300/4740 train_time:436377ms step_avg:189.73ms
step:2301/4740 train_time:436563ms step_avg:189.73ms
step:2302/4740 train_time:436885ms step_avg:189.78ms
step:2303/4740 train_time:437065ms step_avg:189.78ms
step:2304/4740 train_time:437390ms step_avg:189.84ms
step:2305/4740 train_time:437569ms step_avg:189.83ms
step:2306/4740 train_time:437892ms step_avg:189.89ms
step:2307/4740 train_time:438074ms step_avg:189.89ms
step:2308/4740 train_time:438393ms step_avg:189.95ms
step:2309/4740 train_time:438577ms step_avg:189.94ms
step:2310/4740 train_time:438900ms step_avg:190.00ms
step:2311/4740 train_time:439080ms step_avg:190.00ms
step:2312/4740 train_time:439401ms step_avg:190.05ms
step:2313/4740 train_time:439582ms step_avg:190.05ms
step:2314/4740 train_time:439905ms step_avg:190.11ms
step:2315/4740 train_time:440085ms step_avg:190.10ms
step:2316/4740 train_time:440406ms step_avg:190.16ms
step:2317/4740 train_time:440588ms step_avg:190.15ms
step:2318/4740 train_time:440909ms step_avg:190.21ms
step:2319/4740 train_time:441092ms step_avg:190.21ms
step:2320/4740 train_time:441410ms step_avg:190.26ms
step:2321/4740 train_time:441593ms step_avg:190.26ms
step:2322/4740 train_time:441912ms step_avg:190.32ms
step:2323/4740 train_time:442093ms step_avg:190.31ms
step:2324/4740 train_time:442413ms step_avg:190.37ms
step:2325/4740 train_time:442597ms step_avg:190.36ms
step:2326/4740 train_time:442919ms step_avg:190.42ms
step:2327/4740 train_time:443101ms step_avg:190.42ms
step:2328/4740 train_time:443424ms step_avg:190.47ms
step:2329/4740 train_time:443604ms step_avg:190.47ms
step:2330/4740 train_time:443926ms step_avg:190.53ms
step:2331/4740 train_time:444103ms step_avg:190.52ms
step:2332/4740 train_time:444426ms step_avg:190.58ms
step:2333/4740 train_time:444608ms step_avg:190.57ms
step:2334/4740 train_time:444927ms step_avg:190.63ms
step:2335/4740 train_time:445110ms step_avg:190.63ms
step:2336/4740 train_time:445432ms step_avg:190.68ms
step:2337/4740 train_time:445610ms step_avg:190.68ms
step:2338/4740 train_time:445929ms step_avg:190.73ms
step:2339/4740 train_time:446114ms step_avg:190.73ms
step:2340/4740 train_time:446440ms step_avg:190.79ms
step:2341/4740 train_time:446618ms step_avg:190.78ms
step:2342/4740 train_time:446936ms step_avg:190.84ms
step:2343/4740 train_time:447118ms step_avg:190.83ms
step:2344/4740 train_time:447439ms step_avg:190.89ms
step:2345/4740 train_time:447618ms step_avg:190.88ms
step:2346/4740 train_time:447937ms step_avg:190.94ms
step:2347/4740 train_time:448116ms step_avg:190.93ms
step:2348/4740 train_time:448436ms step_avg:190.99ms
step:2349/4740 train_time:448619ms step_avg:190.98ms
step:2350/4740 train_time:448939ms step_avg:191.04ms
step:2351/4740 train_time:449120ms step_avg:191.03ms
step:2352/4740 train_time:449443ms step_avg:191.09ms
step:2353/4740 train_time:449625ms step_avg:191.09ms
step:2354/4740 train_time:449946ms step_avg:191.14ms
step:2355/4740 train_time:450126ms step_avg:191.14ms
step:2356/4740 train_time:450448ms step_avg:191.19ms
step:2357/4740 train_time:450631ms step_avg:191.19ms
step:2358/4740 train_time:450953ms step_avg:191.24ms
step:2359/4740 train_time:451140ms step_avg:191.24ms
step:2360/4740 train_time:451461ms step_avg:191.30ms
step:2361/4740 train_time:451646ms step_avg:191.29ms
step:2362/4740 train_time:451969ms step_avg:191.35ms
step:2363/4740 train_time:452146ms step_avg:191.34ms
step:2364/4740 train_time:452469ms step_avg:191.40ms
step:2365/4740 train_time:452650ms step_avg:191.40ms
step:2366/4740 train_time:452976ms step_avg:191.45ms
step:2367/4740 train_time:453158ms step_avg:191.45ms
step:2368/4740 train_time:453483ms step_avg:191.50ms
step:2369/4740 train_time:453661ms step_avg:191.50ms
step:2370/4740 train_time:453982ms step_avg:191.55ms
step:2371/4740 train_time:454167ms step_avg:191.55ms
step:2372/4740 train_time:454490ms step_avg:191.61ms
step:2373/4740 train_time:454672ms step_avg:191.60ms
step:2374/4740 train_time:454995ms step_avg:191.66ms
step:2375/4740 train_time:455179ms step_avg:191.65ms
step:2376/4740 train_time:455502ms step_avg:191.71ms
step:2377/4740 train_time:455683ms step_avg:191.71ms
step:2378/4740 train_time:456001ms step_avg:191.76ms
step:2379/4740 train_time:456186ms step_avg:191.76ms
step:2380/4740 train_time:456509ms step_avg:191.81ms
step:2381/4740 train_time:456692ms step_avg:191.81ms
step:2382/4740 train_time:457013ms step_avg:191.86ms
step:2383/4740 train_time:457197ms step_avg:191.86ms
step:2384/4740 train_time:457519ms step_avg:191.91ms
step:2385/4740 train_time:457704ms step_avg:191.91ms
step:2386/4740 train_time:458024ms step_avg:191.96ms
step:2387/4740 train_time:458206ms step_avg:191.96ms
step:2388/4740 train_time:458528ms step_avg:192.01ms
step:2389/4740 train_time:458708ms step_avg:192.01ms
step:2390/4740 train_time:459030ms step_avg:192.06ms
step:2391/4740 train_time:459210ms step_avg:192.06ms
step:2392/4740 train_time:459533ms step_avg:192.11ms
step:2393/4740 train_time:459713ms step_avg:192.11ms
step:2394/4740 train_time:460033ms step_avg:192.16ms
step:2395/4740 train_time:460213ms step_avg:192.16ms
step:2396/4740 train_time:460538ms step_avg:192.21ms
step:2397/4740 train_time:460720ms step_avg:192.21ms
step:2398/4740 train_time:461043ms step_avg:192.26ms
step:2399/4740 train_time:461228ms step_avg:192.26ms
step:2400/4740 train_time:461545ms step_avg:192.31ms
step:2401/4740 train_time:461726ms step_avg:192.31ms
step:2402/4740 train_time:462050ms step_avg:192.36ms
step:2403/4740 train_time:462232ms step_avg:192.36ms
step:2404/4740 train_time:462556ms step_avg:192.41ms
step:2405/4740 train_time:462738ms step_avg:192.41ms
step:2406/4740 train_time:463061ms step_avg:192.46ms
step:2407/4740 train_time:463242ms step_avg:192.46ms
step:2408/4740 train_time:463562ms step_avg:192.51ms
step:2409/4740 train_time:463746ms step_avg:192.51ms
step:2410/4740 train_time:464069ms step_avg:192.56ms
step:2411/4740 train_time:464251ms step_avg:192.56ms
step:2412/4740 train_time:464570ms step_avg:192.61ms
step:2413/4740 train_time:464754ms step_avg:192.60ms
step:2414/4740 train_time:465074ms step_avg:192.66ms
step:2415/4740 train_time:465257ms step_avg:192.65ms
step:2416/4740 train_time:465581ms step_avg:192.71ms
step:2417/4740 train_time:465760ms step_avg:192.70ms
step:2418/4740 train_time:466083ms step_avg:192.76ms
step:2419/4740 train_time:466263ms step_avg:192.75ms
step:2420/4740 train_time:466586ms step_avg:192.80ms
step:2421/4740 train_time:466767ms step_avg:192.80ms
step:2422/4740 train_time:467090ms step_avg:192.85ms
step:2423/4740 train_time:467275ms step_avg:192.85ms
step:2424/4740 train_time:467601ms step_avg:192.90ms
step:2425/4740 train_time:467787ms step_avg:192.90ms
step:2426/4740 train_time:468110ms step_avg:192.96ms
step:2427/4740 train_time:468293ms step_avg:192.95ms
step:2428/4740 train_time:468619ms step_avg:193.01ms
step:2429/4740 train_time:468799ms step_avg:193.00ms
step:2430/4740 train_time:469121ms step_avg:193.05ms
step:2431/4740 train_time:469304ms step_avg:193.05ms
step:2432/4740 train_time:469625ms step_avg:193.10ms
step:2433/4740 train_time:469811ms step_avg:193.10ms
step:2434/4740 train_time:470129ms step_avg:193.15ms
step:2435/4740 train_time:470314ms step_avg:193.15ms
step:2436/4740 train_time:470635ms step_avg:193.20ms
step:2437/4740 train_time:470819ms step_avg:193.20ms
step:2438/4740 train_time:471143ms step_avg:193.25ms
step:2439/4740 train_time:471325ms step_avg:193.25ms
step:2440/4740 train_time:471648ms step_avg:193.30ms
step:2441/4740 train_time:471826ms step_avg:193.29ms
step:2442/4740 train_time:472149ms step_avg:193.35ms
step:2443/4740 train_time:472331ms step_avg:193.34ms
step:2444/4740 train_time:472653ms step_avg:193.39ms
step:2445/4740 train_time:472837ms step_avg:193.39ms
step:2446/4740 train_time:473157ms step_avg:193.44ms
step:2447/4740 train_time:473338ms step_avg:193.44ms
step:2448/4740 train_time:473659ms step_avg:193.49ms
step:2449/4740 train_time:473842ms step_avg:193.48ms
step:2450/4740 train_time:474163ms step_avg:193.54ms
step:2451/4740 train_time:474346ms step_avg:193.53ms
step:2452/4740 train_time:474673ms step_avg:193.59ms
step:2453/4740 train_time:474855ms step_avg:193.58ms
step:2454/4740 train_time:475182ms step_avg:193.64ms
step:2455/4740 train_time:475362ms step_avg:193.63ms
step:2456/4740 train_time:475682ms step_avg:193.68ms
step:2457/4740 train_time:475863ms step_avg:193.68ms
step:2458/4740 train_time:476185ms step_avg:193.73ms
step:2459/4740 train_time:476362ms step_avg:193.72ms
step:2460/4740 train_time:476686ms step_avg:193.77ms
step:2461/4740 train_time:476864ms step_avg:193.77ms
step:2462/4740 train_time:477186ms step_avg:193.82ms
step:2463/4740 train_time:477370ms step_avg:193.82ms
step:2464/4740 train_time:477693ms step_avg:193.87ms
step:2465/4740 train_time:477874ms step_avg:193.86ms
step:2466/4740 train_time:478197ms step_avg:193.92ms
step:2467/4740 train_time:478378ms step_avg:193.91ms
step:2468/4740 train_time:478701ms step_avg:193.96ms
step:2469/4740 train_time:478882ms step_avg:193.96ms
step:2470/4740 train_time:479202ms step_avg:194.01ms
step:2471/4740 train_time:479382ms step_avg:194.00ms
step:2472/4740 train_time:479703ms step_avg:194.05ms
step:2473/4740 train_time:479885ms step_avg:194.05ms
step:2474/4740 train_time:480204ms step_avg:194.10ms
step:2475/4740 train_time:480385ms step_avg:194.10ms
step:2476/4740 train_time:480707ms step_avg:194.15ms
step:2477/4740 train_time:480888ms step_avg:194.14ms
step:2478/4740 train_time:481207ms step_avg:194.19ms
step:2479/4740 train_time:481390ms step_avg:194.19ms
step:2480/4740 train_time:481716ms step_avg:194.24ms
step:2481/4740 train_time:481896ms step_avg:194.23ms
step:2482/4740 train_time:482217ms step_avg:194.29ms
step:2483/4740 train_time:482401ms step_avg:194.28ms
step:2484/4740 train_time:482724ms step_avg:194.33ms
step:2485/4740 train_time:482905ms step_avg:194.33ms
step:2486/4740 train_time:483229ms step_avg:194.38ms
step:2487/4740 train_time:483410ms step_avg:194.37ms
step:2488/4740 train_time:483728ms step_avg:194.42ms
step:2489/4740 train_time:483914ms step_avg:194.42ms
step:2490/4740 train_time:484236ms step_avg:194.47ms
step:2491/4740 train_time:484417ms step_avg:194.47ms
step:2492/4740 train_time:484739ms step_avg:194.52ms
step:2493/4740 train_time:484923ms step_avg:194.51ms
step:2494/4740 train_time:485238ms step_avg:194.56ms
step:2495/4740 train_time:485422ms step_avg:194.56ms
step:2496/4740 train_time:485740ms step_avg:194.61ms
step:2497/4740 train_time:485923ms step_avg:194.60ms
step:2498/4740 train_time:486245ms step_avg:194.65ms
step:2499/4740 train_time:486431ms step_avg:194.65ms
step:2500/4740 train_time:486754ms step_avg:194.70ms
step:2500/4740 val_loss:3.1329 train_time:486878ms step_avg:194.75ms
step:2501/4740 train_time:486934ms step_avg:194.70ms
step:2502/4740 train_time:487264ms step_avg:194.75ms
step:2503/4740 train_time:487446ms step_avg:194.74ms
step:2504/4740 train_time:487763ms step_avg:194.79ms
step:2505/4740 train_time:487946ms step_avg:194.79ms
step:2506/4740 train_time:488271ms step_avg:194.84ms
step:2507/4740 train_time:488453ms step_avg:194.84ms
step:2508/4740 train_time:488773ms step_avg:194.89ms
step:2509/4740 train_time:488955ms step_avg:194.88ms
step:2510/4740 train_time:489282ms step_avg:194.93ms
step:2511/4740 train_time:489463ms step_avg:194.93ms
step:2512/4740 train_time:489784ms step_avg:194.98ms
step:2513/4740 train_time:489962ms step_avg:194.97ms
step:2514/4740 train_time:490285ms step_avg:195.02ms
step:2515/4740 train_time:490470ms step_avg:195.02ms
step:2516/4740 train_time:490789ms step_avg:195.07ms
step:2517/4740 train_time:490971ms step_avg:195.06ms
step:2518/4740 train_time:491293ms step_avg:195.11ms
step:2519/4740 train_time:491474ms step_avg:195.11ms
step:2520/4740 train_time:491794ms step_avg:195.16ms
step:2521/4740 train_time:491976ms step_avg:195.15ms
step:2522/4740 train_time:492298ms step_avg:195.20ms
step:2523/4740 train_time:492479ms step_avg:195.20ms
step:2524/4740 train_time:492798ms step_avg:195.24ms
step:2525/4740 train_time:492982ms step_avg:195.24ms
step:2526/4740 train_time:493305ms step_avg:195.29ms
step:2527/4740 train_time:493488ms step_avg:195.29ms
step:2528/4740 train_time:493810ms step_avg:195.34ms
step:2529/4740 train_time:493989ms step_avg:195.33ms
step:2530/4740 train_time:494311ms step_avg:195.38ms
step:2531/4740 train_time:494496ms step_avg:195.38ms
step:2532/4740 train_time:494821ms step_avg:195.43ms
step:2533/4740 train_time:495000ms step_avg:195.42ms
step:2534/4740 train_time:495324ms step_avg:195.47ms
step:2535/4740 train_time:495510ms step_avg:195.47ms
step:2536/4740 train_time:495834ms step_avg:195.52ms
step:2537/4740 train_time:496016ms step_avg:195.51ms
step:2538/4740 train_time:496335ms step_avg:195.56ms
step:2539/4740 train_time:496520ms step_avg:195.56ms
step:2540/4740 train_time:496840ms step_avg:195.61ms
step:2541/4740 train_time:497027ms step_avg:195.60ms
step:2542/4740 train_time:497347ms step_avg:195.65ms
step:2543/4740 train_time:497529ms step_avg:195.65ms
step:2544/4740 train_time:497850ms step_avg:195.70ms
step:2545/4740 train_time:498031ms step_avg:195.69ms
step:2546/4740 train_time:498352ms step_avg:195.74ms
step:2547/4740 train_time:498539ms step_avg:195.74ms
step:2548/4740 train_time:498860ms step_avg:195.79ms
step:2549/4740 train_time:499042ms step_avg:195.78ms
step:2550/4740 train_time:499362ms step_avg:195.83ms
step:2551/4740 train_time:499546ms step_avg:195.82ms
step:2552/4740 train_time:499867ms step_avg:195.87ms
step:2553/4740 train_time:500048ms step_avg:195.87ms
step:2554/4740 train_time:500372ms step_avg:195.92ms
step:2555/4740 train_time:500553ms step_avg:195.91ms
step:2556/4740 train_time:500874ms step_avg:195.96ms
step:2557/4740 train_time:501055ms step_avg:195.95ms
step:2558/4740 train_time:501381ms step_avg:196.01ms
step:2559/4740 train_time:501562ms step_avg:196.00ms
step:2560/4740 train_time:501884ms step_avg:196.05ms
step:2561/4740 train_time:502066ms step_avg:196.04ms
step:2562/4740 train_time:502388ms step_avg:196.09ms
step:2563/4740 train_time:502571ms step_avg:196.09ms
step:2564/4740 train_time:502892ms step_avg:196.14ms
step:2565/4740 train_time:503077ms step_avg:196.13ms
step:2566/4740 train_time:503398ms step_avg:196.18ms
step:2567/4740 train_time:503582ms step_avg:196.18ms
step:2568/4740 train_time:503903ms step_avg:196.22ms
step:2569/4740 train_time:504085ms step_avg:196.22ms
step:2570/4740 train_time:504407ms step_avg:196.27ms
step:2571/4740 train_time:504592ms step_avg:196.26ms
step:2572/4740 train_time:504914ms step_avg:196.31ms
step:2573/4740 train_time:505098ms step_avg:196.31ms
step:2574/4740 train_time:505417ms step_avg:196.35ms
step:2575/4740 train_time:505600ms step_avg:196.35ms
step:2576/4740 train_time:505922ms step_avg:196.40ms
step:2577/4740 train_time:506107ms step_avg:196.39ms
step:2578/4740 train_time:506428ms step_avg:196.44ms
step:2579/4740 train_time:506612ms step_avg:196.44ms
step:2580/4740 train_time:506934ms step_avg:196.49ms
step:2581/4740 train_time:507112ms step_avg:196.48ms
step:2582/4740 train_time:507432ms step_avg:196.53ms
step:2583/4740 train_time:507612ms step_avg:196.52ms
step:2584/4740 train_time:507934ms step_avg:196.57ms
step:2585/4740 train_time:508115ms step_avg:196.56ms
step:2586/4740 train_time:508439ms step_avg:196.61ms
step:2587/4740 train_time:508619ms step_avg:196.61ms
step:2588/4740 train_time:508943ms step_avg:196.65ms
step:2589/4740 train_time:509124ms step_avg:196.65ms
step:2590/4740 train_time:509444ms step_avg:196.70ms
step:2591/4740 train_time:509624ms step_avg:196.69ms
step:2592/4740 train_time:509947ms step_avg:196.74ms
step:2593/4740 train_time:510130ms step_avg:196.73ms
step:2594/4740 train_time:510453ms step_avg:196.78ms
step:2595/4740 train_time:510636ms step_avg:196.78ms
step:2596/4740 train_time:510954ms step_avg:196.82ms
step:2597/4740 train_time:511136ms step_avg:196.82ms
step:2598/4740 train_time:511455ms step_avg:196.86ms
step:2599/4740 train_time:511643ms step_avg:196.86ms
step:2600/4740 train_time:511963ms step_avg:196.91ms
step:2601/4740 train_time:512146ms step_avg:196.90ms
step:2602/4740 train_time:512465ms step_avg:196.95ms
step:2603/4740 train_time:512648ms step_avg:196.95ms
step:2604/4740 train_time:512968ms step_avg:196.99ms
step:2605/4740 train_time:513151ms step_avg:196.99ms
step:2606/4740 train_time:513472ms step_avg:197.03ms
step:2607/4740 train_time:513652ms step_avg:197.03ms
step:2608/4740 train_time:513974ms step_avg:197.08ms
step:2609/4740 train_time:514159ms step_avg:197.07ms
step:2610/4740 train_time:514481ms step_avg:197.12ms
step:2611/4740 train_time:514665ms step_avg:197.11ms
step:2612/4740 train_time:514985ms step_avg:197.16ms
step:2613/4740 train_time:515168ms step_avg:197.16ms
step:2614/4740 train_time:515487ms step_avg:197.20ms
step:2615/4740 train_time:515669ms step_avg:197.20ms
step:2616/4740 train_time:515988ms step_avg:197.24ms
step:2617/4740 train_time:516174ms step_avg:197.24ms
step:2618/4740 train_time:516494ms step_avg:197.29ms
step:2619/4740 train_time:516677ms step_avg:197.28ms
step:2620/4740 train_time:516995ms step_avg:197.33ms
step:2621/4740 train_time:517178ms step_avg:197.32ms
step:2622/4740 train_time:517499ms step_avg:197.37ms
step:2623/4740 train_time:517681ms step_avg:197.36ms
step:2624/4740 train_time:518002ms step_avg:197.41ms
step:2625/4740 train_time:518185ms step_avg:197.40ms
step:2626/4740 train_time:518503ms step_avg:197.45ms
step:2627/4740 train_time:518689ms step_avg:197.45ms
step:2628/4740 train_time:519008ms step_avg:197.49ms
step:2629/4740 train_time:519189ms step_avg:197.49ms
step:2630/4740 train_time:519512ms step_avg:197.53ms
step:2631/4740 train_time:519694ms step_avg:197.53ms
step:2632/4740 train_time:520016ms step_avg:197.57ms
step:2633/4740 train_time:520196ms step_avg:197.57ms
step:2634/4740 train_time:520518ms step_avg:197.61ms
step:2635/4740 train_time:520704ms step_avg:197.61ms
step:2636/4740 train_time:521029ms step_avg:197.66ms
step:2637/4740 train_time:521209ms step_avg:197.65ms
step:2638/4740 train_time:521531ms step_avg:197.70ms
step:2639/4740 train_time:521708ms step_avg:197.69ms
step:2640/4740 train_time:522029ms step_avg:197.74ms
step:2641/4740 train_time:522212ms step_avg:197.73ms
step:2642/4740 train_time:522533ms step_avg:197.78ms
step:2643/4740 train_time:522714ms step_avg:197.77ms
step:2644/4740 train_time:523032ms step_avg:197.82ms
step:2645/4740 train_time:523215ms step_avg:197.81ms
step:2646/4740 train_time:523540ms step_avg:197.86ms
step:2647/4740 train_time:523724ms step_avg:197.86ms
step:2648/4740 train_time:524045ms step_avg:197.90ms
step:2649/4740 train_time:524228ms step_avg:197.90ms
step:2650/4740 train_time:524552ms step_avg:197.94ms
step:2651/4740 train_time:524730ms step_avg:197.94ms
step:2652/4740 train_time:525050ms step_avg:197.98ms
step:2653/4740 train_time:525233ms step_avg:197.98ms
step:2654/4740 train_time:525556ms step_avg:198.02ms
step:2655/4740 train_time:525738ms step_avg:198.02ms
step:2656/4740 train_time:526064ms step_avg:198.07ms
step:2657/4740 train_time:526245ms step_avg:198.06ms
step:2658/4740 train_time:526568ms step_avg:198.11ms
step:2659/4740 train_time:526751ms step_avg:198.10ms
step:2660/4740 train_time:527071ms step_avg:198.15ms
step:2661/4740 train_time:527254ms step_avg:198.14ms
step:2662/4740 train_time:527576ms step_avg:198.19ms
step:2663/4740 train_time:527755ms step_avg:198.18ms
step:2664/4740 train_time:528082ms step_avg:198.23ms
step:2665/4740 train_time:528265ms step_avg:198.22ms
step:2666/4740 train_time:528591ms step_avg:198.27ms
step:2667/4740 train_time:528770ms step_avg:198.26ms
step:2668/4740 train_time:529091ms step_avg:198.31ms
step:2669/4740 train_time:529276ms step_avg:198.30ms
step:2670/4740 train_time:529594ms step_avg:198.35ms
step:2671/4740 train_time:529778ms step_avg:198.34ms
step:2672/4740 train_time:530097ms step_avg:198.39ms
step:2673/4740 train_time:530282ms step_avg:198.38ms
step:2674/4740 train_time:530603ms step_avg:198.43ms
step:2675/4740 train_time:530786ms step_avg:198.42ms
step:2676/4740 train_time:531110ms step_avg:198.47ms
step:2677/4740 train_time:531292ms step_avg:198.47ms
step:2678/4740 train_time:531615ms step_avg:198.51ms
step:2679/4740 train_time:531802ms step_avg:198.51ms
step:2680/4740 train_time:532123ms step_avg:198.55ms
step:2681/4740 train_time:532307ms step_avg:198.55ms
step:2682/4740 train_time:532630ms step_avg:198.59ms
step:2683/4740 train_time:532809ms step_avg:198.59ms
step:2684/4740 train_time:533129ms step_avg:198.63ms
step:2685/4740 train_time:533314ms step_avg:198.63ms
step:2686/4740 train_time:533636ms step_avg:198.67ms
step:2687/4740 train_time:533819ms step_avg:198.67ms
step:2688/4740 train_time:534140ms step_avg:198.71ms
step:2689/4740 train_time:534323ms step_avg:198.71ms
step:2690/4740 train_time:534648ms step_avg:198.75ms
step:2691/4740 train_time:534827ms step_avg:198.75ms
step:2692/4740 train_time:535148ms step_avg:198.79ms
step:2693/4740 train_time:535330ms step_avg:198.79ms
step:2694/4740 train_time:535655ms step_avg:198.83ms
step:2695/4740 train_time:535834ms step_avg:198.83ms
step:2696/4740 train_time:536158ms step_avg:198.87ms
step:2697/4740 train_time:536341ms step_avg:198.87ms
step:2698/4740 train_time:536662ms step_avg:198.91ms
step:2699/4740 train_time:536844ms step_avg:198.90ms
step:2700/4740 train_time:537166ms step_avg:198.95ms
step:2701/4740 train_time:537350ms step_avg:198.94ms
step:2702/4740 train_time:537671ms step_avg:198.99ms
step:2703/4740 train_time:537850ms step_avg:198.98ms
step:2704/4740 train_time:538172ms step_avg:199.03ms
step:2705/4740 train_time:538354ms step_avg:199.02ms
step:2706/4740 train_time:538677ms step_avg:199.07ms
step:2707/4740 train_time:538860ms step_avg:199.06ms
step:2708/4740 train_time:539178ms step_avg:199.11ms
step:2709/4740 train_time:539363ms step_avg:199.10ms
step:2710/4740 train_time:539685ms step_avg:199.15ms
step:2711/4740 train_time:539865ms step_avg:199.14ms
step:2712/4740 train_time:540185ms step_avg:199.18ms
step:2713/4740 train_time:540365ms step_avg:199.18ms
step:2714/4740 train_time:540688ms step_avg:199.22ms
step:2715/4740 train_time:540872ms step_avg:199.22ms
step:2716/4740 train_time:541192ms step_avg:199.26ms
step:2717/4740 train_time:541372ms step_avg:199.25ms
step:2718/4740 train_time:541692ms step_avg:199.30ms
step:2719/4740 train_time:541877ms step_avg:199.29ms
step:2720/4740 train_time:542195ms step_avg:199.34ms
step:2721/4740 train_time:542379ms step_avg:199.33ms
step:2722/4740 train_time:542698ms step_avg:199.37ms
step:2723/4740 train_time:542884ms step_avg:199.37ms
step:2724/4740 train_time:543208ms step_avg:199.42ms
step:2725/4740 train_time:543388ms step_avg:199.41ms
step:2726/4740 train_time:543710ms step_avg:199.45ms
step:2727/4740 train_time:543893ms step_avg:199.45ms
step:2728/4740 train_time:544216ms step_avg:199.49ms
step:2729/4740 train_time:544397ms step_avg:199.49ms
step:2730/4740 train_time:544717ms step_avg:199.53ms
step:2731/4740 train_time:544897ms step_avg:199.52ms
step:2732/4740 train_time:545221ms step_avg:199.57ms
step:2733/4740 train_time:545400ms step_avg:199.56ms
step:2734/4740 train_time:545721ms step_avg:199.61ms
step:2735/4740 train_time:545903ms step_avg:199.60ms
step:2736/4740 train_time:546225ms step_avg:199.64ms
step:2737/4740 train_time:546407ms step_avg:199.64ms
step:2738/4740 train_time:546728ms step_avg:199.68ms
step:2739/4740 train_time:546911ms step_avg:199.68ms
step:2740/4740 train_time:547230ms step_avg:199.72ms
step:2741/4740 train_time:547411ms step_avg:199.71ms
step:2742/4740 train_time:547731ms step_avg:199.76ms
step:2743/4740 train_time:547915ms step_avg:199.75ms
step:2744/4740 train_time:548235ms step_avg:199.79ms
step:2745/4740 train_time:548415ms step_avg:199.79ms
step:2746/4740 train_time:548741ms step_avg:199.83ms
step:2747/4740 train_time:548922ms step_avg:199.83ms
step:2748/4740 train_time:549247ms step_avg:199.87ms
step:2749/4740 train_time:549430ms step_avg:199.87ms
step:2750/4740 train_time:549752ms step_avg:199.91ms
step:2750/4740 val_loss:3.1059 train_time:549880ms step_avg:199.96ms
step:2751/4740 train_time:549935ms step_avg:199.90ms
step:2752/4740 train_time:550263ms step_avg:199.95ms
step:2753/4740 train_time:550448ms step_avg:199.94ms
step:2754/4740 train_time:550767ms step_avg:199.99ms
step:2755/4740 train_time:550951ms step_avg:199.98ms
step:2756/4740 train_time:551277ms step_avg:200.03ms
step:2757/4740 train_time:551465ms step_avg:200.02ms
step:2758/4740 train_time:551782ms step_avg:200.07ms
step:2759/4740 train_time:551966ms step_avg:200.06ms
step:2760/4740 train_time:552297ms step_avg:200.11ms
step:2761/4740 train_time:552478ms step_avg:200.10ms
step:2762/4740 train_time:552799ms step_avg:200.14ms
step:2763/4740 train_time:552985ms step_avg:200.14ms
step:2764/4740 train_time:553316ms step_avg:200.19ms
step:2765/4740 train_time:553498ms step_avg:200.18ms
step:2766/4740 train_time:553819ms step_avg:200.22ms
step:2767/4740 train_time:554000ms step_avg:200.22ms
step:2768/4740 train_time:554325ms step_avg:200.26ms
step:2769/4740 train_time:554504ms step_avg:200.25ms
step:2770/4740 train_time:554826ms step_avg:200.30ms
step:2771/4740 train_time:555009ms step_avg:200.29ms
step:2772/4740 train_time:555333ms step_avg:200.34ms
step:2773/4740 train_time:555518ms step_avg:200.33ms
step:2774/4740 train_time:555843ms step_avg:200.38ms
step:2775/4740 train_time:556024ms step_avg:200.37ms
step:2776/4740 train_time:556350ms step_avg:200.41ms
step:2777/4740 train_time:556533ms step_avg:200.41ms
step:2778/4740 train_time:556856ms step_avg:200.45ms
step:2779/4740 train_time:557037ms step_avg:200.45ms
step:2780/4740 train_time:557359ms step_avg:200.49ms
step:2781/4740 train_time:557539ms step_avg:200.48ms
step:2782/4740 train_time:557861ms step_avg:200.53ms
step:2783/4740 train_time:558044ms step_avg:200.52ms
step:2784/4740 train_time:558367ms step_avg:200.56ms
step:2785/4740 train_time:558550ms step_avg:200.56ms
step:2786/4740 train_time:558874ms step_avg:200.60ms
step:2787/4740 train_time:559059ms step_avg:200.60ms
step:2788/4740 train_time:559377ms step_avg:200.64ms
step:2789/4740 train_time:559563ms step_avg:200.63ms
step:2790/4740 train_time:559883ms step_avg:200.68ms
step:2791/4740 train_time:560068ms step_avg:200.67ms
step:2792/4740 train_time:560391ms step_avg:200.71ms
step:2793/4740 train_time:560574ms step_avg:200.71ms
step:2794/4740 train_time:560898ms step_avg:200.75ms
step:2795/4740 train_time:561081ms step_avg:200.74ms
step:2796/4740 train_time:561400ms step_avg:200.79ms
step:2797/4740 train_time:561585ms step_avg:200.78ms
step:2798/4740 train_time:561909ms step_avg:200.83ms
step:2799/4740 train_time:562092ms step_avg:200.82ms
step:2800/4740 train_time:562415ms step_avg:200.86ms
step:2801/4740 train_time:562599ms step_avg:200.86ms
step:2802/4740 train_time:562922ms step_avg:200.90ms
step:2803/4740 train_time:563103ms step_avg:200.89ms
step:2804/4740 train_time:563425ms step_avg:200.94ms
step:2805/4740 train_time:563611ms step_avg:200.93ms
step:2806/4740 train_time:563931ms step_avg:200.97ms
step:2807/4740 train_time:564117ms step_avg:200.97ms
step:2808/4740 train_time:564437ms step_avg:201.01ms
step:2809/4740 train_time:564621ms step_avg:201.00ms
step:2810/4740 train_time:564947ms step_avg:201.05ms
step:2811/4740 train_time:565124ms step_avg:201.04ms
step:2812/4740 train_time:565447ms step_avg:201.08ms
step:2813/4740 train_time:565629ms step_avg:201.08ms
step:2814/4740 train_time:565956ms step_avg:201.12ms
step:2815/4740 train_time:566134ms step_avg:201.11ms
step:2816/4740 train_time:566457ms step_avg:201.16ms
step:2817/4740 train_time:566636ms step_avg:201.15ms
step:2818/4740 train_time:566959ms step_avg:201.19ms
step:2819/4740 train_time:567139ms step_avg:201.18ms
step:2820/4740 train_time:567462ms step_avg:201.23ms
step:2821/4740 train_time:567643ms step_avg:201.22ms
step:2822/4740 train_time:567966ms step_avg:201.26ms
step:2823/4740 train_time:568149ms step_avg:201.26ms
step:2824/4740 train_time:568473ms step_avg:201.30ms
step:2825/4740 train_time:568652ms step_avg:201.29ms
step:2826/4740 train_time:568977ms step_avg:201.34ms
step:2827/4740 train_time:569162ms step_avg:201.33ms
step:2828/4740 train_time:569482ms step_avg:201.37ms
step:2829/4740 train_time:569671ms step_avg:201.37ms
step:2830/4740 train_time:569995ms step_avg:201.41ms
step:2831/4740 train_time:570177ms step_avg:201.40ms
step:2832/4740 train_time:570499ms step_avg:201.45ms
step:2833/4740 train_time:570680ms step_avg:201.44ms
step:2834/4740 train_time:571005ms step_avg:201.48ms
step:2835/4740 train_time:571187ms step_avg:201.48ms
step:2836/4740 train_time:571509ms step_avg:201.52ms
step:2837/4740 train_time:571693ms step_avg:201.51ms
step:2838/4740 train_time:572014ms step_avg:201.56ms
step:2839/4740 train_time:572197ms step_avg:201.55ms
step:2840/4740 train_time:572519ms step_avg:201.59ms
step:2841/4740 train_time:572700ms step_avg:201.58ms
step:2842/4740 train_time:573021ms step_avg:201.63ms
step:2843/4740 train_time:573211ms step_avg:201.62ms
step:2844/4740 train_time:573528ms step_avg:201.66ms
step:2845/4740 train_time:573713ms step_avg:201.66ms
step:2846/4740 train_time:574035ms step_avg:201.70ms
step:2847/4740 train_time:574219ms step_avg:201.69ms
step:2848/4740 train_time:574539ms step_avg:201.73ms
step:2849/4740 train_time:574721ms step_avg:201.73ms
step:2850/4740 train_time:575046ms step_avg:201.77ms
step:2851/4740 train_time:575228ms step_avg:201.76ms
step:2852/4740 train_time:575548ms step_avg:201.80ms
step:2853/4740 train_time:575734ms step_avg:201.80ms
step:2854/4740 train_time:576057ms step_avg:201.84ms
step:2855/4740 train_time:576238ms step_avg:201.83ms
step:2856/4740 train_time:576557ms step_avg:201.88ms
step:2857/4740 train_time:576741ms step_avg:201.87ms
step:2858/4740 train_time:577066ms step_avg:201.91ms
step:2859/4740 train_time:577246ms step_avg:201.90ms
step:2860/4740 train_time:577573ms step_avg:201.95ms
step:2861/4740 train_time:577756ms step_avg:201.94ms
step:2862/4740 train_time:578078ms step_avg:201.98ms
step:2863/4740 train_time:578258ms step_avg:201.98ms
step:2864/4740 train_time:578580ms step_avg:202.02ms
step:2865/4740 train_time:578763ms step_avg:202.01ms
step:2866/4740 train_time:579085ms step_avg:202.05ms
step:2867/4740 train_time:579266ms step_avg:202.05ms
step:2868/4740 train_time:579587ms step_avg:202.09ms
step:2869/4740 train_time:579771ms step_avg:202.08ms
step:2870/4740 train_time:580096ms step_avg:202.12ms
step:2871/4740 train_time:580281ms step_avg:202.12ms
step:2872/4740 train_time:580607ms step_avg:202.16ms
step:2873/4740 train_time:580788ms step_avg:202.15ms
step:2874/4740 train_time:581106ms step_avg:202.19ms
step:2875/4740 train_time:581290ms step_avg:202.19ms
step:2876/4740 train_time:581612ms step_avg:202.23ms
step:2877/4740 train_time:581795ms step_avg:202.22ms
step:2878/4740 train_time:582117ms step_avg:202.26ms
step:2879/4740 train_time:582302ms step_avg:202.26ms
step:2880/4740 train_time:582621ms step_avg:202.30ms
step:2881/4740 train_time:582804ms step_avg:202.29ms
step:2882/4740 train_time:583127ms step_avg:202.33ms
step:2883/4740 train_time:583308ms step_avg:202.33ms
step:2884/4740 train_time:583630ms step_avg:202.37ms
step:2885/4740 train_time:583815ms step_avg:202.36ms
step:2886/4740 train_time:584139ms step_avg:202.40ms
step:2887/4740 train_time:584317ms step_avg:202.40ms
step:2888/4740 train_time:584643ms step_avg:202.44ms
step:2889/4740 train_time:584826ms step_avg:202.43ms
step:2890/4740 train_time:585146ms step_avg:202.47ms
step:2891/4740 train_time:585331ms step_avg:202.47ms
step:2892/4740 train_time:585655ms step_avg:202.51ms
step:2893/4740 train_time:585837ms step_avg:202.50ms
step:2894/4740 train_time:586160ms step_avg:202.54ms
step:2895/4740 train_time:586346ms step_avg:202.54ms
step:2896/4740 train_time:586667ms step_avg:202.58ms
step:2897/4740 train_time:586849ms step_avg:202.57ms
step:2898/4740 train_time:587174ms step_avg:202.61ms
step:2899/4740 train_time:587357ms step_avg:202.61ms
step:2900/4740 train_time:587677ms step_avg:202.65ms
step:2901/4740 train_time:587859ms step_avg:202.64ms
step:2902/4740 train_time:588180ms step_avg:202.68ms
step:2903/4740 train_time:588361ms step_avg:202.67ms
step:2904/4740 train_time:588684ms step_avg:202.71ms
step:2905/4740 train_time:588866ms step_avg:202.71ms
step:2906/4740 train_time:589187ms step_avg:202.75ms
step:2907/4740 train_time:589371ms step_avg:202.74ms
step:2908/4740 train_time:589696ms step_avg:202.78ms
step:2909/4740 train_time:589878ms step_avg:202.78ms
step:2910/4740 train_time:590201ms step_avg:202.82ms
step:2911/4740 train_time:590385ms step_avg:202.81ms
step:2912/4740 train_time:590703ms step_avg:202.85ms
step:2913/4740 train_time:590886ms step_avg:202.84ms
step:2914/4740 train_time:591214ms step_avg:202.89ms
step:2915/4740 train_time:591399ms step_avg:202.88ms
step:2916/4740 train_time:591717ms step_avg:202.92ms
step:2917/4740 train_time:591899ms step_avg:202.91ms
step:2918/4740 train_time:592221ms step_avg:202.95ms
step:2919/4740 train_time:592406ms step_avg:202.95ms
step:2920/4740 train_time:592727ms step_avg:202.99ms
step:2921/4740 train_time:592912ms step_avg:202.98ms
step:2922/4740 train_time:593236ms step_avg:203.02ms
step:2923/4740 train_time:593418ms step_avg:203.02ms
step:2924/4740 train_time:593740ms step_avg:203.06ms
step:2925/4740 train_time:593928ms step_avg:203.05ms
step:2926/4740 train_time:594245ms step_avg:203.09ms
step:2927/4740 train_time:594431ms step_avg:203.09ms
step:2928/4740 train_time:594757ms step_avg:203.13ms
step:2929/4740 train_time:594939ms step_avg:203.12ms
step:2930/4740 train_time:595262ms step_avg:203.16ms
step:2931/4740 train_time:595441ms step_avg:203.15ms
step:2932/4740 train_time:595762ms step_avg:203.19ms
step:2933/4740 train_time:595947ms step_avg:203.19ms
step:2934/4740 train_time:596267ms step_avg:203.23ms
step:2935/4740 train_time:596454ms step_avg:203.22ms
step:2936/4740 train_time:596778ms step_avg:203.26ms
step:2937/4740 train_time:596960ms step_avg:203.25ms
step:2938/4740 train_time:597278ms step_avg:203.29ms
step:2939/4740 train_time:597462ms step_avg:203.29ms
step:2940/4740 train_time:597783ms step_avg:203.33ms
step:2941/4740 train_time:597966ms step_avg:203.32ms
step:2942/4740 train_time:598286ms step_avg:203.36ms
step:2943/4740 train_time:598475ms step_avg:203.36ms
step:2944/4740 train_time:598799ms step_avg:203.40ms
step:2945/4740 train_time:598976ms step_avg:203.39ms
step:2946/4740 train_time:599300ms step_avg:203.43ms
step:2947/4740 train_time:599480ms step_avg:203.42ms
step:2948/4740 train_time:599807ms step_avg:203.46ms
step:2949/4740 train_time:599991ms step_avg:203.46ms
step:2950/4740 train_time:600312ms step_avg:203.50ms
step:2951/4740 train_time:600496ms step_avg:203.49ms
step:2952/4740 train_time:600820ms step_avg:203.53ms
step:2953/4740 train_time:601001ms step_avg:203.52ms
step:2954/4740 train_time:601321ms step_avg:203.56ms
step:2955/4740 train_time:601503ms step_avg:203.55ms
step:2956/4740 train_time:601827ms step_avg:203.59ms
step:2957/4740 train_time:602009ms step_avg:203.59ms
step:2958/4740 train_time:602329ms step_avg:203.63ms
step:2959/4740 train_time:602517ms step_avg:203.62ms
step:2960/4740 train_time:602838ms step_avg:203.66ms
step:2961/4740 train_time:603019ms step_avg:203.65ms
step:2962/4740 train_time:603340ms step_avg:203.69ms
step:2963/4740 train_time:603523ms step_avg:203.69ms
step:2964/4740 train_time:603843ms step_avg:203.73ms
step:2965/4740 train_time:604024ms step_avg:203.72ms
step:2966/4740 train_time:604344ms step_avg:203.76ms
step:2967/4740 train_time:604529ms step_avg:203.75ms
step:2968/4740 train_time:604855ms step_avg:203.79ms
step:2969/4740 train_time:605038ms step_avg:203.79ms
step:2970/4740 train_time:605358ms step_avg:203.82ms
step:2971/4740 train_time:605542ms step_avg:203.82ms
step:2972/4740 train_time:605861ms step_avg:203.86ms
step:2973/4740 train_time:606043ms step_avg:203.85ms
step:2974/4740 train_time:606363ms step_avg:203.89ms
step:2975/4740 train_time:606545ms step_avg:203.88ms
step:2976/4740 train_time:606867ms step_avg:203.92ms
step:2977/4740 train_time:607048ms step_avg:203.91ms
step:2978/4740 train_time:607370ms step_avg:203.95ms
step:2979/4740 train_time:607556ms step_avg:203.95ms
step:2980/4740 train_time:607877ms step_avg:203.99ms
step:2981/4740 train_time:608056ms step_avg:203.98ms
step:2982/4740 train_time:608376ms step_avg:204.02ms
step:2983/4740 train_time:608562ms step_avg:204.01ms
step:2984/4740 train_time:608881ms step_avg:204.05ms
step:2985/4740 train_time:609066ms step_avg:204.04ms
step:2986/4740 train_time:609389ms step_avg:204.08ms
step:2987/4740 train_time:609574ms step_avg:204.08ms
step:2988/4740 train_time:609894ms step_avg:204.11ms
step:2989/4740 train_time:610079ms step_avg:204.11ms
step:2990/4740 train_time:610400ms step_avg:204.15ms
step:2991/4740 train_time:610581ms step_avg:204.14ms
step:2992/4740 train_time:610902ms step_avg:204.18ms
step:2993/4740 train_time:611085ms step_avg:204.17ms
step:2994/4740 train_time:611408ms step_avg:204.21ms
step:2995/4740 train_time:611591ms step_avg:204.20ms
step:2996/4740 train_time:611914ms step_avg:204.24ms
step:2997/4740 train_time:612097ms step_avg:204.24ms
step:2998/4740 train_time:612420ms step_avg:204.28ms
step:2999/4740 train_time:612601ms step_avg:204.27ms
step:3000/4740 train_time:612926ms step_avg:204.31ms
step:3000/4740 val_loss:3.0810 train_time:613053ms step_avg:204.35ms
step:3001/4740 train_time:613109ms step_avg:204.30ms
step:3002/4740 train_time:613436ms step_avg:204.34ms
step:3003/4740 train_time:613619ms step_avg:204.34ms
step:3004/4740 train_time:613937ms step_avg:204.37ms
step:3005/4740 train_time:614120ms step_avg:204.37ms
step:3006/4740 train_time:614444ms step_avg:204.41ms
step:3007/4740 train_time:614627ms step_avg:204.40ms
step:3008/4740 train_time:614950ms step_avg:204.44ms
step:3009/4740 train_time:615127ms step_avg:204.43ms
step:3010/4740 train_time:615456ms step_avg:204.47ms
step:3011/4740 train_time:615642ms step_avg:204.46ms
step:3012/4740 train_time:615964ms step_avg:204.50ms
step:3013/4740 train_time:616146ms step_avg:204.50ms
step:3014/4740 train_time:616468ms step_avg:204.53ms
step:3015/4740 train_time:616653ms step_avg:204.53ms
step:3016/4740 train_time:616976ms step_avg:204.57ms
step:3017/4740 train_time:617160ms step_avg:204.56ms
step:3018/4740 train_time:617483ms step_avg:204.60ms
step:3019/4740 train_time:617664ms step_avg:204.59ms
step:3020/4740 train_time:617989ms step_avg:204.63ms
step:3021/4740 train_time:618164ms step_avg:204.62ms
step:3022/4740 train_time:618488ms step_avg:204.66ms
step:3023/4740 train_time:618673ms step_avg:204.66ms
step:3024/4740 train_time:618995ms step_avg:204.69ms
step:3025/4740 train_time:619177ms step_avg:204.69ms
step:3026/4740 train_time:619497ms step_avg:204.72ms
step:3027/4740 train_time:619684ms step_avg:204.72ms
step:3028/4740 train_time:620004ms step_avg:204.76ms
step:3029/4740 train_time:620186ms step_avg:204.75ms
step:3030/4740 train_time:620512ms step_avg:204.79ms
step:3031/4740 train_time:620693ms step_avg:204.78ms
step:3032/4740 train_time:621016ms step_avg:204.82ms
step:3033/4740 train_time:621195ms step_avg:204.81ms
step:3034/4740 train_time:621520ms step_avg:204.85ms
step:3035/4740 train_time:621703ms step_avg:204.84ms
step:3036/4740 train_time:622024ms step_avg:204.88ms
step:3037/4740 train_time:622205ms step_avg:204.87ms
step:3038/4740 train_time:622528ms step_avg:204.91ms
step:3039/4740 train_time:622714ms step_avg:204.91ms
step:3040/4740 train_time:623034ms step_avg:204.95ms
step:3041/4740 train_time:623215ms step_avg:204.94ms
step:3042/4740 train_time:623537ms step_avg:204.98ms
step:3043/4740 train_time:623719ms step_avg:204.97ms
step:3044/4740 train_time:624042ms step_avg:205.01ms
step:3045/4740 train_time:624225ms step_avg:205.00ms
step:3046/4740 train_time:624549ms step_avg:205.04ms
step:3047/4740 train_time:624732ms step_avg:205.03ms
step:3048/4740 train_time:625054ms step_avg:205.07ms
step:3049/4740 train_time:625236ms step_avg:205.06ms
step:3050/4740 train_time:625560ms step_avg:205.10ms
step:3051/4740 train_time:625744ms step_avg:205.09ms
step:3052/4740 train_time:626065ms step_avg:205.13ms
step:3053/4740 train_time:626248ms step_avg:205.13ms
step:3054/4740 train_time:626569ms step_avg:205.16ms
step:3055/4740 train_time:626752ms step_avg:205.16ms
step:3056/4740 train_time:627073ms step_avg:205.19ms
step:3057/4740 train_time:627255ms step_avg:205.19ms
step:3058/4740 train_time:627576ms step_avg:205.22ms
step:3059/4740 train_time:627757ms step_avg:205.22ms
step:3060/4740 train_time:628080ms step_avg:205.25ms
step:3061/4740 train_time:628263ms step_avg:205.25ms
step:3062/4740 train_time:628588ms step_avg:205.29ms
step:3063/4740 train_time:628765ms step_avg:205.28ms
step:3064/4740 train_time:629088ms step_avg:205.32ms
step:3065/4740 train_time:629274ms step_avg:205.31ms
step:3066/4740 train_time:629597ms step_avg:205.35ms
step:3067/4740 train_time:629777ms step_avg:205.34ms
step:3068/4740 train_time:630098ms step_avg:205.38ms
step:3069/4740 train_time:630283ms step_avg:205.37ms
step:3070/4740 train_time:630605ms step_avg:205.41ms
step:3071/4740 train_time:630789ms step_avg:205.40ms
step:3072/4740 train_time:631112ms step_avg:205.44ms
step:3073/4740 train_time:631293ms step_avg:205.43ms
step:3074/4740 train_time:631615ms step_avg:205.47ms
step:3075/4740 train_time:631800ms step_avg:205.46ms
step:3076/4740 train_time:632121ms step_avg:205.50ms
step:3077/4740 train_time:632305ms step_avg:205.49ms
step:3078/4740 train_time:632627ms step_avg:205.53ms
step:3079/4740 train_time:632808ms step_avg:205.52ms
step:3080/4740 train_time:633134ms step_avg:205.56ms
step:3081/4740 train_time:633313ms step_avg:205.55ms
step:3082/4740 train_time:633632ms step_avg:205.59ms
step:3083/4740 train_time:633815ms step_avg:205.58ms
step:3084/4740 train_time:634140ms step_avg:205.62ms
step:3085/4740 train_time:634324ms step_avg:205.62ms
step:3086/4740 train_time:634643ms step_avg:205.65ms
step:3087/4740 train_time:634828ms step_avg:205.65ms
step:3088/4740 train_time:635150ms step_avg:205.68ms
step:3089/4740 train_time:635336ms step_avg:205.68ms
step:3090/4740 train_time:635659ms step_avg:205.71ms
step:3091/4740 train_time:635840ms step_avg:205.71ms
step:3092/4740 train_time:636164ms step_avg:205.75ms
step:3093/4740 train_time:636348ms step_avg:205.74ms
step:3094/4740 train_time:636668ms step_avg:205.78ms
step:3095/4740 train_time:636847ms step_avg:205.77ms
step:3096/4740 train_time:637171ms step_avg:205.80ms
step:3097/4740 train_time:637354ms step_avg:205.80ms
step:3098/4740 train_time:637676ms step_avg:205.83ms
step:3099/4740 train_time:637859ms step_avg:205.83ms
step:3100/4740 train_time:638182ms step_avg:205.87ms
step:3101/4740 train_time:638365ms step_avg:205.86ms
step:3102/4740 train_time:638688ms step_avg:205.90ms
step:3103/4740 train_time:638865ms step_avg:205.89ms
step:3104/4740 train_time:639189ms step_avg:205.92ms
step:3105/4740 train_time:639369ms step_avg:205.92ms
step:3106/4740 train_time:639692ms step_avg:205.95ms
step:3107/4740 train_time:639874ms step_avg:205.95ms
step:3108/4740 train_time:640197ms step_avg:205.98ms
step:3109/4740 train_time:640382ms step_avg:205.98ms
step:3110/4740 train_time:640706ms step_avg:206.01ms
step:3111/4740 train_time:640890ms step_avg:206.01ms
step:3112/4740 train_time:641211ms step_avg:206.04ms
step:3113/4740 train_time:641391ms step_avg:206.04ms
step:3114/4740 train_time:641711ms step_avg:206.07ms
step:3115/4740 train_time:641898ms step_avg:206.07ms
step:3116/4740 train_time:642217ms step_avg:206.10ms
step:3117/4740 train_time:642401ms step_avg:206.10ms
step:3118/4740 train_time:642724ms step_avg:206.13ms
step:3119/4740 train_time:642905ms step_avg:206.13ms
step:3120/4740 train_time:643225ms step_avg:206.16ms
step:3121/4740 train_time:643406ms step_avg:206.15ms
step:3122/4740 train_time:643730ms step_avg:206.19ms
step:3123/4740 train_time:643910ms step_avg:206.18ms
step:3124/4740 train_time:644234ms step_avg:206.22ms
step:3125/4740 train_time:644418ms step_avg:206.21ms
step:3126/4740 train_time:644739ms step_avg:206.25ms
step:3127/4740 train_time:644922ms step_avg:206.24ms
step:3128/4740 train_time:645248ms step_avg:206.28ms
step:3129/4740 train_time:645432ms step_avg:206.27ms
step:3130/4740 train_time:645756ms step_avg:206.31ms
step:3131/4740 train_time:645941ms step_avg:206.30ms
step:3132/4740 train_time:646264ms step_avg:206.34ms
step:3133/4740 train_time:646449ms step_avg:206.34ms
step:3134/4740 train_time:646772ms step_avg:206.37ms
step:3135/4740 train_time:646957ms step_avg:206.37ms
step:3136/4740 train_time:647279ms step_avg:206.40ms
step:3137/4740 train_time:647461ms step_avg:206.39ms
step:3138/4740 train_time:647783ms step_avg:206.43ms
step:3139/4740 train_time:647968ms step_avg:206.42ms
step:3140/4740 train_time:648289ms step_avg:206.46ms
step:3141/4740 train_time:648471ms step_avg:206.45ms
step:3142/4740 train_time:648799ms step_avg:206.49ms
step:3143/4740 train_time:648981ms step_avg:206.48ms
step:3144/4740 train_time:649301ms step_avg:206.52ms
step:3145/4740 train_time:649487ms step_avg:206.51ms
step:3146/4740 train_time:649810ms step_avg:206.55ms
step:3147/4740 train_time:649990ms step_avg:206.54ms
step:3148/4740 train_time:650315ms step_avg:206.58ms
step:3149/4740 train_time:650494ms step_avg:206.57ms
step:3150/4740 train_time:650818ms step_avg:206.61ms
step:3151/4740 train_time:651000ms step_avg:206.60ms
step:3152/4740 train_time:651324ms step_avg:206.64ms
step:3153/4740 train_time:651505ms step_avg:206.63ms
step:3154/4740 train_time:651830ms step_avg:206.67ms
step:3155/4740 train_time:652014ms step_avg:206.66ms
step:3156/4740 train_time:652337ms step_avg:206.70ms
step:3157/4740 train_time:652519ms step_avg:206.69ms
step:3158/4740 train_time:652839ms step_avg:206.73ms
step:3159/4740 train_time:653026ms step_avg:206.72ms
step:3160/4740 train_time:653347ms step_avg:206.76ms
step:3161/4740 train_time:653535ms step_avg:206.75ms
step:3162/4740 train_time:653858ms step_avg:206.79ms
step:3163/4740 train_time:654042ms step_avg:206.78ms
step:3164/4740 train_time:654366ms step_avg:206.82ms
step:3165/4740 train_time:654550ms step_avg:206.81ms
step:3166/4740 train_time:654872ms step_avg:206.85ms
step:3167/4740 train_time:655056ms step_avg:206.84ms
step:3168/4740 train_time:655379ms step_avg:206.87ms
step:3169/4740 train_time:655563ms step_avg:206.87ms
step:3170/4740 train_time:655885ms step_avg:206.90ms
step:3171/4740 train_time:656066ms step_avg:206.90ms
step:3172/4740 train_time:656389ms step_avg:206.93ms
step:3173/4740 train_time:656571ms step_avg:206.92ms
step:3174/4740 train_time:656894ms step_avg:206.96ms
step:3175/4740 train_time:657074ms step_avg:206.95ms
step:3176/4740 train_time:657399ms step_avg:206.99ms
step:3177/4740 train_time:657584ms step_avg:206.98ms
step:3178/4740 train_time:657908ms step_avg:207.02ms
step:3179/4740 train_time:658089ms step_avg:207.01ms
step:3180/4740 train_time:658414ms step_avg:207.05ms
step:3181/4740 train_time:658596ms step_avg:207.04ms
step:3182/4740 train_time:658918ms step_avg:207.08ms
step:3183/4740 train_time:659102ms step_avg:207.07ms
step:3184/4740 train_time:659429ms step_avg:207.11ms
step:3185/4740 train_time:659609ms step_avg:207.10ms
step:3186/4740 train_time:659931ms step_avg:207.13ms
step:3187/4740 train_time:660115ms step_avg:207.13ms
step:3188/4740 train_time:660438ms step_avg:207.16ms
step:3189/4740 train_time:660621ms step_avg:207.16ms
step:3190/4740 train_time:660946ms step_avg:207.19ms
step:3191/4740 train_time:661129ms step_avg:207.19ms
step:3192/4740 train_time:661453ms step_avg:207.22ms
step:3193/4740 train_time:661633ms step_avg:207.21ms
step:3194/4740 train_time:661961ms step_avg:207.25ms
step:3195/4740 train_time:662142ms step_avg:207.24ms
step:3196/4740 train_time:662466ms step_avg:207.28ms
step:3197/4740 train_time:662646ms step_avg:207.27ms
step:3198/4740 train_time:662971ms step_avg:207.31ms
step:3199/4740 train_time:663156ms step_avg:207.30ms
step:3200/4740 train_time:663480ms step_avg:207.34ms
step:3201/4740 train_time:663663ms step_avg:207.33ms
step:3202/4740 train_time:663985ms step_avg:207.37ms
step:3203/4740 train_time:664166ms step_avg:207.36ms
step:3204/4740 train_time:664487ms step_avg:207.39ms
step:3205/4740 train_time:664672ms step_avg:207.39ms
step:3206/4740 train_time:664993ms step_avg:207.42ms
step:3207/4740 train_time:665178ms step_avg:207.41ms
step:3208/4740 train_time:665501ms step_avg:207.45ms
step:3209/4740 train_time:665687ms step_avg:207.44ms
step:3210/4740 train_time:666009ms step_avg:207.48ms
step:3211/4740 train_time:666189ms step_avg:207.47ms
step:3212/4740 train_time:666511ms step_avg:207.51ms
step:3213/4740 train_time:666693ms step_avg:207.50ms
step:3214/4740 train_time:667016ms step_avg:207.53ms
step:3215/4740 train_time:667196ms step_avg:207.53ms
step:3216/4740 train_time:667522ms step_avg:207.56ms
step:3217/4740 train_time:667704ms step_avg:207.55ms
step:3218/4740 train_time:668027ms step_avg:207.59ms
step:3219/4740 train_time:668212ms step_avg:207.58ms
step:3220/4740 train_time:668534ms step_avg:207.62ms
step:3221/4740 train_time:668715ms step_avg:207.61ms
step:3222/4740 train_time:669037ms step_avg:207.65ms
step:3223/4740 train_time:669224ms step_avg:207.64ms
step:3224/4740 train_time:669548ms step_avg:207.68ms
step:3225/4740 train_time:669729ms step_avg:207.67ms
step:3226/4740 train_time:670055ms step_avg:207.70ms
step:3227/4740 train_time:670237ms step_avg:207.70ms
step:3228/4740 train_time:670563ms step_avg:207.73ms
step:3229/4740 train_time:670746ms step_avg:207.73ms
step:3230/4740 train_time:671067ms step_avg:207.76ms
step:3231/4740 train_time:671248ms step_avg:207.75ms
step:3232/4740 train_time:671574ms step_avg:207.79ms
step:3233/4740 train_time:671759ms step_avg:207.78ms
step:3234/4740 train_time:672078ms step_avg:207.82ms
step:3235/4740 train_time:672264ms step_avg:207.81ms
step:3236/4740 train_time:672586ms step_avg:207.84ms
step:3237/4740 train_time:672769ms step_avg:207.84ms
step:3238/4740 train_time:673090ms step_avg:207.87ms
step:3239/4740 train_time:673276ms step_avg:207.87ms
step:3240/4740 train_time:673598ms step_avg:207.90ms
step:3241/4740 train_time:673785ms step_avg:207.89ms
step:3242/4740 train_time:674105ms step_avg:207.93ms
step:3243/4740 train_time:674289ms step_avg:207.92ms
step:3244/4740 train_time:674613ms step_avg:207.96ms
step:3245/4740 train_time:674800ms step_avg:207.95ms
step:3246/4740 train_time:675123ms step_avg:207.99ms
step:3247/4740 train_time:675305ms step_avg:207.98ms
step:3248/4740 train_time:675629ms step_avg:208.01ms
step:3249/4740 train_time:675812ms step_avg:208.01ms
step:3250/4740 train_time:676138ms step_avg:208.04ms
step:3250/4740 val_loss:3.0574 train_time:676264ms step_avg:208.08ms
step:3251/4740 train_time:676321ms step_avg:208.03ms
step:3252/4740 train_time:676649ms step_avg:208.07ms
step:3253/4740 train_time:676831ms step_avg:208.06ms
step:3254/4740 train_time:677148ms step_avg:208.10ms
step:3255/4740 train_time:677329ms step_avg:208.09ms
step:3256/4740 train_time:677655ms step_avg:208.13ms
step:3257/4740 train_time:677842ms step_avg:208.12ms
step:3258/4740 train_time:678160ms step_avg:208.15ms
step:3259/4740 train_time:678344ms step_avg:208.14ms
step:3260/4740 train_time:678669ms step_avg:208.18ms
step:3261/4740 train_time:678851ms step_avg:208.17ms
step:3262/4740 train_time:679173ms step_avg:208.21ms
step:3263/4740 train_time:679353ms step_avg:208.20ms
step:3264/4740 train_time:679682ms step_avg:208.24ms
step:3265/4740 train_time:679863ms step_avg:208.23ms
step:3266/4740 train_time:680184ms step_avg:208.26ms
step:3267/4740 train_time:680367ms step_avg:208.25ms
step:3268/4740 train_time:680689ms step_avg:208.29ms
step:3269/4740 train_time:680873ms step_avg:208.28ms
step:3270/4740 train_time:681195ms step_avg:208.32ms
step:3271/4740 train_time:681380ms step_avg:208.31ms
step:3272/4740 train_time:681700ms step_avg:208.34ms
step:3273/4740 train_time:681882ms step_avg:208.34ms
step:3274/4740 train_time:682207ms step_avg:208.37ms
step:3275/4740 train_time:682386ms step_avg:208.36ms
step:3276/4740 train_time:682711ms step_avg:208.40ms
step:3277/4740 train_time:682892ms step_avg:208.39ms
step:3278/4740 train_time:683216ms step_avg:208.42ms
step:3279/4740 train_time:683400ms step_avg:208.42ms
step:3280/4740 train_time:683721ms step_avg:208.45ms
step:3281/4740 train_time:683905ms step_avg:208.44ms
step:3282/4740 train_time:684230ms step_avg:208.48ms
step:3283/4740 train_time:684412ms step_avg:208.47ms
step:3284/4740 train_time:684734ms step_avg:208.51ms
step:3285/4740 train_time:684916ms step_avg:208.50ms
step:3286/4740 train_time:685236ms step_avg:208.53ms
step:3287/4740 train_time:685426ms step_avg:208.53ms
step:3288/4740 train_time:685747ms step_avg:208.56ms
step:3289/4740 train_time:685930ms step_avg:208.55ms
step:3290/4740 train_time:686249ms step_avg:208.59ms
step:3291/4740 train_time:686435ms step_avg:208.58ms
step:3292/4740 train_time:686757ms step_avg:208.61ms
step:3293/4740 train_time:686937ms step_avg:208.61ms
step:3294/4740 train_time:687256ms step_avg:208.64ms
step:3295/4740 train_time:687441ms step_avg:208.63ms
step:3296/4740 train_time:687764ms step_avg:208.67ms
step:3297/4740 train_time:687947ms step_avg:208.66ms
step:3298/4740 train_time:688269ms step_avg:208.69ms
step:3299/4740 train_time:688451ms step_avg:208.68ms
step:3300/4740 train_time:688771ms step_avg:208.72ms
step:3301/4740 train_time:688952ms step_avg:208.71ms
step:3302/4740 train_time:689272ms step_avg:208.74ms
step:3303/4740 train_time:689455ms step_avg:208.74ms
step:3304/4740 train_time:689781ms step_avg:208.77ms
step:3305/4740 train_time:689961ms step_avg:208.76ms
step:3306/4740 train_time:690287ms step_avg:208.80ms
step:3307/4740 train_time:690471ms step_avg:208.79ms
step:3308/4740 train_time:690793ms step_avg:208.83ms
step:3309/4740 train_time:690975ms step_avg:208.82ms
step:3310/4740 train_time:691297ms step_avg:208.85ms
step:3311/4740 train_time:691481ms step_avg:208.84ms
step:3312/4740 train_time:691803ms step_avg:208.88ms
step:3313/4740 train_time:691986ms step_avg:208.87ms
step:3314/4740 train_time:692308ms step_avg:208.90ms
step:3315/4740 train_time:692491ms step_avg:208.90ms
step:3316/4740 train_time:692813ms step_avg:208.93ms
step:3317/4740 train_time:692998ms step_avg:208.92ms
step:3318/4740 train_time:693322ms step_avg:208.96ms
step:3319/4740 train_time:693504ms step_avg:208.95ms
step:3320/4740 train_time:693826ms step_avg:208.98ms
step:3321/4740 train_time:694008ms step_avg:208.98ms
step:3322/4740 train_time:694332ms step_avg:209.01ms
step:3323/4740 train_time:694516ms step_avg:209.00ms
step:3324/4740 train_time:694835ms step_avg:209.04ms
step:3325/4740 train_time:695022ms step_avg:209.03ms
step:3326/4740 train_time:695343ms step_avg:209.06ms
step:3327/4740 train_time:695527ms step_avg:209.06ms
step:3328/4740 train_time:695850ms step_avg:209.09ms
step:3329/4740 train_time:696032ms step_avg:209.08ms
step:3330/4740 train_time:696352ms step_avg:209.11ms
step:3331/4740 train_time:696534ms step_avg:209.11ms
step:3332/4740 train_time:696858ms step_avg:209.14ms
step:3333/4740 train_time:697042ms step_avg:209.13ms
step:3334/4740 train_time:697366ms step_avg:209.17ms
step:3335/4740 train_time:697547ms step_avg:209.16ms
step:3336/4740 train_time:697873ms step_avg:209.19ms
step:3337/4740 train_time:698051ms step_avg:209.19ms
step:3338/4740 train_time:698375ms step_avg:209.22ms
step:3339/4740 train_time:698559ms step_avg:209.21ms
step:3340/4740 train_time:698882ms step_avg:209.25ms
step:3341/4740 train_time:699064ms step_avg:209.24ms
step:3342/4740 train_time:699389ms step_avg:209.27ms
step:3343/4740 train_time:699574ms step_avg:209.27ms
step:3344/4740 train_time:699898ms step_avg:209.30ms
step:3345/4740 train_time:700080ms step_avg:209.29ms
step:3346/4740 train_time:700404ms step_avg:209.33ms
step:3347/4740 train_time:700589ms step_avg:209.32ms
step:3348/4740 train_time:700910ms step_avg:209.35ms
step:3349/4740 train_time:701095ms step_avg:209.34ms
step:3350/4740 train_time:701419ms step_avg:209.38ms
step:3351/4740 train_time:701603ms step_avg:209.37ms
step:3352/4740 train_time:701927ms step_avg:209.41ms
step:3353/4740 train_time:702110ms step_avg:209.40ms
step:3354/4740 train_time:702435ms step_avg:209.43ms
step:3355/4740 train_time:702617ms step_avg:209.42ms
step:3356/4740 train_time:702940ms step_avg:209.46ms
step:3357/4740 train_time:703122ms step_avg:209.45ms
step:3358/4740 train_time:703447ms step_avg:209.48ms
step:3359/4740 train_time:703628ms step_avg:209.48ms
step:3360/4740 train_time:703953ms step_avg:209.51ms
step:3361/4740 train_time:704133ms step_avg:209.50ms
step:3362/4740 train_time:704459ms step_avg:209.54ms
step:3363/4740 train_time:704643ms step_avg:209.53ms
step:3364/4740 train_time:704968ms step_avg:209.56ms
step:3365/4740 train_time:705153ms step_avg:209.55ms
step:3366/4740 train_time:705474ms step_avg:209.59ms
step:3367/4740 train_time:705652ms step_avg:209.58ms
step:3368/4740 train_time:705976ms step_avg:209.61ms
step:3369/4740 train_time:706158ms step_avg:209.60ms
step:3370/4740 train_time:706481ms step_avg:209.64ms
step:3371/4740 train_time:706664ms step_avg:209.63ms
step:3372/4740 train_time:706987ms step_avg:209.66ms
step:3373/4740 train_time:707169ms step_avg:209.66ms
step:3374/4740 train_time:707492ms step_avg:209.69ms
step:3375/4740 train_time:707676ms step_avg:209.68ms
step:3376/4740 train_time:707999ms step_avg:209.72ms
step:3377/4740 train_time:708183ms step_avg:209.71ms
step:3378/4740 train_time:708505ms step_avg:209.74ms
step:3379/4740 train_time:708691ms step_avg:209.73ms
step:3380/4740 train_time:709013ms step_avg:209.77ms
step:3381/4740 train_time:709195ms step_avg:209.76ms
step:3382/4740 train_time:709513ms step_avg:209.79ms
step:3383/4740 train_time:709700ms step_avg:209.78ms
step:3384/4740 train_time:710024ms step_avg:209.82ms
step:3385/4740 train_time:710207ms step_avg:209.81ms
step:3386/4740 train_time:710531ms step_avg:209.84ms
step:3387/4740 train_time:710715ms step_avg:209.84ms
step:3388/4740 train_time:711037ms step_avg:209.87ms
step:3389/4740 train_time:711222ms step_avg:209.86ms
step:3390/4740 train_time:711546ms step_avg:209.90ms
step:3391/4740 train_time:711730ms step_avg:209.89ms
step:3392/4740 train_time:712053ms step_avg:209.92ms
step:3393/4740 train_time:712233ms step_avg:209.91ms
step:3394/4740 train_time:712559ms step_avg:209.95ms
step:3395/4740 train_time:712745ms step_avg:209.94ms
step:3396/4740 train_time:713071ms step_avg:209.97ms
step:3397/4740 train_time:713252ms step_avg:209.97ms
step:3398/4740 train_time:713577ms step_avg:210.00ms
step:3399/4740 train_time:713761ms step_avg:209.99ms
step:3400/4740 train_time:714085ms step_avg:210.02ms
step:3401/4740 train_time:714269ms step_avg:210.02ms
step:3402/4740 train_time:714595ms step_avg:210.05ms
step:3403/4740 train_time:714778ms step_avg:210.04ms
step:3404/4740 train_time:715102ms step_avg:210.08ms
step:3405/4740 train_time:715283ms step_avg:210.07ms
step:3406/4740 train_time:715607ms step_avg:210.10ms
step:3407/4740 train_time:715790ms step_avg:210.09ms
step:3408/4740 train_time:716111ms step_avg:210.13ms
step:3409/4740 train_time:716295ms step_avg:210.12ms
step:3410/4740 train_time:716618ms step_avg:210.15ms
step:3411/4740 train_time:716800ms step_avg:210.14ms
step:3412/4740 train_time:717131ms step_avg:210.18ms
step:3413/4740 train_time:717310ms step_avg:210.17ms
step:3414/4740 train_time:717636ms step_avg:210.20ms
step:3415/4740 train_time:717821ms step_avg:210.20ms
step:3416/4740 train_time:718149ms step_avg:210.23ms
step:3417/4740 train_time:718329ms step_avg:210.22ms
step:3418/4740 train_time:718652ms step_avg:210.26ms
step:3419/4740 train_time:718833ms step_avg:210.25ms
step:3420/4740 train_time:719160ms step_avg:210.28ms
step:3421/4740 train_time:719344ms step_avg:210.27ms
step:3422/4740 train_time:719666ms step_avg:210.31ms
step:3423/4740 train_time:719851ms step_avg:210.30ms
step:3424/4740 train_time:720171ms step_avg:210.33ms
step:3425/4740 train_time:720357ms step_avg:210.32ms
step:3426/4740 train_time:720679ms step_avg:210.36ms
step:3427/4740 train_time:720859ms step_avg:210.35ms
step:3428/4740 train_time:721184ms step_avg:210.38ms
step:3429/4740 train_time:721368ms step_avg:210.37ms
step:3430/4740 train_time:721690ms step_avg:210.41ms
step:3431/4740 train_time:721872ms step_avg:210.40ms
step:3432/4740 train_time:722196ms step_avg:210.43ms
step:3433/4740 train_time:722379ms step_avg:210.42ms
step:3434/4740 train_time:722698ms step_avg:210.45ms
step:3435/4740 train_time:722883ms step_avg:210.45ms
step:3436/4740 train_time:723204ms step_avg:210.48ms
step:3437/4740 train_time:723386ms step_avg:210.47ms
step:3438/4740 train_time:723709ms step_avg:210.50ms
step:3439/4740 train_time:723892ms step_avg:210.49ms
step:3440/4740 train_time:724217ms step_avg:210.53ms
step:3441/4740 train_time:724400ms step_avg:210.52ms
step:3442/4740 train_time:724726ms step_avg:210.55ms
step:3443/4740 train_time:724904ms step_avg:210.54ms
step:3444/4740 train_time:725228ms step_avg:210.58ms
step:3445/4740 train_time:725412ms step_avg:210.57ms
step:3446/4740 train_time:725736ms step_avg:210.60ms
step:3447/4740 train_time:725917ms step_avg:210.59ms
step:3448/4740 train_time:726242ms step_avg:210.63ms
step:3449/4740 train_time:726424ms step_avg:210.62ms
step:3450/4740 train_time:726748ms step_avg:210.65ms
step:3451/4740 train_time:726935ms step_avg:210.64ms
step:3452/4740 train_time:727258ms step_avg:210.68ms
step:3453/4740 train_time:727441ms step_avg:210.67ms
step:3454/4740 train_time:727760ms step_avg:210.70ms
step:3455/4740 train_time:727946ms step_avg:210.69ms
step:3456/4740 train_time:728272ms step_avg:210.73ms
step:3457/4740 train_time:728452ms step_avg:210.72ms
step:3458/4740 train_time:728779ms step_avg:210.75ms
step:3459/4740 train_time:728961ms step_avg:210.74ms
step:3460/4740 train_time:729285ms step_avg:210.78ms
step:3461/4740 train_time:729469ms step_avg:210.77ms
step:3462/4740 train_time:729794ms step_avg:210.80ms
step:3463/4740 train_time:729973ms step_avg:210.79ms
step:3464/4740 train_time:730294ms step_avg:210.82ms
step:3465/4740 train_time:730480ms step_avg:210.82ms
step:3466/4740 train_time:730806ms step_avg:210.85ms
step:3467/4740 train_time:730987ms step_avg:210.84ms
step:3468/4740 train_time:731312ms step_avg:210.87ms
step:3469/4740 train_time:731496ms step_avg:210.87ms
step:3470/4740 train_time:731817ms step_avg:210.90ms
step:3471/4740 train_time:731997ms step_avg:210.89ms
step:3472/4740 train_time:732323ms step_avg:210.92ms
step:3473/4740 train_time:732510ms step_avg:210.92ms
step:3474/4740 train_time:732833ms step_avg:210.95ms
step:3475/4740 train_time:733011ms step_avg:210.94ms
step:3476/4740 train_time:733334ms step_avg:210.97ms
step:3477/4740 train_time:733517ms step_avg:210.96ms
step:3478/4740 train_time:733841ms step_avg:211.00ms
step:3479/4740 train_time:734026ms step_avg:210.99ms
step:3480/4740 train_time:734352ms step_avg:211.02ms
step:3481/4740 train_time:734531ms step_avg:211.01ms
step:3482/4740 train_time:734856ms step_avg:211.04ms
step:3483/4740 train_time:735036ms step_avg:211.04ms
step:3484/4740 train_time:735361ms step_avg:211.07ms
step:3485/4740 train_time:735546ms step_avg:211.06ms
step:3486/4740 train_time:735868ms step_avg:211.09ms
step:3487/4740 train_time:736050ms step_avg:211.08ms
step:3488/4740 train_time:736376ms step_avg:211.12ms
step:3489/4740 train_time:736557ms step_avg:211.11ms
step:3490/4740 train_time:736879ms step_avg:211.14ms
step:3491/4740 train_time:737063ms step_avg:211.13ms
step:3492/4740 train_time:737386ms step_avg:211.16ms
step:3493/4740 train_time:737567ms step_avg:211.16ms
step:3494/4740 train_time:737893ms step_avg:211.19ms
step:3495/4740 train_time:738074ms step_avg:211.18ms
step:3496/4740 train_time:738394ms step_avg:211.21ms
step:3497/4740 train_time:738579ms step_avg:211.20ms
step:3498/4740 train_time:738904ms step_avg:211.24ms
step:3499/4740 train_time:739083ms step_avg:211.23ms
step:3500/4740 train_time:739412ms step_avg:211.26ms
step:3500/4740 val_loss:3.0322 train_time:739535ms step_avg:211.30ms
step:3501/4740 train_time:739593ms step_avg:211.25ms
step:3502/4740 train_time:739919ms step_avg:211.28ms
step:3503/4740 train_time:740103ms step_avg:211.28ms
step:3504/4740 train_time:740419ms step_avg:211.31ms
step:3505/4740 train_time:740599ms step_avg:211.30ms
step:3506/4740 train_time:740927ms step_avg:211.33ms
step:3507/4740 train_time:741113ms step_avg:211.32ms
step:3508/4740 train_time:741435ms step_avg:211.36ms
step:3509/4740 train_time:741612ms step_avg:211.35ms
step:3510/4740 train_time:741938ms step_avg:211.38ms
step:3511/4740 train_time:742123ms step_avg:211.37ms
step:3512/4740 train_time:742441ms step_avg:211.40ms
step:3513/4740 train_time:742624ms step_avg:211.39ms
step:3514/4740 train_time:742949ms step_avg:211.43ms
step:3515/4740 train_time:743134ms step_avg:211.42ms
step:3516/4740 train_time:743457ms step_avg:211.45ms
step:3517/4740 train_time:743633ms step_avg:211.44ms
step:3518/4740 train_time:743955ms step_avg:211.47ms
step:3519/4740 train_time:744138ms step_avg:211.46ms
step:3520/4740 train_time:744463ms step_avg:211.50ms
step:3521/4740 train_time:744642ms step_avg:211.49ms
step:3522/4740 train_time:744964ms step_avg:211.52ms
step:3523/4740 train_time:745150ms step_avg:211.51ms
step:3524/4740 train_time:745477ms step_avg:211.54ms
step:3525/4740 train_time:745655ms step_avg:211.53ms
step:3526/4740 train_time:745977ms step_avg:211.56ms
step:3527/4740 train_time:746160ms step_avg:211.56ms
step:3528/4740 train_time:746482ms step_avg:211.59ms
step:3529/4740 train_time:746665ms step_avg:211.58ms
step:3530/4740 train_time:746987ms step_avg:211.61ms
step:3531/4740 train_time:747172ms step_avg:211.60ms
step:3532/4740 train_time:747495ms step_avg:211.63ms
step:3533/4740 train_time:747673ms step_avg:211.63ms
step:3534/4740 train_time:747996ms step_avg:211.66ms
step:3535/4740 train_time:748181ms step_avg:211.65ms
step:3536/4740 train_time:748508ms step_avg:211.68ms
step:3537/4740 train_time:748688ms step_avg:211.67ms
step:3538/4740 train_time:749009ms step_avg:211.70ms
step:3539/4740 train_time:749193ms step_avg:211.70ms
step:3540/4740 train_time:749513ms step_avg:211.73ms
step:3541/4740 train_time:749698ms step_avg:211.72ms
step:3542/4740 train_time:750017ms step_avg:211.75ms
step:3543/4740 train_time:750204ms step_avg:211.74ms
step:3544/4740 train_time:750523ms step_avg:211.77ms
step:3545/4740 train_time:750705ms step_avg:211.76ms
step:3546/4740 train_time:751029ms step_avg:211.80ms
step:3547/4740 train_time:751215ms step_avg:211.79ms
step:3548/4740 train_time:751537ms step_avg:211.82ms
step:3549/4740 train_time:751718ms step_avg:211.81ms
step:3550/4740 train_time:752045ms step_avg:211.84ms
step:3551/4740 train_time:752225ms step_avg:211.83ms
step:3552/4740 train_time:752552ms step_avg:211.87ms
step:3553/4740 train_time:752732ms step_avg:211.86ms
step:3554/4740 train_time:753055ms step_avg:211.89ms
step:3555/4740 train_time:753240ms step_avg:211.88ms
step:3556/4740 train_time:753570ms step_avg:211.91ms
step:3557/4740 train_time:753751ms step_avg:211.91ms
step:3558/4740 train_time:754075ms step_avg:211.94ms
step:3559/4740 train_time:754259ms step_avg:211.93ms
step:3560/4740 train_time:754580ms step_avg:211.96ms
step:3561/4740 train_time:754760ms step_avg:211.95ms
step:3562/4740 train_time:755083ms step_avg:211.98ms
step:3563/4740 train_time:755265ms step_avg:211.97ms
step:3564/4740 train_time:755586ms step_avg:212.00ms
step:3565/4740 train_time:755771ms step_avg:212.00ms
step:3566/4740 train_time:756095ms step_avg:212.03ms
step:3567/4740 train_time:756276ms step_avg:212.02ms
step:3568/4740 train_time:756597ms step_avg:212.05ms
step:3569/4740 train_time:756781ms step_avg:212.04ms
step:3570/4740 train_time:757100ms step_avg:212.07ms
step:3571/4740 train_time:757286ms step_avg:212.07ms
step:3572/4740 train_time:757608ms step_avg:212.10ms
step:3573/4740 train_time:757791ms step_avg:212.09ms
step:3574/4740 train_time:758114ms step_avg:212.12ms
step:3575/4740 train_time:758298ms step_avg:212.11ms
step:3576/4740 train_time:758621ms step_avg:212.14ms
step:3577/4740 train_time:758804ms step_avg:212.13ms
step:3578/4740 train_time:759135ms step_avg:212.17ms
step:3579/4740 train_time:759315ms step_avg:212.16ms
step:3580/4740 train_time:759639ms step_avg:212.19ms
step:3581/4740 train_time:759823ms step_avg:212.18ms
step:3582/4740 train_time:760150ms step_avg:212.21ms
step:3583/4740 train_time:760333ms step_avg:212.21ms
step:3584/4740 train_time:760657ms step_avg:212.24ms
step:3585/4740 train_time:760837ms step_avg:212.23ms
step:3586/4740 train_time:761160ms step_avg:212.26ms
step:3587/4740 train_time:761343ms step_avg:212.25ms
step:3588/4740 train_time:761668ms step_avg:212.28ms
step:3589/4740 train_time:761851ms step_avg:212.27ms
step:3590/4740 train_time:762172ms step_avg:212.30ms
step:3591/4740 train_time:762359ms step_avg:212.30ms
step:3592/4740 train_time:762678ms step_avg:212.33ms
step:3593/4740 train_time:762861ms step_avg:212.32ms
step:3594/4740 train_time:763186ms step_avg:212.35ms
step:3595/4740 train_time:763369ms step_avg:212.34ms
step:3596/4740 train_time:763687ms step_avg:212.37ms
step:3597/4740 train_time:763871ms step_avg:212.36ms
step:3598/4740 train_time:764194ms step_avg:212.39ms
step:3599/4740 train_time:764381ms step_avg:212.39ms
step:3600/4740 train_time:764701ms step_avg:212.42ms
step:3601/4740 train_time:764884ms step_avg:212.41ms
step:3602/4740 train_time:765203ms step_avg:212.44ms
step:3603/4740 train_time:765394ms step_avg:212.43ms
step:3604/4740 train_time:765716ms step_avg:212.46ms
step:3605/4740 train_time:765899ms step_avg:212.45ms
step:3606/4740 train_time:766221ms step_avg:212.49ms
step:3607/4740 train_time:766404ms step_avg:212.48ms
step:3608/4740 train_time:766732ms step_avg:212.51ms
step:3609/4740 train_time:766913ms step_avg:212.50ms
step:3610/4740 train_time:767235ms step_avg:212.53ms
step:3611/4740 train_time:767417ms step_avg:212.52ms
step:3612/4740 train_time:767738ms step_avg:212.55ms
step:3613/4740 train_time:767921ms step_avg:212.54ms
step:3614/4740 train_time:768243ms step_avg:212.57ms
step:3615/4740 train_time:768426ms step_avg:212.57ms
step:3616/4740 train_time:768753ms step_avg:212.60ms
step:3617/4740 train_time:768941ms step_avg:212.59ms
step:3618/4740 train_time:769263ms step_avg:212.62ms
step:3619/4740 train_time:769444ms step_avg:212.61ms
step:3620/4740 train_time:769764ms step_avg:212.64ms
step:3621/4740 train_time:769948ms step_avg:212.63ms
step:3622/4740 train_time:770271ms step_avg:212.66ms
step:3623/4740 train_time:770457ms step_avg:212.66ms
step:3624/4740 train_time:770780ms step_avg:212.69ms
step:3625/4740 train_time:770964ms step_avg:212.68ms
step:3626/4740 train_time:771284ms step_avg:212.71ms
step:3627/4740 train_time:771473ms step_avg:212.70ms
step:3628/4740 train_time:771797ms step_avg:212.73ms
step:3629/4740 train_time:771980ms step_avg:212.73ms
step:3630/4740 train_time:772305ms step_avg:212.76ms
step:3631/4740 train_time:772488ms step_avg:212.75ms
step:3632/4740 train_time:772812ms step_avg:212.78ms
step:3633/4740 train_time:772994ms step_avg:212.77ms
step:3634/4740 train_time:773319ms step_avg:212.80ms
step:3635/4740 train_time:773499ms step_avg:212.79ms
step:3636/4740 train_time:773822ms step_avg:212.82ms
step:3637/4740 train_time:774007ms step_avg:212.81ms
step:3638/4740 train_time:774334ms step_avg:212.85ms
step:3639/4740 train_time:774511ms step_avg:212.84ms
step:3640/4740 train_time:774832ms step_avg:212.87ms
step:3641/4740 train_time:775014ms step_avg:212.86ms
step:3642/4740 train_time:775336ms step_avg:212.89ms
step:3643/4740 train_time:775519ms step_avg:212.88ms
step:3644/4740 train_time:775838ms step_avg:212.91ms
step:3645/4740 train_time:776025ms step_avg:212.90ms
step:3646/4740 train_time:776352ms step_avg:212.93ms
step:3647/4740 train_time:776534ms step_avg:212.92ms
step:3648/4740 train_time:776857ms step_avg:212.95ms
step:3649/4740 train_time:777041ms step_avg:212.95ms
step:3650/4740 train_time:777366ms step_avg:212.98ms
step:3651/4740 train_time:777550ms step_avg:212.97ms
step:3652/4740 train_time:777872ms step_avg:213.00ms
step:3653/4740 train_time:778058ms step_avg:212.99ms
step:3654/4740 train_time:778375ms step_avg:213.02ms
step:3655/4740 train_time:778561ms step_avg:213.01ms
step:3656/4740 train_time:778881ms step_avg:213.04ms
step:3657/4740 train_time:779064ms step_avg:213.03ms
step:3658/4740 train_time:779385ms step_avg:213.06ms
step:3659/4740 train_time:779570ms step_avg:213.06ms
step:3660/4740 train_time:779891ms step_avg:213.08ms
step:3661/4740 train_time:780077ms step_avg:213.08ms
step:3662/4740 train_time:780403ms step_avg:213.11ms
step:3663/4740 train_time:780583ms step_avg:213.10ms
step:3664/4740 train_time:780913ms step_avg:213.13ms
step:3665/4740 train_time:781097ms step_avg:213.12ms
step:3666/4740 train_time:781420ms step_avg:213.15ms
step:3667/4740 train_time:781603ms step_avg:213.14ms
step:3668/4740 train_time:781925ms step_avg:213.17ms
step:3669/4740 train_time:782104ms step_avg:213.17ms
step:3670/4740 train_time:782426ms step_avg:213.20ms
step:3671/4740 train_time:782612ms step_avg:213.19ms
step:3672/4740 train_time:782935ms step_avg:213.22ms
step:3673/4740 train_time:783117ms step_avg:213.21ms
step:3674/4740 train_time:783437ms step_avg:213.24ms
step:3675/4740 train_time:783616ms step_avg:213.23ms
step:3676/4740 train_time:783938ms step_avg:213.26ms
step:3677/4740 train_time:784120ms step_avg:213.25ms
step:3678/4740 train_time:784445ms step_avg:213.28ms
step:3679/4740 train_time:784628ms step_avg:213.27ms
step:3680/4740 train_time:784957ms step_avg:213.30ms
step:3681/4740 train_time:785136ms step_avg:213.29ms
step:3682/4740 train_time:785457ms step_avg:213.32ms
step:3683/4740 train_time:785641ms step_avg:213.32ms
step:3684/4740 train_time:785967ms step_avg:213.35ms
step:3685/4740 train_time:786147ms step_avg:213.34ms
step:3686/4740 train_time:786471ms step_avg:213.37ms
step:3687/4740 train_time:786658ms step_avg:213.36ms
step:3688/4740 train_time:786980ms step_avg:213.39ms
step:3689/4740 train_time:787158ms step_avg:213.38ms
step:3690/4740 train_time:787483ms step_avg:213.41ms
step:3691/4740 train_time:787666ms step_avg:213.40ms
step:3692/4740 train_time:787986ms step_avg:213.43ms
step:3693/4740 train_time:788172ms step_avg:213.42ms
step:3694/4740 train_time:788498ms step_avg:213.45ms
step:3695/4740 train_time:788680ms step_avg:213.45ms
step:3696/4740 train_time:788996ms step_avg:213.47ms
step:3697/4740 train_time:789184ms step_avg:213.47ms
step:3698/4740 train_time:789502ms step_avg:213.49ms
step:3699/4740 train_time:789688ms step_avg:213.49ms
step:3700/4740 train_time:790010ms step_avg:213.52ms
step:3701/4740 train_time:790196ms step_avg:213.51ms
step:3702/4740 train_time:790517ms step_avg:213.54ms
step:3703/4740 train_time:790702ms step_avg:213.53ms
step:3704/4740 train_time:791026ms step_avg:213.56ms
step:3705/4740 train_time:791208ms step_avg:213.55ms
step:3706/4740 train_time:791532ms step_avg:213.58ms
step:3707/4740 train_time:791716ms step_avg:213.57ms
step:3708/4740 train_time:792040ms step_avg:213.60ms
step:3709/4740 train_time:792219ms step_avg:213.59ms
step:3710/4740 train_time:792542ms step_avg:213.62ms
step:3711/4740 train_time:792726ms step_avg:213.62ms
step:3712/4740 train_time:793051ms step_avg:213.65ms
step:3713/4740 train_time:793232ms step_avg:213.64ms
step:3714/4740 train_time:793556ms step_avg:213.67ms
step:3715/4740 train_time:793737ms step_avg:213.66ms
step:3716/4740 train_time:794063ms step_avg:213.69ms
step:3717/4740 train_time:794244ms step_avg:213.68ms
step:3718/4740 train_time:794567ms step_avg:213.71ms
step:3719/4740 train_time:794751ms step_avg:213.70ms
step:3720/4740 train_time:795075ms step_avg:213.73ms
step:3721/4740 train_time:795256ms step_avg:213.72ms
step:3722/4740 train_time:795579ms step_avg:213.75ms
step:3723/4740 train_time:795764ms step_avg:213.74ms
step:3724/4740 train_time:796089ms step_avg:213.77ms
step:3725/4740 train_time:796271ms step_avg:213.76ms
step:3726/4740 train_time:796593ms step_avg:213.79ms
step:3727/4740 train_time:796777ms step_avg:213.79ms
step:3728/4740 train_time:797101ms step_avg:213.81ms
step:3729/4740 train_time:797280ms step_avg:213.81ms
step:3730/4740 train_time:797600ms step_avg:213.83ms
step:3731/4740 train_time:797788ms step_avg:213.83ms
step:3732/4740 train_time:798107ms step_avg:213.85ms
step:3733/4740 train_time:798292ms step_avg:213.85ms
step:3734/4740 train_time:798615ms step_avg:213.88ms
step:3735/4740 train_time:798798ms step_avg:213.87ms
step:3736/4740 train_time:799118ms step_avg:213.90ms
step:3737/4740 train_time:799302ms step_avg:213.89ms
step:3738/4740 train_time:799624ms step_avg:213.92ms
step:3739/4740 train_time:799809ms step_avg:213.91ms
step:3740/4740 train_time:800133ms step_avg:213.94ms
step:3741/4740 train_time:800315ms step_avg:213.93ms
step:3742/4740 train_time:800636ms step_avg:213.96ms
step:3743/4740 train_time:800820ms step_avg:213.95ms
step:3744/4740 train_time:801144ms step_avg:213.98ms
step:3745/4740 train_time:801327ms step_avg:213.97ms
step:3746/4740 train_time:801652ms step_avg:214.00ms
step:3747/4740 train_time:801836ms step_avg:213.99ms
step:3748/4740 train_time:802158ms step_avg:214.02ms
step:3749/4740 train_time:802336ms step_avg:214.01ms
step:3750/4740 train_time:802657ms step_avg:214.04ms
step:3750/4740 val_loss:3.0110 train_time:802788ms step_avg:214.08ms
step:3751/4740 train_time:802843ms step_avg:214.03ms
step:3752/4740 train_time:803173ms step_avg:214.07ms
step:3753/4740 train_time:803360ms step_avg:214.06ms
step:3754/4740 train_time:803677ms step_avg:214.09ms
step:3755/4740 train_time:803863ms step_avg:214.08ms
step:3756/4740 train_time:804186ms step_avg:214.11ms
step:3757/4740 train_time:804373ms step_avg:214.10ms
step:3758/4740 train_time:804694ms step_avg:214.13ms
step:3759/4740 train_time:804875ms step_avg:214.12ms
step:3760/4740 train_time:805201ms step_avg:214.15ms
step:3761/4740 train_time:805384ms step_avg:214.14ms
step:3762/4740 train_time:805703ms step_avg:214.17ms
step:3763/4740 train_time:805886ms step_avg:214.16ms
step:3764/4740 train_time:806208ms step_avg:214.19ms
step:3765/4740 train_time:806390ms step_avg:214.18ms
step:3766/4740 train_time:806713ms step_avg:214.21ms
step:3767/4740 train_time:806895ms step_avg:214.20ms
step:3768/4740 train_time:807218ms step_avg:214.23ms
step:3769/4740 train_time:807401ms step_avg:214.22ms
step:3770/4740 train_time:807723ms step_avg:214.25ms
step:3771/4740 train_time:807906ms step_avg:214.24ms
step:3772/4740 train_time:808227ms step_avg:214.27ms
step:3773/4740 train_time:808410ms step_avg:214.26ms
step:3774/4740 train_time:808731ms step_avg:214.29ms
step:3775/4740 train_time:808915ms step_avg:214.28ms
step:3776/4740 train_time:809239ms step_avg:214.31ms
step:3777/4740 train_time:809419ms step_avg:214.30ms
step:3778/4740 train_time:809742ms step_avg:214.33ms
step:3779/4740 train_time:809925ms step_avg:214.32ms
step:3780/4740 train_time:810250ms step_avg:214.35ms
step:3781/4740 train_time:810434ms step_avg:214.34ms
step:3782/4740 train_time:810757ms step_avg:214.37ms
step:3783/4740 train_time:810938ms step_avg:214.36ms
step:3784/4740 train_time:811259ms step_avg:214.39ms
step:3785/4740 train_time:811443ms step_avg:214.38ms
step:3786/4740 train_time:811764ms step_avg:214.41ms
step:3787/4740 train_time:811946ms step_avg:214.40ms
step:3788/4740 train_time:812268ms step_avg:214.43ms
step:3789/4740 train_time:812454ms step_avg:214.42ms
step:3790/4740 train_time:812778ms step_avg:214.45ms
step:3791/4740 train_time:812962ms step_avg:214.45ms
step:3792/4740 train_time:813286ms step_avg:214.47ms
step:3793/4740 train_time:813469ms step_avg:214.47ms
step:3794/4740 train_time:813795ms step_avg:214.50ms
step:3795/4740 train_time:813976ms step_avg:214.49ms
step:3796/4740 train_time:814299ms step_avg:214.52ms
step:3797/4740 train_time:814479ms step_avg:214.51ms
step:3798/4740 train_time:814806ms step_avg:214.54ms
step:3799/4740 train_time:814984ms step_avg:214.53ms
step:3800/4740 train_time:815308ms step_avg:214.55ms
step:3801/4740 train_time:815493ms step_avg:214.55ms
step:3802/4740 train_time:815817ms step_avg:214.58ms
step:3803/4740 train_time:815998ms step_avg:214.57ms
step:3804/4740 train_time:816321ms step_avg:214.60ms
step:3805/4740 train_time:816505ms step_avg:214.59ms
step:3806/4740 train_time:816826ms step_avg:214.62ms
step:3807/4740 train_time:817011ms step_avg:214.61ms
step:3808/4740 train_time:817338ms step_avg:214.64ms
step:3809/4740 train_time:817518ms step_avg:214.63ms
step:3810/4740 train_time:817845ms step_avg:214.66ms
step:3811/4740 train_time:818023ms step_avg:214.65ms
step:3812/4740 train_time:818345ms step_avg:214.68ms
step:3813/4740 train_time:818527ms step_avg:214.67ms
step:3814/4740 train_time:818851ms step_avg:214.70ms
step:3815/4740 train_time:819032ms step_avg:214.69ms
step:3816/4740 train_time:819352ms step_avg:214.71ms
step:3817/4740 train_time:819537ms step_avg:214.71ms
step:3818/4740 train_time:819860ms step_avg:214.74ms
step:3819/4740 train_time:820045ms step_avg:214.73ms
step:3820/4740 train_time:820364ms step_avg:214.75ms
step:3821/4740 train_time:820548ms step_avg:214.75ms
step:3822/4740 train_time:820872ms step_avg:214.78ms
step:3823/4740 train_time:821058ms step_avg:214.77ms
step:3824/4740 train_time:821381ms step_avg:214.80ms
step:3825/4740 train_time:821563ms step_avg:214.79ms
step:3826/4740 train_time:821885ms step_avg:214.82ms
step:3827/4740 train_time:822070ms step_avg:214.81ms
step:3828/4740 train_time:822393ms step_avg:214.84ms
step:3829/4740 train_time:822577ms step_avg:214.83ms
step:3830/4740 train_time:822898ms step_avg:214.86ms
step:3831/4740 train_time:823083ms step_avg:214.85ms
step:3832/4740 train_time:823406ms step_avg:214.88ms
step:3833/4740 train_time:823587ms step_avg:214.87ms
step:3834/4740 train_time:823909ms step_avg:214.90ms
step:3835/4740 train_time:824092ms step_avg:214.89ms
step:3836/4740 train_time:824416ms step_avg:214.92ms
step:3837/4740 train_time:824599ms step_avg:214.91ms
step:3838/4740 train_time:824924ms step_avg:214.94ms
step:3839/4740 train_time:825102ms step_avg:214.93ms
step:3840/4740 train_time:825422ms step_avg:214.95ms
step:3841/4740 train_time:825608ms step_avg:214.95ms
step:3842/4740 train_time:825931ms step_avg:214.97ms
step:3843/4740 train_time:826113ms step_avg:214.97ms
step:3844/4740 train_time:826439ms step_avg:214.99ms
step:3845/4740 train_time:826622ms step_avg:214.99ms
step:3846/4740 train_time:826945ms step_avg:215.01ms
step:3847/4740 train_time:827127ms step_avg:215.01ms
step:3848/4740 train_time:827454ms step_avg:215.03ms
step:3849/4740 train_time:827637ms step_avg:215.03ms
step:3850/4740 train_time:827958ms step_avg:215.05ms
step:3851/4740 train_time:828143ms step_avg:215.05ms
step:3852/4740 train_time:828463ms step_avg:215.07ms
step:3853/4740 train_time:828649ms step_avg:215.07ms
step:3854/4740 train_time:828971ms step_avg:215.09ms
step:3855/4740 train_time:829152ms step_avg:215.08ms
step:3856/4740 train_time:829475ms step_avg:215.11ms
step:3857/4740 train_time:829658ms step_avg:215.10ms
step:3858/4740 train_time:829980ms step_avg:215.13ms
step:3859/4740 train_time:830167ms step_avg:215.12ms
step:3860/4740 train_time:830488ms step_avg:215.15ms
step:3861/4740 train_time:830672ms step_avg:215.14ms
step:3862/4740 train_time:830993ms step_avg:215.17ms
step:3863/4740 train_time:831180ms step_avg:215.16ms
step:3864/4740 train_time:831504ms step_avg:215.19ms
step:3865/4740 train_time:831690ms step_avg:215.18ms
step:3866/4740 train_time:832014ms step_avg:215.21ms
step:3867/4740 train_time:832199ms step_avg:215.21ms
step:3868/4740 train_time:832518ms step_avg:215.23ms
step:3869/4740 train_time:832702ms step_avg:215.22ms
step:3870/4740 train_time:833026ms step_avg:215.25ms
step:3871/4740 train_time:833207ms step_avg:215.24ms
step:3872/4740 train_time:833530ms step_avg:215.27ms
step:3873/4740 train_time:833715ms step_avg:215.26ms
step:3874/4740 train_time:834041ms step_avg:215.29ms
step:3875/4740 train_time:834224ms step_avg:215.28ms
step:3876/4740 train_time:834548ms step_avg:215.31ms
step:3877/4740 train_time:834727ms step_avg:215.30ms
step:3878/4740 train_time:835050ms step_avg:215.33ms
step:3879/4740 train_time:835231ms step_avg:215.32ms
step:3880/4740 train_time:835553ms step_avg:215.35ms
step:3881/4740 train_time:835739ms step_avg:215.34ms
step:3882/4740 train_time:836063ms step_avg:215.37ms
step:3883/4740 train_time:836246ms step_avg:215.36ms
step:3884/4740 train_time:836570ms step_avg:215.39ms
step:3885/4740 train_time:836753ms step_avg:215.38ms
step:3886/4740 train_time:837079ms step_avg:215.41ms
step:3887/4740 train_time:837259ms step_avg:215.40ms
step:3888/4740 train_time:837583ms step_avg:215.43ms
step:3889/4740 train_time:837767ms step_avg:215.42ms
step:3890/4740 train_time:838089ms step_avg:215.45ms
step:3891/4740 train_time:838272ms step_avg:215.44ms
step:3892/4740 train_time:838595ms step_avg:215.47ms
step:3893/4740 train_time:838780ms step_avg:215.46ms
step:3894/4740 train_time:839099ms step_avg:215.49ms
step:3895/4740 train_time:839283ms step_avg:215.48ms
step:3896/4740 train_time:839604ms step_avg:215.50ms
step:3897/4740 train_time:839789ms step_avg:215.50ms
step:3898/4740 train_time:840109ms step_avg:215.52ms
step:3899/4740 train_time:840295ms step_avg:215.52ms
step:3900/4740 train_time:840620ms step_avg:215.54ms
step:3901/4740 train_time:840803ms step_avg:215.54ms
step:3902/4740 train_time:841131ms step_avg:215.56ms
step:3903/4740 train_time:841315ms step_avg:215.56ms
step:3904/4740 train_time:841640ms step_avg:215.58ms
step:3905/4740 train_time:841823ms step_avg:215.58ms
step:3906/4740 train_time:842146ms step_avg:215.60ms
step:3907/4740 train_time:842329ms step_avg:215.59ms
step:3908/4740 train_time:842652ms step_avg:215.62ms
step:3909/4740 train_time:842837ms step_avg:215.61ms
step:3910/4740 train_time:843156ms step_avg:215.64ms
step:3911/4740 train_time:843339ms step_avg:215.63ms
step:3912/4740 train_time:843658ms step_avg:215.66ms
step:3913/4740 train_time:843843ms step_avg:215.65ms
step:3914/4740 train_time:844168ms step_avg:215.68ms
step:3915/4740 train_time:844354ms step_avg:215.67ms
step:3916/4740 train_time:844680ms step_avg:215.70ms
step:3917/4740 train_time:844865ms step_avg:215.69ms
step:3918/4740 train_time:845184ms step_avg:215.72ms
step:3919/4740 train_time:845373ms step_avg:215.71ms
step:3920/4740 train_time:845694ms step_avg:215.74ms
step:3921/4740 train_time:845875ms step_avg:215.73ms
step:3922/4740 train_time:846199ms step_avg:215.76ms
step:3923/4740 train_time:846382ms step_avg:215.75ms
step:3924/4740 train_time:846706ms step_avg:215.78ms
step:3925/4740 train_time:846887ms step_avg:215.77ms
step:3926/4740 train_time:847210ms step_avg:215.79ms
step:3927/4740 train_time:847393ms step_avg:215.79ms
step:3928/4740 train_time:847718ms step_avg:215.81ms
step:3929/4740 train_time:847898ms step_avg:215.81ms
step:3930/4740 train_time:848222ms step_avg:215.83ms
step:3931/4740 train_time:848406ms step_avg:215.82ms
step:3932/4740 train_time:848726ms step_avg:215.85ms
step:3933/4740 train_time:848908ms step_avg:215.84ms
step:3934/4740 train_time:849233ms step_avg:215.87ms
step:3935/4740 train_time:849423ms step_avg:215.86ms
step:3936/4740 train_time:849741ms step_avg:215.89ms
step:3937/4740 train_time:849922ms step_avg:215.88ms
step:3938/4740 train_time:850247ms step_avg:215.91ms
step:3939/4740 train_time:850434ms step_avg:215.90ms
step:3940/4740 train_time:850756ms step_avg:215.93ms
step:3941/4740 train_time:850941ms step_avg:215.92ms
step:3942/4740 train_time:851266ms step_avg:215.95ms
step:3943/4740 train_time:851449ms step_avg:215.94ms
step:3944/4740 train_time:851769ms step_avg:215.97ms
step:3945/4740 train_time:851950ms step_avg:215.96ms
step:3946/4740 train_time:852278ms step_avg:215.99ms
step:3947/4740 train_time:852461ms step_avg:215.98ms
step:3948/4740 train_time:852784ms step_avg:216.00ms
step:3949/4740 train_time:852963ms step_avg:215.99ms
step:3950/4740 train_time:853285ms step_avg:216.02ms
step:3951/4740 train_time:853469ms step_avg:216.01ms
step:3952/4740 train_time:853790ms step_avg:216.04ms
step:3953/4740 train_time:853973ms step_avg:216.03ms
step:3954/4740 train_time:854295ms step_avg:216.06ms
step:3955/4740 train_time:854475ms step_avg:216.05ms
step:3956/4740 train_time:854797ms step_avg:216.08ms
step:3957/4740 train_time:854980ms step_avg:216.07ms
step:3958/4740 train_time:855303ms step_avg:216.09ms
step:3959/4740 train_time:855485ms step_avg:216.09ms
step:3960/4740 train_time:855810ms step_avg:216.11ms
step:3961/4740 train_time:855991ms step_avg:216.10ms
step:3962/4740 train_time:856316ms step_avg:216.13ms
step:3963/4740 train_time:856500ms step_avg:216.12ms
step:3964/4740 train_time:856823ms step_avg:216.15ms
step:3965/4740 train_time:857007ms step_avg:216.14ms
step:3966/4740 train_time:857327ms step_avg:216.17ms
step:3967/4740 train_time:857511ms step_avg:216.16ms
step:3968/4740 train_time:857834ms step_avg:216.19ms
step:3969/4740 train_time:858018ms step_avg:216.18ms
step:3970/4740 train_time:858341ms step_avg:216.21ms
step:3971/4740 train_time:858524ms step_avg:216.20ms
step:3972/4740 train_time:858847ms step_avg:216.23ms
step:3973/4740 train_time:859025ms step_avg:216.22ms
step:3974/4740 train_time:859349ms step_avg:216.24ms
step:3975/4740 train_time:859531ms step_avg:216.23ms
step:3976/4740 train_time:859856ms step_avg:216.26ms
step:3977/4740 train_time:860040ms step_avg:216.25ms
step:3978/4740 train_time:860364ms step_avg:216.28ms
step:3979/4740 train_time:860543ms step_avg:216.27ms
step:3980/4740 train_time:860865ms step_avg:216.30ms
step:3981/4740 train_time:861051ms step_avg:216.29ms
step:3982/4740 train_time:861368ms step_avg:216.32ms
step:3983/4740 train_time:861551ms step_avg:216.31ms
step:3984/4740 train_time:861871ms step_avg:216.33ms
step:3985/4740 train_time:862058ms step_avg:216.33ms
step:3986/4740 train_time:862383ms step_avg:216.35ms
step:3987/4740 train_time:862562ms step_avg:216.34ms
step:3988/4740 train_time:862883ms step_avg:216.37ms
step:3989/4740 train_time:863076ms step_avg:216.36ms
step:3990/4740 train_time:863399ms step_avg:216.39ms
step:3991/4740 train_time:863580ms step_avg:216.38ms
step:3992/4740 train_time:863903ms step_avg:216.41ms
step:3993/4740 train_time:864087ms step_avg:216.40ms
step:3994/4740 train_time:864412ms step_avg:216.43ms
step:3995/4740 train_time:864597ms step_avg:216.42ms
step:3996/4740 train_time:864919ms step_avg:216.45ms
step:3997/4740 train_time:865101ms step_avg:216.44ms
step:3998/4740 train_time:865423ms step_avg:216.46ms
step:3999/4740 train_time:865605ms step_avg:216.46ms
step:4000/4740 train_time:865927ms step_avg:216.48ms
step:4000/4740 val_loss:2.9912 train_time:866055ms step_avg:216.51ms
step:4001/4740 train_time:866111ms step_avg:216.47ms
step:4002/4740 train_time:866440ms step_avg:216.50ms
step:4003/4740 train_time:866624ms step_avg:216.49ms
step:4004/4740 train_time:866947ms step_avg:216.52ms
step:4005/4740 train_time:867125ms step_avg:216.51ms
step:4006/4740 train_time:867456ms step_avg:216.54ms
step:4007/4740 train_time:867641ms step_avg:216.53ms
step:4008/4740 train_time:867963ms step_avg:216.56ms
step:4009/4740 train_time:868142ms step_avg:216.55ms
step:4010/4740 train_time:868467ms step_avg:216.58ms
step:4011/4740 train_time:868650ms step_avg:216.57ms
step:4012/4740 train_time:868973ms step_avg:216.59ms
step:4013/4740 train_time:869153ms step_avg:216.58ms
step:4014/4740 train_time:869479ms step_avg:216.61ms
step:4015/4740 train_time:869665ms step_avg:216.60ms
step:4016/4740 train_time:869988ms step_avg:216.63ms
step:4017/4740 train_time:870167ms step_avg:216.62ms
step:4018/4740 train_time:870493ms step_avg:216.65ms
step:4019/4740 train_time:870676ms step_avg:216.64ms
step:4020/4740 train_time:871000ms step_avg:216.67ms
step:4021/4740 train_time:871183ms step_avg:216.66ms
step:4022/4740 train_time:871505ms step_avg:216.68ms
step:4023/4740 train_time:871689ms step_avg:216.68ms
step:4024/4740 train_time:872011ms step_avg:216.70ms
step:4025/4740 train_time:872195ms step_avg:216.69ms
step:4026/4740 train_time:872514ms step_avg:216.72ms
step:4027/4740 train_time:872697ms step_avg:216.71ms
step:4028/4740 train_time:873023ms step_avg:216.74ms
step:4029/4740 train_time:873206ms step_avg:216.73ms
step:4030/4740 train_time:873530ms step_avg:216.76ms
step:4031/4740 train_time:873716ms step_avg:216.75ms
step:4032/4740 train_time:874038ms step_avg:216.78ms
step:4033/4740 train_time:874223ms step_avg:216.77ms
step:4034/4740 train_time:874543ms step_avg:216.79ms
step:4035/4740 train_time:874728ms step_avg:216.79ms
step:4036/4740 train_time:875048ms step_avg:216.81ms
step:4037/4740 train_time:875237ms step_avg:216.80ms
step:4038/4740 train_time:875557ms step_avg:216.83ms
step:4039/4740 train_time:875745ms step_avg:216.82ms
step:4040/4740 train_time:876066ms step_avg:216.85ms
step:4041/4740 train_time:876252ms step_avg:216.84ms
step:4042/4740 train_time:876574ms step_avg:216.87ms
step:4043/4740 train_time:876758ms step_avg:216.86ms
step:4044/4740 train_time:877077ms step_avg:216.88ms
step:4045/4740 train_time:877262ms step_avg:216.88ms
step:4046/4740 train_time:877589ms step_avg:216.90ms
step:4047/4740 train_time:877767ms step_avg:216.89ms
step:4048/4740 train_time:878089ms step_avg:216.92ms
step:4049/4740 train_time:878275ms step_avg:216.91ms
step:4050/4740 train_time:878600ms step_avg:216.94ms
step:4051/4740 train_time:878782ms step_avg:216.93ms
step:4052/4740 train_time:879102ms step_avg:216.96ms
step:4053/4740 train_time:879288ms step_avg:216.95ms
step:4054/4740 train_time:879608ms step_avg:216.97ms
step:4055/4740 train_time:879791ms step_avg:216.96ms
step:4056/4740 train_time:880111ms step_avg:216.99ms
step:4057/4740 train_time:880299ms step_avg:216.98ms
step:4058/4740 train_time:880625ms step_avg:217.01ms
step:4059/4740 train_time:880808ms step_avg:217.00ms
step:4060/4740 train_time:881130ms step_avg:217.03ms
step:4061/4740 train_time:881318ms step_avg:217.02ms
step:4062/4740 train_time:881640ms step_avg:217.05ms
step:4063/4740 train_time:881823ms step_avg:217.04ms
step:4064/4740 train_time:882144ms step_avg:217.06ms
step:4065/4740 train_time:882329ms step_avg:217.06ms
step:4066/4740 train_time:882654ms step_avg:217.08ms
step:4067/4740 train_time:882832ms step_avg:217.07ms
step:4068/4740 train_time:883154ms step_avg:217.10ms
step:4069/4740 train_time:883338ms step_avg:217.09ms
step:4070/4740 train_time:883665ms step_avg:217.12ms
step:4071/4740 train_time:883847ms step_avg:217.11ms
step:4072/4740 train_time:884170ms step_avg:217.13ms
step:4073/4740 train_time:884349ms step_avg:217.12ms
step:4074/4740 train_time:884672ms step_avg:217.15ms
step:4075/4740 train_time:884855ms step_avg:217.14ms
step:4076/4740 train_time:885180ms step_avg:217.17ms
step:4077/4740 train_time:885366ms step_avg:217.16ms
step:4078/4740 train_time:885688ms step_avg:217.19ms
step:4079/4740 train_time:885873ms step_avg:217.18ms
step:4080/4740 train_time:886193ms step_avg:217.20ms
step:4081/4740 train_time:886379ms step_avg:217.20ms
step:4082/4740 train_time:886702ms step_avg:217.22ms
step:4083/4740 train_time:886884ms step_avg:217.21ms
step:4084/4740 train_time:887206ms step_avg:217.24ms
step:4085/4740 train_time:887387ms step_avg:217.23ms
step:4086/4740 train_time:887711ms step_avg:217.26ms
step:4087/4740 train_time:887893ms step_avg:217.25ms
step:4088/4740 train_time:888215ms step_avg:217.27ms
step:4089/4740 train_time:888398ms step_avg:217.27ms
step:4090/4740 train_time:888724ms step_avg:217.29ms
step:4091/4740 train_time:888907ms step_avg:217.28ms
step:4092/4740 train_time:889229ms step_avg:217.31ms
step:4093/4740 train_time:889413ms step_avg:217.30ms
step:4094/4740 train_time:889738ms step_avg:217.33ms
step:4095/4740 train_time:889921ms step_avg:217.32ms
step:4096/4740 train_time:890248ms step_avg:217.35ms
step:4097/4740 train_time:890431ms step_avg:217.34ms
step:4098/4740 train_time:890753ms step_avg:217.36ms
step:4099/4740 train_time:890934ms step_avg:217.35ms
step:4100/4740 train_time:891257ms step_avg:217.38ms
step:4101/4740 train_time:891438ms step_avg:217.37ms
step:4102/4740 train_time:891761ms step_avg:217.40ms
step:4103/4740 train_time:891945ms step_avg:217.39ms
step:4104/4740 train_time:892267ms step_avg:217.41ms
step:4105/4740 train_time:892452ms step_avg:217.41ms
step:4106/4740 train_time:892772ms step_avg:217.43ms
step:4107/4740 train_time:892953ms step_avg:217.42ms
step:4108/4740 train_time:893276ms step_avg:217.45ms
step:4109/4740 train_time:893459ms step_avg:217.44ms
step:4110/4740 train_time:893783ms step_avg:217.47ms
step:4111/4740 train_time:893963ms step_avg:217.46ms
step:4112/4740 train_time:894287ms step_avg:217.48ms
step:4113/4740 train_time:894473ms step_avg:217.47ms
step:4114/4740 train_time:894790ms step_avg:217.50ms
step:4115/4740 train_time:894980ms step_avg:217.49ms
step:4116/4740 train_time:895299ms step_avg:217.52ms
step:4117/4740 train_time:895483ms step_avg:217.51ms
step:4118/4740 train_time:895806ms step_avg:217.53ms
step:4119/4740 train_time:895992ms step_avg:217.53ms
step:4120/4740 train_time:896315ms step_avg:217.55ms
step:4121/4740 train_time:896500ms step_avg:217.54ms
step:4122/4740 train_time:896826ms step_avg:217.57ms
step:4123/4740 train_time:897003ms step_avg:217.56ms
step:4124/4740 train_time:897325ms step_avg:217.59ms
step:4125/4740 train_time:897508ms step_avg:217.58ms
step:4126/4740 train_time:897833ms step_avg:217.60ms
step:4127/4740 train_time:898014ms step_avg:217.59ms
step:4128/4740 train_time:898334ms step_avg:217.62ms
step:4129/4740 train_time:898517ms step_avg:217.61ms
step:4130/4740 train_time:898846ms step_avg:217.64ms
step:4131/4740 train_time:899029ms step_avg:217.63ms
step:4132/4740 train_time:899351ms step_avg:217.66ms
step:4133/4740 train_time:899539ms step_avg:217.65ms
step:4134/4740 train_time:899862ms step_avg:217.67ms
step:4135/4740 train_time:900049ms step_avg:217.67ms
step:4136/4740 train_time:900368ms step_avg:217.69ms
step:4137/4740 train_time:900552ms step_avg:217.68ms
step:4138/4740 train_time:900873ms step_avg:217.71ms
step:4139/4740 train_time:901058ms step_avg:217.70ms
step:4140/4740 train_time:901382ms step_avg:217.73ms
step:4141/4740 train_time:901560ms step_avg:217.72ms
step:4142/4740 train_time:901885ms step_avg:217.74ms
step:4143/4740 train_time:902064ms step_avg:217.73ms
step:4144/4740 train_time:902389ms step_avg:217.76ms
step:4145/4740 train_time:902568ms step_avg:217.75ms
step:4146/4740 train_time:902891ms step_avg:217.77ms
step:4147/4740 train_time:903072ms step_avg:217.77ms
step:4148/4740 train_time:903394ms step_avg:217.79ms
step:4149/4740 train_time:903577ms step_avg:217.78ms
step:4150/4740 train_time:903901ms step_avg:217.81ms
step:4151/4740 train_time:904087ms step_avg:217.80ms
step:4152/4740 train_time:904408ms step_avg:217.82ms
step:4153/4740 train_time:904589ms step_avg:217.82ms
step:4154/4740 train_time:904915ms step_avg:217.84ms
step:4155/4740 train_time:905098ms step_avg:217.83ms
step:4156/4740 train_time:905425ms step_avg:217.86ms
step:4157/4740 train_time:905607ms step_avg:217.85ms
step:4158/4740 train_time:905932ms step_avg:217.88ms
step:4159/4740 train_time:906111ms step_avg:217.87ms
step:4160/4740 train_time:906437ms step_avg:217.89ms
step:4161/4740 train_time:906619ms step_avg:217.88ms
step:4162/4740 train_time:906945ms step_avg:217.91ms
step:4163/4740 train_time:907130ms step_avg:217.90ms
step:4164/4740 train_time:907450ms step_avg:217.93ms
step:4165/4740 train_time:907638ms step_avg:217.92ms
step:4166/4740 train_time:907962ms step_avg:217.95ms
step:4167/4740 train_time:908145ms step_avg:217.94ms
step:4168/4740 train_time:908469ms step_avg:217.96ms
step:4169/4740 train_time:908650ms step_avg:217.95ms
step:4170/4740 train_time:908971ms step_avg:217.98ms
step:4171/4740 train_time:909157ms step_avg:217.97ms
step:4172/4740 train_time:909482ms step_avg:218.00ms
step:4173/4740 train_time:909665ms step_avg:217.99ms
step:4174/4740 train_time:909989ms step_avg:218.01ms
step:4175/4740 train_time:910173ms step_avg:218.01ms
step:4176/4740 train_time:910499ms step_avg:218.03ms
step:4177/4740 train_time:910682ms step_avg:218.02ms
step:4178/4740 train_time:911004ms step_avg:218.05ms
step:4179/4740 train_time:911186ms step_avg:218.04ms
step:4180/4740 train_time:911511ms step_avg:218.06ms
step:4181/4740 train_time:911695ms step_avg:218.06ms
step:4182/4740 train_time:912015ms step_avg:218.08ms
step:4183/4740 train_time:912199ms step_avg:218.07ms
step:4184/4740 train_time:912523ms step_avg:218.10ms
step:4185/4740 train_time:912709ms step_avg:218.09ms
step:4186/4740 train_time:913031ms step_avg:218.12ms
step:4187/4740 train_time:913212ms step_avg:218.11ms
step:4188/4740 train_time:913535ms step_avg:218.13ms
step:4189/4740 train_time:913714ms step_avg:218.12ms
step:4190/4740 train_time:914041ms step_avg:218.15ms
step:4191/4740 train_time:914220ms step_avg:218.14ms
step:4192/4740 train_time:914544ms step_avg:218.16ms
step:4193/4740 train_time:914725ms step_avg:218.16ms
step:4194/4740 train_time:915046ms step_avg:218.18ms
step:4195/4740 train_time:915228ms step_avg:218.17ms
step:4196/4740 train_time:915552ms step_avg:218.20ms
step:4197/4740 train_time:915738ms step_avg:218.19ms
step:4198/4740 train_time:916059ms step_avg:218.21ms
step:4199/4740 train_time:916248ms step_avg:218.21ms
step:4200/4740 train_time:916572ms step_avg:218.23ms
step:4201/4740 train_time:916752ms step_avg:218.22ms
step:4202/4740 train_time:917073ms step_avg:218.25ms
step:4203/4740 train_time:917258ms step_avg:218.24ms
step:4204/4740 train_time:917585ms step_avg:218.26ms
step:4205/4740 train_time:917766ms step_avg:218.26ms
step:4206/4740 train_time:918085ms step_avg:218.28ms
step:4207/4740 train_time:918275ms step_avg:218.27ms
step:4208/4740 train_time:918598ms step_avg:218.30ms
step:4209/4740 train_time:918783ms step_avg:218.29ms
step:4210/4740 train_time:919107ms step_avg:218.32ms
step:4211/4740 train_time:919289ms step_avg:218.31ms
step:4212/4740 train_time:919608ms step_avg:218.33ms
step:4213/4740 train_time:919792ms step_avg:218.32ms
step:4214/4740 train_time:920115ms step_avg:218.35ms
step:4215/4740 train_time:920299ms step_avg:218.34ms
step:4216/4740 train_time:920622ms step_avg:218.36ms
step:4217/4740 train_time:920805ms step_avg:218.36ms
step:4218/4740 train_time:921128ms step_avg:218.38ms
step:4219/4740 train_time:921315ms step_avg:218.37ms
step:4220/4740 train_time:921641ms step_avg:218.40ms
step:4221/4740 train_time:921822ms step_avg:218.39ms
step:4222/4740 train_time:922144ms step_avg:218.41ms
step:4223/4740 train_time:922324ms step_avg:218.40ms
step:4224/4740 train_time:922647ms step_avg:218.43ms
step:4225/4740 train_time:922830ms step_avg:218.42ms
step:4226/4740 train_time:923152ms step_avg:218.45ms
step:4227/4740 train_time:923335ms step_avg:218.44ms
step:4228/4740 train_time:923657ms step_avg:218.46ms
step:4229/4740 train_time:923841ms step_avg:218.45ms
step:4230/4740 train_time:924163ms step_avg:218.48ms
step:4231/4740 train_time:924347ms step_avg:218.47ms
step:4232/4740 train_time:924668ms step_avg:218.49ms
step:4233/4740 train_time:924859ms step_avg:218.49ms
step:4234/4740 train_time:925180ms step_avg:218.51ms
step:4235/4740 train_time:925362ms step_avg:218.50ms
step:4236/4740 train_time:925685ms step_avg:218.53ms
step:4237/4740 train_time:925867ms step_avg:218.52ms
step:4238/4740 train_time:926190ms step_avg:218.54ms
step:4239/4740 train_time:926376ms step_avg:218.54ms
step:4240/4740 train_time:926700ms step_avg:218.56ms
step:4241/4740 train_time:926885ms step_avg:218.55ms
step:4242/4740 train_time:927207ms step_avg:218.58ms
step:4243/4740 train_time:927384ms step_avg:218.57ms
step:4244/4740 train_time:927705ms step_avg:218.59ms
step:4245/4740 train_time:927890ms step_avg:218.58ms
step:4246/4740 train_time:928215ms step_avg:218.61ms
step:4247/4740 train_time:928397ms step_avg:218.60ms
step:4248/4740 train_time:928723ms step_avg:218.63ms
step:4249/4740 train_time:928906ms step_avg:218.62ms
step:4250/4740 train_time:929229ms step_avg:218.64ms
step:4250/4740 val_loss:2.9715 train_time:929355ms step_avg:218.67ms
step:4251/4740 train_time:929411ms step_avg:218.63ms
step:4252/4740 train_time:929739ms step_avg:218.66ms
step:4253/4740 train_time:929928ms step_avg:218.65ms
step:4254/4740 train_time:930247ms step_avg:218.68ms
step:4255/4740 train_time:930428ms step_avg:218.67ms
step:4256/4740 train_time:930754ms step_avg:218.69ms
step:4257/4740 train_time:930936ms step_avg:218.68ms
step:4258/4740 train_time:931256ms step_avg:218.71ms
step:4259/4740 train_time:931436ms step_avg:218.70ms
step:4260/4740 train_time:931764ms step_avg:218.72ms
step:4261/4740 train_time:931952ms step_avg:218.72ms
step:4262/4740 train_time:932269ms step_avg:218.74ms
step:4263/4740 train_time:932454ms step_avg:218.73ms
step:4264/4740 train_time:932778ms step_avg:218.76ms
step:4265/4740 train_time:932962ms step_avg:218.75ms
step:4266/4740 train_time:933287ms step_avg:218.77ms
step:4267/4740 train_time:933465ms step_avg:218.76ms
step:4268/4740 train_time:933787ms step_avg:218.79ms
step:4269/4740 train_time:933971ms step_avg:218.78ms
step:4270/4740 train_time:934292ms step_avg:218.80ms
step:4271/4740 train_time:934479ms step_avg:218.80ms
step:4272/4740 train_time:934801ms step_avg:218.82ms
step:4273/4740 train_time:934987ms step_avg:218.81ms
step:4274/4740 train_time:935309ms step_avg:218.84ms
step:4275/4740 train_time:935488ms step_avg:218.83ms
step:4276/4740 train_time:935814ms step_avg:218.85ms
step:4277/4740 train_time:935994ms step_avg:218.84ms
step:4278/4740 train_time:936318ms step_avg:218.87ms
step:4279/4740 train_time:936503ms step_avg:218.86ms
step:4280/4740 train_time:936826ms step_avg:218.88ms
step:4281/4740 train_time:937009ms step_avg:218.88ms
step:4282/4740 train_time:937331ms step_avg:218.90ms
step:4283/4740 train_time:937514ms step_avg:218.89ms
step:4284/4740 train_time:937836ms step_avg:218.92ms
step:4285/4740 train_time:938019ms step_avg:218.91ms
step:4286/4740 train_time:938341ms step_avg:218.93ms
step:4287/4740 train_time:938527ms step_avg:218.92ms
step:4288/4740 train_time:938850ms step_avg:218.95ms
step:4289/4740 train_time:939031ms step_avg:218.94ms
step:4290/4740 train_time:939351ms step_avg:218.96ms
step:4291/4740 train_time:939535ms step_avg:218.95ms
step:4292/4740 train_time:939861ms step_avg:218.98ms
step:4293/4740 train_time:940044ms step_avg:218.97ms
step:4294/4740 train_time:940368ms step_avg:219.00ms
step:4295/4740 train_time:940549ms step_avg:218.99ms
step:4296/4740 train_time:940873ms step_avg:219.01ms
step:4297/4740 train_time:941055ms step_avg:219.00ms
step:4298/4740 train_time:941380ms step_avg:219.03ms
step:4299/4740 train_time:941566ms step_avg:219.02ms
step:4300/4740 train_time:941890ms step_avg:219.04ms
step:4301/4740 train_time:942077ms step_avg:219.04ms
step:4302/4740 train_time:942397ms step_avg:219.06ms
step:4303/4740 train_time:942582ms step_avg:219.05ms
step:4304/4740 train_time:942908ms step_avg:219.08ms
step:4305/4740 train_time:943090ms step_avg:219.07ms
step:4306/4740 train_time:943414ms step_avg:219.09ms
step:4307/4740 train_time:943596ms step_avg:219.08ms
step:4308/4740 train_time:943918ms step_avg:219.11ms
step:4309/4740 train_time:944102ms step_avg:219.10ms
step:4310/4740 train_time:944423ms step_avg:219.12ms
step:4311/4740 train_time:944602ms step_avg:219.11ms
step:4312/4740 train_time:944927ms step_avg:219.14ms
step:4313/4740 train_time:945113ms step_avg:219.13ms
step:4314/4740 train_time:945430ms step_avg:219.15ms
step:4315/4740 train_time:945615ms step_avg:219.15ms
step:4316/4740 train_time:945940ms step_avg:219.17ms
step:4317/4740 train_time:946127ms step_avg:219.16ms
step:4318/4740 train_time:946449ms step_avg:219.19ms
step:4319/4740 train_time:946628ms step_avg:219.18ms
step:4320/4740 train_time:946952ms step_avg:219.20ms
step:4321/4740 train_time:947136ms step_avg:219.19ms
step:4322/4740 train_time:947455ms step_avg:219.22ms
step:4323/4740 train_time:947642ms step_avg:219.21ms
step:4324/4740 train_time:947967ms step_avg:219.23ms
step:4325/4740 train_time:948149ms step_avg:219.23ms
step:4326/4740 train_time:948469ms step_avg:219.25ms
step:4327/4740 train_time:948653ms step_avg:219.24ms
step:4328/4740 train_time:948976ms step_avg:219.26ms
step:4329/4740 train_time:949154ms step_avg:219.25ms
step:4330/4740 train_time:949474ms step_avg:219.28ms
step:4331/4740 train_time:949656ms step_avg:219.27ms
step:4332/4740 train_time:949982ms step_avg:219.29ms
step:4333/4740 train_time:950160ms step_avg:219.28ms
step:4334/4740 train_time:950483ms step_avg:219.31ms
step:4335/4740 train_time:950671ms step_avg:219.30ms
step:4336/4740 train_time:950994ms step_avg:219.33ms
step:4337/4740 train_time:951177ms step_avg:219.32ms
step:4338/4740 train_time:951499ms step_avg:219.34ms
step:4339/4740 train_time:951686ms step_avg:219.33ms
step:4340/4740 train_time:952008ms step_avg:219.36ms
step:4341/4740 train_time:952190ms step_avg:219.35ms
step:4342/4740 train_time:952513ms step_avg:219.37ms
step:4343/4740 train_time:952693ms step_avg:219.36ms
step:4344/4740 train_time:953014ms step_avg:219.39ms
step:4345/4740 train_time:953198ms step_avg:219.38ms
step:4346/4740 train_time:953523ms step_avg:219.40ms
step:4347/4740 train_time:953708ms step_avg:219.39ms
step:4348/4740 train_time:954030ms step_avg:219.42ms
step:4349/4740 train_time:954216ms step_avg:219.41ms
step:4350/4740 train_time:954537ms step_avg:219.43ms
step:4351/4740 train_time:954719ms step_avg:219.43ms
step:4352/4740 train_time:955042ms step_avg:219.45ms
step:4353/4740 train_time:955224ms step_avg:219.44ms
step:4354/4740 train_time:955549ms step_avg:219.46ms
step:4355/4740 train_time:955730ms step_avg:219.46ms
step:4356/4740 train_time:956051ms step_avg:219.48ms
step:4357/4740 train_time:956238ms step_avg:219.47ms
step:4358/4740 train_time:956564ms step_avg:219.50ms
step:4359/4740 train_time:956751ms step_avg:219.49ms
step:4360/4740 train_time:957074ms step_avg:219.51ms
step:4361/4740 train_time:957257ms step_avg:219.50ms
step:4362/4740 train_time:957587ms step_avg:219.53ms
step:4363/4740 train_time:957766ms step_avg:219.52ms
step:4364/4740 train_time:958092ms step_avg:219.54ms
step:4365/4740 train_time:958273ms step_avg:219.54ms
step:4366/4740 train_time:958595ms step_avg:219.56ms
step:4367/4740 train_time:958778ms step_avg:219.55ms
step:4368/4740 train_time:959103ms step_avg:219.57ms
step:4369/4740 train_time:959286ms step_avg:219.57ms
step:4370/4740 train_time:959609ms step_avg:219.59ms
step:4371/4740 train_time:959789ms step_avg:219.58ms
step:4372/4740 train_time:960113ms step_avg:219.60ms
step:4373/4740 train_time:960294ms step_avg:219.60ms
step:4374/4740 train_time:960619ms step_avg:219.62ms
step:4375/4740 train_time:960800ms step_avg:219.61ms
step:4376/4740 train_time:961124ms step_avg:219.64ms
step:4377/4740 train_time:961308ms step_avg:219.63ms
step:4378/4740 train_time:961631ms step_avg:219.65ms
step:4379/4740 train_time:961811ms step_avg:219.64ms
step:4380/4740 train_time:962133ms step_avg:219.66ms
step:4381/4740 train_time:962317ms step_avg:219.66ms
step:4382/4740 train_time:962642ms step_avg:219.68ms
step:4383/4740 train_time:962821ms step_avg:219.67ms
step:4384/4740 train_time:963147ms step_avg:219.70ms
step:4385/4740 train_time:963330ms step_avg:219.69ms
step:4386/4740 train_time:963651ms step_avg:219.71ms
step:4387/4740 train_time:963834ms step_avg:219.70ms
step:4388/4740 train_time:964161ms step_avg:219.73ms
step:4389/4740 train_time:964340ms step_avg:219.72ms
step:4390/4740 train_time:964665ms step_avg:219.74ms
step:4391/4740 train_time:964849ms step_avg:219.73ms
step:4392/4740 train_time:965172ms step_avg:219.76ms
step:4393/4740 train_time:965355ms step_avg:219.75ms
step:4394/4740 train_time:965677ms step_avg:219.77ms
step:4395/4740 train_time:965858ms step_avg:219.76ms
step:4396/4740 train_time:966183ms step_avg:219.79ms
step:4397/4740 train_time:966365ms step_avg:219.78ms
step:4398/4740 train_time:966687ms step_avg:219.80ms
step:4399/4740 train_time:966869ms step_avg:219.79ms
step:4400/4740 train_time:967193ms step_avg:219.82ms
step:4401/4740 train_time:967378ms step_avg:219.81ms
step:4402/4740 train_time:967703ms step_avg:219.83ms
step:4403/4740 train_time:967886ms step_avg:219.82ms
step:4404/4740 train_time:968210ms step_avg:219.85ms
step:4405/4740 train_time:968389ms step_avg:219.84ms
step:4406/4740 train_time:968713ms step_avg:219.86ms
step:4407/4740 train_time:968900ms step_avg:219.85ms
step:4408/4740 train_time:969226ms step_avg:219.88ms
step:4409/4740 train_time:969410ms step_avg:219.87ms
step:4410/4740 train_time:969732ms step_avg:219.89ms
step:4411/4740 train_time:969910ms step_avg:219.88ms
step:4412/4740 train_time:970233ms step_avg:219.91ms
step:4413/4740 train_time:970414ms step_avg:219.90ms
step:4414/4740 train_time:970740ms step_avg:219.92ms
step:4415/4740 train_time:970921ms step_avg:219.91ms
step:4416/4740 train_time:971246ms step_avg:219.94ms
step:4417/4740 train_time:971432ms step_avg:219.93ms
step:4418/4740 train_time:971750ms step_avg:219.95ms
step:4419/4740 train_time:971939ms step_avg:219.95ms
step:4420/4740 train_time:972259ms step_avg:219.97ms
step:4421/4740 train_time:972441ms step_avg:219.96ms
step:4422/4740 train_time:972763ms step_avg:219.98ms
step:4423/4740 train_time:972948ms step_avg:219.97ms
step:4424/4740 train_time:973270ms step_avg:220.00ms
step:4425/4740 train_time:973454ms step_avg:219.99ms
step:4426/4740 train_time:973778ms step_avg:220.01ms
step:4427/4740 train_time:973960ms step_avg:220.00ms
step:4428/4740 train_time:974283ms step_avg:220.03ms
step:4429/4740 train_time:974467ms step_avg:220.02ms
step:4430/4740 train_time:974790ms step_avg:220.04ms
step:4431/4740 train_time:974974ms step_avg:220.03ms
step:4432/4740 train_time:975296ms step_avg:220.06ms
step:4433/4740 train_time:975479ms step_avg:220.05ms
step:4434/4740 train_time:975799ms step_avg:220.07ms
step:4435/4740 train_time:975985ms step_avg:220.06ms
step:4436/4740 train_time:976307ms step_avg:220.09ms
step:4437/4740 train_time:976489ms step_avg:220.08ms
step:4438/4740 train_time:976815ms step_avg:220.10ms
step:4439/4740 train_time:976996ms step_avg:220.09ms
step:4440/4740 train_time:977323ms step_avg:220.12ms
step:4441/4740 train_time:977504ms step_avg:220.11ms
step:4442/4740 train_time:977830ms step_avg:220.13ms
step:4443/4740 train_time:978009ms step_avg:220.12ms
step:4444/4740 train_time:978331ms step_avg:220.15ms
step:4445/4740 train_time:978513ms step_avg:220.14ms
step:4446/4740 train_time:978837ms step_avg:220.16ms
step:4447/4740 train_time:979020ms step_avg:220.15ms
step:4448/4740 train_time:979342ms step_avg:220.18ms
step:4449/4740 train_time:979526ms step_avg:220.17ms
step:4450/4740 train_time:979853ms step_avg:220.19ms
step:4451/4740 train_time:980035ms step_avg:220.18ms
step:4452/4740 train_time:980359ms step_avg:220.21ms
step:4453/4740 train_time:980537ms step_avg:220.20ms
step:4454/4740 train_time:980868ms step_avg:220.22ms
step:4455/4740 train_time:981047ms step_avg:220.21ms
step:4456/4740 train_time:981373ms step_avg:220.24ms
step:4457/4740 train_time:981553ms step_avg:220.23ms
step:4458/4740 train_time:981880ms step_avg:220.25ms
step:4459/4740 train_time:982062ms step_avg:220.24ms
step:4460/4740 train_time:982386ms step_avg:220.27ms
step:4461/4740 train_time:982568ms step_avg:220.26ms
step:4462/4740 train_time:982891ms step_avg:220.28ms
step:4463/4740 train_time:983080ms step_avg:220.27ms
step:4464/4740 train_time:983403ms step_avg:220.30ms
step:4465/4740 train_time:983583ms step_avg:220.29ms
step:4466/4740 train_time:983909ms step_avg:220.31ms
step:4467/4740 train_time:984091ms step_avg:220.30ms
step:4468/4740 train_time:984413ms step_avg:220.33ms
step:4469/4740 train_time:984602ms step_avg:220.32ms
step:4470/4740 train_time:984924ms step_avg:220.34ms
step:4471/4740 train_time:985109ms step_avg:220.33ms
step:4472/4740 train_time:985432ms step_avg:220.36ms
step:4473/4740 train_time:985617ms step_avg:220.35ms
step:4474/4740 train_time:985941ms step_avg:220.37ms
step:4475/4740 train_time:986126ms step_avg:220.36ms
step:4476/4740 train_time:986449ms step_avg:220.39ms
step:4477/4740 train_time:986630ms step_avg:220.38ms
step:4478/4740 train_time:986956ms step_avg:220.40ms
step:4479/4740 train_time:987137ms step_avg:220.39ms
step:4480/4740 train_time:987460ms step_avg:220.42ms
step:4481/4740 train_time:987641ms step_avg:220.41ms
step:4482/4740 train_time:987967ms step_avg:220.43ms
step:4483/4740 train_time:988146ms step_avg:220.42ms
step:4484/4740 train_time:988466ms step_avg:220.44ms
step:4485/4740 train_time:988652ms step_avg:220.44ms
step:4486/4740 train_time:988973ms step_avg:220.46ms
step:4487/4740 train_time:989156ms step_avg:220.45ms
step:4488/4740 train_time:989479ms step_avg:220.47ms
step:4489/4740 train_time:989662ms step_avg:220.46ms
step:4490/4740 train_time:989982ms step_avg:220.49ms
step:4491/4740 train_time:990168ms step_avg:220.48ms
step:4492/4740 train_time:990487ms step_avg:220.50ms
step:4493/4740 train_time:990675ms step_avg:220.49ms
step:4494/4740 train_time:991000ms step_avg:220.52ms
step:4495/4740 train_time:991182ms step_avg:220.51ms
step:4496/4740 train_time:991501ms step_avg:220.53ms
step:4497/4740 train_time:991686ms step_avg:220.52ms
step:4498/4740 train_time:992009ms step_avg:220.54ms
step:4499/4740 train_time:992194ms step_avg:220.54ms
step:4500/4740 train_time:992516ms step_avg:220.56ms
step:4500/4740 val_loss:2.9532 train_time:992645ms step_avg:220.59ms
step:4501/4740 train_time:992701ms step_avg:220.55ms
step:4502/4740 train_time:993030ms step_avg:220.58ms
step:4503/4740 train_time:993219ms step_avg:220.57ms
step:4504/4740 train_time:993537ms step_avg:220.59ms
step:4505/4740 train_time:993725ms step_avg:220.58ms
step:4506/4740 train_time:994051ms step_avg:220.61ms
step:4507/4740 train_time:994239ms step_avg:220.60ms
step:4508/4740 train_time:994560ms step_avg:220.62ms
step:4509/4740 train_time:994740ms step_avg:220.61ms
step:4510/4740 train_time:995066ms step_avg:220.64ms
step:4511/4740 train_time:995252ms step_avg:220.63ms
step:4512/4740 train_time:995572ms step_avg:220.65ms
step:4513/4740 train_time:995757ms step_avg:220.64ms
step:4514/4740 train_time:996084ms step_avg:220.67ms
step:4515/4740 train_time:996264ms step_avg:220.66ms
step:4516/4740 train_time:996586ms step_avg:220.68ms
step:4517/4740 train_time:996768ms step_avg:220.67ms
step:4518/4740 train_time:997098ms step_avg:220.69ms
step:4519/4740 train_time:997276ms step_avg:220.69ms
step:4520/4740 train_time:997598ms step_avg:220.71ms
step:4521/4740 train_time:997782ms step_avg:220.70ms
step:4522/4740 train_time:998109ms step_avg:220.72ms
step:4523/4740 train_time:998292ms step_avg:220.71ms
step:4524/4740 train_time:998615ms step_avg:220.74ms
step:4525/4740 train_time:998798ms step_avg:220.73ms
step:4526/4740 train_time:999122ms step_avg:220.75ms
step:4527/4740 train_time:999306ms step_avg:220.74ms
step:4528/4740 train_time:999628ms step_avg:220.77ms
step:4529/4740 train_time:999814ms step_avg:220.76ms
step:4530/4740 train_time:1000133ms step_avg:220.78ms
step:4531/4740 train_time:1000319ms step_avg:220.77ms
step:4532/4740 train_time:1000641ms step_avg:220.79ms
step:4533/4740 train_time:1000825ms step_avg:220.79ms
step:4534/4740 train_time:1001147ms step_avg:220.81ms
step:4535/4740 train_time:1001330ms step_avg:220.80ms
step:4536/4740 train_time:1001655ms step_avg:220.82ms
step:4537/4740 train_time:1001838ms step_avg:220.82ms
step:4538/4740 train_time:1002164ms step_avg:220.84ms
step:4539/4740 train_time:1002346ms step_avg:220.83ms
step:4540/4740 train_time:1002673ms step_avg:220.85ms
step:4541/4740 train_time:1002852ms step_avg:220.84ms
step:4542/4740 train_time:1003175ms step_avg:220.87ms
step:4543/4740 train_time:1003358ms step_avg:220.86ms
step:4544/4740 train_time:1003683ms step_avg:220.88ms
step:4545/4740 train_time:1003866ms step_avg:220.87ms
step:4546/4740 train_time:1004192ms step_avg:220.90ms
step:4547/4740 train_time:1004373ms step_avg:220.89ms
step:4548/4740 train_time:1004696ms step_avg:220.91ms
step:4549/4740 train_time:1004882ms step_avg:220.90ms
step:4550/4740 train_time:1005206ms step_avg:220.92ms
step:4551/4740 train_time:1005390ms step_avg:220.92ms
step:4552/4740 train_time:1005713ms step_avg:220.94ms
step:4553/4740 train_time:1005896ms step_avg:220.93ms
step:4554/4740 train_time:1006223ms step_avg:220.95ms
step:4555/4740 train_time:1006403ms step_avg:220.94ms
step:4556/4740 train_time:1006729ms step_avg:220.97ms
step:4557/4740 train_time:1006910ms step_avg:220.96ms
step:4558/4740 train_time:1007234ms step_avg:220.98ms
step:4559/4740 train_time:1007422ms step_avg:220.97ms
step:4560/4740 train_time:1007748ms step_avg:221.00ms
step:4561/4740 train_time:1007930ms step_avg:220.99ms
step:4562/4740 train_time:1008253ms step_avg:221.01ms
step:4563/4740 train_time:1008439ms step_avg:221.00ms
step:4564/4740 train_time:1008766ms step_avg:221.03ms
step:4565/4740 train_time:1008950ms step_avg:221.02ms
step:4566/4740 train_time:1009272ms step_avg:221.04ms
step:4567/4740 train_time:1009457ms step_avg:221.03ms
step:4568/4740 train_time:1009777ms step_avg:221.05ms
step:4569/4740 train_time:1009962ms step_avg:221.05ms
step:4570/4740 train_time:1010287ms step_avg:221.07ms
step:4571/4740 train_time:1010470ms step_avg:221.06ms
step:4572/4740 train_time:1010793ms step_avg:221.08ms
step:4573/4740 train_time:1010974ms step_avg:221.07ms
step:4574/4740 train_time:1011297ms step_avg:221.10ms
step:4575/4740 train_time:1011475ms step_avg:221.09ms
step:4576/4740 train_time:1011798ms step_avg:221.11ms
step:4577/4740 train_time:1011975ms step_avg:221.10ms
step:4578/4740 train_time:1012300ms step_avg:221.12ms
step:4579/4740 train_time:1012486ms step_avg:221.12ms
step:4580/4740 train_time:1012811ms step_avg:221.14ms
step:4581/4740 train_time:1012994ms step_avg:221.13ms
step:4582/4740 train_time:1013317ms step_avg:221.15ms
step:4583/4740 train_time:1013500ms step_avg:221.14ms
step:4584/4740 train_time:1013821ms step_avg:221.17ms
step:4585/4740 train_time:1014003ms step_avg:221.16ms
step:4586/4740 train_time:1014325ms step_avg:221.18ms
step:4587/4740 train_time:1014509ms step_avg:221.17ms
step:4588/4740 train_time:1014831ms step_avg:221.19ms
step:4589/4740 train_time:1015016ms step_avg:221.18ms
step:4590/4740 train_time:1015340ms step_avg:221.21ms
step:4591/4740 train_time:1015523ms step_avg:221.20ms
step:4592/4740 train_time:1015849ms step_avg:221.22ms
step:4593/4740 train_time:1016032ms step_avg:221.21ms
step:4594/4740 train_time:1016354ms step_avg:221.24ms
step:4595/4740 train_time:1016539ms step_avg:221.23ms
step:4596/4740 train_time:1016865ms step_avg:221.25ms
step:4597/4740 train_time:1017049ms step_avg:221.24ms
step:4598/4740 train_time:1017372ms step_avg:221.26ms
step:4599/4740 train_time:1017555ms step_avg:221.26ms
step:4600/4740 train_time:1017878ms step_avg:221.28ms
step:4601/4740 train_time:1018061ms step_avg:221.27ms
step:4602/4740 train_time:1018385ms step_avg:221.29ms
step:4603/4740 train_time:1018568ms step_avg:221.28ms
step:4604/4740 train_time:1018895ms step_avg:221.31ms
step:4605/4740 train_time:1019077ms step_avg:221.30ms
step:4606/4740 train_time:1019401ms step_avg:221.32ms
step:4607/4740 train_time:1019582ms step_avg:221.31ms
step:4608/4740 train_time:1019908ms step_avg:221.33ms
step:4609/4740 train_time:1020089ms step_avg:221.33ms
step:4610/4740 train_time:1020411ms step_avg:221.35ms
step:4611/4740 train_time:1020590ms step_avg:221.34ms
step:4612/4740 train_time:1020913ms step_avg:221.36ms
step:4613/4740 train_time:1021099ms step_avg:221.35ms
step:4614/4740 train_time:1021422ms step_avg:221.37ms
step:4615/4740 train_time:1021604ms step_avg:221.37ms
step:4616/4740 train_time:1021929ms step_avg:221.39ms
step:4617/4740 train_time:1022113ms step_avg:221.38ms
step:4618/4740 train_time:1022436ms step_avg:221.40ms
step:4619/4740 train_time:1022619ms step_avg:221.39ms
step:4620/4740 train_time:1022943ms step_avg:221.42ms
step:4621/4740 train_time:1023127ms step_avg:221.41ms
step:4622/4740 train_time:1023452ms step_avg:221.43ms
step:4623/4740 train_time:1023633ms step_avg:221.42ms
step:4624/4740 train_time:1023957ms step_avg:221.44ms
step:4625/4740 train_time:1024137ms step_avg:221.44ms
step:4626/4740 train_time:1024463ms step_avg:221.46ms
step:4627/4740 train_time:1024648ms step_avg:221.45ms
step:4628/4740 train_time:1024972ms step_avg:221.47ms
step:4629/4740 train_time:1025157ms step_avg:221.46ms
step:4630/4740 train_time:1025476ms step_avg:221.49ms
step:4631/4740 train_time:1025663ms step_avg:221.48ms
step:4632/4740 train_time:1025983ms step_avg:221.50ms
step:4633/4740 train_time:1026170ms step_avg:221.49ms
step:4634/4740 train_time:1026499ms step_avg:221.51ms
step:4635/4740 train_time:1026678ms step_avg:221.51ms
step:4636/4740 train_time:1027002ms step_avg:221.53ms
step:4637/4740 train_time:1027186ms step_avg:221.52ms
step:4638/4740 train_time:1027510ms step_avg:221.54ms
step:4639/4740 train_time:1027693ms step_avg:221.53ms
step:4640/4740 train_time:1028018ms step_avg:221.56ms
step:4641/4740 train_time:1028196ms step_avg:221.55ms
step:4642/4740 train_time:1028519ms step_avg:221.57ms
step:4643/4740 train_time:1028703ms step_avg:221.56ms
step:4644/4740 train_time:1029024ms step_avg:221.58ms
step:4645/4740 train_time:1029212ms step_avg:221.57ms
step:4646/4740 train_time:1029535ms step_avg:221.60ms
step:4647/4740 train_time:1029713ms step_avg:221.59ms
step:4648/4740 train_time:1030036ms step_avg:221.61ms
step:4649/4740 train_time:1030217ms step_avg:221.60ms
step:4650/4740 train_time:1030540ms step_avg:221.62ms
step:4651/4740 train_time:1030726ms step_avg:221.61ms
step:4652/4740 train_time:1031053ms step_avg:221.64ms
step:4653/4740 train_time:1031235ms step_avg:221.63ms
step:4654/4740 train_time:1031554ms step_avg:221.65ms
step:4655/4740 train_time:1031742ms step_avg:221.64ms
step:4656/4740 train_time:1032067ms step_avg:221.66ms
step:4657/4740 train_time:1032252ms step_avg:221.66ms
step:4658/4740 train_time:1032574ms step_avg:221.68ms
step:4659/4740 train_time:1032760ms step_avg:221.67ms
step:4660/4740 train_time:1033079ms step_avg:221.69ms
step:4661/4740 train_time:1033263ms step_avg:221.68ms
step:4662/4740 train_time:1033583ms step_avg:221.70ms
step:4663/4740 train_time:1033768ms step_avg:221.70ms
step:4664/4740 train_time:1034091ms step_avg:221.72ms
step:4665/4740 train_time:1034271ms step_avg:221.71ms
step:4666/4740 train_time:1034594ms step_avg:221.73ms
step:4667/4740 train_time:1034778ms step_avg:221.72ms
step:4668/4740 train_time:1035105ms step_avg:221.74ms
step:4669/4740 train_time:1035284ms step_avg:221.74ms
step:4670/4740 train_time:1035611ms step_avg:221.76ms
step:4671/4740 train_time:1035793ms step_avg:221.75ms
step:4672/4740 train_time:1036115ms step_avg:221.77ms
step:4673/4740 train_time:1036298ms step_avg:221.76ms
step:4674/4740 train_time:1036621ms step_avg:221.78ms
step:4675/4740 train_time:1036804ms step_avg:221.78ms
step:4676/4740 train_time:1037129ms step_avg:221.80ms
step:4677/4740 train_time:1037313ms step_avg:221.79ms
step:4678/4740 train_time:1037634ms step_avg:221.81ms
step:4679/4740 train_time:1037816ms step_avg:221.80ms
step:4680/4740 train_time:1038138ms step_avg:221.82ms
step:4681/4740 train_time:1038321ms step_avg:221.82ms
step:4682/4740 train_time:1038646ms step_avg:221.84ms
step:4683/4740 train_time:1038829ms step_avg:221.83ms
step:4684/4740 train_time:1039153ms step_avg:221.85ms
step:4685/4740 train_time:1039336ms step_avg:221.84ms
step:4686/4740 train_time:1039663ms step_avg:221.87ms
step:4687/4740 train_time:1039850ms step_avg:221.86ms
step:4688/4740 train_time:1040171ms step_avg:221.88ms
step:4689/4740 train_time:1040353ms step_avg:221.87ms
step:4690/4740 train_time:1040673ms step_avg:221.89ms
step:4691/4740 train_time:1040857ms step_avg:221.88ms
step:4692/4740 train_time:1041177ms step_avg:221.90ms
step:4693/4740 train_time:1041360ms step_avg:221.90ms
step:4694/4740 train_time:1041689ms step_avg:221.92ms
step:4695/4740 train_time:1041869ms step_avg:221.91ms
step:4696/4740 train_time:1042188ms step_avg:221.93ms
step:4697/4740 train_time:1042373ms step_avg:221.92ms
step:4698/4740 train_time:1042695ms step_avg:221.94ms
step:4699/4740 train_time:1042877ms step_avg:221.94ms
step:4700/4740 train_time:1043199ms step_avg:221.96ms
step:4701/4740 train_time:1043382ms step_avg:221.95ms
step:4702/4740 train_time:1043705ms step_avg:221.97ms
step:4703/4740 train_time:1043892ms step_avg:221.96ms
step:4704/4740 train_time:1044214ms step_avg:221.98ms
step:4705/4740 train_time:1044404ms step_avg:221.98ms
step:4706/4740 train_time:1044729ms step_avg:222.00ms
step:4707/4740 train_time:1044914ms step_avg:221.99ms
step:4708/4740 train_time:1045237ms step_avg:222.01ms
step:4709/4740 train_time:1045420ms step_avg:222.00ms
step:4710/4740 train_time:1045749ms step_avg:222.03ms
step:4711/4740 train_time:1045931ms step_avg:222.02ms
step:4712/4740 train_time:1046255ms step_avg:222.04ms
step:4713/4740 train_time:1046438ms step_avg:222.03ms
step:4714/4740 train_time:1046764ms step_avg:222.05ms
step:4715/4740 train_time:1046947ms step_avg:222.05ms
step:4716/4740 train_time:1047270ms step_avg:222.07ms
step:4717/4740 train_time:1047454ms step_avg:222.06ms
step:4718/4740 train_time:1047777ms step_avg:222.08ms
step:4719/4740 train_time:1047961ms step_avg:222.07ms
step:4720/4740 train_time:1048285ms step_avg:222.09ms
step:4721/4740 train_time:1048469ms step_avg:222.09ms
step:4722/4740 train_time:1048795ms step_avg:222.11ms
step:4723/4740 train_time:1048979ms step_avg:222.10ms
step:4724/4740 train_time:1049302ms step_avg:222.12ms
step:4725/4740 train_time:1049487ms step_avg:222.11ms
step:4726/4740 train_time:1049809ms step_avg:222.13ms
step:4727/4740 train_time:1049993ms step_avg:222.13ms
step:4728/4740 train_time:1050315ms step_avg:222.15ms
step:4729/4740 train_time:1050498ms step_avg:222.14ms
step:4730/4740 train_time:1050820ms step_avg:222.16ms
step:4731/4740 train_time:1051003ms step_avg:222.15ms
step:4732/4740 train_time:1051330ms step_avg:222.17ms
step:4733/4740 train_time:1051513ms step_avg:222.17ms
step:4734/4740 train_time:1051838ms step_avg:222.19ms
step:4735/4740 train_time:1052018ms step_avg:222.18ms
step:4736/4740 train_time:1052340ms step_avg:222.20ms
step:4737/4740 train_time:1052523ms step_avg:222.19ms
step:4738/4740 train_time:1052848ms step_avg:222.21ms
step:4739/4740 train_time:1053030ms step_avg:222.21ms
step:4740/4740 train_time:1053352ms step_avg:222.23ms
step:4740/4740 val_loss:2.9311 train_time:1053481ms step_avg:222.25ms
peak memory allocated: 57397 MiB reserved: 62252 MiB
