W0208 17:55:51.612000 2065697 torch/distributed/run.py:852] 
W0208 17:55:51.612000 2065697 torch/distributed/run.py:852] *****************************************
W0208 17:55:51.612000 2065697 torch/distributed/run.py:852] Setting OMP_NUM_THREADS environment variable for each process to be 1 in default, to avoid your system being overloaded, please further tune the variable for optimal performance in your application as needed. 
W0208 17:55:51.612000 2065697 torch/distributed/run.py:852] *****************************************
Fetching 4 files:   0%|          | 0/4 [00:00<?, ?it/s]Fetching 4 files: 100%|██████████| 4/4 [00:00<00:00, 78398.21it/s]
Fetching 4 files:   0%|          | 0/4 [00:00<?, ?it/s]Fetching 4 files: 100%|██████████| 4/4 [00:00<00:00, 66841.50it/s]
Fetching 4 files:   0%|          | 0/4 [00:00<?, ?it/s]Fetching 4 files: 100%|██████████| 4/4 [00:00<00:00, 10211.33it/s]
Fetching 4 files:   0%|          | 0/4 [00:00<?, ?it/s]Fetching 4 files: 100%|██████████| 4/4 [00:00<00:00, 71697.50it/s]
Fetching 4 files:   0%|          | 0/4 [00:00<?, ?it/s]Fetching 4 files: 100%|██████████| 4/4 [00:00<00:00, 65536.00it/s]
Fetching 4 files:   0%|          | 0/4 [00:00<?, ?it/s]Fetching 4 files: 100%|██████████| 4/4 [00:00<00:00, 17512.75it/s]
Fetching 4 files:   0%|          | 0/4 [00:00<?, ?it/s]Fetching 4 files: 100%|██████████| 4/4 [00:00<00:00, 11773.48it/s]
Fetching 4 files:   0%|          | 0/4 [00:00<?, ?it/s]Fetching 4 files: 100%|██████████| 4/4 [00:00<00:00, 62368.83it/s]
logs/sweep_muon0.015_adam0.006.txt
74
Compiling model and warming up kernels (~7 minutes on first execution)
Sampling steps [0, 1, 391, 392, 393, 783, 784, 785, 1174, 1175, 1176, 1566, 1567, 1568, 1958, 1959, 1960, 2349, 2350, 2351, 2741, 2742, 2743, 3133, 3134, 3135] for warmup
Resetting Model
step:0/4740 val_loss:10.8309 train_time:1ms step_avg:1.41ms
step:1/4740 train_time:93ms step_avg:93.14ms
step:2/4740 train_time:160ms step_avg:79.92ms
step:3/4740 train_time:218ms step_avg:72.61ms
step:4/4740 train_time:304ms step_avg:75.95ms
step:5/4740 train_time:362ms step_avg:72.48ms
step:6/4740 train_time:448ms step_avg:74.71ms
step:7/4740 train_time:508ms step_avg:72.53ms
step:8/4740 train_time:593ms step_avg:74.18ms
step:9/4740 train_time:654ms step_avg:72.61ms
step:10/4740 train_time:739ms step_avg:73.93ms
step:11/4740 train_time:799ms step_avg:72.62ms
step:12/4740 train_time:884ms step_avg:73.68ms
step:13/4740 train_time:944ms step_avg:72.58ms
step:14/4740 train_time:1032ms step_avg:73.68ms
step:15/4740 train_time:1093ms step_avg:72.89ms
step:16/4740 train_time:1182ms step_avg:73.89ms
step:17/4740 train_time:1242ms step_avg:73.03ms
step:18/4740 train_time:1329ms step_avg:73.81ms
step:19/4740 train_time:1388ms step_avg:73.03ms
step:20/4740 train_time:1474ms step_avg:73.70ms
step:21/4740 train_time:1534ms step_avg:73.05ms
step:22/4740 train_time:1621ms step_avg:73.67ms
step:23/4740 train_time:1679ms step_avg:73.02ms
step:24/4740 train_time:1765ms step_avg:73.56ms
step:25/4740 train_time:1824ms step_avg:72.97ms
step:26/4740 train_time:1910ms step_avg:73.47ms
step:27/4740 train_time:1970ms step_avg:72.98ms
step:28/4740 train_time:2056ms step_avg:73.45ms
step:29/4740 train_time:2117ms step_avg:72.99ms
step:30/4740 train_time:2203ms step_avg:73.45ms
step:31/4740 train_time:2262ms step_avg:72.98ms
step:32/4740 train_time:2350ms step_avg:73.42ms
step:33/4740 train_time:2409ms step_avg:73.00ms
step:34/4740 train_time:2495ms step_avg:73.38ms
step:35/4740 train_time:2555ms step_avg:73.00ms
step:36/4740 train_time:2642ms step_avg:73.38ms
step:37/4740 train_time:2701ms step_avg:73.00ms
step:38/4740 train_time:2787ms step_avg:73.34ms
step:39/4740 train_time:2846ms step_avg:72.98ms
step:40/4740 train_time:2933ms step_avg:73.32ms
step:41/4740 train_time:2993ms step_avg:72.99ms
step:42/4740 train_time:3080ms step_avg:73.33ms
step:43/4740 train_time:3140ms step_avg:73.01ms
step:44/4740 train_time:3226ms step_avg:73.32ms
step:45/4740 train_time:3285ms step_avg:73.00ms
step:46/4740 train_time:3372ms step_avg:73.31ms
step:47/4740 train_time:3431ms step_avg:73.01ms
step:48/4740 train_time:3518ms step_avg:73.28ms
step:49/4740 train_time:3577ms step_avg:73.00ms
step:50/4740 train_time:3663ms step_avg:73.26ms
step:51/4740 train_time:3722ms step_avg:72.99ms
step:52/4740 train_time:3809ms step_avg:73.24ms
step:53/4740 train_time:3868ms step_avg:72.97ms
step:54/4740 train_time:3954ms step_avg:73.22ms
step:55/4740 train_time:4014ms step_avg:72.99ms
step:56/4740 train_time:4100ms step_avg:73.22ms
step:57/4740 train_time:4160ms step_avg:72.99ms
step:58/4740 train_time:4247ms step_avg:73.22ms
step:59/4740 train_time:4307ms step_avg:73.01ms
step:60/4740 train_time:4394ms step_avg:73.23ms
step:61/4740 train_time:4454ms step_avg:73.02ms
step:62/4740 train_time:4540ms step_avg:73.23ms
step:63/4740 train_time:4600ms step_avg:73.02ms
step:64/4740 train_time:4686ms step_avg:73.22ms
step:65/4740 train_time:4746ms step_avg:73.01ms
step:66/4740 train_time:4832ms step_avg:73.22ms
step:67/4740 train_time:4892ms step_avg:73.02ms
step:68/4740 train_time:4979ms step_avg:73.22ms
step:69/4740 train_time:5039ms step_avg:73.03ms
step:70/4740 train_time:5126ms step_avg:73.23ms
step:71/4740 train_time:5186ms step_avg:73.04ms
step:72/4740 train_time:5272ms step_avg:73.23ms
step:73/4740 train_time:5333ms step_avg:73.05ms
step:74/4740 train_time:5419ms step_avg:73.23ms
step:75/4740 train_time:5479ms step_avg:73.06ms
step:76/4740 train_time:5565ms step_avg:73.22ms
step:77/4740 train_time:5624ms step_avg:73.05ms
step:78/4740 train_time:5710ms step_avg:73.21ms
step:79/4740 train_time:5771ms step_avg:73.05ms
step:80/4740 train_time:5857ms step_avg:73.22ms
step:81/4740 train_time:5917ms step_avg:73.05ms
step:82/4740 train_time:6003ms step_avg:73.20ms
step:83/4740 train_time:6063ms step_avg:73.05ms
step:84/4740 train_time:6149ms step_avg:73.20ms
step:85/4740 train_time:6209ms step_avg:73.05ms
step:86/4740 train_time:6296ms step_avg:73.20ms
step:87/4740 train_time:6356ms step_avg:73.06ms
step:88/4740 train_time:6442ms step_avg:73.21ms
step:89/4740 train_time:6502ms step_avg:73.06ms
step:90/4740 train_time:6588ms step_avg:73.20ms
step:91/4740 train_time:6647ms step_avg:73.05ms
step:92/4740 train_time:6733ms step_avg:73.19ms
step:93/4740 train_time:6793ms step_avg:73.04ms
step:94/4740 train_time:6879ms step_avg:73.18ms
step:95/4740 train_time:6938ms step_avg:73.04ms
step:96/4740 train_time:7024ms step_avg:73.17ms
step:97/4740 train_time:7084ms step_avg:73.03ms
step:98/4740 train_time:7170ms step_avg:73.16ms
step:99/4740 train_time:7229ms step_avg:73.02ms
step:100/4740 train_time:7315ms step_avg:73.15ms
step:101/4740 train_time:7375ms step_avg:73.02ms
step:102/4740 train_time:7461ms step_avg:73.15ms
step:103/4740 train_time:7521ms step_avg:73.02ms
step:104/4740 train_time:7607ms step_avg:73.14ms
step:105/4740 train_time:7666ms step_avg:73.01ms
step:106/4740 train_time:7753ms step_avg:73.14ms
step:107/4740 train_time:7812ms step_avg:73.01ms
step:108/4740 train_time:7898ms step_avg:73.13ms
step:109/4740 train_time:7958ms step_avg:73.01ms
step:110/4740 train_time:8044ms step_avg:73.13ms
step:111/4740 train_time:8104ms step_avg:73.01ms
step:112/4740 train_time:8191ms step_avg:73.13ms
step:113/4740 train_time:8251ms step_avg:73.02ms
step:114/4740 train_time:8338ms step_avg:73.14ms
step:115/4740 train_time:8397ms step_avg:73.02ms
step:116/4740 train_time:8484ms step_avg:73.14ms
step:117/4740 train_time:8543ms step_avg:73.01ms
step:118/4740 train_time:8629ms step_avg:73.12ms
step:119/4740 train_time:8688ms step_avg:73.00ms
step:120/4740 train_time:8774ms step_avg:73.12ms
step:121/4740 train_time:8834ms step_avg:73.01ms
step:122/4740 train_time:8920ms step_avg:73.12ms
step:123/4740 train_time:8980ms step_avg:73.01ms
step:124/4740 train_time:9065ms step_avg:73.11ms
step:125/4740 train_time:9125ms step_avg:73.00ms
step:126/4740 train_time:9211ms step_avg:73.10ms
step:127/4740 train_time:9270ms step_avg:73.00ms
step:128/4740 train_time:9356ms step_avg:73.10ms
step:129/4740 train_time:9418ms step_avg:73.00ms
step:130/4740 train_time:9504ms step_avg:73.11ms
step:131/4740 train_time:9563ms step_avg:73.00ms
step:132/4740 train_time:9648ms step_avg:73.09ms
step:133/4740 train_time:9708ms step_avg:72.99ms
step:134/4740 train_time:9794ms step_avg:73.09ms
step:135/4740 train_time:9854ms step_avg:72.99ms
step:136/4740 train_time:9940ms step_avg:73.09ms
step:137/4740 train_time:10000ms step_avg:72.99ms
step:138/4740 train_time:10086ms step_avg:73.09ms
step:139/4740 train_time:10145ms step_avg:72.99ms
step:140/4740 train_time:10231ms step_avg:73.08ms
step:141/4740 train_time:10290ms step_avg:72.98ms
step:142/4740 train_time:10378ms step_avg:73.08ms
step:143/4740 train_time:10438ms step_avg:72.99ms
step:144/4740 train_time:10525ms step_avg:73.09ms
step:145/4740 train_time:10584ms step_avg:72.99ms
step:146/4740 train_time:10670ms step_avg:73.08ms
step:147/4740 train_time:10729ms step_avg:72.99ms
step:148/4740 train_time:10815ms step_avg:73.08ms
step:149/4740 train_time:10875ms step_avg:72.99ms
step:150/4740 train_time:10961ms step_avg:73.07ms
step:151/4740 train_time:11020ms step_avg:72.98ms
step:152/4740 train_time:11106ms step_avg:73.07ms
step:153/4740 train_time:11165ms step_avg:72.98ms
step:154/4740 train_time:11252ms step_avg:73.06ms
step:155/4740 train_time:11312ms step_avg:72.98ms
step:156/4740 train_time:11399ms step_avg:73.07ms
step:157/4740 train_time:11459ms step_avg:72.99ms
step:158/4740 train_time:11545ms step_avg:73.07ms
step:159/4740 train_time:11605ms step_avg:72.99ms
step:160/4740 train_time:11691ms step_avg:73.07ms
step:161/4740 train_time:11750ms step_avg:72.98ms
step:162/4740 train_time:11836ms step_avg:73.06ms
step:163/4740 train_time:11896ms step_avg:72.98ms
step:164/4740 train_time:11982ms step_avg:73.06ms
step:165/4740 train_time:12042ms step_avg:72.98ms
step:166/4740 train_time:12128ms step_avg:73.06ms
step:167/4740 train_time:12187ms step_avg:72.98ms
step:168/4740 train_time:12272ms step_avg:73.05ms
step:169/4740 train_time:12332ms step_avg:72.97ms
step:170/4740 train_time:12418ms step_avg:73.05ms
step:171/4740 train_time:12478ms step_avg:72.97ms
step:172/4740 train_time:12564ms step_avg:73.04ms
step:173/4740 train_time:12623ms step_avg:72.96ms
step:174/4740 train_time:12709ms step_avg:73.04ms
step:175/4740 train_time:12768ms step_avg:72.96ms
step:176/4740 train_time:12855ms step_avg:73.04ms
step:177/4740 train_time:12915ms step_avg:72.97ms
step:178/4740 train_time:13001ms step_avg:73.04ms
step:179/4740 train_time:13061ms step_avg:72.97ms
step:180/4740 train_time:13147ms step_avg:73.04ms
step:181/4740 train_time:13206ms step_avg:72.96ms
step:182/4740 train_time:13293ms step_avg:73.04ms
step:183/4740 train_time:13353ms step_avg:72.96ms
step:184/4740 train_time:13439ms step_avg:73.04ms
step:185/4740 train_time:13498ms step_avg:72.96ms
step:186/4740 train_time:13585ms step_avg:73.04ms
step:187/4740 train_time:13643ms step_avg:72.96ms
step:188/4740 train_time:13730ms step_avg:73.03ms
step:189/4740 train_time:13789ms step_avg:72.96ms
step:190/4740 train_time:13876ms step_avg:73.03ms
step:191/4740 train_time:13936ms step_avg:72.96ms
step:192/4740 train_time:14023ms step_avg:73.04ms
step:193/4740 train_time:14082ms step_avg:72.96ms
step:194/4740 train_time:14168ms step_avg:73.03ms
step:195/4740 train_time:14227ms step_avg:72.96ms
step:196/4740 train_time:14312ms step_avg:73.02ms
step:197/4740 train_time:14372ms step_avg:72.95ms
step:198/4740 train_time:14457ms step_avg:73.02ms
step:199/4740 train_time:14517ms step_avg:72.95ms
step:200/4740 train_time:14602ms step_avg:73.01ms
step:201/4740 train_time:14661ms step_avg:72.94ms
step:202/4740 train_time:14747ms step_avg:73.00ms
step:203/4740 train_time:14806ms step_avg:72.93ms
step:204/4740 train_time:14891ms step_avg:73.00ms
step:205/4740 train_time:14952ms step_avg:72.94ms
step:206/4740 train_time:15038ms step_avg:73.00ms
step:207/4740 train_time:15098ms step_avg:72.94ms
step:208/4740 train_time:15184ms step_avg:73.00ms
step:209/4740 train_time:15244ms step_avg:72.94ms
step:210/4740 train_time:15331ms step_avg:73.00ms
step:211/4740 train_time:15390ms step_avg:72.94ms
step:212/4740 train_time:15477ms step_avg:73.00ms
step:213/4740 train_time:15536ms step_avg:72.94ms
step:214/4740 train_time:15622ms step_avg:73.00ms
step:215/4740 train_time:15681ms step_avg:72.94ms
step:216/4740 train_time:15767ms step_avg:72.99ms
step:217/4740 train_time:15826ms step_avg:72.93ms
step:218/4740 train_time:15912ms step_avg:72.99ms
step:219/4740 train_time:15971ms step_avg:72.93ms
step:220/4740 train_time:16057ms step_avg:72.99ms
step:221/4740 train_time:16117ms step_avg:72.93ms
step:222/4740 train_time:16203ms step_avg:72.99ms
step:223/4740 train_time:16263ms step_avg:72.93ms
step:224/4740 train_time:16349ms step_avg:72.99ms
step:225/4740 train_time:16409ms step_avg:72.93ms
step:226/4740 train_time:16495ms step_avg:72.99ms
step:227/4740 train_time:16555ms step_avg:72.93ms
step:228/4740 train_time:16640ms step_avg:72.98ms
step:229/4740 train_time:16700ms step_avg:72.93ms
step:230/4740 train_time:16786ms step_avg:72.98ms
step:231/4740 train_time:16845ms step_avg:72.92ms
step:232/4740 train_time:16931ms step_avg:72.98ms
step:233/4740 train_time:16990ms step_avg:72.92ms
step:234/4740 train_time:17076ms step_avg:72.98ms
step:235/4740 train_time:17136ms step_avg:72.92ms
step:236/4740 train_time:17221ms step_avg:72.97ms
step:237/4740 train_time:17281ms step_avg:72.92ms
step:238/4740 train_time:17367ms step_avg:72.97ms
step:239/4740 train_time:17426ms step_avg:72.91ms
step:240/4740 train_time:17512ms step_avg:72.97ms
step:241/4740 train_time:17572ms step_avg:72.91ms
step:242/4740 train_time:17659ms step_avg:72.97ms
step:243/4740 train_time:17718ms step_avg:72.91ms
step:244/4740 train_time:17804ms step_avg:72.97ms
step:245/4740 train_time:17863ms step_avg:72.91ms
step:246/4740 train_time:17949ms step_avg:72.96ms
step:247/4740 train_time:18009ms step_avg:72.91ms
step:248/4740 train_time:18095ms step_avg:72.96ms
step:249/4740 train_time:18154ms step_avg:72.91ms
step:250/4740 train_time:18241ms step_avg:72.96ms
step:250/4740 val_loss:4.5305 train_time:18286ms step_avg:73.14ms
step:251/4740 train_time:18316ms step_avg:72.97ms
step:252/4740 train_time:18388ms step_avg:72.97ms
step:253/4740 train_time:18448ms step_avg:72.92ms
step:254/4740 train_time:18535ms step_avg:72.97ms
step:255/4740 train_time:18598ms step_avg:72.93ms
step:256/4740 train_time:18685ms step_avg:72.99ms
step:257/4740 train_time:18746ms step_avg:72.94ms
step:258/4740 train_time:18832ms step_avg:72.99ms
step:259/4740 train_time:18891ms step_avg:72.94ms
step:260/4740 train_time:18976ms step_avg:72.99ms
step:261/4740 train_time:19035ms step_avg:72.93ms
step:262/4740 train_time:19121ms step_avg:72.98ms
step:263/4740 train_time:19180ms step_avg:72.93ms
step:264/4740 train_time:19266ms step_avg:72.98ms
step:265/4740 train_time:19325ms step_avg:72.92ms
step:266/4740 train_time:19410ms step_avg:72.97ms
step:267/4740 train_time:19469ms step_avg:72.92ms
step:268/4740 train_time:19557ms step_avg:72.97ms
step:269/4740 train_time:19617ms step_avg:72.92ms
step:270/4740 train_time:19702ms step_avg:72.97ms
step:271/4740 train_time:19762ms step_avg:72.92ms
step:272/4740 train_time:19848ms step_avg:72.97ms
step:273/4740 train_time:19907ms step_avg:72.92ms
step:274/4740 train_time:19993ms step_avg:72.97ms
step:275/4740 train_time:20053ms step_avg:72.92ms
step:276/4740 train_time:20139ms step_avg:72.97ms
step:277/4740 train_time:20199ms step_avg:72.92ms
step:278/4740 train_time:20285ms step_avg:72.97ms
step:279/4740 train_time:20343ms step_avg:72.91ms
step:280/4740 train_time:20429ms step_avg:72.96ms
step:281/4740 train_time:20488ms step_avg:72.91ms
step:282/4740 train_time:20574ms step_avg:72.96ms
step:283/4740 train_time:20633ms step_avg:72.91ms
step:284/4740 train_time:20720ms step_avg:72.96ms
step:285/4740 train_time:20780ms step_avg:72.91ms
step:286/4740 train_time:20866ms step_avg:72.96ms
step:287/4740 train_time:20925ms step_avg:72.91ms
step:288/4740 train_time:21010ms step_avg:72.95ms
step:289/4740 train_time:21070ms step_avg:72.91ms
step:290/4740 train_time:21155ms step_avg:72.95ms
step:291/4740 train_time:21214ms step_avg:72.90ms
step:292/4740 train_time:21300ms step_avg:72.95ms
step:293/4740 train_time:21359ms step_avg:72.90ms
step:294/4740 train_time:21444ms step_avg:72.94ms
step:295/4740 train_time:21503ms step_avg:72.89ms
step:296/4740 train_time:21588ms step_avg:72.93ms
step:297/4740 train_time:21648ms step_avg:72.89ms
step:298/4740 train_time:21735ms step_avg:72.94ms
step:299/4740 train_time:21795ms step_avg:72.89ms
step:300/4740 train_time:21880ms step_avg:72.93ms
step:301/4740 train_time:21940ms step_avg:72.89ms
step:302/4740 train_time:22026ms step_avg:72.93ms
step:303/4740 train_time:22085ms step_avg:72.89ms
step:304/4740 train_time:22171ms step_avg:72.93ms
step:305/4740 train_time:22230ms step_avg:72.88ms
step:306/4740 train_time:22315ms step_avg:72.93ms
step:307/4740 train_time:22375ms step_avg:72.88ms
step:308/4740 train_time:22460ms step_avg:72.92ms
step:309/4740 train_time:22520ms step_avg:72.88ms
step:310/4740 train_time:22606ms step_avg:72.92ms
step:311/4740 train_time:22666ms step_avg:72.88ms
step:312/4740 train_time:22751ms step_avg:72.92ms
step:313/4740 train_time:22811ms step_avg:72.88ms
step:314/4740 train_time:22896ms step_avg:72.92ms
step:315/4740 train_time:22957ms step_avg:72.88ms
step:316/4740 train_time:23042ms step_avg:72.92ms
step:317/4740 train_time:23102ms step_avg:72.88ms
step:318/4740 train_time:23187ms step_avg:72.92ms
step:319/4740 train_time:23246ms step_avg:72.87ms
step:320/4740 train_time:23332ms step_avg:72.91ms
step:321/4740 train_time:23392ms step_avg:72.87ms
step:322/4740 train_time:23478ms step_avg:72.91ms
step:323/4740 train_time:23538ms step_avg:72.87ms
step:324/4740 train_time:23624ms step_avg:72.91ms
step:325/4740 train_time:23683ms step_avg:72.87ms
step:326/4740 train_time:23769ms step_avg:72.91ms
step:327/4740 train_time:23828ms step_avg:72.87ms
step:328/4740 train_time:23914ms step_avg:72.91ms
step:329/4740 train_time:23973ms step_avg:72.87ms
step:330/4740 train_time:24059ms step_avg:72.90ms
step:331/4740 train_time:24118ms step_avg:72.86ms
step:332/4740 train_time:24204ms step_avg:72.90ms
step:333/4740 train_time:24263ms step_avg:72.86ms
step:334/4740 train_time:24349ms step_avg:72.90ms
step:335/4740 train_time:24408ms step_avg:72.86ms
step:336/4740 train_time:24494ms step_avg:72.90ms
step:337/4740 train_time:24554ms step_avg:72.86ms
step:338/4740 train_time:24639ms step_avg:72.90ms
step:339/4740 train_time:24699ms step_avg:72.86ms
step:340/4740 train_time:24785ms step_avg:72.90ms
step:341/4740 train_time:24844ms step_avg:72.86ms
step:342/4740 train_time:24930ms step_avg:72.90ms
step:343/4740 train_time:24990ms step_avg:72.86ms
step:344/4740 train_time:25075ms step_avg:72.89ms
step:345/4740 train_time:25135ms step_avg:72.85ms
step:346/4740 train_time:25220ms step_avg:72.89ms
step:347/4740 train_time:25280ms step_avg:72.85ms
step:348/4740 train_time:25366ms step_avg:72.89ms
step:349/4740 train_time:25425ms step_avg:72.85ms
step:350/4740 train_time:25511ms step_avg:72.89ms
step:351/4740 train_time:25571ms step_avg:72.85ms
step:352/4740 train_time:25657ms step_avg:72.89ms
step:353/4740 train_time:25716ms step_avg:72.85ms
step:354/4740 train_time:25801ms step_avg:72.89ms
step:355/4740 train_time:25860ms step_avg:72.85ms
step:356/4740 train_time:25945ms step_avg:72.88ms
step:357/4740 train_time:26004ms step_avg:72.84ms
step:358/4740 train_time:26090ms step_avg:72.88ms
step:359/4740 train_time:26149ms step_avg:72.84ms
step:360/4740 train_time:26234ms step_avg:72.87ms
step:361/4740 train_time:26293ms step_avg:72.83ms
step:362/4740 train_time:26379ms step_avg:72.87ms
step:363/4740 train_time:26438ms step_avg:72.83ms
step:364/4740 train_time:26524ms step_avg:72.87ms
step:365/4740 train_time:26583ms step_avg:72.83ms
step:366/4740 train_time:26669ms step_avg:72.87ms
step:367/4740 train_time:26728ms step_avg:72.83ms
step:368/4740 train_time:26814ms step_avg:72.86ms
step:369/4740 train_time:26873ms step_avg:72.83ms
step:370/4740 train_time:26959ms step_avg:72.86ms
step:371/4740 train_time:27017ms step_avg:72.82ms
step:372/4740 train_time:27103ms step_avg:72.86ms
step:373/4740 train_time:27162ms step_avg:72.82ms
step:374/4740 train_time:27248ms step_avg:72.85ms
step:375/4740 train_time:27306ms step_avg:72.82ms
step:376/4740 train_time:27392ms step_avg:72.85ms
step:377/4740 train_time:27451ms step_avg:72.82ms
step:378/4740 train_time:27537ms step_avg:72.85ms
step:379/4740 train_time:27596ms step_avg:72.81ms
step:380/4740 train_time:27681ms step_avg:72.85ms
step:381/4740 train_time:27741ms step_avg:72.81ms
step:382/4740 train_time:27827ms step_avg:72.85ms
step:383/4740 train_time:27886ms step_avg:72.81ms
step:384/4740 train_time:27974ms step_avg:72.85ms
step:385/4740 train_time:28033ms step_avg:72.81ms
step:386/4740 train_time:28119ms step_avg:72.85ms
step:387/4740 train_time:28178ms step_avg:72.81ms
step:388/4740 train_time:28263ms step_avg:72.84ms
step:389/4740 train_time:28322ms step_avg:72.81ms
step:390/4740 train_time:28408ms step_avg:72.84ms
step:391/4740 train_time:28467ms step_avg:72.81ms
step:392/4740 train_time:28552ms step_avg:72.84ms
step:393/4740 train_time:28626ms step_avg:72.84ms
step:394/4740 train_time:28783ms step_avg:73.05ms
step:395/4740 train_time:28885ms step_avg:73.13ms
step:396/4740 train_time:29044ms step_avg:73.34ms
step:397/4740 train_time:29147ms step_avg:73.42ms
step:398/4740 train_time:29304ms step_avg:73.63ms
step:399/4740 train_time:29405ms step_avg:73.70ms
step:400/4740 train_time:29562ms step_avg:73.91ms
step:401/4740 train_time:29664ms step_avg:73.98ms
step:402/4740 train_time:29822ms step_avg:74.18ms
step:403/4740 train_time:29923ms step_avg:74.25ms
step:404/4740 train_time:30081ms step_avg:74.46ms
step:405/4740 train_time:30184ms step_avg:74.53ms
step:406/4740 train_time:30342ms step_avg:74.73ms
step:407/4740 train_time:30443ms step_avg:74.80ms
step:408/4740 train_time:30601ms step_avg:75.00ms
step:409/4740 train_time:30703ms step_avg:75.07ms
step:410/4740 train_time:30861ms step_avg:75.27ms
step:411/4740 train_time:30962ms step_avg:75.33ms
step:412/4740 train_time:31121ms step_avg:75.54ms
step:413/4740 train_time:31222ms step_avg:75.60ms
step:414/4740 train_time:31381ms step_avg:75.80ms
step:415/4740 train_time:31482ms step_avg:75.86ms
step:416/4740 train_time:31640ms step_avg:76.06ms
step:417/4740 train_time:31740ms step_avg:76.12ms
step:418/4740 train_time:31900ms step_avg:76.31ms
step:419/4740 train_time:32000ms step_avg:76.37ms
step:420/4740 train_time:32159ms step_avg:76.57ms
step:421/4740 train_time:32259ms step_avg:76.63ms
step:422/4740 train_time:32420ms step_avg:76.82ms
step:423/4740 train_time:32519ms step_avg:76.88ms
step:424/4740 train_time:32678ms step_avg:77.07ms
step:425/4740 train_time:32778ms step_avg:77.13ms
step:426/4740 train_time:32939ms step_avg:77.32ms
step:427/4740 train_time:33040ms step_avg:77.38ms
step:428/4740 train_time:33199ms step_avg:77.57ms
step:429/4740 train_time:33299ms step_avg:77.62ms
step:430/4740 train_time:33458ms step_avg:77.81ms
step:431/4740 train_time:33558ms step_avg:77.86ms
step:432/4740 train_time:33717ms step_avg:78.05ms
step:433/4740 train_time:33817ms step_avg:78.10ms
step:434/4740 train_time:33978ms step_avg:78.29ms
step:435/4740 train_time:34078ms step_avg:78.34ms
step:436/4740 train_time:34237ms step_avg:78.52ms
step:437/4740 train_time:34337ms step_avg:78.58ms
step:438/4740 train_time:34496ms step_avg:78.76ms
step:439/4740 train_time:34599ms step_avg:78.81ms
step:440/4740 train_time:34757ms step_avg:78.99ms
step:441/4740 train_time:34858ms step_avg:79.04ms
step:442/4740 train_time:35017ms step_avg:79.22ms
step:443/4740 train_time:35119ms step_avg:79.27ms
step:444/4740 train_time:35277ms step_avg:79.45ms
step:445/4740 train_time:35378ms step_avg:79.50ms
step:446/4740 train_time:35538ms step_avg:79.68ms
step:447/4740 train_time:35638ms step_avg:79.73ms
step:448/4740 train_time:35798ms step_avg:79.91ms
step:449/4740 train_time:35900ms step_avg:79.96ms
step:450/4740 train_time:36059ms step_avg:80.13ms
step:451/4740 train_time:36159ms step_avg:80.17ms
step:452/4740 train_time:36318ms step_avg:80.35ms
step:453/4740 train_time:36418ms step_avg:80.39ms
step:454/4740 train_time:36578ms step_avg:80.57ms
step:455/4740 train_time:36680ms step_avg:80.61ms
step:456/4740 train_time:36839ms step_avg:80.79ms
step:457/4740 train_time:36940ms step_avg:80.83ms
step:458/4740 train_time:37099ms step_avg:81.00ms
step:459/4740 train_time:37200ms step_avg:81.05ms
step:460/4740 train_time:37359ms step_avg:81.21ms
step:461/4740 train_time:37460ms step_avg:81.26ms
step:462/4740 train_time:37620ms step_avg:81.43ms
step:463/4740 train_time:37719ms step_avg:81.47ms
step:464/4740 train_time:37879ms step_avg:81.64ms
step:465/4740 train_time:37979ms step_avg:81.68ms
step:466/4740 train_time:38139ms step_avg:81.84ms
step:467/4740 train_time:38239ms step_avg:81.88ms
step:468/4740 train_time:38398ms step_avg:82.05ms
step:469/4740 train_time:38500ms step_avg:82.09ms
step:470/4740 train_time:38659ms step_avg:82.25ms
step:471/4740 train_time:38759ms step_avg:82.29ms
step:472/4740 train_time:38918ms step_avg:82.45ms
step:473/4740 train_time:39019ms step_avg:82.49ms
step:474/4740 train_time:39179ms step_avg:82.66ms
step:475/4740 train_time:39279ms step_avg:82.69ms
step:476/4740 train_time:39439ms step_avg:82.86ms
step:477/4740 train_time:39538ms step_avg:82.89ms
step:478/4740 train_time:39697ms step_avg:83.05ms
step:479/4740 train_time:39798ms step_avg:83.09ms
step:480/4740 train_time:39958ms step_avg:83.24ms
step:481/4740 train_time:40058ms step_avg:83.28ms
step:482/4740 train_time:40216ms step_avg:83.44ms
step:483/4740 train_time:40317ms step_avg:83.47ms
step:484/4740 train_time:40476ms step_avg:83.63ms
step:485/4740 train_time:40575ms step_avg:83.66ms
step:486/4740 train_time:40736ms step_avg:83.82ms
step:487/4740 train_time:40836ms step_avg:83.85ms
step:488/4740 train_time:40995ms step_avg:84.01ms
step:489/4740 train_time:41096ms step_avg:84.04ms
step:490/4740 train_time:41255ms step_avg:84.19ms
step:491/4740 train_time:41356ms step_avg:84.23ms
step:492/4740 train_time:41517ms step_avg:84.38ms
step:493/4740 train_time:41616ms step_avg:84.41ms
step:494/4740 train_time:41775ms step_avg:84.57ms
step:495/4740 train_time:41875ms step_avg:84.60ms
step:496/4740 train_time:42035ms step_avg:84.75ms
step:497/4740 train_time:42135ms step_avg:84.78ms
step:498/4740 train_time:42294ms step_avg:84.93ms
step:499/4740 train_time:42395ms step_avg:84.96ms
step:500/4740 train_time:42553ms step_avg:85.11ms
step:500/4740 val_loss:4.0586 train_time:42628ms step_avg:85.26ms
step:501/4740 train_time:42657ms step_avg:85.14ms
step:502/4740 train_time:42815ms step_avg:85.29ms
step:503/4740 train_time:42920ms step_avg:85.33ms
step:504/4740 train_time:43082ms step_avg:85.48ms
step:505/4740 train_time:43185ms step_avg:85.52ms
step:506/4740 train_time:43342ms step_avg:85.66ms
step:507/4740 train_time:43443ms step_avg:85.69ms
step:508/4740 train_time:43603ms step_avg:85.83ms
step:509/4740 train_time:43704ms step_avg:85.86ms
step:510/4740 train_time:43864ms step_avg:86.01ms
step:511/4740 train_time:43968ms step_avg:86.04ms
step:512/4740 train_time:44126ms step_avg:86.18ms
step:513/4740 train_time:44229ms step_avg:86.22ms
step:514/4740 train_time:44386ms step_avg:86.35ms
step:515/4740 train_time:44487ms step_avg:86.38ms
step:516/4740 train_time:44643ms step_avg:86.52ms
step:517/4740 train_time:44746ms step_avg:86.55ms
step:518/4740 train_time:44905ms step_avg:86.69ms
step:519/4740 train_time:45006ms step_avg:86.72ms
step:520/4740 train_time:45166ms step_avg:86.86ms
step:521/4740 train_time:45268ms step_avg:86.89ms
step:522/4740 train_time:45425ms step_avg:87.02ms
step:523/4740 train_time:45526ms step_avg:87.05ms
step:524/4740 train_time:45683ms step_avg:87.18ms
step:525/4740 train_time:45785ms step_avg:87.21ms
step:526/4740 train_time:45944ms step_avg:87.35ms
step:527/4740 train_time:46046ms step_avg:87.37ms
step:528/4740 train_time:46205ms step_avg:87.51ms
step:529/4740 train_time:46306ms step_avg:87.54ms
step:530/4740 train_time:46464ms step_avg:87.67ms
step:531/4740 train_time:46564ms step_avg:87.69ms
step:532/4740 train_time:46722ms step_avg:87.82ms
step:533/4740 train_time:46824ms step_avg:87.85ms
step:534/4740 train_time:46984ms step_avg:87.99ms
step:535/4740 train_time:47086ms step_avg:88.01ms
step:536/4740 train_time:47243ms step_avg:88.14ms
step:537/4740 train_time:47345ms step_avg:88.17ms
step:538/4740 train_time:47502ms step_avg:88.29ms
step:539/4740 train_time:47605ms step_avg:88.32ms
step:540/4740 train_time:47762ms step_avg:88.45ms
step:541/4740 train_time:47863ms step_avg:88.47ms
step:542/4740 train_time:48022ms step_avg:88.60ms
step:543/4740 train_time:48124ms step_avg:88.63ms
step:544/4740 train_time:48283ms step_avg:88.75ms
step:545/4740 train_time:48383ms step_avg:88.78ms
step:546/4740 train_time:48543ms step_avg:88.91ms
step:547/4740 train_time:48645ms step_avg:88.93ms
step:548/4740 train_time:48802ms step_avg:89.06ms
step:549/4740 train_time:48903ms step_avg:89.08ms
step:550/4740 train_time:49062ms step_avg:89.20ms
step:551/4740 train_time:49163ms step_avg:89.22ms
step:552/4740 train_time:49321ms step_avg:89.35ms
step:553/4740 train_time:49422ms step_avg:89.37ms
step:554/4740 train_time:49581ms step_avg:89.50ms
step:555/4740 train_time:49682ms step_avg:89.52ms
step:556/4740 train_time:49840ms step_avg:89.64ms
step:557/4740 train_time:49942ms step_avg:89.66ms
step:558/4740 train_time:50101ms step_avg:89.79ms
step:559/4740 train_time:50203ms step_avg:89.81ms
step:560/4740 train_time:50361ms step_avg:89.93ms
step:561/4740 train_time:50462ms step_avg:89.95ms
step:562/4740 train_time:50620ms step_avg:90.07ms
step:563/4740 train_time:50721ms step_avg:90.09ms
step:564/4740 train_time:50879ms step_avg:90.21ms
step:565/4740 train_time:50982ms step_avg:90.23ms
step:566/4740 train_time:51139ms step_avg:90.35ms
step:567/4740 train_time:51241ms step_avg:90.37ms
step:568/4740 train_time:51399ms step_avg:90.49ms
step:569/4740 train_time:51500ms step_avg:90.51ms
step:570/4740 train_time:51659ms step_avg:90.63ms
step:571/4740 train_time:51758ms step_avg:90.65ms
step:572/4740 train_time:51918ms step_avg:90.77ms
step:573/4740 train_time:52018ms step_avg:90.78ms
step:574/4740 train_time:52178ms step_avg:90.90ms
step:575/4740 train_time:52278ms step_avg:90.92ms
step:576/4740 train_time:52438ms step_avg:91.04ms
step:577/4740 train_time:52538ms step_avg:91.05ms
step:578/4740 train_time:52697ms step_avg:91.17ms
step:579/4740 train_time:52798ms step_avg:91.19ms
step:580/4740 train_time:52956ms step_avg:91.30ms
step:581/4740 train_time:53056ms step_avg:91.32ms
step:582/4740 train_time:53217ms step_avg:91.44ms
step:583/4740 train_time:53316ms step_avg:91.45ms
step:584/4740 train_time:53475ms step_avg:91.57ms
step:585/4740 train_time:53575ms step_avg:91.58ms
step:586/4740 train_time:53734ms step_avg:91.70ms
step:587/4740 train_time:53834ms step_avg:91.71ms
step:588/4740 train_time:53994ms step_avg:91.83ms
step:589/4740 train_time:54094ms step_avg:91.84ms
step:590/4740 train_time:54255ms step_avg:91.96ms
step:591/4740 train_time:54355ms step_avg:91.97ms
step:592/4740 train_time:54514ms step_avg:92.08ms
step:593/4740 train_time:54615ms step_avg:92.10ms
step:594/4740 train_time:54773ms step_avg:92.21ms
step:595/4740 train_time:54874ms step_avg:92.23ms
step:596/4740 train_time:55034ms step_avg:92.34ms
step:597/4740 train_time:55134ms step_avg:92.35ms
step:598/4740 train_time:55293ms step_avg:92.46ms
step:599/4740 train_time:55394ms step_avg:92.48ms
step:600/4740 train_time:55555ms step_avg:92.59ms
step:601/4740 train_time:55654ms step_avg:92.60ms
step:602/4740 train_time:55813ms step_avg:92.71ms
step:603/4740 train_time:55914ms step_avg:92.73ms
step:604/4740 train_time:56073ms step_avg:92.84ms
step:605/4740 train_time:56174ms step_avg:92.85ms
step:606/4740 train_time:56333ms step_avg:92.96ms
step:607/4740 train_time:56434ms step_avg:92.97ms
step:608/4740 train_time:56593ms step_avg:93.08ms
step:609/4740 train_time:56695ms step_avg:93.09ms
step:610/4740 train_time:56855ms step_avg:93.21ms
step:611/4740 train_time:56956ms step_avg:93.22ms
step:612/4740 train_time:57114ms step_avg:93.32ms
step:613/4740 train_time:57215ms step_avg:93.34ms
step:614/4740 train_time:57374ms step_avg:93.44ms
step:615/4740 train_time:57475ms step_avg:93.45ms
step:616/4740 train_time:57633ms step_avg:93.56ms
step:617/4740 train_time:57734ms step_avg:93.57ms
step:618/4740 train_time:57892ms step_avg:93.68ms
step:619/4740 train_time:57992ms step_avg:93.69ms
step:620/4740 train_time:58153ms step_avg:93.79ms
step:621/4740 train_time:58252ms step_avg:93.80ms
step:622/4740 train_time:58412ms step_avg:93.91ms
step:623/4740 train_time:58512ms step_avg:93.92ms
step:624/4740 train_time:58672ms step_avg:94.03ms
step:625/4740 train_time:58773ms step_avg:94.04ms
step:626/4740 train_time:58933ms step_avg:94.14ms
step:627/4740 train_time:59033ms step_avg:94.15ms
step:628/4740 train_time:59192ms step_avg:94.26ms
step:629/4740 train_time:59293ms step_avg:94.27ms
step:630/4740 train_time:59453ms step_avg:94.37ms
step:631/4740 train_time:59553ms step_avg:94.38ms
step:632/4740 train_time:59713ms step_avg:94.48ms
step:633/4740 train_time:59814ms step_avg:94.49ms
step:634/4740 train_time:59973ms step_avg:94.59ms
step:635/4740 train_time:60074ms step_avg:94.60ms
step:636/4740 train_time:60232ms step_avg:94.70ms
step:637/4740 train_time:60333ms step_avg:94.71ms
step:638/4740 train_time:60493ms step_avg:94.82ms
step:639/4740 train_time:60594ms step_avg:94.83ms
step:640/4740 train_time:60755ms step_avg:94.93ms
step:641/4740 train_time:60855ms step_avg:94.94ms
step:642/4740 train_time:61014ms step_avg:95.04ms
step:643/4740 train_time:61114ms step_avg:95.05ms
step:644/4740 train_time:61273ms step_avg:95.15ms
step:645/4740 train_time:61374ms step_avg:95.15ms
step:646/4740 train_time:61534ms step_avg:95.25ms
step:647/4740 train_time:61635ms step_avg:95.26ms
step:648/4740 train_time:61794ms step_avg:95.36ms
step:649/4740 train_time:61894ms step_avg:95.37ms
step:650/4740 train_time:62053ms step_avg:95.47ms
step:651/4740 train_time:62154ms step_avg:95.47ms
step:652/4740 train_time:62314ms step_avg:95.57ms
step:653/4740 train_time:62414ms step_avg:95.58ms
step:654/4740 train_time:62573ms step_avg:95.68ms
step:655/4740 train_time:62674ms step_avg:95.69ms
step:656/4740 train_time:62834ms step_avg:95.78ms
step:657/4740 train_time:62935ms step_avg:95.79ms
step:658/4740 train_time:63093ms step_avg:95.89ms
step:659/4740 train_time:63193ms step_avg:95.89ms
step:660/4740 train_time:63353ms step_avg:95.99ms
step:661/4740 train_time:63453ms step_avg:96.00ms
step:662/4740 train_time:63613ms step_avg:96.09ms
step:663/4740 train_time:63713ms step_avg:96.10ms
step:664/4740 train_time:63873ms step_avg:96.19ms
step:665/4740 train_time:63974ms step_avg:96.20ms
step:666/4740 train_time:64133ms step_avg:96.30ms
step:667/4740 train_time:64234ms step_avg:96.30ms
step:668/4740 train_time:64392ms step_avg:96.40ms
step:669/4740 train_time:64493ms step_avg:96.40ms
step:670/4740 train_time:64653ms step_avg:96.50ms
step:671/4740 train_time:64754ms step_avg:96.50ms
step:672/4740 train_time:64914ms step_avg:96.60ms
step:673/4740 train_time:65015ms step_avg:96.60ms
step:674/4740 train_time:65174ms step_avg:96.70ms
step:675/4740 train_time:65275ms step_avg:96.70ms
step:676/4740 train_time:65434ms step_avg:96.80ms
step:677/4740 train_time:65534ms step_avg:96.80ms
step:678/4740 train_time:65693ms step_avg:96.89ms
step:679/4740 train_time:65793ms step_avg:96.90ms
step:680/4740 train_time:65953ms step_avg:96.99ms
step:681/4740 train_time:66053ms step_avg:96.99ms
step:682/4740 train_time:66213ms step_avg:97.09ms
step:683/4740 train_time:66314ms step_avg:97.09ms
step:684/4740 train_time:66473ms step_avg:97.18ms
step:685/4740 train_time:66575ms step_avg:97.19ms
step:686/4740 train_time:66734ms step_avg:97.28ms
step:687/4740 train_time:66834ms step_avg:97.28ms
step:688/4740 train_time:66993ms step_avg:97.37ms
step:689/4740 train_time:67094ms step_avg:97.38ms
step:690/4740 train_time:67254ms step_avg:97.47ms
step:691/4740 train_time:67354ms step_avg:97.47ms
step:692/4740 train_time:67514ms step_avg:97.56ms
step:693/4740 train_time:67614ms step_avg:97.57ms
step:694/4740 train_time:67773ms step_avg:97.65ms
step:695/4740 train_time:67873ms step_avg:97.66ms
step:696/4740 train_time:68033ms step_avg:97.75ms
step:697/4740 train_time:68134ms step_avg:97.75ms
step:698/4740 train_time:68292ms step_avg:97.84ms
step:699/4740 train_time:68393ms step_avg:97.84ms
step:700/4740 train_time:68553ms step_avg:97.93ms
step:701/4740 train_time:68653ms step_avg:97.94ms
step:702/4740 train_time:68813ms step_avg:98.02ms
step:703/4740 train_time:68913ms step_avg:98.03ms
step:704/4740 train_time:69072ms step_avg:98.11ms
step:705/4740 train_time:69174ms step_avg:98.12ms
step:706/4740 train_time:69332ms step_avg:98.20ms
step:707/4740 train_time:69434ms step_avg:98.21ms
step:708/4740 train_time:69593ms step_avg:98.29ms
step:709/4740 train_time:69694ms step_avg:98.30ms
step:710/4740 train_time:69854ms step_avg:98.39ms
step:711/4740 train_time:69953ms step_avg:98.39ms
step:712/4740 train_time:70114ms step_avg:98.47ms
step:713/4740 train_time:70215ms step_avg:98.48ms
step:714/4740 train_time:70373ms step_avg:98.56ms
step:715/4740 train_time:70475ms step_avg:98.57ms
step:716/4740 train_time:70636ms step_avg:98.65ms
step:717/4740 train_time:70737ms step_avg:98.66ms
step:718/4740 train_time:70897ms step_avg:98.74ms
step:719/4740 train_time:70999ms step_avg:98.75ms
step:720/4740 train_time:71158ms step_avg:98.83ms
step:721/4740 train_time:71258ms step_avg:98.83ms
step:722/4740 train_time:71417ms step_avg:98.92ms
step:723/4740 train_time:71517ms step_avg:98.92ms
step:724/4740 train_time:71677ms step_avg:99.00ms
step:725/4740 train_time:71778ms step_avg:99.00ms
step:726/4740 train_time:71938ms step_avg:99.09ms
step:727/4740 train_time:72039ms step_avg:99.09ms
step:728/4740 train_time:72197ms step_avg:99.17ms
step:729/4740 train_time:72298ms step_avg:99.17ms
step:730/4740 train_time:72457ms step_avg:99.26ms
step:731/4740 train_time:72557ms step_avg:99.26ms
step:732/4740 train_time:72718ms step_avg:99.34ms
step:733/4740 train_time:72819ms step_avg:99.34ms
step:734/4740 train_time:72978ms step_avg:99.43ms
step:735/4740 train_time:73079ms step_avg:99.43ms
step:736/4740 train_time:73238ms step_avg:99.51ms
step:737/4740 train_time:73338ms step_avg:99.51ms
step:738/4740 train_time:73497ms step_avg:99.59ms
step:739/4740 train_time:73597ms step_avg:99.59ms
step:740/4740 train_time:73757ms step_avg:99.67ms
step:741/4740 train_time:73856ms step_avg:99.67ms
step:742/4740 train_time:74016ms step_avg:99.75ms
step:743/4740 train_time:74117ms step_avg:99.75ms
step:744/4740 train_time:74276ms step_avg:99.83ms
step:745/4740 train_time:74377ms step_avg:99.84ms
step:746/4740 train_time:74537ms step_avg:99.92ms
step:747/4740 train_time:74637ms step_avg:99.92ms
step:748/4740 train_time:74797ms step_avg:100.00ms
step:749/4740 train_time:74898ms step_avg:100.00ms
step:750/4740 train_time:75057ms step_avg:100.08ms
step:750/4740 val_loss:3.6707 train_time:75129ms step_avg:100.17ms
step:751/4740 train_time:75159ms step_avg:100.08ms
step:752/4740 train_time:75317ms step_avg:100.16ms
step:753/4740 train_time:75426ms step_avg:100.17ms
step:754/4740 train_time:75589ms step_avg:100.25ms
step:755/4740 train_time:75689ms step_avg:100.25ms
step:756/4740 train_time:75846ms step_avg:100.33ms
step:757/4740 train_time:75946ms step_avg:100.32ms
step:758/4740 train_time:76107ms step_avg:100.41ms
step:759/4740 train_time:76209ms step_avg:100.41ms
step:760/4740 train_time:76368ms step_avg:100.48ms
step:761/4740 train_time:76474ms step_avg:100.49ms
step:762/4740 train_time:76635ms step_avg:100.57ms
step:763/4740 train_time:76735ms step_avg:100.57ms
step:764/4740 train_time:76894ms step_avg:100.65ms
step:765/4740 train_time:76993ms step_avg:100.64ms
step:766/4740 train_time:77153ms step_avg:100.72ms
step:767/4740 train_time:77254ms step_avg:100.72ms
step:768/4740 train_time:77414ms step_avg:100.80ms
step:769/4740 train_time:77516ms step_avg:100.80ms
step:770/4740 train_time:77676ms step_avg:100.88ms
step:771/4740 train_time:77776ms step_avg:100.88ms
step:772/4740 train_time:77935ms step_avg:100.95ms
step:773/4740 train_time:78035ms step_avg:100.95ms
step:774/4740 train_time:78194ms step_avg:101.03ms
step:775/4740 train_time:78294ms step_avg:101.02ms
step:776/4740 train_time:78454ms step_avg:101.10ms
step:777/4740 train_time:78555ms step_avg:101.10ms
step:778/4740 train_time:78714ms step_avg:101.17ms
step:779/4740 train_time:78815ms step_avg:101.17ms
step:780/4740 train_time:78975ms step_avg:101.25ms
step:781/4740 train_time:79075ms step_avg:101.25ms
step:782/4740 train_time:79235ms step_avg:101.32ms
step:783/4740 train_time:79335ms step_avg:101.32ms
step:784/4740 train_time:79495ms step_avg:101.40ms
step:785/4740 train_time:79609ms step_avg:101.41ms
step:786/4740 train_time:79845ms step_avg:101.58ms
step:787/4740 train_time:79992ms step_avg:101.64ms
step:788/4740 train_time:80229ms step_avg:101.81ms
step:789/4740 train_time:80368ms step_avg:101.86ms
step:790/4740 train_time:80612ms step_avg:102.04ms
step:791/4740 train_time:80751ms step_avg:102.09ms
step:792/4740 train_time:80991ms step_avg:102.26ms
step:793/4740 train_time:81131ms step_avg:102.31ms
step:794/4740 train_time:81374ms step_avg:102.49ms
step:795/4740 train_time:81514ms step_avg:102.53ms
step:796/4740 train_time:81754ms step_avg:102.71ms
step:797/4740 train_time:81897ms step_avg:102.76ms
step:798/4740 train_time:82142ms step_avg:102.93ms
step:799/4740 train_time:82284ms step_avg:102.98ms
step:800/4740 train_time:82526ms step_avg:103.16ms
step:801/4740 train_time:82666ms step_avg:103.20ms
step:802/4740 train_time:82909ms step_avg:103.38ms
step:803/4740 train_time:83051ms step_avg:103.43ms
step:804/4740 train_time:83293ms step_avg:103.60ms
step:805/4740 train_time:83434ms step_avg:103.64ms
step:806/4740 train_time:83674ms step_avg:103.81ms
step:807/4740 train_time:83814ms step_avg:103.86ms
step:808/4740 train_time:84056ms step_avg:104.03ms
step:809/4740 train_time:84198ms step_avg:104.08ms
step:810/4740 train_time:84442ms step_avg:104.25ms
step:811/4740 train_time:84581ms step_avg:104.29ms
step:812/4740 train_time:84824ms step_avg:104.46ms
step:813/4740 train_time:84959ms step_avg:104.50ms
step:814/4740 train_time:85201ms step_avg:104.67ms
step:815/4740 train_time:85344ms step_avg:104.72ms
step:816/4740 train_time:85587ms step_avg:104.89ms
step:817/4740 train_time:85726ms step_avg:104.93ms
step:818/4740 train_time:85969ms step_avg:105.10ms
step:819/4740 train_time:86110ms step_avg:105.14ms
step:820/4740 train_time:86350ms step_avg:105.31ms
step:821/4740 train_time:86492ms step_avg:105.35ms
step:822/4740 train_time:86733ms step_avg:105.51ms
step:823/4740 train_time:86872ms step_avg:105.56ms
step:824/4740 train_time:87112ms step_avg:105.72ms
step:825/4740 train_time:87254ms step_avg:105.76ms
step:826/4740 train_time:87494ms step_avg:105.92ms
step:827/4740 train_time:87634ms step_avg:105.97ms
step:828/4740 train_time:87874ms step_avg:106.13ms
step:829/4740 train_time:88014ms step_avg:106.17ms
step:830/4740 train_time:88254ms step_avg:106.33ms
step:831/4740 train_time:88398ms step_avg:106.38ms
step:832/4740 train_time:88637ms step_avg:106.53ms
step:833/4740 train_time:88778ms step_avg:106.58ms
step:834/4740 train_time:89019ms step_avg:106.74ms
step:835/4740 train_time:89161ms step_avg:106.78ms
step:836/4740 train_time:89405ms step_avg:106.94ms
step:837/4740 train_time:89544ms step_avg:106.98ms
step:838/4740 train_time:89786ms step_avg:107.14ms
step:839/4740 train_time:89926ms step_avg:107.18ms
step:840/4740 train_time:90168ms step_avg:107.34ms
step:841/4740 train_time:90306ms step_avg:107.38ms
step:842/4740 train_time:90550ms step_avg:107.54ms
step:843/4740 train_time:90688ms step_avg:107.58ms
step:844/4740 train_time:90930ms step_avg:107.74ms
step:845/4740 train_time:91067ms step_avg:107.77ms
step:846/4740 train_time:91312ms step_avg:107.93ms
step:847/4740 train_time:91451ms step_avg:107.97ms
step:848/4740 train_time:91694ms step_avg:108.13ms
step:849/4740 train_time:91834ms step_avg:108.17ms
step:850/4740 train_time:92076ms step_avg:108.32ms
step:851/4740 train_time:92218ms step_avg:108.36ms
step:852/4740 train_time:92460ms step_avg:108.52ms
step:853/4740 train_time:92599ms step_avg:108.56ms
step:854/4740 train_time:92844ms step_avg:108.72ms
step:855/4740 train_time:92983ms step_avg:108.75ms
step:856/4740 train_time:93228ms step_avg:108.91ms
step:857/4740 train_time:93366ms step_avg:108.94ms
step:858/4740 train_time:93608ms step_avg:109.10ms
step:859/4740 train_time:93747ms step_avg:109.13ms
step:860/4740 train_time:93992ms step_avg:109.29ms
step:861/4740 train_time:94129ms step_avg:109.33ms
step:862/4740 train_time:94372ms step_avg:109.48ms
step:863/4740 train_time:94510ms step_avg:109.51ms
step:864/4740 train_time:94750ms step_avg:109.66ms
step:865/4740 train_time:94889ms step_avg:109.70ms
step:866/4740 train_time:95132ms step_avg:109.85ms
step:867/4740 train_time:95274ms step_avg:109.89ms
step:868/4740 train_time:95514ms step_avg:110.04ms
step:869/4740 train_time:95655ms step_avg:110.07ms
step:870/4740 train_time:95894ms step_avg:110.22ms
step:871/4740 train_time:96034ms step_avg:110.26ms
step:872/4740 train_time:96275ms step_avg:110.41ms
step:873/4740 train_time:96416ms step_avg:110.44ms
step:874/4740 train_time:96658ms step_avg:110.59ms
step:875/4740 train_time:96800ms step_avg:110.63ms
step:876/4740 train_time:97045ms step_avg:110.78ms
step:877/4740 train_time:97185ms step_avg:110.82ms
step:878/4740 train_time:97428ms step_avg:110.97ms
step:879/4740 train_time:97566ms step_avg:111.00ms
step:880/4740 train_time:97810ms step_avg:111.15ms
step:881/4740 train_time:97950ms step_avg:111.18ms
step:882/4740 train_time:98189ms step_avg:111.32ms
step:883/4740 train_time:98329ms step_avg:111.36ms
step:884/4740 train_time:98569ms step_avg:111.50ms
step:885/4740 train_time:98707ms step_avg:111.53ms
step:886/4740 train_time:98951ms step_avg:111.68ms
step:887/4740 train_time:99090ms step_avg:111.71ms
step:888/4740 train_time:99332ms step_avg:111.86ms
step:889/4740 train_time:99472ms step_avg:111.89ms
step:890/4740 train_time:99714ms step_avg:112.04ms
step:891/4740 train_time:99853ms step_avg:112.07ms
step:892/4740 train_time:100093ms step_avg:112.21ms
step:893/4740 train_time:100237ms step_avg:112.25ms
step:894/4740 train_time:100479ms step_avg:112.39ms
step:895/4740 train_time:100619ms step_avg:112.42ms
step:896/4740 train_time:100860ms step_avg:112.57ms
step:897/4740 train_time:101000ms step_avg:112.60ms
step:898/4740 train_time:101242ms step_avg:112.74ms
step:899/4740 train_time:101384ms step_avg:112.77ms
step:900/4740 train_time:101627ms step_avg:112.92ms
step:901/4740 train_time:101768ms step_avg:112.95ms
step:902/4740 train_time:102011ms step_avg:113.09ms
step:903/4740 train_time:102150ms step_avg:113.12ms
step:904/4740 train_time:102392ms step_avg:113.27ms
step:905/4740 train_time:102531ms step_avg:113.29ms
step:906/4740 train_time:102774ms step_avg:113.44ms
step:907/4740 train_time:102913ms step_avg:113.46ms
step:908/4740 train_time:103154ms step_avg:113.61ms
step:909/4740 train_time:103296ms step_avg:113.64ms
step:910/4740 train_time:103542ms step_avg:113.78ms
step:911/4740 train_time:103682ms step_avg:113.81ms
step:912/4740 train_time:103922ms step_avg:113.95ms
step:913/4740 train_time:104066ms step_avg:113.98ms
step:914/4740 train_time:104310ms step_avg:114.12ms
step:915/4740 train_time:104447ms step_avg:114.15ms
step:916/4740 train_time:104689ms step_avg:114.29ms
step:917/4740 train_time:104830ms step_avg:114.32ms
step:918/4740 train_time:105071ms step_avg:114.46ms
step:919/4740 train_time:105209ms step_avg:114.48ms
step:920/4740 train_time:105450ms step_avg:114.62ms
step:921/4740 train_time:105589ms step_avg:114.65ms
step:922/4740 train_time:105832ms step_avg:114.78ms
step:923/4740 train_time:105970ms step_avg:114.81ms
step:924/4740 train_time:106211ms step_avg:114.95ms
step:925/4740 train_time:106353ms step_avg:114.98ms
step:926/4740 train_time:106594ms step_avg:115.11ms
step:927/4740 train_time:106738ms step_avg:115.14ms
step:928/4740 train_time:106978ms step_avg:115.28ms
step:929/4740 train_time:107117ms step_avg:115.30ms
step:930/4740 train_time:107361ms step_avg:115.44ms
step:931/4740 train_time:107501ms step_avg:115.47ms
step:932/4740 train_time:107746ms step_avg:115.61ms
step:933/4740 train_time:107884ms step_avg:115.63ms
step:934/4740 train_time:108129ms step_avg:115.77ms
step:935/4740 train_time:108264ms step_avg:115.79ms
step:936/4740 train_time:108508ms step_avg:115.93ms
step:937/4740 train_time:108648ms step_avg:115.95ms
step:938/4740 train_time:108892ms step_avg:116.09ms
step:939/4740 train_time:109031ms step_avg:116.11ms
step:940/4740 train_time:109270ms step_avg:116.24ms
step:941/4740 train_time:109406ms step_avg:116.27ms
step:942/4740 train_time:109650ms step_avg:116.40ms
step:943/4740 train_time:109789ms step_avg:116.42ms
step:944/4740 train_time:110030ms step_avg:116.56ms
step:945/4740 train_time:110170ms step_avg:116.58ms
step:946/4740 train_time:110411ms step_avg:116.71ms
step:947/4740 train_time:110552ms step_avg:116.74ms
step:948/4740 train_time:110792ms step_avg:116.87ms
step:949/4740 train_time:110934ms step_avg:116.90ms
step:950/4740 train_time:111176ms step_avg:117.03ms
step:951/4740 train_time:111316ms step_avg:117.05ms
step:952/4740 train_time:111556ms step_avg:117.18ms
step:953/4740 train_time:111698ms step_avg:117.21ms
step:954/4740 train_time:111943ms step_avg:117.34ms
step:955/4740 train_time:112082ms step_avg:117.36ms
step:956/4740 train_time:112325ms step_avg:117.49ms
step:957/4740 train_time:112463ms step_avg:117.52ms
step:958/4740 train_time:112705ms step_avg:117.65ms
step:959/4740 train_time:112845ms step_avg:117.67ms
step:960/4740 train_time:113087ms step_avg:117.80ms
step:961/4740 train_time:113226ms step_avg:117.82ms
step:962/4740 train_time:113468ms step_avg:117.95ms
step:963/4740 train_time:113606ms step_avg:117.97ms
step:964/4740 train_time:113851ms step_avg:118.10ms
step:965/4740 train_time:113990ms step_avg:118.12ms
step:966/4740 train_time:114232ms step_avg:118.25ms
step:967/4740 train_time:114372ms step_avg:118.28ms
step:968/4740 train_time:114612ms step_avg:118.40ms
step:969/4740 train_time:114754ms step_avg:118.43ms
step:970/4740 train_time:114996ms step_avg:118.55ms
step:971/4740 train_time:115134ms step_avg:118.57ms
step:972/4740 train_time:115376ms step_avg:118.70ms
step:973/4740 train_time:115516ms step_avg:118.72ms
step:974/4740 train_time:115754ms step_avg:118.84ms
step:975/4740 train_time:115899ms step_avg:118.87ms
step:976/4740 train_time:116141ms step_avg:119.00ms
step:977/4740 train_time:116280ms step_avg:119.02ms
step:978/4740 train_time:116524ms step_avg:119.15ms
step:979/4740 train_time:116662ms step_avg:119.16ms
step:980/4740 train_time:116903ms step_avg:119.29ms
step:981/4740 train_time:117043ms step_avg:119.31ms
step:982/4740 train_time:117287ms step_avg:119.44ms
step:983/4740 train_time:117427ms step_avg:119.46ms
step:984/4740 train_time:117667ms step_avg:119.58ms
step:985/4740 train_time:117807ms step_avg:119.60ms
step:986/4740 train_time:118052ms step_avg:119.73ms
step:987/4740 train_time:118192ms step_avg:119.75ms
step:988/4740 train_time:118433ms step_avg:119.87ms
step:989/4740 train_time:118572ms step_avg:119.89ms
step:990/4740 train_time:118814ms step_avg:120.01ms
step:991/4740 train_time:118953ms step_avg:120.03ms
step:992/4740 train_time:119194ms step_avg:120.16ms
step:993/4740 train_time:119334ms step_avg:120.18ms
step:994/4740 train_time:119574ms step_avg:120.30ms
step:995/4740 train_time:119714ms step_avg:120.32ms
step:996/4740 train_time:119954ms step_avg:120.44ms
step:997/4740 train_time:120095ms step_avg:120.46ms
step:998/4740 train_time:120336ms step_avg:120.58ms
step:999/4740 train_time:120475ms step_avg:120.60ms
step:1000/4740 train_time:120717ms step_avg:120.72ms
step:1000/4740 val_loss:3.5065 train_time:120819ms step_avg:120.82ms
step:1001/4740 train_time:120861ms step_avg:120.74ms
step:1002/4740 train_time:121107ms step_avg:120.87ms
step:1003/4740 train_time:121255ms step_avg:120.89ms
step:1004/4740 train_time:121495ms step_avg:121.01ms
step:1005/4740 train_time:121635ms step_avg:121.03ms
step:1006/4740 train_time:121874ms step_avg:121.15ms
step:1007/4740 train_time:122014ms step_avg:121.17ms
step:1008/4740 train_time:122262ms step_avg:121.29ms
step:1009/4740 train_time:122402ms step_avg:121.31ms
step:1010/4740 train_time:122643ms step_avg:121.43ms
step:1011/4740 train_time:122780ms step_avg:121.44ms
step:1012/4740 train_time:123022ms step_avg:121.56ms
step:1013/4740 train_time:123164ms step_avg:121.58ms
step:1014/4740 train_time:123409ms step_avg:121.71ms
step:1015/4740 train_time:123549ms step_avg:121.72ms
step:1016/4740 train_time:123787ms step_avg:121.84ms
step:1017/4740 train_time:123926ms step_avg:121.85ms
step:1018/4740 train_time:124170ms step_avg:121.97ms
step:1019/4740 train_time:124311ms step_avg:121.99ms
step:1020/4740 train_time:124552ms step_avg:122.11ms
step:1021/4740 train_time:124692ms step_avg:122.13ms
step:1022/4740 train_time:124931ms step_avg:122.24ms
step:1023/4740 train_time:125074ms step_avg:122.26ms
step:1024/4740 train_time:125313ms step_avg:122.38ms
step:1025/4740 train_time:125452ms step_avg:122.39ms
step:1026/4740 train_time:125695ms step_avg:122.51ms
step:1027/4740 train_time:125831ms step_avg:122.52ms
step:1028/4740 train_time:126070ms step_avg:122.64ms
step:1029/4740 train_time:126213ms step_avg:122.66ms
step:1030/4740 train_time:126456ms step_avg:122.77ms
step:1031/4740 train_time:126599ms step_avg:122.79ms
step:1032/4740 train_time:126842ms step_avg:122.91ms
step:1033/4740 train_time:126981ms step_avg:122.92ms
step:1034/4740 train_time:127224ms step_avg:123.04ms
step:1035/4740 train_time:127364ms step_avg:123.06ms
step:1036/4740 train_time:127607ms step_avg:123.17ms
step:1037/4740 train_time:127747ms step_avg:123.19ms
step:1038/4740 train_time:127989ms step_avg:123.30ms
step:1039/4740 train_time:128127ms step_avg:123.32ms
step:1040/4740 train_time:128367ms step_avg:123.43ms
step:1041/4740 train_time:128507ms step_avg:123.45ms
step:1042/4740 train_time:128751ms step_avg:123.56ms
step:1043/4740 train_time:128889ms step_avg:123.58ms
step:1044/4740 train_time:129128ms step_avg:123.69ms
step:1045/4740 train_time:129268ms step_avg:123.70ms
step:1046/4740 train_time:129509ms step_avg:123.81ms
step:1047/4740 train_time:129650ms step_avg:123.83ms
step:1048/4740 train_time:129893ms step_avg:123.94ms
step:1049/4740 train_time:130031ms step_avg:123.96ms
step:1050/4740 train_time:130270ms step_avg:124.07ms
step:1051/4740 train_time:130410ms step_avg:124.08ms
step:1052/4740 train_time:130651ms step_avg:124.19ms
step:1053/4740 train_time:130792ms step_avg:124.21ms
step:1054/4740 train_time:131031ms step_avg:124.32ms
step:1055/4740 train_time:131173ms step_avg:124.33ms
step:1056/4740 train_time:131412ms step_avg:124.44ms
step:1057/4740 train_time:131557ms step_avg:124.46ms
step:1058/4740 train_time:131799ms step_avg:124.57ms
step:1059/4740 train_time:131939ms step_avg:124.59ms
step:1060/4740 train_time:132182ms step_avg:124.70ms
step:1061/4740 train_time:132322ms step_avg:124.71ms
step:1062/4740 train_time:132568ms step_avg:124.83ms
step:1063/4740 train_time:132709ms step_avg:124.84ms
step:1064/4740 train_time:132950ms step_avg:124.95ms
step:1065/4740 train_time:133092ms step_avg:124.97ms
step:1066/4740 train_time:133330ms step_avg:125.08ms
step:1067/4740 train_time:133472ms step_avg:125.09ms
step:1068/4740 train_time:133713ms step_avg:125.20ms
step:1069/4740 train_time:133854ms step_avg:125.21ms
step:1070/4740 train_time:134094ms step_avg:125.32ms
step:1071/4740 train_time:134233ms step_avg:125.33ms
step:1072/4740 train_time:134477ms step_avg:125.45ms
step:1073/4740 train_time:134616ms step_avg:125.46ms
step:1074/4740 train_time:134859ms step_avg:125.57ms
step:1075/4740 train_time:135001ms step_avg:125.58ms
step:1076/4740 train_time:135244ms step_avg:125.69ms
step:1077/4740 train_time:135383ms step_avg:125.70ms
step:1078/4740 train_time:135627ms step_avg:125.81ms
step:1079/4740 train_time:135765ms step_avg:125.82ms
step:1080/4740 train_time:136007ms step_avg:125.93ms
step:1081/4740 train_time:136149ms step_avg:125.95ms
step:1082/4740 train_time:136389ms step_avg:126.05ms
step:1083/4740 train_time:136528ms step_avg:126.07ms
step:1084/4740 train_time:136770ms step_avg:126.17ms
step:1085/4740 train_time:136909ms step_avg:126.18ms
step:1086/4740 train_time:137152ms step_avg:126.29ms
step:1087/4740 train_time:137297ms step_avg:126.31ms
step:1088/4740 train_time:137535ms step_avg:126.41ms
step:1089/4740 train_time:137675ms step_avg:126.42ms
step:1090/4740 train_time:137914ms step_avg:126.53ms
step:1091/4740 train_time:138060ms step_avg:126.54ms
step:1092/4740 train_time:138305ms step_avg:126.65ms
step:1093/4740 train_time:138443ms step_avg:126.66ms
step:1094/4740 train_time:138684ms step_avg:126.77ms
step:1095/4740 train_time:138823ms step_avg:126.78ms
step:1096/4740 train_time:139064ms step_avg:126.88ms
step:1097/4740 train_time:139206ms step_avg:126.90ms
step:1098/4740 train_time:139449ms step_avg:127.00ms
step:1099/4740 train_time:139588ms step_avg:127.01ms
step:1100/4740 train_time:139831ms step_avg:127.12ms
step:1101/4740 train_time:139971ms step_avg:127.13ms
step:1102/4740 train_time:140212ms step_avg:127.23ms
step:1103/4740 train_time:140354ms step_avg:127.25ms
step:1104/4740 train_time:140597ms step_avg:127.35ms
step:1105/4740 train_time:140737ms step_avg:127.36ms
step:1106/4740 train_time:140975ms step_avg:127.46ms
step:1107/4740 train_time:141118ms step_avg:127.48ms
step:1108/4740 train_time:141364ms step_avg:127.58ms
step:1109/4740 train_time:141502ms step_avg:127.59ms
step:1110/4740 train_time:141745ms step_avg:127.70ms
step:1111/4740 train_time:141883ms step_avg:127.71ms
step:1112/4740 train_time:142126ms step_avg:127.81ms
step:1113/4740 train_time:142264ms step_avg:127.82ms
step:1114/4740 train_time:142508ms step_avg:127.93ms
step:1115/4740 train_time:142646ms step_avg:127.93ms
step:1116/4740 train_time:142888ms step_avg:128.04ms
step:1117/4740 train_time:143027ms step_avg:128.05ms
step:1118/4740 train_time:143270ms step_avg:128.15ms
step:1119/4740 train_time:143410ms step_avg:128.16ms
step:1120/4740 train_time:143652ms step_avg:128.26ms
step:1121/4740 train_time:143794ms step_avg:128.27ms
step:1122/4740 train_time:144035ms step_avg:128.37ms
step:1123/4740 train_time:144175ms step_avg:128.38ms
step:1124/4740 train_time:144415ms step_avg:128.48ms
step:1125/4740 train_time:144558ms step_avg:128.50ms
step:1126/4740 train_time:144802ms step_avg:128.60ms
step:1127/4740 train_time:144943ms step_avg:128.61ms
step:1128/4740 train_time:145183ms step_avg:128.71ms
step:1129/4740 train_time:145322ms step_avg:128.72ms
step:1130/4740 train_time:145566ms step_avg:128.82ms
step:1131/4740 train_time:145707ms step_avg:128.83ms
step:1132/4740 train_time:145949ms step_avg:128.93ms
step:1133/4740 train_time:146087ms step_avg:128.94ms
step:1134/4740 train_time:146329ms step_avg:129.04ms
step:1135/4740 train_time:146469ms step_avg:129.05ms
step:1136/4740 train_time:146712ms step_avg:129.15ms
step:1137/4740 train_time:146853ms step_avg:129.16ms
step:1138/4740 train_time:147092ms step_avg:129.26ms
step:1139/4740 train_time:147233ms step_avg:129.27ms
step:1140/4740 train_time:147472ms step_avg:129.36ms
step:1141/4740 train_time:147618ms step_avg:129.38ms
step:1142/4740 train_time:147863ms step_avg:129.48ms
step:1143/4740 train_time:148001ms step_avg:129.48ms
step:1144/4740 train_time:148244ms step_avg:129.58ms
step:1145/4740 train_time:148383ms step_avg:129.59ms
step:1146/4740 train_time:148625ms step_avg:129.69ms
step:1147/4740 train_time:148766ms step_avg:129.70ms
step:1148/4740 train_time:149007ms step_avg:129.80ms
step:1149/4740 train_time:149148ms step_avg:129.81ms
step:1150/4740 train_time:149389ms step_avg:129.90ms
step:1151/4740 train_time:149529ms step_avg:129.91ms
step:1152/4740 train_time:149769ms step_avg:130.01ms
step:1153/4740 train_time:149911ms step_avg:130.02ms
step:1154/4740 train_time:150154ms step_avg:130.12ms
step:1155/4740 train_time:150291ms step_avg:130.12ms
step:1156/4740 train_time:150532ms step_avg:130.22ms
step:1157/4740 train_time:150675ms step_avg:130.23ms
step:1158/4740 train_time:150915ms step_avg:130.32ms
step:1159/4740 train_time:151059ms step_avg:130.34ms
step:1160/4740 train_time:151301ms step_avg:130.43ms
step:1161/4740 train_time:151441ms step_avg:130.44ms
step:1162/4740 train_time:151687ms step_avg:130.54ms
step:1163/4740 train_time:151824ms step_avg:130.55ms
step:1164/4740 train_time:152068ms step_avg:130.64ms
step:1165/4740 train_time:152207ms step_avg:130.65ms
step:1166/4740 train_time:152449ms step_avg:130.75ms
step:1167/4740 train_time:152589ms step_avg:130.75ms
step:1168/4740 train_time:152829ms step_avg:130.85ms
step:1169/4740 train_time:152969ms step_avg:130.85ms
step:1170/4740 train_time:153209ms step_avg:130.95ms
step:1171/4740 train_time:153350ms step_avg:130.96ms
step:1172/4740 train_time:153592ms step_avg:131.05ms
step:1173/4740 train_time:153731ms step_avg:131.06ms
step:1174/4740 train_time:153972ms step_avg:131.15ms
step:1175/4740 train_time:154116ms step_avg:131.16ms
step:1176/4740 train_time:154390ms step_avg:131.28ms
step:1177/4740 train_time:154568ms step_avg:131.32ms
step:1178/4740 train_time:154887ms step_avg:131.48ms
step:1179/4740 train_time:155070ms step_avg:131.53ms
step:1180/4740 train_time:155387ms step_avg:131.68ms
step:1181/4740 train_time:155567ms step_avg:131.72ms
step:1182/4740 train_time:155885ms step_avg:131.88ms
step:1183/4740 train_time:156065ms step_avg:131.92ms
step:1184/4740 train_time:156385ms step_avg:132.08ms
step:1185/4740 train_time:156568ms step_avg:132.12ms
step:1186/4740 train_time:156882ms step_avg:132.28ms
step:1187/4740 train_time:157062ms step_avg:132.32ms
step:1188/4740 train_time:157382ms step_avg:132.48ms
step:1189/4740 train_time:157564ms step_avg:132.52ms
step:1190/4740 train_time:157881ms step_avg:132.67ms
step:1191/4740 train_time:158060ms step_avg:132.71ms
step:1192/4740 train_time:158378ms step_avg:132.87ms
step:1193/4740 train_time:158558ms step_avg:132.91ms
step:1194/4740 train_time:158879ms step_avg:133.06ms
step:1195/4740 train_time:159059ms step_avg:133.10ms
step:1196/4740 train_time:159378ms step_avg:133.26ms
step:1197/4740 train_time:159557ms step_avg:133.30ms
step:1198/4740 train_time:159876ms step_avg:133.45ms
step:1199/4740 train_time:160057ms step_avg:133.49ms
step:1200/4740 train_time:160379ms step_avg:133.65ms
step:1201/4740 train_time:160557ms step_avg:133.69ms
step:1202/4740 train_time:160873ms step_avg:133.84ms
step:1203/4740 train_time:161056ms step_avg:133.88ms
step:1204/4740 train_time:161371ms step_avg:134.03ms
step:1205/4740 train_time:161555ms step_avg:134.07ms
step:1206/4740 train_time:161876ms step_avg:134.23ms
step:1207/4740 train_time:162054ms step_avg:134.26ms
step:1208/4740 train_time:162369ms step_avg:134.41ms
step:1209/4740 train_time:162549ms step_avg:134.45ms
step:1210/4740 train_time:162866ms step_avg:134.60ms
step:1211/4740 train_time:163049ms step_avg:134.64ms
step:1212/4740 train_time:163366ms step_avg:134.79ms
step:1213/4740 train_time:163547ms step_avg:134.83ms
step:1214/4740 train_time:163868ms step_avg:134.98ms
step:1215/4740 train_time:164049ms step_avg:135.02ms
step:1216/4740 train_time:164367ms step_avg:135.17ms
step:1217/4740 train_time:164546ms step_avg:135.21ms
step:1218/4740 train_time:164865ms step_avg:135.36ms
step:1219/4740 train_time:165046ms step_avg:135.39ms
step:1220/4740 train_time:165364ms step_avg:135.54ms
step:1221/4740 train_time:165540ms step_avg:135.58ms
step:1222/4740 train_time:165862ms step_avg:135.73ms
step:1223/4740 train_time:166040ms step_avg:135.76ms
step:1224/4740 train_time:166359ms step_avg:135.91ms
step:1225/4740 train_time:166537ms step_avg:135.95ms
step:1226/4740 train_time:166857ms step_avg:136.10ms
step:1227/4740 train_time:167035ms step_avg:136.13ms
step:1228/4740 train_time:167354ms step_avg:136.28ms
step:1229/4740 train_time:167533ms step_avg:136.32ms
step:1230/4740 train_time:167850ms step_avg:136.46ms
step:1231/4740 train_time:168033ms step_avg:136.50ms
step:1232/4740 train_time:168348ms step_avg:136.65ms
step:1233/4740 train_time:168533ms step_avg:136.69ms
step:1234/4740 train_time:168848ms step_avg:136.83ms
step:1235/4740 train_time:169031ms step_avg:136.87ms
step:1236/4740 train_time:169346ms step_avg:137.01ms
step:1237/4740 train_time:169531ms step_avg:137.05ms
step:1238/4740 train_time:169841ms step_avg:137.19ms
step:1239/4740 train_time:170026ms step_avg:137.23ms
step:1240/4740 train_time:170339ms step_avg:137.37ms
step:1241/4740 train_time:170526ms step_avg:137.41ms
step:1242/4740 train_time:170840ms step_avg:137.55ms
step:1243/4740 train_time:171021ms step_avg:137.59ms
step:1244/4740 train_time:171339ms step_avg:137.73ms
step:1245/4740 train_time:171520ms step_avg:137.77ms
step:1246/4740 train_time:171836ms step_avg:137.91ms
step:1247/4740 train_time:172018ms step_avg:137.95ms
step:1248/4740 train_time:172336ms step_avg:138.09ms
step:1249/4740 train_time:172516ms step_avg:138.12ms
step:1250/4740 train_time:172834ms step_avg:138.27ms
step:1250/4740 val_loss:3.4295 train_time:172963ms step_avg:138.37ms
step:1251/4740 train_time:173018ms step_avg:138.30ms
step:1252/4740 train_time:173339ms step_avg:138.45ms
step:1253/4740 train_time:173523ms step_avg:138.49ms
step:1254/4740 train_time:173838ms step_avg:138.63ms
step:1255/4740 train_time:174017ms step_avg:138.66ms
step:1256/4740 train_time:174339ms step_avg:138.81ms
step:1257/4740 train_time:174524ms step_avg:138.84ms
step:1258/4740 train_time:174839ms step_avg:138.98ms
step:1259/4740 train_time:175016ms step_avg:139.01ms
step:1260/4740 train_time:175337ms step_avg:139.16ms
step:1261/4740 train_time:175523ms step_avg:139.19ms
step:1262/4740 train_time:175838ms step_avg:139.33ms
step:1263/4740 train_time:176016ms step_avg:139.36ms
step:1264/4740 train_time:176340ms step_avg:139.51ms
step:1265/4740 train_time:176521ms step_avg:139.54ms
step:1266/4740 train_time:176839ms step_avg:139.68ms
step:1267/4740 train_time:177018ms step_avg:139.71ms
step:1268/4740 train_time:177336ms step_avg:139.86ms
step:1269/4740 train_time:177521ms step_avg:139.89ms
step:1270/4740 train_time:177836ms step_avg:140.03ms
step:1271/4740 train_time:178014ms step_avg:140.06ms
step:1272/4740 train_time:178333ms step_avg:140.20ms
step:1273/4740 train_time:178513ms step_avg:140.23ms
step:1274/4740 train_time:178831ms step_avg:140.37ms
step:1275/4740 train_time:179014ms step_avg:140.40ms
step:1276/4740 train_time:179331ms step_avg:140.54ms
step:1277/4740 train_time:179513ms step_avg:140.57ms
step:1278/4740 train_time:179831ms step_avg:140.71ms
step:1279/4740 train_time:180013ms step_avg:140.75ms
step:1280/4740 train_time:180331ms step_avg:140.88ms
step:1281/4740 train_time:180514ms step_avg:140.92ms
step:1282/4740 train_time:180831ms step_avg:141.05ms
step:1283/4740 train_time:181013ms step_avg:141.09ms
step:1284/4740 train_time:181330ms step_avg:141.22ms
step:1285/4740 train_time:181512ms step_avg:141.25ms
step:1286/4740 train_time:181831ms step_avg:141.39ms
step:1287/4740 train_time:182010ms step_avg:141.42ms
step:1288/4740 train_time:182330ms step_avg:141.56ms
step:1289/4740 train_time:182510ms step_avg:141.59ms
step:1290/4740 train_time:182830ms step_avg:141.73ms
step:1291/4740 train_time:183010ms step_avg:141.76ms
step:1292/4740 train_time:183328ms step_avg:141.89ms
step:1293/4740 train_time:183509ms step_avg:141.92ms
step:1294/4740 train_time:183830ms step_avg:142.06ms
step:1295/4740 train_time:184011ms step_avg:142.09ms
step:1296/4740 train_time:184325ms step_avg:142.23ms
step:1297/4740 train_time:184507ms step_avg:142.26ms
step:1298/4740 train_time:184823ms step_avg:142.39ms
step:1299/4740 train_time:185003ms step_avg:142.42ms
step:1300/4740 train_time:185322ms step_avg:142.56ms
step:1301/4740 train_time:185504ms step_avg:142.59ms
step:1302/4740 train_time:185822ms step_avg:142.72ms
step:1303/4740 train_time:186001ms step_avg:142.75ms
step:1304/4740 train_time:186318ms step_avg:142.88ms
step:1305/4740 train_time:186500ms step_avg:142.91ms
step:1306/4740 train_time:186820ms step_avg:143.05ms
step:1307/4740 train_time:186997ms step_avg:143.07ms
step:1308/4740 train_time:187317ms step_avg:143.21ms
step:1309/4740 train_time:187496ms step_avg:143.24ms
step:1310/4740 train_time:187815ms step_avg:143.37ms
step:1311/4740 train_time:187993ms step_avg:143.40ms
step:1312/4740 train_time:188313ms step_avg:143.53ms
step:1313/4740 train_time:188496ms step_avg:143.56ms
step:1314/4740 train_time:188815ms step_avg:143.69ms
step:1315/4740 train_time:188990ms step_avg:143.72ms
step:1316/4740 train_time:189310ms step_avg:143.85ms
step:1317/4740 train_time:189488ms step_avg:143.88ms
step:1318/4740 train_time:189805ms step_avg:144.01ms
step:1319/4740 train_time:189986ms step_avg:144.04ms
step:1320/4740 train_time:190308ms step_avg:144.17ms
step:1321/4740 train_time:190487ms step_avg:144.20ms
step:1322/4740 train_time:190804ms step_avg:144.33ms
step:1323/4740 train_time:190986ms step_avg:144.36ms
step:1324/4740 train_time:191301ms step_avg:144.49ms
step:1325/4740 train_time:191486ms step_avg:144.52ms
step:1326/4740 train_time:191802ms step_avg:144.65ms
step:1327/4740 train_time:191985ms step_avg:144.68ms
step:1328/4740 train_time:192303ms step_avg:144.81ms
step:1329/4740 train_time:192486ms step_avg:144.83ms
step:1330/4740 train_time:192800ms step_avg:144.96ms
step:1331/4740 train_time:192980ms step_avg:144.99ms
step:1332/4740 train_time:193297ms step_avg:145.12ms
step:1333/4740 train_time:193477ms step_avg:145.14ms
step:1334/4740 train_time:193796ms step_avg:145.27ms
step:1335/4740 train_time:193975ms step_avg:145.30ms
step:1336/4740 train_time:194296ms step_avg:145.43ms
step:1337/4740 train_time:194472ms step_avg:145.45ms
step:1338/4740 train_time:194789ms step_avg:145.58ms
step:1339/4740 train_time:194970ms step_avg:145.61ms
step:1340/4740 train_time:195291ms step_avg:145.74ms
step:1341/4740 train_time:195469ms step_avg:145.76ms
step:1342/4740 train_time:195788ms step_avg:145.89ms
step:1343/4740 train_time:195966ms step_avg:145.92ms
step:1344/4740 train_time:196283ms step_avg:146.04ms
step:1345/4740 train_time:196465ms step_avg:146.07ms
step:1346/4740 train_time:196782ms step_avg:146.20ms
step:1347/4740 train_time:196963ms step_avg:146.22ms
step:1348/4740 train_time:197278ms step_avg:146.35ms
step:1349/4740 train_time:197462ms step_avg:146.38ms
step:1350/4740 train_time:197777ms step_avg:146.50ms
step:1351/4740 train_time:197959ms step_avg:146.53ms
step:1352/4740 train_time:198277ms step_avg:146.65ms
step:1353/4740 train_time:198459ms step_avg:146.68ms
step:1354/4740 train_time:198780ms step_avg:146.81ms
step:1355/4740 train_time:198959ms step_avg:146.83ms
step:1356/4740 train_time:199283ms step_avg:146.96ms
step:1357/4740 train_time:199463ms step_avg:146.99ms
step:1358/4740 train_time:199782ms step_avg:147.11ms
step:1359/4740 train_time:199965ms step_avg:147.14ms
step:1360/4740 train_time:200284ms step_avg:147.27ms
step:1361/4740 train_time:200465ms step_avg:147.29ms
step:1362/4740 train_time:200779ms step_avg:147.41ms
step:1363/4740 train_time:200963ms step_avg:147.44ms
step:1364/4740 train_time:201279ms step_avg:147.56ms
step:1365/4740 train_time:201461ms step_avg:147.59ms
step:1366/4740 train_time:201778ms step_avg:147.71ms
step:1367/4740 train_time:201959ms step_avg:147.74ms
step:1368/4740 train_time:202277ms step_avg:147.86ms
step:1369/4740 train_time:202455ms step_avg:147.89ms
step:1370/4740 train_time:202775ms step_avg:148.01ms
step:1371/4740 train_time:202954ms step_avg:148.03ms
step:1372/4740 train_time:203278ms step_avg:148.16ms
step:1373/4740 train_time:203452ms step_avg:148.18ms
step:1374/4740 train_time:203771ms step_avg:148.30ms
step:1375/4740 train_time:203949ms step_avg:148.33ms
step:1376/4740 train_time:204272ms step_avg:148.45ms
step:1377/4740 train_time:204445ms step_avg:148.47ms
step:1378/4740 train_time:204761ms step_avg:148.59ms
step:1379/4740 train_time:204943ms step_avg:148.62ms
step:1380/4740 train_time:205262ms step_avg:148.74ms
step:1381/4740 train_time:205440ms step_avg:148.76ms
step:1382/4740 train_time:205758ms step_avg:148.88ms
step:1383/4740 train_time:205936ms step_avg:148.91ms
step:1384/4740 train_time:206256ms step_avg:149.03ms
step:1385/4740 train_time:206433ms step_avg:149.05ms
step:1386/4740 train_time:206753ms step_avg:149.17ms
step:1387/4740 train_time:206931ms step_avg:149.19ms
step:1388/4740 train_time:207250ms step_avg:149.32ms
step:1389/4740 train_time:207430ms step_avg:149.34ms
step:1390/4740 train_time:207746ms step_avg:149.46ms
step:1391/4740 train_time:207928ms step_avg:149.48ms
step:1392/4740 train_time:208245ms step_avg:149.60ms
step:1393/4740 train_time:208426ms step_avg:149.62ms
step:1394/4740 train_time:208742ms step_avg:149.74ms
step:1395/4740 train_time:208922ms step_avg:149.76ms
step:1396/4740 train_time:209240ms step_avg:149.89ms
step:1397/4740 train_time:209423ms step_avg:149.91ms
step:1398/4740 train_time:209736ms step_avg:150.03ms
step:1399/4740 train_time:209920ms step_avg:150.05ms
step:1400/4740 train_time:210236ms step_avg:150.17ms
step:1401/4740 train_time:210416ms step_avg:150.19ms
step:1402/4740 train_time:210735ms step_avg:150.31ms
step:1403/4740 train_time:210914ms step_avg:150.33ms
step:1404/4740 train_time:211233ms step_avg:150.45ms
step:1405/4740 train_time:211414ms step_avg:150.47ms
step:1406/4740 train_time:211734ms step_avg:150.59ms
step:1407/4740 train_time:211910ms step_avg:150.61ms
step:1408/4740 train_time:212229ms step_avg:150.73ms
step:1409/4740 train_time:212410ms step_avg:150.75ms
step:1410/4740 train_time:212729ms step_avg:150.87ms
step:1411/4740 train_time:212909ms step_avg:150.89ms
step:1412/4740 train_time:213231ms step_avg:151.01ms
step:1413/4740 train_time:213413ms step_avg:151.04ms
step:1414/4740 train_time:213727ms step_avg:151.15ms
step:1415/4740 train_time:213908ms step_avg:151.17ms
step:1416/4740 train_time:214227ms step_avg:151.29ms
step:1417/4740 train_time:214412ms step_avg:151.31ms
step:1418/4740 train_time:214730ms step_avg:151.43ms
step:1419/4740 train_time:214912ms step_avg:151.45ms
step:1420/4740 train_time:215231ms step_avg:151.57ms
step:1421/4740 train_time:215411ms step_avg:151.59ms
step:1422/4740 train_time:215729ms step_avg:151.71ms
step:1423/4740 train_time:215911ms step_avg:151.73ms
step:1424/4740 train_time:216230ms step_avg:151.85ms
step:1425/4740 train_time:216410ms step_avg:151.87ms
step:1426/4740 train_time:216727ms step_avg:151.98ms
step:1427/4740 train_time:216908ms step_avg:152.00ms
step:1428/4740 train_time:217224ms step_avg:152.12ms
step:1429/4740 train_time:217406ms step_avg:152.14ms
step:1430/4740 train_time:217721ms step_avg:152.25ms
step:1431/4740 train_time:217906ms step_avg:152.28ms
step:1432/4740 train_time:218228ms step_avg:152.39ms
step:1433/4740 train_time:218410ms step_avg:152.41ms
step:1434/4740 train_time:218725ms step_avg:152.53ms
step:1435/4740 train_time:218910ms step_avg:152.55ms
step:1436/4740 train_time:219230ms step_avg:152.67ms
step:1437/4740 train_time:219410ms step_avg:152.69ms
step:1438/4740 train_time:219728ms step_avg:152.80ms
step:1439/4740 train_time:219909ms step_avg:152.82ms
step:1440/4740 train_time:220228ms step_avg:152.94ms
step:1441/4740 train_time:220413ms step_avg:152.96ms
step:1442/4740 train_time:220727ms step_avg:153.07ms
step:1443/4740 train_time:220910ms step_avg:153.09ms
step:1444/4740 train_time:221227ms step_avg:153.20ms
step:1445/4740 train_time:221406ms step_avg:153.22ms
step:1446/4740 train_time:221722ms step_avg:153.33ms
step:1447/4740 train_time:221905ms step_avg:153.36ms
step:1448/4740 train_time:222223ms step_avg:153.47ms
step:1449/4740 train_time:222407ms step_avg:153.49ms
step:1450/4740 train_time:222724ms step_avg:153.60ms
step:1451/4740 train_time:222906ms step_avg:153.62ms
step:1452/4740 train_time:223222ms step_avg:153.73ms
step:1453/4740 train_time:223404ms step_avg:153.75ms
step:1454/4740 train_time:223722ms step_avg:153.87ms
step:1455/4740 train_time:223903ms step_avg:153.89ms
step:1456/4740 train_time:224222ms step_avg:154.00ms
step:1457/4740 train_time:224405ms step_avg:154.02ms
step:1458/4740 train_time:224721ms step_avg:154.13ms
step:1459/4740 train_time:224906ms step_avg:154.15ms
step:1460/4740 train_time:225223ms step_avg:154.26ms
step:1461/4740 train_time:225401ms step_avg:154.28ms
step:1462/4740 train_time:225718ms step_avg:154.39ms
step:1463/4740 train_time:225897ms step_avg:154.41ms
step:1464/4740 train_time:226217ms step_avg:154.52ms
step:1465/4740 train_time:226396ms step_avg:154.54ms
step:1466/4740 train_time:226715ms step_avg:154.65ms
step:1467/4740 train_time:226894ms step_avg:154.67ms
step:1468/4740 train_time:227214ms step_avg:154.78ms
step:1469/4740 train_time:227392ms step_avg:154.79ms
step:1470/4740 train_time:227713ms step_avg:154.91ms
step:1471/4740 train_time:227893ms step_avg:154.92ms
step:1472/4740 train_time:228215ms step_avg:155.04ms
step:1473/4740 train_time:228391ms step_avg:155.05ms
step:1474/4740 train_time:228711ms step_avg:155.16ms
step:1475/4740 train_time:228892ms step_avg:155.18ms
step:1476/4740 train_time:229210ms step_avg:155.29ms
step:1477/4740 train_time:229388ms step_avg:155.31ms
step:1478/4740 train_time:229710ms step_avg:155.42ms
step:1479/4740 train_time:229886ms step_avg:155.43ms
step:1480/4740 train_time:230202ms step_avg:155.54ms
step:1481/4740 train_time:230387ms step_avg:155.56ms
step:1482/4740 train_time:230703ms step_avg:155.67ms
step:1483/4740 train_time:230883ms step_avg:155.69ms
step:1484/4740 train_time:231200ms step_avg:155.80ms
step:1485/4740 train_time:231382ms step_avg:155.81ms
step:1486/4740 train_time:231697ms step_avg:155.92ms
step:1487/4740 train_time:231879ms step_avg:155.94ms
step:1488/4740 train_time:232197ms step_avg:156.05ms
step:1489/4740 train_time:232376ms step_avg:156.06ms
step:1490/4740 train_time:232692ms step_avg:156.17ms
step:1491/4740 train_time:232874ms step_avg:156.19ms
step:1492/4740 train_time:233191ms step_avg:156.29ms
step:1493/4740 train_time:233373ms step_avg:156.31ms
step:1494/4740 train_time:233691ms step_avg:156.42ms
step:1495/4740 train_time:233871ms step_avg:156.44ms
step:1496/4740 train_time:234191ms step_avg:156.54ms
step:1497/4740 train_time:234369ms step_avg:156.56ms
step:1498/4740 train_time:234686ms step_avg:156.67ms
step:1499/4740 train_time:234863ms step_avg:156.68ms
step:1500/4740 train_time:235181ms step_avg:156.79ms
step:1500/4740 val_loss:3.3603 train_time:235309ms step_avg:156.87ms
step:1501/4740 train_time:235364ms step_avg:156.81ms
step:1502/4740 train_time:235684ms step_avg:156.91ms
step:1503/4740 train_time:235867ms step_avg:156.93ms
step:1504/4740 train_time:236182ms step_avg:157.04ms
step:1505/4740 train_time:236365ms step_avg:157.05ms
step:1506/4740 train_time:236685ms step_avg:157.16ms
step:1507/4740 train_time:236866ms step_avg:157.18ms
step:1508/4740 train_time:237184ms step_avg:157.28ms
step:1509/4740 train_time:237363ms step_avg:157.30ms
step:1510/4740 train_time:237684ms step_avg:157.41ms
step:1511/4740 train_time:237865ms step_avg:157.42ms
step:1512/4740 train_time:238184ms step_avg:157.53ms
step:1513/4740 train_time:238365ms step_avg:157.54ms
step:1514/4740 train_time:238683ms step_avg:157.65ms
step:1515/4740 train_time:238867ms step_avg:157.67ms
step:1516/4740 train_time:239187ms step_avg:157.78ms
step:1517/4740 train_time:239366ms step_avg:157.79ms
step:1518/4740 train_time:239679ms step_avg:157.89ms
step:1519/4740 train_time:239863ms step_avg:157.91ms
step:1520/4740 train_time:240179ms step_avg:158.01ms
step:1521/4740 train_time:240361ms step_avg:158.03ms
step:1522/4740 train_time:240682ms step_avg:158.14ms
step:1523/4740 train_time:240865ms step_avg:158.15ms
step:1524/4740 train_time:241185ms step_avg:158.26ms
step:1525/4740 train_time:241364ms step_avg:158.27ms
step:1526/4740 train_time:241684ms step_avg:158.38ms
step:1527/4740 train_time:241864ms step_avg:158.39ms
step:1528/4740 train_time:242185ms step_avg:158.50ms
step:1529/4740 train_time:242364ms step_avg:158.51ms
step:1530/4740 train_time:242684ms step_avg:158.62ms
step:1531/4740 train_time:242862ms step_avg:158.63ms
step:1532/4740 train_time:243179ms step_avg:158.73ms
step:1533/4740 train_time:243360ms step_avg:158.75ms
step:1534/4740 train_time:243678ms step_avg:158.85ms
step:1535/4740 train_time:243860ms step_avg:158.87ms
step:1536/4740 train_time:244174ms step_avg:158.97ms
step:1537/4740 train_time:244357ms step_avg:158.98ms
step:1538/4740 train_time:244670ms step_avg:159.08ms
step:1539/4740 train_time:244851ms step_avg:159.10ms
step:1540/4740 train_time:245168ms step_avg:159.20ms
step:1541/4740 train_time:245351ms step_avg:159.22ms
step:1542/4740 train_time:245669ms step_avg:159.32ms
step:1543/4740 train_time:245848ms step_avg:159.33ms
step:1544/4740 train_time:246166ms step_avg:159.43ms
step:1545/4740 train_time:246345ms step_avg:159.45ms
step:1546/4740 train_time:246664ms step_avg:159.55ms
step:1547/4740 train_time:246842ms step_avg:159.56ms
step:1548/4740 train_time:247162ms step_avg:159.67ms
step:1549/4740 train_time:247344ms step_avg:159.68ms
step:1550/4740 train_time:247657ms step_avg:159.78ms
step:1551/4740 train_time:247837ms step_avg:159.79ms
step:1552/4740 train_time:248155ms step_avg:159.89ms
step:1553/4740 train_time:248336ms step_avg:159.91ms
step:1554/4740 train_time:248652ms step_avg:160.01ms
step:1555/4740 train_time:248835ms step_avg:160.02ms
step:1556/4740 train_time:249149ms step_avg:160.12ms
step:1557/4740 train_time:249331ms step_avg:160.14ms
step:1558/4740 train_time:249650ms step_avg:160.24ms
step:1559/4740 train_time:249829ms step_avg:160.25ms
step:1560/4740 train_time:250149ms step_avg:160.35ms
step:1561/4740 train_time:250330ms step_avg:160.37ms
step:1562/4740 train_time:250648ms step_avg:160.47ms
step:1563/4740 train_time:250825ms step_avg:160.48ms
step:1564/4740 train_time:251144ms step_avg:160.58ms
step:1565/4740 train_time:251324ms step_avg:160.59ms
step:1566/4740 train_time:251647ms step_avg:160.69ms
step:1567/4740 train_time:251825ms step_avg:160.71ms
step:1568/4740 train_time:252144ms step_avg:160.81ms
step:1569/4740 train_time:252328ms step_avg:160.82ms
step:1570/4740 train_time:252647ms step_avg:160.92ms
step:1571/4740 train_time:252824ms step_avg:160.93ms
step:1572/4740 train_time:253143ms step_avg:161.03ms
step:1573/4740 train_time:253323ms step_avg:161.04ms
step:1574/4740 train_time:253643ms step_avg:161.15ms
step:1575/4740 train_time:253823ms step_avg:161.16ms
step:1576/4740 train_time:254142ms step_avg:161.26ms
step:1577/4740 train_time:254322ms step_avg:161.27ms
step:1578/4740 train_time:254642ms step_avg:161.37ms
step:1579/4740 train_time:254823ms step_avg:161.38ms
step:1580/4740 train_time:255141ms step_avg:161.48ms
step:1581/4740 train_time:255323ms step_avg:161.49ms
step:1582/4740 train_time:255643ms step_avg:161.59ms
step:1583/4740 train_time:255827ms step_avg:161.61ms
step:1584/4740 train_time:256144ms step_avg:161.71ms
step:1585/4740 train_time:256324ms step_avg:161.72ms
step:1586/4740 train_time:256647ms step_avg:161.82ms
step:1587/4740 train_time:256826ms step_avg:161.83ms
step:1588/4740 train_time:257146ms step_avg:161.93ms
step:1589/4740 train_time:257324ms step_avg:161.94ms
step:1590/4740 train_time:257644ms step_avg:162.04ms
step:1591/4740 train_time:257825ms step_avg:162.05ms
step:1592/4740 train_time:258145ms step_avg:162.15ms
step:1593/4740 train_time:258325ms step_avg:162.16ms
step:1594/4740 train_time:258647ms step_avg:162.26ms
step:1595/4740 train_time:258824ms step_avg:162.27ms
step:1596/4740 train_time:259146ms step_avg:162.37ms
step:1597/4740 train_time:259326ms step_avg:162.38ms
step:1598/4740 train_time:259645ms step_avg:162.48ms
step:1599/4740 train_time:259824ms step_avg:162.49ms
step:1600/4740 train_time:260144ms step_avg:162.59ms
step:1601/4740 train_time:260322ms step_avg:162.60ms
step:1602/4740 train_time:260641ms step_avg:162.70ms
step:1603/4740 train_time:260822ms step_avg:162.71ms
step:1604/4740 train_time:261145ms step_avg:162.81ms
step:1605/4740 train_time:261323ms step_avg:162.82ms
step:1606/4740 train_time:261640ms step_avg:162.91ms
step:1607/4740 train_time:261823ms step_avg:162.93ms
step:1608/4740 train_time:262144ms step_avg:163.03ms
step:1609/4740 train_time:262325ms step_avg:163.04ms
step:1610/4740 train_time:262645ms step_avg:163.13ms
step:1611/4740 train_time:262828ms step_avg:163.15ms
step:1612/4740 train_time:263143ms step_avg:163.24ms
step:1613/4740 train_time:263325ms step_avg:163.25ms
step:1614/4740 train_time:263643ms step_avg:163.35ms
step:1615/4740 train_time:263826ms step_avg:163.36ms
step:1616/4740 train_time:264145ms step_avg:163.46ms
step:1617/4740 train_time:264325ms step_avg:163.47ms
step:1618/4740 train_time:264645ms step_avg:163.56ms
step:1619/4740 train_time:264824ms step_avg:163.57ms
step:1620/4740 train_time:265144ms step_avg:163.67ms
step:1621/4740 train_time:265324ms step_avg:163.68ms
step:1622/4740 train_time:265645ms step_avg:163.78ms
step:1623/4740 train_time:265825ms step_avg:163.79ms
step:1624/4740 train_time:266142ms step_avg:163.88ms
step:1625/4740 train_time:266325ms step_avg:163.89ms
step:1626/4740 train_time:266643ms step_avg:163.99ms
step:1627/4740 train_time:266827ms step_avg:164.00ms
step:1628/4740 train_time:267145ms step_avg:164.09ms
step:1629/4740 train_time:267323ms step_avg:164.10ms
step:1630/4740 train_time:267642ms step_avg:164.20ms
step:1631/4740 train_time:267824ms step_avg:164.21ms
step:1632/4740 train_time:268143ms step_avg:164.30ms
step:1633/4740 train_time:268324ms step_avg:164.31ms
step:1634/4740 train_time:268644ms step_avg:164.41ms
step:1635/4740 train_time:268822ms step_avg:164.42ms
step:1636/4740 train_time:269144ms step_avg:164.51ms
step:1637/4740 train_time:269323ms step_avg:164.52ms
step:1638/4740 train_time:269643ms step_avg:164.62ms
step:1639/4740 train_time:269827ms step_avg:164.63ms
step:1640/4740 train_time:270143ms step_avg:164.72ms
step:1641/4740 train_time:270326ms step_avg:164.73ms
step:1642/4740 train_time:270644ms step_avg:164.83ms
step:1643/4740 train_time:270828ms step_avg:164.84ms
step:1644/4740 train_time:271144ms step_avg:164.93ms
step:1645/4740 train_time:271323ms step_avg:164.94ms
step:1646/4740 train_time:271643ms step_avg:165.03ms
step:1647/4740 train_time:271827ms step_avg:165.04ms
step:1648/4740 train_time:272146ms step_avg:165.14ms
step:1649/4740 train_time:272324ms step_avg:165.14ms
step:1650/4740 train_time:272643ms step_avg:165.24ms
step:1651/4740 train_time:272823ms step_avg:165.25ms
step:1652/4740 train_time:273142ms step_avg:165.34ms
step:1653/4740 train_time:273325ms step_avg:165.35ms
step:1654/4740 train_time:273642ms step_avg:165.44ms
step:1655/4740 train_time:273824ms step_avg:165.45ms
step:1656/4740 train_time:274140ms step_avg:165.54ms
step:1657/4740 train_time:274326ms step_avg:165.56ms
step:1658/4740 train_time:274645ms step_avg:165.65ms
step:1659/4740 train_time:274826ms step_avg:165.66ms
step:1660/4740 train_time:275146ms step_avg:165.75ms
step:1661/4740 train_time:275330ms step_avg:165.76ms
step:1662/4740 train_time:275647ms step_avg:165.85ms
step:1663/4740 train_time:275829ms step_avg:165.86ms
step:1664/4740 train_time:276149ms step_avg:165.96ms
step:1665/4740 train_time:276332ms step_avg:165.97ms
step:1666/4740 train_time:276650ms step_avg:166.06ms
step:1667/4740 train_time:276833ms step_avg:166.07ms
step:1668/4740 train_time:277149ms step_avg:166.16ms
step:1669/4740 train_time:277332ms step_avg:166.17ms
step:1670/4740 train_time:277652ms step_avg:166.26ms
step:1671/4740 train_time:277832ms step_avg:166.27ms
step:1672/4740 train_time:278155ms step_avg:166.36ms
step:1673/4740 train_time:278334ms step_avg:166.37ms
step:1674/4740 train_time:278652ms step_avg:166.46ms
step:1675/4740 train_time:278834ms step_avg:166.47ms
step:1676/4740 train_time:279154ms step_avg:166.56ms
step:1677/4740 train_time:279336ms step_avg:166.57ms
step:1678/4740 train_time:279654ms step_avg:166.66ms
step:1679/4740 train_time:279832ms step_avg:166.67ms
step:1680/4740 train_time:280151ms step_avg:166.76ms
step:1681/4740 train_time:280338ms step_avg:166.77ms
step:1682/4740 train_time:280654ms step_avg:166.86ms
step:1683/4740 train_time:280837ms step_avg:166.87ms
step:1684/4740 train_time:281156ms step_avg:166.96ms
step:1685/4740 train_time:281336ms step_avg:166.96ms
step:1686/4740 train_time:281658ms step_avg:167.06ms
step:1687/4740 train_time:281836ms step_avg:167.06ms
step:1688/4740 train_time:282154ms step_avg:167.15ms
step:1689/4740 train_time:282338ms step_avg:167.16ms
step:1690/4740 train_time:282654ms step_avg:167.25ms
step:1691/4740 train_time:282833ms step_avg:167.26ms
step:1692/4740 train_time:283153ms step_avg:167.35ms
step:1693/4740 train_time:283334ms step_avg:167.36ms
step:1694/4740 train_time:283654ms step_avg:167.45ms
step:1695/4740 train_time:283835ms step_avg:167.45ms
step:1696/4740 train_time:284152ms step_avg:167.54ms
step:1697/4740 train_time:284333ms step_avg:167.55ms
step:1698/4740 train_time:284654ms step_avg:167.64ms
step:1699/4740 train_time:284835ms step_avg:167.65ms
step:1700/4740 train_time:285153ms step_avg:167.74ms
step:1701/4740 train_time:285333ms step_avg:167.74ms
step:1702/4740 train_time:285652ms step_avg:167.83ms
step:1703/4740 train_time:285831ms step_avg:167.84ms
step:1704/4740 train_time:286154ms step_avg:167.93ms
step:1705/4740 train_time:286331ms step_avg:167.94ms
step:1706/4740 train_time:286653ms step_avg:168.03ms
step:1707/4740 train_time:286830ms step_avg:168.03ms
step:1708/4740 train_time:287149ms step_avg:168.12ms
step:1709/4740 train_time:287331ms step_avg:168.13ms
step:1710/4740 train_time:287648ms step_avg:168.22ms
step:1711/4740 train_time:287829ms step_avg:168.22ms
step:1712/4740 train_time:288153ms step_avg:168.31ms
step:1713/4740 train_time:288330ms step_avg:168.32ms
step:1714/4740 train_time:288653ms step_avg:168.41ms
step:1715/4740 train_time:288832ms step_avg:168.42ms
step:1716/4740 train_time:289155ms step_avg:168.51ms
step:1717/4740 train_time:289332ms step_avg:168.51ms
step:1718/4740 train_time:289653ms step_avg:168.60ms
step:1719/4740 train_time:289832ms step_avg:168.61ms
step:1720/4740 train_time:290155ms step_avg:168.69ms
step:1721/4740 train_time:290331ms step_avg:168.70ms
step:1722/4740 train_time:290651ms step_avg:168.79ms
step:1723/4740 train_time:290832ms step_avg:168.79ms
step:1724/4740 train_time:291149ms step_avg:168.88ms
step:1725/4740 train_time:291329ms step_avg:168.89ms
step:1726/4740 train_time:291651ms step_avg:168.97ms
step:1727/4740 train_time:291829ms step_avg:168.98ms
step:1728/4740 train_time:292148ms step_avg:169.07ms
step:1729/4740 train_time:292329ms step_avg:169.07ms
step:1730/4740 train_time:292651ms step_avg:169.16ms
step:1731/4740 train_time:292829ms step_avg:169.17ms
step:1732/4740 train_time:293149ms step_avg:169.25ms
step:1733/4740 train_time:293328ms step_avg:169.26ms
step:1734/4740 train_time:293650ms step_avg:169.35ms
step:1735/4740 train_time:293830ms step_avg:169.35ms
step:1736/4740 train_time:294151ms step_avg:169.44ms
step:1737/4740 train_time:294332ms step_avg:169.45ms
step:1738/4740 train_time:294647ms step_avg:169.53ms
step:1739/4740 train_time:294833ms step_avg:169.54ms
step:1740/4740 train_time:295149ms step_avg:169.63ms
step:1741/4740 train_time:295327ms step_avg:169.63ms
step:1742/4740 train_time:295645ms step_avg:169.72ms
step:1743/4740 train_time:295828ms step_avg:169.72ms
step:1744/4740 train_time:296149ms step_avg:169.81ms
step:1745/4740 train_time:296327ms step_avg:169.82ms
step:1746/4740 train_time:296649ms step_avg:169.90ms
step:1747/4740 train_time:296828ms step_avg:169.91ms
step:1748/4740 train_time:297147ms step_avg:169.99ms
step:1749/4740 train_time:297325ms step_avg:170.00ms
step:1750/4740 train_time:297644ms step_avg:170.08ms
step:1750/4740 val_loss:3.3037 train_time:297771ms step_avg:170.16ms
step:1751/4740 train_time:297827ms step_avg:170.09ms
step:1752/4740 train_time:298150ms step_avg:170.18ms
step:1753/4740 train_time:298336ms step_avg:170.19ms
step:1754/4740 train_time:298653ms step_avg:170.27ms
step:1755/4740 train_time:298838ms step_avg:170.28ms
step:1756/4740 train_time:299157ms step_avg:170.36ms
step:1757/4740 train_time:299337ms step_avg:170.37ms
step:1758/4740 train_time:299655ms step_avg:170.45ms
step:1759/4740 train_time:299833ms step_avg:170.46ms
step:1760/4740 train_time:300153ms step_avg:170.54ms
step:1761/4740 train_time:300337ms step_avg:170.55ms
step:1762/4740 train_time:300654ms step_avg:170.63ms
step:1763/4740 train_time:300835ms step_avg:170.64ms
step:1764/4740 train_time:301157ms step_avg:170.72ms
step:1765/4740 train_time:301337ms step_avg:170.73ms
step:1766/4740 train_time:301659ms step_avg:170.81ms
step:1767/4740 train_time:301836ms step_avg:170.82ms
step:1768/4740 train_time:302160ms step_avg:170.90ms
step:1769/4740 train_time:302338ms step_avg:170.91ms
step:1770/4740 train_time:302659ms step_avg:170.99ms
step:1771/4740 train_time:302838ms step_avg:171.00ms
step:1772/4740 train_time:303160ms step_avg:171.08ms
step:1773/4740 train_time:303341ms step_avg:171.09ms
step:1774/4740 train_time:303662ms step_avg:171.17ms
step:1775/4740 train_time:303840ms step_avg:171.18ms
step:1776/4740 train_time:304161ms step_avg:171.26ms
step:1777/4740 train_time:304340ms step_avg:171.27ms
step:1778/4740 train_time:304663ms step_avg:171.35ms
step:1779/4740 train_time:304842ms step_avg:171.36ms
step:1780/4740 train_time:305163ms step_avg:171.44ms
step:1781/4740 train_time:305341ms step_avg:171.44ms
step:1782/4740 train_time:305660ms step_avg:171.53ms
step:1783/4740 train_time:305839ms step_avg:171.53ms
step:1784/4740 train_time:306162ms step_avg:171.62ms
step:1785/4740 train_time:306341ms step_avg:171.62ms
step:1786/4740 train_time:306660ms step_avg:171.70ms
step:1787/4740 train_time:306838ms step_avg:171.71ms
step:1788/4740 train_time:307157ms step_avg:171.79ms
step:1789/4740 train_time:307343ms step_avg:171.80ms
step:1790/4740 train_time:307663ms step_avg:171.88ms
step:1791/4740 train_time:307845ms step_avg:171.88ms
step:1792/4740 train_time:308164ms step_avg:171.97ms
step:1793/4740 train_time:308346ms step_avg:171.97ms
step:1794/4740 train_time:308667ms step_avg:172.06ms
step:1795/4740 train_time:308845ms step_avg:172.06ms
step:1796/4740 train_time:309163ms step_avg:172.14ms
step:1797/4740 train_time:309343ms step_avg:172.14ms
step:1798/4740 train_time:309661ms step_avg:172.23ms
step:1799/4740 train_time:309842ms step_avg:172.23ms
step:1800/4740 train_time:310158ms step_avg:172.31ms
step:1801/4740 train_time:310340ms step_avg:172.32ms
step:1802/4740 train_time:310658ms step_avg:172.40ms
step:1803/4740 train_time:310841ms step_avg:172.40ms
step:1804/4740 train_time:311160ms step_avg:172.48ms
step:1805/4740 train_time:311340ms step_avg:172.49ms
step:1806/4740 train_time:311660ms step_avg:172.57ms
step:1807/4740 train_time:311843ms step_avg:172.57ms
step:1808/4740 train_time:312161ms step_avg:172.66ms
step:1809/4740 train_time:312344ms step_avg:172.66ms
step:1810/4740 train_time:312659ms step_avg:172.74ms
step:1811/4740 train_time:312841ms step_avg:172.75ms
step:1812/4740 train_time:313159ms step_avg:172.82ms
step:1813/4740 train_time:313341ms step_avg:172.83ms
step:1814/4740 train_time:313658ms step_avg:172.91ms
step:1815/4740 train_time:313841ms step_avg:172.92ms
step:1816/4740 train_time:314162ms step_avg:173.00ms
step:1817/4740 train_time:314342ms step_avg:173.00ms
step:1818/4740 train_time:314662ms step_avg:173.08ms
step:1819/4740 train_time:314843ms step_avg:173.09ms
step:1820/4740 train_time:315164ms step_avg:173.17ms
step:1821/4740 train_time:315346ms step_avg:173.17ms
step:1822/4740 train_time:315667ms step_avg:173.25ms
step:1823/4740 train_time:315846ms step_avg:173.26ms
step:1824/4740 train_time:316160ms step_avg:173.33ms
step:1825/4740 train_time:316341ms step_avg:173.34ms
step:1826/4740 train_time:316658ms step_avg:173.42ms
step:1827/4740 train_time:316842ms step_avg:173.42ms
step:1828/4740 train_time:317160ms step_avg:173.50ms
step:1829/4740 train_time:317339ms step_avg:173.50ms
step:1830/4740 train_time:317660ms step_avg:173.58ms
step:1831/4740 train_time:317839ms step_avg:173.59ms
step:1832/4740 train_time:318157ms step_avg:173.67ms
step:1833/4740 train_time:318338ms step_avg:173.67ms
step:1834/4740 train_time:318657ms step_avg:173.75ms
step:1835/4740 train_time:318836ms step_avg:173.75ms
step:1836/4740 train_time:319158ms step_avg:173.83ms
step:1837/4740 train_time:319335ms step_avg:173.84ms
step:1838/4740 train_time:319658ms step_avg:173.92ms
step:1839/4740 train_time:319838ms step_avg:173.92ms
step:1840/4740 train_time:320159ms step_avg:174.00ms
step:1841/4740 train_time:320338ms step_avg:174.00ms
step:1842/4740 train_time:320659ms step_avg:174.08ms
step:1843/4740 train_time:320843ms step_avg:174.09ms
step:1844/4740 train_time:321160ms step_avg:174.16ms
step:1845/4740 train_time:321339ms step_avg:174.17ms
step:1846/4740 train_time:321660ms step_avg:174.25ms
step:1847/4740 train_time:321844ms step_avg:174.25ms
step:1848/4740 train_time:322161ms step_avg:174.33ms
step:1849/4740 train_time:322344ms step_avg:174.33ms
step:1850/4740 train_time:322662ms step_avg:174.41ms
step:1851/4740 train_time:322844ms step_avg:174.42ms
step:1852/4740 train_time:323161ms step_avg:174.49ms
step:1853/4740 train_time:323343ms step_avg:174.50ms
step:1854/4740 train_time:323663ms step_avg:174.58ms
step:1855/4740 train_time:323843ms step_avg:174.58ms
step:1856/4740 train_time:324161ms step_avg:174.66ms
step:1857/4740 train_time:324339ms step_avg:174.66ms
step:1858/4740 train_time:324656ms step_avg:174.73ms
step:1859/4740 train_time:324840ms step_avg:174.74ms
step:1860/4740 train_time:325157ms step_avg:174.82ms
step:1861/4740 train_time:325337ms step_avg:174.82ms
step:1862/4740 train_time:325656ms step_avg:174.90ms
step:1863/4740 train_time:325834ms step_avg:174.90ms
step:1864/4740 train_time:326154ms step_avg:174.98ms
step:1865/4740 train_time:326334ms step_avg:174.98ms
step:1866/4740 train_time:326654ms step_avg:175.06ms
step:1867/4740 train_time:326831ms step_avg:175.06ms
step:1868/4740 train_time:327149ms step_avg:175.13ms
step:1869/4740 train_time:327330ms step_avg:175.14ms
step:1870/4740 train_time:327648ms step_avg:175.21ms
step:1871/4740 train_time:327826ms step_avg:175.21ms
step:1872/4740 train_time:328145ms step_avg:175.29ms
step:1873/4740 train_time:328328ms step_avg:175.30ms
step:1874/4740 train_time:328644ms step_avg:175.37ms
step:1875/4740 train_time:328829ms step_avg:175.38ms
step:1876/4740 train_time:329149ms step_avg:175.45ms
step:1877/4740 train_time:329330ms step_avg:175.46ms
step:1878/4740 train_time:329649ms step_avg:175.53ms
step:1879/4740 train_time:329831ms step_avg:175.54ms
step:1880/4740 train_time:330148ms step_avg:175.61ms
step:1881/4740 train_time:330329ms step_avg:175.61ms
step:1882/4740 train_time:330648ms step_avg:175.69ms
step:1883/4740 train_time:330827ms step_avg:175.69ms
step:1884/4740 train_time:331144ms step_avg:175.77ms
step:1885/4740 train_time:331324ms step_avg:175.77ms
step:1886/4740 train_time:331643ms step_avg:175.84ms
step:1887/4740 train_time:331827ms step_avg:175.85ms
step:1888/4740 train_time:332144ms step_avg:175.92ms
step:1889/4740 train_time:332323ms step_avg:175.93ms
step:1890/4740 train_time:332641ms step_avg:176.00ms
step:1891/4740 train_time:332825ms step_avg:176.00ms
step:1892/4740 train_time:333143ms step_avg:176.08ms
step:1893/4740 train_time:333328ms step_avg:176.08ms
step:1894/4740 train_time:333647ms step_avg:176.16ms
step:1895/4740 train_time:333830ms step_avg:176.16ms
step:1896/4740 train_time:334149ms step_avg:176.24ms
step:1897/4740 train_time:334331ms step_avg:176.24ms
step:1898/4740 train_time:334649ms step_avg:176.32ms
step:1899/4740 train_time:334832ms step_avg:176.32ms
step:1900/4740 train_time:335151ms step_avg:176.40ms
step:1901/4740 train_time:335334ms step_avg:176.40ms
step:1902/4740 train_time:335650ms step_avg:176.47ms
step:1903/4740 train_time:335832ms step_avg:176.48ms
step:1904/4740 train_time:336153ms step_avg:176.55ms
step:1905/4740 train_time:336330ms step_avg:176.55ms
step:1906/4740 train_time:336648ms step_avg:176.63ms
step:1907/4740 train_time:336828ms step_avg:176.63ms
step:1908/4740 train_time:337150ms step_avg:176.70ms
step:1909/4740 train_time:337330ms step_avg:176.71ms
step:1910/4740 train_time:337651ms step_avg:176.78ms
step:1911/4740 train_time:337834ms step_avg:176.78ms
step:1912/4740 train_time:338155ms step_avg:176.86ms
step:1913/4740 train_time:338335ms step_avg:176.86ms
step:1914/4740 train_time:338654ms step_avg:176.93ms
step:1915/4740 train_time:338833ms step_avg:176.94ms
step:1916/4740 train_time:339153ms step_avg:177.01ms
step:1917/4740 train_time:339333ms step_avg:177.01ms
step:1918/4740 train_time:339654ms step_avg:177.09ms
step:1919/4740 train_time:339832ms step_avg:177.09ms
step:1920/4740 train_time:340152ms step_avg:177.16ms
step:1921/4740 train_time:340335ms step_avg:177.17ms
step:1922/4740 train_time:340655ms step_avg:177.24ms
step:1923/4740 train_time:340835ms step_avg:177.24ms
step:1924/4740 train_time:341157ms step_avg:177.32ms
step:1925/4740 train_time:341338ms step_avg:177.32ms
step:1926/4740 train_time:341660ms step_avg:177.39ms
step:1927/4740 train_time:341839ms step_avg:177.39ms
step:1928/4740 train_time:342155ms step_avg:177.47ms
step:1929/4740 train_time:342339ms step_avg:177.47ms
step:1930/4740 train_time:342659ms step_avg:177.54ms
step:1931/4740 train_time:342838ms step_avg:177.54ms
step:1932/4740 train_time:343156ms step_avg:177.62ms
step:1933/4740 train_time:343337ms step_avg:177.62ms
step:1934/4740 train_time:343657ms step_avg:177.69ms
step:1935/4740 train_time:343837ms step_avg:177.69ms
step:1936/4740 train_time:344158ms step_avg:177.77ms
step:1937/4740 train_time:344336ms step_avg:177.77ms
step:1938/4740 train_time:344656ms step_avg:177.84ms
step:1939/4740 train_time:344836ms step_avg:177.84ms
step:1940/4740 train_time:345156ms step_avg:177.92ms
step:1941/4740 train_time:345335ms step_avg:177.92ms
step:1942/4740 train_time:345654ms step_avg:177.99ms
step:1943/4740 train_time:345839ms step_avg:177.99ms
step:1944/4740 train_time:346156ms step_avg:178.06ms
step:1945/4740 train_time:346335ms step_avg:178.06ms
step:1946/4740 train_time:346655ms step_avg:178.14ms
step:1947/4740 train_time:346836ms step_avg:178.14ms
step:1948/4740 train_time:347159ms step_avg:178.21ms
step:1949/4740 train_time:347336ms step_avg:178.21ms
step:1950/4740 train_time:347656ms step_avg:178.29ms
step:1951/4740 train_time:347837ms step_avg:178.29ms
step:1952/4740 train_time:348159ms step_avg:178.36ms
step:1953/4740 train_time:348339ms step_avg:178.36ms
step:1954/4740 train_time:348662ms step_avg:178.44ms
step:1955/4740 train_time:348844ms step_avg:178.44ms
step:1956/4740 train_time:349163ms step_avg:178.51ms
step:1957/4740 train_time:349343ms step_avg:178.51ms
step:1958/4740 train_time:349659ms step_avg:178.58ms
step:1959/4740 train_time:349839ms step_avg:178.58ms
step:1960/4740 train_time:350161ms step_avg:178.65ms
step:1961/4740 train_time:350341ms step_avg:178.65ms
step:1962/4740 train_time:350664ms step_avg:178.73ms
step:1963/4740 train_time:350845ms step_avg:178.73ms
step:1964/4740 train_time:351167ms step_avg:178.80ms
step:1965/4740 train_time:351349ms step_avg:178.80ms
step:1966/4740 train_time:351669ms step_avg:178.88ms
step:1967/4740 train_time:351847ms step_avg:178.88ms
step:1968/4740 train_time:352169ms step_avg:178.95ms
step:1969/4740 train_time:352348ms step_avg:178.95ms
step:1970/4740 train_time:352670ms step_avg:179.02ms
step:1971/4740 train_time:352849ms step_avg:179.02ms
step:1972/4740 train_time:353170ms step_avg:179.09ms
step:1973/4740 train_time:353349ms step_avg:179.09ms
step:1974/4740 train_time:353665ms step_avg:179.16ms
step:1975/4740 train_time:353849ms step_avg:179.16ms
step:1976/4740 train_time:354169ms step_avg:179.24ms
step:1977/4740 train_time:354345ms step_avg:179.23ms
step:1978/4740 train_time:354664ms step_avg:179.30ms
step:1979/4740 train_time:354848ms step_avg:179.31ms
step:1980/4740 train_time:355169ms step_avg:179.38ms
step:1981/4740 train_time:355352ms step_avg:179.38ms
step:1982/4740 train_time:355671ms step_avg:179.45ms
step:1983/4740 train_time:355855ms step_avg:179.45ms
step:1984/4740 train_time:356172ms step_avg:179.52ms
step:1985/4740 train_time:356357ms step_avg:179.52ms
step:1986/4740 train_time:356677ms step_avg:179.60ms
step:1987/4740 train_time:356861ms step_avg:179.60ms
step:1988/4740 train_time:357181ms step_avg:179.67ms
step:1989/4740 train_time:357363ms step_avg:179.67ms
step:1990/4740 train_time:357681ms step_avg:179.74ms
step:1991/4740 train_time:357864ms step_avg:179.74ms
step:1992/4740 train_time:358182ms step_avg:179.81ms
step:1993/4740 train_time:358363ms step_avg:179.81ms
step:1994/4740 train_time:358679ms step_avg:179.88ms
step:1995/4740 train_time:358864ms step_avg:179.88ms
step:1996/4740 train_time:359188ms step_avg:179.95ms
step:1997/4740 train_time:359369ms step_avg:179.95ms
step:1998/4740 train_time:359685ms step_avg:180.02ms
step:1999/4740 train_time:359870ms step_avg:180.02ms
step:2000/4740 train_time:360189ms step_avg:180.09ms
step:2000/4740 val_loss:3.2535 train_time:360320ms step_avg:180.16ms
step:2001/4740 train_time:360376ms step_avg:180.10ms
step:2002/4740 train_time:360693ms step_avg:180.17ms
step:2003/4740 train_time:360886ms step_avg:180.17ms
step:2004/4740 train_time:361199ms step_avg:180.24ms
step:2005/4740 train_time:361381ms step_avg:180.24ms
step:2006/4740 train_time:361706ms step_avg:180.31ms
step:2007/4740 train_time:361891ms step_avg:180.31ms
step:2008/4740 train_time:362210ms step_avg:180.38ms
step:2009/4740 train_time:362388ms step_avg:180.38ms
step:2010/4740 train_time:362711ms step_avg:180.45ms
step:2011/4740 train_time:362894ms step_avg:180.45ms
step:2012/4740 train_time:363213ms step_avg:180.52ms
step:2013/4740 train_time:363395ms step_avg:180.52ms
step:2014/4740 train_time:363715ms step_avg:180.59ms
step:2015/4740 train_time:363897ms step_avg:180.59ms
step:2016/4740 train_time:364218ms step_avg:180.66ms
step:2017/4740 train_time:364400ms step_avg:180.66ms
step:2018/4740 train_time:364720ms step_avg:180.73ms
step:2019/4740 train_time:364898ms step_avg:180.73ms
step:2020/4740 train_time:365220ms step_avg:180.80ms
step:2021/4740 train_time:365403ms step_avg:180.80ms
step:2022/4740 train_time:365722ms step_avg:180.87ms
step:2023/4740 train_time:365901ms step_avg:180.87ms
step:2024/4740 train_time:366220ms step_avg:180.94ms
step:2025/4740 train_time:366404ms step_avg:180.94ms
step:2026/4740 train_time:366723ms step_avg:181.01ms
step:2027/4740 train_time:366906ms step_avg:181.01ms
step:2028/4740 train_time:367225ms step_avg:181.08ms
step:2029/4740 train_time:367406ms step_avg:181.08ms
step:2030/4740 train_time:367725ms step_avg:181.15ms
step:2031/4740 train_time:367909ms step_avg:181.15ms
step:2032/4740 train_time:368231ms step_avg:181.22ms
step:2033/4740 train_time:368410ms step_avg:181.21ms
step:2034/4740 train_time:368731ms step_avg:181.28ms
step:2035/4740 train_time:368913ms step_avg:181.28ms
step:2036/4740 train_time:369233ms step_avg:181.35ms
step:2037/4740 train_time:369410ms step_avg:181.35ms
step:2038/4740 train_time:369732ms step_avg:181.42ms
step:2039/4740 train_time:369911ms step_avg:181.42ms
step:2040/4740 train_time:370236ms step_avg:181.49ms
step:2041/4740 train_time:370413ms step_avg:181.49ms
step:2042/4740 train_time:370733ms step_avg:181.55ms
step:2043/4740 train_time:370911ms step_avg:181.55ms
step:2044/4740 train_time:371231ms step_avg:181.62ms
step:2045/4740 train_time:371411ms step_avg:181.62ms
step:2046/4740 train_time:371734ms step_avg:181.69ms
step:2047/4740 train_time:371914ms step_avg:181.69ms
step:2048/4740 train_time:372236ms step_avg:181.76ms
step:2049/4740 train_time:372412ms step_avg:181.75ms
step:2050/4740 train_time:372734ms step_avg:181.82ms
step:2051/4740 train_time:372915ms step_avg:181.82ms
step:2052/4740 train_time:373239ms step_avg:181.89ms
step:2053/4740 train_time:373417ms step_avg:181.89ms
step:2054/4740 train_time:373738ms step_avg:181.96ms
step:2055/4740 train_time:373918ms step_avg:181.96ms
step:2056/4740 train_time:374241ms step_avg:182.02ms
step:2057/4740 train_time:374419ms step_avg:182.02ms
step:2058/4740 train_time:374743ms step_avg:182.09ms
step:2059/4740 train_time:374928ms step_avg:182.09ms
step:2060/4740 train_time:375246ms step_avg:182.16ms
step:2061/4740 train_time:375426ms step_avg:182.16ms
step:2062/4740 train_time:375750ms step_avg:182.23ms
step:2063/4740 train_time:375930ms step_avg:182.23ms
step:2064/4740 train_time:376251ms step_avg:182.29ms
step:2065/4740 train_time:376433ms step_avg:182.29ms
step:2066/4740 train_time:376752ms step_avg:182.36ms
step:2067/4740 train_time:376935ms step_avg:182.36ms
step:2068/4740 train_time:377254ms step_avg:182.42ms
step:2069/4740 train_time:377437ms step_avg:182.42ms
step:2070/4740 train_time:377755ms step_avg:182.49ms
step:2071/4740 train_time:377937ms step_avg:182.49ms
step:2072/4740 train_time:378259ms step_avg:182.56ms
step:2073/4740 train_time:378441ms step_avg:182.56ms
step:2074/4740 train_time:378762ms step_avg:182.62ms
step:2075/4740 train_time:378947ms step_avg:182.63ms
step:2076/4740 train_time:379268ms step_avg:182.69ms
step:2077/4740 train_time:379448ms step_avg:182.69ms
step:2078/4740 train_time:379764ms step_avg:182.75ms
step:2079/4740 train_time:379946ms step_avg:182.75ms
step:2080/4740 train_time:380262ms step_avg:182.82ms
step:2081/4740 train_time:380443ms step_avg:182.82ms
step:2082/4740 train_time:380761ms step_avg:182.88ms
step:2083/4740 train_time:380942ms step_avg:182.88ms
step:2084/4740 train_time:381262ms step_avg:182.95ms
step:2085/4740 train_time:381441ms step_avg:182.95ms
step:2086/4740 train_time:381761ms step_avg:183.01ms
step:2087/4740 train_time:381943ms step_avg:183.01ms
step:2088/4740 train_time:382261ms step_avg:183.07ms
step:2089/4740 train_time:382444ms step_avg:183.08ms
step:2090/4740 train_time:382765ms step_avg:183.14ms
step:2091/4740 train_time:382947ms step_avg:183.14ms
step:2092/4740 train_time:383266ms step_avg:183.21ms
step:2093/4740 train_time:383446ms step_avg:183.20ms
step:2094/4740 train_time:383766ms step_avg:183.27ms
step:2095/4740 train_time:383950ms step_avg:183.27ms
step:2096/4740 train_time:384270ms step_avg:183.34ms
step:2097/4740 train_time:384450ms step_avg:183.33ms
step:2098/4740 train_time:384772ms step_avg:183.40ms
step:2099/4740 train_time:384957ms step_avg:183.40ms
step:2100/4740 train_time:385274ms step_avg:183.46ms
step:2101/4740 train_time:385457ms step_avg:183.46ms
step:2102/4740 train_time:385776ms step_avg:183.53ms
step:2103/4740 train_time:385961ms step_avg:183.53ms
step:2104/4740 train_time:386285ms step_avg:183.60ms
step:2105/4740 train_time:386464ms step_avg:183.59ms
step:2106/4740 train_time:386780ms step_avg:183.66ms
step:2107/4740 train_time:386969ms step_avg:183.66ms
step:2108/4740 train_time:387287ms step_avg:183.72ms
step:2109/4740 train_time:387471ms step_avg:183.72ms
step:2110/4740 train_time:387794ms step_avg:183.79ms
step:2111/4740 train_time:387974ms step_avg:183.79ms
step:2112/4740 train_time:388293ms step_avg:183.85ms
step:2113/4740 train_time:388474ms step_avg:183.85ms
step:2114/4740 train_time:388794ms step_avg:183.91ms
step:2115/4740 train_time:388976ms step_avg:183.91ms
step:2116/4740 train_time:389295ms step_avg:183.98ms
step:2117/4740 train_time:389476ms step_avg:183.98ms
step:2118/4740 train_time:389797ms step_avg:184.04ms
step:2119/4740 train_time:389980ms step_avg:184.04ms
step:2120/4740 train_time:390299ms step_avg:184.10ms
step:2121/4740 train_time:390483ms step_avg:184.10ms
step:2122/4740 train_time:390804ms step_avg:184.17ms
step:2123/4740 train_time:390985ms step_avg:184.17ms
step:2124/4740 train_time:391305ms step_avg:184.23ms
step:2125/4740 train_time:391487ms step_avg:184.23ms
step:2126/4740 train_time:391804ms step_avg:184.29ms
step:2127/4740 train_time:391986ms step_avg:184.29ms
step:2128/4740 train_time:392305ms step_avg:184.35ms
step:2129/4740 train_time:392486ms step_avg:184.35ms
step:2130/4740 train_time:392807ms step_avg:184.42ms
step:2131/4740 train_time:392988ms step_avg:184.42ms
step:2132/4740 train_time:393304ms step_avg:184.48ms
step:2133/4740 train_time:393487ms step_avg:184.48ms
step:2134/4740 train_time:393808ms step_avg:184.54ms
step:2135/4740 train_time:393987ms step_avg:184.54ms
step:2136/4740 train_time:394308ms step_avg:184.60ms
step:2137/4740 train_time:394488ms step_avg:184.60ms
step:2138/4740 train_time:394806ms step_avg:184.66ms
step:2139/4740 train_time:394994ms step_avg:184.66ms
step:2140/4740 train_time:395313ms step_avg:184.73ms
step:2141/4740 train_time:395494ms step_avg:184.72ms
step:2142/4740 train_time:395814ms step_avg:184.79ms
step:2143/4740 train_time:395994ms step_avg:184.79ms
step:2144/4740 train_time:396313ms step_avg:184.85ms
step:2145/4740 train_time:396496ms step_avg:184.85ms
step:2146/4740 train_time:396814ms step_avg:184.91ms
step:2147/4740 train_time:396996ms step_avg:184.91ms
step:2148/4740 train_time:397316ms step_avg:184.97ms
step:2149/4740 train_time:397496ms step_avg:184.97ms
step:2150/4740 train_time:397816ms step_avg:185.03ms
step:2151/4740 train_time:397996ms step_avg:185.03ms
step:2152/4740 train_time:398314ms step_avg:185.09ms
step:2153/4740 train_time:398496ms step_avg:185.09ms
step:2154/4740 train_time:398817ms step_avg:185.15ms
step:2155/4740 train_time:399000ms step_avg:185.15ms
step:2156/4740 train_time:399318ms step_avg:185.21ms
step:2157/4740 train_time:399500ms step_avg:185.21ms
step:2158/4740 train_time:399820ms step_avg:185.27ms
step:2159/4740 train_time:400000ms step_avg:185.27ms
step:2160/4740 train_time:400319ms step_avg:185.33ms
step:2161/4740 train_time:400504ms step_avg:185.33ms
step:2162/4740 train_time:400820ms step_avg:185.39ms
step:2163/4740 train_time:401005ms step_avg:185.39ms
step:2164/4740 train_time:401324ms step_avg:185.45ms
step:2165/4740 train_time:401504ms step_avg:185.45ms
step:2166/4740 train_time:401822ms step_avg:185.51ms
step:2167/4740 train_time:402007ms step_avg:185.51ms
step:2168/4740 train_time:402331ms step_avg:185.58ms
step:2169/4740 train_time:402508ms step_avg:185.57ms
step:2170/4740 train_time:402831ms step_avg:185.64ms
step:2171/4740 train_time:403010ms step_avg:185.63ms
step:2172/4740 train_time:403332ms step_avg:185.70ms
step:2173/4740 train_time:403511ms step_avg:185.69ms
step:2174/4740 train_time:403834ms step_avg:185.76ms
step:2175/4740 train_time:404016ms step_avg:185.75ms
step:2176/4740 train_time:404337ms step_avg:185.82ms
step:2177/4740 train_time:404517ms step_avg:185.81ms
step:2178/4740 train_time:404839ms step_avg:185.88ms
step:2179/4740 train_time:405018ms step_avg:185.87ms
step:2180/4740 train_time:405341ms step_avg:185.94ms
step:2181/4740 train_time:405519ms step_avg:185.93ms
step:2182/4740 train_time:405839ms step_avg:185.99ms
step:2183/4740 train_time:406018ms step_avg:185.99ms
step:2184/4740 train_time:406338ms step_avg:186.05ms
step:2185/4740 train_time:406520ms step_avg:186.05ms
step:2186/4740 train_time:406841ms step_avg:186.11ms
step:2187/4740 train_time:407022ms step_avg:186.11ms
step:2188/4740 train_time:407340ms step_avg:186.17ms
step:2189/4740 train_time:407523ms step_avg:186.17ms
step:2190/4740 train_time:407842ms step_avg:186.23ms
step:2191/4740 train_time:408020ms step_avg:186.23ms
step:2192/4740 train_time:408339ms step_avg:186.29ms
step:2193/4740 train_time:408524ms step_avg:186.29ms
step:2194/4740 train_time:408844ms step_avg:186.35ms
step:2195/4740 train_time:409022ms step_avg:186.34ms
step:2196/4740 train_time:409342ms step_avg:186.40ms
step:2197/4740 train_time:409527ms step_avg:186.40ms
step:2198/4740 train_time:409847ms step_avg:186.46ms
step:2199/4740 train_time:410029ms step_avg:186.46ms
step:2200/4740 train_time:410349ms step_avg:186.52ms
step:2201/4740 train_time:410532ms step_avg:186.52ms
step:2202/4740 train_time:410852ms step_avg:186.58ms
step:2203/4740 train_time:411034ms step_avg:186.58ms
step:2204/4740 train_time:411354ms step_avg:186.64ms
step:2205/4740 train_time:411537ms step_avg:186.64ms
step:2206/4740 train_time:411857ms step_avg:186.70ms
step:2207/4740 train_time:412038ms step_avg:186.70ms
step:2208/4740 train_time:412356ms step_avg:186.76ms
step:2209/4740 train_time:412536ms step_avg:186.75ms
step:2210/4740 train_time:412854ms step_avg:186.81ms
step:2211/4740 train_time:413039ms step_avg:186.81ms
step:2212/4740 train_time:413358ms step_avg:186.87ms
step:2213/4740 train_time:413537ms step_avg:186.87ms
step:2214/4740 train_time:413858ms step_avg:186.93ms
step:2215/4740 train_time:414040ms step_avg:186.93ms
step:2216/4740 train_time:414360ms step_avg:186.99ms
step:2217/4740 train_time:414543ms step_avg:186.98ms
step:2218/4740 train_time:414863ms step_avg:187.04ms
step:2219/4740 train_time:415045ms step_avg:187.04ms
step:2220/4740 train_time:415371ms step_avg:187.10ms
step:2221/4740 train_time:415554ms step_avg:187.10ms
step:2222/4740 train_time:415875ms step_avg:187.16ms
step:2223/4740 train_time:416057ms step_avg:187.16ms
step:2224/4740 train_time:416377ms step_avg:187.22ms
step:2225/4740 train_time:416556ms step_avg:187.22ms
step:2226/4740 train_time:416876ms step_avg:187.28ms
step:2227/4740 train_time:417056ms step_avg:187.27ms
step:2228/4740 train_time:417379ms step_avg:187.33ms
step:2229/4740 train_time:417556ms step_avg:187.33ms
step:2230/4740 train_time:417877ms step_avg:187.39ms
step:2231/4740 train_time:418057ms step_avg:187.39ms
step:2232/4740 train_time:418374ms step_avg:187.44ms
step:2233/4740 train_time:418559ms step_avg:187.44ms
step:2234/4740 train_time:418877ms step_avg:187.50ms
step:2235/4740 train_time:419058ms step_avg:187.50ms
step:2236/4740 train_time:419376ms step_avg:187.56ms
step:2237/4740 train_time:419559ms step_avg:187.55ms
step:2238/4740 train_time:419881ms step_avg:187.61ms
step:2239/4740 train_time:420064ms step_avg:187.61ms
step:2240/4740 train_time:420381ms step_avg:187.67ms
step:2241/4740 train_time:420565ms step_avg:187.67ms
step:2242/4740 train_time:420885ms step_avg:187.73ms
step:2243/4740 train_time:421066ms step_avg:187.72ms
step:2244/4740 train_time:421382ms step_avg:187.78ms
step:2245/4740 train_time:421567ms step_avg:187.78ms
step:2246/4740 train_time:421884ms step_avg:187.84ms
step:2247/4740 train_time:422065ms step_avg:187.84ms
step:2248/4740 train_time:422385ms step_avg:187.89ms
step:2249/4740 train_time:422568ms step_avg:187.89ms
step:2250/4740 train_time:422889ms step_avg:187.95ms
step:2250/4740 val_loss:3.2183 train_time:423018ms step_avg:188.01ms
step:2251/4740 train_time:423074ms step_avg:187.95ms
step:2252/4740 train_time:423396ms step_avg:188.01ms
step:2253/4740 train_time:423580ms step_avg:188.01ms
step:2254/4740 train_time:423901ms step_avg:188.07ms
step:2255/4740 train_time:424079ms step_avg:188.06ms
step:2256/4740 train_time:424400ms step_avg:188.12ms
step:2257/4740 train_time:424581ms step_avg:188.12ms
step:2258/4740 train_time:424902ms step_avg:188.18ms
step:2259/4740 train_time:425079ms step_avg:188.17ms
step:2260/4740 train_time:425402ms step_avg:188.23ms
step:2261/4740 train_time:425586ms step_avg:188.23ms
step:2262/4740 train_time:425909ms step_avg:188.29ms
step:2263/4740 train_time:426087ms step_avg:188.28ms
step:2264/4740 train_time:426410ms step_avg:188.34ms
step:2265/4740 train_time:426591ms step_avg:188.34ms
step:2266/4740 train_time:426912ms step_avg:188.40ms
step:2267/4740 train_time:427090ms step_avg:188.39ms
step:2268/4740 train_time:427412ms step_avg:188.45ms
step:2269/4740 train_time:427595ms step_avg:188.45ms
step:2270/4740 train_time:427915ms step_avg:188.51ms
step:2271/4740 train_time:428096ms step_avg:188.51ms
step:2272/4740 train_time:428418ms step_avg:188.56ms
step:2273/4740 train_time:428599ms step_avg:188.56ms
step:2274/4740 train_time:428917ms step_avg:188.62ms
step:2275/4740 train_time:429100ms step_avg:188.62ms
step:2276/4740 train_time:429418ms step_avg:188.67ms
step:2277/4740 train_time:429598ms step_avg:188.67ms
step:2278/4740 train_time:429919ms step_avg:188.73ms
step:2279/4740 train_time:430100ms step_avg:188.72ms
step:2280/4740 train_time:430418ms step_avg:188.78ms
step:2281/4740 train_time:430603ms step_avg:188.78ms
step:2282/4740 train_time:430921ms step_avg:188.83ms
step:2283/4740 train_time:431105ms step_avg:188.83ms
step:2284/4740 train_time:431422ms step_avg:188.89ms
step:2285/4740 train_time:431602ms step_avg:188.88ms
step:2286/4740 train_time:431921ms step_avg:188.94ms
step:2287/4740 train_time:432106ms step_avg:188.94ms
step:2288/4740 train_time:432425ms step_avg:189.00ms
step:2289/4740 train_time:432604ms step_avg:188.99ms
step:2290/4740 train_time:432923ms step_avg:189.05ms
step:2291/4740 train_time:433107ms step_avg:189.05ms
step:2292/4740 train_time:433427ms step_avg:189.10ms
step:2293/4740 train_time:433606ms step_avg:189.10ms
step:2294/4740 train_time:433934ms step_avg:189.16ms
step:2295/4740 train_time:434110ms step_avg:189.15ms
step:2296/4740 train_time:434430ms step_avg:189.21ms
step:2297/4740 train_time:434608ms step_avg:189.21ms
step:2298/4740 train_time:434932ms step_avg:189.27ms
step:2299/4740 train_time:435112ms step_avg:189.26ms
step:2300/4740 train_time:435427ms step_avg:189.32ms
step:2301/4740 train_time:435612ms step_avg:189.31ms
step:2302/4740 train_time:435935ms step_avg:189.37ms
step:2303/4740 train_time:436119ms step_avg:189.37ms
step:2304/4740 train_time:436440ms step_avg:189.43ms
step:2305/4740 train_time:436617ms step_avg:189.42ms
step:2306/4740 train_time:436940ms step_avg:189.48ms
step:2307/4740 train_time:437120ms step_avg:189.48ms
step:2308/4740 train_time:437443ms step_avg:189.53ms
step:2309/4740 train_time:437624ms step_avg:189.53ms
step:2310/4740 train_time:437947ms step_avg:189.59ms
step:2311/4740 train_time:438126ms step_avg:189.58ms
step:2312/4740 train_time:438445ms step_avg:189.64ms
step:2313/4740 train_time:438627ms step_avg:189.64ms
step:2314/4740 train_time:438950ms step_avg:189.69ms
step:2315/4740 train_time:439130ms step_avg:189.69ms
step:2316/4740 train_time:439447ms step_avg:189.74ms
step:2317/4740 train_time:439631ms step_avg:189.74ms
step:2318/4740 train_time:439953ms step_avg:189.80ms
step:2319/4740 train_time:440134ms step_avg:189.79ms
step:2320/4740 train_time:440454ms step_avg:189.85ms
step:2321/4740 train_time:440636ms step_avg:189.85ms
step:2322/4740 train_time:440955ms step_avg:189.90ms
step:2323/4740 train_time:441137ms step_avg:189.90ms
step:2324/4740 train_time:441454ms step_avg:189.95ms
step:2325/4740 train_time:441639ms step_avg:189.95ms
step:2326/4740 train_time:441960ms step_avg:190.01ms
step:2327/4740 train_time:442143ms step_avg:190.01ms
step:2328/4740 train_time:442463ms step_avg:190.06ms
step:2329/4740 train_time:442646ms step_avg:190.06ms
step:2330/4740 train_time:442964ms step_avg:190.11ms
step:2331/4740 train_time:443146ms step_avg:190.11ms
step:2332/4740 train_time:443467ms step_avg:190.17ms
step:2333/4740 train_time:443651ms step_avg:190.16ms
step:2334/4740 train_time:443964ms step_avg:190.22ms
step:2335/4740 train_time:444152ms step_avg:190.21ms
step:2336/4740 train_time:444473ms step_avg:190.27ms
step:2337/4740 train_time:444652ms step_avg:190.27ms
step:2338/4740 train_time:444971ms step_avg:190.32ms
step:2339/4740 train_time:445153ms step_avg:190.32ms
step:2340/4740 train_time:445475ms step_avg:190.37ms
step:2341/4740 train_time:445654ms step_avg:190.37ms
step:2342/4740 train_time:445973ms step_avg:190.42ms
step:2343/4740 train_time:446154ms step_avg:190.42ms
step:2344/4740 train_time:446476ms step_avg:190.48ms
step:2345/4740 train_time:446654ms step_avg:190.47ms
step:2346/4740 train_time:446975ms step_avg:190.53ms
step:2347/4740 train_time:447153ms step_avg:190.52ms
step:2348/4740 train_time:447472ms step_avg:190.58ms
step:2349/4740 train_time:447653ms step_avg:190.57ms
step:2350/4740 train_time:447973ms step_avg:190.63ms
step:2351/4740 train_time:448153ms step_avg:190.62ms
step:2352/4740 train_time:448475ms step_avg:190.68ms
step:2353/4740 train_time:448656ms step_avg:190.67ms
step:2354/4740 train_time:448975ms step_avg:190.73ms
step:2355/4740 train_time:449155ms step_avg:190.72ms
step:2356/4740 train_time:449474ms step_avg:190.78ms
step:2357/4740 train_time:449658ms step_avg:190.78ms
step:2358/4740 train_time:449978ms step_avg:190.83ms
step:2359/4740 train_time:450166ms step_avg:190.83ms
step:2360/4740 train_time:450485ms step_avg:190.88ms
step:2361/4740 train_time:450669ms step_avg:190.88ms
step:2362/4740 train_time:450991ms step_avg:190.94ms
step:2363/4740 train_time:451171ms step_avg:190.93ms
step:2364/4740 train_time:451491ms step_avg:190.99ms
step:2365/4740 train_time:451671ms step_avg:190.98ms
step:2366/4740 train_time:451995ms step_avg:191.04ms
step:2367/4740 train_time:452176ms step_avg:191.03ms
step:2368/4740 train_time:452497ms step_avg:191.09ms
step:2369/4740 train_time:452678ms step_avg:191.08ms
step:2370/4740 train_time:452999ms step_avg:191.14ms
step:2371/4740 train_time:453185ms step_avg:191.14ms
step:2372/4740 train_time:453504ms step_avg:191.19ms
step:2373/4740 train_time:453687ms step_avg:191.19ms
step:2374/4740 train_time:454008ms step_avg:191.24ms
step:2375/4740 train_time:454194ms step_avg:191.24ms
step:2376/4740 train_time:454513ms step_avg:191.29ms
step:2377/4740 train_time:454695ms step_avg:191.29ms
step:2378/4740 train_time:455013ms step_avg:191.34ms
step:2379/4740 train_time:455198ms step_avg:191.34ms
step:2380/4740 train_time:455520ms step_avg:191.39ms
step:2381/4740 train_time:455706ms step_avg:191.39ms
step:2382/4740 train_time:456027ms step_avg:191.45ms
step:2383/4740 train_time:456208ms step_avg:191.44ms
step:2384/4740 train_time:456526ms step_avg:191.50ms
step:2385/4740 train_time:456710ms step_avg:191.49ms
step:2386/4740 train_time:457035ms step_avg:191.55ms
step:2387/4740 train_time:457212ms step_avg:191.54ms
step:2388/4740 train_time:457533ms step_avg:191.60ms
step:2389/4740 train_time:457714ms step_avg:191.59ms
step:2390/4740 train_time:458038ms step_avg:191.65ms
step:2391/4740 train_time:458215ms step_avg:191.64ms
step:2392/4740 train_time:458537ms step_avg:191.70ms
step:2393/4740 train_time:458718ms step_avg:191.69ms
step:2394/4740 train_time:459040ms step_avg:191.75ms
step:2395/4740 train_time:459218ms step_avg:191.74ms
step:2396/4740 train_time:459542ms step_avg:191.80ms
step:2397/4740 train_time:459725ms step_avg:191.79ms
step:2398/4740 train_time:460049ms step_avg:191.85ms
step:2399/4740 train_time:460231ms step_avg:191.84ms
step:2400/4740 train_time:460553ms step_avg:191.90ms
step:2401/4740 train_time:460732ms step_avg:191.89ms
step:2402/4740 train_time:461052ms step_avg:191.94ms
step:2403/4740 train_time:461236ms step_avg:191.94ms
step:2404/4740 train_time:461557ms step_avg:192.00ms
step:2405/4740 train_time:461739ms step_avg:191.99ms
step:2406/4740 train_time:462060ms step_avg:192.05ms
step:2407/4740 train_time:462242ms step_avg:192.04ms
step:2408/4740 train_time:462561ms step_avg:192.09ms
step:2409/4740 train_time:462742ms step_avg:192.09ms
step:2410/4740 train_time:463063ms step_avg:192.14ms
step:2411/4740 train_time:463245ms step_avg:192.14ms
step:2412/4740 train_time:463564ms step_avg:192.19ms
step:2413/4740 train_time:463746ms step_avg:192.19ms
step:2414/4740 train_time:464065ms step_avg:192.24ms
step:2415/4740 train_time:464247ms step_avg:192.23ms
step:2416/4740 train_time:464571ms step_avg:192.29ms
step:2417/4740 train_time:464752ms step_avg:192.28ms
step:2418/4740 train_time:465071ms step_avg:192.34ms
step:2419/4740 train_time:465252ms step_avg:192.33ms
step:2420/4740 train_time:465571ms step_avg:192.38ms
step:2421/4740 train_time:465756ms step_avg:192.38ms
step:2422/4740 train_time:466075ms step_avg:192.43ms
step:2423/4740 train_time:466262ms step_avg:192.43ms
step:2424/4740 train_time:466585ms step_avg:192.49ms
step:2425/4740 train_time:466774ms step_avg:192.48ms
step:2426/4740 train_time:467096ms step_avg:192.54ms
step:2427/4740 train_time:467276ms step_avg:192.53ms
step:2428/4740 train_time:467602ms step_avg:192.59ms
step:2429/4740 train_time:467783ms step_avg:192.58ms
step:2430/4740 train_time:468103ms step_avg:192.63ms
step:2431/4740 train_time:468286ms step_avg:192.63ms
step:2432/4740 train_time:468610ms step_avg:192.69ms
step:2433/4740 train_time:468792ms step_avg:192.68ms
step:2434/4740 train_time:469109ms step_avg:192.73ms
step:2435/4740 train_time:469293ms step_avg:192.73ms
step:2436/4740 train_time:469614ms step_avg:192.78ms
step:2437/4740 train_time:469795ms step_avg:192.78ms
step:2438/4740 train_time:470116ms step_avg:192.83ms
step:2439/4740 train_time:470297ms step_avg:192.82ms
step:2440/4740 train_time:470619ms step_avg:192.88ms
step:2441/4740 train_time:470799ms step_avg:192.87ms
step:2442/4740 train_time:471120ms step_avg:192.92ms
step:2443/4740 train_time:471302ms step_avg:192.92ms
step:2444/4740 train_time:471623ms step_avg:192.97ms
step:2445/4740 train_time:471804ms step_avg:192.97ms
step:2446/4740 train_time:472120ms step_avg:193.02ms
step:2447/4740 train_time:472304ms step_avg:193.01ms
step:2448/4740 train_time:472625ms step_avg:193.07ms
step:2449/4740 train_time:472809ms step_avg:193.06ms
step:2450/4740 train_time:473130ms step_avg:193.11ms
step:2451/4740 train_time:473313ms step_avg:193.11ms
step:2452/4740 train_time:473636ms step_avg:193.16ms
step:2453/4740 train_time:473820ms step_avg:193.16ms
step:2454/4740 train_time:474143ms step_avg:193.21ms
step:2455/4740 train_time:474326ms step_avg:193.21ms
step:2456/4740 train_time:474642ms step_avg:193.26ms
step:2457/4740 train_time:474826ms step_avg:193.25ms
step:2458/4740 train_time:475148ms step_avg:193.31ms
step:2459/4740 train_time:475328ms step_avg:193.30ms
step:2460/4740 train_time:475650ms step_avg:193.35ms
step:2461/4740 train_time:475832ms step_avg:193.35ms
step:2462/4740 train_time:476151ms step_avg:193.40ms
step:2463/4740 train_time:476334ms step_avg:193.40ms
step:2464/4740 train_time:476655ms step_avg:193.45ms
step:2465/4740 train_time:476838ms step_avg:193.44ms
step:2466/4740 train_time:477156ms step_avg:193.49ms
step:2467/4740 train_time:477338ms step_avg:193.49ms
step:2468/4740 train_time:477662ms step_avg:193.54ms
step:2469/4740 train_time:477843ms step_avg:193.54ms
step:2470/4740 train_time:478161ms step_avg:193.59ms
step:2471/4740 train_time:478342ms step_avg:193.58ms
step:2472/4740 train_time:478663ms step_avg:193.63ms
step:2473/4740 train_time:478846ms step_avg:193.63ms
step:2474/4740 train_time:479166ms step_avg:193.68ms
step:2475/4740 train_time:479349ms step_avg:193.68ms
step:2476/4740 train_time:479672ms step_avg:193.73ms
step:2477/4740 train_time:479852ms step_avg:193.72ms
step:2478/4740 train_time:480171ms step_avg:193.77ms
step:2479/4740 train_time:480350ms step_avg:193.77ms
step:2480/4740 train_time:480676ms step_avg:193.82ms
step:2481/4740 train_time:480855ms step_avg:193.81ms
step:2482/4740 train_time:481175ms step_avg:193.87ms
step:2483/4740 train_time:481355ms step_avg:193.86ms
step:2484/4740 train_time:481677ms step_avg:193.91ms
step:2485/4740 train_time:481860ms step_avg:193.91ms
step:2486/4740 train_time:482178ms step_avg:193.96ms
step:2487/4740 train_time:482363ms step_avg:193.95ms
step:2488/4740 train_time:482679ms step_avg:194.00ms
step:2489/4740 train_time:482865ms step_avg:194.00ms
step:2490/4740 train_time:483183ms step_avg:194.05ms
step:2491/4740 train_time:483365ms step_avg:194.04ms
step:2492/4740 train_time:483684ms step_avg:194.09ms
step:2493/4740 train_time:483870ms step_avg:194.09ms
step:2494/4740 train_time:484188ms step_avg:194.14ms
step:2495/4740 train_time:484370ms step_avg:194.14ms
step:2496/4740 train_time:484691ms step_avg:194.19ms
step:2497/4740 train_time:484875ms step_avg:194.18ms
step:2498/4740 train_time:485194ms step_avg:194.23ms
step:2499/4740 train_time:485376ms step_avg:194.23ms
step:2500/4740 train_time:485696ms step_avg:194.28ms
step:2500/4740 val_loss:3.1768 train_time:485823ms step_avg:194.33ms
step:2501/4740 train_time:485879ms step_avg:194.27ms
step:2502/4740 train_time:486212ms step_avg:194.33ms
step:2503/4740 train_time:486394ms step_avg:194.32ms
step:2504/4740 train_time:486712ms step_avg:194.37ms
step:2505/4740 train_time:486894ms step_avg:194.37ms
step:2506/4740 train_time:487218ms step_avg:194.42ms
step:2507/4740 train_time:487403ms step_avg:194.42ms
step:2508/4740 train_time:487723ms step_avg:194.47ms
step:2509/4740 train_time:487902ms step_avg:194.46ms
step:2510/4740 train_time:488222ms step_avg:194.51ms
step:2511/4740 train_time:488407ms step_avg:194.51ms
step:2512/4740 train_time:488729ms step_avg:194.56ms
step:2513/4740 train_time:488905ms step_avg:194.55ms
step:2514/4740 train_time:489226ms step_avg:194.60ms
step:2515/4740 train_time:489411ms step_avg:194.60ms
step:2516/4740 train_time:489731ms step_avg:194.65ms
step:2517/4740 train_time:489912ms step_avg:194.64ms
step:2518/4740 train_time:490236ms step_avg:194.69ms
step:2519/4740 train_time:490412ms step_avg:194.69ms
step:2520/4740 train_time:490735ms step_avg:194.74ms
step:2521/4740 train_time:490912ms step_avg:194.73ms
step:2522/4740 train_time:491236ms step_avg:194.78ms
step:2523/4740 train_time:491413ms step_avg:194.77ms
step:2524/4740 train_time:491737ms step_avg:194.82ms
step:2525/4740 train_time:491919ms step_avg:194.82ms
step:2526/4740 train_time:492241ms step_avg:194.87ms
step:2527/4740 train_time:492421ms step_avg:194.86ms
step:2528/4740 train_time:492743ms step_avg:194.91ms
step:2529/4740 train_time:492923ms step_avg:194.91ms
step:2530/4740 train_time:493243ms step_avg:194.96ms
step:2531/4740 train_time:493426ms step_avg:194.95ms
step:2532/4740 train_time:493750ms step_avg:195.00ms
step:2533/4740 train_time:493929ms step_avg:195.00ms
step:2534/4740 train_time:494251ms step_avg:195.05ms
step:2535/4740 train_time:494435ms step_avg:195.04ms
step:2536/4740 train_time:494758ms step_avg:195.09ms
step:2537/4740 train_time:494943ms step_avg:195.09ms
step:2538/4740 train_time:495261ms step_avg:195.14ms
step:2539/4740 train_time:495443ms step_avg:195.13ms
step:2540/4740 train_time:495762ms step_avg:195.18ms
step:2541/4740 train_time:495946ms step_avg:195.18ms
step:2542/4740 train_time:496266ms step_avg:195.23ms
step:2543/4740 train_time:496449ms step_avg:195.22ms
step:2544/4740 train_time:496768ms step_avg:195.27ms
step:2545/4740 train_time:496952ms step_avg:195.27ms
step:2546/4740 train_time:497271ms step_avg:195.31ms
step:2547/4740 train_time:497456ms step_avg:195.31ms
step:2548/4740 train_time:497776ms step_avg:195.36ms
step:2549/4740 train_time:497957ms step_avg:195.35ms
step:2550/4740 train_time:498278ms step_avg:195.40ms
step:2551/4740 train_time:498463ms step_avg:195.40ms
step:2552/4740 train_time:498782ms step_avg:195.45ms
step:2553/4740 train_time:498965ms step_avg:195.44ms
step:2554/4740 train_time:499284ms step_avg:195.49ms
step:2555/4740 train_time:499469ms step_avg:195.49ms
step:2556/4740 train_time:499790ms step_avg:195.54ms
step:2557/4740 train_time:499969ms step_avg:195.53ms
step:2558/4740 train_time:500295ms step_avg:195.58ms
step:2559/4740 train_time:500478ms step_avg:195.58ms
step:2560/4740 train_time:500795ms step_avg:195.62ms
step:2561/4740 train_time:500980ms step_avg:195.62ms
step:2562/4740 train_time:501301ms step_avg:195.67ms
step:2563/4740 train_time:501484ms step_avg:195.66ms
step:2564/4740 train_time:501804ms step_avg:195.71ms
step:2565/4740 train_time:501990ms step_avg:195.71ms
step:2566/4740 train_time:502310ms step_avg:195.76ms
step:2567/4740 train_time:502495ms step_avg:195.75ms
step:2568/4740 train_time:502814ms step_avg:195.80ms
step:2569/4740 train_time:502995ms step_avg:195.79ms
step:2570/4740 train_time:503312ms step_avg:195.84ms
step:2571/4740 train_time:503501ms step_avg:195.84ms
step:2572/4740 train_time:503820ms step_avg:195.89ms
step:2573/4740 train_time:504003ms step_avg:195.88ms
step:2574/4740 train_time:504324ms step_avg:195.93ms
step:2575/4740 train_time:504508ms step_avg:195.93ms
step:2576/4740 train_time:504829ms step_avg:195.97ms
step:2577/4740 train_time:505012ms step_avg:195.97ms
step:2578/4740 train_time:505332ms step_avg:196.02ms
step:2579/4740 train_time:505513ms step_avg:196.01ms
step:2580/4740 train_time:505835ms step_avg:196.06ms
step:2581/4740 train_time:506014ms step_avg:196.05ms
step:2582/4740 train_time:506335ms step_avg:196.10ms
step:2583/4740 train_time:506512ms step_avg:196.09ms
step:2584/4740 train_time:506835ms step_avg:196.14ms
step:2585/4740 train_time:507014ms step_avg:196.14ms
step:2586/4740 train_time:507336ms step_avg:196.19ms
step:2587/4740 train_time:507515ms step_avg:196.18ms
step:2588/4740 train_time:507838ms step_avg:196.23ms
step:2589/4740 train_time:508015ms step_avg:196.22ms
step:2590/4740 train_time:508336ms step_avg:196.27ms
step:2591/4740 train_time:508513ms step_avg:196.26ms
step:2592/4740 train_time:508837ms step_avg:196.31ms
step:2593/4740 train_time:509017ms step_avg:196.30ms
step:2594/4740 train_time:509338ms step_avg:196.35ms
step:2595/4740 train_time:509522ms step_avg:196.35ms
step:2596/4740 train_time:509843ms step_avg:196.40ms
step:2597/4740 train_time:510024ms step_avg:196.39ms
step:2598/4740 train_time:510343ms step_avg:196.44ms
step:2599/4740 train_time:510527ms step_avg:196.43ms
step:2600/4740 train_time:510850ms step_avg:196.48ms
step:2601/4740 train_time:511031ms step_avg:196.47ms
step:2602/4740 train_time:511350ms step_avg:196.52ms
step:2603/4740 train_time:511534ms step_avg:196.52ms
step:2604/4740 train_time:511852ms step_avg:196.56ms
step:2605/4740 train_time:512037ms step_avg:196.56ms
step:2606/4740 train_time:512356ms step_avg:196.61ms
step:2607/4740 train_time:512541ms step_avg:196.60ms
step:2608/4740 train_time:512860ms step_avg:196.65ms
step:2609/4740 train_time:513045ms step_avg:196.64ms
step:2610/4740 train_time:513365ms step_avg:196.69ms
step:2611/4740 train_time:513548ms step_avg:196.69ms
step:2612/4740 train_time:513870ms step_avg:196.73ms
step:2613/4740 train_time:514051ms step_avg:196.73ms
step:2614/4740 train_time:514370ms step_avg:196.78ms
step:2615/4740 train_time:514552ms step_avg:196.77ms
step:2616/4740 train_time:514874ms step_avg:196.82ms
step:2617/4740 train_time:515055ms step_avg:196.81ms
step:2618/4740 train_time:515374ms step_avg:196.86ms
step:2619/4740 train_time:515555ms step_avg:196.85ms
step:2620/4740 train_time:515875ms step_avg:196.90ms
step:2621/4740 train_time:516056ms step_avg:196.89ms
step:2622/4740 train_time:516379ms step_avg:196.94ms
step:2623/4740 train_time:516562ms step_avg:196.94ms
step:2624/4740 train_time:516883ms step_avg:196.98ms
step:2625/4740 train_time:517069ms step_avg:196.98ms
step:2626/4740 train_time:517386ms step_avg:197.02ms
step:2627/4740 train_time:517570ms step_avg:197.02ms
step:2628/4740 train_time:517893ms step_avg:197.07ms
step:2629/4740 train_time:518072ms step_avg:197.06ms
step:2630/4740 train_time:518394ms step_avg:197.11ms
step:2631/4740 train_time:518575ms step_avg:197.10ms
step:2632/4740 train_time:518894ms step_avg:197.15ms
step:2633/4740 train_time:519077ms step_avg:197.14ms
step:2634/4740 train_time:519394ms step_avg:197.19ms
step:2635/4740 train_time:519582ms step_avg:197.19ms
step:2636/4740 train_time:519903ms step_avg:197.23ms
step:2637/4740 train_time:520085ms step_avg:197.23ms
step:2638/4740 train_time:520405ms step_avg:197.27ms
step:2639/4740 train_time:520587ms step_avg:197.27ms
step:2640/4740 train_time:520904ms step_avg:197.31ms
step:2641/4740 train_time:521087ms step_avg:197.31ms
step:2642/4740 train_time:521407ms step_avg:197.35ms
step:2643/4740 train_time:521589ms step_avg:197.35ms
step:2644/4740 train_time:521908ms step_avg:197.39ms
step:2645/4740 train_time:522091ms step_avg:197.39ms
step:2646/4740 train_time:522412ms step_avg:197.43ms
step:2647/4740 train_time:522598ms step_avg:197.43ms
step:2648/4740 train_time:522916ms step_avg:197.48ms
step:2649/4740 train_time:523102ms step_avg:197.47ms
step:2650/4740 train_time:523420ms step_avg:197.52ms
step:2651/4740 train_time:523604ms step_avg:197.51ms
step:2652/4740 train_time:523921ms step_avg:197.56ms
step:2653/4740 train_time:524106ms step_avg:197.55ms
step:2654/4740 train_time:524429ms step_avg:197.60ms
step:2655/4740 train_time:524609ms step_avg:197.59ms
step:2656/4740 train_time:524931ms step_avg:197.64ms
step:2657/4740 train_time:525115ms step_avg:197.63ms
step:2658/4740 train_time:525432ms step_avg:197.68ms
step:2659/4740 train_time:525618ms step_avg:197.68ms
step:2660/4740 train_time:525938ms step_avg:197.72ms
step:2661/4740 train_time:526118ms step_avg:197.71ms
step:2662/4740 train_time:526440ms step_avg:197.76ms
step:2663/4740 train_time:526621ms step_avg:197.75ms
step:2664/4740 train_time:526944ms step_avg:197.80ms
step:2665/4740 train_time:527127ms step_avg:197.80ms
step:2666/4740 train_time:527452ms step_avg:197.84ms
step:2667/4740 train_time:527633ms step_avg:197.84ms
step:2668/4740 train_time:527949ms step_avg:197.88ms
step:2669/4740 train_time:528133ms step_avg:197.88ms
step:2670/4740 train_time:528453ms step_avg:197.92ms
step:2671/4740 train_time:528635ms step_avg:197.92ms
step:2672/4740 train_time:528958ms step_avg:197.96ms
step:2673/4740 train_time:529138ms step_avg:197.96ms
step:2674/4740 train_time:529462ms step_avg:198.00ms
step:2675/4740 train_time:529641ms step_avg:198.00ms
step:2676/4740 train_time:529961ms step_avg:198.04ms
step:2677/4740 train_time:530144ms step_avg:198.04ms
step:2678/4740 train_time:530467ms step_avg:198.08ms
step:2679/4740 train_time:530653ms step_avg:198.08ms
step:2680/4740 train_time:530972ms step_avg:198.12ms
step:2681/4740 train_time:531154ms step_avg:198.12ms
step:2682/4740 train_time:531474ms step_avg:198.16ms
step:2683/4740 train_time:531657ms step_avg:198.16ms
step:2684/4740 train_time:531981ms step_avg:198.20ms
step:2685/4740 train_time:532164ms step_avg:198.20ms
step:2686/4740 train_time:532482ms step_avg:198.24ms
step:2687/4740 train_time:532667ms step_avg:198.24ms
step:2688/4740 train_time:532990ms step_avg:198.28ms
step:2689/4740 train_time:533172ms step_avg:198.28ms
step:2690/4740 train_time:533491ms step_avg:198.32ms
step:2691/4740 train_time:533670ms step_avg:198.32ms
step:2692/4740 train_time:533994ms step_avg:198.36ms
step:2693/4740 train_time:534173ms step_avg:198.36ms
step:2694/4740 train_time:534495ms step_avg:198.40ms
step:2695/4740 train_time:534676ms step_avg:198.40ms
step:2696/4740 train_time:535001ms step_avg:198.44ms
step:2697/4740 train_time:535179ms step_avg:198.43ms
step:2698/4740 train_time:535500ms step_avg:198.48ms
step:2699/4740 train_time:535680ms step_avg:198.47ms
step:2700/4740 train_time:536002ms step_avg:198.52ms
step:2701/4740 train_time:536184ms step_avg:198.51ms
step:2702/4740 train_time:536506ms step_avg:198.56ms
step:2703/4740 train_time:536685ms step_avg:198.55ms
step:2704/4740 train_time:537004ms step_avg:198.60ms
step:2705/4740 train_time:537187ms step_avg:198.59ms
step:2706/4740 train_time:537511ms step_avg:198.64ms
step:2707/4740 train_time:537691ms step_avg:198.63ms
step:2708/4740 train_time:538011ms step_avg:198.67ms
step:2709/4740 train_time:538194ms step_avg:198.67ms
step:2710/4740 train_time:538515ms step_avg:198.71ms
step:2711/4740 train_time:538696ms step_avg:198.71ms
step:2712/4740 train_time:539014ms step_avg:198.75ms
step:2713/4740 train_time:539198ms step_avg:198.75ms
step:2714/4740 train_time:539518ms step_avg:198.79ms
step:2715/4740 train_time:539702ms step_avg:198.79ms
step:2716/4740 train_time:540022ms step_avg:198.83ms
step:2717/4740 train_time:540203ms step_avg:198.82ms
step:2718/4740 train_time:540523ms step_avg:198.87ms
step:2719/4740 train_time:540706ms step_avg:198.86ms
step:2720/4740 train_time:541029ms step_avg:198.91ms
step:2721/4740 train_time:541210ms step_avg:198.90ms
step:2722/4740 train_time:541529ms step_avg:198.95ms
step:2723/4740 train_time:541713ms step_avg:198.94ms
step:2724/4740 train_time:542035ms step_avg:198.98ms
step:2725/4740 train_time:542215ms step_avg:198.98ms
step:2726/4740 train_time:542538ms step_avg:199.02ms
step:2727/4740 train_time:542719ms step_avg:199.02ms
step:2728/4740 train_time:543041ms step_avg:199.06ms
step:2729/4740 train_time:543227ms step_avg:199.06ms
step:2730/4740 train_time:543546ms step_avg:199.10ms
step:2731/4740 train_time:543728ms step_avg:199.09ms
step:2732/4740 train_time:544051ms step_avg:199.14ms
step:2733/4740 train_time:544232ms step_avg:199.13ms
step:2734/4740 train_time:544552ms step_avg:199.18ms
step:2735/4740 train_time:544736ms step_avg:199.17ms
step:2736/4740 train_time:545055ms step_avg:199.22ms
step:2737/4740 train_time:545237ms step_avg:199.21ms
step:2738/4740 train_time:545558ms step_avg:199.25ms
step:2739/4740 train_time:545738ms step_avg:199.25ms
step:2740/4740 train_time:546057ms step_avg:199.29ms
step:2741/4740 train_time:546240ms step_avg:199.28ms
step:2742/4740 train_time:546560ms step_avg:199.33ms
step:2743/4740 train_time:546743ms step_avg:199.32ms
step:2744/4740 train_time:547063ms step_avg:199.37ms
step:2745/4740 train_time:547245ms step_avg:199.36ms
step:2746/4740 train_time:547570ms step_avg:199.41ms
step:2747/4740 train_time:547749ms step_avg:199.40ms
step:2748/4740 train_time:548071ms step_avg:199.44ms
step:2749/4740 train_time:548257ms step_avg:199.44ms
step:2750/4740 train_time:548577ms step_avg:199.48ms
step:2750/4740 val_loss:3.1451 train_time:548702ms step_avg:199.53ms
step:2751/4740 train_time:548759ms step_avg:199.48ms
step:2752/4740 train_time:549086ms step_avg:199.52ms
step:2753/4740 train_time:549269ms step_avg:199.52ms
step:2754/4740 train_time:549587ms step_avg:199.56ms
step:2755/4740 train_time:549769ms step_avg:199.55ms
step:2756/4740 train_time:550092ms step_avg:199.60ms
step:2757/4740 train_time:550277ms step_avg:199.59ms
step:2758/4740 train_time:550597ms step_avg:199.64ms
step:2759/4740 train_time:550781ms step_avg:199.63ms
step:2760/4740 train_time:551107ms step_avg:199.68ms
step:2761/4740 train_time:551285ms step_avg:199.67ms
step:2762/4740 train_time:551608ms step_avg:199.71ms
step:2763/4740 train_time:551792ms step_avg:199.71ms
step:2764/4740 train_time:552118ms step_avg:199.75ms
step:2765/4740 train_time:552298ms step_avg:199.75ms
step:2766/4740 train_time:552617ms step_avg:199.79ms
step:2767/4740 train_time:552803ms step_avg:199.78ms
step:2768/4740 train_time:553123ms step_avg:199.83ms
step:2769/4740 train_time:553306ms step_avg:199.82ms
step:2770/4740 train_time:553630ms step_avg:199.87ms
step:2771/4740 train_time:553811ms step_avg:199.86ms
step:2772/4740 train_time:554131ms step_avg:199.90ms
step:2773/4740 train_time:554316ms step_avg:199.90ms
step:2774/4740 train_time:554640ms step_avg:199.94ms
step:2775/4740 train_time:554821ms step_avg:199.94ms
step:2776/4740 train_time:555143ms step_avg:199.98ms
step:2777/4740 train_time:555327ms step_avg:199.97ms
step:2778/4740 train_time:555647ms step_avg:200.02ms
step:2779/4740 train_time:555827ms step_avg:200.01ms
step:2780/4740 train_time:556147ms step_avg:200.05ms
step:2781/4740 train_time:556331ms step_avg:200.05ms
step:2782/4740 train_time:556652ms step_avg:200.09ms
step:2783/4740 train_time:556834ms step_avg:200.08ms
step:2784/4740 train_time:557156ms step_avg:200.13ms
step:2785/4740 train_time:557341ms step_avg:200.12ms
step:2786/4740 train_time:557663ms step_avg:200.17ms
step:2787/4740 train_time:557848ms step_avg:200.16ms
step:2788/4740 train_time:558166ms step_avg:200.20ms
step:2789/4740 train_time:558350ms step_avg:200.20ms
step:2790/4740 train_time:558674ms step_avg:200.24ms
step:2791/4740 train_time:558856ms step_avg:200.23ms
step:2792/4740 train_time:559179ms step_avg:200.28ms
step:2793/4740 train_time:559364ms step_avg:200.27ms
step:2794/4740 train_time:559687ms step_avg:200.32ms
step:2795/4740 train_time:559869ms step_avg:200.31ms
step:2796/4740 train_time:560190ms step_avg:200.35ms
step:2797/4740 train_time:560371ms step_avg:200.35ms
step:2798/4740 train_time:560695ms step_avg:200.39ms
step:2799/4740 train_time:560879ms step_avg:200.39ms
step:2800/4740 train_time:561202ms step_avg:200.43ms
step:2801/4740 train_time:561382ms step_avg:200.42ms
step:2802/4740 train_time:561703ms step_avg:200.47ms
step:2803/4740 train_time:561886ms step_avg:200.46ms
step:2804/4740 train_time:562207ms step_avg:200.50ms
step:2805/4740 train_time:562390ms step_avg:200.50ms
step:2806/4740 train_time:562709ms step_avg:200.54ms
step:2807/4740 train_time:562894ms step_avg:200.53ms
step:2808/4740 train_time:563212ms step_avg:200.57ms
step:2809/4740 train_time:563399ms step_avg:200.57ms
step:2810/4740 train_time:563718ms step_avg:200.61ms
step:2811/4740 train_time:563898ms step_avg:200.60ms
step:2812/4740 train_time:564218ms step_avg:200.65ms
step:2813/4740 train_time:564401ms step_avg:200.64ms
step:2814/4740 train_time:564727ms step_avg:200.68ms
step:2815/4740 train_time:564905ms step_avg:200.68ms
step:2816/4740 train_time:565228ms step_avg:200.72ms
step:2817/4740 train_time:565408ms step_avg:200.71ms
step:2818/4740 train_time:565727ms step_avg:200.75ms
step:2819/4740 train_time:565907ms step_avg:200.75ms
step:2820/4740 train_time:566232ms step_avg:200.79ms
step:2821/4740 train_time:566412ms step_avg:200.78ms
step:2822/4740 train_time:566733ms step_avg:200.83ms
step:2823/4740 train_time:566915ms step_avg:200.82ms
step:2824/4740 train_time:567239ms step_avg:200.86ms
step:2825/4740 train_time:567418ms step_avg:200.86ms
step:2826/4740 train_time:567741ms step_avg:200.90ms
step:2827/4740 train_time:567923ms step_avg:200.89ms
step:2828/4740 train_time:568244ms step_avg:200.94ms
step:2829/4740 train_time:568433ms step_avg:200.93ms
step:2830/4740 train_time:568750ms step_avg:200.97ms
step:2831/4740 train_time:568932ms step_avg:200.96ms
step:2832/4740 train_time:569256ms step_avg:201.01ms
step:2833/4740 train_time:569439ms step_avg:201.00ms
step:2834/4740 train_time:569762ms step_avg:201.05ms
step:2835/4740 train_time:569946ms step_avg:201.04ms
step:2836/4740 train_time:570269ms step_avg:201.08ms
step:2837/4740 train_time:570452ms step_avg:201.08ms
step:2838/4740 train_time:570770ms step_avg:201.12ms
step:2839/4740 train_time:570952ms step_avg:201.11ms
step:2840/4740 train_time:571276ms step_avg:201.15ms
step:2841/4740 train_time:571458ms step_avg:201.15ms
step:2842/4740 train_time:571779ms step_avg:201.19ms
step:2843/4740 train_time:571964ms step_avg:201.18ms
step:2844/4740 train_time:572285ms step_avg:201.23ms
step:2845/4740 train_time:572470ms step_avg:201.22ms
step:2846/4740 train_time:572792ms step_avg:201.26ms
step:2847/4740 train_time:572974ms step_avg:201.26ms
step:2848/4740 train_time:573294ms step_avg:201.30ms
step:2849/4740 train_time:573477ms step_avg:201.29ms
step:2850/4740 train_time:573802ms step_avg:201.33ms
step:2851/4740 train_time:573984ms step_avg:201.33ms
step:2852/4740 train_time:574307ms step_avg:201.37ms
step:2853/4740 train_time:574487ms step_avg:201.36ms
step:2854/4740 train_time:574808ms step_avg:201.40ms
step:2855/4740 train_time:574991ms step_avg:201.40ms
step:2856/4740 train_time:575308ms step_avg:201.44ms
step:2857/4740 train_time:575493ms step_avg:201.43ms
step:2858/4740 train_time:575817ms step_avg:201.48ms
step:2859/4740 train_time:575999ms step_avg:201.47ms
step:2860/4740 train_time:576323ms step_avg:201.51ms
step:2861/4740 train_time:576504ms step_avg:201.50ms
step:2862/4740 train_time:576825ms step_avg:201.55ms
step:2863/4740 train_time:577006ms step_avg:201.54ms
step:2864/4740 train_time:577328ms step_avg:201.58ms
step:2865/4740 train_time:577509ms step_avg:201.57ms
step:2866/4740 train_time:577829ms step_avg:201.61ms
step:2867/4740 train_time:578014ms step_avg:201.61ms
step:2868/4740 train_time:578333ms step_avg:201.65ms
step:2869/4740 train_time:578515ms step_avg:201.64ms
step:2870/4740 train_time:578839ms step_avg:201.69ms
step:2871/4740 train_time:579024ms step_avg:201.68ms
step:2872/4740 train_time:579348ms step_avg:201.72ms
step:2873/4740 train_time:579531ms step_avg:201.72ms
step:2874/4740 train_time:579849ms step_avg:201.76ms
step:2875/4740 train_time:580028ms step_avg:201.75ms
step:2876/4740 train_time:580349ms step_avg:201.79ms
step:2877/4740 train_time:580532ms step_avg:201.78ms
step:2878/4740 train_time:580850ms step_avg:201.82ms
step:2879/4740 train_time:581040ms step_avg:201.82ms
step:2880/4740 train_time:581360ms step_avg:201.86ms
step:2881/4740 train_time:581541ms step_avg:201.85ms
step:2882/4740 train_time:581867ms step_avg:201.90ms
step:2883/4740 train_time:582047ms step_avg:201.89ms
step:2884/4740 train_time:582369ms step_avg:201.93ms
step:2885/4740 train_time:582553ms step_avg:201.92ms
step:2886/4740 train_time:582876ms step_avg:201.97ms
step:2887/4740 train_time:583055ms step_avg:201.96ms
step:2888/4740 train_time:583378ms step_avg:202.00ms
step:2889/4740 train_time:583561ms step_avg:201.99ms
step:2890/4740 train_time:583881ms step_avg:202.04ms
step:2891/4740 train_time:584069ms step_avg:202.03ms
step:2892/4740 train_time:584390ms step_avg:202.07ms
step:2893/4740 train_time:584575ms step_avg:202.07ms
step:2894/4740 train_time:584895ms step_avg:202.11ms
step:2895/4740 train_time:585081ms step_avg:202.10ms
step:2896/4740 train_time:585399ms step_avg:202.14ms
step:2897/4740 train_time:585581ms step_avg:202.13ms
step:2898/4740 train_time:585900ms step_avg:202.17ms
step:2899/4740 train_time:586082ms step_avg:202.17ms
step:2900/4740 train_time:586399ms step_avg:202.21ms
step:2901/4740 train_time:586584ms step_avg:202.20ms
step:2902/4740 train_time:586907ms step_avg:202.24ms
step:2903/4740 train_time:587085ms step_avg:202.23ms
step:2904/4740 train_time:587406ms step_avg:202.27ms
step:2905/4740 train_time:587590ms step_avg:202.27ms
step:2906/4740 train_time:587912ms step_avg:202.31ms
step:2907/4740 train_time:588093ms step_avg:202.30ms
step:2908/4740 train_time:588413ms step_avg:202.34ms
step:2909/4740 train_time:588598ms step_avg:202.34ms
step:2910/4740 train_time:588925ms step_avg:202.38ms
step:2911/4740 train_time:589108ms step_avg:202.37ms
step:2912/4740 train_time:589427ms step_avg:202.41ms
step:2913/4740 train_time:589609ms step_avg:202.41ms
step:2914/4740 train_time:589934ms step_avg:202.45ms
step:2915/4740 train_time:590116ms step_avg:202.44ms
step:2916/4740 train_time:590437ms step_avg:202.48ms
step:2917/4740 train_time:590618ms step_avg:202.47ms
step:2918/4740 train_time:590940ms step_avg:202.52ms
step:2919/4740 train_time:591125ms step_avg:202.51ms
step:2920/4740 train_time:591446ms step_avg:202.55ms
step:2921/4740 train_time:591629ms step_avg:202.54ms
step:2922/4740 train_time:591951ms step_avg:202.58ms
step:2923/4740 train_time:592134ms step_avg:202.58ms
step:2924/4740 train_time:592455ms step_avg:202.62ms
step:2925/4740 train_time:592638ms step_avg:202.61ms
step:2926/4740 train_time:592961ms step_avg:202.65ms
step:2927/4740 train_time:593143ms step_avg:202.65ms
step:2928/4740 train_time:593468ms step_avg:202.69ms
step:2929/4740 train_time:593649ms step_avg:202.68ms
step:2930/4740 train_time:593968ms step_avg:202.72ms
step:2931/4740 train_time:594150ms step_avg:202.71ms
step:2932/4740 train_time:594470ms step_avg:202.75ms
step:2933/4740 train_time:594654ms step_avg:202.75ms
step:2934/4740 train_time:594972ms step_avg:202.79ms
step:2935/4740 train_time:595160ms step_avg:202.78ms
step:2936/4740 train_time:595480ms step_avg:202.82ms
step:2937/4740 train_time:595665ms step_avg:202.81ms
step:2938/4740 train_time:595985ms step_avg:202.85ms
step:2939/4740 train_time:596167ms step_avg:202.85ms
step:2940/4740 train_time:596489ms step_avg:202.89ms
step:2941/4740 train_time:596668ms step_avg:202.88ms
step:2942/4740 train_time:596990ms step_avg:202.92ms
step:2943/4740 train_time:597175ms step_avg:202.91ms
step:2944/4740 train_time:597497ms step_avg:202.95ms
step:2945/4740 train_time:597679ms step_avg:202.95ms
step:2946/4740 train_time:598001ms step_avg:202.99ms
step:2947/4740 train_time:598180ms step_avg:202.98ms
step:2948/4740 train_time:598503ms step_avg:203.02ms
step:2949/4740 train_time:598686ms step_avg:203.01ms
step:2950/4740 train_time:599008ms step_avg:203.05ms
step:2951/4740 train_time:599188ms step_avg:203.05ms
step:2952/4740 train_time:599509ms step_avg:203.09ms
step:2953/4740 train_time:599694ms step_avg:203.08ms
step:2954/4740 train_time:600013ms step_avg:203.12ms
step:2955/4740 train_time:600193ms step_avg:203.11ms
step:2956/4740 train_time:600515ms step_avg:203.15ms
step:2957/4740 train_time:600699ms step_avg:203.14ms
step:2958/4740 train_time:601018ms step_avg:203.18ms
step:2959/4740 train_time:601203ms step_avg:203.18ms
step:2960/4740 train_time:601523ms step_avg:203.22ms
step:2961/4740 train_time:601706ms step_avg:203.21ms
step:2962/4740 train_time:602029ms step_avg:203.25ms
step:2963/4740 train_time:602209ms step_avg:203.24ms
step:2964/4740 train_time:602529ms step_avg:203.28ms
step:2965/4740 train_time:602711ms step_avg:203.28ms
step:2966/4740 train_time:603029ms step_avg:203.31ms
step:2967/4740 train_time:603213ms step_avg:203.31ms
step:2968/4740 train_time:603535ms step_avg:203.35ms
step:2969/4740 train_time:603720ms step_avg:203.34ms
step:2970/4740 train_time:604044ms step_avg:203.38ms
step:2971/4740 train_time:604228ms step_avg:203.38ms
step:2972/4740 train_time:604550ms step_avg:203.42ms
step:2973/4740 train_time:604730ms step_avg:203.41ms
step:2974/4740 train_time:605050ms step_avg:203.45ms
step:2975/4740 train_time:605232ms step_avg:203.44ms
step:2976/4740 train_time:605554ms step_avg:203.48ms
step:2977/4740 train_time:605739ms step_avg:203.47ms
step:2978/4740 train_time:606058ms step_avg:203.51ms
step:2979/4740 train_time:606241ms step_avg:203.50ms
step:2980/4740 train_time:606562ms step_avg:203.54ms
step:2981/4740 train_time:606743ms step_avg:203.54ms
step:2982/4740 train_time:607065ms step_avg:203.58ms
step:2983/4740 train_time:607246ms step_avg:203.57ms
step:2984/4740 train_time:607567ms step_avg:203.61ms
step:2985/4740 train_time:607752ms step_avg:203.60ms
step:2986/4740 train_time:608071ms step_avg:203.64ms
step:2987/4740 train_time:608254ms step_avg:203.63ms
step:2988/4740 train_time:608569ms step_avg:203.67ms
step:2989/4740 train_time:608761ms step_avg:203.67ms
step:2990/4740 train_time:609079ms step_avg:203.71ms
step:2991/4740 train_time:609262ms step_avg:203.70ms
step:2992/4740 train_time:609586ms step_avg:203.74ms
step:2993/4740 train_time:609768ms step_avg:203.73ms
step:2994/4740 train_time:610089ms step_avg:203.77ms
step:2995/4740 train_time:610270ms step_avg:203.76ms
step:2996/4740 train_time:610588ms step_avg:203.80ms
step:2997/4740 train_time:610774ms step_avg:203.80ms
step:2998/4740 train_time:611094ms step_avg:203.83ms
step:2999/4740 train_time:611275ms step_avg:203.83ms
step:3000/4740 train_time:611595ms step_avg:203.87ms
step:3000/4740 val_loss:3.1124 train_time:611721ms step_avg:203.91ms
step:3001/4740 train_time:611777ms step_avg:203.86ms
step:3002/4740 train_time:612105ms step_avg:203.90ms
step:3003/4740 train_time:612286ms step_avg:203.89ms
step:3004/4740 train_time:612603ms step_avg:203.93ms
step:3005/4740 train_time:612786ms step_avg:203.92ms
step:3006/4740 train_time:613106ms step_avg:203.96ms
step:3007/4740 train_time:613289ms step_avg:203.95ms
step:3008/4740 train_time:613609ms step_avg:203.99ms
step:3009/4740 train_time:613790ms step_avg:203.98ms
step:3010/4740 train_time:614114ms step_avg:204.02ms
step:3011/4740 train_time:614300ms step_avg:204.02ms
step:3012/4740 train_time:614621ms step_avg:204.06ms
step:3013/4740 train_time:614804ms step_avg:204.05ms
step:3014/4740 train_time:615127ms step_avg:204.09ms
step:3015/4740 train_time:615311ms step_avg:204.08ms
step:3016/4740 train_time:615632ms step_avg:204.12ms
step:3017/4740 train_time:615816ms step_avg:204.12ms
step:3018/4740 train_time:616138ms step_avg:204.15ms
step:3019/4740 train_time:616317ms step_avg:204.15ms
step:3020/4740 train_time:616638ms step_avg:204.18ms
step:3021/4740 train_time:616818ms step_avg:204.18ms
step:3022/4740 train_time:617141ms step_avg:204.22ms
step:3023/4740 train_time:617326ms step_avg:204.21ms
step:3024/4740 train_time:617644ms step_avg:204.25ms
step:3025/4740 train_time:617827ms step_avg:204.24ms
step:3026/4740 train_time:618145ms step_avg:204.28ms
step:3027/4740 train_time:618329ms step_avg:204.27ms
step:3028/4740 train_time:618647ms step_avg:204.31ms
step:3029/4740 train_time:618829ms step_avg:204.30ms
step:3030/4740 train_time:619153ms step_avg:204.34ms
step:3031/4740 train_time:619335ms step_avg:204.33ms
step:3032/4740 train_time:619658ms step_avg:204.37ms
step:3033/4740 train_time:619839ms step_avg:204.37ms
step:3034/4740 train_time:620160ms step_avg:204.40ms
step:3035/4740 train_time:620342ms step_avg:204.40ms
step:3036/4740 train_time:620662ms step_avg:204.43ms
step:3037/4740 train_time:620842ms step_avg:204.43ms
step:3038/4740 train_time:621163ms step_avg:204.46ms
step:3039/4740 train_time:621346ms step_avg:204.46ms
step:3040/4740 train_time:621665ms step_avg:204.50ms
step:3041/4740 train_time:621844ms step_avg:204.49ms
step:3042/4740 train_time:622166ms step_avg:204.53ms
step:3043/4740 train_time:622345ms step_avg:204.52ms
step:3044/4740 train_time:622668ms step_avg:204.56ms
step:3045/4740 train_time:622852ms step_avg:204.55ms
step:3046/4740 train_time:623178ms step_avg:204.59ms
step:3047/4740 train_time:623357ms step_avg:204.58ms
step:3048/4740 train_time:623682ms step_avg:204.62ms
step:3049/4740 train_time:623862ms step_avg:204.61ms
step:3050/4740 train_time:624187ms step_avg:204.65ms
step:3051/4740 train_time:624365ms step_avg:204.64ms
step:3052/4740 train_time:624685ms step_avg:204.68ms
step:3053/4740 train_time:624867ms step_avg:204.67ms
step:3054/4740 train_time:625189ms step_avg:204.71ms
step:3055/4740 train_time:625371ms step_avg:204.70ms
step:3056/4740 train_time:625696ms step_avg:204.74ms
step:3057/4740 train_time:625873ms step_avg:204.73ms
step:3058/4740 train_time:626195ms step_avg:204.77ms
step:3059/4740 train_time:626374ms step_avg:204.76ms
step:3060/4740 train_time:626698ms step_avg:204.80ms
step:3061/4740 train_time:626879ms step_avg:204.80ms
step:3062/4740 train_time:627200ms step_avg:204.83ms
step:3063/4740 train_time:627382ms step_avg:204.83ms
step:3064/4740 train_time:627704ms step_avg:204.86ms
step:3065/4740 train_time:627887ms step_avg:204.86ms
step:3066/4740 train_time:628208ms step_avg:204.89ms
step:3067/4740 train_time:628388ms step_avg:204.89ms
step:3068/4740 train_time:628706ms step_avg:204.92ms
step:3069/4740 train_time:628891ms step_avg:204.92ms
step:3070/4740 train_time:629210ms step_avg:204.95ms
step:3071/4740 train_time:629394ms step_avg:204.95ms
step:3072/4740 train_time:629719ms step_avg:204.99ms
step:3073/4740 train_time:629897ms step_avg:204.98ms
step:3074/4740 train_time:630220ms step_avg:205.02ms
step:3075/4740 train_time:630400ms step_avg:205.01ms
step:3076/4740 train_time:630723ms step_avg:205.05ms
step:3077/4740 train_time:630902ms step_avg:205.04ms
step:3078/4740 train_time:631226ms step_avg:205.08ms
step:3079/4740 train_time:631405ms step_avg:205.07ms
step:3080/4740 train_time:631729ms step_avg:205.11ms
step:3081/4740 train_time:631909ms step_avg:205.10ms
step:3082/4740 train_time:632230ms step_avg:205.14ms
step:3083/4740 train_time:632411ms step_avg:205.13ms
step:3084/4740 train_time:632734ms step_avg:205.17ms
step:3085/4740 train_time:632918ms step_avg:205.16ms
step:3086/4740 train_time:633237ms step_avg:205.20ms
step:3087/4740 train_time:633421ms step_avg:205.19ms
step:3088/4740 train_time:633741ms step_avg:205.23ms
step:3089/4740 train_time:633926ms step_avg:205.22ms
step:3090/4740 train_time:634246ms step_avg:205.26ms
step:3091/4740 train_time:634430ms step_avg:205.25ms
step:3092/4740 train_time:634756ms step_avg:205.29ms
step:3093/4740 train_time:634939ms step_avg:205.28ms
step:3094/4740 train_time:635258ms step_avg:205.32ms
step:3095/4740 train_time:635438ms step_avg:205.31ms
step:3096/4740 train_time:635760ms step_avg:205.35ms
step:3097/4740 train_time:635942ms step_avg:205.34ms
step:3098/4740 train_time:636260ms step_avg:205.38ms
step:3099/4740 train_time:636445ms step_avg:205.37ms
step:3100/4740 train_time:636766ms step_avg:205.41ms
step:3101/4740 train_time:636951ms step_avg:205.40ms
step:3102/4740 train_time:637271ms step_avg:205.44ms
step:3103/4740 train_time:637449ms step_avg:205.43ms
step:3104/4740 train_time:637772ms step_avg:205.47ms
step:3105/4740 train_time:637955ms step_avg:205.46ms
step:3106/4740 train_time:638275ms step_avg:205.50ms
step:3107/4740 train_time:638459ms step_avg:205.49ms
step:3108/4740 train_time:638781ms step_avg:205.53ms
step:3109/4740 train_time:638963ms step_avg:205.52ms
step:3110/4740 train_time:639285ms step_avg:205.56ms
step:3111/4740 train_time:639470ms step_avg:205.55ms
step:3112/4740 train_time:639792ms step_avg:205.59ms
step:3113/4740 train_time:639973ms step_avg:205.58ms
step:3114/4740 train_time:640294ms step_avg:205.62ms
step:3115/4740 train_time:640480ms step_avg:205.61ms
step:3116/4740 train_time:640800ms step_avg:205.65ms
step:3117/4740 train_time:640985ms step_avg:205.64ms
step:3118/4740 train_time:641302ms step_avg:205.68ms
step:3119/4740 train_time:641485ms step_avg:205.67ms
step:3120/4740 train_time:641804ms step_avg:205.71ms
step:3121/4740 train_time:641985ms step_avg:205.70ms
step:3122/4740 train_time:642306ms step_avg:205.74ms
step:3123/4740 train_time:642488ms step_avg:205.73ms
step:3124/4740 train_time:642810ms step_avg:205.76ms
step:3125/4740 train_time:642993ms step_avg:205.76ms
step:3126/4740 train_time:643313ms step_avg:205.79ms
step:3127/4740 train_time:643495ms step_avg:205.79ms
step:3128/4740 train_time:643819ms step_avg:205.82ms
step:3129/4740 train_time:644001ms step_avg:205.82ms
step:3130/4740 train_time:644325ms step_avg:205.85ms
step:3131/4740 train_time:644507ms step_avg:205.85ms
step:3132/4740 train_time:644830ms step_avg:205.88ms
step:3133/4740 train_time:645015ms step_avg:205.88ms
step:3134/4740 train_time:645338ms step_avg:205.91ms
step:3135/4740 train_time:645522ms step_avg:205.91ms
step:3136/4740 train_time:645844ms step_avg:205.95ms
step:3137/4740 train_time:646028ms step_avg:205.94ms
step:3138/4740 train_time:646347ms step_avg:205.97ms
step:3139/4740 train_time:646532ms step_avg:205.97ms
step:3140/4740 train_time:646854ms step_avg:206.00ms
step:3141/4740 train_time:647037ms step_avg:206.00ms
step:3142/4740 train_time:647361ms step_avg:206.03ms
step:3143/4740 train_time:647541ms step_avg:206.03ms
step:3144/4740 train_time:647861ms step_avg:206.06ms
step:3145/4740 train_time:648051ms step_avg:206.06ms
step:3146/4740 train_time:648369ms step_avg:206.09ms
step:3147/4740 train_time:648550ms step_avg:206.09ms
step:3148/4740 train_time:648874ms step_avg:206.12ms
step:3149/4740 train_time:649054ms step_avg:206.11ms
step:3150/4740 train_time:649376ms step_avg:206.15ms
step:3151/4740 train_time:649558ms step_avg:206.14ms
step:3152/4740 train_time:649880ms step_avg:206.18ms
step:3153/4740 train_time:650062ms step_avg:206.17ms
step:3154/4740 train_time:650387ms step_avg:206.21ms
step:3155/4740 train_time:650569ms step_avg:206.20ms
step:3156/4740 train_time:650889ms step_avg:206.24ms
step:3157/4740 train_time:651072ms step_avg:206.23ms
step:3158/4740 train_time:651391ms step_avg:206.27ms
step:3159/4740 train_time:651577ms step_avg:206.26ms
step:3160/4740 train_time:651897ms step_avg:206.30ms
step:3161/4740 train_time:652085ms step_avg:206.29ms
step:3162/4740 train_time:652408ms step_avg:206.33ms
step:3163/4740 train_time:652591ms step_avg:206.32ms
step:3164/4740 train_time:652914ms step_avg:206.36ms
step:3165/4740 train_time:653100ms step_avg:206.35ms
step:3166/4740 train_time:653423ms step_avg:206.39ms
step:3167/4740 train_time:653602ms step_avg:206.38ms
step:3168/4740 train_time:653925ms step_avg:206.42ms
step:3169/4740 train_time:654106ms step_avg:206.41ms
step:3170/4740 train_time:654429ms step_avg:206.44ms
step:3171/4740 train_time:654610ms step_avg:206.44ms
step:3172/4740 train_time:654930ms step_avg:206.47ms
step:3173/4740 train_time:655113ms step_avg:206.46ms
step:3174/4740 train_time:655436ms step_avg:206.50ms
step:3175/4740 train_time:655618ms step_avg:206.49ms
step:3176/4740 train_time:655940ms step_avg:206.53ms
step:3177/4740 train_time:656123ms step_avg:206.52ms
step:3178/4740 train_time:656450ms step_avg:206.56ms
step:3179/4740 train_time:656629ms step_avg:206.55ms
step:3180/4740 train_time:656952ms step_avg:206.59ms
step:3181/4740 train_time:657135ms step_avg:206.58ms
step:3182/4740 train_time:657458ms step_avg:206.62ms
step:3183/4740 train_time:657640ms step_avg:206.61ms
step:3184/4740 train_time:657962ms step_avg:206.65ms
step:3185/4740 train_time:658144ms step_avg:206.64ms
step:3186/4740 train_time:658468ms step_avg:206.68ms
step:3187/4740 train_time:658650ms step_avg:206.67ms
step:3188/4740 train_time:658974ms step_avg:206.70ms
step:3189/4740 train_time:659157ms step_avg:206.70ms
step:3190/4740 train_time:659482ms step_avg:206.73ms
step:3191/4740 train_time:659661ms step_avg:206.73ms
step:3192/4740 train_time:659984ms step_avg:206.76ms
step:3193/4740 train_time:660166ms step_avg:206.75ms
step:3194/4740 train_time:660490ms step_avg:206.79ms
step:3195/4740 train_time:660673ms step_avg:206.78ms
step:3196/4740 train_time:660995ms step_avg:206.82ms
step:3197/4740 train_time:661178ms step_avg:206.81ms
step:3198/4740 train_time:661501ms step_avg:206.85ms
step:3199/4740 train_time:661683ms step_avg:206.84ms
step:3200/4740 train_time:662004ms step_avg:206.88ms
step:3201/4740 train_time:662186ms step_avg:206.87ms
step:3202/4740 train_time:662504ms step_avg:206.90ms
step:3203/4740 train_time:662689ms step_avg:206.90ms
step:3204/4740 train_time:663008ms step_avg:206.93ms
step:3205/4740 train_time:663190ms step_avg:206.92ms
step:3206/4740 train_time:663514ms step_avg:206.96ms
step:3207/4740 train_time:663697ms step_avg:206.95ms
step:3208/4740 train_time:664021ms step_avg:206.99ms
step:3209/4740 train_time:664203ms step_avg:206.98ms
step:3210/4740 train_time:664528ms step_avg:207.02ms
step:3211/4740 train_time:664709ms step_avg:207.01ms
step:3212/4740 train_time:665030ms step_avg:207.05ms
step:3213/4740 train_time:665211ms step_avg:207.04ms
step:3214/4740 train_time:665533ms step_avg:207.07ms
step:3215/4740 train_time:665716ms step_avg:207.07ms
step:3216/4740 train_time:666041ms step_avg:207.10ms
step:3217/4740 train_time:666222ms step_avg:207.09ms
step:3218/4740 train_time:666543ms step_avg:207.13ms
step:3219/4740 train_time:666728ms step_avg:207.12ms
step:3220/4740 train_time:667051ms step_avg:207.16ms
step:3221/4740 train_time:667234ms step_avg:207.15ms
step:3222/4740 train_time:667556ms step_avg:207.19ms
step:3223/4740 train_time:667738ms step_avg:207.18ms
step:3224/4740 train_time:668061ms step_avg:207.21ms
step:3225/4740 train_time:668246ms step_avg:207.21ms
step:3226/4740 train_time:668569ms step_avg:207.24ms
step:3227/4740 train_time:668751ms step_avg:207.24ms
step:3228/4740 train_time:669074ms step_avg:207.27ms
step:3229/4740 train_time:669260ms step_avg:207.27ms
step:3230/4740 train_time:669582ms step_avg:207.30ms
step:3231/4740 train_time:669761ms step_avg:207.29ms
step:3232/4740 train_time:670086ms step_avg:207.33ms
step:3233/4740 train_time:670271ms step_avg:207.32ms
step:3234/4740 train_time:670589ms step_avg:207.36ms
step:3235/4740 train_time:670774ms step_avg:207.35ms
step:3236/4740 train_time:671093ms step_avg:207.38ms
step:3237/4740 train_time:671276ms step_avg:207.38ms
step:3238/4740 train_time:671597ms step_avg:207.41ms
step:3239/4740 train_time:671783ms step_avg:207.40ms
step:3240/4740 train_time:672101ms step_avg:207.44ms
step:3241/4740 train_time:672288ms step_avg:207.43ms
step:3242/4740 train_time:672610ms step_avg:207.47ms
step:3243/4740 train_time:672793ms step_avg:207.46ms
step:3244/4740 train_time:673118ms step_avg:207.50ms
step:3245/4740 train_time:673299ms step_avg:207.49ms
step:3246/4740 train_time:673622ms step_avg:207.52ms
step:3247/4740 train_time:673806ms step_avg:207.52ms
step:3248/4740 train_time:674124ms step_avg:207.55ms
step:3249/4740 train_time:674311ms step_avg:207.54ms
step:3250/4740 train_time:674632ms step_avg:207.58ms
step:3250/4740 val_loss:3.0836 train_time:674761ms step_avg:207.62ms
step:3251/4740 train_time:674816ms step_avg:207.57ms
step:3252/4740 train_time:675144ms step_avg:207.61ms
step:3253/4740 train_time:675330ms step_avg:207.60ms
step:3254/4740 train_time:675647ms step_avg:207.64ms
step:3255/4740 train_time:675830ms step_avg:207.63ms
step:3256/4740 train_time:676154ms step_avg:207.66ms
step:3257/4740 train_time:676343ms step_avg:207.66ms
step:3258/4740 train_time:676663ms step_avg:207.69ms
step:3259/4740 train_time:676843ms step_avg:207.68ms
step:3260/4740 train_time:677163ms step_avg:207.72ms
step:3261/4740 train_time:677354ms step_avg:207.71ms
step:3262/4740 train_time:677669ms step_avg:207.75ms
step:3263/4740 train_time:677851ms step_avg:207.74ms
step:3264/4740 train_time:678174ms step_avg:207.77ms
step:3265/4740 train_time:678358ms step_avg:207.77ms
step:3266/4740 train_time:678680ms step_avg:207.80ms
step:3267/4740 train_time:678860ms step_avg:207.79ms
step:3268/4740 train_time:679182ms step_avg:207.83ms
step:3269/4740 train_time:679363ms step_avg:207.82ms
step:3270/4740 train_time:679686ms step_avg:207.86ms
step:3271/4740 train_time:679870ms step_avg:207.85ms
step:3272/4740 train_time:680190ms step_avg:207.88ms
step:3273/4740 train_time:680373ms step_avg:207.87ms
step:3274/4740 train_time:680693ms step_avg:207.91ms
step:3275/4740 train_time:680876ms step_avg:207.90ms
step:3276/4740 train_time:681203ms step_avg:207.94ms
step:3277/4740 train_time:681383ms step_avg:207.93ms
step:3278/4740 train_time:681707ms step_avg:207.96ms
step:3279/4740 train_time:681887ms step_avg:207.96ms
step:3280/4740 train_time:682211ms step_avg:207.99ms
step:3281/4740 train_time:682389ms step_avg:207.98ms
step:3282/4740 train_time:682711ms step_avg:208.02ms
step:3283/4740 train_time:682891ms step_avg:208.01ms
step:3284/4740 train_time:683219ms step_avg:208.04ms
step:3285/4740 train_time:683399ms step_avg:208.04ms
step:3286/4740 train_time:683719ms step_avg:208.07ms
step:3287/4740 train_time:683905ms step_avg:208.06ms
step:3288/4740 train_time:684229ms step_avg:208.10ms
step:3289/4740 train_time:684409ms step_avg:208.09ms
step:3290/4740 train_time:684730ms step_avg:208.12ms
step:3291/4740 train_time:684913ms step_avg:208.12ms
step:3292/4740 train_time:685232ms step_avg:208.15ms
step:3293/4740 train_time:685412ms step_avg:208.14ms
step:3294/4740 train_time:685732ms step_avg:208.18ms
step:3295/4740 train_time:685913ms step_avg:208.17ms
step:3296/4740 train_time:686239ms step_avg:208.20ms
step:3297/4740 train_time:686420ms step_avg:208.20ms
step:3298/4740 train_time:686742ms step_avg:208.23ms
step:3299/4740 train_time:686923ms step_avg:208.22ms
step:3300/4740 train_time:687248ms step_avg:208.26ms
step:3301/4740 train_time:687430ms step_avg:208.25ms
step:3302/4740 train_time:687750ms step_avg:208.28ms
step:3303/4740 train_time:687931ms step_avg:208.27ms
step:3304/4740 train_time:688253ms step_avg:208.31ms
step:3305/4740 train_time:688433ms step_avg:208.30ms
step:3306/4740 train_time:688756ms step_avg:208.34ms
step:3307/4740 train_time:688940ms step_avg:208.33ms
step:3308/4740 train_time:689266ms step_avg:208.36ms
step:3309/4740 train_time:689446ms step_avg:208.35ms
step:3310/4740 train_time:689771ms step_avg:208.39ms
step:3311/4740 train_time:689953ms step_avg:208.38ms
step:3312/4740 train_time:690277ms step_avg:208.42ms
step:3313/4740 train_time:690455ms step_avg:208.41ms
step:3314/4740 train_time:690777ms step_avg:208.44ms
step:3315/4740 train_time:690962ms step_avg:208.43ms
step:3316/4740 train_time:691287ms step_avg:208.47ms
step:3317/4740 train_time:691471ms step_avg:208.46ms
step:3318/4740 train_time:691791ms step_avg:208.50ms
step:3319/4740 train_time:691974ms step_avg:208.49ms
step:3320/4740 train_time:692294ms step_avg:208.52ms
step:3321/4740 train_time:692480ms step_avg:208.52ms
step:3322/4740 train_time:692806ms step_avg:208.55ms
step:3323/4740 train_time:692988ms step_avg:208.54ms
step:3324/4740 train_time:693309ms step_avg:208.58ms
step:3325/4740 train_time:693493ms step_avg:208.57ms
step:3326/4740 train_time:693815ms step_avg:208.60ms
step:3327/4740 train_time:693997ms step_avg:208.60ms
step:3328/4740 train_time:694320ms step_avg:208.63ms
step:3329/4740 train_time:694501ms step_avg:208.62ms
step:3330/4740 train_time:694824ms step_avg:208.66ms
step:3331/4740 train_time:695005ms step_avg:208.65ms
step:3332/4740 train_time:695331ms step_avg:208.68ms
step:3333/4740 train_time:695512ms step_avg:208.67ms
step:3334/4740 train_time:695835ms step_avg:208.71ms
step:3335/4740 train_time:696012ms step_avg:208.70ms
step:3336/4740 train_time:696337ms step_avg:208.73ms
step:3337/4740 train_time:696515ms step_avg:208.72ms
step:3338/4740 train_time:696837ms step_avg:208.76ms
step:3339/4740 train_time:697017ms step_avg:208.75ms
step:3340/4740 train_time:697340ms step_avg:208.78ms
step:3341/4740 train_time:697525ms step_avg:208.78ms
step:3342/4740 train_time:697849ms step_avg:208.81ms
step:3343/4740 train_time:698030ms step_avg:208.80ms
step:3344/4740 train_time:698354ms step_avg:208.84ms
step:3345/4740 train_time:698535ms step_avg:208.83ms
step:3346/4740 train_time:698857ms step_avg:208.86ms
step:3347/4740 train_time:699037ms step_avg:208.85ms
step:3348/4740 train_time:699358ms step_avg:208.89ms
step:3349/4740 train_time:699540ms step_avg:208.88ms
step:3350/4740 train_time:699866ms step_avg:208.92ms
step:3351/4740 train_time:700049ms step_avg:208.91ms
step:3352/4740 train_time:700375ms step_avg:208.94ms
step:3353/4740 train_time:700556ms step_avg:208.93ms
step:3354/4740 train_time:700880ms step_avg:208.97ms
step:3355/4740 train_time:701060ms step_avg:208.96ms
step:3356/4740 train_time:701386ms step_avg:208.99ms
step:3357/4740 train_time:701570ms step_avg:208.99ms
step:3358/4740 train_time:701890ms step_avg:209.02ms
step:3359/4740 train_time:702070ms step_avg:209.01ms
step:3360/4740 train_time:702399ms step_avg:209.05ms
step:3361/4740 train_time:702581ms step_avg:209.04ms
step:3362/4740 train_time:702905ms step_avg:209.07ms
step:3363/4740 train_time:703088ms step_avg:209.07ms
step:3364/4740 train_time:703415ms step_avg:209.10ms
step:3365/4740 train_time:703597ms step_avg:209.09ms
step:3366/4740 train_time:703918ms step_avg:209.13ms
step:3367/4740 train_time:704099ms step_avg:209.12ms
step:3368/4740 train_time:704423ms step_avg:209.15ms
step:3369/4740 train_time:704606ms step_avg:209.14ms
step:3370/4740 train_time:704924ms step_avg:209.18ms
step:3371/4740 train_time:705109ms step_avg:209.17ms
step:3372/4740 train_time:705434ms step_avg:209.20ms
step:3373/4740 train_time:705613ms step_avg:209.19ms
step:3374/4740 train_time:705934ms step_avg:209.23ms
step:3375/4740 train_time:706115ms step_avg:209.22ms
step:3376/4740 train_time:706437ms step_avg:209.25ms
step:3377/4740 train_time:706626ms step_avg:209.25ms
step:3378/4740 train_time:706947ms step_avg:209.28ms
step:3379/4740 train_time:707130ms step_avg:209.27ms
step:3380/4740 train_time:707449ms step_avg:209.30ms
step:3381/4740 train_time:707636ms step_avg:209.30ms
step:3382/4740 train_time:707954ms step_avg:209.33ms
step:3383/4740 train_time:708138ms step_avg:209.32ms
step:3384/4740 train_time:708460ms step_avg:209.36ms
step:3385/4740 train_time:708644ms step_avg:209.35ms
step:3386/4740 train_time:708968ms step_avg:209.38ms
step:3387/4740 train_time:709151ms step_avg:209.37ms
step:3388/4740 train_time:709472ms step_avg:209.41ms
step:3389/4740 train_time:709658ms step_avg:209.40ms
step:3390/4740 train_time:709978ms step_avg:209.43ms
step:3391/4740 train_time:710159ms step_avg:209.42ms
step:3392/4740 train_time:710480ms step_avg:209.46ms
step:3393/4740 train_time:710662ms step_avg:209.45ms
step:3394/4740 train_time:710987ms step_avg:209.48ms
step:3395/4740 train_time:711173ms step_avg:209.48ms
step:3396/4740 train_time:711492ms step_avg:209.51ms
step:3397/4740 train_time:711678ms step_avg:209.50ms
step:3398/4740 train_time:711999ms step_avg:209.53ms
step:3399/4740 train_time:712183ms step_avg:209.53ms
step:3400/4740 train_time:712504ms step_avg:209.56ms
step:3401/4740 train_time:712688ms step_avg:209.55ms
step:3402/4740 train_time:713010ms step_avg:209.59ms
step:3403/4740 train_time:713191ms step_avg:209.58ms
step:3404/4740 train_time:713515ms step_avg:209.61ms
step:3405/4740 train_time:713695ms step_avg:209.60ms
step:3406/4740 train_time:714020ms step_avg:209.64ms
step:3407/4740 train_time:714201ms step_avg:209.63ms
step:3408/4740 train_time:714523ms step_avg:209.66ms
step:3409/4740 train_time:714706ms step_avg:209.65ms
step:3410/4740 train_time:715028ms step_avg:209.69ms
step:3411/4740 train_time:715212ms step_avg:209.68ms
step:3412/4740 train_time:715539ms step_avg:209.71ms
step:3413/4740 train_time:715718ms step_avg:209.70ms
step:3414/4740 train_time:716041ms step_avg:209.74ms
step:3415/4740 train_time:716224ms step_avg:209.73ms
step:3416/4740 train_time:716546ms step_avg:209.76ms
step:3417/4740 train_time:716731ms step_avg:209.75ms
step:3418/4740 train_time:717052ms step_avg:209.79ms
step:3419/4740 train_time:717238ms step_avg:209.78ms
step:3420/4740 train_time:717560ms step_avg:209.81ms
step:3421/4740 train_time:717742ms step_avg:209.80ms
step:3422/4740 train_time:718064ms step_avg:209.84ms
step:3423/4740 train_time:718248ms step_avg:209.83ms
step:3424/4740 train_time:718571ms step_avg:209.86ms
step:3425/4740 train_time:718752ms step_avg:209.85ms
step:3426/4740 train_time:719074ms step_avg:209.89ms
step:3427/4740 train_time:719256ms step_avg:209.88ms
step:3428/4740 train_time:719579ms step_avg:209.91ms
step:3429/4740 train_time:719760ms step_avg:209.90ms
step:3430/4740 train_time:720079ms step_avg:209.94ms
step:3431/4740 train_time:720266ms step_avg:209.93ms
step:3432/4740 train_time:720589ms step_avg:209.96ms
step:3433/4740 train_time:720769ms step_avg:209.95ms
step:3434/4740 train_time:721090ms step_avg:209.99ms
step:3435/4740 train_time:721271ms step_avg:209.98ms
step:3436/4740 train_time:721593ms step_avg:210.01ms
step:3437/4740 train_time:721772ms step_avg:210.00ms
step:3438/4740 train_time:722091ms step_avg:210.03ms
step:3439/4740 train_time:722275ms step_avg:210.02ms
step:3440/4740 train_time:722597ms step_avg:210.06ms
step:3441/4740 train_time:722784ms step_avg:210.05ms
step:3442/4740 train_time:723107ms step_avg:210.08ms
step:3443/4740 train_time:723286ms step_avg:210.07ms
step:3444/4740 train_time:723611ms step_avg:210.11ms
step:3445/4740 train_time:723794ms step_avg:210.10ms
step:3446/4740 train_time:724118ms step_avg:210.13ms
step:3447/4740 train_time:724298ms step_avg:210.12ms
step:3448/4740 train_time:724623ms step_avg:210.16ms
step:3449/4740 train_time:724806ms step_avg:210.15ms
step:3450/4740 train_time:725125ms step_avg:210.18ms
step:3451/4740 train_time:725310ms step_avg:210.17ms
step:3452/4740 train_time:725632ms step_avg:210.21ms
step:3453/4740 train_time:725815ms step_avg:210.20ms
step:3454/4740 train_time:726134ms step_avg:210.23ms
step:3455/4740 train_time:726318ms step_avg:210.22ms
step:3456/4740 train_time:726640ms step_avg:210.25ms
step:3457/4740 train_time:726819ms step_avg:210.25ms
step:3458/4740 train_time:727141ms step_avg:210.28ms
step:3459/4740 train_time:727328ms step_avg:210.27ms
step:3460/4740 train_time:727648ms step_avg:210.30ms
step:3461/4740 train_time:727832ms step_avg:210.30ms
step:3462/4740 train_time:728156ms step_avg:210.33ms
step:3463/4740 train_time:728334ms step_avg:210.32ms
step:3464/4740 train_time:728657ms step_avg:210.35ms
step:3465/4740 train_time:728843ms step_avg:210.34ms
step:3466/4740 train_time:729170ms step_avg:210.38ms
step:3467/4740 train_time:729347ms step_avg:210.37ms
step:3468/4740 train_time:729672ms step_avg:210.40ms
step:3469/4740 train_time:729856ms step_avg:210.39ms
step:3470/4740 train_time:730177ms step_avg:210.43ms
step:3471/4740 train_time:730357ms step_avg:210.42ms
step:3472/4740 train_time:730680ms step_avg:210.45ms
step:3473/4740 train_time:730863ms step_avg:210.44ms
step:3474/4740 train_time:731184ms step_avg:210.47ms
step:3475/4740 train_time:731367ms step_avg:210.47ms
step:3476/4740 train_time:731687ms step_avg:210.50ms
step:3477/4740 train_time:731871ms step_avg:210.49ms
step:3478/4740 train_time:732192ms step_avg:210.52ms
step:3479/4740 train_time:732376ms step_avg:210.51ms
step:3480/4740 train_time:732697ms step_avg:210.55ms
step:3481/4740 train_time:732877ms step_avg:210.54ms
step:3482/4740 train_time:733203ms step_avg:210.57ms
step:3483/4740 train_time:733383ms step_avg:210.56ms
step:3484/4740 train_time:733707ms step_avg:210.59ms
step:3485/4740 train_time:733891ms step_avg:210.59ms
step:3486/4740 train_time:734212ms step_avg:210.62ms
step:3487/4740 train_time:734394ms step_avg:210.61ms
step:3488/4740 train_time:734715ms step_avg:210.64ms
step:3489/4740 train_time:734898ms step_avg:210.63ms
step:3490/4740 train_time:735220ms step_avg:210.66ms
step:3491/4740 train_time:735403ms step_avg:210.66ms
step:3492/4740 train_time:735723ms step_avg:210.69ms
step:3493/4740 train_time:735906ms step_avg:210.68ms
step:3494/4740 train_time:736232ms step_avg:210.71ms
step:3495/4740 train_time:736411ms step_avg:210.70ms
step:3496/4740 train_time:736729ms step_avg:210.73ms
step:3497/4740 train_time:736913ms step_avg:210.73ms
step:3498/4740 train_time:737232ms step_avg:210.76ms
step:3499/4740 train_time:737420ms step_avg:210.75ms
step:3500/4740 train_time:737742ms step_avg:210.78ms
step:3500/4740 val_loss:3.0493 train_time:737868ms step_avg:210.82ms
step:3501/4740 train_time:737924ms step_avg:210.78ms
step:3502/4740 train_time:738249ms step_avg:210.81ms
step:3503/4740 train_time:738434ms step_avg:210.80ms
step:3504/4740 train_time:738749ms step_avg:210.83ms
step:3505/4740 train_time:738934ms step_avg:210.82ms
step:3506/4740 train_time:739258ms step_avg:210.86ms
step:3507/4740 train_time:739443ms step_avg:210.85ms
step:3508/4740 train_time:739762ms step_avg:210.88ms
step:3509/4740 train_time:739941ms step_avg:210.87ms
step:3510/4740 train_time:740268ms step_avg:210.90ms
step:3511/4740 train_time:740452ms step_avg:210.89ms
step:3512/4740 train_time:740770ms step_avg:210.93ms
step:3513/4740 train_time:740954ms step_avg:210.92ms
step:3514/4740 train_time:741277ms step_avg:210.95ms
step:3515/4740 train_time:741459ms step_avg:210.94ms
step:3516/4740 train_time:741779ms step_avg:210.97ms
step:3517/4740 train_time:741963ms step_avg:210.96ms
step:3518/4740 train_time:742282ms step_avg:211.00ms
step:3519/4740 train_time:742467ms step_avg:210.99ms
step:3520/4740 train_time:742786ms step_avg:211.02ms
step:3521/4740 train_time:742971ms step_avg:211.01ms
step:3522/4740 train_time:743296ms step_avg:211.04ms
step:3523/4740 train_time:743477ms step_avg:211.04ms
step:3524/4740 train_time:743801ms step_avg:211.07ms
step:3525/4740 train_time:743981ms step_avg:211.06ms
step:3526/4740 train_time:744303ms step_avg:211.09ms
step:3527/4740 train_time:744487ms step_avg:211.08ms
step:3528/4740 train_time:744808ms step_avg:211.11ms
step:3529/4740 train_time:744994ms step_avg:211.11ms
step:3530/4740 train_time:745318ms step_avg:211.14ms
step:3531/4740 train_time:745498ms step_avg:211.13ms
step:3532/4740 train_time:745818ms step_avg:211.16ms
step:3533/4740 train_time:746000ms step_avg:211.15ms
step:3534/4740 train_time:746324ms step_avg:211.18ms
step:3535/4740 train_time:746507ms step_avg:211.18ms
step:3536/4740 train_time:746833ms step_avg:211.21ms
step:3537/4740 train_time:747013ms step_avg:211.20ms
step:3538/4740 train_time:747335ms step_avg:211.23ms
step:3539/4740 train_time:747519ms step_avg:211.22ms
step:3540/4740 train_time:747838ms step_avg:211.25ms
step:3541/4740 train_time:748023ms step_avg:211.25ms
step:3542/4740 train_time:748341ms step_avg:211.28ms
step:3543/4740 train_time:748523ms step_avg:211.27ms
step:3544/4740 train_time:748843ms step_avg:211.30ms
step:3545/4740 train_time:749025ms step_avg:211.29ms
step:3546/4740 train_time:749347ms step_avg:211.32ms
step:3547/4740 train_time:749531ms step_avg:211.31ms
step:3548/4740 train_time:749851ms step_avg:211.34ms
step:3549/4740 train_time:750033ms step_avg:211.34ms
step:3550/4740 train_time:750359ms step_avg:211.37ms
step:3551/4740 train_time:750541ms step_avg:211.36ms
step:3552/4740 train_time:750863ms step_avg:211.39ms
step:3553/4740 train_time:751047ms step_avg:211.38ms
step:3554/4740 train_time:751368ms step_avg:211.41ms
step:3555/4740 train_time:751552ms step_avg:211.41ms
step:3556/4740 train_time:751876ms step_avg:211.44ms
step:3557/4740 train_time:752061ms step_avg:211.43ms
step:3558/4740 train_time:752386ms step_avg:211.46ms
step:3559/4740 train_time:752568ms step_avg:211.45ms
step:3560/4740 train_time:752888ms step_avg:211.49ms
step:3561/4740 train_time:753072ms step_avg:211.48ms
step:3562/4740 train_time:753396ms step_avg:211.51ms
step:3563/4740 train_time:753575ms step_avg:211.50ms
step:3564/4740 train_time:753895ms step_avg:211.53ms
step:3565/4740 train_time:754076ms step_avg:211.52ms
step:3566/4740 train_time:754400ms step_avg:211.55ms
step:3567/4740 train_time:754578ms step_avg:211.54ms
step:3568/4740 train_time:754900ms step_avg:211.58ms
step:3569/4740 train_time:755078ms step_avg:211.57ms
step:3570/4740 train_time:755403ms step_avg:211.60ms
step:3571/4740 train_time:755583ms step_avg:211.59ms
step:3572/4740 train_time:755903ms step_avg:211.62ms
step:3573/4740 train_time:756085ms step_avg:211.61ms
step:3574/4740 train_time:756410ms step_avg:211.64ms
step:3575/4740 train_time:756594ms step_avg:211.63ms
step:3576/4740 train_time:756914ms step_avg:211.66ms
step:3577/4740 train_time:757096ms step_avg:211.66ms
step:3578/4740 train_time:757422ms step_avg:211.69ms
step:3579/4740 train_time:757604ms step_avg:211.68ms
step:3580/4740 train_time:757927ms step_avg:211.71ms
step:3581/4740 train_time:758108ms step_avg:211.70ms
step:3582/4740 train_time:758432ms step_avg:211.73ms
step:3583/4740 train_time:758618ms step_avg:211.73ms
step:3584/4740 train_time:758940ms step_avg:211.76ms
step:3585/4740 train_time:759120ms step_avg:211.75ms
step:3586/4740 train_time:759442ms step_avg:211.78ms
step:3587/4740 train_time:759628ms step_avg:211.77ms
step:3588/4740 train_time:759947ms step_avg:211.80ms
step:3589/4740 train_time:760134ms step_avg:211.80ms
step:3590/4740 train_time:760455ms step_avg:211.83ms
step:3591/4740 train_time:760640ms step_avg:211.82ms
step:3592/4740 train_time:760960ms step_avg:211.85ms
step:3593/4740 train_time:761143ms step_avg:211.84ms
step:3594/4740 train_time:761465ms step_avg:211.87ms
step:3595/4740 train_time:761643ms step_avg:211.86ms
step:3596/4740 train_time:761964ms step_avg:211.89ms
step:3597/4740 train_time:762145ms step_avg:211.88ms
step:3598/4740 train_time:762468ms step_avg:211.91ms
step:3599/4740 train_time:762650ms step_avg:211.91ms
step:3600/4740 train_time:762968ms step_avg:211.94ms
step:3601/4740 train_time:763150ms step_avg:211.93ms
step:3602/4740 train_time:763469ms step_avg:211.96ms
step:3603/4740 train_time:763657ms step_avg:211.95ms
step:3604/4740 train_time:763978ms step_avg:211.98ms
step:3605/4740 train_time:764160ms step_avg:211.97ms
step:3606/4740 train_time:764481ms step_avg:212.00ms
step:3607/4740 train_time:764664ms step_avg:211.99ms
step:3608/4740 train_time:764987ms step_avg:212.03ms
step:3609/4740 train_time:765169ms step_avg:212.02ms
step:3610/4740 train_time:765488ms step_avg:212.05ms
step:3611/4740 train_time:765672ms step_avg:212.04ms
step:3612/4740 train_time:765995ms step_avg:212.07ms
step:3613/4740 train_time:766176ms step_avg:212.06ms
step:3614/4740 train_time:766499ms step_avg:212.09ms
step:3615/4740 train_time:766681ms step_avg:212.08ms
step:3616/4740 train_time:767004ms step_avg:212.11ms
step:3617/4740 train_time:767192ms step_avg:212.11ms
step:3618/4740 train_time:767514ms step_avg:212.14ms
step:3619/4740 train_time:767699ms step_avg:212.13ms
step:3620/4740 train_time:768020ms step_avg:212.16ms
step:3621/4740 train_time:768201ms step_avg:212.15ms
step:3622/4740 train_time:768525ms step_avg:212.18ms
step:3623/4740 train_time:768709ms step_avg:212.17ms
step:3624/4740 train_time:769029ms step_avg:212.20ms
step:3625/4740 train_time:769210ms step_avg:212.20ms
step:3626/4740 train_time:769529ms step_avg:212.23ms
step:3627/4740 train_time:769718ms step_avg:212.22ms
step:3628/4740 train_time:770041ms step_avg:212.25ms
step:3629/4740 train_time:770225ms step_avg:212.24ms
step:3630/4740 train_time:770546ms step_avg:212.27ms
step:3631/4740 train_time:770731ms step_avg:212.26ms
step:3632/4740 train_time:771051ms step_avg:212.29ms
step:3633/4740 train_time:771235ms step_avg:212.29ms
step:3634/4740 train_time:771558ms step_avg:212.32ms
step:3635/4740 train_time:771739ms step_avg:212.31ms
step:3636/4740 train_time:772060ms step_avg:212.34ms
step:3637/4740 train_time:772245ms step_avg:212.33ms
step:3638/4740 train_time:772566ms step_avg:212.36ms
step:3639/4740 train_time:772747ms step_avg:212.35ms
step:3640/4740 train_time:773067ms step_avg:212.38ms
step:3641/4740 train_time:773251ms step_avg:212.37ms
step:3642/4740 train_time:773571ms step_avg:212.40ms
step:3643/4740 train_time:773754ms step_avg:212.39ms
step:3644/4740 train_time:774078ms step_avg:212.43ms
step:3645/4740 train_time:774263ms step_avg:212.42ms
step:3646/4740 train_time:774584ms step_avg:212.45ms
step:3647/4740 train_time:774766ms step_avg:212.44ms
step:3648/4740 train_time:775091ms step_avg:212.47ms
step:3649/4740 train_time:775277ms step_avg:212.46ms
step:3650/4740 train_time:775601ms step_avg:212.49ms
step:3651/4740 train_time:775786ms step_avg:212.49ms
step:3652/4740 train_time:776110ms step_avg:212.52ms
step:3653/4740 train_time:776292ms step_avg:212.51ms
step:3654/4740 train_time:776611ms step_avg:212.54ms
step:3655/4740 train_time:776792ms step_avg:212.53ms
step:3656/4740 train_time:777113ms step_avg:212.56ms
step:3657/4740 train_time:777296ms step_avg:212.55ms
step:3658/4740 train_time:777616ms step_avg:212.58ms
step:3659/4740 train_time:777800ms step_avg:212.57ms
step:3660/4740 train_time:778123ms step_avg:212.60ms
step:3661/4740 train_time:778309ms step_avg:212.59ms
step:3662/4740 train_time:778629ms step_avg:212.62ms
step:3663/4740 train_time:778811ms step_avg:212.62ms
step:3664/4740 train_time:779141ms step_avg:212.65ms
step:3665/4740 train_time:779322ms step_avg:212.64ms
step:3666/4740 train_time:779641ms step_avg:212.67ms
step:3667/4740 train_time:779826ms step_avg:212.66ms
step:3668/4740 train_time:780148ms step_avg:212.69ms
step:3669/4740 train_time:780326ms step_avg:212.68ms
step:3670/4740 train_time:780647ms step_avg:212.71ms
step:3671/4740 train_time:780831ms step_avg:212.70ms
step:3672/4740 train_time:781156ms step_avg:212.73ms
step:3673/4740 train_time:781335ms step_avg:212.72ms
step:3674/4740 train_time:781656ms step_avg:212.75ms
step:3675/4740 train_time:781837ms step_avg:212.74ms
step:3676/4740 train_time:782160ms step_avg:212.77ms
step:3677/4740 train_time:782339ms step_avg:212.77ms
step:3678/4740 train_time:782662ms step_avg:212.80ms
step:3679/4740 train_time:782844ms step_avg:212.79ms
step:3680/4740 train_time:783174ms step_avg:212.82ms
step:3681/4740 train_time:783353ms step_avg:212.81ms
step:3682/4740 train_time:783677ms step_avg:212.84ms
step:3683/4740 train_time:783858ms step_avg:212.83ms
step:3684/4740 train_time:784179ms step_avg:212.86ms
step:3685/4740 train_time:784362ms step_avg:212.85ms
step:3686/4740 train_time:784685ms step_avg:212.88ms
step:3687/4740 train_time:784869ms step_avg:212.87ms
step:3688/4740 train_time:785187ms step_avg:212.90ms
step:3689/4740 train_time:785369ms step_avg:212.89ms
step:3690/4740 train_time:785698ms step_avg:212.93ms
step:3691/4740 train_time:785875ms step_avg:212.92ms
step:3692/4740 train_time:786195ms step_avg:212.95ms
step:3693/4740 train_time:786379ms step_avg:212.94ms
step:3694/4740 train_time:786701ms step_avg:212.97ms
step:3695/4740 train_time:786885ms step_avg:212.96ms
step:3696/4740 train_time:787202ms step_avg:212.99ms
step:3697/4740 train_time:787388ms step_avg:212.98ms
step:3698/4740 train_time:787709ms step_avg:213.01ms
step:3699/4740 train_time:787887ms step_avg:213.00ms
step:3700/4740 train_time:788209ms step_avg:213.03ms
step:3701/4740 train_time:788392ms step_avg:213.02ms
step:3702/4740 train_time:788716ms step_avg:213.05ms
step:3703/4740 train_time:788900ms step_avg:213.04ms
step:3704/4740 train_time:789219ms step_avg:213.07ms
step:3705/4740 train_time:789402ms step_avg:213.06ms
step:3706/4740 train_time:789723ms step_avg:213.09ms
step:3707/4740 train_time:789908ms step_avg:213.09ms
step:3708/4740 train_time:790231ms step_avg:213.12ms
step:3709/4740 train_time:790413ms step_avg:213.11ms
step:3710/4740 train_time:790737ms step_avg:213.14ms
step:3711/4740 train_time:790920ms step_avg:213.13ms
step:3712/4740 train_time:791243ms step_avg:213.16ms
step:3713/4740 train_time:791426ms step_avg:213.15ms
step:3714/4740 train_time:791746ms step_avg:213.18ms
step:3715/4740 train_time:791927ms step_avg:213.17ms
step:3716/4740 train_time:792250ms step_avg:213.20ms
step:3717/4740 train_time:792434ms step_avg:213.19ms
step:3718/4740 train_time:792756ms step_avg:213.22ms
step:3719/4740 train_time:792938ms step_avg:213.21ms
step:3720/4740 train_time:793260ms step_avg:213.24ms
step:3721/4740 train_time:793442ms step_avg:213.23ms
step:3722/4740 train_time:793769ms step_avg:213.26ms
step:3723/4740 train_time:793951ms step_avg:213.26ms
step:3724/4740 train_time:794273ms step_avg:213.28ms
step:3725/4740 train_time:794456ms step_avg:213.28ms
step:3726/4740 train_time:794776ms step_avg:213.31ms
step:3727/4740 train_time:794963ms step_avg:213.30ms
step:3728/4740 train_time:795282ms step_avg:213.33ms
step:3729/4740 train_time:795465ms step_avg:213.32ms
step:3730/4740 train_time:795784ms step_avg:213.35ms
step:3731/4740 train_time:795974ms step_avg:213.34ms
step:3732/4740 train_time:796298ms step_avg:213.37ms
step:3733/4740 train_time:796479ms step_avg:213.36ms
step:3734/4740 train_time:796801ms step_avg:213.39ms
step:3735/4740 train_time:796984ms step_avg:213.38ms
step:3736/4740 train_time:797306ms step_avg:213.41ms
step:3737/4740 train_time:797488ms step_avg:213.40ms
step:3738/4740 train_time:797810ms step_avg:213.43ms
step:3739/4740 train_time:797995ms step_avg:213.42ms
step:3740/4740 train_time:798317ms step_avg:213.45ms
step:3741/4740 train_time:798497ms step_avg:213.44ms
step:3742/4740 train_time:798820ms step_avg:213.47ms
step:3743/4740 train_time:799008ms step_avg:213.47ms
step:3744/4740 train_time:799328ms step_avg:213.50ms
step:3745/4740 train_time:799512ms step_avg:213.49ms
step:3746/4740 train_time:799832ms step_avg:213.52ms
step:3747/4740 train_time:800020ms step_avg:213.51ms
step:3748/4740 train_time:800340ms step_avg:213.54ms
step:3749/4740 train_time:800522ms step_avg:213.53ms
step:3750/4740 train_time:800841ms step_avg:213.56ms
step:3750/4740 val_loss:3.0198 train_time:800969ms step_avg:213.59ms
step:3751/4740 train_time:801024ms step_avg:213.55ms
step:3752/4740 train_time:801354ms step_avg:213.58ms
step:3753/4740 train_time:801537ms step_avg:213.57ms
step:3754/4740 train_time:801854ms step_avg:213.60ms
step:3755/4740 train_time:802041ms step_avg:213.59ms
step:3756/4740 train_time:802363ms step_avg:213.62ms
step:3757/4740 train_time:802551ms step_avg:213.61ms
step:3758/4740 train_time:802871ms step_avg:213.64ms
step:3759/4740 train_time:803051ms step_avg:213.63ms
step:3760/4740 train_time:803378ms step_avg:213.66ms
step:3761/4740 train_time:803563ms step_avg:213.66ms
step:3762/4740 train_time:803880ms step_avg:213.68ms
step:3763/4740 train_time:804062ms step_avg:213.68ms
step:3764/4740 train_time:804384ms step_avg:213.70ms
step:3765/4740 train_time:804566ms step_avg:213.70ms
step:3766/4740 train_time:804886ms step_avg:213.72ms
step:3767/4740 train_time:805066ms step_avg:213.72ms
step:3768/4740 train_time:805390ms step_avg:213.74ms
step:3769/4740 train_time:805570ms step_avg:213.74ms
step:3770/4740 train_time:805895ms step_avg:213.77ms
step:3771/4740 train_time:806075ms step_avg:213.76ms
step:3772/4740 train_time:806396ms step_avg:213.78ms
step:3773/4740 train_time:806579ms step_avg:213.78ms
step:3774/4740 train_time:806900ms step_avg:213.80ms
step:3775/4740 train_time:807084ms step_avg:213.80ms
step:3776/4740 train_time:807411ms step_avg:213.83ms
step:3777/4740 train_time:807589ms step_avg:213.82ms
step:3778/4740 train_time:807913ms step_avg:213.85ms
step:3779/4740 train_time:808096ms step_avg:213.84ms
step:3780/4740 train_time:808421ms step_avg:213.87ms
step:3781/4740 train_time:808603ms step_avg:213.86ms
step:3782/4740 train_time:808926ms step_avg:213.89ms
step:3783/4740 train_time:809106ms step_avg:213.88ms
step:3784/4740 train_time:809428ms step_avg:213.91ms
step:3785/4740 train_time:809609ms step_avg:213.90ms
step:3786/4740 train_time:809931ms step_avg:213.93ms
step:3787/4740 train_time:810115ms step_avg:213.92ms
step:3788/4740 train_time:810433ms step_avg:213.95ms
step:3789/4740 train_time:810619ms step_avg:213.94ms
step:3790/4740 train_time:810943ms step_avg:213.97ms
step:3791/4740 train_time:811129ms step_avg:213.96ms
step:3792/4740 train_time:811452ms step_avg:213.99ms
step:3793/4740 train_time:811633ms step_avg:213.98ms
step:3794/4740 train_time:811955ms step_avg:214.01ms
step:3795/4740 train_time:812140ms step_avg:214.00ms
step:3796/4740 train_time:812461ms step_avg:214.03ms
step:3797/4740 train_time:812642ms step_avg:214.02ms
step:3798/4740 train_time:812964ms step_avg:214.05ms
step:3799/4740 train_time:813147ms step_avg:214.04ms
step:3800/4740 train_time:813469ms step_avg:214.07ms
step:3801/4740 train_time:813650ms step_avg:214.06ms
step:3802/4740 train_time:813970ms step_avg:214.09ms
step:3803/4740 train_time:814152ms step_avg:214.08ms
step:3804/4740 train_time:814477ms step_avg:214.11ms
step:3805/4740 train_time:814659ms step_avg:214.10ms
step:3806/4740 train_time:814981ms step_avg:214.13ms
step:3807/4740 train_time:815162ms step_avg:214.12ms
step:3808/4740 train_time:815486ms step_avg:214.15ms
step:3809/4740 train_time:815666ms step_avg:214.14ms
step:3810/4740 train_time:815988ms step_avg:214.17ms
step:3811/4740 train_time:816171ms step_avg:214.16ms
step:3812/4740 train_time:816492ms step_avg:214.19ms
step:3813/4740 train_time:816674ms step_avg:214.18ms
step:3814/4740 train_time:816998ms step_avg:214.21ms
step:3815/4740 train_time:817181ms step_avg:214.20ms
step:3816/4740 train_time:817502ms step_avg:214.23ms
step:3817/4740 train_time:817682ms step_avg:214.22ms
step:3818/4740 train_time:818004ms step_avg:214.25ms
step:3819/4740 train_time:818188ms step_avg:214.24ms
step:3820/4740 train_time:818509ms step_avg:214.27ms
step:3821/4740 train_time:818693ms step_avg:214.26ms
step:3822/4740 train_time:819013ms step_avg:214.29ms
step:3823/4740 train_time:819195ms step_avg:214.28ms
step:3824/4740 train_time:819519ms step_avg:214.31ms
step:3825/4740 train_time:819703ms step_avg:214.30ms
step:3826/4740 train_time:820025ms step_avg:214.33ms
step:3827/4740 train_time:820209ms step_avg:214.32ms
step:3828/4740 train_time:820529ms step_avg:214.35ms
step:3829/4740 train_time:820717ms step_avg:214.34ms
step:3830/4740 train_time:821037ms step_avg:214.37ms
step:3831/4740 train_time:821222ms step_avg:214.36ms
step:3832/4740 train_time:821546ms step_avg:214.39ms
step:3833/4740 train_time:821727ms step_avg:214.38ms
step:3834/4740 train_time:822046ms step_avg:214.41ms
step:3835/4740 train_time:822229ms step_avg:214.40ms
step:3836/4740 train_time:822551ms step_avg:214.43ms
step:3837/4740 train_time:822737ms step_avg:214.42ms
step:3838/4740 train_time:823063ms step_avg:214.45ms
step:3839/4740 train_time:823241ms step_avg:214.44ms
step:3840/4740 train_time:823561ms step_avg:214.47ms
step:3841/4740 train_time:823745ms step_avg:214.46ms
step:3842/4740 train_time:824066ms step_avg:214.49ms
step:3843/4740 train_time:824249ms step_avg:214.48ms
step:3844/4740 train_time:824572ms step_avg:214.51ms
step:3845/4740 train_time:824757ms step_avg:214.50ms
step:3846/4740 train_time:825084ms step_avg:214.53ms
step:3847/4740 train_time:825263ms step_avg:214.52ms
step:3848/4740 train_time:825589ms step_avg:214.55ms
step:3849/4740 train_time:825767ms step_avg:214.54ms
step:3850/4740 train_time:826091ms step_avg:214.57ms
step:3851/4740 train_time:826272ms step_avg:214.56ms
step:3852/4740 train_time:826597ms step_avg:214.59ms
step:3853/4740 train_time:826777ms step_avg:214.58ms
step:3854/4740 train_time:827097ms step_avg:214.61ms
step:3855/4740 train_time:827282ms step_avg:214.60ms
step:3856/4740 train_time:827605ms step_avg:214.63ms
step:3857/4740 train_time:827786ms step_avg:214.62ms
step:3858/4740 train_time:828104ms step_avg:214.65ms
step:3859/4740 train_time:828294ms step_avg:214.64ms
step:3860/4740 train_time:828614ms step_avg:214.67ms
step:3861/4740 train_time:828798ms step_avg:214.66ms
step:3862/4740 train_time:829121ms step_avg:214.69ms
step:3863/4740 train_time:829307ms step_avg:214.68ms
step:3864/4740 train_time:829629ms step_avg:214.71ms
step:3865/4740 train_time:829814ms step_avg:214.70ms
step:3866/4740 train_time:830139ms step_avg:214.73ms
step:3867/4740 train_time:830321ms step_avg:214.72ms
step:3868/4740 train_time:830642ms step_avg:214.75ms
step:3869/4740 train_time:830821ms step_avg:214.74ms
step:3870/4740 train_time:831144ms step_avg:214.77ms
step:3871/4740 train_time:831327ms step_avg:214.76ms
step:3872/4740 train_time:831652ms step_avg:214.79ms
step:3873/4740 train_time:831835ms step_avg:214.78ms
step:3874/4740 train_time:832158ms step_avg:214.81ms
step:3875/4740 train_time:832346ms step_avg:214.80ms
step:3876/4740 train_time:832664ms step_avg:214.83ms
step:3877/4740 train_time:832847ms step_avg:214.82ms
step:3878/4740 train_time:833167ms step_avg:214.84ms
step:3879/4740 train_time:833349ms step_avg:214.84ms
step:3880/4740 train_time:833673ms step_avg:214.86ms
step:3881/4740 train_time:833856ms step_avg:214.86ms
step:3882/4740 train_time:834179ms step_avg:214.88ms
step:3883/4740 train_time:834364ms step_avg:214.88ms
step:3884/4740 train_time:834686ms step_avg:214.90ms
step:3885/4740 train_time:834867ms step_avg:214.90ms
step:3886/4740 train_time:835193ms step_avg:214.92ms
step:3887/4740 train_time:835373ms step_avg:214.91ms
step:3888/4740 train_time:835696ms step_avg:214.94ms
step:3889/4740 train_time:835879ms step_avg:214.93ms
step:3890/4740 train_time:836199ms step_avg:214.96ms
step:3891/4740 train_time:836384ms step_avg:214.95ms
step:3892/4740 train_time:836707ms step_avg:214.98ms
step:3893/4740 train_time:836891ms step_avg:214.97ms
step:3894/4740 train_time:837211ms step_avg:215.00ms
step:3895/4740 train_time:837393ms step_avg:214.99ms
step:3896/4740 train_time:837713ms step_avg:215.02ms
step:3897/4740 train_time:837898ms step_avg:215.01ms
step:3898/4740 train_time:838217ms step_avg:215.04ms
step:3899/4740 train_time:838402ms step_avg:215.03ms
step:3900/4740 train_time:838724ms step_avg:215.06ms
step:3901/4740 train_time:838908ms step_avg:215.05ms
step:3902/4740 train_time:839234ms step_avg:215.08ms
step:3903/4740 train_time:839417ms step_avg:215.07ms
step:3904/4740 train_time:839740ms step_avg:215.10ms
step:3905/4740 train_time:839924ms step_avg:215.09ms
step:3906/4740 train_time:840246ms step_avg:215.12ms
step:3907/4740 train_time:840430ms step_avg:215.11ms
step:3908/4740 train_time:840752ms step_avg:215.14ms
step:3909/4740 train_time:840934ms step_avg:215.13ms
step:3910/4740 train_time:841255ms step_avg:215.15ms
step:3911/4740 train_time:841439ms step_avg:215.15ms
step:3912/4740 train_time:841762ms step_avg:215.17ms
step:3913/4740 train_time:841942ms step_avg:215.17ms
step:3914/4740 train_time:842263ms step_avg:215.19ms
step:3915/4740 train_time:842446ms step_avg:215.18ms
step:3916/4740 train_time:842774ms step_avg:215.21ms
step:3917/4740 train_time:842959ms step_avg:215.21ms
step:3918/4740 train_time:843282ms step_avg:215.23ms
step:3919/4740 train_time:843465ms step_avg:215.22ms
step:3920/4740 train_time:843788ms step_avg:215.25ms
step:3921/4740 train_time:843967ms step_avg:215.24ms
step:3922/4740 train_time:844292ms step_avg:215.27ms
step:3923/4740 train_time:844477ms step_avg:215.26ms
step:3924/4740 train_time:844802ms step_avg:215.29ms
step:3925/4740 train_time:844983ms step_avg:215.28ms
step:3926/4740 train_time:845304ms step_avg:215.31ms
step:3927/4740 train_time:845487ms step_avg:215.30ms
step:3928/4740 train_time:845812ms step_avg:215.33ms
step:3929/4740 train_time:845994ms step_avg:215.32ms
step:3930/4740 train_time:846315ms step_avg:215.35ms
step:3931/4740 train_time:846499ms step_avg:215.34ms
step:3932/4740 train_time:846821ms step_avg:215.37ms
step:3933/4740 train_time:847002ms step_avg:215.36ms
step:3934/4740 train_time:847325ms step_avg:215.39ms
step:3935/4740 train_time:847512ms step_avg:215.38ms
step:3936/4740 train_time:847834ms step_avg:215.40ms
step:3937/4740 train_time:848017ms step_avg:215.40ms
step:3938/4740 train_time:848343ms step_avg:215.42ms
step:3939/4740 train_time:848527ms step_avg:215.42ms
step:3940/4740 train_time:848853ms step_avg:215.44ms
step:3941/4740 train_time:849034ms step_avg:215.44ms
step:3942/4740 train_time:849361ms step_avg:215.46ms
step:3943/4740 train_time:849544ms step_avg:215.46ms
step:3944/4740 train_time:849863ms step_avg:215.48ms
step:3945/4740 train_time:850046ms step_avg:215.47ms
step:3946/4740 train_time:850366ms step_avg:215.50ms
step:3947/4740 train_time:850553ms step_avg:215.49ms
step:3948/4740 train_time:850871ms step_avg:215.52ms
step:3949/4740 train_time:851053ms step_avg:215.51ms
step:3950/4740 train_time:851372ms step_avg:215.54ms
step:3951/4740 train_time:851555ms step_avg:215.53ms
step:3952/4740 train_time:851881ms step_avg:215.56ms
step:3953/4740 train_time:852063ms step_avg:215.55ms
step:3954/4740 train_time:852385ms step_avg:215.58ms
step:3955/4740 train_time:852563ms step_avg:215.57ms
step:3956/4740 train_time:852888ms step_avg:215.59ms
step:3957/4740 train_time:853070ms step_avg:215.59ms
step:3958/4740 train_time:853394ms step_avg:215.61ms
step:3959/4740 train_time:853577ms step_avg:215.60ms
step:3960/4740 train_time:853900ms step_avg:215.63ms
step:3961/4740 train_time:854084ms step_avg:215.62ms
step:3962/4740 train_time:854405ms step_avg:215.65ms
step:3963/4740 train_time:854586ms step_avg:215.64ms
step:3964/4740 train_time:854910ms step_avg:215.67ms
step:3965/4740 train_time:855092ms step_avg:215.66ms
step:3966/4740 train_time:855414ms step_avg:215.69ms
step:3967/4740 train_time:855594ms step_avg:215.68ms
step:3968/4740 train_time:855919ms step_avg:215.71ms
step:3969/4740 train_time:856104ms step_avg:215.70ms
step:3970/4740 train_time:856426ms step_avg:215.72ms
step:3971/4740 train_time:856606ms step_avg:215.72ms
step:3972/4740 train_time:856930ms step_avg:215.74ms
step:3973/4740 train_time:857109ms step_avg:215.73ms
step:3974/4740 train_time:857427ms step_avg:215.76ms
step:3975/4740 train_time:857616ms step_avg:215.75ms
step:3976/4740 train_time:857937ms step_avg:215.78ms
step:3977/4740 train_time:858121ms step_avg:215.77ms
step:3978/4740 train_time:858444ms step_avg:215.80ms
step:3979/4740 train_time:858624ms step_avg:215.79ms
step:3980/4740 train_time:858945ms step_avg:215.82ms
step:3981/4740 train_time:859127ms step_avg:215.81ms
step:3982/4740 train_time:859447ms step_avg:215.83ms
step:3983/4740 train_time:859629ms step_avg:215.82ms
step:3984/4740 train_time:859953ms step_avg:215.85ms
step:3985/4740 train_time:860135ms step_avg:215.84ms
step:3986/4740 train_time:860455ms step_avg:215.87ms
step:3987/4740 train_time:860637ms step_avg:215.86ms
step:3988/4740 train_time:860961ms step_avg:215.89ms
step:3989/4740 train_time:861147ms step_avg:215.88ms
step:3990/4740 train_time:861467ms step_avg:215.91ms
step:3991/4740 train_time:861651ms step_avg:215.90ms
step:3992/4740 train_time:861973ms step_avg:215.93ms
step:3993/4740 train_time:862155ms step_avg:215.92ms
step:3994/4740 train_time:862479ms step_avg:215.94ms
step:3995/4740 train_time:862661ms step_avg:215.94ms
step:3996/4740 train_time:862984ms step_avg:215.96ms
step:3997/4740 train_time:863166ms step_avg:215.95ms
step:3998/4740 train_time:863490ms step_avg:215.98ms
step:3999/4740 train_time:863672ms step_avg:215.97ms
step:4000/4740 train_time:863992ms step_avg:216.00ms
step:4000/4740 val_loss:2.9919 train_time:864122ms step_avg:216.03ms
step:4001/4740 train_time:864178ms step_avg:215.99ms
step:4002/4740 train_time:864506ms step_avg:216.02ms
step:4003/4740 train_time:864694ms step_avg:216.01ms
step:4004/4740 train_time:865011ms step_avg:216.04ms
step:4005/4740 train_time:865193ms step_avg:216.03ms
step:4006/4740 train_time:865515ms step_avg:216.05ms
step:4007/4740 train_time:865704ms step_avg:216.05ms
step:4008/4740 train_time:866022ms step_avg:216.07ms
step:4009/4740 train_time:866205ms step_avg:216.06ms
step:4010/4740 train_time:866527ms step_avg:216.09ms
step:4011/4740 train_time:866714ms step_avg:216.08ms
step:4012/4740 train_time:867037ms step_avg:216.11ms
step:4013/4740 train_time:867217ms step_avg:216.10ms
step:4014/4740 train_time:867541ms step_avg:216.13ms
step:4015/4740 train_time:867725ms step_avg:216.12ms
step:4016/4740 train_time:868047ms step_avg:216.15ms
step:4017/4740 train_time:868228ms step_avg:216.14ms
step:4018/4740 train_time:868553ms step_avg:216.17ms
step:4019/4740 train_time:868734ms step_avg:216.16ms
step:4020/4740 train_time:869059ms step_avg:216.18ms
step:4021/4740 train_time:869239ms step_avg:216.17ms
step:4022/4740 train_time:869560ms step_avg:216.20ms
step:4023/4740 train_time:869742ms step_avg:216.19ms
step:4024/4740 train_time:870062ms step_avg:216.22ms
step:4025/4740 train_time:870245ms step_avg:216.21ms
step:4026/4740 train_time:870564ms step_avg:216.24ms
step:4027/4740 train_time:870747ms step_avg:216.23ms
step:4028/4740 train_time:871069ms step_avg:216.25ms
step:4029/4740 train_time:871254ms step_avg:216.25ms
step:4030/4740 train_time:871581ms step_avg:216.27ms
step:4031/4740 train_time:871763ms step_avg:216.26ms
step:4032/4740 train_time:872085ms step_avg:216.29ms
step:4033/4740 train_time:872265ms step_avg:216.28ms
step:4034/4740 train_time:872587ms step_avg:216.31ms
step:4035/4740 train_time:872771ms step_avg:216.30ms
step:4036/4740 train_time:873094ms step_avg:216.33ms
step:4037/4740 train_time:873280ms step_avg:216.32ms
step:4038/4740 train_time:873602ms step_avg:216.35ms
step:4039/4740 train_time:873789ms step_avg:216.34ms
step:4040/4740 train_time:874110ms step_avg:216.36ms
step:4041/4740 train_time:874294ms step_avg:216.36ms
step:4042/4740 train_time:874614ms step_avg:216.38ms
step:4043/4740 train_time:874802ms step_avg:216.37ms
step:4044/4740 train_time:875120ms step_avg:216.40ms
step:4045/4740 train_time:875302ms step_avg:216.39ms
step:4046/4740 train_time:875622ms step_avg:216.42ms
step:4047/4740 train_time:875805ms step_avg:216.41ms
step:4048/4740 train_time:876126ms step_avg:216.43ms
step:4049/4740 train_time:876310ms step_avg:216.43ms
step:4050/4740 train_time:876632ms step_avg:216.45ms
step:4051/4740 train_time:876815ms step_avg:216.44ms
step:4052/4740 train_time:877135ms step_avg:216.47ms
step:4053/4740 train_time:877321ms step_avg:216.46ms
step:4054/4740 train_time:877640ms step_avg:216.49ms
step:4055/4740 train_time:877822ms step_avg:216.48ms
step:4056/4740 train_time:878143ms step_avg:216.50ms
step:4057/4740 train_time:878330ms step_avg:216.50ms
step:4058/4740 train_time:878651ms step_avg:216.52ms
step:4059/4740 train_time:878835ms step_avg:216.52ms
step:4060/4740 train_time:879153ms step_avg:216.54ms
step:4061/4740 train_time:879339ms step_avg:216.53ms
step:4062/4740 train_time:879662ms step_avg:216.56ms
step:4063/4740 train_time:879844ms step_avg:216.55ms
step:4064/4740 train_time:880164ms step_avg:216.58ms
step:4065/4740 train_time:880347ms step_avg:216.57ms
step:4066/4740 train_time:880668ms step_avg:216.59ms
step:4067/4740 train_time:880850ms step_avg:216.58ms
step:4068/4740 train_time:881173ms step_avg:216.61ms
step:4069/4740 train_time:881353ms step_avg:216.60ms
step:4070/4740 train_time:881676ms step_avg:216.63ms
step:4071/4740 train_time:881859ms step_avg:216.62ms
step:4072/4740 train_time:882185ms step_avg:216.65ms
step:4073/4740 train_time:882363ms step_avg:216.64ms
step:4074/4740 train_time:882683ms step_avg:216.66ms
step:4075/4740 train_time:882869ms step_avg:216.65ms
step:4076/4740 train_time:883192ms step_avg:216.68ms
step:4077/4740 train_time:883378ms step_avg:216.67ms
step:4078/4740 train_time:883704ms step_avg:216.70ms
step:4079/4740 train_time:883885ms step_avg:216.69ms
step:4080/4740 train_time:884203ms step_avg:216.72ms
step:4081/4740 train_time:884390ms step_avg:216.71ms
step:4082/4740 train_time:884711ms step_avg:216.73ms
step:4083/4740 train_time:884893ms step_avg:216.73ms
step:4084/4740 train_time:885215ms step_avg:216.75ms
step:4085/4740 train_time:885397ms step_avg:216.74ms
step:4086/4740 train_time:885718ms step_avg:216.77ms
step:4087/4740 train_time:885901ms step_avg:216.76ms
step:4088/4740 train_time:886224ms step_avg:216.79ms
step:4089/4740 train_time:886406ms step_avg:216.78ms
step:4090/4740 train_time:886728ms step_avg:216.80ms
step:4091/4740 train_time:886911ms step_avg:216.80ms
step:4092/4740 train_time:887233ms step_avg:216.82ms
step:4093/4740 train_time:887417ms step_avg:216.81ms
step:4094/4740 train_time:887742ms step_avg:216.84ms
step:4095/4740 train_time:887921ms step_avg:216.83ms
step:4096/4740 train_time:888253ms step_avg:216.86ms
step:4097/4740 train_time:888431ms step_avg:216.85ms
step:4098/4740 train_time:888752ms step_avg:216.87ms
step:4099/4740 train_time:888930ms step_avg:216.87ms
step:4100/4740 train_time:889253ms step_avg:216.89ms
step:4101/4740 train_time:889435ms step_avg:216.88ms
step:4102/4740 train_time:889758ms step_avg:216.91ms
step:4103/4740 train_time:889939ms step_avg:216.90ms
step:4104/4740 train_time:890262ms step_avg:216.93ms
step:4105/4740 train_time:890448ms step_avg:216.92ms
step:4106/4740 train_time:890770ms step_avg:216.94ms
step:4107/4740 train_time:890949ms step_avg:216.93ms
step:4108/4740 train_time:891272ms step_avg:216.96ms
step:4109/4740 train_time:891459ms step_avg:216.95ms
step:4110/4740 train_time:891781ms step_avg:216.98ms
step:4111/4740 train_time:891959ms step_avg:216.97ms
step:4112/4740 train_time:892286ms step_avg:217.00ms
step:4113/4740 train_time:892470ms step_avg:216.99ms
step:4114/4740 train_time:892794ms step_avg:217.01ms
step:4115/4740 train_time:892977ms step_avg:217.01ms
step:4116/4740 train_time:893298ms step_avg:217.03ms
step:4117/4740 train_time:893480ms step_avg:217.02ms
step:4118/4740 train_time:893801ms step_avg:217.05ms
step:4119/4740 train_time:893988ms step_avg:217.04ms
step:4120/4740 train_time:894307ms step_avg:217.06ms
step:4121/4740 train_time:894490ms step_avg:217.06ms
step:4122/4740 train_time:894812ms step_avg:217.08ms
step:4123/4740 train_time:894993ms step_avg:217.07ms
step:4124/4740 train_time:895317ms step_avg:217.10ms
step:4125/4740 train_time:895495ms step_avg:217.09ms
step:4126/4740 train_time:895820ms step_avg:217.12ms
step:4127/4740 train_time:896004ms step_avg:217.11ms
step:4128/4740 train_time:896324ms step_avg:217.13ms
step:4129/4740 train_time:896507ms step_avg:217.12ms
step:4130/4740 train_time:896833ms step_avg:217.15ms
step:4131/4740 train_time:897017ms step_avg:217.14ms
step:4132/4740 train_time:897338ms step_avg:217.17ms
step:4133/4740 train_time:897525ms step_avg:217.16ms
step:4134/4740 train_time:897847ms step_avg:217.19ms
step:4135/4740 train_time:898033ms step_avg:217.18ms
step:4136/4740 train_time:898352ms step_avg:217.20ms
step:4137/4740 train_time:898536ms step_avg:217.20ms
step:4138/4740 train_time:898858ms step_avg:217.22ms
step:4139/4740 train_time:899042ms step_avg:217.21ms
step:4140/4740 train_time:899363ms step_avg:217.24ms
step:4141/4740 train_time:899543ms step_avg:217.23ms
step:4142/4740 train_time:899868ms step_avg:217.25ms
step:4143/4740 train_time:900049ms step_avg:217.25ms
step:4144/4740 train_time:900369ms step_avg:217.27ms
step:4145/4740 train_time:900555ms step_avg:217.26ms
step:4146/4740 train_time:900877ms step_avg:217.29ms
step:4147/4740 train_time:901057ms step_avg:217.28ms
step:4148/4740 train_time:901383ms step_avg:217.31ms
step:4149/4740 train_time:901562ms step_avg:217.30ms
step:4150/4740 train_time:901882ms step_avg:217.32ms
step:4151/4740 train_time:902067ms step_avg:217.31ms
step:4152/4740 train_time:902390ms step_avg:217.34ms
step:4153/4740 train_time:902572ms step_avg:217.33ms
step:4154/4740 train_time:902895ms step_avg:217.36ms
step:4155/4740 train_time:903081ms step_avg:217.35ms
step:4156/4740 train_time:903404ms step_avg:217.37ms
step:4157/4740 train_time:903589ms step_avg:217.37ms
step:4158/4740 train_time:903910ms step_avg:217.39ms
step:4159/4740 train_time:904091ms step_avg:217.38ms
step:4160/4740 train_time:904415ms step_avg:217.41ms
step:4161/4740 train_time:904598ms step_avg:217.40ms
step:4162/4740 train_time:904921ms step_avg:217.42ms
step:4163/4740 train_time:905109ms step_avg:217.42ms
step:4164/4740 train_time:905430ms step_avg:217.44ms
step:4165/4740 train_time:905616ms step_avg:217.43ms
step:4166/4740 train_time:905939ms step_avg:217.46ms
step:4167/4740 train_time:906121ms step_avg:217.45ms
step:4168/4740 train_time:906445ms step_avg:217.48ms
step:4169/4740 train_time:906626ms step_avg:217.47ms
step:4170/4740 train_time:906946ms step_avg:217.49ms
step:4171/4740 train_time:907133ms step_avg:217.49ms
step:4172/4740 train_time:907456ms step_avg:217.51ms
step:4173/4740 train_time:907639ms step_avg:217.50ms
step:4174/4740 train_time:907960ms step_avg:217.53ms
step:4175/4740 train_time:908145ms step_avg:217.52ms
step:4176/4740 train_time:908469ms step_avg:217.55ms
step:4177/4740 train_time:908650ms step_avg:217.54ms
step:4178/4740 train_time:908973ms step_avg:217.56ms
step:4179/4740 train_time:909154ms step_avg:217.55ms
step:4180/4740 train_time:909475ms step_avg:217.58ms
step:4181/4740 train_time:909661ms step_avg:217.57ms
step:4182/4740 train_time:909982ms step_avg:217.60ms
step:4183/4740 train_time:910165ms step_avg:217.59ms
step:4184/4740 train_time:910490ms step_avg:217.61ms
step:4185/4740 train_time:910670ms step_avg:217.60ms
step:4186/4740 train_time:910995ms step_avg:217.63ms
step:4187/4740 train_time:911174ms step_avg:217.62ms
step:4188/4740 train_time:911496ms step_avg:217.64ms
step:4189/4740 train_time:911676ms step_avg:217.64ms
step:4190/4740 train_time:911999ms step_avg:217.66ms
step:4191/4740 train_time:912179ms step_avg:217.65ms
step:4192/4740 train_time:912500ms step_avg:217.68ms
step:4193/4740 train_time:912684ms step_avg:217.67ms
step:4194/4740 train_time:913002ms step_avg:217.69ms
step:4195/4740 train_time:913184ms step_avg:217.68ms
step:4196/4740 train_time:913508ms step_avg:217.71ms
step:4197/4740 train_time:913693ms step_avg:217.70ms
step:4198/4740 train_time:914015ms step_avg:217.73ms
step:4199/4740 train_time:914202ms step_avg:217.72ms
step:4200/4740 train_time:914523ms step_avg:217.74ms
step:4201/4740 train_time:914707ms step_avg:217.74ms
step:4202/4740 train_time:915027ms step_avg:217.76ms
step:4203/4740 train_time:915213ms step_avg:217.75ms
step:4204/4740 train_time:915538ms step_avg:217.78ms
step:4205/4740 train_time:915719ms step_avg:217.77ms
step:4206/4740 train_time:916040ms step_avg:217.79ms
step:4207/4740 train_time:916225ms step_avg:217.79ms
step:4208/4740 train_time:916545ms step_avg:217.81ms
step:4209/4740 train_time:916731ms step_avg:217.80ms
step:4210/4740 train_time:917055ms step_avg:217.83ms
step:4211/4740 train_time:917233ms step_avg:217.82ms
step:4212/4740 train_time:917552ms step_avg:217.84ms
step:4213/4740 train_time:917736ms step_avg:217.83ms
step:4214/4740 train_time:918059ms step_avg:217.86ms
step:4215/4740 train_time:918240ms step_avg:217.85ms
step:4216/4740 train_time:918558ms step_avg:217.87ms
step:4217/4740 train_time:918746ms step_avg:217.87ms
step:4218/4740 train_time:919072ms step_avg:217.89ms
step:4219/4740 train_time:919257ms step_avg:217.89ms
step:4220/4740 train_time:919577ms step_avg:217.91ms
step:4221/4740 train_time:919761ms step_avg:217.90ms
step:4222/4740 train_time:920084ms step_avg:217.93ms
step:4223/4740 train_time:920267ms step_avg:217.92ms
step:4224/4740 train_time:920591ms step_avg:217.94ms
step:4225/4740 train_time:920774ms step_avg:217.93ms
step:4226/4740 train_time:921094ms step_avg:217.96ms
step:4227/4740 train_time:921278ms step_avg:217.95ms
step:4228/4740 train_time:921600ms step_avg:217.98ms
step:4229/4740 train_time:921781ms step_avg:217.97ms
step:4230/4740 train_time:922103ms step_avg:217.99ms
step:4231/4740 train_time:922288ms step_avg:217.98ms
step:4232/4740 train_time:922613ms step_avg:218.01ms
step:4233/4740 train_time:922798ms step_avg:218.00ms
step:4234/4740 train_time:923118ms step_avg:218.03ms
step:4235/4740 train_time:923301ms step_avg:218.02ms
step:4236/4740 train_time:923618ms step_avg:218.04ms
step:4237/4740 train_time:923803ms step_avg:218.03ms
step:4238/4740 train_time:924120ms step_avg:218.06ms
step:4239/4740 train_time:924307ms step_avg:218.05ms
step:4240/4740 train_time:924628ms step_avg:218.07ms
step:4241/4740 train_time:924813ms step_avg:218.06ms
step:4242/4740 train_time:925135ms step_avg:218.09ms
step:4243/4740 train_time:925314ms step_avg:218.08ms
step:4244/4740 train_time:925633ms step_avg:218.10ms
step:4245/4740 train_time:925820ms step_avg:218.10ms
step:4246/4740 train_time:926144ms step_avg:218.12ms
step:4247/4740 train_time:926327ms step_avg:218.11ms
step:4248/4740 train_time:926650ms step_avg:218.14ms
step:4249/4740 train_time:926833ms step_avg:218.13ms
step:4250/4740 train_time:927153ms step_avg:218.15ms
step:4250/4740 val_loss:2.9648 train_time:927282ms step_avg:218.18ms
step:4251/4740 train_time:927339ms step_avg:218.15ms
step:4252/4740 train_time:927667ms step_avg:218.17ms
step:4253/4740 train_time:927855ms step_avg:218.16ms
step:4254/4740 train_time:928174ms step_avg:218.19ms
step:4255/4740 train_time:928356ms step_avg:218.18ms
step:4256/4740 train_time:928678ms step_avg:218.20ms
step:4257/4740 train_time:928862ms step_avg:218.20ms
step:4258/4740 train_time:929181ms step_avg:218.22ms
step:4259/4740 train_time:929363ms step_avg:218.21ms
step:4260/4740 train_time:929686ms step_avg:218.24ms
step:4261/4740 train_time:929874ms step_avg:218.23ms
step:4262/4740 train_time:930195ms step_avg:218.25ms
step:4263/4740 train_time:930376ms step_avg:218.24ms
step:4264/4740 train_time:930696ms step_avg:218.27ms
step:4265/4740 train_time:930884ms step_avg:218.26ms
step:4266/4740 train_time:931203ms step_avg:218.28ms
step:4267/4740 train_time:931383ms step_avg:218.28ms
step:4268/4740 train_time:931701ms step_avg:218.30ms
step:4269/4740 train_time:931890ms step_avg:218.29ms
step:4270/4740 train_time:932214ms step_avg:218.32ms
step:4271/4740 train_time:932392ms step_avg:218.31ms
step:4272/4740 train_time:932715ms step_avg:218.33ms
step:4273/4740 train_time:932902ms step_avg:218.32ms
step:4274/4740 train_time:933224ms step_avg:218.35ms
step:4275/4740 train_time:933403ms step_avg:218.34ms
step:4276/4740 train_time:933727ms step_avg:218.36ms
step:4277/4740 train_time:933911ms step_avg:218.36ms
step:4278/4740 train_time:934235ms step_avg:218.38ms
step:4279/4740 train_time:934418ms step_avg:218.37ms
step:4280/4740 train_time:934740ms step_avg:218.40ms
step:4281/4740 train_time:934921ms step_avg:218.39ms
step:4282/4740 train_time:935244ms step_avg:218.41ms
step:4283/4740 train_time:935427ms step_avg:218.40ms
step:4284/4740 train_time:935753ms step_avg:218.43ms
step:4285/4740 train_time:935934ms step_avg:218.42ms
step:4286/4740 train_time:936255ms step_avg:218.44ms
step:4287/4740 train_time:936437ms step_avg:218.44ms
step:4288/4740 train_time:936762ms step_avg:218.46ms
step:4289/4740 train_time:936942ms step_avg:218.45ms
step:4290/4740 train_time:937263ms step_avg:218.48ms
step:4291/4740 train_time:937443ms step_avg:218.47ms
step:4292/4740 train_time:937773ms step_avg:218.49ms
step:4293/4740 train_time:937955ms step_avg:218.48ms
step:4294/4740 train_time:938279ms step_avg:218.51ms
step:4295/4740 train_time:938460ms step_avg:218.50ms
step:4296/4740 train_time:938783ms step_avg:218.52ms
step:4297/4740 train_time:938965ms step_avg:218.52ms
step:4298/4740 train_time:939286ms step_avg:218.54ms
step:4299/4740 train_time:939473ms step_avg:218.53ms
step:4300/4740 train_time:939796ms step_avg:218.56ms
step:4301/4740 train_time:939984ms step_avg:218.55ms
step:4302/4740 train_time:940303ms step_avg:218.57ms
step:4303/4740 train_time:940486ms step_avg:218.57ms
step:4304/4740 train_time:940811ms step_avg:218.59ms
step:4305/4740 train_time:940996ms step_avg:218.58ms
step:4306/4740 train_time:941320ms step_avg:218.61ms
step:4307/4740 train_time:941501ms step_avg:218.60ms
step:4308/4740 train_time:941824ms step_avg:218.62ms
step:4309/4740 train_time:942004ms step_avg:218.61ms
step:4310/4740 train_time:942328ms step_avg:218.64ms
step:4311/4740 train_time:942507ms step_avg:218.63ms
step:4312/4740 train_time:942831ms step_avg:218.65ms
step:4313/4740 train_time:943015ms step_avg:218.64ms
step:4314/4740 train_time:943336ms step_avg:218.67ms
step:4315/4740 train_time:943517ms step_avg:218.66ms
step:4316/4740 train_time:943840ms step_avg:218.68ms
step:4317/4740 train_time:944023ms step_avg:218.68ms
step:4318/4740 train_time:944343ms step_avg:218.70ms
step:4319/4740 train_time:944527ms step_avg:218.69ms
step:4320/4740 train_time:944846ms step_avg:218.71ms
step:4321/4740 train_time:945032ms step_avg:218.71ms
step:4322/4740 train_time:945355ms step_avg:218.73ms
step:4323/4740 train_time:945538ms step_avg:218.72ms
step:4324/4740 train_time:945861ms step_avg:218.75ms
step:4325/4740 train_time:946042ms step_avg:218.74ms
step:4326/4740 train_time:946364ms step_avg:218.76ms
step:4327/4740 train_time:946547ms step_avg:218.75ms
step:4328/4740 train_time:946868ms step_avg:218.78ms
step:4329/4740 train_time:947049ms step_avg:218.77ms
step:4330/4740 train_time:947369ms step_avg:218.79ms
step:4331/4740 train_time:947551ms step_avg:218.78ms
step:4332/4740 train_time:947874ms step_avg:218.81ms
step:4333/4740 train_time:948056ms step_avg:218.80ms
step:4334/4740 train_time:948375ms step_avg:218.82ms
step:4335/4740 train_time:948561ms step_avg:218.81ms
step:4336/4740 train_time:948883ms step_avg:218.84ms
step:4337/4740 train_time:949068ms step_avg:218.83ms
step:4338/4740 train_time:949390ms step_avg:218.85ms
step:4339/4740 train_time:949579ms step_avg:218.85ms
step:4340/4740 train_time:949899ms step_avg:218.87ms
step:4341/4740 train_time:950083ms step_avg:218.86ms
step:4342/4740 train_time:950402ms step_avg:218.89ms
step:4343/4740 train_time:950587ms step_avg:218.88ms
step:4344/4740 train_time:950907ms step_avg:218.90ms
step:4345/4740 train_time:951090ms step_avg:218.89ms
step:4346/4740 train_time:951412ms step_avg:218.92ms
step:4347/4740 train_time:951599ms step_avg:218.91ms
step:4348/4740 train_time:951925ms step_avg:218.93ms
step:4349/4740 train_time:952102ms step_avg:218.92ms
step:4350/4740 train_time:952428ms step_avg:218.95ms
step:4351/4740 train_time:952609ms step_avg:218.94ms
step:4352/4740 train_time:952933ms step_avg:218.96ms
step:4353/4740 train_time:953110ms step_avg:218.95ms
step:4354/4740 train_time:953432ms step_avg:218.98ms
step:4355/4740 train_time:953617ms step_avg:218.97ms
step:4356/4740 train_time:953936ms step_avg:218.99ms
step:4357/4740 train_time:954121ms step_avg:218.99ms
step:4358/4740 train_time:954446ms step_avg:219.01ms
step:4359/4740 train_time:954632ms step_avg:219.00ms
step:4360/4740 train_time:954953ms step_avg:219.03ms
step:4361/4740 train_time:955135ms step_avg:219.02ms
step:4362/4740 train_time:955460ms step_avg:219.04ms
step:4363/4740 train_time:955641ms step_avg:219.03ms
step:4364/4740 train_time:955965ms step_avg:219.06ms
step:4365/4740 train_time:956143ms step_avg:219.05ms
step:4366/4740 train_time:956469ms step_avg:219.07ms
step:4367/4740 train_time:956650ms step_avg:219.06ms
step:4368/4740 train_time:956974ms step_avg:219.09ms
step:4369/4740 train_time:957157ms step_avg:219.08ms
step:4370/4740 train_time:957478ms step_avg:219.10ms
step:4371/4740 train_time:957658ms step_avg:219.09ms
step:4372/4740 train_time:957980ms step_avg:219.12ms
step:4373/4740 train_time:958161ms step_avg:219.11ms
step:4374/4740 train_time:958484ms step_avg:219.13ms
step:4375/4740 train_time:958665ms step_avg:219.12ms
step:4376/4740 train_time:958989ms step_avg:219.15ms
step:4377/4740 train_time:959173ms step_avg:219.14ms
step:4378/4740 train_time:959494ms step_avg:219.16ms
step:4379/4740 train_time:959681ms step_avg:219.16ms
step:4380/4740 train_time:960004ms step_avg:219.18ms
step:4381/4740 train_time:960186ms step_avg:219.17ms
step:4382/4740 train_time:960508ms step_avg:219.19ms
step:4383/4740 train_time:960689ms step_avg:219.19ms
step:4384/4740 train_time:961011ms step_avg:219.21ms
step:4385/4740 train_time:961195ms step_avg:219.20ms
step:4386/4740 train_time:961515ms step_avg:219.22ms
step:4387/4740 train_time:961701ms step_avg:219.22ms
step:4388/4740 train_time:962022ms step_avg:219.24ms
step:4389/4740 train_time:962205ms step_avg:219.23ms
step:4390/4740 train_time:962524ms step_avg:219.25ms
step:4391/4740 train_time:962710ms step_avg:219.25ms
step:4392/4740 train_time:963034ms step_avg:219.27ms
step:4393/4740 train_time:963219ms step_avg:219.26ms
step:4394/4740 train_time:963538ms step_avg:219.29ms
step:4395/4740 train_time:963720ms step_avg:219.28ms
step:4396/4740 train_time:964043ms step_avg:219.30ms
step:4397/4740 train_time:964226ms step_avg:219.29ms
step:4398/4740 train_time:964544ms step_avg:219.31ms
step:4399/4740 train_time:964726ms step_avg:219.31ms
step:4400/4740 train_time:965048ms step_avg:219.33ms
step:4401/4740 train_time:965234ms step_avg:219.32ms
step:4402/4740 train_time:965560ms step_avg:219.35ms
step:4403/4740 train_time:965740ms step_avg:219.34ms
step:4404/4740 train_time:966063ms step_avg:219.36ms
step:4405/4740 train_time:966245ms step_avg:219.35ms
step:4406/4740 train_time:966569ms step_avg:219.38ms
step:4407/4740 train_time:966753ms step_avg:219.37ms
step:4408/4740 train_time:967078ms step_avg:219.39ms
step:4409/4740 train_time:967260ms step_avg:219.38ms
step:4410/4740 train_time:967584ms step_avg:219.41ms
step:4411/4740 train_time:967764ms step_avg:219.40ms
step:4412/4740 train_time:968085ms step_avg:219.42ms
step:4413/4740 train_time:968265ms step_avg:219.41ms
step:4414/4740 train_time:968587ms step_avg:219.44ms
step:4415/4740 train_time:968770ms step_avg:219.43ms
step:4416/4740 train_time:969096ms step_avg:219.45ms
step:4417/4740 train_time:969276ms step_avg:219.44ms
step:4418/4740 train_time:969599ms step_avg:219.47ms
step:4419/4740 train_time:969782ms step_avg:219.46ms
step:4420/4740 train_time:970105ms step_avg:219.48ms
step:4421/4740 train_time:970285ms step_avg:219.47ms
step:4422/4740 train_time:970606ms step_avg:219.49ms
step:4423/4740 train_time:970791ms step_avg:219.49ms
step:4424/4740 train_time:971115ms step_avg:219.51ms
step:4425/4740 train_time:971299ms step_avg:219.50ms
step:4426/4740 train_time:971620ms step_avg:219.53ms
step:4427/4740 train_time:971800ms step_avg:219.52ms
step:4428/4740 train_time:972123ms step_avg:219.54ms
step:4429/4740 train_time:972306ms step_avg:219.53ms
step:4430/4740 train_time:972630ms step_avg:219.56ms
step:4431/4740 train_time:972814ms step_avg:219.55ms
step:4432/4740 train_time:973136ms step_avg:219.57ms
step:4433/4740 train_time:973321ms step_avg:219.56ms
step:4434/4740 train_time:973640ms step_avg:219.59ms
step:4435/4740 train_time:973826ms step_avg:219.58ms
step:4436/4740 train_time:974146ms step_avg:219.60ms
step:4437/4740 train_time:974330ms step_avg:219.59ms
step:4438/4740 train_time:974655ms step_avg:219.62ms
step:4439/4740 train_time:974836ms step_avg:219.61ms
step:4440/4740 train_time:975161ms step_avg:219.63ms
step:4441/4740 train_time:975340ms step_avg:219.62ms
step:4442/4740 train_time:975663ms step_avg:219.64ms
step:4443/4740 train_time:975845ms step_avg:219.64ms
step:4444/4740 train_time:976163ms step_avg:219.66ms
step:4445/4740 train_time:976348ms step_avg:219.65ms
step:4446/4740 train_time:976671ms step_avg:219.67ms
step:4447/4740 train_time:976856ms step_avg:219.67ms
step:4448/4740 train_time:977178ms step_avg:219.69ms
step:4449/4740 train_time:977358ms step_avg:219.68ms
step:4450/4740 train_time:977685ms step_avg:219.70ms
step:4451/4740 train_time:977868ms step_avg:219.70ms
step:4452/4740 train_time:978190ms step_avg:219.72ms
step:4453/4740 train_time:978370ms step_avg:219.71ms
step:4454/4740 train_time:978695ms step_avg:219.73ms
step:4455/4740 train_time:978878ms step_avg:219.73ms
step:4456/4740 train_time:979201ms step_avg:219.75ms
step:4457/4740 train_time:979380ms step_avg:219.74ms
step:4458/4740 train_time:979705ms step_avg:219.76ms
step:4459/4740 train_time:979888ms step_avg:219.76ms
step:4460/4740 train_time:980210ms step_avg:219.78ms
step:4461/4740 train_time:980396ms step_avg:219.77ms
step:4462/4740 train_time:980719ms step_avg:219.79ms
step:4463/4740 train_time:980903ms step_avg:219.79ms
step:4464/4740 train_time:981227ms step_avg:219.81ms
step:4465/4740 train_time:981408ms step_avg:219.80ms
step:4466/4740 train_time:981731ms step_avg:219.82ms
step:4467/4740 train_time:981913ms step_avg:219.81ms
step:4468/4740 train_time:982237ms step_avg:219.84ms
step:4469/4740 train_time:982421ms step_avg:219.83ms
step:4470/4740 train_time:982744ms step_avg:219.85ms
step:4471/4740 train_time:982928ms step_avg:219.85ms
step:4472/4740 train_time:983249ms step_avg:219.87ms
step:4473/4740 train_time:983437ms step_avg:219.86ms
step:4474/4740 train_time:983762ms step_avg:219.88ms
step:4475/4740 train_time:983940ms step_avg:219.87ms
step:4476/4740 train_time:984262ms step_avg:219.90ms
step:4477/4740 train_time:984446ms step_avg:219.89ms
step:4478/4740 train_time:984773ms step_avg:219.91ms
step:4479/4740 train_time:984954ms step_avg:219.90ms
step:4480/4740 train_time:985278ms step_avg:219.93ms
step:4481/4740 train_time:985458ms step_avg:219.92ms
step:4482/4740 train_time:985785ms step_avg:219.94ms
step:4483/4740 train_time:985961ms step_avg:219.93ms
step:4484/4740 train_time:986285ms step_avg:219.96ms
step:4485/4740 train_time:986467ms step_avg:219.95ms
step:4486/4740 train_time:986788ms step_avg:219.97ms
step:4487/4740 train_time:986971ms step_avg:219.96ms
step:4488/4740 train_time:987294ms step_avg:219.99ms
step:4489/4740 train_time:987478ms step_avg:219.98ms
step:4490/4740 train_time:987796ms step_avg:220.00ms
step:4491/4740 train_time:987981ms step_avg:219.99ms
step:4492/4740 train_time:988303ms step_avg:220.01ms
step:4493/4740 train_time:988490ms step_avg:220.01ms
step:4494/4740 train_time:988812ms step_avg:220.03ms
step:4495/4740 train_time:988996ms step_avg:220.02ms
step:4496/4740 train_time:989316ms step_avg:220.04ms
step:4497/4740 train_time:989500ms step_avg:220.04ms
step:4498/4740 train_time:989823ms step_avg:220.06ms
step:4499/4740 train_time:990004ms step_avg:220.05ms
step:4500/4740 train_time:990328ms step_avg:220.07ms
step:4500/4740 val_loss:2.9411 train_time:990456ms step_avg:220.10ms
step:4501/4740 train_time:990512ms step_avg:220.06ms
step:4502/4740 train_time:990844ms step_avg:220.09ms
step:4503/4740 train_time:991029ms step_avg:220.08ms
step:4504/4740 train_time:991348ms step_avg:220.10ms
step:4505/4740 train_time:991529ms step_avg:220.10ms
step:4506/4740 train_time:991856ms step_avg:220.12ms
step:4507/4740 train_time:992046ms step_avg:220.11ms
step:4508/4740 train_time:992363ms step_avg:220.13ms
step:4509/4740 train_time:992547ms step_avg:220.13ms
step:4510/4740 train_time:992871ms step_avg:220.15ms
step:4511/4740 train_time:993056ms step_avg:220.14ms
step:4512/4740 train_time:993376ms step_avg:220.16ms
step:4513/4740 train_time:993559ms step_avg:220.15ms
step:4514/4740 train_time:993884ms step_avg:220.18ms
step:4515/4740 train_time:994065ms step_avg:220.17ms
step:4516/4740 train_time:994390ms step_avg:220.19ms
step:4517/4740 train_time:994569ms step_avg:220.18ms
step:4518/4740 train_time:994890ms step_avg:220.21ms
step:4519/4740 train_time:995072ms step_avg:220.20ms
step:4520/4740 train_time:995394ms step_avg:220.22ms
step:4521/4740 train_time:995576ms step_avg:220.21ms
step:4522/4740 train_time:995901ms step_avg:220.23ms
step:4523/4740 train_time:996086ms step_avg:220.23ms
step:4524/4740 train_time:996411ms step_avg:220.25ms
step:4525/4740 train_time:996594ms step_avg:220.24ms
step:4526/4740 train_time:996916ms step_avg:220.26ms
step:4527/4740 train_time:997101ms step_avg:220.26ms
step:4528/4740 train_time:997423ms step_avg:220.28ms
step:4529/4740 train_time:997605ms step_avg:220.27ms
step:4530/4740 train_time:997928ms step_avg:220.29ms
step:4531/4740 train_time:998111ms step_avg:220.29ms
step:4532/4740 train_time:998432ms step_avg:220.31ms
step:4533/4740 train_time:998616ms step_avg:220.30ms
step:4534/4740 train_time:998939ms step_avg:220.32ms
step:4535/4740 train_time:999121ms step_avg:220.31ms
step:4536/4740 train_time:999444ms step_avg:220.34ms
step:4537/4740 train_time:999626ms step_avg:220.33ms
step:4538/4740 train_time:999951ms step_avg:220.35ms
step:4539/4740 train_time:1000133ms step_avg:220.34ms
step:4540/4740 train_time:1000456ms step_avg:220.36ms
step:4541/4740 train_time:1000641ms step_avg:220.36ms
step:4542/4740 train_time:1000962ms step_avg:220.38ms
step:4543/4740 train_time:1001148ms step_avg:220.37ms
step:4544/4740 train_time:1001464ms step_avg:220.39ms
step:4545/4740 train_time:1001652ms step_avg:220.39ms
step:4546/4740 train_time:1001976ms step_avg:220.41ms
step:4547/4740 train_time:1002160ms step_avg:220.40ms
step:4548/4740 train_time:1002478ms step_avg:220.42ms
step:4549/4740 train_time:1002666ms step_avg:220.41ms
step:4550/4740 train_time:1002988ms step_avg:220.44ms
step:4551/4740 train_time:1003172ms step_avg:220.43ms
step:4552/4740 train_time:1003492ms step_avg:220.45ms
step:4553/4740 train_time:1003674ms step_avg:220.44ms
step:4554/4740 train_time:1004001ms step_avg:220.47ms
step:4555/4740 train_time:1004181ms step_avg:220.46ms
step:4556/4740 train_time:1004506ms step_avg:220.48ms
step:4557/4740 train_time:1004687ms step_avg:220.47ms
step:4558/4740 train_time:1005013ms step_avg:220.49ms
step:4559/4740 train_time:1005198ms step_avg:220.49ms
step:4560/4740 train_time:1005520ms step_avg:220.51ms
step:4561/4740 train_time:1005705ms step_avg:220.50ms
step:4562/4740 train_time:1006027ms step_avg:220.52ms
step:4563/4740 train_time:1006215ms step_avg:220.52ms
step:4564/4740 train_time:1006540ms step_avg:220.54ms
step:4565/4740 train_time:1006726ms step_avg:220.53ms
step:4566/4740 train_time:1007048ms step_avg:220.55ms
step:4567/4740 train_time:1007231ms step_avg:220.55ms
step:4568/4740 train_time:1007552ms step_avg:220.57ms
step:4569/4740 train_time:1007734ms step_avg:220.56ms
step:4570/4740 train_time:1008059ms step_avg:220.58ms
step:4571/4740 train_time:1008242ms step_avg:220.57ms
step:4572/4740 train_time:1008565ms step_avg:220.60ms
step:4573/4740 train_time:1008745ms step_avg:220.59ms
step:4574/4740 train_time:1009067ms step_avg:220.61ms
step:4575/4740 train_time:1009245ms step_avg:220.60ms
step:4576/4740 train_time:1009570ms step_avg:220.62ms
step:4577/4740 train_time:1009751ms step_avg:220.61ms
step:4578/4740 train_time:1010069ms step_avg:220.64ms
step:4579/4740 train_time:1010257ms step_avg:220.63ms
step:4580/4740 train_time:1010583ms step_avg:220.65ms
step:4581/4740 train_time:1010766ms step_avg:220.64ms
step:4582/4740 train_time:1011087ms step_avg:220.66ms
step:4583/4740 train_time:1011272ms step_avg:220.66ms
step:4584/4740 train_time:1011593ms step_avg:220.68ms
step:4585/4740 train_time:1011774ms step_avg:220.67ms
step:4586/4740 train_time:1012098ms step_avg:220.69ms
step:4587/4740 train_time:1012280ms step_avg:220.68ms
step:4588/4740 train_time:1012601ms step_avg:220.71ms
step:4589/4740 train_time:1012789ms step_avg:220.70ms
step:4590/4740 train_time:1013116ms step_avg:220.72ms
step:4591/4740 train_time:1013296ms step_avg:220.71ms
step:4592/4740 train_time:1013622ms step_avg:220.74ms
step:4593/4740 train_time:1013806ms step_avg:220.73ms
step:4594/4740 train_time:1014130ms step_avg:220.75ms
step:4595/4740 train_time:1014312ms step_avg:220.74ms
step:4596/4740 train_time:1014636ms step_avg:220.77ms
step:4597/4740 train_time:1014819ms step_avg:220.76ms
step:4598/4740 train_time:1015139ms step_avg:220.78ms
step:4599/4740 train_time:1015326ms step_avg:220.77ms
step:4600/4740 train_time:1015651ms step_avg:220.79ms
step:4601/4740 train_time:1015829ms step_avg:220.78ms
step:4602/4740 train_time:1016152ms step_avg:220.81ms
step:4603/4740 train_time:1016334ms step_avg:220.80ms
step:4604/4740 train_time:1016659ms step_avg:220.82ms
step:4605/4740 train_time:1016837ms step_avg:220.81ms
step:4606/4740 train_time:1017161ms step_avg:220.83ms
step:4607/4740 train_time:1017342ms step_avg:220.83ms
step:4608/4740 train_time:1017664ms step_avg:220.85ms
step:4609/4740 train_time:1017846ms step_avg:220.84ms
step:4610/4740 train_time:1018166ms step_avg:220.86ms
step:4611/4740 train_time:1018349ms step_avg:220.85ms
step:4612/4740 train_time:1018671ms step_avg:220.87ms
step:4613/4740 train_time:1018852ms step_avg:220.87ms
step:4614/4740 train_time:1019175ms step_avg:220.89ms
step:4615/4740 train_time:1019357ms step_avg:220.88ms
step:4616/4740 train_time:1019682ms step_avg:220.90ms
step:4617/4740 train_time:1019863ms step_avg:220.89ms
step:4618/4740 train_time:1020186ms step_avg:220.92ms
step:4619/4740 train_time:1020365ms step_avg:220.91ms
step:4620/4740 train_time:1020688ms step_avg:220.93ms
step:4621/4740 train_time:1020868ms step_avg:220.92ms
step:4622/4740 train_time:1021191ms step_avg:220.94ms
step:4623/4740 train_time:1021377ms step_avg:220.93ms
step:4624/4740 train_time:1021698ms step_avg:220.96ms
step:4625/4740 train_time:1021881ms step_avg:220.95ms
step:4626/4740 train_time:1022202ms step_avg:220.97ms
step:4627/4740 train_time:1022388ms step_avg:220.96ms
step:4628/4740 train_time:1022714ms step_avg:220.98ms
step:4629/4740 train_time:1022896ms step_avg:220.98ms
step:4630/4740 train_time:1023219ms step_avg:221.00ms
step:4631/4740 train_time:1023403ms step_avg:220.99ms
step:4632/4740 train_time:1023722ms step_avg:221.01ms
step:4633/4740 train_time:1023906ms step_avg:221.00ms
step:4634/4740 train_time:1024230ms step_avg:221.03ms
step:4635/4740 train_time:1024413ms step_avg:221.02ms
step:4636/4740 train_time:1024736ms step_avg:221.04ms
step:4637/4740 train_time:1024919ms step_avg:221.03ms
step:4638/4740 train_time:1025242ms step_avg:221.05ms
step:4639/4740 train_time:1025425ms step_avg:221.04ms
step:4640/4740 train_time:1025750ms step_avg:221.07ms
step:4641/4740 train_time:1025929ms step_avg:221.06ms
step:4642/4740 train_time:1026251ms step_avg:221.08ms
step:4643/4740 train_time:1026434ms step_avg:221.07ms
step:4644/4740 train_time:1026755ms step_avg:221.09ms
step:4645/4740 train_time:1026942ms step_avg:221.09ms
step:4646/4740 train_time:1027265ms step_avg:221.11ms
step:4647/4740 train_time:1027445ms step_avg:221.10ms
step:4648/4740 train_time:1027767ms step_avg:221.12ms
step:4649/4740 train_time:1027947ms step_avg:221.11ms
step:4650/4740 train_time:1028270ms step_avg:221.13ms
step:4651/4740 train_time:1028459ms step_avg:221.13ms
step:4652/4740 train_time:1028785ms step_avg:221.15ms
step:4653/4740 train_time:1028964ms step_avg:221.14ms
step:4654/4740 train_time:1029287ms step_avg:221.16ms
step:4655/4740 train_time:1029469ms step_avg:221.15ms
step:4656/4740 train_time:1029792ms step_avg:221.18ms
step:4657/4740 train_time:1029978ms step_avg:221.17ms
step:4658/4740 train_time:1030302ms step_avg:221.19ms
step:4659/4740 train_time:1030486ms step_avg:221.18ms
step:4660/4740 train_time:1030808ms step_avg:221.20ms
step:4661/4740 train_time:1030990ms step_avg:221.19ms
step:4662/4740 train_time:1031312ms step_avg:221.22ms
step:4663/4740 train_time:1031491ms step_avg:221.21ms
step:4664/4740 train_time:1031815ms step_avg:221.23ms
step:4665/4740 train_time:1031994ms step_avg:221.22ms
step:4666/4740 train_time:1032316ms step_avg:221.24ms
step:4667/4740 train_time:1032498ms step_avg:221.23ms
step:4668/4740 train_time:1032823ms step_avg:221.26ms
step:4669/4740 train_time:1033005ms step_avg:221.25ms
step:4670/4740 train_time:1033330ms step_avg:221.27ms
step:4671/4740 train_time:1033509ms step_avg:221.26ms
step:4672/4740 train_time:1033838ms step_avg:221.28ms
step:4673/4740 train_time:1034017ms step_avg:221.27ms
step:4674/4740 train_time:1034341ms step_avg:221.30ms
step:4675/4740 train_time:1034522ms step_avg:221.29ms
step:4676/4740 train_time:1034845ms step_avg:221.31ms
step:4677/4740 train_time:1035028ms step_avg:221.30ms
step:4678/4740 train_time:1035348ms step_avg:221.32ms
step:4679/4740 train_time:1035531ms step_avg:221.31ms
step:4680/4740 train_time:1035858ms step_avg:221.34ms
step:4681/4740 train_time:1036038ms step_avg:221.33ms
step:4682/4740 train_time:1036360ms step_avg:221.35ms
step:4683/4740 train_time:1036546ms step_avg:221.34ms
step:4684/4740 train_time:1036868ms step_avg:221.36ms
step:4685/4740 train_time:1037051ms step_avg:221.36ms
step:4686/4740 train_time:1037375ms step_avg:221.38ms
step:4687/4740 train_time:1037564ms step_avg:221.37ms
step:4688/4740 train_time:1037885ms step_avg:221.39ms
step:4689/4740 train_time:1038066ms step_avg:221.38ms
step:4690/4740 train_time:1038386ms step_avg:221.40ms
step:4691/4740 train_time:1038566ms step_avg:221.40ms
step:4692/4740 train_time:1038887ms step_avg:221.42ms
step:4693/4740 train_time:1039069ms step_avg:221.41ms
step:4694/4740 train_time:1039392ms step_avg:221.43ms
step:4695/4740 train_time:1039572ms step_avg:221.42ms
step:4696/4740 train_time:1039893ms step_avg:221.44ms
step:4697/4740 train_time:1040076ms step_avg:221.43ms
step:4698/4740 train_time:1040396ms step_avg:221.46ms
step:4699/4740 train_time:1040577ms step_avg:221.45ms
step:4700/4740 train_time:1040895ms step_avg:221.47ms
step:4701/4740 train_time:1041082ms step_avg:221.46ms
step:4702/4740 train_time:1041406ms step_avg:221.48ms
step:4703/4740 train_time:1041589ms step_avg:221.47ms
step:4704/4740 train_time:1041915ms step_avg:221.50ms
step:4705/4740 train_time:1042100ms step_avg:221.49ms
step:4706/4740 train_time:1042424ms step_avg:221.51ms
step:4707/4740 train_time:1042606ms step_avg:221.50ms
step:4708/4740 train_time:1042927ms step_avg:221.52ms
step:4709/4740 train_time:1043112ms step_avg:221.51ms
step:4710/4740 train_time:1043437ms step_avg:221.54ms
step:4711/4740 train_time:1043620ms step_avg:221.53ms
step:4712/4740 train_time:1043942ms step_avg:221.55ms
step:4713/4740 train_time:1044127ms step_avg:221.54ms
step:4714/4740 train_time:1044448ms step_avg:221.56ms
step:4715/4740 train_time:1044630ms step_avg:221.55ms
step:4716/4740 train_time:1044954ms step_avg:221.58ms
step:4717/4740 train_time:1045136ms step_avg:221.57ms
step:4718/4740 train_time:1045460ms step_avg:221.59ms
step:4719/4740 train_time:1045642ms step_avg:221.58ms
step:4720/4740 train_time:1045965ms step_avg:221.60ms
step:4721/4740 train_time:1046146ms step_avg:221.59ms
step:4722/4740 train_time:1046472ms step_avg:221.62ms
step:4723/4740 train_time:1046656ms step_avg:221.61ms
step:4724/4740 train_time:1046979ms step_avg:221.63ms
step:4725/4740 train_time:1047164ms step_avg:221.62ms
step:4726/4740 train_time:1047486ms step_avg:221.64ms
step:4727/4740 train_time:1047666ms step_avg:221.63ms
step:4728/4740 train_time:1047989ms step_avg:221.66ms
step:4729/4740 train_time:1048172ms step_avg:221.65ms
step:4730/4740 train_time:1048491ms step_avg:221.67ms
step:4731/4740 train_time:1048678ms step_avg:221.66ms
step:4732/4740 train_time:1049004ms step_avg:221.68ms
step:4733/4740 train_time:1049185ms step_avg:221.67ms
step:4734/4740 train_time:1049507ms step_avg:221.70ms
step:4735/4740 train_time:1049686ms step_avg:221.69ms
step:4736/4740 train_time:1050011ms step_avg:221.71ms
step:4737/4740 train_time:1050193ms step_avg:221.70ms
step:4738/4740 train_time:1050513ms step_avg:221.72ms
step:4739/4740 train_time:1050698ms step_avg:221.71ms
step:4740/4740 train_time:1051021ms step_avg:221.73ms
step:4740/4740 val_loss:2.9224 train_time:1051148ms step_avg:221.76ms
peak memory allocated: 57397 MiB reserved: 61832 MiB
