W0208 18:18:24.840000 2074884 torch/distributed/run.py:852] 
W0208 18:18:24.840000 2074884 torch/distributed/run.py:852] *****************************************
W0208 18:18:24.840000 2074884 torch/distributed/run.py:852] Setting OMP_NUM_THREADS environment variable for each process to be 1 in default, to avoid your system being overloaded, please further tune the variable for optimal performance in your application as needed. 
W0208 18:18:24.840000 2074884 torch/distributed/run.py:852] *****************************************
Fetching 4 files:   0%|          | 0/4 [00:00<?, ?it/s]Fetching 4 files: 100%|██████████| 4/4 [00:00<00:00, 66576.25it/s]
Fetching 4 files:   0%|          | 0/4 [00:00<?, ?it/s]Fetching 4 files: 100%|██████████| 4/4 [00:00<00:00, 63791.70it/s]
Fetching 4 files:   0%|          | 0/4 [00:00<?, ?it/s]Fetching 4 files: 100%|██████████| 4/4 [00:00<00:00, 18416.26it/s]
Fetching 4 files:   0%|          | 0/4 [00:00<?, ?it/s]Fetching 4 files: 100%|██████████| 4/4 [00:00<00:00, 83055.52it/s]
Fetching 4 files:   0%|          | 0/4 [00:00<?, ?it/s]Fetching 4 files: 100%|██████████| 4/4 [00:00<00:00, 18098.40it/s]
Fetching 4 files:   0%|          | 0/4 [00:00<?, ?it/s]Fetching 4 files: 100%|██████████| 4/4 [00:00<00:00, 64776.90it/s]
Fetching 4 files:   0%|          | 0/4 [00:00<?, ?it/s]Fetching 4 files: 100%|██████████| 4/4 [00:00<00:00, 11831.61it/s]
Fetching 4 files:   0%|          | 0/4 [00:00<?, ?it/s]Fetching 4 files: 100%|██████████| 4/4 [00:00<00:00, 62601.55it/s]
logs/sweep_muon0.015_adam0.008.txt
74
Compiling model and warming up kernels (~7 minutes on first execution)
Sampling steps [0, 1, 391, 392, 393, 783, 784, 785, 1174, 1175, 1176, 1566, 1567, 1568, 1958, 1959, 1960, 2349, 2350, 2351, 2741, 2742, 2743, 3133, 3134, 3135] for warmup
Resetting Model
step:0/4740 val_loss:10.8340 train_time:1ms step_avg:0.99ms
step:1/4740 train_time:95ms step_avg:95.20ms
step:2/4740 train_time:162ms step_avg:81.06ms
step:3/4740 train_time:220ms step_avg:73.47ms
step:4/4740 train_time:305ms step_avg:76.29ms
step:5/4740 train_time:365ms step_avg:72.91ms
step:6/4740 train_time:450ms step_avg:74.97ms
step:7/4740 train_time:508ms step_avg:72.61ms
step:8/4740 train_time:594ms step_avg:74.25ms
step:9/4740 train_time:653ms step_avg:72.59ms
step:10/4740 train_time:739ms step_avg:73.90ms
step:11/4740 train_time:797ms step_avg:72.48ms
step:12/4740 train_time:883ms step_avg:73.59ms
step:13/4740 train_time:942ms step_avg:72.50ms
step:14/4740 train_time:1029ms step_avg:73.47ms
step:15/4740 train_time:1088ms step_avg:72.55ms
step:16/4740 train_time:1175ms step_avg:73.46ms
step:17/4740 train_time:1235ms step_avg:72.65ms
step:18/4740 train_time:1321ms step_avg:73.41ms
step:19/4740 train_time:1381ms step_avg:72.67ms
step:20/4740 train_time:1467ms step_avg:73.35ms
step:21/4740 train_time:1527ms step_avg:72.69ms
step:22/4740 train_time:1612ms step_avg:73.28ms
step:23/4740 train_time:1672ms step_avg:72.69ms
step:24/4740 train_time:1758ms step_avg:73.25ms
step:25/4740 train_time:1817ms step_avg:72.69ms
step:26/4740 train_time:1904ms step_avg:73.22ms
step:27/4740 train_time:1963ms step_avg:72.70ms
step:28/4740 train_time:2050ms step_avg:73.22ms
step:29/4740 train_time:2110ms step_avg:72.75ms
step:30/4740 train_time:2197ms step_avg:73.23ms
step:31/4740 train_time:2256ms step_avg:72.78ms
step:32/4740 train_time:2343ms step_avg:73.23ms
step:33/4740 train_time:2403ms step_avg:72.82ms
step:34/4740 train_time:2490ms step_avg:73.23ms
step:35/4740 train_time:2549ms step_avg:72.83ms
step:36/4740 train_time:2635ms step_avg:73.20ms
step:37/4740 train_time:2695ms step_avg:72.84ms
step:38/4740 train_time:2781ms step_avg:73.19ms
step:39/4740 train_time:2841ms step_avg:72.84ms
step:40/4740 train_time:2927ms step_avg:73.17ms
step:41/4740 train_time:2987ms step_avg:72.85ms
step:42/4740 train_time:3073ms step_avg:73.17ms
step:43/4740 train_time:3133ms step_avg:72.86ms
step:44/4740 train_time:3218ms step_avg:73.15ms
step:45/4740 train_time:3279ms step_avg:72.86ms
step:46/4740 train_time:3366ms step_avg:73.17ms
step:47/4740 train_time:3425ms step_avg:72.87ms
step:48/4740 train_time:3511ms step_avg:73.15ms
step:49/4740 train_time:3571ms step_avg:72.89ms
step:50/4740 train_time:3658ms step_avg:73.15ms
step:51/4740 train_time:3717ms step_avg:72.88ms
step:52/4740 train_time:3803ms step_avg:73.14ms
step:53/4740 train_time:3863ms step_avg:72.88ms
step:54/4740 train_time:3949ms step_avg:73.13ms
step:55/4740 train_time:4008ms step_avg:72.88ms
step:56/4740 train_time:4095ms step_avg:73.12ms
step:57/4740 train_time:4154ms step_avg:72.88ms
step:58/4740 train_time:4241ms step_avg:73.12ms
step:59/4740 train_time:4300ms step_avg:72.89ms
step:60/4740 train_time:4387ms step_avg:73.11ms
step:61/4740 train_time:4447ms step_avg:72.89ms
step:62/4740 train_time:4533ms step_avg:73.12ms
step:63/4740 train_time:4592ms step_avg:72.89ms
step:64/4740 train_time:4679ms step_avg:73.10ms
step:65/4740 train_time:4739ms step_avg:72.90ms
step:66/4740 train_time:4825ms step_avg:73.11ms
step:67/4740 train_time:4885ms step_avg:72.92ms
step:68/4740 train_time:4971ms step_avg:73.11ms
step:69/4740 train_time:5031ms step_avg:72.91ms
step:70/4740 train_time:5118ms step_avg:73.11ms
step:71/4740 train_time:5178ms step_avg:72.93ms
step:72/4740 train_time:5264ms step_avg:73.10ms
step:73/4740 train_time:5323ms step_avg:72.92ms
step:74/4740 train_time:5409ms step_avg:73.09ms
step:75/4740 train_time:5468ms step_avg:72.91ms
step:76/4740 train_time:5554ms step_avg:73.08ms
step:77/4740 train_time:5614ms step_avg:72.91ms
step:78/4740 train_time:5700ms step_avg:73.08ms
step:79/4740 train_time:5759ms step_avg:72.90ms
step:80/4740 train_time:5846ms step_avg:73.08ms
step:81/4740 train_time:5906ms step_avg:72.91ms
step:82/4740 train_time:5991ms step_avg:73.07ms
step:83/4740 train_time:6052ms step_avg:72.92ms
step:84/4740 train_time:6139ms step_avg:73.08ms
step:85/4740 train_time:6198ms step_avg:72.92ms
step:86/4740 train_time:6284ms step_avg:73.07ms
step:87/4740 train_time:6344ms step_avg:72.92ms
step:88/4740 train_time:6431ms step_avg:73.08ms
step:89/4740 train_time:6490ms step_avg:72.92ms
step:90/4740 train_time:6577ms step_avg:73.08ms
step:91/4740 train_time:6637ms step_avg:72.93ms
step:92/4740 train_time:6723ms step_avg:73.07ms
step:93/4740 train_time:6782ms step_avg:72.93ms
step:94/4740 train_time:6868ms step_avg:73.06ms
step:95/4740 train_time:6927ms step_avg:72.92ms
step:96/4740 train_time:7013ms step_avg:73.05ms
step:97/4740 train_time:7073ms step_avg:72.91ms
step:98/4740 train_time:7159ms step_avg:73.05ms
step:99/4740 train_time:7218ms step_avg:72.91ms
step:100/4740 train_time:7304ms step_avg:73.04ms
step:101/4740 train_time:7364ms step_avg:72.91ms
step:102/4740 train_time:7451ms step_avg:73.05ms
step:103/4740 train_time:7511ms step_avg:72.92ms
step:104/4740 train_time:7597ms step_avg:73.05ms
step:105/4740 train_time:7656ms step_avg:72.92ms
step:106/4740 train_time:7743ms step_avg:73.05ms
step:107/4740 train_time:7803ms step_avg:72.92ms
step:108/4740 train_time:7889ms step_avg:73.04ms
step:109/4740 train_time:7948ms step_avg:72.92ms
step:110/4740 train_time:8034ms step_avg:73.04ms
step:111/4740 train_time:8093ms step_avg:72.91ms
step:112/4740 train_time:8179ms step_avg:73.03ms
step:113/4740 train_time:8240ms step_avg:72.92ms
step:114/4740 train_time:8326ms step_avg:73.04ms
step:115/4740 train_time:8387ms step_avg:72.93ms
step:116/4740 train_time:8473ms step_avg:73.05ms
step:117/4740 train_time:8534ms step_avg:72.94ms
step:118/4740 train_time:8620ms step_avg:73.05ms
step:119/4740 train_time:8680ms step_avg:72.94ms
step:120/4740 train_time:8766ms step_avg:73.05ms
step:121/4740 train_time:8826ms step_avg:72.94ms
step:122/4740 train_time:8913ms step_avg:73.06ms
step:123/4740 train_time:8972ms step_avg:72.95ms
step:124/4740 train_time:9058ms step_avg:73.05ms
step:125/4740 train_time:9118ms step_avg:72.95ms
step:126/4740 train_time:9204ms step_avg:73.05ms
step:127/4740 train_time:9265ms step_avg:72.95ms
step:128/4740 train_time:9351ms step_avg:73.05ms
step:129/4740 train_time:9410ms step_avg:72.95ms
step:130/4740 train_time:9497ms step_avg:73.05ms
step:131/4740 train_time:9555ms step_avg:72.94ms
step:132/4740 train_time:9641ms step_avg:73.04ms
step:133/4740 train_time:9701ms step_avg:72.94ms
step:134/4740 train_time:9787ms step_avg:73.04ms
step:135/4740 train_time:9847ms step_avg:72.94ms
step:136/4740 train_time:9933ms step_avg:73.04ms
step:137/4740 train_time:9993ms step_avg:72.94ms
step:138/4740 train_time:10080ms step_avg:73.04ms
step:139/4740 train_time:10139ms step_avg:72.95ms
step:140/4740 train_time:10225ms step_avg:73.04ms
step:141/4740 train_time:10285ms step_avg:72.94ms
step:142/4740 train_time:10372ms step_avg:73.04ms
step:143/4740 train_time:10431ms step_avg:72.95ms
step:144/4740 train_time:10518ms step_avg:73.04ms
step:145/4740 train_time:10576ms step_avg:72.94ms
step:146/4740 train_time:10663ms step_avg:73.03ms
step:147/4740 train_time:10722ms step_avg:72.94ms
step:148/4740 train_time:10808ms step_avg:73.03ms
step:149/4740 train_time:10869ms step_avg:72.95ms
step:150/4740 train_time:10956ms step_avg:73.04ms
step:151/4740 train_time:11014ms step_avg:72.94ms
step:152/4740 train_time:11101ms step_avg:73.03ms
step:153/4740 train_time:11160ms step_avg:72.94ms
step:154/4740 train_time:11247ms step_avg:73.03ms
step:155/4740 train_time:11307ms step_avg:72.95ms
step:156/4740 train_time:11393ms step_avg:73.03ms
step:157/4740 train_time:11453ms step_avg:72.95ms
step:158/4740 train_time:11539ms step_avg:73.03ms
step:159/4740 train_time:11599ms step_avg:72.95ms
step:160/4740 train_time:11685ms step_avg:73.03ms
step:161/4740 train_time:11745ms step_avg:72.95ms
step:162/4740 train_time:11832ms step_avg:73.04ms
step:163/4740 train_time:11892ms step_avg:72.96ms
step:164/4740 train_time:11979ms step_avg:73.04ms
step:165/4740 train_time:12038ms step_avg:72.96ms
step:166/4740 train_time:12125ms step_avg:73.04ms
step:167/4740 train_time:12184ms step_avg:72.96ms
step:168/4740 train_time:12270ms step_avg:73.03ms
step:169/4740 train_time:12330ms step_avg:72.96ms
step:170/4740 train_time:12416ms step_avg:73.03ms
step:171/4740 train_time:12475ms step_avg:72.96ms
step:172/4740 train_time:12561ms step_avg:73.03ms
step:173/4740 train_time:12620ms step_avg:72.95ms
step:174/4740 train_time:12706ms step_avg:73.02ms
step:175/4740 train_time:12765ms step_avg:72.94ms
step:176/4740 train_time:12851ms step_avg:73.02ms
step:177/4740 train_time:12910ms step_avg:72.94ms
step:178/4740 train_time:12996ms step_avg:73.01ms
step:179/4740 train_time:13055ms step_avg:72.94ms
step:180/4740 train_time:13141ms step_avg:73.01ms
step:181/4740 train_time:13201ms step_avg:72.93ms
step:182/4740 train_time:13287ms step_avg:73.00ms
step:183/4740 train_time:13346ms step_avg:72.93ms
step:184/4740 train_time:13433ms step_avg:73.00ms
step:185/4740 train_time:13493ms step_avg:72.93ms
step:186/4740 train_time:13579ms step_avg:73.00ms
step:187/4740 train_time:13638ms step_avg:72.93ms
step:188/4740 train_time:13724ms step_avg:73.00ms
step:189/4740 train_time:13783ms step_avg:72.93ms
step:190/4740 train_time:13869ms step_avg:73.00ms
step:191/4740 train_time:13929ms step_avg:72.93ms
step:192/4740 train_time:14015ms step_avg:72.99ms
step:193/4740 train_time:14075ms step_avg:72.93ms
step:194/4740 train_time:14161ms step_avg:73.00ms
step:195/4740 train_time:14221ms step_avg:72.93ms
step:196/4740 train_time:14306ms step_avg:72.99ms
step:197/4740 train_time:14366ms step_avg:72.92ms
step:198/4740 train_time:14451ms step_avg:72.99ms
step:199/4740 train_time:14511ms step_avg:72.92ms
step:200/4740 train_time:14597ms step_avg:72.98ms
step:201/4740 train_time:14656ms step_avg:72.92ms
step:202/4740 train_time:14743ms step_avg:72.98ms
step:203/4740 train_time:14803ms step_avg:72.92ms
step:204/4740 train_time:14888ms step_avg:72.98ms
step:205/4740 train_time:14947ms step_avg:72.91ms
step:206/4740 train_time:15034ms step_avg:72.98ms
step:207/4740 train_time:15093ms step_avg:72.91ms
step:208/4740 train_time:15179ms step_avg:72.98ms
step:209/4740 train_time:15239ms step_avg:72.91ms
step:210/4740 train_time:15324ms step_avg:72.97ms
step:211/4740 train_time:15383ms step_avg:72.91ms
step:212/4740 train_time:15470ms step_avg:72.97ms
step:213/4740 train_time:15529ms step_avg:72.90ms
step:214/4740 train_time:15614ms step_avg:72.96ms
step:215/4740 train_time:15673ms step_avg:72.90ms
step:216/4740 train_time:15760ms step_avg:72.96ms
step:217/4740 train_time:15819ms step_avg:72.90ms
step:218/4740 train_time:15905ms step_avg:72.96ms
step:219/4740 train_time:15965ms step_avg:72.90ms
step:220/4740 train_time:16051ms step_avg:72.96ms
step:221/4740 train_time:16110ms step_avg:72.90ms
step:222/4740 train_time:16197ms step_avg:72.96ms
step:223/4740 train_time:16256ms step_avg:72.90ms
step:224/4740 train_time:16342ms step_avg:72.95ms
step:225/4740 train_time:16401ms step_avg:72.89ms
step:226/4740 train_time:16487ms step_avg:72.95ms
step:227/4740 train_time:16546ms step_avg:72.89ms
step:228/4740 train_time:16633ms step_avg:72.95ms
step:229/4740 train_time:16692ms step_avg:72.89ms
step:230/4740 train_time:16778ms step_avg:72.95ms
step:231/4740 train_time:16837ms step_avg:72.89ms
step:232/4740 train_time:16923ms step_avg:72.95ms
step:233/4740 train_time:16983ms step_avg:72.89ms
step:234/4740 train_time:17069ms step_avg:72.94ms
step:235/4740 train_time:17129ms step_avg:72.89ms
step:236/4740 train_time:17215ms step_avg:72.95ms
step:237/4740 train_time:17274ms step_avg:72.89ms
step:238/4740 train_time:17360ms step_avg:72.94ms
step:239/4740 train_time:17420ms step_avg:72.89ms
step:240/4740 train_time:17505ms step_avg:72.94ms
step:241/4740 train_time:17564ms step_avg:72.88ms
step:242/4740 train_time:17651ms step_avg:72.94ms
step:243/4740 train_time:17710ms step_avg:72.88ms
step:244/4740 train_time:17796ms step_avg:72.93ms
step:245/4740 train_time:17856ms step_avg:72.88ms
step:246/4740 train_time:17941ms step_avg:72.93ms
step:247/4740 train_time:18001ms step_avg:72.88ms
step:248/4740 train_time:18087ms step_avg:72.93ms
step:249/4740 train_time:18147ms step_avg:72.88ms
step:250/4740 train_time:18233ms step_avg:72.93ms
step:250/4740 val_loss:4.5755 train_time:18277ms step_avg:73.11ms
step:251/4740 train_time:18306ms step_avg:72.93ms
step:252/4740 train_time:18381ms step_avg:72.94ms
step:253/4740 train_time:18440ms step_avg:72.89ms
step:254/4740 train_time:18527ms step_avg:72.94ms
step:255/4740 train_time:18590ms step_avg:72.90ms
step:256/4740 train_time:18677ms step_avg:72.96ms
step:257/4740 train_time:18737ms step_avg:72.91ms
step:258/4740 train_time:18822ms step_avg:72.96ms
step:259/4740 train_time:18882ms step_avg:72.90ms
step:260/4740 train_time:18968ms step_avg:72.95ms
step:261/4740 train_time:19027ms step_avg:72.90ms
step:262/4740 train_time:19112ms step_avg:72.95ms
step:263/4740 train_time:19171ms step_avg:72.89ms
step:264/4740 train_time:19257ms step_avg:72.94ms
step:265/4740 train_time:19316ms step_avg:72.89ms
step:266/4740 train_time:19402ms step_avg:72.94ms
step:267/4740 train_time:19461ms step_avg:72.89ms
step:268/4740 train_time:19546ms step_avg:72.93ms
step:269/4740 train_time:19606ms step_avg:72.89ms
step:270/4740 train_time:19693ms step_avg:72.94ms
step:271/4740 train_time:19753ms step_avg:72.89ms
step:272/4740 train_time:19838ms step_avg:72.94ms
step:273/4740 train_time:19897ms step_avg:72.88ms
step:274/4740 train_time:19983ms step_avg:72.93ms
step:275/4740 train_time:20043ms step_avg:72.88ms
step:276/4740 train_time:20129ms step_avg:72.93ms
step:277/4740 train_time:20189ms step_avg:72.88ms
step:278/4740 train_time:20275ms step_avg:72.93ms
step:279/4740 train_time:20335ms step_avg:72.88ms
step:280/4740 train_time:20420ms step_avg:72.93ms
step:281/4740 train_time:20480ms step_avg:72.88ms
step:282/4740 train_time:20565ms step_avg:72.93ms
step:283/4740 train_time:20625ms step_avg:72.88ms
step:284/4740 train_time:20712ms step_avg:72.93ms
step:285/4740 train_time:20772ms step_avg:72.88ms
step:286/4740 train_time:20858ms step_avg:72.93ms
step:287/4740 train_time:20917ms step_avg:72.88ms
step:288/4740 train_time:21003ms step_avg:72.93ms
step:289/4740 train_time:21062ms step_avg:72.88ms
step:290/4740 train_time:21148ms step_avg:72.92ms
step:291/4740 train_time:21207ms step_avg:72.88ms
step:292/4740 train_time:21292ms step_avg:72.92ms
step:293/4740 train_time:21352ms step_avg:72.87ms
step:294/4740 train_time:21437ms step_avg:72.92ms
step:295/4740 train_time:21497ms step_avg:72.87ms
step:296/4740 train_time:21583ms step_avg:72.91ms
step:297/4740 train_time:21642ms step_avg:72.87ms
step:298/4740 train_time:21728ms step_avg:72.91ms
step:299/4740 train_time:21788ms step_avg:72.87ms
step:300/4740 train_time:21874ms step_avg:72.91ms
step:301/4740 train_time:21933ms step_avg:72.87ms
step:302/4740 train_time:22019ms step_avg:72.91ms
step:303/4740 train_time:22078ms step_avg:72.87ms
step:304/4740 train_time:22164ms step_avg:72.91ms
step:305/4740 train_time:22224ms step_avg:72.87ms
step:306/4740 train_time:22310ms step_avg:72.91ms
step:307/4740 train_time:22369ms step_avg:72.86ms
step:308/4740 train_time:22455ms step_avg:72.91ms
step:309/4740 train_time:22514ms step_avg:72.86ms
step:310/4740 train_time:22600ms step_avg:72.90ms
step:311/4740 train_time:22659ms step_avg:72.86ms
step:312/4740 train_time:22745ms step_avg:72.90ms
step:313/4740 train_time:22805ms step_avg:72.86ms
step:314/4740 train_time:22891ms step_avg:72.90ms
step:315/4740 train_time:22951ms step_avg:72.86ms
step:316/4740 train_time:23037ms step_avg:72.90ms
step:317/4740 train_time:23096ms step_avg:72.86ms
step:318/4740 train_time:23182ms step_avg:72.90ms
step:319/4740 train_time:23241ms step_avg:72.86ms
step:320/4740 train_time:23327ms step_avg:72.90ms
step:321/4740 train_time:23387ms step_avg:72.86ms
step:322/4740 train_time:23472ms step_avg:72.90ms
step:323/4740 train_time:23531ms step_avg:72.85ms
step:324/4740 train_time:23617ms step_avg:72.89ms
step:325/4740 train_time:23676ms step_avg:72.85ms
step:326/4740 train_time:23762ms step_avg:72.89ms
step:327/4740 train_time:23821ms step_avg:72.85ms
step:328/4740 train_time:23906ms step_avg:72.88ms
step:329/4740 train_time:23965ms step_avg:72.84ms
step:330/4740 train_time:24051ms step_avg:72.88ms
step:331/4740 train_time:24110ms step_avg:72.84ms
step:332/4740 train_time:24196ms step_avg:72.88ms
step:333/4740 train_time:24256ms step_avg:72.84ms
step:334/4740 train_time:24341ms step_avg:72.88ms
step:335/4740 train_time:24400ms step_avg:72.84ms
step:336/4740 train_time:24486ms step_avg:72.87ms
step:337/4740 train_time:24546ms step_avg:72.84ms
step:338/4740 train_time:24631ms step_avg:72.87ms
step:339/4740 train_time:24690ms step_avg:72.83ms
step:340/4740 train_time:24776ms step_avg:72.87ms
step:341/4740 train_time:24835ms step_avg:72.83ms
step:342/4740 train_time:24920ms step_avg:72.87ms
step:343/4740 train_time:24980ms step_avg:72.83ms
step:344/4740 train_time:25065ms step_avg:72.86ms
step:345/4740 train_time:25125ms step_avg:72.83ms
step:346/4740 train_time:25211ms step_avg:72.86ms
step:347/4740 train_time:25271ms step_avg:72.83ms
step:348/4740 train_time:25356ms step_avg:72.86ms
step:349/4740 train_time:25415ms step_avg:72.82ms
step:350/4740 train_time:25500ms step_avg:72.86ms
step:351/4740 train_time:25559ms step_avg:72.82ms
step:352/4740 train_time:25645ms step_avg:72.86ms
step:353/4740 train_time:25705ms step_avg:72.82ms
step:354/4740 train_time:25790ms step_avg:72.85ms
step:355/4740 train_time:25850ms step_avg:72.82ms
step:356/4740 train_time:25936ms step_avg:72.85ms
step:357/4740 train_time:25996ms step_avg:72.82ms
step:358/4740 train_time:26082ms step_avg:72.85ms
step:359/4740 train_time:26141ms step_avg:72.82ms
step:360/4740 train_time:26226ms step_avg:72.85ms
step:361/4740 train_time:26286ms step_avg:72.81ms
step:362/4740 train_time:26371ms step_avg:72.85ms
step:363/4740 train_time:26431ms step_avg:72.81ms
step:364/4740 train_time:26517ms step_avg:72.85ms
step:365/4740 train_time:26575ms step_avg:72.81ms
step:366/4740 train_time:26662ms step_avg:72.85ms
step:367/4740 train_time:26720ms step_avg:72.81ms
step:368/4740 train_time:26806ms step_avg:72.84ms
step:369/4740 train_time:26865ms step_avg:72.81ms
step:370/4740 train_time:26950ms step_avg:72.84ms
step:371/4740 train_time:27010ms step_avg:72.80ms
step:372/4740 train_time:27095ms step_avg:72.84ms
step:373/4740 train_time:27155ms step_avg:72.80ms
step:374/4740 train_time:27241ms step_avg:72.84ms
step:375/4740 train_time:27301ms step_avg:72.80ms
step:376/4740 train_time:27387ms step_avg:72.84ms
step:377/4740 train_time:27446ms step_avg:72.80ms
step:378/4740 train_time:27531ms step_avg:72.83ms
step:379/4740 train_time:27590ms step_avg:72.80ms
step:380/4740 train_time:27676ms step_avg:72.83ms
step:381/4740 train_time:27735ms step_avg:72.79ms
step:382/4740 train_time:27821ms step_avg:72.83ms
step:383/4740 train_time:27881ms step_avg:72.80ms
step:384/4740 train_time:27966ms step_avg:72.83ms
step:385/4740 train_time:28027ms step_avg:72.80ms
step:386/4740 train_time:28113ms step_avg:72.83ms
step:387/4740 train_time:28172ms step_avg:72.80ms
step:388/4740 train_time:28257ms step_avg:72.83ms
step:389/4740 train_time:28317ms step_avg:72.79ms
step:390/4740 train_time:28403ms step_avg:72.83ms
step:391/4740 train_time:28462ms step_avg:72.79ms
step:392/4740 train_time:28547ms step_avg:72.82ms
step:393/4740 train_time:28621ms step_avg:72.83ms
step:394/4740 train_time:28780ms step_avg:73.05ms
step:395/4740 train_time:28881ms step_avg:73.12ms
step:396/4740 train_time:29039ms step_avg:73.33ms
step:397/4740 train_time:29141ms step_avg:73.40ms
step:398/4740 train_time:29299ms step_avg:73.62ms
step:399/4740 train_time:29401ms step_avg:73.69ms
step:400/4740 train_time:29560ms step_avg:73.90ms
step:401/4740 train_time:29661ms step_avg:73.97ms
step:402/4740 train_time:29818ms step_avg:74.18ms
step:403/4740 train_time:29920ms step_avg:74.24ms
step:404/4740 train_time:30080ms step_avg:74.46ms
step:405/4740 train_time:30183ms step_avg:74.53ms
step:406/4740 train_time:30342ms step_avg:74.73ms
step:407/4740 train_time:30444ms step_avg:74.80ms
step:408/4740 train_time:30603ms step_avg:75.01ms
step:409/4740 train_time:30705ms step_avg:75.07ms
step:410/4740 train_time:30863ms step_avg:75.28ms
step:411/4740 train_time:30965ms step_avg:75.34ms
step:412/4740 train_time:31125ms step_avg:75.55ms
step:413/4740 train_time:31225ms step_avg:75.61ms
step:414/4740 train_time:31384ms step_avg:75.81ms
step:415/4740 train_time:31487ms step_avg:75.87ms
step:416/4740 train_time:31646ms step_avg:76.07ms
step:417/4740 train_time:31748ms step_avg:76.13ms
step:418/4740 train_time:31906ms step_avg:76.33ms
step:419/4740 train_time:32009ms step_avg:76.39ms
step:420/4740 train_time:32168ms step_avg:76.59ms
step:421/4740 train_time:32268ms step_avg:76.65ms
step:422/4740 train_time:32429ms step_avg:76.85ms
step:423/4740 train_time:32530ms step_avg:76.90ms
step:424/4740 train_time:32689ms step_avg:77.10ms
step:425/4740 train_time:32789ms step_avg:77.15ms
step:426/4740 train_time:32948ms step_avg:77.34ms
step:427/4740 train_time:33050ms step_avg:77.40ms
step:428/4740 train_time:33211ms step_avg:77.60ms
step:429/4740 train_time:33311ms step_avg:77.65ms
step:430/4740 train_time:33470ms step_avg:77.84ms
step:431/4740 train_time:33571ms step_avg:77.89ms
step:432/4740 train_time:33731ms step_avg:78.08ms
step:433/4740 train_time:33831ms step_avg:78.13ms
step:434/4740 train_time:33990ms step_avg:78.32ms
step:435/4740 train_time:34092ms step_avg:78.37ms
step:436/4740 train_time:34252ms step_avg:78.56ms
step:437/4740 train_time:34354ms step_avg:78.61ms
step:438/4740 train_time:34512ms step_avg:78.79ms
step:439/4740 train_time:34613ms step_avg:78.84ms
step:440/4740 train_time:34772ms step_avg:79.03ms
step:441/4740 train_time:34873ms step_avg:79.08ms
step:442/4740 train_time:35032ms step_avg:79.26ms
step:443/4740 train_time:35133ms step_avg:79.31ms
step:444/4740 train_time:35293ms step_avg:79.49ms
step:445/4740 train_time:35395ms step_avg:79.54ms
step:446/4740 train_time:35554ms step_avg:79.72ms
step:447/4740 train_time:35655ms step_avg:79.77ms
step:448/4740 train_time:35813ms step_avg:79.94ms
step:449/4740 train_time:35915ms step_avg:79.99ms
step:450/4740 train_time:36075ms step_avg:80.17ms
step:451/4740 train_time:36177ms step_avg:80.22ms
step:452/4740 train_time:36337ms step_avg:80.39ms
step:453/4740 train_time:36440ms step_avg:80.44ms
step:454/4740 train_time:36598ms step_avg:80.61ms
step:455/4740 train_time:36700ms step_avg:80.66ms
step:456/4740 train_time:36857ms step_avg:80.83ms
step:457/4740 train_time:36958ms step_avg:80.87ms
step:458/4740 train_time:37118ms step_avg:81.04ms
step:459/4740 train_time:37221ms step_avg:81.09ms
step:460/4740 train_time:37380ms step_avg:81.26ms
step:461/4740 train_time:37482ms step_avg:81.31ms
step:462/4740 train_time:37639ms step_avg:81.47ms
step:463/4740 train_time:37741ms step_avg:81.51ms
step:464/4740 train_time:37898ms step_avg:81.68ms
step:465/4740 train_time:38000ms step_avg:81.72ms
step:466/4740 train_time:38158ms step_avg:81.88ms
step:467/4740 train_time:38261ms step_avg:81.93ms
step:468/4740 train_time:38420ms step_avg:82.10ms
step:469/4740 train_time:38522ms step_avg:82.14ms
step:470/4740 train_time:38681ms step_avg:82.30ms
step:471/4740 train_time:38782ms step_avg:82.34ms
step:472/4740 train_time:38941ms step_avg:82.50ms
step:473/4740 train_time:39042ms step_avg:82.54ms
step:474/4740 train_time:39199ms step_avg:82.70ms
step:475/4740 train_time:39303ms step_avg:82.74ms
step:476/4740 train_time:39462ms step_avg:82.90ms
step:477/4740 train_time:39564ms step_avg:82.94ms
step:478/4740 train_time:39723ms step_avg:83.10ms
step:479/4740 train_time:39824ms step_avg:83.14ms
step:480/4740 train_time:39983ms step_avg:83.30ms
step:481/4740 train_time:40084ms step_avg:83.33ms
step:482/4740 train_time:40243ms step_avg:83.49ms
step:483/4740 train_time:40343ms step_avg:83.53ms
step:484/4740 train_time:40502ms step_avg:83.68ms
step:485/4740 train_time:40605ms step_avg:83.72ms
step:486/4740 train_time:40763ms step_avg:83.87ms
step:487/4740 train_time:40864ms step_avg:83.91ms
step:488/4740 train_time:41023ms step_avg:84.06ms
step:489/4740 train_time:41123ms step_avg:84.10ms
step:490/4740 train_time:41282ms step_avg:84.25ms
step:491/4740 train_time:41383ms step_avg:84.28ms
step:492/4740 train_time:41542ms step_avg:84.44ms
step:493/4740 train_time:41643ms step_avg:84.47ms
step:494/4740 train_time:41802ms step_avg:84.62ms
step:495/4740 train_time:41904ms step_avg:84.65ms
step:496/4740 train_time:42062ms step_avg:84.80ms
step:497/4740 train_time:42164ms step_avg:84.84ms
step:498/4740 train_time:42323ms step_avg:84.99ms
step:499/4740 train_time:42425ms step_avg:85.02ms
step:500/4740 train_time:42583ms step_avg:85.17ms
step:500/4740 val_loss:4.0857 train_time:42657ms step_avg:85.31ms
step:501/4740 train_time:42690ms step_avg:85.21ms
step:502/4740 train_time:42845ms step_avg:85.35ms
step:503/4740 train_time:42949ms step_avg:85.39ms
step:504/4740 train_time:43113ms step_avg:85.54ms
step:505/4740 train_time:43215ms step_avg:85.57ms
step:506/4740 train_time:43371ms step_avg:85.71ms
step:507/4740 train_time:43471ms step_avg:85.74ms
step:508/4740 train_time:43631ms step_avg:85.89ms
step:509/4740 train_time:43734ms step_avg:85.92ms
step:510/4740 train_time:43892ms step_avg:86.06ms
step:511/4740 train_time:43996ms step_avg:86.10ms
step:512/4740 train_time:44156ms step_avg:86.24ms
step:513/4740 train_time:44258ms step_avg:86.27ms
step:514/4740 train_time:44416ms step_avg:86.41ms
step:515/4740 train_time:44516ms step_avg:86.44ms
step:516/4740 train_time:44674ms step_avg:86.58ms
step:517/4740 train_time:44775ms step_avg:86.61ms
step:518/4740 train_time:44933ms step_avg:86.74ms
step:519/4740 train_time:45036ms step_avg:86.77ms
step:520/4740 train_time:45196ms step_avg:86.91ms
step:521/4740 train_time:45299ms step_avg:86.95ms
step:522/4740 train_time:45455ms step_avg:87.08ms
step:523/4740 train_time:45555ms step_avg:87.10ms
step:524/4740 train_time:45714ms step_avg:87.24ms
step:525/4740 train_time:45816ms step_avg:87.27ms
step:526/4740 train_time:45975ms step_avg:87.41ms
step:527/4740 train_time:46076ms step_avg:87.43ms
step:528/4740 train_time:46234ms step_avg:87.57ms
step:529/4740 train_time:46336ms step_avg:87.59ms
step:530/4740 train_time:46493ms step_avg:87.72ms
step:531/4740 train_time:46595ms step_avg:87.75ms
step:532/4740 train_time:46753ms step_avg:87.88ms
step:533/4740 train_time:46856ms step_avg:87.91ms
step:534/4740 train_time:47014ms step_avg:88.04ms
step:535/4740 train_time:47115ms step_avg:88.07ms
step:536/4740 train_time:47274ms step_avg:88.20ms
step:537/4740 train_time:47375ms step_avg:88.22ms
step:538/4740 train_time:47533ms step_avg:88.35ms
step:539/4740 train_time:47635ms step_avg:88.38ms
step:540/4740 train_time:47793ms step_avg:88.50ms
step:541/4740 train_time:47894ms step_avg:88.53ms
step:542/4740 train_time:48052ms step_avg:88.66ms
step:543/4740 train_time:48153ms step_avg:88.68ms
step:544/4740 train_time:48312ms step_avg:88.81ms
step:545/4740 train_time:48413ms step_avg:88.83ms
step:546/4740 train_time:48572ms step_avg:88.96ms
step:547/4740 train_time:48673ms step_avg:88.98ms
step:548/4740 train_time:48831ms step_avg:89.11ms
step:549/4740 train_time:48934ms step_avg:89.13ms
step:550/4740 train_time:49091ms step_avg:89.26ms
step:551/4740 train_time:49194ms step_avg:89.28ms
step:552/4740 train_time:49352ms step_avg:89.41ms
step:553/4740 train_time:49453ms step_avg:89.43ms
step:554/4740 train_time:49612ms step_avg:89.55ms
step:555/4740 train_time:49711ms step_avg:89.57ms
step:556/4740 train_time:49870ms step_avg:89.69ms
step:557/4740 train_time:49970ms step_avg:89.71ms
step:558/4740 train_time:50130ms step_avg:89.84ms
step:559/4740 train_time:50235ms step_avg:89.87ms
step:560/4740 train_time:50393ms step_avg:89.99ms
step:561/4740 train_time:50494ms step_avg:90.01ms
step:562/4740 train_time:50653ms step_avg:90.13ms
step:563/4740 train_time:50753ms step_avg:90.15ms
step:564/4740 train_time:50912ms step_avg:90.27ms
step:565/4740 train_time:51013ms step_avg:90.29ms
step:566/4740 train_time:51172ms step_avg:90.41ms
step:567/4740 train_time:51274ms step_avg:90.43ms
step:568/4740 train_time:51433ms step_avg:90.55ms
step:569/4740 train_time:51534ms step_avg:90.57ms
step:570/4740 train_time:51692ms step_avg:90.69ms
step:571/4740 train_time:51795ms step_avg:90.71ms
step:572/4740 train_time:51954ms step_avg:90.83ms
step:573/4740 train_time:52055ms step_avg:90.85ms
step:574/4740 train_time:52214ms step_avg:90.96ms
step:575/4740 train_time:52315ms step_avg:90.98ms
step:576/4740 train_time:52475ms step_avg:91.10ms
step:577/4740 train_time:52575ms step_avg:91.12ms
step:578/4740 train_time:52733ms step_avg:91.23ms
step:579/4740 train_time:52836ms step_avg:91.25ms
step:580/4740 train_time:52993ms step_avg:91.37ms
step:581/4740 train_time:53095ms step_avg:91.38ms
step:582/4740 train_time:53254ms step_avg:91.50ms
step:583/4740 train_time:53355ms step_avg:91.52ms
step:584/4740 train_time:53513ms step_avg:91.63ms
step:585/4740 train_time:53614ms step_avg:91.65ms
step:586/4740 train_time:53772ms step_avg:91.76ms
step:587/4740 train_time:53873ms step_avg:91.78ms
step:588/4740 train_time:54031ms step_avg:91.89ms
step:589/4740 train_time:54132ms step_avg:91.90ms
step:590/4740 train_time:54290ms step_avg:92.02ms
step:591/4740 train_time:54393ms step_avg:92.03ms
step:592/4740 train_time:54551ms step_avg:92.15ms
step:593/4740 train_time:54653ms step_avg:92.16ms
step:594/4740 train_time:54811ms step_avg:92.27ms
step:595/4740 train_time:54913ms step_avg:92.29ms
step:596/4740 train_time:55071ms step_avg:92.40ms
step:597/4740 train_time:55170ms step_avg:92.41ms
step:598/4740 train_time:55330ms step_avg:92.52ms
step:599/4740 train_time:55429ms step_avg:92.54ms
step:600/4740 train_time:55588ms step_avg:92.65ms
step:601/4740 train_time:55690ms step_avg:92.66ms
step:602/4740 train_time:55849ms step_avg:92.77ms
step:603/4740 train_time:55949ms step_avg:92.78ms
step:604/4740 train_time:56108ms step_avg:92.89ms
step:605/4740 train_time:56207ms step_avg:92.90ms
step:606/4740 train_time:56367ms step_avg:93.01ms
step:607/4740 train_time:56467ms step_avg:93.03ms
step:608/4740 train_time:56627ms step_avg:93.14ms
step:609/4740 train_time:56728ms step_avg:93.15ms
step:610/4740 train_time:56887ms step_avg:93.26ms
step:611/4740 train_time:56988ms step_avg:93.27ms
step:612/4740 train_time:57148ms step_avg:93.38ms
step:613/4740 train_time:57248ms step_avg:93.39ms
step:614/4740 train_time:57407ms step_avg:93.50ms
step:615/4740 train_time:57507ms step_avg:93.51ms
step:616/4740 train_time:57668ms step_avg:93.62ms
step:617/4740 train_time:57769ms step_avg:93.63ms
step:618/4740 train_time:57927ms step_avg:93.73ms
step:619/4740 train_time:58028ms step_avg:93.74ms
step:620/4740 train_time:58187ms step_avg:93.85ms
step:621/4740 train_time:58288ms step_avg:93.86ms
step:622/4740 train_time:58446ms step_avg:93.97ms
step:623/4740 train_time:58547ms step_avg:93.98ms
step:624/4740 train_time:58707ms step_avg:94.08ms
step:625/4740 train_time:58808ms step_avg:94.09ms
step:626/4740 train_time:58968ms step_avg:94.20ms
step:627/4740 train_time:59069ms step_avg:94.21ms
step:628/4740 train_time:59229ms step_avg:94.31ms
step:629/4740 train_time:59329ms step_avg:94.32ms
step:630/4740 train_time:59488ms step_avg:94.43ms
step:631/4740 train_time:59590ms step_avg:94.44ms
step:632/4740 train_time:59750ms step_avg:94.54ms
step:633/4740 train_time:59851ms step_avg:94.55ms
step:634/4740 train_time:60010ms step_avg:94.65ms
step:635/4740 train_time:60111ms step_avg:94.66ms
step:636/4740 train_time:60269ms step_avg:94.76ms
step:637/4740 train_time:60370ms step_avg:94.77ms
step:638/4740 train_time:60530ms step_avg:94.87ms
step:639/4740 train_time:60633ms step_avg:94.89ms
step:640/4740 train_time:60791ms step_avg:94.99ms
step:641/4740 train_time:60893ms step_avg:95.00ms
step:642/4740 train_time:61051ms step_avg:95.10ms
step:643/4740 train_time:61152ms step_avg:95.10ms
step:644/4740 train_time:61311ms step_avg:95.20ms
step:645/4740 train_time:61412ms step_avg:95.21ms
step:646/4740 train_time:61571ms step_avg:95.31ms
step:647/4740 train_time:61673ms step_avg:95.32ms
step:648/4740 train_time:61830ms step_avg:95.42ms
step:649/4740 train_time:61933ms step_avg:95.43ms
step:650/4740 train_time:62091ms step_avg:95.53ms
step:651/4740 train_time:62191ms step_avg:95.53ms
step:652/4740 train_time:62350ms step_avg:95.63ms
step:653/4740 train_time:62450ms step_avg:95.64ms
step:654/4740 train_time:62610ms step_avg:95.73ms
step:655/4740 train_time:62713ms step_avg:95.74ms
step:656/4740 train_time:62871ms step_avg:95.84ms
step:657/4740 train_time:62973ms step_avg:95.85ms
step:658/4740 train_time:63133ms step_avg:95.95ms
step:659/4740 train_time:63234ms step_avg:95.95ms
step:660/4740 train_time:63392ms step_avg:96.05ms
step:661/4740 train_time:63493ms step_avg:96.06ms
step:662/4740 train_time:63652ms step_avg:96.15ms
step:663/4740 train_time:63753ms step_avg:96.16ms
step:664/4740 train_time:63913ms step_avg:96.26ms
step:665/4740 train_time:64016ms step_avg:96.26ms
step:666/4740 train_time:64174ms step_avg:96.36ms
step:667/4740 train_time:64276ms step_avg:96.37ms
step:668/4740 train_time:64434ms step_avg:96.46ms
step:669/4740 train_time:64535ms step_avg:96.46ms
step:670/4740 train_time:64693ms step_avg:96.56ms
step:671/4740 train_time:64794ms step_avg:96.56ms
step:672/4740 train_time:64954ms step_avg:96.66ms
step:673/4740 train_time:65055ms step_avg:96.66ms
step:674/4740 train_time:65214ms step_avg:96.76ms
step:675/4740 train_time:65316ms step_avg:96.76ms
step:676/4740 train_time:65474ms step_avg:96.85ms
step:677/4740 train_time:65574ms step_avg:96.86ms
step:678/4740 train_time:65734ms step_avg:96.95ms
step:679/4740 train_time:65834ms step_avg:96.96ms
step:680/4740 train_time:65993ms step_avg:97.05ms
step:681/4740 train_time:66095ms step_avg:97.06ms
step:682/4740 train_time:66254ms step_avg:97.15ms
step:683/4740 train_time:66354ms step_avg:97.15ms
step:684/4740 train_time:66513ms step_avg:97.24ms
step:685/4740 train_time:66615ms step_avg:97.25ms
step:686/4740 train_time:66774ms step_avg:97.34ms
step:687/4740 train_time:66875ms step_avg:97.34ms
step:688/4740 train_time:67032ms step_avg:97.43ms
step:689/4740 train_time:67135ms step_avg:97.44ms
step:690/4740 train_time:67293ms step_avg:97.53ms
step:691/4740 train_time:67395ms step_avg:97.53ms
step:692/4740 train_time:67554ms step_avg:97.62ms
step:693/4740 train_time:67654ms step_avg:97.62ms
step:694/4740 train_time:67813ms step_avg:97.71ms
step:695/4740 train_time:67915ms step_avg:97.72ms
step:696/4740 train_time:68072ms step_avg:97.81ms
step:697/4740 train_time:68174ms step_avg:97.81ms
step:698/4740 train_time:68332ms step_avg:97.90ms
step:699/4740 train_time:68433ms step_avg:97.90ms
step:700/4740 train_time:68591ms step_avg:97.99ms
step:701/4740 train_time:68693ms step_avg:97.99ms
step:702/4740 train_time:68851ms step_avg:98.08ms
step:703/4740 train_time:68950ms step_avg:98.08ms
step:704/4740 train_time:69109ms step_avg:98.17ms
step:705/4740 train_time:69210ms step_avg:98.17ms
step:706/4740 train_time:69369ms step_avg:98.26ms
step:707/4740 train_time:69470ms step_avg:98.26ms
step:708/4740 train_time:69628ms step_avg:98.34ms
step:709/4740 train_time:69730ms step_avg:98.35ms
step:710/4740 train_time:69889ms step_avg:98.44ms
step:711/4740 train_time:69991ms step_avg:98.44ms
step:712/4740 train_time:70149ms step_avg:98.52ms
step:713/4740 train_time:70250ms step_avg:98.53ms
step:714/4740 train_time:70409ms step_avg:98.61ms
step:715/4740 train_time:70510ms step_avg:98.61ms
step:716/4740 train_time:70669ms step_avg:98.70ms
step:717/4740 train_time:70769ms step_avg:98.70ms
step:718/4740 train_time:70928ms step_avg:98.79ms
step:719/4740 train_time:71030ms step_avg:98.79ms
step:720/4740 train_time:71189ms step_avg:98.87ms
step:721/4740 train_time:71290ms step_avg:98.88ms
step:722/4740 train_time:71449ms step_avg:98.96ms
step:723/4740 train_time:71551ms step_avg:98.96ms
step:724/4740 train_time:71710ms step_avg:99.05ms
step:725/4740 train_time:71811ms step_avg:99.05ms
step:726/4740 train_time:71970ms step_avg:99.13ms
step:727/4740 train_time:72071ms step_avg:99.13ms
step:728/4740 train_time:72230ms step_avg:99.22ms
step:729/4740 train_time:72332ms step_avg:99.22ms
step:730/4740 train_time:72490ms step_avg:99.30ms
step:731/4740 train_time:72591ms step_avg:99.30ms
step:732/4740 train_time:72749ms step_avg:99.38ms
step:733/4740 train_time:72850ms step_avg:99.39ms
step:734/4740 train_time:73009ms step_avg:99.47ms
step:735/4740 train_time:73109ms step_avg:99.47ms
step:736/4740 train_time:73270ms step_avg:99.55ms
step:737/4740 train_time:73370ms step_avg:99.55ms
step:738/4740 train_time:73529ms step_avg:99.63ms
step:739/4740 train_time:73629ms step_avg:99.63ms
step:740/4740 train_time:73788ms step_avg:99.71ms
step:741/4740 train_time:73889ms step_avg:99.71ms
step:742/4740 train_time:74048ms step_avg:99.80ms
step:743/4740 train_time:74150ms step_avg:99.80ms
step:744/4740 train_time:74308ms step_avg:99.88ms
step:745/4740 train_time:74410ms step_avg:99.88ms
step:746/4740 train_time:74569ms step_avg:99.96ms
step:747/4740 train_time:74669ms step_avg:99.96ms
step:748/4740 train_time:74828ms step_avg:100.04ms
step:749/4740 train_time:74929ms step_avg:100.04ms
step:750/4740 train_time:75088ms step_avg:100.12ms
step:750/4740 val_loss:3.6935 train_time:75161ms step_avg:100.22ms
step:751/4740 train_time:75191ms step_avg:100.12ms
step:752/4740 train_time:75346ms step_avg:100.19ms
step:753/4740 train_time:75453ms step_avg:100.20ms
step:754/4740 train_time:75615ms step_avg:100.28ms
step:755/4740 train_time:75716ms step_avg:100.29ms
step:756/4740 train_time:75874ms step_avg:100.36ms
step:757/4740 train_time:75975ms step_avg:100.36ms
step:758/4740 train_time:76133ms step_avg:100.44ms
step:759/4740 train_time:76238ms step_avg:100.45ms
step:760/4740 train_time:76396ms step_avg:100.52ms
step:761/4740 train_time:76500ms step_avg:100.53ms
step:762/4740 train_time:76661ms step_avg:100.61ms
step:763/4740 train_time:76761ms step_avg:100.60ms
step:764/4740 train_time:76919ms step_avg:100.68ms
step:765/4740 train_time:77020ms step_avg:100.68ms
step:766/4740 train_time:77178ms step_avg:100.76ms
step:767/4740 train_time:77282ms step_avg:100.76ms
step:768/4740 train_time:77441ms step_avg:100.84ms
step:769/4740 train_time:77543ms step_avg:100.84ms
step:770/4740 train_time:77703ms step_avg:100.91ms
step:771/4740 train_time:77804ms step_avg:100.91ms
step:772/4740 train_time:77963ms step_avg:100.99ms
step:773/4740 train_time:78063ms step_avg:100.99ms
step:774/4740 train_time:78223ms step_avg:101.06ms
step:775/4740 train_time:78324ms step_avg:101.06ms
step:776/4740 train_time:78485ms step_avg:101.14ms
step:777/4740 train_time:78585ms step_avg:101.14ms
step:778/4740 train_time:78744ms step_avg:101.21ms
step:779/4740 train_time:78846ms step_avg:101.21ms
step:780/4740 train_time:79004ms step_avg:101.29ms
step:781/4740 train_time:79104ms step_avg:101.29ms
step:782/4740 train_time:79264ms step_avg:101.36ms
step:783/4740 train_time:79365ms step_avg:101.36ms
step:784/4740 train_time:79524ms step_avg:101.43ms
step:785/4740 train_time:79638ms step_avg:101.45ms
step:786/4740 train_time:79873ms step_avg:101.62ms
step:787/4740 train_time:80018ms step_avg:101.67ms
step:788/4740 train_time:80259ms step_avg:101.85ms
step:789/4740 train_time:80399ms step_avg:101.90ms
step:790/4740 train_time:80642ms step_avg:102.08ms
step:791/4740 train_time:80780ms step_avg:102.12ms
step:792/4740 train_time:81023ms step_avg:102.30ms
step:793/4740 train_time:81160ms step_avg:102.35ms
step:794/4740 train_time:81403ms step_avg:102.52ms
step:795/4740 train_time:81543ms step_avg:102.57ms
step:796/4740 train_time:81785ms step_avg:102.74ms
step:797/4740 train_time:81928ms step_avg:102.80ms
step:798/4740 train_time:82168ms step_avg:102.97ms
step:799/4740 train_time:82308ms step_avg:103.01ms
step:800/4740 train_time:82551ms step_avg:103.19ms
step:801/4740 train_time:82691ms step_avg:103.23ms
step:802/4740 train_time:82935ms step_avg:103.41ms
step:803/4740 train_time:83075ms step_avg:103.46ms
step:804/4740 train_time:83318ms step_avg:103.63ms
step:805/4740 train_time:83457ms step_avg:103.67ms
step:806/4740 train_time:83700ms step_avg:103.85ms
step:807/4740 train_time:83842ms step_avg:103.89ms
step:808/4740 train_time:84085ms step_avg:104.07ms
step:809/4740 train_time:84224ms step_avg:104.11ms
step:810/4740 train_time:84465ms step_avg:104.28ms
step:811/4740 train_time:84606ms step_avg:104.32ms
step:812/4740 train_time:84848ms step_avg:104.49ms
step:813/4740 train_time:84988ms step_avg:104.54ms
step:814/4740 train_time:85229ms step_avg:104.70ms
step:815/4740 train_time:85369ms step_avg:104.75ms
step:816/4740 train_time:85611ms step_avg:104.91ms
step:817/4740 train_time:85750ms step_avg:104.96ms
step:818/4740 train_time:85995ms step_avg:105.13ms
step:819/4740 train_time:86136ms step_avg:105.17ms
step:820/4740 train_time:86377ms step_avg:105.34ms
step:821/4740 train_time:86518ms step_avg:105.38ms
step:822/4740 train_time:86761ms step_avg:105.55ms
step:823/4740 train_time:86903ms step_avg:105.59ms
step:824/4740 train_time:87145ms step_avg:105.76ms
step:825/4740 train_time:87286ms step_avg:105.80ms
step:826/4740 train_time:87528ms step_avg:105.97ms
step:827/4740 train_time:87668ms step_avg:106.01ms
step:828/4740 train_time:87909ms step_avg:106.17ms
step:829/4740 train_time:88050ms step_avg:106.21ms
step:830/4740 train_time:88291ms step_avg:106.38ms
step:831/4740 train_time:88431ms step_avg:106.42ms
step:832/4740 train_time:88675ms step_avg:106.58ms
step:833/4740 train_time:88812ms step_avg:106.62ms
step:834/4740 train_time:89057ms step_avg:106.78ms
step:835/4740 train_time:89196ms step_avg:106.82ms
step:836/4740 train_time:89437ms step_avg:106.98ms
step:837/4740 train_time:89577ms step_avg:107.02ms
step:838/4740 train_time:89819ms step_avg:107.18ms
step:839/4740 train_time:89961ms step_avg:107.22ms
step:840/4740 train_time:90202ms step_avg:107.38ms
step:841/4740 train_time:90341ms step_avg:107.42ms
step:842/4740 train_time:90583ms step_avg:107.58ms
step:843/4740 train_time:90724ms step_avg:107.62ms
step:844/4740 train_time:90966ms step_avg:107.78ms
step:845/4740 train_time:91108ms step_avg:107.82ms
step:846/4740 train_time:91350ms step_avg:107.98ms
step:847/4740 train_time:91489ms step_avg:108.01ms
step:848/4740 train_time:91733ms step_avg:108.18ms
step:849/4740 train_time:91871ms step_avg:108.21ms
step:850/4740 train_time:92115ms step_avg:108.37ms
step:851/4740 train_time:92253ms step_avg:108.41ms
step:852/4740 train_time:92494ms step_avg:108.56ms
step:853/4740 train_time:92637ms step_avg:108.60ms
step:854/4740 train_time:92879ms step_avg:108.76ms
step:855/4740 train_time:93015ms step_avg:108.79ms
step:856/4740 train_time:93258ms step_avg:108.95ms
step:857/4740 train_time:93398ms step_avg:108.98ms
step:858/4740 train_time:93638ms step_avg:109.14ms
step:859/4740 train_time:93777ms step_avg:109.17ms
step:860/4740 train_time:94018ms step_avg:109.32ms
step:861/4740 train_time:94157ms step_avg:109.36ms
step:862/4740 train_time:94400ms step_avg:109.51ms
step:863/4740 train_time:94542ms step_avg:109.55ms
step:864/4740 train_time:94784ms step_avg:109.70ms
step:865/4740 train_time:94926ms step_avg:109.74ms
step:866/4740 train_time:95170ms step_avg:109.90ms
step:867/4740 train_time:95312ms step_avg:109.93ms
step:868/4740 train_time:95554ms step_avg:110.09ms
step:869/4740 train_time:95693ms step_avg:110.12ms
step:870/4740 train_time:95935ms step_avg:110.27ms
step:871/4740 train_time:96072ms step_avg:110.30ms
step:872/4740 train_time:96314ms step_avg:110.45ms
step:873/4740 train_time:96454ms step_avg:110.49ms
step:874/4740 train_time:96698ms step_avg:110.64ms
step:875/4740 train_time:96839ms step_avg:110.67ms
step:876/4740 train_time:97080ms step_avg:110.82ms
step:877/4740 train_time:97220ms step_avg:110.85ms
step:878/4740 train_time:97463ms step_avg:111.01ms
step:879/4740 train_time:97606ms step_avg:111.04ms
step:880/4740 train_time:97844ms step_avg:111.19ms
step:881/4740 train_time:97987ms step_avg:111.22ms
step:882/4740 train_time:98228ms step_avg:111.37ms
step:883/4740 train_time:98369ms step_avg:111.40ms
step:884/4740 train_time:98613ms step_avg:111.55ms
step:885/4740 train_time:98753ms step_avg:111.59ms
step:886/4740 train_time:98996ms step_avg:111.73ms
step:887/4740 train_time:99133ms step_avg:111.76ms
step:888/4740 train_time:99375ms step_avg:111.91ms
step:889/4740 train_time:99515ms step_avg:111.94ms
step:890/4740 train_time:99758ms step_avg:112.09ms
step:891/4740 train_time:99894ms step_avg:112.11ms
step:892/4740 train_time:100137ms step_avg:112.26ms
step:893/4740 train_time:100276ms step_avg:112.29ms
step:894/4740 train_time:100518ms step_avg:112.44ms
step:895/4740 train_time:100658ms step_avg:112.47ms
step:896/4740 train_time:100900ms step_avg:112.61ms
step:897/4740 train_time:101039ms step_avg:112.64ms
step:898/4740 train_time:101282ms step_avg:112.79ms
step:899/4740 train_time:101425ms step_avg:112.82ms
step:900/4740 train_time:101663ms step_avg:112.96ms
step:901/4740 train_time:101809ms step_avg:113.00ms
step:902/4740 train_time:102051ms step_avg:113.14ms
step:903/4740 train_time:102191ms step_avg:113.17ms
step:904/4740 train_time:102434ms step_avg:113.31ms
step:905/4740 train_time:102571ms step_avg:113.34ms
step:906/4740 train_time:102813ms step_avg:113.48ms
step:907/4740 train_time:102953ms step_avg:113.51ms
step:908/4740 train_time:103197ms step_avg:113.65ms
step:909/4740 train_time:103336ms step_avg:113.68ms
step:910/4740 train_time:103576ms step_avg:113.82ms
step:911/4740 train_time:103715ms step_avg:113.85ms
step:912/4740 train_time:103960ms step_avg:113.99ms
step:913/4740 train_time:104097ms step_avg:114.02ms
step:914/4740 train_time:104340ms step_avg:114.16ms
step:915/4740 train_time:104480ms step_avg:114.19ms
step:916/4740 train_time:104721ms step_avg:114.32ms
step:917/4740 train_time:104863ms step_avg:114.35ms
step:918/4740 train_time:105105ms step_avg:114.49ms
step:919/4740 train_time:105246ms step_avg:114.52ms
step:920/4740 train_time:105484ms step_avg:114.66ms
step:921/4740 train_time:105626ms step_avg:114.69ms
step:922/4740 train_time:105869ms step_avg:114.83ms
step:923/4740 train_time:106009ms step_avg:114.85ms
step:924/4740 train_time:106250ms step_avg:114.99ms
step:925/4740 train_time:106391ms step_avg:115.02ms
step:926/4740 train_time:106635ms step_avg:115.16ms
step:927/4740 train_time:106772ms step_avg:115.18ms
step:928/4740 train_time:107016ms step_avg:115.32ms
step:929/4740 train_time:107154ms step_avg:115.34ms
step:930/4740 train_time:107398ms step_avg:115.48ms
step:931/4740 train_time:107537ms step_avg:115.51ms
step:932/4740 train_time:107780ms step_avg:115.64ms
step:933/4740 train_time:107921ms step_avg:115.67ms
step:934/4740 train_time:108163ms step_avg:115.81ms
step:935/4740 train_time:108304ms step_avg:115.83ms
step:936/4740 train_time:108546ms step_avg:115.97ms
step:937/4740 train_time:108686ms step_avg:115.99ms
step:938/4740 train_time:108932ms step_avg:116.13ms
step:939/4740 train_time:109071ms step_avg:116.16ms
step:940/4740 train_time:109314ms step_avg:116.29ms
step:941/4740 train_time:109453ms step_avg:116.32ms
step:942/4740 train_time:109695ms step_avg:116.45ms
step:943/4740 train_time:109835ms step_avg:116.47ms
step:944/4740 train_time:110076ms step_avg:116.61ms
step:945/4740 train_time:110218ms step_avg:116.63ms
step:946/4740 train_time:110459ms step_avg:116.76ms
step:947/4740 train_time:110598ms step_avg:116.79ms
step:948/4740 train_time:110839ms step_avg:116.92ms
step:949/4740 train_time:110979ms step_avg:116.94ms
step:950/4740 train_time:111220ms step_avg:117.07ms
step:951/4740 train_time:111360ms step_avg:117.10ms
step:952/4740 train_time:111602ms step_avg:117.23ms
step:953/4740 train_time:111740ms step_avg:117.25ms
step:954/4740 train_time:111982ms step_avg:117.38ms
step:955/4740 train_time:112123ms step_avg:117.41ms
step:956/4740 train_time:112363ms step_avg:117.53ms
step:957/4740 train_time:112508ms step_avg:117.56ms
step:958/4740 train_time:112749ms step_avg:117.69ms
step:959/4740 train_time:112887ms step_avg:117.71ms
step:960/4740 train_time:113129ms step_avg:117.84ms
step:961/4740 train_time:113268ms step_avg:117.86ms
step:962/4740 train_time:113512ms step_avg:118.00ms
step:963/4740 train_time:113653ms step_avg:118.02ms
step:964/4740 train_time:113896ms step_avg:118.15ms
step:965/4740 train_time:114037ms step_avg:118.17ms
step:966/4740 train_time:114277ms step_avg:118.30ms
step:967/4740 train_time:114418ms step_avg:118.32ms
step:968/4740 train_time:114661ms step_avg:118.45ms
step:969/4740 train_time:114800ms step_avg:118.47ms
step:970/4740 train_time:115042ms step_avg:118.60ms
step:971/4740 train_time:115183ms step_avg:118.62ms
step:972/4740 train_time:115423ms step_avg:118.75ms
step:973/4740 train_time:115566ms step_avg:118.77ms
step:974/4740 train_time:115807ms step_avg:118.90ms
step:975/4740 train_time:115949ms step_avg:118.92ms
step:976/4740 train_time:116193ms step_avg:119.05ms
step:977/4740 train_time:116332ms step_avg:119.07ms
step:978/4740 train_time:116576ms step_avg:119.20ms
step:979/4740 train_time:116715ms step_avg:119.22ms
step:980/4740 train_time:116957ms step_avg:119.34ms
step:981/4740 train_time:117098ms step_avg:119.37ms
step:982/4740 train_time:117341ms step_avg:119.49ms
step:983/4740 train_time:117480ms step_avg:119.51ms
step:984/4740 train_time:117721ms step_avg:119.64ms
step:985/4740 train_time:117862ms step_avg:119.66ms
step:986/4740 train_time:118105ms step_avg:119.78ms
step:987/4740 train_time:118247ms step_avg:119.80ms
step:988/4740 train_time:118489ms step_avg:119.93ms
step:989/4740 train_time:118628ms step_avg:119.95ms
step:990/4740 train_time:118874ms step_avg:120.07ms
step:991/4740 train_time:119009ms step_avg:120.09ms
step:992/4740 train_time:119254ms step_avg:120.22ms
step:993/4740 train_time:119393ms step_avg:120.23ms
step:994/4740 train_time:119637ms step_avg:120.36ms
step:995/4740 train_time:119776ms step_avg:120.38ms
step:996/4740 train_time:120019ms step_avg:120.50ms
step:997/4740 train_time:120157ms step_avg:120.52ms
step:998/4740 train_time:120401ms step_avg:120.64ms
step:999/4740 train_time:120539ms step_avg:120.66ms
step:1000/4740 train_time:120782ms step_avg:120.78ms
step:1000/4740 val_loss:3.5282 train_time:120882ms step_avg:120.88ms
step:1001/4740 train_time:120925ms step_avg:120.80ms
step:1002/4740 train_time:121166ms step_avg:120.92ms
step:1003/4740 train_time:121314ms step_avg:120.95ms
step:1004/4740 train_time:121556ms step_avg:121.07ms
step:1005/4740 train_time:121693ms step_avg:121.09ms
step:1006/4740 train_time:121934ms step_avg:121.21ms
step:1007/4740 train_time:122076ms step_avg:121.23ms
step:1008/4740 train_time:122322ms step_avg:121.35ms
step:1009/4740 train_time:122461ms step_avg:121.37ms
step:1010/4740 train_time:122703ms step_avg:121.49ms
step:1011/4740 train_time:122841ms step_avg:121.50ms
step:1012/4740 train_time:123084ms step_avg:121.62ms
step:1013/4740 train_time:123224ms step_avg:121.64ms
step:1014/4740 train_time:123470ms step_avg:121.76ms
step:1015/4740 train_time:123609ms step_avg:121.78ms
step:1016/4740 train_time:123852ms step_avg:121.90ms
step:1017/4740 train_time:123990ms step_avg:121.92ms
step:1018/4740 train_time:124236ms step_avg:122.04ms
step:1019/4740 train_time:124374ms step_avg:122.06ms
step:1020/4740 train_time:124617ms step_avg:122.17ms
step:1021/4740 train_time:124756ms step_avg:122.19ms
step:1022/4740 train_time:124998ms step_avg:122.31ms
step:1023/4740 train_time:125138ms step_avg:122.32ms
step:1024/4740 train_time:125381ms step_avg:122.44ms
step:1025/4740 train_time:125520ms step_avg:122.46ms
step:1026/4740 train_time:125762ms step_avg:122.58ms
step:1027/4740 train_time:125899ms step_avg:122.59ms
step:1028/4740 train_time:126141ms step_avg:122.71ms
step:1029/4740 train_time:126280ms step_avg:122.72ms
step:1030/4740 train_time:126524ms step_avg:122.84ms
step:1031/4740 train_time:126664ms step_avg:122.86ms
step:1032/4740 train_time:126907ms step_avg:122.97ms
step:1033/4740 train_time:127044ms step_avg:122.99ms
step:1034/4740 train_time:127286ms step_avg:123.10ms
step:1035/4740 train_time:127429ms step_avg:123.12ms
step:1036/4740 train_time:127672ms step_avg:123.24ms
step:1037/4740 train_time:127812ms step_avg:123.25ms
step:1038/4740 train_time:128058ms step_avg:123.37ms
step:1039/4740 train_time:128195ms step_avg:123.38ms
step:1040/4740 train_time:128438ms step_avg:123.50ms
step:1041/4740 train_time:128576ms step_avg:123.51ms
step:1042/4740 train_time:128818ms step_avg:123.63ms
step:1043/4740 train_time:128958ms step_avg:123.64ms
step:1044/4740 train_time:129198ms step_avg:123.75ms
step:1045/4740 train_time:129338ms step_avg:123.77ms
step:1046/4740 train_time:129582ms step_avg:123.88ms
step:1047/4740 train_time:129719ms step_avg:123.90ms
step:1048/4740 train_time:129963ms step_avg:124.01ms
step:1049/4740 train_time:130104ms step_avg:124.03ms
step:1050/4740 train_time:130346ms step_avg:124.14ms
step:1051/4740 train_time:130490ms step_avg:124.16ms
step:1052/4740 train_time:130734ms step_avg:124.27ms
step:1053/4740 train_time:130873ms step_avg:124.29ms
step:1054/4740 train_time:131115ms step_avg:124.40ms
step:1055/4740 train_time:131256ms step_avg:124.41ms
step:1056/4740 train_time:131500ms step_avg:124.53ms
step:1057/4740 train_time:131637ms step_avg:124.54ms
step:1058/4740 train_time:131880ms step_avg:124.65ms
step:1059/4740 train_time:132019ms step_avg:124.66ms
step:1060/4740 train_time:132263ms step_avg:124.78ms
step:1061/4740 train_time:132403ms step_avg:124.79ms
step:1062/4740 train_time:132645ms step_avg:124.90ms
step:1063/4740 train_time:132784ms step_avg:124.91ms
step:1064/4740 train_time:133025ms step_avg:125.02ms
step:1065/4740 train_time:133167ms step_avg:125.04ms
step:1066/4740 train_time:133409ms step_avg:125.15ms
step:1067/4740 train_time:133549ms step_avg:125.16ms
step:1068/4740 train_time:133792ms step_avg:125.27ms
step:1069/4740 train_time:133931ms step_avg:125.29ms
step:1070/4740 train_time:134177ms step_avg:125.40ms
step:1071/4740 train_time:134314ms step_avg:125.41ms
step:1072/4740 train_time:134559ms step_avg:125.52ms
step:1073/4740 train_time:134696ms step_avg:125.53ms
step:1074/4740 train_time:134941ms step_avg:125.64ms
step:1075/4740 train_time:135078ms step_avg:125.65ms
step:1076/4740 train_time:135320ms step_avg:125.76ms
step:1077/4740 train_time:135461ms step_avg:125.78ms
step:1078/4740 train_time:135705ms step_avg:125.89ms
step:1079/4740 train_time:135841ms step_avg:125.90ms
step:1080/4740 train_time:136083ms step_avg:126.00ms
step:1081/4740 train_time:136226ms step_avg:126.02ms
step:1082/4740 train_time:136467ms step_avg:126.12ms
step:1083/4740 train_time:136608ms step_avg:126.14ms
step:1084/4740 train_time:136852ms step_avg:126.25ms
step:1085/4740 train_time:136991ms step_avg:126.26ms
step:1086/4740 train_time:137238ms step_avg:126.37ms
step:1087/4740 train_time:137378ms step_avg:126.38ms
step:1088/4740 train_time:137619ms step_avg:126.49ms
step:1089/4740 train_time:137757ms step_avg:126.50ms
step:1090/4740 train_time:137998ms step_avg:126.60ms
step:1091/4740 train_time:138141ms step_avg:126.62ms
step:1092/4740 train_time:138383ms step_avg:126.72ms
step:1093/4740 train_time:138524ms step_avg:126.74ms
step:1094/4740 train_time:138764ms step_avg:126.84ms
step:1095/4740 train_time:138903ms step_avg:126.85ms
step:1096/4740 train_time:139145ms step_avg:126.96ms
step:1097/4740 train_time:139285ms step_avg:126.97ms
step:1098/4740 train_time:139526ms step_avg:127.07ms
step:1099/4740 train_time:139667ms step_avg:127.09ms
step:1100/4740 train_time:139907ms step_avg:127.19ms
step:1101/4740 train_time:140048ms step_avg:127.20ms
step:1102/4740 train_time:140293ms step_avg:127.31ms
step:1103/4740 train_time:140431ms step_avg:127.32ms
step:1104/4740 train_time:140675ms step_avg:127.42ms
step:1105/4740 train_time:140814ms step_avg:127.43ms
step:1106/4740 train_time:141056ms step_avg:127.54ms
step:1107/4740 train_time:141196ms step_avg:127.55ms
step:1108/4740 train_time:141438ms step_avg:127.65ms
step:1109/4740 train_time:141579ms step_avg:127.66ms
step:1110/4740 train_time:141821ms step_avg:127.77ms
step:1111/4740 train_time:141962ms step_avg:127.78ms
step:1112/4740 train_time:142206ms step_avg:127.88ms
step:1113/4740 train_time:142345ms step_avg:127.89ms
step:1114/4740 train_time:142587ms step_avg:128.00ms
step:1115/4740 train_time:142726ms step_avg:128.01ms
step:1116/4740 train_time:142970ms step_avg:128.11ms
step:1117/4740 train_time:143110ms step_avg:128.12ms
step:1118/4740 train_time:143351ms step_avg:128.22ms
step:1119/4740 train_time:143491ms step_avg:128.23ms
step:1120/4740 train_time:143735ms step_avg:128.33ms
step:1121/4740 train_time:143876ms step_avg:128.35ms
step:1122/4740 train_time:144118ms step_avg:128.45ms
step:1123/4740 train_time:144257ms step_avg:128.46ms
step:1124/4740 train_time:144499ms step_avg:128.56ms
step:1125/4740 train_time:144640ms step_avg:128.57ms
step:1126/4740 train_time:144883ms step_avg:128.67ms
step:1127/4740 train_time:145023ms step_avg:128.68ms
step:1128/4740 train_time:145264ms step_avg:128.78ms
step:1129/4740 train_time:145404ms step_avg:128.79ms
step:1130/4740 train_time:145645ms step_avg:128.89ms
step:1131/4740 train_time:145785ms step_avg:128.90ms
step:1132/4740 train_time:146026ms step_avg:129.00ms
step:1133/4740 train_time:146167ms step_avg:129.01ms
step:1134/4740 train_time:146412ms step_avg:129.11ms
step:1135/4740 train_time:146550ms step_avg:129.12ms
step:1136/4740 train_time:146791ms step_avg:129.22ms
step:1137/4740 train_time:146932ms step_avg:129.23ms
step:1138/4740 train_time:147178ms step_avg:129.33ms
step:1139/4740 train_time:147316ms step_avg:129.34ms
step:1140/4740 train_time:147559ms step_avg:129.44ms
step:1141/4740 train_time:147698ms step_avg:129.45ms
step:1142/4740 train_time:147940ms step_avg:129.54ms
step:1143/4740 train_time:148080ms step_avg:129.55ms
step:1144/4740 train_time:148323ms step_avg:129.65ms
step:1145/4740 train_time:148463ms step_avg:129.66ms
step:1146/4740 train_time:148704ms step_avg:129.76ms
step:1147/4740 train_time:148846ms step_avg:129.77ms
step:1148/4740 train_time:149089ms step_avg:129.87ms
step:1149/4740 train_time:149231ms step_avg:129.88ms
step:1150/4740 train_time:149476ms step_avg:129.98ms
step:1151/4740 train_time:149615ms step_avg:129.99ms
step:1152/4740 train_time:149858ms step_avg:130.09ms
step:1153/4740 train_time:149995ms step_avg:130.09ms
step:1154/4740 train_time:150238ms step_avg:130.19ms
step:1155/4740 train_time:150377ms step_avg:130.20ms
step:1156/4740 train_time:150621ms step_avg:130.30ms
step:1157/4740 train_time:150760ms step_avg:130.30ms
step:1158/4740 train_time:151001ms step_avg:130.40ms
step:1159/4740 train_time:151139ms step_avg:130.40ms
step:1160/4740 train_time:151383ms step_avg:130.50ms
step:1161/4740 train_time:151524ms step_avg:130.51ms
step:1162/4740 train_time:151766ms step_avg:130.61ms
step:1163/4740 train_time:151904ms step_avg:130.61ms
step:1164/4740 train_time:152146ms step_avg:130.71ms
step:1165/4740 train_time:152285ms step_avg:130.72ms
step:1166/4740 train_time:152528ms step_avg:130.81ms
step:1167/4740 train_time:152669ms step_avg:130.82ms
step:1168/4740 train_time:152914ms step_avg:130.92ms
step:1169/4740 train_time:153052ms step_avg:130.93ms
step:1170/4740 train_time:153297ms step_avg:131.02ms
step:1171/4740 train_time:153437ms step_avg:131.03ms
step:1172/4740 train_time:153681ms step_avg:131.13ms
step:1173/4740 train_time:153821ms step_avg:131.13ms
step:1174/4740 train_time:154063ms step_avg:131.23ms
step:1175/4740 train_time:154202ms step_avg:131.24ms
step:1176/4740 train_time:154477ms step_avg:131.36ms
step:1177/4740 train_time:154654ms step_avg:131.40ms
step:1178/4740 train_time:154977ms step_avg:131.56ms
step:1179/4740 train_time:155155ms step_avg:131.60ms
step:1180/4740 train_time:155476ms step_avg:131.76ms
step:1181/4740 train_time:155654ms step_avg:131.80ms
step:1182/4740 train_time:155974ms step_avg:131.96ms
step:1183/4740 train_time:156153ms step_avg:132.00ms
step:1184/4740 train_time:156474ms step_avg:132.16ms
step:1185/4740 train_time:156652ms step_avg:132.20ms
step:1186/4740 train_time:156973ms step_avg:132.35ms
step:1187/4740 train_time:157151ms step_avg:132.39ms
step:1188/4740 train_time:157470ms step_avg:132.55ms
step:1189/4740 train_time:157650ms step_avg:132.59ms
step:1190/4740 train_time:157971ms step_avg:132.75ms
step:1191/4740 train_time:158149ms step_avg:132.79ms
step:1192/4740 train_time:158466ms step_avg:132.94ms
step:1193/4740 train_time:158645ms step_avg:132.98ms
step:1194/4740 train_time:158966ms step_avg:133.14ms
step:1195/4740 train_time:159146ms step_avg:133.18ms
step:1196/4740 train_time:159466ms step_avg:133.33ms
step:1197/4740 train_time:159647ms step_avg:133.37ms
step:1198/4740 train_time:159965ms step_avg:133.53ms
step:1199/4740 train_time:160147ms step_avg:133.57ms
step:1200/4740 train_time:160470ms step_avg:133.73ms
step:1201/4740 train_time:160648ms step_avg:133.76ms
step:1202/4740 train_time:160965ms step_avg:133.91ms
step:1203/4740 train_time:161148ms step_avg:133.95ms
step:1204/4740 train_time:161466ms step_avg:134.11ms
step:1205/4740 train_time:161646ms step_avg:134.15ms
step:1206/4740 train_time:161961ms step_avg:134.30ms
step:1207/4740 train_time:162141ms step_avg:134.33ms
step:1208/4740 train_time:162461ms step_avg:134.49ms
step:1209/4740 train_time:162640ms step_avg:134.52ms
step:1210/4740 train_time:162955ms step_avg:134.67ms
step:1211/4740 train_time:163136ms step_avg:134.71ms
step:1212/4740 train_time:163453ms step_avg:134.86ms
step:1213/4740 train_time:163640ms step_avg:134.90ms
step:1214/4740 train_time:163958ms step_avg:135.06ms
step:1215/4740 train_time:164138ms step_avg:135.09ms
step:1216/4740 train_time:164455ms step_avg:135.24ms
step:1217/4740 train_time:164636ms step_avg:135.28ms
step:1218/4740 train_time:164956ms step_avg:135.43ms
step:1219/4740 train_time:165133ms step_avg:135.47ms
step:1220/4740 train_time:165455ms step_avg:135.62ms
step:1221/4740 train_time:165631ms step_avg:135.65ms
step:1222/4740 train_time:165952ms step_avg:135.80ms
step:1223/4740 train_time:166128ms step_avg:135.84ms
step:1224/4740 train_time:166451ms step_avg:135.99ms
step:1225/4740 train_time:166629ms step_avg:136.02ms
step:1226/4740 train_time:166945ms step_avg:136.17ms
step:1227/4740 train_time:167123ms step_avg:136.20ms
step:1228/4740 train_time:167444ms step_avg:136.36ms
step:1229/4740 train_time:167623ms step_avg:136.39ms
step:1230/4740 train_time:167942ms step_avg:136.54ms
step:1231/4740 train_time:168122ms step_avg:136.57ms
step:1232/4740 train_time:168439ms step_avg:136.72ms
step:1233/4740 train_time:168619ms step_avg:136.76ms
step:1234/4740 train_time:168937ms step_avg:136.90ms
step:1235/4740 train_time:169117ms step_avg:136.94ms
step:1236/4740 train_time:169437ms step_avg:137.08ms
step:1237/4740 train_time:169614ms step_avg:137.12ms
step:1238/4740 train_time:169930ms step_avg:137.26ms
step:1239/4740 train_time:170112ms step_avg:137.30ms
step:1240/4740 train_time:170429ms step_avg:137.44ms
step:1241/4740 train_time:170609ms step_avg:137.48ms
step:1242/4740 train_time:170928ms step_avg:137.62ms
step:1243/4740 train_time:171108ms step_avg:137.66ms
step:1244/4740 train_time:171428ms step_avg:137.80ms
step:1245/4740 train_time:171607ms step_avg:137.84ms
step:1246/4740 train_time:171924ms step_avg:137.98ms
step:1247/4740 train_time:172104ms step_avg:138.01ms
step:1248/4740 train_time:172423ms step_avg:138.16ms
step:1249/4740 train_time:172603ms step_avg:138.19ms
step:1250/4740 train_time:172922ms step_avg:138.34ms
step:1250/4740 val_loss:3.4480 train_time:173050ms step_avg:138.44ms
step:1251/4740 train_time:173105ms step_avg:138.37ms
step:1252/4740 train_time:173425ms step_avg:138.52ms
step:1253/4740 train_time:173609ms step_avg:138.56ms
step:1254/4740 train_time:173929ms step_avg:138.70ms
step:1255/4740 train_time:174107ms step_avg:138.73ms
step:1256/4740 train_time:174430ms step_avg:138.88ms
step:1257/4740 train_time:174612ms step_avg:138.91ms
step:1258/4740 train_time:174933ms step_avg:139.06ms
step:1259/4740 train_time:175107ms step_avg:139.08ms
step:1260/4740 train_time:175430ms step_avg:139.23ms
step:1261/4740 train_time:175611ms step_avg:139.26ms
step:1262/4740 train_time:175928ms step_avg:139.40ms
step:1263/4740 train_time:176107ms step_avg:139.44ms
step:1264/4740 train_time:176429ms step_avg:139.58ms
step:1265/4740 train_time:176606ms step_avg:139.61ms
step:1266/4740 train_time:176927ms step_avg:139.75ms
step:1267/4740 train_time:177106ms step_avg:139.78ms
step:1268/4740 train_time:177427ms step_avg:139.93ms
step:1269/4740 train_time:177605ms step_avg:139.96ms
step:1270/4740 train_time:177925ms step_avg:140.10ms
step:1271/4740 train_time:178103ms step_avg:140.13ms
step:1272/4740 train_time:178422ms step_avg:140.27ms
step:1273/4740 train_time:178604ms step_avg:140.30ms
step:1274/4740 train_time:178921ms step_avg:140.44ms
step:1275/4740 train_time:179101ms step_avg:140.47ms
step:1276/4740 train_time:179417ms step_avg:140.61ms
step:1277/4740 train_time:179599ms step_avg:140.64ms
step:1278/4740 train_time:179916ms step_avg:140.78ms
step:1279/4740 train_time:180097ms step_avg:140.81ms
step:1280/4740 train_time:180414ms step_avg:140.95ms
step:1281/4740 train_time:180596ms step_avg:140.98ms
step:1282/4740 train_time:180916ms step_avg:141.12ms
step:1283/4740 train_time:181096ms step_avg:141.15ms
step:1284/4740 train_time:181412ms step_avg:141.29ms
step:1285/4740 train_time:181594ms step_avg:141.32ms
step:1286/4740 train_time:181911ms step_avg:141.45ms
step:1287/4740 train_time:182091ms step_avg:141.48ms
step:1288/4740 train_time:182409ms step_avg:141.62ms
step:1289/4740 train_time:182590ms step_avg:141.65ms
step:1290/4740 train_time:182908ms step_avg:141.79ms
step:1291/4740 train_time:183090ms step_avg:141.82ms
step:1292/4740 train_time:183409ms step_avg:141.96ms
step:1293/4740 train_time:183589ms step_avg:141.99ms
step:1294/4740 train_time:183909ms step_avg:142.12ms
step:1295/4740 train_time:184088ms step_avg:142.15ms
step:1296/4740 train_time:184406ms step_avg:142.29ms
step:1297/4740 train_time:184585ms step_avg:142.32ms
step:1298/4740 train_time:184903ms step_avg:142.45ms
step:1299/4740 train_time:185084ms step_avg:142.48ms
step:1300/4740 train_time:185403ms step_avg:142.62ms
step:1301/4740 train_time:185583ms step_avg:142.65ms
step:1302/4740 train_time:185898ms step_avg:142.78ms
step:1303/4740 train_time:186082ms step_avg:142.81ms
step:1304/4740 train_time:186400ms step_avg:142.95ms
step:1305/4740 train_time:186584ms step_avg:142.98ms
step:1306/4740 train_time:186902ms step_avg:143.11ms
step:1307/4740 train_time:187082ms step_avg:143.14ms
step:1308/4740 train_time:187395ms step_avg:143.27ms
step:1309/4740 train_time:187583ms step_avg:143.30ms
step:1310/4740 train_time:187896ms step_avg:143.43ms
step:1311/4740 train_time:188081ms step_avg:143.46ms
step:1312/4740 train_time:188398ms step_avg:143.60ms
step:1313/4740 train_time:188581ms step_avg:143.63ms
step:1314/4740 train_time:188898ms step_avg:143.76ms
step:1315/4740 train_time:189078ms step_avg:143.79ms
step:1316/4740 train_time:189397ms step_avg:143.92ms
step:1317/4740 train_time:189576ms step_avg:143.95ms
step:1318/4740 train_time:189898ms step_avg:144.08ms
step:1319/4740 train_time:190074ms step_avg:144.10ms
step:1320/4740 train_time:190393ms step_avg:144.24ms
step:1321/4740 train_time:190574ms step_avg:144.26ms
step:1322/4740 train_time:190894ms step_avg:144.40ms
step:1323/4740 train_time:191073ms step_avg:144.42ms
step:1324/4740 train_time:191391ms step_avg:144.55ms
step:1325/4740 train_time:191573ms step_avg:144.58ms
step:1326/4740 train_time:191893ms step_avg:144.72ms
step:1327/4740 train_time:192070ms step_avg:144.74ms
step:1328/4740 train_time:192391ms step_avg:144.87ms
step:1329/4740 train_time:192570ms step_avg:144.90ms
step:1330/4740 train_time:192890ms step_avg:145.03ms
step:1331/4740 train_time:193067ms step_avg:145.05ms
step:1332/4740 train_time:193384ms step_avg:145.18ms
step:1333/4740 train_time:193567ms step_avg:145.21ms
step:1334/4740 train_time:193886ms step_avg:145.34ms
step:1335/4740 train_time:194065ms step_avg:145.37ms
step:1336/4740 train_time:194384ms step_avg:145.50ms
step:1337/4740 train_time:194564ms step_avg:145.52ms
step:1338/4740 train_time:194881ms step_avg:145.65ms
step:1339/4740 train_time:195062ms step_avg:145.68ms
step:1340/4740 train_time:195380ms step_avg:145.81ms
step:1341/4740 train_time:195564ms step_avg:145.83ms
step:1342/4740 train_time:195878ms step_avg:145.96ms
step:1343/4740 train_time:196060ms step_avg:145.99ms
step:1344/4740 train_time:196376ms step_avg:146.11ms
step:1345/4740 train_time:196559ms step_avg:146.14ms
step:1346/4740 train_time:196878ms step_avg:146.27ms
step:1347/4740 train_time:197057ms step_avg:146.29ms
step:1348/4740 train_time:197375ms step_avg:146.42ms
step:1349/4740 train_time:197554ms step_avg:146.44ms
step:1350/4740 train_time:197873ms step_avg:146.57ms
step:1351/4740 train_time:198053ms step_avg:146.60ms
step:1352/4740 train_time:198372ms step_avg:146.73ms
step:1353/4740 train_time:198553ms step_avg:146.75ms
step:1354/4740 train_time:198872ms step_avg:146.88ms
step:1355/4740 train_time:199051ms step_avg:146.90ms
step:1356/4740 train_time:199371ms step_avg:147.03ms
step:1357/4740 train_time:199552ms step_avg:147.05ms
step:1358/4740 train_time:199871ms step_avg:147.18ms
step:1359/4740 train_time:200049ms step_avg:147.20ms
step:1360/4740 train_time:200370ms step_avg:147.33ms
step:1361/4740 train_time:200548ms step_avg:147.35ms
step:1362/4740 train_time:200863ms step_avg:147.48ms
step:1363/4740 train_time:201041ms step_avg:147.50ms
step:1364/4740 train_time:201360ms step_avg:147.62ms
step:1365/4740 train_time:201542ms step_avg:147.65ms
step:1366/4740 train_time:201859ms step_avg:147.77ms
step:1367/4740 train_time:202039ms step_avg:147.80ms
step:1368/4740 train_time:202358ms step_avg:147.92ms
step:1369/4740 train_time:202538ms step_avg:147.95ms
step:1370/4740 train_time:202854ms step_avg:148.07ms
step:1371/4740 train_time:203034ms step_avg:148.09ms
step:1372/4740 train_time:203355ms step_avg:148.22ms
step:1373/4740 train_time:203534ms step_avg:148.24ms
step:1374/4740 train_time:203849ms step_avg:148.36ms
step:1375/4740 train_time:204029ms step_avg:148.38ms
step:1376/4740 train_time:204346ms step_avg:148.51ms
step:1377/4740 train_time:204525ms step_avg:148.53ms
step:1378/4740 train_time:204843ms step_avg:148.65ms
step:1379/4740 train_time:205024ms step_avg:148.68ms
step:1380/4740 train_time:205342ms step_avg:148.80ms
step:1381/4740 train_time:205522ms step_avg:148.82ms
step:1382/4740 train_time:205839ms step_avg:148.94ms
step:1383/4740 train_time:206021ms step_avg:148.97ms
step:1384/4740 train_time:206337ms step_avg:149.09ms
step:1385/4740 train_time:206517ms step_avg:149.11ms
step:1386/4740 train_time:206838ms step_avg:149.23ms
step:1387/4740 train_time:207019ms step_avg:149.26ms
step:1388/4740 train_time:207336ms step_avg:149.38ms
step:1389/4740 train_time:207515ms step_avg:149.40ms
step:1390/4740 train_time:207838ms step_avg:149.52ms
step:1391/4740 train_time:208014ms step_avg:149.54ms
step:1392/4740 train_time:208333ms step_avg:149.66ms
step:1393/4740 train_time:208511ms step_avg:149.68ms
step:1394/4740 train_time:208833ms step_avg:149.81ms
step:1395/4740 train_time:209009ms step_avg:149.83ms
step:1396/4740 train_time:209330ms step_avg:149.95ms
step:1397/4740 train_time:209505ms step_avg:149.97ms
step:1398/4740 train_time:209825ms step_avg:150.09ms
step:1399/4740 train_time:210004ms step_avg:150.11ms
step:1400/4740 train_time:210321ms step_avg:150.23ms
step:1401/4740 train_time:210501ms step_avg:150.25ms
step:1402/4740 train_time:210820ms step_avg:150.37ms
step:1403/4740 train_time:211002ms step_avg:150.39ms
step:1404/4740 train_time:211319ms step_avg:150.51ms
step:1405/4740 train_time:211500ms step_avg:150.53ms
step:1406/4740 train_time:211817ms step_avg:150.65ms
step:1407/4740 train_time:211997ms step_avg:150.67ms
step:1408/4740 train_time:212314ms step_avg:150.79ms
step:1409/4740 train_time:212496ms step_avg:150.81ms
step:1410/4740 train_time:212811ms step_avg:150.93ms
step:1411/4740 train_time:212995ms step_avg:150.95ms
step:1412/4740 train_time:213312ms step_avg:151.07ms
step:1413/4740 train_time:213495ms step_avg:151.09ms
step:1414/4740 train_time:213813ms step_avg:151.21ms
step:1415/4740 train_time:213992ms step_avg:151.23ms
step:1416/4740 train_time:214310ms step_avg:151.35ms
step:1417/4740 train_time:214494ms step_avg:151.37ms
step:1418/4740 train_time:214812ms step_avg:151.49ms
step:1419/4740 train_time:214992ms step_avg:151.51ms
step:1420/4740 train_time:215310ms step_avg:151.63ms
step:1421/4740 train_time:215491ms step_avg:151.65ms
step:1422/4740 train_time:215812ms step_avg:151.77ms
step:1423/4740 train_time:215992ms step_avg:151.79ms
step:1424/4740 train_time:216310ms step_avg:151.90ms
step:1425/4740 train_time:216488ms step_avg:151.92ms
step:1426/4740 train_time:216805ms step_avg:152.04ms
step:1427/4740 train_time:216985ms step_avg:152.06ms
step:1428/4740 train_time:217303ms step_avg:152.17ms
step:1429/4740 train_time:217484ms step_avg:152.19ms
step:1430/4740 train_time:217802ms step_avg:152.31ms
step:1431/4740 train_time:217983ms step_avg:152.33ms
step:1432/4740 train_time:218303ms step_avg:152.45ms
step:1433/4740 train_time:218486ms step_avg:152.47ms
step:1434/4740 train_time:218804ms step_avg:152.58ms
step:1435/4740 train_time:218984ms step_avg:152.60ms
step:1436/4740 train_time:219304ms step_avg:152.72ms
step:1437/4740 train_time:219483ms step_avg:152.74ms
step:1438/4740 train_time:219800ms step_avg:152.85ms
step:1439/4740 train_time:219981ms step_avg:152.87ms
step:1440/4740 train_time:220299ms step_avg:152.99ms
step:1441/4740 train_time:220482ms step_avg:153.01ms
step:1442/4740 train_time:220799ms step_avg:153.12ms
step:1443/4740 train_time:220980ms step_avg:153.14ms
step:1444/4740 train_time:221298ms step_avg:153.25ms
step:1445/4740 train_time:221478ms step_avg:153.27ms
step:1446/4740 train_time:221796ms step_avg:153.39ms
step:1447/4740 train_time:221973ms step_avg:153.40ms
step:1448/4740 train_time:222295ms step_avg:153.52ms
step:1449/4740 train_time:222474ms step_avg:153.54ms
step:1450/4740 train_time:222795ms step_avg:153.65ms
step:1451/4740 train_time:222973ms step_avg:153.67ms
step:1452/4740 train_time:223293ms step_avg:153.78ms
step:1453/4740 train_time:223470ms step_avg:153.80ms
step:1454/4740 train_time:223792ms step_avg:153.91ms
step:1455/4740 train_time:223967ms step_avg:153.93ms
step:1456/4740 train_time:224285ms step_avg:154.04ms
step:1457/4740 train_time:224466ms step_avg:154.06ms
step:1458/4740 train_time:224781ms step_avg:154.17ms
step:1459/4740 train_time:224963ms step_avg:154.19ms
step:1460/4740 train_time:225284ms step_avg:154.30ms
step:1461/4740 train_time:225461ms step_avg:154.32ms
step:1462/4740 train_time:225777ms step_avg:154.43ms
step:1463/4740 train_time:225957ms step_avg:154.45ms
step:1464/4740 train_time:226275ms step_avg:154.56ms
step:1465/4740 train_time:226457ms step_avg:154.58ms
step:1466/4740 train_time:226775ms step_avg:154.69ms
step:1467/4740 train_time:226954ms step_avg:154.71ms
step:1468/4740 train_time:227273ms step_avg:154.82ms
step:1469/4740 train_time:227457ms step_avg:154.84ms
step:1470/4740 train_time:227775ms step_avg:154.95ms
step:1471/4740 train_time:227958ms step_avg:154.97ms
step:1472/4740 train_time:228275ms step_avg:155.08ms
step:1473/4740 train_time:228456ms step_avg:155.10ms
step:1474/4740 train_time:228771ms step_avg:155.20ms
step:1475/4740 train_time:228955ms step_avg:155.22ms
step:1476/4740 train_time:229274ms step_avg:155.33ms
step:1477/4740 train_time:229449ms step_avg:155.35ms
step:1478/4740 train_time:229769ms step_avg:155.46ms
step:1479/4740 train_time:229949ms step_avg:155.48ms
step:1480/4740 train_time:230264ms step_avg:155.58ms
step:1481/4740 train_time:230448ms step_avg:155.60ms
step:1482/4740 train_time:230764ms step_avg:155.71ms
step:1483/4740 train_time:230946ms step_avg:155.73ms
step:1484/4740 train_time:231264ms step_avg:155.84ms
step:1485/4740 train_time:231446ms step_avg:155.86ms
step:1486/4740 train_time:231767ms step_avg:155.97ms
step:1487/4740 train_time:231947ms step_avg:155.98ms
step:1488/4740 train_time:232263ms step_avg:156.09ms
step:1489/4740 train_time:232442ms step_avg:156.11ms
step:1490/4740 train_time:232759ms step_avg:156.21ms
step:1491/4740 train_time:232944ms step_avg:156.23ms
step:1492/4740 train_time:233260ms step_avg:156.34ms
step:1493/4740 train_time:233438ms step_avg:156.35ms
step:1494/4740 train_time:233756ms step_avg:156.46ms
step:1495/4740 train_time:233939ms step_avg:156.48ms
step:1496/4740 train_time:234255ms step_avg:156.59ms
step:1497/4740 train_time:234433ms step_avg:156.60ms
step:1498/4740 train_time:234751ms step_avg:156.71ms
step:1499/4740 train_time:234931ms step_avg:156.73ms
step:1500/4740 train_time:235249ms step_avg:156.83ms
step:1500/4740 val_loss:3.3810 train_time:235376ms step_avg:156.92ms
step:1501/4740 train_time:235432ms step_avg:156.85ms
step:1502/4740 train_time:235754ms step_avg:156.96ms
step:1503/4740 train_time:235934ms step_avg:156.98ms
step:1504/4740 train_time:236249ms step_avg:157.08ms
step:1505/4740 train_time:236430ms step_avg:157.10ms
step:1506/4740 train_time:236751ms step_avg:157.21ms
step:1507/4740 train_time:236933ms step_avg:157.22ms
step:1508/4740 train_time:237252ms step_avg:157.33ms
step:1509/4740 train_time:237430ms step_avg:157.34ms
step:1510/4740 train_time:237750ms step_avg:157.45ms
step:1511/4740 train_time:237935ms step_avg:157.47ms
step:1512/4740 train_time:238254ms step_avg:157.58ms
step:1513/4740 train_time:238432ms step_avg:157.59ms
step:1514/4740 train_time:238752ms step_avg:157.70ms
step:1515/4740 train_time:238935ms step_avg:157.71ms
step:1516/4740 train_time:239255ms step_avg:157.82ms
step:1517/4740 train_time:239437ms step_avg:157.84ms
step:1518/4740 train_time:239754ms step_avg:157.94ms
step:1519/4740 train_time:239933ms step_avg:157.95ms
step:1520/4740 train_time:240252ms step_avg:158.06ms
step:1521/4740 train_time:240432ms step_avg:158.08ms
step:1522/4740 train_time:240750ms step_avg:158.18ms
step:1523/4740 train_time:240933ms step_avg:158.20ms
step:1524/4740 train_time:241254ms step_avg:158.30ms
step:1525/4740 train_time:241433ms step_avg:158.32ms
step:1526/4740 train_time:241750ms step_avg:158.42ms
step:1527/4740 train_time:241931ms step_avg:158.44ms
step:1528/4740 train_time:242250ms step_avg:158.54ms
step:1529/4740 train_time:242434ms step_avg:158.56ms
step:1530/4740 train_time:242749ms step_avg:158.66ms
step:1531/4740 train_time:242930ms step_avg:158.67ms
step:1532/4740 train_time:243246ms step_avg:158.78ms
step:1533/4740 train_time:243429ms step_avg:158.79ms
step:1534/4740 train_time:243747ms step_avg:158.90ms
step:1535/4740 train_time:243928ms step_avg:158.91ms
step:1536/4740 train_time:244245ms step_avg:159.01ms
step:1537/4740 train_time:244427ms step_avg:159.03ms
step:1538/4740 train_time:244744ms step_avg:159.13ms
step:1539/4740 train_time:244925ms step_avg:159.15ms
step:1540/4740 train_time:245242ms step_avg:159.25ms
step:1541/4740 train_time:245426ms step_avg:159.26ms
step:1542/4740 train_time:245747ms step_avg:159.37ms
step:1543/4740 train_time:245925ms step_avg:159.38ms
step:1544/4740 train_time:246244ms step_avg:159.48ms
step:1545/4740 train_time:246419ms step_avg:159.49ms
step:1546/4740 train_time:246741ms step_avg:159.60ms
step:1547/4740 train_time:246918ms step_avg:159.61ms
step:1548/4740 train_time:247239ms step_avg:159.71ms
step:1549/4740 train_time:247419ms step_avg:159.73ms
step:1550/4740 train_time:247737ms step_avg:159.83ms
step:1551/4740 train_time:247917ms step_avg:159.84ms
step:1552/4740 train_time:248240ms step_avg:159.95ms
step:1553/4740 train_time:248414ms step_avg:159.96ms
step:1554/4740 train_time:248732ms step_avg:160.06ms
step:1555/4740 train_time:248909ms step_avg:160.07ms
step:1556/4740 train_time:249225ms step_avg:160.17ms
step:1557/4740 train_time:249405ms step_avg:160.18ms
step:1558/4740 train_time:249723ms step_avg:160.28ms
step:1559/4740 train_time:249904ms step_avg:160.30ms
step:1560/4740 train_time:250223ms step_avg:160.40ms
step:1561/4740 train_time:250402ms step_avg:160.41ms
step:1562/4740 train_time:250719ms step_avg:160.51ms
step:1563/4740 train_time:250903ms step_avg:160.53ms
step:1564/4740 train_time:251219ms step_avg:160.63ms
step:1565/4740 train_time:251402ms step_avg:160.64ms
step:1566/4740 train_time:251720ms step_avg:160.74ms
step:1567/4740 train_time:251899ms step_avg:160.75ms
step:1568/4740 train_time:252218ms step_avg:160.85ms
step:1569/4740 train_time:252400ms step_avg:160.87ms
step:1570/4740 train_time:252719ms step_avg:160.97ms
step:1571/4740 train_time:252902ms step_avg:160.98ms
step:1572/4740 train_time:253220ms step_avg:161.08ms
step:1573/4740 train_time:253401ms step_avg:161.09ms
step:1574/4740 train_time:253718ms step_avg:161.19ms
step:1575/4740 train_time:253900ms step_avg:161.21ms
step:1576/4740 train_time:254220ms step_avg:161.31ms
step:1577/4740 train_time:254399ms step_avg:161.32ms
step:1578/4740 train_time:254718ms step_avg:161.42ms
step:1579/4740 train_time:254900ms step_avg:161.43ms
step:1580/4740 train_time:255219ms step_avg:161.53ms
step:1581/4740 train_time:255398ms step_avg:161.54ms
step:1582/4740 train_time:255719ms step_avg:161.64ms
step:1583/4740 train_time:255900ms step_avg:161.66ms
step:1584/4740 train_time:256219ms step_avg:161.75ms
step:1585/4740 train_time:256401ms step_avg:161.77ms
step:1586/4740 train_time:256720ms step_avg:161.87ms
step:1587/4740 train_time:256899ms step_avg:161.88ms
step:1588/4740 train_time:257217ms step_avg:161.98ms
step:1589/4740 train_time:257399ms step_avg:161.99ms
step:1590/4740 train_time:257718ms step_avg:162.09ms
step:1591/4740 train_time:257897ms step_avg:162.10ms
step:1592/4740 train_time:258218ms step_avg:162.20ms
step:1593/4740 train_time:258402ms step_avg:162.21ms
step:1594/4740 train_time:258718ms step_avg:162.31ms
step:1595/4740 train_time:258901ms step_avg:162.32ms
step:1596/4740 train_time:259221ms step_avg:162.42ms
step:1597/4740 train_time:259400ms step_avg:162.43ms
step:1598/4740 train_time:259719ms step_avg:162.53ms
step:1599/4740 train_time:259898ms step_avg:162.54ms
step:1600/4740 train_time:260219ms step_avg:162.64ms
step:1601/4740 train_time:260399ms step_avg:162.65ms
step:1602/4740 train_time:260719ms step_avg:162.75ms
step:1603/4740 train_time:260899ms step_avg:162.76ms
step:1604/4740 train_time:261220ms step_avg:162.86ms
step:1605/4740 train_time:261399ms step_avg:162.87ms
step:1606/4740 train_time:261717ms step_avg:162.96ms
step:1607/4740 train_time:261898ms step_avg:162.97ms
step:1608/4740 train_time:262218ms step_avg:163.07ms
step:1609/4740 train_time:262400ms step_avg:163.08ms
step:1610/4740 train_time:262721ms step_avg:163.18ms
step:1611/4740 train_time:262900ms step_avg:163.19ms
step:1612/4740 train_time:263218ms step_avg:163.29ms
step:1613/4740 train_time:263399ms step_avg:163.30ms
step:1614/4740 train_time:263717ms step_avg:163.39ms
step:1615/4740 train_time:263898ms step_avg:163.40ms
step:1616/4740 train_time:264218ms step_avg:163.50ms
step:1617/4740 train_time:264398ms step_avg:163.51ms
step:1618/4740 train_time:264720ms step_avg:163.61ms
step:1619/4740 train_time:264898ms step_avg:163.62ms
step:1620/4740 train_time:265219ms step_avg:163.72ms
step:1621/4740 train_time:265400ms step_avg:163.73ms
step:1622/4740 train_time:265719ms step_avg:163.82ms
step:1623/4740 train_time:265900ms step_avg:163.83ms
step:1624/4740 train_time:266216ms step_avg:163.93ms
step:1625/4740 train_time:266396ms step_avg:163.94ms
step:1626/4740 train_time:266713ms step_avg:164.03ms
step:1627/4740 train_time:266892ms step_avg:164.04ms
step:1628/4740 train_time:267209ms step_avg:164.13ms
step:1629/4740 train_time:267391ms step_avg:164.14ms
step:1630/4740 train_time:267706ms step_avg:164.24ms
step:1631/4740 train_time:267891ms step_avg:164.25ms
step:1632/4740 train_time:268211ms step_avg:164.34ms
step:1633/4740 train_time:268392ms step_avg:164.36ms
step:1634/4740 train_time:268716ms step_avg:164.45ms
step:1635/4740 train_time:268895ms step_avg:164.46ms
step:1636/4740 train_time:269212ms step_avg:164.56ms
step:1637/4740 train_time:269394ms step_avg:164.57ms
step:1638/4740 train_time:269713ms step_avg:164.66ms
step:1639/4740 train_time:269892ms step_avg:164.67ms
step:1640/4740 train_time:270212ms step_avg:164.76ms
step:1641/4740 train_time:270389ms step_avg:164.77ms
step:1642/4740 train_time:270707ms step_avg:164.86ms
step:1643/4740 train_time:270891ms step_avg:164.88ms
step:1644/4740 train_time:271209ms step_avg:164.97ms
step:1645/4740 train_time:271390ms step_avg:164.98ms
step:1646/4740 train_time:271706ms step_avg:165.07ms
step:1647/4740 train_time:271891ms step_avg:165.08ms
step:1648/4740 train_time:272208ms step_avg:165.17ms
step:1649/4740 train_time:272389ms step_avg:165.18ms
step:1650/4740 train_time:272707ms step_avg:165.28ms
step:1651/4740 train_time:272890ms step_avg:165.29ms
step:1652/4740 train_time:273205ms step_avg:165.38ms
step:1653/4740 train_time:273393ms step_avg:165.39ms
step:1654/4740 train_time:273710ms step_avg:165.48ms
step:1655/4740 train_time:273888ms step_avg:165.49ms
step:1656/4740 train_time:274208ms step_avg:165.58ms
step:1657/4740 train_time:274390ms step_avg:165.59ms
step:1658/4740 train_time:274708ms step_avg:165.69ms
step:1659/4740 train_time:274891ms step_avg:165.70ms
step:1660/4740 train_time:275210ms step_avg:165.79ms
step:1661/4740 train_time:275393ms step_avg:165.80ms
step:1662/4740 train_time:275711ms step_avg:165.89ms
step:1663/4740 train_time:275895ms step_avg:165.90ms
step:1664/4740 train_time:276214ms step_avg:165.99ms
step:1665/4740 train_time:276399ms step_avg:166.01ms
step:1666/4740 train_time:276720ms step_avg:166.10ms
step:1667/4740 train_time:276900ms step_avg:166.11ms
step:1668/4740 train_time:277219ms step_avg:166.20ms
step:1669/4740 train_time:277400ms step_avg:166.21ms
step:1670/4740 train_time:277718ms step_avg:166.30ms
step:1671/4740 train_time:277898ms step_avg:166.31ms
step:1672/4740 train_time:278217ms step_avg:166.40ms
step:1673/4740 train_time:278400ms step_avg:166.41ms
step:1674/4740 train_time:278718ms step_avg:166.50ms
step:1675/4740 train_time:278901ms step_avg:166.51ms
step:1676/4740 train_time:279220ms step_avg:166.60ms
step:1677/4740 train_time:279404ms step_avg:166.61ms
step:1678/4740 train_time:279720ms step_avg:166.70ms
step:1679/4740 train_time:279900ms step_avg:166.71ms
step:1680/4740 train_time:280218ms step_avg:166.80ms
step:1681/4740 train_time:280403ms step_avg:166.81ms
step:1682/4740 train_time:280723ms step_avg:166.90ms
step:1683/4740 train_time:280905ms step_avg:166.91ms
step:1684/4740 train_time:281228ms step_avg:167.00ms
step:1685/4740 train_time:281405ms step_avg:167.01ms
step:1686/4740 train_time:281725ms step_avg:167.10ms
step:1687/4740 train_time:281906ms step_avg:167.10ms
step:1688/4740 train_time:282226ms step_avg:167.20ms
step:1689/4740 train_time:282408ms step_avg:167.20ms
step:1690/4740 train_time:282724ms step_avg:167.29ms
step:1691/4740 train_time:282904ms step_avg:167.30ms
step:1692/4740 train_time:283222ms step_avg:167.39ms
step:1693/4740 train_time:283403ms step_avg:167.40ms
step:1694/4740 train_time:283722ms step_avg:167.49ms
step:1695/4740 train_time:283903ms step_avg:167.49ms
step:1696/4740 train_time:284224ms step_avg:167.58ms
step:1697/4740 train_time:284407ms step_avg:167.59ms
step:1698/4740 train_time:284726ms step_avg:167.68ms
step:1699/4740 train_time:284907ms step_avg:167.69ms
step:1700/4740 train_time:285226ms step_avg:167.78ms
step:1701/4740 train_time:285408ms step_avg:167.79ms
step:1702/4740 train_time:285726ms step_avg:167.88ms
step:1703/4740 train_time:285908ms step_avg:167.88ms
step:1704/4740 train_time:286226ms step_avg:167.97ms
step:1705/4740 train_time:286408ms step_avg:167.98ms
step:1706/4740 train_time:286726ms step_avg:168.07ms
step:1707/4740 train_time:286906ms step_avg:168.08ms
step:1708/4740 train_time:287224ms step_avg:168.16ms
step:1709/4740 train_time:287406ms step_avg:168.17ms
step:1710/4740 train_time:287724ms step_avg:168.26ms
step:1711/4740 train_time:287903ms step_avg:168.27ms
step:1712/4740 train_time:288224ms step_avg:168.36ms
step:1713/4740 train_time:288406ms step_avg:168.36ms
step:1714/4740 train_time:288726ms step_avg:168.45ms
step:1715/4740 train_time:288905ms step_avg:168.46ms
step:1716/4740 train_time:289223ms step_avg:168.55ms
step:1717/4740 train_time:289406ms step_avg:168.55ms
step:1718/4740 train_time:289724ms step_avg:168.64ms
step:1719/4740 train_time:289906ms step_avg:168.65ms
step:1720/4740 train_time:290223ms step_avg:168.73ms
step:1721/4740 train_time:290403ms step_avg:168.74ms
step:1722/4740 train_time:290724ms step_avg:168.83ms
step:1723/4740 train_time:290904ms step_avg:168.84ms
step:1724/4740 train_time:291220ms step_avg:168.92ms
step:1725/4740 train_time:291402ms step_avg:168.93ms
step:1726/4740 train_time:291725ms step_avg:169.02ms
step:1727/4740 train_time:291905ms step_avg:169.02ms
step:1728/4740 train_time:292224ms step_avg:169.11ms
step:1729/4740 train_time:292402ms step_avg:169.12ms
step:1730/4740 train_time:292724ms step_avg:169.20ms
step:1731/4740 train_time:292905ms step_avg:169.21ms
step:1732/4740 train_time:293224ms step_avg:169.30ms
step:1733/4740 train_time:293404ms step_avg:169.30ms
step:1734/4740 train_time:293721ms step_avg:169.39ms
step:1735/4740 train_time:293904ms step_avg:169.40ms
step:1736/4740 train_time:294225ms step_avg:169.48ms
step:1737/4740 train_time:294407ms step_avg:169.49ms
step:1738/4740 train_time:294723ms step_avg:169.58ms
step:1739/4740 train_time:294907ms step_avg:169.58ms
step:1740/4740 train_time:295227ms step_avg:169.67ms
step:1741/4740 train_time:295405ms step_avg:169.68ms
step:1742/4740 train_time:295723ms step_avg:169.76ms
step:1743/4740 train_time:295903ms step_avg:169.77ms
step:1744/4740 train_time:296221ms step_avg:169.85ms
step:1745/4740 train_time:296401ms step_avg:169.86ms
step:1746/4740 train_time:296722ms step_avg:169.94ms
step:1747/4740 train_time:296906ms step_avg:169.95ms
step:1748/4740 train_time:297225ms step_avg:170.04ms
step:1749/4740 train_time:297405ms step_avg:170.04ms
step:1750/4740 train_time:297726ms step_avg:170.13ms
step:1750/4740 val_loss:3.3176 train_time:297854ms step_avg:170.20ms
step:1751/4740 train_time:297910ms step_avg:170.14ms
step:1752/4740 train_time:298231ms step_avg:170.22ms
step:1753/4740 train_time:298415ms step_avg:170.23ms
step:1754/4740 train_time:298728ms step_avg:170.31ms
step:1755/4740 train_time:298911ms step_avg:170.32ms
step:1756/4740 train_time:299231ms step_avg:170.41ms
step:1757/4740 train_time:299419ms step_avg:170.41ms
step:1758/4740 train_time:299733ms step_avg:170.50ms
step:1759/4740 train_time:299912ms step_avg:170.50ms
step:1760/4740 train_time:300230ms step_avg:170.59ms
step:1761/4740 train_time:300413ms step_avg:170.59ms
step:1762/4740 train_time:300733ms step_avg:170.68ms
step:1763/4740 train_time:300914ms step_avg:170.68ms
step:1764/4740 train_time:301237ms step_avg:170.77ms
step:1765/4740 train_time:301417ms step_avg:170.77ms
step:1766/4740 train_time:301737ms step_avg:170.86ms
step:1767/4740 train_time:301915ms step_avg:170.86ms
step:1768/4740 train_time:302235ms step_avg:170.95ms
step:1769/4740 train_time:302414ms step_avg:170.95ms
step:1770/4740 train_time:302733ms step_avg:171.04ms
step:1771/4740 train_time:302911ms step_avg:171.04ms
step:1772/4740 train_time:303233ms step_avg:171.12ms
step:1773/4740 train_time:303413ms step_avg:171.13ms
step:1774/4740 train_time:303733ms step_avg:171.21ms
step:1775/4740 train_time:303915ms step_avg:171.22ms
step:1776/4740 train_time:304234ms step_avg:171.30ms
step:1777/4740 train_time:304413ms step_avg:171.31ms
step:1778/4740 train_time:304732ms step_avg:171.39ms
step:1779/4740 train_time:304915ms step_avg:171.40ms
step:1780/4740 train_time:305233ms step_avg:171.48ms
step:1781/4740 train_time:305413ms step_avg:171.48ms
step:1782/4740 train_time:305730ms step_avg:171.57ms
step:1783/4740 train_time:305915ms step_avg:171.57ms
step:1784/4740 train_time:306232ms step_avg:171.65ms
step:1785/4740 train_time:306415ms step_avg:171.66ms
step:1786/4740 train_time:306733ms step_avg:171.74ms
step:1787/4740 train_time:306915ms step_avg:171.75ms
step:1788/4740 train_time:307234ms step_avg:171.83ms
step:1789/4740 train_time:307417ms step_avg:171.84ms
step:1790/4740 train_time:307737ms step_avg:171.92ms
step:1791/4740 train_time:307919ms step_avg:171.93ms
step:1792/4740 train_time:308239ms step_avg:172.01ms
step:1793/4740 train_time:308420ms step_avg:172.01ms
step:1794/4740 train_time:308742ms step_avg:172.10ms
step:1795/4740 train_time:308921ms step_avg:172.10ms
step:1796/4740 train_time:309238ms step_avg:172.18ms
step:1797/4740 train_time:309416ms step_avg:172.18ms
step:1798/4740 train_time:309737ms step_avg:172.27ms
step:1799/4740 train_time:309915ms step_avg:172.27ms
step:1800/4740 train_time:310232ms step_avg:172.35ms
step:1801/4740 train_time:310416ms step_avg:172.36ms
step:1802/4740 train_time:310735ms step_avg:172.44ms
step:1803/4740 train_time:310917ms step_avg:172.44ms
step:1804/4740 train_time:311234ms step_avg:172.52ms
step:1805/4740 train_time:311416ms step_avg:172.53ms
step:1806/4740 train_time:311737ms step_avg:172.61ms
step:1807/4740 train_time:311917ms step_avg:172.62ms
step:1808/4740 train_time:312235ms step_avg:172.70ms
step:1809/4740 train_time:312417ms step_avg:172.70ms
step:1810/4740 train_time:312738ms step_avg:172.78ms
step:1811/4740 train_time:312918ms step_avg:172.79ms
step:1812/4740 train_time:313235ms step_avg:172.87ms
step:1813/4740 train_time:313418ms step_avg:172.87ms
step:1814/4740 train_time:313737ms step_avg:172.95ms
step:1815/4740 train_time:313917ms step_avg:172.96ms
step:1816/4740 train_time:314238ms step_avg:173.04ms
step:1817/4740 train_time:314418ms step_avg:173.04ms
step:1818/4740 train_time:314739ms step_avg:173.12ms
step:1819/4740 train_time:314920ms step_avg:173.13ms
step:1820/4740 train_time:315240ms step_avg:173.21ms
step:1821/4740 train_time:315419ms step_avg:173.21ms
step:1822/4740 train_time:315743ms step_avg:173.29ms
step:1823/4740 train_time:315921ms step_avg:173.30ms
step:1824/4740 train_time:316238ms step_avg:173.38ms
step:1825/4740 train_time:316416ms step_avg:173.38ms
step:1826/4740 train_time:316738ms step_avg:173.46ms
step:1827/4740 train_time:316918ms step_avg:173.46ms
step:1828/4740 train_time:317235ms step_avg:173.54ms
step:1829/4740 train_time:317415ms step_avg:173.55ms
step:1830/4740 train_time:317735ms step_avg:173.63ms
step:1831/4740 train_time:317914ms step_avg:173.63ms
step:1832/4740 train_time:318232ms step_avg:173.71ms
step:1833/4740 train_time:318416ms step_avg:173.71ms
step:1834/4740 train_time:318734ms step_avg:173.79ms
step:1835/4740 train_time:318916ms step_avg:173.80ms
step:1836/4740 train_time:319232ms step_avg:173.87ms
step:1837/4740 train_time:319416ms step_avg:173.88ms
step:1838/4740 train_time:319735ms step_avg:173.96ms
step:1839/4740 train_time:319918ms step_avg:173.96ms
step:1840/4740 train_time:320238ms step_avg:174.04ms
step:1841/4740 train_time:320415ms step_avg:174.04ms
step:1842/4740 train_time:320735ms step_avg:174.12ms
step:1843/4740 train_time:320919ms step_avg:174.13ms
step:1844/4740 train_time:321237ms step_avg:174.21ms
step:1845/4740 train_time:321416ms step_avg:174.21ms
step:1846/4740 train_time:321737ms step_avg:174.29ms
step:1847/4740 train_time:321919ms step_avg:174.29ms
step:1848/4740 train_time:322239ms step_avg:174.37ms
step:1849/4740 train_time:322421ms step_avg:174.38ms
step:1850/4740 train_time:322741ms step_avg:174.45ms
step:1851/4740 train_time:322921ms step_avg:174.46ms
step:1852/4740 train_time:323240ms step_avg:174.54ms
step:1853/4740 train_time:323419ms step_avg:174.54ms
step:1854/4740 train_time:323742ms step_avg:174.62ms
step:1855/4740 train_time:323919ms step_avg:174.62ms
step:1856/4740 train_time:324237ms step_avg:174.70ms
step:1857/4740 train_time:324415ms step_avg:174.70ms
step:1858/4740 train_time:324736ms step_avg:174.78ms
step:1859/4740 train_time:324915ms step_avg:174.78ms
step:1860/4740 train_time:325232ms step_avg:174.86ms
step:1861/4740 train_time:325415ms step_avg:174.86ms
step:1862/4740 train_time:325732ms step_avg:174.94ms
step:1863/4740 train_time:325912ms step_avg:174.94ms
step:1864/4740 train_time:326229ms step_avg:175.02ms
step:1865/4740 train_time:326408ms step_avg:175.02ms
step:1866/4740 train_time:326726ms step_avg:175.09ms
step:1867/4740 train_time:326911ms step_avg:175.10ms
step:1868/4740 train_time:327228ms step_avg:175.18ms
step:1869/4740 train_time:327409ms step_avg:175.18ms
step:1870/4740 train_time:327727ms step_avg:175.26ms
step:1871/4740 train_time:327909ms step_avg:175.26ms
step:1872/4740 train_time:328229ms step_avg:175.34ms
step:1873/4740 train_time:328407ms step_avg:175.34ms
step:1874/4740 train_time:328726ms step_avg:175.41ms
step:1875/4740 train_time:328907ms step_avg:175.42ms
step:1876/4740 train_time:329228ms step_avg:175.49ms
step:1877/4740 train_time:329411ms step_avg:175.50ms
step:1878/4740 train_time:329734ms step_avg:175.58ms
step:1879/4740 train_time:329912ms step_avg:175.58ms
step:1880/4740 train_time:330230ms step_avg:175.65ms
step:1881/4740 train_time:330414ms step_avg:175.66ms
step:1882/4740 train_time:330730ms step_avg:175.73ms
step:1883/4740 train_time:330912ms step_avg:175.74ms
step:1884/4740 train_time:331228ms step_avg:175.81ms
step:1885/4740 train_time:331409ms step_avg:175.81ms
step:1886/4740 train_time:331727ms step_avg:175.89ms
step:1887/4740 train_time:331910ms step_avg:175.89ms
step:1888/4740 train_time:332226ms step_avg:175.97ms
step:1889/4740 train_time:332411ms step_avg:175.97ms
step:1890/4740 train_time:332728ms step_avg:176.05ms
step:1891/4740 train_time:332907ms step_avg:176.05ms
step:1892/4740 train_time:333227ms step_avg:176.12ms
step:1893/4740 train_time:333409ms step_avg:176.13ms
step:1894/4740 train_time:333727ms step_avg:176.20ms
step:1895/4740 train_time:333908ms step_avg:176.20ms
step:1896/4740 train_time:334230ms step_avg:176.28ms
step:1897/4740 train_time:334409ms step_avg:176.28ms
step:1898/4740 train_time:334729ms step_avg:176.36ms
step:1899/4740 train_time:334912ms step_avg:176.36ms
step:1900/4740 train_time:335230ms step_avg:176.44ms
step:1901/4740 train_time:335412ms step_avg:176.44ms
step:1902/4740 train_time:335733ms step_avg:176.52ms
step:1903/4740 train_time:335912ms step_avg:176.52ms
step:1904/4740 train_time:336231ms step_avg:176.59ms
step:1905/4740 train_time:336409ms step_avg:176.59ms
step:1906/4740 train_time:336730ms step_avg:176.67ms
step:1907/4740 train_time:336912ms step_avg:176.67ms
step:1908/4740 train_time:337229ms step_avg:176.74ms
step:1909/4740 train_time:337414ms step_avg:176.75ms
step:1910/4740 train_time:337731ms step_avg:176.82ms
step:1911/4740 train_time:337917ms step_avg:176.83ms
step:1912/4740 train_time:338238ms step_avg:176.90ms
step:1913/4740 train_time:338418ms step_avg:176.90ms
step:1914/4740 train_time:338738ms step_avg:176.98ms
step:1915/4740 train_time:338920ms step_avg:176.98ms
step:1916/4740 train_time:339243ms step_avg:177.06ms
step:1917/4740 train_time:339419ms step_avg:177.06ms
step:1918/4740 train_time:339739ms step_avg:177.13ms
step:1919/4740 train_time:339918ms step_avg:177.13ms
step:1920/4740 train_time:340238ms step_avg:177.21ms
step:1921/4740 train_time:340419ms step_avg:177.21ms
step:1922/4740 train_time:340743ms step_avg:177.29ms
step:1923/4740 train_time:340924ms step_avg:177.29ms
step:1924/4740 train_time:341246ms step_avg:177.36ms
step:1925/4740 train_time:341425ms step_avg:177.36ms
step:1926/4740 train_time:341747ms step_avg:177.44ms
step:1927/4740 train_time:341926ms step_avg:177.44ms
step:1928/4740 train_time:342248ms step_avg:177.51ms
step:1929/4740 train_time:342427ms step_avg:177.52ms
step:1930/4740 train_time:342748ms step_avg:177.59ms
step:1931/4740 train_time:342929ms step_avg:177.59ms
step:1932/4740 train_time:343248ms step_avg:177.66ms
step:1933/4740 train_time:343428ms step_avg:177.67ms
step:1934/4740 train_time:343750ms step_avg:177.74ms
step:1935/4740 train_time:343929ms step_avg:177.74ms
step:1936/4740 train_time:344248ms step_avg:177.81ms
step:1937/4740 train_time:344427ms step_avg:177.81ms
step:1938/4740 train_time:344747ms step_avg:177.89ms
step:1939/4740 train_time:344926ms step_avg:177.89ms
step:1940/4740 train_time:345246ms step_avg:177.96ms
step:1941/4740 train_time:345423ms step_avg:177.96ms
step:1942/4740 train_time:345746ms step_avg:178.04ms
step:1943/4740 train_time:345924ms step_avg:178.04ms
step:1944/4740 train_time:346246ms step_avg:178.11ms
step:1945/4740 train_time:346423ms step_avg:178.11ms
step:1946/4740 train_time:346745ms step_avg:178.18ms
step:1947/4740 train_time:346923ms step_avg:178.18ms
step:1948/4740 train_time:347245ms step_avg:178.26ms
step:1949/4740 train_time:347425ms step_avg:178.26ms
step:1950/4740 train_time:347745ms step_avg:178.33ms
step:1951/4740 train_time:347923ms step_avg:178.33ms
step:1952/4740 train_time:348244ms step_avg:178.40ms
step:1953/4740 train_time:348424ms step_avg:178.40ms
step:1954/4740 train_time:348750ms step_avg:178.48ms
step:1955/4740 train_time:348929ms step_avg:178.48ms
step:1956/4740 train_time:349249ms step_avg:178.55ms
step:1957/4740 train_time:349429ms step_avg:178.55ms
step:1958/4740 train_time:349750ms step_avg:178.63ms
step:1959/4740 train_time:349929ms step_avg:178.63ms
step:1960/4740 train_time:350250ms step_avg:178.70ms
step:1961/4740 train_time:350431ms step_avg:178.70ms
step:1962/4740 train_time:350751ms step_avg:178.77ms
step:1963/4740 train_time:350934ms step_avg:178.77ms
step:1964/4740 train_time:351253ms step_avg:178.85ms
step:1965/4740 train_time:351435ms step_avg:178.85ms
step:1966/4740 train_time:351754ms step_avg:178.92ms
step:1967/4740 train_time:351936ms step_avg:178.92ms
step:1968/4740 train_time:352262ms step_avg:178.99ms
step:1969/4740 train_time:352439ms step_avg:178.99ms
step:1970/4740 train_time:352758ms step_avg:179.07ms
step:1971/4740 train_time:352940ms step_avg:179.07ms
step:1972/4740 train_time:353262ms step_avg:179.14ms
step:1973/4740 train_time:353444ms step_avg:179.14ms
step:1974/4740 train_time:353760ms step_avg:179.21ms
step:1975/4740 train_time:353944ms step_avg:179.21ms
step:1976/4740 train_time:354263ms step_avg:179.28ms
step:1977/4740 train_time:354442ms step_avg:179.28ms
step:1978/4740 train_time:354763ms step_avg:179.35ms
step:1979/4740 train_time:354945ms step_avg:179.36ms
step:1980/4740 train_time:355266ms step_avg:179.43ms
step:1981/4740 train_time:355446ms step_avg:179.43ms
step:1982/4740 train_time:355767ms step_avg:179.50ms
step:1983/4740 train_time:355947ms step_avg:179.50ms
step:1984/4740 train_time:356268ms step_avg:179.57ms
step:1985/4740 train_time:356450ms step_avg:179.57ms
step:1986/4740 train_time:356769ms step_avg:179.64ms
step:1987/4740 train_time:356953ms step_avg:179.64ms
step:1988/4740 train_time:357273ms step_avg:179.71ms
step:1989/4740 train_time:357454ms step_avg:179.72ms
step:1990/4740 train_time:357774ms step_avg:179.79ms
step:1991/4740 train_time:357958ms step_avg:179.79ms
step:1992/4740 train_time:358276ms step_avg:179.86ms
step:1993/4740 train_time:358457ms step_avg:179.86ms
step:1994/4740 train_time:358775ms step_avg:179.93ms
step:1995/4740 train_time:358956ms step_avg:179.93ms
step:1996/4740 train_time:359281ms step_avg:180.00ms
step:1997/4740 train_time:359464ms step_avg:180.00ms
step:1998/4740 train_time:359783ms step_avg:180.07ms
step:1999/4740 train_time:359967ms step_avg:180.07ms
step:2000/4740 train_time:360289ms step_avg:180.14ms
step:2000/4740 val_loss:3.2675 train_time:360412ms step_avg:180.21ms
step:2001/4740 train_time:360468ms step_avg:180.14ms
step:2002/4740 train_time:360785ms step_avg:180.21ms
step:2003/4740 train_time:360972ms step_avg:180.22ms
step:2004/4740 train_time:361285ms step_avg:180.28ms
step:2005/4740 train_time:361467ms step_avg:180.28ms
step:2006/4740 train_time:361787ms step_avg:180.35ms
step:2007/4740 train_time:361974ms step_avg:180.36ms
step:2008/4740 train_time:362290ms step_avg:180.42ms
step:2009/4740 train_time:362471ms step_avg:180.42ms
step:2010/4740 train_time:362792ms step_avg:180.49ms
step:2011/4740 train_time:362974ms step_avg:180.49ms
step:2012/4740 train_time:363293ms step_avg:180.56ms
step:2013/4740 train_time:363473ms step_avg:180.56ms
step:2014/4740 train_time:363791ms step_avg:180.63ms
step:2015/4740 train_time:363975ms step_avg:180.63ms
step:2016/4740 train_time:364294ms step_avg:180.70ms
step:2017/4740 train_time:364475ms step_avg:180.70ms
step:2018/4740 train_time:364793ms step_avg:180.77ms
step:2019/4740 train_time:364976ms step_avg:180.77ms
step:2020/4740 train_time:365295ms step_avg:180.84ms
step:2021/4740 train_time:365479ms step_avg:180.84ms
step:2022/4740 train_time:365797ms step_avg:180.91ms
step:2023/4740 train_time:365977ms step_avg:180.91ms
step:2024/4740 train_time:366296ms step_avg:180.98ms
step:2025/4740 train_time:366479ms step_avg:180.98ms
step:2026/4740 train_time:366799ms step_avg:181.05ms
step:2027/4740 train_time:366980ms step_avg:181.05ms
step:2028/4740 train_time:367303ms step_avg:181.12ms
step:2029/4740 train_time:367483ms step_avg:181.12ms
step:2030/4740 train_time:367802ms step_avg:181.18ms
step:2031/4740 train_time:367987ms step_avg:181.19ms
step:2032/4740 train_time:368307ms step_avg:181.25ms
step:2033/4740 train_time:368488ms step_avg:181.25ms
step:2034/4740 train_time:368810ms step_avg:181.32ms
step:2035/4740 train_time:368991ms step_avg:181.32ms
step:2036/4740 train_time:369312ms step_avg:181.39ms
step:2037/4740 train_time:369492ms step_avg:181.39ms
step:2038/4740 train_time:369816ms step_avg:181.46ms
step:2039/4740 train_time:369994ms step_avg:181.46ms
step:2040/4740 train_time:370316ms step_avg:181.53ms
step:2041/4740 train_time:370494ms step_avg:181.53ms
step:2042/4740 train_time:370814ms step_avg:181.59ms
step:2043/4740 train_time:370995ms step_avg:181.59ms
step:2044/4740 train_time:371316ms step_avg:181.66ms
step:2045/4740 train_time:371496ms step_avg:181.66ms
step:2046/4740 train_time:371817ms step_avg:181.73ms
step:2047/4740 train_time:371997ms step_avg:181.73ms
step:2048/4740 train_time:372316ms step_avg:181.79ms
step:2049/4740 train_time:372497ms step_avg:181.79ms
step:2050/4740 train_time:372821ms step_avg:181.86ms
step:2051/4740 train_time:373004ms step_avg:181.86ms
step:2052/4740 train_time:373322ms step_avg:181.93ms
step:2053/4740 train_time:373504ms step_avg:181.93ms
step:2054/4740 train_time:373826ms step_avg:182.00ms
step:2055/4740 train_time:374012ms step_avg:182.00ms
step:2056/4740 train_time:374329ms step_avg:182.07ms
step:2057/4740 train_time:374511ms step_avg:182.07ms
step:2058/4740 train_time:374831ms step_avg:182.13ms
step:2059/4740 train_time:375017ms step_avg:182.14ms
step:2060/4740 train_time:375337ms step_avg:182.20ms
step:2061/4740 train_time:375516ms step_avg:182.20ms
step:2062/4740 train_time:375838ms step_avg:182.27ms
step:2063/4740 train_time:376018ms step_avg:182.27ms
step:2064/4740 train_time:376340ms step_avg:182.34ms
step:2065/4740 train_time:376523ms step_avg:182.34ms
step:2066/4740 train_time:376842ms step_avg:182.40ms
step:2067/4740 train_time:377022ms step_avg:182.40ms
step:2068/4740 train_time:377346ms step_avg:182.47ms
step:2069/4740 train_time:377525ms step_avg:182.47ms
step:2070/4740 train_time:377844ms step_avg:182.53ms
step:2071/4740 train_time:378024ms step_avg:182.53ms
step:2072/4740 train_time:378345ms step_avg:182.60ms
step:2073/4740 train_time:378530ms step_avg:182.60ms
step:2074/4740 train_time:378849ms step_avg:182.67ms
step:2075/4740 train_time:379035ms step_avg:182.67ms
step:2076/4740 train_time:379356ms step_avg:182.73ms
step:2077/4740 train_time:379535ms step_avg:182.73ms
step:2078/4740 train_time:379854ms step_avg:182.80ms
step:2079/4740 train_time:380036ms step_avg:182.80ms
step:2080/4740 train_time:380355ms step_avg:182.86ms
step:2081/4740 train_time:380538ms step_avg:182.86ms
step:2082/4740 train_time:380855ms step_avg:182.93ms
step:2083/4740 train_time:381039ms step_avg:182.93ms
step:2084/4740 train_time:381360ms step_avg:182.99ms
step:2085/4740 train_time:381541ms step_avg:182.99ms
step:2086/4740 train_time:381861ms step_avg:183.06ms
step:2087/4740 train_time:382043ms step_avg:183.06ms
step:2088/4740 train_time:382365ms step_avg:183.12ms
step:2089/4740 train_time:382550ms step_avg:183.13ms
step:2090/4740 train_time:382870ms step_avg:183.19ms
step:2091/4740 train_time:383050ms step_avg:183.19ms
step:2092/4740 train_time:383370ms step_avg:183.26ms
step:2093/4740 train_time:383551ms step_avg:183.25ms
step:2094/4740 train_time:383870ms step_avg:183.32ms
step:2095/4740 train_time:384053ms step_avg:183.32ms
step:2096/4740 train_time:384375ms step_avg:183.38ms
step:2097/4740 train_time:384554ms step_avg:183.38ms
step:2098/4740 train_time:384876ms step_avg:183.45ms
step:2099/4740 train_time:385063ms step_avg:183.45ms
step:2100/4740 train_time:385383ms step_avg:183.52ms
step:2101/4740 train_time:385563ms step_avg:183.51ms
step:2102/4740 train_time:385883ms step_avg:183.58ms
step:2103/4740 train_time:386066ms step_avg:183.58ms
step:2104/4740 train_time:386390ms step_avg:183.65ms
step:2105/4740 train_time:386568ms step_avg:183.64ms
step:2106/4740 train_time:386889ms step_avg:183.71ms
step:2107/4740 train_time:387069ms step_avg:183.71ms
step:2108/4740 train_time:387390ms step_avg:183.77ms
step:2109/4740 train_time:387572ms step_avg:183.77ms
step:2110/4740 train_time:387890ms step_avg:183.83ms
step:2111/4740 train_time:388073ms step_avg:183.83ms
step:2112/4740 train_time:388396ms step_avg:183.90ms
step:2113/4740 train_time:388580ms step_avg:183.90ms
step:2114/4740 train_time:388901ms step_avg:183.96ms
step:2115/4740 train_time:389080ms step_avg:183.96ms
step:2116/4740 train_time:389401ms step_avg:184.03ms
step:2117/4740 train_time:389581ms step_avg:184.03ms
step:2118/4740 train_time:389901ms step_avg:184.09ms
step:2119/4740 train_time:390082ms step_avg:184.09ms
step:2120/4740 train_time:390403ms step_avg:184.15ms
step:2121/4740 train_time:390584ms step_avg:184.15ms
step:2122/4740 train_time:390906ms step_avg:184.22ms
step:2123/4740 train_time:391086ms step_avg:184.21ms
step:2124/4740 train_time:391408ms step_avg:184.28ms
step:2125/4740 train_time:391585ms step_avg:184.28ms
step:2126/4740 train_time:391905ms step_avg:184.34ms
step:2127/4740 train_time:392085ms step_avg:184.34ms
step:2128/4740 train_time:392408ms step_avg:184.40ms
step:2129/4740 train_time:392587ms step_avg:184.40ms
step:2130/4740 train_time:392909ms step_avg:184.46ms
step:2131/4740 train_time:393087ms step_avg:184.46ms
step:2132/4740 train_time:393409ms step_avg:184.53ms
step:2133/4740 train_time:393588ms step_avg:184.52ms
step:2134/4740 train_time:393908ms step_avg:184.59ms
step:2135/4740 train_time:394090ms step_avg:184.59ms
step:2136/4740 train_time:394412ms step_avg:184.65ms
step:2137/4740 train_time:394590ms step_avg:184.65ms
step:2138/4740 train_time:394911ms step_avg:184.71ms
step:2139/4740 train_time:395092ms step_avg:184.71ms
step:2140/4740 train_time:395415ms step_avg:184.77ms
step:2141/4740 train_time:395594ms step_avg:184.77ms
step:2142/4740 train_time:395916ms step_avg:184.83ms
step:2143/4740 train_time:396095ms step_avg:184.83ms
step:2144/4740 train_time:396416ms step_avg:184.90ms
step:2145/4740 train_time:396596ms step_avg:184.89ms
step:2146/4740 train_time:396916ms step_avg:184.96ms
step:2147/4740 train_time:397098ms step_avg:184.95ms
step:2148/4740 train_time:397417ms step_avg:185.02ms
step:2149/4740 train_time:397598ms step_avg:185.02ms
step:2150/4740 train_time:397915ms step_avg:185.08ms
step:2151/4740 train_time:398098ms step_avg:185.08ms
step:2152/4740 train_time:398420ms step_avg:185.14ms
step:2153/4740 train_time:398603ms step_avg:185.14ms
step:2154/4740 train_time:398923ms step_avg:185.20ms
step:2155/4740 train_time:399105ms step_avg:185.20ms
step:2156/4740 train_time:399424ms step_avg:185.26ms
step:2157/4740 train_time:399607ms step_avg:185.26ms
step:2158/4740 train_time:399926ms step_avg:185.32ms
step:2159/4740 train_time:400107ms step_avg:185.32ms
step:2160/4740 train_time:400426ms step_avg:185.38ms
step:2161/4740 train_time:400612ms step_avg:185.38ms
step:2162/4740 train_time:400932ms step_avg:185.45ms
step:2163/4740 train_time:401112ms step_avg:185.44ms
step:2164/4740 train_time:401432ms step_avg:185.50ms
step:2165/4740 train_time:401612ms step_avg:185.50ms
step:2166/4740 train_time:401932ms step_avg:185.56ms
step:2167/4740 train_time:402116ms step_avg:185.56ms
step:2168/4740 train_time:402437ms step_avg:185.63ms
step:2169/4740 train_time:402619ms step_avg:185.62ms
step:2170/4740 train_time:402943ms step_avg:185.69ms
step:2171/4740 train_time:403120ms step_avg:185.68ms
step:2172/4740 train_time:403442ms step_avg:185.75ms
step:2173/4740 train_time:403622ms step_avg:185.74ms
step:2174/4740 train_time:403944ms step_avg:185.81ms
step:2175/4740 train_time:404126ms step_avg:185.81ms
step:2176/4740 train_time:404451ms step_avg:185.87ms
step:2177/4740 train_time:404633ms step_avg:185.87ms
step:2178/4740 train_time:404956ms step_avg:185.93ms
step:2179/4740 train_time:405135ms step_avg:185.93ms
step:2180/4740 train_time:405456ms step_avg:185.99ms
step:2181/4740 train_time:405638ms step_avg:185.99ms
step:2182/4740 train_time:405958ms step_avg:186.05ms
step:2183/4740 train_time:406137ms step_avg:186.05ms
step:2184/4740 train_time:406456ms step_avg:186.11ms
step:2185/4740 train_time:406641ms step_avg:186.11ms
step:2186/4740 train_time:406962ms step_avg:186.17ms
step:2187/4740 train_time:407145ms step_avg:186.17ms
step:2188/4740 train_time:407466ms step_avg:186.23ms
step:2189/4740 train_time:407646ms step_avg:186.22ms
step:2190/4740 train_time:407964ms step_avg:186.29ms
step:2191/4740 train_time:408150ms step_avg:186.28ms
step:2192/4740 train_time:408471ms step_avg:186.35ms
step:2193/4740 train_time:408652ms step_avg:186.34ms
step:2194/4740 train_time:408974ms step_avg:186.41ms
step:2195/4740 train_time:409156ms step_avg:186.40ms
step:2196/4740 train_time:409477ms step_avg:186.46ms
step:2197/4740 train_time:409656ms step_avg:186.46ms
step:2198/4740 train_time:409977ms step_avg:186.52ms
step:2199/4740 train_time:410159ms step_avg:186.52ms
step:2200/4740 train_time:410483ms step_avg:186.58ms
step:2201/4740 train_time:410661ms step_avg:186.58ms
step:2202/4740 train_time:410981ms step_avg:186.64ms
step:2203/4740 train_time:411165ms step_avg:186.64ms
step:2204/4740 train_time:411483ms step_avg:186.70ms
step:2205/4740 train_time:411667ms step_avg:186.70ms
step:2206/4740 train_time:411985ms step_avg:186.76ms
step:2207/4740 train_time:412169ms step_avg:186.76ms
step:2208/4740 train_time:412485ms step_avg:186.81ms
step:2209/4740 train_time:412666ms step_avg:186.81ms
step:2210/4740 train_time:412986ms step_avg:186.87ms
step:2211/4740 train_time:413166ms step_avg:186.87ms
step:2212/4740 train_time:413488ms step_avg:186.93ms
step:2213/4740 train_time:413665ms step_avg:186.92ms
step:2214/4740 train_time:413986ms step_avg:186.99ms
step:2215/4740 train_time:414169ms step_avg:186.98ms
step:2216/4740 train_time:414483ms step_avg:187.04ms
step:2217/4740 train_time:414670ms step_avg:187.04ms
step:2218/4740 train_time:414988ms step_avg:187.10ms
step:2219/4740 train_time:415169ms step_avg:187.10ms
step:2220/4740 train_time:415489ms step_avg:187.16ms
step:2221/4740 train_time:415673ms step_avg:187.16ms
step:2222/4740 train_time:415993ms step_avg:187.22ms
step:2223/4740 train_time:416176ms step_avg:187.21ms
step:2224/4740 train_time:416498ms step_avg:187.27ms
step:2225/4740 train_time:416680ms step_avg:187.27ms
step:2226/4740 train_time:417000ms step_avg:187.33ms
step:2227/4740 train_time:417182ms step_avg:187.33ms
step:2228/4740 train_time:417502ms step_avg:187.39ms
step:2229/4740 train_time:417683ms step_avg:187.39ms
step:2230/4740 train_time:418007ms step_avg:187.45ms
step:2231/4740 train_time:418184ms step_avg:187.44ms
step:2232/4740 train_time:418505ms step_avg:187.50ms
step:2233/4740 train_time:418687ms step_avg:187.50ms
step:2234/4740 train_time:419009ms step_avg:187.56ms
step:2235/4740 train_time:419191ms step_avg:187.56ms
step:2236/4740 train_time:419509ms step_avg:187.62ms
step:2237/4740 train_time:419687ms step_avg:187.61ms
step:2238/4740 train_time:420009ms step_avg:187.67ms
step:2239/4740 train_time:420192ms step_avg:187.67ms
step:2240/4740 train_time:420512ms step_avg:187.73ms
step:2241/4740 train_time:420693ms step_avg:187.73ms
step:2242/4740 train_time:421015ms step_avg:187.79ms
step:2243/4740 train_time:421198ms step_avg:187.78ms
step:2244/4740 train_time:421518ms step_avg:187.84ms
step:2245/4740 train_time:421698ms step_avg:187.84ms
step:2246/4740 train_time:422017ms step_avg:187.90ms
step:2247/4740 train_time:422198ms step_avg:187.89ms
step:2248/4740 train_time:422520ms step_avg:187.95ms
step:2249/4740 train_time:422700ms step_avg:187.95ms
step:2250/4740 train_time:423022ms step_avg:188.01ms
step:2250/4740 val_loss:3.2299 train_time:423151ms step_avg:188.07ms
step:2251/4740 train_time:423206ms step_avg:188.01ms
step:2252/4740 train_time:423532ms step_avg:188.07ms
step:2253/4740 train_time:423713ms step_avg:188.07ms
step:2254/4740 train_time:424030ms step_avg:188.12ms
step:2255/4740 train_time:424212ms step_avg:188.12ms
step:2256/4740 train_time:424534ms step_avg:188.18ms
step:2257/4740 train_time:424714ms step_avg:188.18ms
step:2258/4740 train_time:425033ms step_avg:188.23ms
step:2259/4740 train_time:425215ms step_avg:188.23ms
step:2260/4740 train_time:425536ms step_avg:188.29ms
step:2261/4740 train_time:425720ms step_avg:188.29ms
step:2262/4740 train_time:426041ms step_avg:188.35ms
step:2263/4740 train_time:426220ms step_avg:188.34ms
step:2264/4740 train_time:426541ms step_avg:188.40ms
step:2265/4740 train_time:426720ms step_avg:188.40ms
step:2266/4740 train_time:427038ms step_avg:188.45ms
step:2267/4740 train_time:427220ms step_avg:188.45ms
step:2268/4740 train_time:427543ms step_avg:188.51ms
step:2269/4740 train_time:427726ms step_avg:188.51ms
step:2270/4740 train_time:428046ms step_avg:188.57ms
step:2271/4740 train_time:428227ms step_avg:188.56ms
step:2272/4740 train_time:428550ms step_avg:188.62ms
step:2273/4740 train_time:428728ms step_avg:188.62ms
step:2274/4740 train_time:429045ms step_avg:188.67ms
step:2275/4740 train_time:429225ms step_avg:188.67ms
step:2276/4740 train_time:429549ms step_avg:188.73ms
step:2277/4740 train_time:429726ms step_avg:188.72ms
step:2278/4740 train_time:430049ms step_avg:188.78ms
step:2279/4740 train_time:430228ms step_avg:188.78ms
step:2280/4740 train_time:430549ms step_avg:188.84ms
step:2281/4740 train_time:430732ms step_avg:188.83ms
step:2282/4740 train_time:431052ms step_avg:188.89ms
step:2283/4740 train_time:431232ms step_avg:188.89ms
step:2284/4740 train_time:431555ms step_avg:188.95ms
step:2285/4740 train_time:431735ms step_avg:188.94ms
step:2286/4740 train_time:432057ms step_avg:189.00ms
step:2287/4740 train_time:432239ms step_avg:189.00ms
step:2288/4740 train_time:432555ms step_avg:189.05ms
step:2289/4740 train_time:432738ms step_avg:189.05ms
step:2290/4740 train_time:433060ms step_avg:189.11ms
step:2291/4740 train_time:433242ms step_avg:189.11ms
step:2292/4740 train_time:433566ms step_avg:189.17ms
step:2293/4740 train_time:433745ms step_avg:189.16ms
step:2294/4740 train_time:434069ms step_avg:189.22ms
step:2295/4740 train_time:434248ms step_avg:189.22ms
step:2296/4740 train_time:434571ms step_avg:189.27ms
step:2297/4740 train_time:434750ms step_avg:189.27ms
step:2298/4740 train_time:435070ms step_avg:189.33ms
step:2299/4740 train_time:435251ms step_avg:189.32ms
step:2300/4740 train_time:435570ms step_avg:189.38ms
step:2301/4740 train_time:435754ms step_avg:189.38ms
step:2302/4740 train_time:436075ms step_avg:189.43ms
step:2303/4740 train_time:436256ms step_avg:189.43ms
step:2304/4740 train_time:436579ms step_avg:189.49ms
step:2305/4740 train_time:436762ms step_avg:189.48ms
step:2306/4740 train_time:437081ms step_avg:189.54ms
step:2307/4740 train_time:437265ms step_avg:189.54ms
step:2308/4740 train_time:437583ms step_avg:189.59ms
step:2309/4740 train_time:437769ms step_avg:189.59ms
step:2310/4740 train_time:438088ms step_avg:189.65ms
step:2311/4740 train_time:438270ms step_avg:189.65ms
step:2312/4740 train_time:438591ms step_avg:189.70ms
step:2313/4740 train_time:438774ms step_avg:189.70ms
step:2314/4740 train_time:439093ms step_avg:189.75ms
step:2315/4740 train_time:439271ms step_avg:189.75ms
step:2316/4740 train_time:439590ms step_avg:189.81ms
step:2317/4740 train_time:439775ms step_avg:189.80ms
step:2318/4740 train_time:440094ms step_avg:189.86ms
step:2319/4740 train_time:440276ms step_avg:189.86ms
step:2320/4740 train_time:440594ms step_avg:189.91ms
step:2321/4740 train_time:440776ms step_avg:189.91ms
step:2322/4740 train_time:441094ms step_avg:189.96ms
step:2323/4740 train_time:441276ms step_avg:189.96ms
step:2324/4740 train_time:441597ms step_avg:190.02ms
step:2325/4740 train_time:441782ms step_avg:190.01ms
step:2326/4740 train_time:442102ms step_avg:190.07ms
step:2327/4740 train_time:442286ms step_avg:190.07ms
step:2328/4740 train_time:442608ms step_avg:190.12ms
step:2329/4740 train_time:442790ms step_avg:190.12ms
step:2330/4740 train_time:443109ms step_avg:190.18ms
step:2331/4740 train_time:443289ms step_avg:190.17ms
step:2332/4740 train_time:443609ms step_avg:190.23ms
step:2333/4740 train_time:443790ms step_avg:190.22ms
step:2334/4740 train_time:444109ms step_avg:190.28ms
step:2335/4740 train_time:444290ms step_avg:190.27ms
step:2336/4740 train_time:444613ms step_avg:190.33ms
step:2337/4740 train_time:444793ms step_avg:190.33ms
step:2338/4740 train_time:445113ms step_avg:190.38ms
step:2339/4740 train_time:445296ms step_avg:190.38ms
step:2340/4740 train_time:445620ms step_avg:190.44ms
step:2341/4740 train_time:445800ms step_avg:190.43ms
step:2342/4740 train_time:446119ms step_avg:190.49ms
step:2343/4740 train_time:446300ms step_avg:190.48ms
step:2344/4740 train_time:446619ms step_avg:190.54ms
step:2345/4740 train_time:446802ms step_avg:190.53ms
step:2346/4740 train_time:447121ms step_avg:190.59ms
step:2347/4740 train_time:447300ms step_avg:190.58ms
step:2348/4740 train_time:447618ms step_avg:190.64ms
step:2349/4740 train_time:447803ms step_avg:190.64ms
step:2350/4740 train_time:448124ms step_avg:190.69ms
step:2351/4740 train_time:448303ms step_avg:190.69ms
step:2352/4740 train_time:448626ms step_avg:190.74ms
step:2353/4740 train_time:448806ms step_avg:190.74ms
step:2354/4740 train_time:449129ms step_avg:190.79ms
step:2355/4740 train_time:449310ms step_avg:190.79ms
step:2356/4740 train_time:449628ms step_avg:190.84ms
step:2357/4740 train_time:449811ms step_avg:190.84ms
step:2358/4740 train_time:450132ms step_avg:190.90ms
step:2359/4740 train_time:450321ms step_avg:190.89ms
step:2360/4740 train_time:450642ms step_avg:190.95ms
step:2361/4740 train_time:450824ms step_avg:190.95ms
step:2362/4740 train_time:451146ms step_avg:191.00ms
step:2363/4740 train_time:451325ms step_avg:191.00ms
step:2364/4740 train_time:451648ms step_avg:191.05ms
step:2365/4740 train_time:451827ms step_avg:191.05ms
step:2366/4740 train_time:452152ms step_avg:191.10ms
step:2367/4740 train_time:452336ms step_avg:191.10ms
step:2368/4740 train_time:452656ms step_avg:191.16ms
step:2369/4740 train_time:452837ms step_avg:191.15ms
step:2370/4740 train_time:453161ms step_avg:191.21ms
step:2371/4740 train_time:453342ms step_avg:191.20ms
step:2372/4740 train_time:453667ms step_avg:191.26ms
step:2373/4740 train_time:453849ms step_avg:191.26ms
step:2374/4740 train_time:454170ms step_avg:191.31ms
step:2375/4740 train_time:454352ms step_avg:191.31ms
step:2376/4740 train_time:454669ms step_avg:191.36ms
step:2377/4740 train_time:454853ms step_avg:191.36ms
step:2378/4740 train_time:455173ms step_avg:191.41ms
step:2379/4740 train_time:455358ms step_avg:191.41ms
step:2380/4740 train_time:455680ms step_avg:191.46ms
step:2381/4740 train_time:455864ms step_avg:191.46ms
step:2382/4740 train_time:456186ms step_avg:191.51ms
step:2383/4740 train_time:456370ms step_avg:191.51ms
step:2384/4740 train_time:456689ms step_avg:191.56ms
step:2385/4740 train_time:456872ms step_avg:191.56ms
step:2386/4740 train_time:457190ms step_avg:191.61ms
step:2387/4740 train_time:457375ms step_avg:191.61ms
step:2388/4740 train_time:457693ms step_avg:191.66ms
step:2389/4740 train_time:457876ms step_avg:191.66ms
step:2390/4740 train_time:458194ms step_avg:191.71ms
step:2391/4740 train_time:458378ms step_avg:191.71ms
step:2392/4740 train_time:458698ms step_avg:191.76ms
step:2393/4740 train_time:458881ms step_avg:191.76ms
step:2394/4740 train_time:459198ms step_avg:191.81ms
step:2395/4740 train_time:459379ms step_avg:191.81ms
step:2396/4740 train_time:459702ms step_avg:191.86ms
step:2397/4740 train_time:459883ms step_avg:191.86ms
step:2398/4740 train_time:460202ms step_avg:191.91ms
step:2399/4740 train_time:460387ms step_avg:191.91ms
step:2400/4740 train_time:460710ms step_avg:191.96ms
step:2401/4740 train_time:460888ms step_avg:191.96ms
step:2402/4740 train_time:461206ms step_avg:192.01ms
step:2403/4740 train_time:461392ms step_avg:192.01ms
step:2404/4740 train_time:461714ms step_avg:192.06ms
step:2405/4740 train_time:461897ms step_avg:192.06ms
step:2406/4740 train_time:462219ms step_avg:192.11ms
step:2407/4740 train_time:462401ms step_avg:192.11ms
step:2408/4740 train_time:462721ms step_avg:192.16ms
step:2409/4740 train_time:462903ms step_avg:192.16ms
step:2410/4740 train_time:463225ms step_avg:192.21ms
step:2411/4740 train_time:463407ms step_avg:192.21ms
step:2412/4740 train_time:463724ms step_avg:192.26ms
step:2413/4740 train_time:463911ms step_avg:192.25ms
step:2414/4740 train_time:464231ms step_avg:192.31ms
step:2415/4740 train_time:464414ms step_avg:192.30ms
step:2416/4740 train_time:464736ms step_avg:192.36ms
step:2417/4740 train_time:464920ms step_avg:192.35ms
step:2418/4740 train_time:465240ms step_avg:192.41ms
step:2419/4740 train_time:465420ms step_avg:192.40ms
step:2420/4740 train_time:465743ms step_avg:192.46ms
step:2421/4740 train_time:465926ms step_avg:192.45ms
step:2422/4740 train_time:466247ms step_avg:192.50ms
step:2423/4740 train_time:466434ms step_avg:192.50ms
step:2424/4740 train_time:466758ms step_avg:192.56ms
step:2425/4740 train_time:466945ms step_avg:192.55ms
step:2426/4740 train_time:467267ms step_avg:192.61ms
step:2427/4740 train_time:467448ms step_avg:192.60ms
step:2428/4740 train_time:467769ms step_avg:192.66ms
step:2429/4740 train_time:467953ms step_avg:192.65ms
step:2430/4740 train_time:468275ms step_avg:192.71ms
step:2431/4740 train_time:468456ms step_avg:192.70ms
step:2432/4740 train_time:468780ms step_avg:192.75ms
step:2433/4740 train_time:468959ms step_avg:192.75ms
step:2434/4740 train_time:469278ms step_avg:192.80ms
step:2435/4740 train_time:469460ms step_avg:192.80ms
step:2436/4740 train_time:469782ms step_avg:192.85ms
step:2437/4740 train_time:469965ms step_avg:192.85ms
step:2438/4740 train_time:470288ms step_avg:192.90ms
step:2439/4740 train_time:470468ms step_avg:192.89ms
step:2440/4740 train_time:470793ms step_avg:192.95ms
step:2441/4740 train_time:470971ms step_avg:192.94ms
step:2442/4740 train_time:471292ms step_avg:192.99ms
step:2443/4740 train_time:471473ms step_avg:192.99ms
step:2444/4740 train_time:471794ms step_avg:193.04ms
step:2445/4740 train_time:471979ms step_avg:193.04ms
step:2446/4740 train_time:472296ms step_avg:193.09ms
step:2447/4740 train_time:472481ms step_avg:193.09ms
step:2448/4740 train_time:472805ms step_avg:193.14ms
step:2449/4740 train_time:472985ms step_avg:193.13ms
step:2450/4740 train_time:473309ms step_avg:193.19ms
step:2451/4740 train_time:473489ms step_avg:193.18ms
step:2452/4740 train_time:473812ms step_avg:193.24ms
step:2453/4740 train_time:473997ms step_avg:193.23ms
step:2454/4740 train_time:474319ms step_avg:193.28ms
step:2455/4740 train_time:474503ms step_avg:193.28ms
step:2456/4740 train_time:474821ms step_avg:193.33ms
step:2457/4740 train_time:475002ms step_avg:193.33ms
step:2458/4740 train_time:475323ms step_avg:193.38ms
step:2459/4740 train_time:475501ms step_avg:193.37ms
step:2460/4740 train_time:475822ms step_avg:193.42ms
step:2461/4740 train_time:476003ms step_avg:193.42ms
step:2462/4740 train_time:476323ms step_avg:193.47ms
step:2463/4740 train_time:476507ms step_avg:193.47ms
step:2464/4740 train_time:476829ms step_avg:193.52ms
step:2465/4740 train_time:477011ms step_avg:193.51ms
step:2466/4740 train_time:477331ms step_avg:193.57ms
step:2467/4740 train_time:477511ms step_avg:193.56ms
step:2468/4740 train_time:477833ms step_avg:193.61ms
step:2469/4740 train_time:478016ms step_avg:193.61ms
step:2470/4740 train_time:478333ms step_avg:193.66ms
step:2471/4740 train_time:478517ms step_avg:193.65ms
step:2472/4740 train_time:478835ms step_avg:193.70ms
step:2473/4740 train_time:479020ms step_avg:193.70ms
step:2474/4740 train_time:479339ms step_avg:193.75ms
step:2475/4740 train_time:479523ms step_avg:193.75ms
step:2476/4740 train_time:479844ms step_avg:193.80ms
step:2477/4740 train_time:480024ms step_avg:193.79ms
step:2478/4740 train_time:480348ms step_avg:193.84ms
step:2479/4740 train_time:480528ms step_avg:193.84ms
step:2480/4740 train_time:480850ms step_avg:193.89ms
step:2481/4740 train_time:481030ms step_avg:193.89ms
step:2482/4740 train_time:481355ms step_avg:193.94ms
step:2483/4740 train_time:481533ms step_avg:193.93ms
step:2484/4740 train_time:481854ms step_avg:193.98ms
step:2485/4740 train_time:482040ms step_avg:193.98ms
step:2486/4740 train_time:482361ms step_avg:194.03ms
step:2487/4740 train_time:482543ms step_avg:194.03ms
step:2488/4740 train_time:482865ms step_avg:194.08ms
step:2489/4740 train_time:483049ms step_avg:194.07ms
step:2490/4740 train_time:483366ms step_avg:194.12ms
step:2491/4740 train_time:483549ms step_avg:194.12ms
step:2492/4740 train_time:483871ms step_avg:194.17ms
step:2493/4740 train_time:484052ms step_avg:194.16ms
step:2494/4740 train_time:484371ms step_avg:194.21ms
step:2495/4740 train_time:484552ms step_avg:194.21ms
step:2496/4740 train_time:484873ms step_avg:194.26ms
step:2497/4740 train_time:485056ms step_avg:194.26ms
step:2498/4740 train_time:485379ms step_avg:194.31ms
step:2499/4740 train_time:485561ms step_avg:194.30ms
step:2500/4740 train_time:485882ms step_avg:194.35ms
step:2500/4740 val_loss:3.1939 train_time:486009ms step_avg:194.40ms
step:2501/4740 train_time:486065ms step_avg:194.35ms
step:2502/4740 train_time:486392ms step_avg:194.40ms
step:2503/4740 train_time:486577ms step_avg:194.40ms
step:2504/4740 train_time:486893ms step_avg:194.45ms
step:2505/4740 train_time:487075ms step_avg:194.44ms
step:2506/4740 train_time:487396ms step_avg:194.49ms
step:2507/4740 train_time:487586ms step_avg:194.49ms
step:2508/4740 train_time:487910ms step_avg:194.54ms
step:2509/4740 train_time:488088ms step_avg:194.53ms
step:2510/4740 train_time:488408ms step_avg:194.58ms
step:2511/4740 train_time:488593ms step_avg:194.58ms
step:2512/4740 train_time:488918ms step_avg:194.63ms
step:2513/4740 train_time:489094ms step_avg:194.63ms
step:2514/4740 train_time:489412ms step_avg:194.67ms
step:2515/4740 train_time:489597ms step_avg:194.67ms
step:2516/4740 train_time:489916ms step_avg:194.72ms
step:2517/4740 train_time:490100ms step_avg:194.72ms
step:2518/4740 train_time:490422ms step_avg:194.77ms
step:2519/4740 train_time:490602ms step_avg:194.76ms
step:2520/4740 train_time:490923ms step_avg:194.81ms
step:2521/4740 train_time:491104ms step_avg:194.81ms
step:2522/4740 train_time:491424ms step_avg:194.85ms
step:2523/4740 train_time:491606ms step_avg:194.85ms
step:2524/4740 train_time:491927ms step_avg:194.90ms
step:2525/4740 train_time:492110ms step_avg:194.90ms
step:2526/4740 train_time:492432ms step_avg:194.95ms
step:2527/4740 train_time:492614ms step_avg:194.94ms
step:2528/4740 train_time:492934ms step_avg:194.99ms
step:2529/4740 train_time:493115ms step_avg:194.98ms
step:2530/4740 train_time:493439ms step_avg:195.04ms
step:2531/4740 train_time:493619ms step_avg:195.03ms
step:2532/4740 train_time:493941ms step_avg:195.08ms
step:2533/4740 train_time:494122ms step_avg:195.07ms
step:2534/4740 train_time:494446ms step_avg:195.12ms
step:2535/4740 train_time:494628ms step_avg:195.12ms
step:2536/4740 train_time:494952ms step_avg:195.17ms
step:2537/4740 train_time:495132ms step_avg:195.16ms
step:2538/4740 train_time:495450ms step_avg:195.21ms
step:2539/4740 train_time:495633ms step_avg:195.21ms
step:2540/4740 train_time:495954ms step_avg:195.26ms
step:2541/4740 train_time:496135ms step_avg:195.25ms
step:2542/4740 train_time:496457ms step_avg:195.30ms
step:2543/4740 train_time:496640ms step_avg:195.30ms
step:2544/4740 train_time:496959ms step_avg:195.35ms
step:2545/4740 train_time:497142ms step_avg:195.34ms
step:2546/4740 train_time:497463ms step_avg:195.39ms
step:2547/4740 train_time:497646ms step_avg:195.39ms
step:2548/4740 train_time:497967ms step_avg:195.43ms
step:2549/4740 train_time:498148ms step_avg:195.43ms
step:2550/4740 train_time:498470ms step_avg:195.48ms
step:2551/4740 train_time:498652ms step_avg:195.47ms
step:2552/4740 train_time:498972ms step_avg:195.52ms
step:2553/4740 train_time:499151ms step_avg:195.52ms
step:2554/4740 train_time:499474ms step_avg:195.57ms
step:2555/4740 train_time:499658ms step_avg:195.56ms
step:2556/4740 train_time:499978ms step_avg:195.61ms
step:2557/4740 train_time:500159ms step_avg:195.60ms
step:2558/4740 train_time:500485ms step_avg:195.65ms
step:2559/4740 train_time:500667ms step_avg:195.65ms
step:2560/4740 train_time:500984ms step_avg:195.70ms
step:2561/4740 train_time:501170ms step_avg:195.69ms
step:2562/4740 train_time:501491ms step_avg:195.74ms
step:2563/4740 train_time:501674ms step_avg:195.74ms
step:2564/4740 train_time:501993ms step_avg:195.79ms
step:2565/4740 train_time:502178ms step_avg:195.78ms
step:2566/4740 train_time:502502ms step_avg:195.83ms
step:2567/4740 train_time:502683ms step_avg:195.82ms
step:2568/4740 train_time:503003ms step_avg:195.87ms
step:2569/4740 train_time:503184ms step_avg:195.87ms
step:2570/4740 train_time:503503ms step_avg:195.92ms
step:2571/4740 train_time:503688ms step_avg:195.91ms
step:2572/4740 train_time:504013ms step_avg:195.96ms
step:2573/4740 train_time:504195ms step_avg:195.96ms
step:2574/4740 train_time:504516ms step_avg:196.00ms
step:2575/4740 train_time:504698ms step_avg:196.00ms
step:2576/4740 train_time:505021ms step_avg:196.05ms
step:2577/4740 train_time:505203ms step_avg:196.04ms
step:2578/4740 train_time:505522ms step_avg:196.09ms
step:2579/4740 train_time:505708ms step_avg:196.09ms
step:2580/4740 train_time:506026ms step_avg:196.13ms
step:2581/4740 train_time:506207ms step_avg:196.13ms
step:2582/4740 train_time:506524ms step_avg:196.18ms
step:2583/4740 train_time:506705ms step_avg:196.17ms
step:2584/4740 train_time:507026ms step_avg:196.22ms
step:2585/4740 train_time:507208ms step_avg:196.21ms
step:2586/4740 train_time:507531ms step_avg:196.26ms
step:2587/4740 train_time:507712ms step_avg:196.26ms
step:2588/4740 train_time:508034ms step_avg:196.30ms
step:2589/4740 train_time:508212ms step_avg:196.30ms
step:2590/4740 train_time:508532ms step_avg:196.34ms
step:2591/4740 train_time:508713ms step_avg:196.34ms
step:2592/4740 train_time:509033ms step_avg:196.39ms
step:2593/4740 train_time:509217ms step_avg:196.38ms
step:2594/4740 train_time:509536ms step_avg:196.43ms
step:2595/4740 train_time:509721ms step_avg:196.42ms
step:2596/4740 train_time:510040ms step_avg:196.47ms
step:2597/4740 train_time:510225ms step_avg:196.47ms
step:2598/4740 train_time:510545ms step_avg:196.51ms
step:2599/4740 train_time:510728ms step_avg:196.51ms
step:2600/4740 train_time:511050ms step_avg:196.56ms
step:2601/4740 train_time:511231ms step_avg:196.55ms
step:2602/4740 train_time:511553ms step_avg:196.60ms
step:2603/4740 train_time:511737ms step_avg:196.59ms
step:2604/4740 train_time:512057ms step_avg:196.64ms
step:2605/4740 train_time:512238ms step_avg:196.64ms
step:2606/4740 train_time:512560ms step_avg:196.68ms
step:2607/4740 train_time:512741ms step_avg:196.68ms
step:2608/4740 train_time:513063ms step_avg:196.73ms
step:2609/4740 train_time:513246ms step_avg:196.72ms
step:2610/4740 train_time:513565ms step_avg:196.77ms
step:2611/4740 train_time:513750ms step_avg:196.76ms
step:2612/4740 train_time:514071ms step_avg:196.81ms
step:2613/4740 train_time:514252ms step_avg:196.81ms
step:2614/4740 train_time:514570ms step_avg:196.85ms
step:2615/4740 train_time:514754ms step_avg:196.85ms
step:2616/4740 train_time:515074ms step_avg:196.89ms
step:2617/4740 train_time:515258ms step_avg:196.89ms
step:2618/4740 train_time:515577ms step_avg:196.94ms
step:2619/4740 train_time:515759ms step_avg:196.93ms
step:2620/4740 train_time:516079ms step_avg:196.98ms
step:2621/4740 train_time:516262ms step_avg:196.97ms
step:2622/4740 train_time:516583ms step_avg:197.02ms
step:2623/4740 train_time:516766ms step_avg:197.01ms
step:2624/4740 train_time:517084ms step_avg:197.06ms
step:2625/4740 train_time:517268ms step_avg:197.05ms
step:2626/4740 train_time:517586ms step_avg:197.10ms
step:2627/4740 train_time:517771ms step_avg:197.10ms
step:2628/4740 train_time:518093ms step_avg:197.14ms
step:2629/4740 train_time:518275ms step_avg:197.14ms
step:2630/4740 train_time:518596ms step_avg:197.18ms
step:2631/4740 train_time:518778ms step_avg:197.18ms
step:2632/4740 train_time:519095ms step_avg:197.22ms
step:2633/4740 train_time:519280ms step_avg:197.22ms
step:2634/4740 train_time:519599ms step_avg:197.27ms
step:2635/4740 train_time:519787ms step_avg:197.26ms
step:2636/4740 train_time:520110ms step_avg:197.31ms
step:2637/4740 train_time:520288ms step_avg:197.30ms
step:2638/4740 train_time:520610ms step_avg:197.35ms
step:2639/4740 train_time:520789ms step_avg:197.34ms
step:2640/4740 train_time:521110ms step_avg:197.39ms
step:2641/4740 train_time:521290ms step_avg:197.38ms
step:2642/4740 train_time:521612ms step_avg:197.43ms
step:2643/4740 train_time:521792ms step_avg:197.42ms
step:2644/4740 train_time:522113ms step_avg:197.47ms
step:2645/4740 train_time:522295ms step_avg:197.47ms
step:2646/4740 train_time:522612ms step_avg:197.51ms
step:2647/4740 train_time:522799ms step_avg:197.51ms
step:2648/4740 train_time:523120ms step_avg:197.55ms
step:2649/4740 train_time:523303ms step_avg:197.55ms
step:2650/4740 train_time:523623ms step_avg:197.59ms
step:2651/4740 train_time:523805ms step_avg:197.59ms
step:2652/4740 train_time:524125ms step_avg:197.63ms
step:2653/4740 train_time:524307ms step_avg:197.63ms
step:2654/4740 train_time:524627ms step_avg:197.67ms
step:2655/4740 train_time:524811ms step_avg:197.67ms
step:2656/4740 train_time:525134ms step_avg:197.72ms
step:2657/4740 train_time:525317ms step_avg:197.71ms
step:2658/4740 train_time:525635ms step_avg:197.76ms
step:2659/4740 train_time:525820ms step_avg:197.75ms
step:2660/4740 train_time:526138ms step_avg:197.80ms
step:2661/4740 train_time:526321ms step_avg:197.79ms
step:2662/4740 train_time:526646ms step_avg:197.84ms
step:2663/4740 train_time:526823ms step_avg:197.83ms
step:2664/4740 train_time:527146ms step_avg:197.88ms
step:2665/4740 train_time:527328ms step_avg:197.87ms
step:2666/4740 train_time:527652ms step_avg:197.92ms
step:2667/4740 train_time:527834ms step_avg:197.91ms
step:2668/4740 train_time:528153ms step_avg:197.96ms
step:2669/4740 train_time:528336ms step_avg:197.95ms
step:2670/4740 train_time:528657ms step_avg:198.00ms
step:2671/4740 train_time:528839ms step_avg:197.99ms
step:2672/4740 train_time:529163ms step_avg:198.04ms
step:2673/4740 train_time:529343ms step_avg:198.03ms
step:2674/4740 train_time:529664ms step_avg:198.08ms
step:2675/4740 train_time:529846ms step_avg:198.07ms
step:2676/4740 train_time:530168ms step_avg:198.12ms
step:2677/4740 train_time:530349ms step_avg:198.11ms
step:2678/4740 train_time:530669ms step_avg:198.16ms
step:2679/4740 train_time:530854ms step_avg:198.15ms
step:2680/4740 train_time:531175ms step_avg:198.20ms
step:2681/4740 train_time:531357ms step_avg:198.19ms
step:2682/4740 train_time:531677ms step_avg:198.24ms
step:2683/4740 train_time:531859ms step_avg:198.23ms
step:2684/4740 train_time:532179ms step_avg:198.28ms
step:2685/4740 train_time:532362ms step_avg:198.27ms
step:2686/4740 train_time:532681ms step_avg:198.32ms
step:2687/4740 train_time:532868ms step_avg:198.31ms
step:2688/4740 train_time:533185ms step_avg:198.36ms
step:2689/4740 train_time:533369ms step_avg:198.35ms
step:2690/4740 train_time:533689ms step_avg:198.40ms
step:2691/4740 train_time:533871ms step_avg:198.39ms
step:2692/4740 train_time:534193ms step_avg:198.44ms
step:2693/4740 train_time:534372ms step_avg:198.43ms
step:2694/4740 train_time:534697ms step_avg:198.48ms
step:2695/4740 train_time:534878ms step_avg:198.47ms
step:2696/4740 train_time:535203ms step_avg:198.52ms
step:2697/4740 train_time:535383ms step_avg:198.51ms
step:2698/4740 train_time:535706ms step_avg:198.56ms
step:2699/4740 train_time:535884ms step_avg:198.55ms
step:2700/4740 train_time:536205ms step_avg:198.59ms
step:2701/4740 train_time:536389ms step_avg:198.59ms
step:2702/4740 train_time:536709ms step_avg:198.63ms
step:2703/4740 train_time:536887ms step_avg:198.63ms
step:2704/4740 train_time:537209ms step_avg:198.67ms
step:2705/4740 train_time:537390ms step_avg:198.67ms
step:2706/4740 train_time:537717ms step_avg:198.71ms
step:2707/4740 train_time:537896ms step_avg:198.71ms
step:2708/4740 train_time:538219ms step_avg:198.75ms
step:2709/4740 train_time:538400ms step_avg:198.75ms
step:2710/4740 train_time:538723ms step_avg:198.79ms
step:2711/4740 train_time:538902ms step_avg:198.78ms
step:2712/4740 train_time:539224ms step_avg:198.83ms
step:2713/4740 train_time:539399ms step_avg:198.82ms
step:2714/4740 train_time:539721ms step_avg:198.87ms
step:2715/4740 train_time:539905ms step_avg:198.86ms
step:2716/4740 train_time:540227ms step_avg:198.91ms
step:2717/4740 train_time:540407ms step_avg:198.90ms
step:2718/4740 train_time:540729ms step_avg:198.94ms
step:2719/4740 train_time:540909ms step_avg:198.94ms
step:2720/4740 train_time:541230ms step_avg:198.98ms
step:2721/4740 train_time:541412ms step_avg:198.98ms
step:2722/4740 train_time:541726ms step_avg:199.02ms
step:2723/4740 train_time:541912ms step_avg:199.01ms
step:2724/4740 train_time:542231ms step_avg:199.06ms
step:2725/4740 train_time:542414ms step_avg:199.05ms
step:2726/4740 train_time:542731ms step_avg:199.09ms
step:2727/4740 train_time:542916ms step_avg:199.09ms
step:2728/4740 train_time:543240ms step_avg:199.13ms
step:2729/4740 train_time:543426ms step_avg:199.13ms
step:2730/4740 train_time:543748ms step_avg:199.18ms
step:2731/4740 train_time:543927ms step_avg:199.17ms
step:2732/4740 train_time:544248ms step_avg:199.21ms
step:2733/4740 train_time:544426ms step_avg:199.20ms
step:2734/4740 train_time:544749ms step_avg:199.25ms
step:2735/4740 train_time:544930ms step_avg:199.24ms
step:2736/4740 train_time:545251ms step_avg:199.29ms
step:2737/4740 train_time:545435ms step_avg:199.28ms
step:2738/4740 train_time:545754ms step_avg:199.33ms
step:2739/4740 train_time:545934ms step_avg:199.32ms
step:2740/4740 train_time:546254ms step_avg:199.36ms
step:2741/4740 train_time:546436ms step_avg:199.36ms
step:2742/4740 train_time:546756ms step_avg:199.40ms
step:2743/4740 train_time:546940ms step_avg:199.39ms
step:2744/4740 train_time:547262ms step_avg:199.44ms
step:2745/4740 train_time:547442ms step_avg:199.43ms
step:2746/4740 train_time:547766ms step_avg:199.48ms
step:2747/4740 train_time:547947ms step_avg:199.47ms
step:2748/4740 train_time:548272ms step_avg:199.52ms
step:2749/4740 train_time:548455ms step_avg:199.51ms
step:2750/4740 train_time:548777ms step_avg:199.56ms
step:2750/4740 val_loss:3.1601 train_time:548902ms step_avg:199.60ms
step:2751/4740 train_time:548958ms step_avg:199.55ms
step:2752/4740 train_time:549283ms step_avg:199.59ms
step:2753/4740 train_time:549469ms step_avg:199.59ms
step:2754/4740 train_time:549789ms step_avg:199.63ms
step:2755/4740 train_time:549970ms step_avg:199.63ms
step:2756/4740 train_time:550295ms step_avg:199.67ms
step:2757/4740 train_time:550484ms step_avg:199.67ms
step:2758/4740 train_time:550800ms step_avg:199.71ms
step:2759/4740 train_time:550988ms step_avg:199.71ms
step:2760/4740 train_time:551310ms step_avg:199.75ms
step:2761/4740 train_time:551493ms step_avg:199.74ms
step:2762/4740 train_time:551814ms step_avg:199.79ms
step:2763/4740 train_time:551998ms step_avg:199.78ms
step:2764/4740 train_time:552322ms step_avg:199.83ms
step:2765/4740 train_time:552506ms step_avg:199.82ms
step:2766/4740 train_time:552828ms step_avg:199.87ms
step:2767/4740 train_time:553011ms step_avg:199.86ms
step:2768/4740 train_time:553328ms step_avg:199.90ms
step:2769/4740 train_time:553511ms step_avg:199.90ms
step:2770/4740 train_time:553835ms step_avg:199.94ms
step:2771/4740 train_time:554014ms step_avg:199.93ms
step:2772/4740 train_time:554336ms step_avg:199.98ms
step:2773/4740 train_time:554521ms step_avg:199.97ms
step:2774/4740 train_time:554846ms step_avg:200.02ms
step:2775/4740 train_time:555028ms step_avg:200.01ms
step:2776/4740 train_time:555349ms step_avg:200.05ms
step:2777/4740 train_time:555533ms step_avg:200.05ms
step:2778/4740 train_time:555855ms step_avg:200.09ms
step:2779/4740 train_time:556037ms step_avg:200.09ms
step:2780/4740 train_time:556359ms step_avg:200.13ms
step:2781/4740 train_time:556540ms step_avg:200.12ms
step:2782/4740 train_time:556860ms step_avg:200.17ms
step:2783/4740 train_time:557043ms step_avg:200.16ms
step:2784/4740 train_time:557366ms step_avg:200.20ms
step:2785/4740 train_time:557549ms step_avg:200.20ms
step:2786/4740 train_time:557867ms step_avg:200.24ms
step:2787/4740 train_time:558055ms step_avg:200.23ms
step:2788/4740 train_time:558375ms step_avg:200.28ms
step:2789/4740 train_time:558561ms step_avg:200.27ms
step:2790/4740 train_time:558881ms step_avg:200.32ms
step:2791/4740 train_time:559064ms step_avg:200.31ms
step:2792/4740 train_time:559387ms step_avg:200.35ms
step:2793/4740 train_time:559571ms step_avg:200.35ms
step:2794/4740 train_time:559892ms step_avg:200.39ms
step:2795/4740 train_time:560075ms step_avg:200.38ms
step:2796/4740 train_time:560397ms step_avg:200.43ms
step:2797/4740 train_time:560579ms step_avg:200.42ms
step:2798/4740 train_time:560901ms step_avg:200.46ms
step:2799/4740 train_time:561083ms step_avg:200.46ms
step:2800/4740 train_time:561408ms step_avg:200.50ms
step:2801/4740 train_time:561588ms step_avg:200.50ms
step:2802/4740 train_time:561908ms step_avg:200.54ms
step:2803/4740 train_time:562090ms step_avg:200.53ms
step:2804/4740 train_time:562413ms step_avg:200.58ms
step:2805/4740 train_time:562595ms step_avg:200.57ms
step:2806/4740 train_time:562917ms step_avg:200.61ms
step:2807/4740 train_time:563100ms step_avg:200.61ms
step:2808/4740 train_time:563421ms step_avg:200.65ms
step:2809/4740 train_time:563607ms step_avg:200.64ms
step:2810/4740 train_time:563931ms step_avg:200.69ms
step:2811/4740 train_time:564108ms step_avg:200.68ms
step:2812/4740 train_time:564427ms step_avg:200.72ms
step:2813/4740 train_time:564610ms step_avg:200.71ms
step:2814/4740 train_time:564934ms step_avg:200.76ms
step:2815/4740 train_time:565118ms step_avg:200.75ms
step:2816/4740 train_time:565442ms step_avg:200.80ms
step:2817/4740 train_time:565619ms step_avg:200.79ms
step:2818/4740 train_time:565939ms step_avg:200.83ms
step:2819/4740 train_time:566120ms step_avg:200.82ms
step:2820/4740 train_time:566445ms step_avg:200.87ms
step:2821/4740 train_time:566623ms step_avg:200.86ms
step:2822/4740 train_time:566946ms step_avg:200.90ms
step:2823/4740 train_time:567129ms step_avg:200.90ms
step:2824/4740 train_time:567453ms step_avg:200.94ms
step:2825/4740 train_time:567632ms step_avg:200.93ms
step:2826/4740 train_time:567954ms step_avg:200.97ms
step:2827/4740 train_time:568139ms step_avg:200.97ms
step:2828/4740 train_time:568461ms step_avg:201.01ms
step:2829/4740 train_time:568647ms step_avg:201.01ms
step:2830/4740 train_time:568966ms step_avg:201.05ms
step:2831/4740 train_time:569150ms step_avg:201.04ms
step:2832/4740 train_time:569474ms step_avg:201.09ms
step:2833/4740 train_time:569656ms step_avg:201.08ms
step:2834/4740 train_time:569976ms step_avg:201.12ms
step:2835/4740 train_time:570159ms step_avg:201.11ms
step:2836/4740 train_time:570484ms step_avg:201.16ms
step:2837/4740 train_time:570666ms step_avg:201.15ms
step:2838/4740 train_time:570986ms step_avg:201.19ms
step:2839/4740 train_time:571170ms step_avg:201.19ms
step:2840/4740 train_time:571495ms step_avg:201.23ms
step:2841/4740 train_time:571678ms step_avg:201.22ms
step:2842/4740 train_time:571997ms step_avg:201.27ms
step:2843/4740 train_time:572185ms step_avg:201.26ms
step:2844/4740 train_time:572501ms step_avg:201.30ms
step:2845/4740 train_time:572688ms step_avg:201.30ms
step:2846/4740 train_time:573007ms step_avg:201.34ms
step:2847/4740 train_time:573190ms step_avg:201.33ms
step:2848/4740 train_time:573510ms step_avg:201.37ms
step:2849/4740 train_time:573694ms step_avg:201.37ms
step:2850/4740 train_time:574016ms step_avg:201.41ms
step:2851/4740 train_time:574200ms step_avg:201.40ms
step:2852/4740 train_time:574522ms step_avg:201.45ms
step:2853/4740 train_time:574707ms step_avg:201.44ms
step:2854/4740 train_time:575030ms step_avg:201.48ms
step:2855/4740 train_time:575212ms step_avg:201.48ms
step:2856/4740 train_time:575530ms step_avg:201.52ms
step:2857/4740 train_time:575713ms step_avg:201.51ms
step:2858/4740 train_time:576038ms step_avg:201.55ms
step:2859/4740 train_time:576220ms step_avg:201.55ms
step:2860/4740 train_time:576546ms step_avg:201.59ms
step:2861/4740 train_time:576728ms step_avg:201.58ms
step:2862/4740 train_time:577048ms step_avg:201.62ms
step:2863/4740 train_time:577232ms step_avg:201.62ms
step:2864/4740 train_time:577551ms step_avg:201.66ms
step:2865/4740 train_time:577733ms step_avg:201.65ms
step:2866/4740 train_time:578051ms step_avg:201.69ms
step:2867/4740 train_time:578238ms step_avg:201.69ms
step:2868/4740 train_time:578557ms step_avg:201.73ms
step:2869/4740 train_time:578741ms step_avg:201.72ms
step:2870/4740 train_time:579062ms step_avg:201.76ms
step:2871/4740 train_time:579246ms step_avg:201.76ms
step:2872/4740 train_time:579572ms step_avg:201.80ms
step:2873/4740 train_time:579755ms step_avg:201.79ms
step:2874/4740 train_time:580072ms step_avg:201.83ms
step:2875/4740 train_time:580255ms step_avg:201.83ms
step:2876/4740 train_time:580575ms step_avg:201.87ms
step:2877/4740 train_time:580761ms step_avg:201.86ms
step:2878/4740 train_time:581080ms step_avg:201.90ms
step:2879/4740 train_time:581267ms step_avg:201.90ms
step:2880/4740 train_time:581587ms step_avg:201.94ms
step:2881/4740 train_time:581768ms step_avg:201.93ms
step:2882/4740 train_time:582095ms step_avg:201.98ms
step:2883/4740 train_time:582274ms step_avg:201.97ms
step:2884/4740 train_time:582596ms step_avg:202.01ms
step:2885/4740 train_time:582779ms step_avg:202.00ms
step:2886/4740 train_time:583104ms step_avg:202.05ms
step:2887/4740 train_time:583283ms step_avg:202.04ms
step:2888/4740 train_time:583608ms step_avg:202.08ms
step:2889/4740 train_time:583791ms step_avg:202.07ms
step:2890/4740 train_time:584112ms step_avg:202.11ms
step:2891/4740 train_time:584297ms step_avg:202.11ms
step:2892/4740 train_time:584620ms step_avg:202.15ms
step:2893/4740 train_time:584800ms step_avg:202.14ms
step:2894/4740 train_time:585120ms step_avg:202.18ms
step:2895/4740 train_time:585307ms step_avg:202.18ms
step:2896/4740 train_time:585629ms step_avg:202.22ms
step:2897/4740 train_time:585809ms step_avg:202.21ms
step:2898/4740 train_time:586129ms step_avg:202.25ms
step:2899/4740 train_time:586314ms step_avg:202.25ms
step:2900/4740 train_time:586634ms step_avg:202.29ms
step:2901/4740 train_time:586815ms step_avg:202.28ms
step:2902/4740 train_time:587140ms step_avg:202.32ms
step:2903/4740 train_time:587317ms step_avg:202.31ms
step:2904/4740 train_time:587640ms step_avg:202.36ms
step:2905/4740 train_time:587820ms step_avg:202.35ms
step:2906/4740 train_time:588144ms step_avg:202.39ms
step:2907/4740 train_time:588326ms step_avg:202.38ms
step:2908/4740 train_time:588652ms step_avg:202.42ms
step:2909/4740 train_time:588830ms step_avg:202.42ms
step:2910/4740 train_time:589159ms step_avg:202.46ms
step:2911/4740 train_time:589339ms step_avg:202.45ms
step:2912/4740 train_time:589660ms step_avg:202.49ms
step:2913/4740 train_time:589844ms step_avg:202.49ms
step:2914/4740 train_time:590167ms step_avg:202.53ms
step:2915/4740 train_time:590350ms step_avg:202.52ms
step:2916/4740 train_time:590672ms step_avg:202.56ms
step:2917/4740 train_time:590855ms step_avg:202.56ms
step:2918/4740 train_time:591176ms step_avg:202.60ms
step:2919/4740 train_time:591362ms step_avg:202.59ms
step:2920/4740 train_time:591678ms step_avg:202.63ms
step:2921/4740 train_time:591867ms step_avg:202.62ms
step:2922/4740 train_time:592186ms step_avg:202.66ms
step:2923/4740 train_time:592369ms step_avg:202.66ms
step:2924/4740 train_time:592691ms step_avg:202.70ms
step:2925/4740 train_time:592876ms step_avg:202.69ms
step:2926/4740 train_time:593197ms step_avg:202.73ms
step:2927/4740 train_time:593382ms step_avg:202.73ms
step:2928/4740 train_time:593705ms step_avg:202.77ms
step:2929/4740 train_time:593889ms step_avg:202.76ms
step:2930/4740 train_time:594209ms step_avg:202.80ms
step:2931/4740 train_time:594390ms step_avg:202.79ms
step:2932/4740 train_time:594711ms step_avg:202.83ms
step:2933/4740 train_time:594899ms step_avg:202.83ms
step:2934/4740 train_time:595217ms step_avg:202.87ms
step:2935/4740 train_time:595400ms step_avg:202.86ms
step:2936/4740 train_time:595722ms step_avg:202.90ms
step:2937/4740 train_time:595908ms step_avg:202.90ms
step:2938/4740 train_time:596228ms step_avg:202.94ms
step:2939/4740 train_time:596408ms step_avg:202.93ms
step:2940/4740 train_time:596734ms step_avg:202.97ms
step:2941/4740 train_time:596914ms step_avg:202.96ms
step:2942/4740 train_time:597235ms step_avg:203.00ms
step:2943/4740 train_time:597421ms step_avg:203.00ms
step:2944/4740 train_time:597744ms step_avg:203.04ms
step:2945/4740 train_time:597924ms step_avg:203.03ms
step:2946/4740 train_time:598246ms step_avg:203.07ms
step:2947/4740 train_time:598426ms step_avg:203.06ms
step:2948/4740 train_time:598749ms step_avg:203.10ms
step:2949/4740 train_time:598934ms step_avg:203.10ms
step:2950/4740 train_time:599256ms step_avg:203.14ms
step:2951/4740 train_time:599435ms step_avg:203.13ms
step:2952/4740 train_time:599756ms step_avg:203.17ms
step:2953/4740 train_time:599942ms step_avg:203.16ms
step:2954/4740 train_time:600264ms step_avg:203.20ms
step:2955/4740 train_time:600442ms step_avg:203.20ms
step:2956/4740 train_time:600764ms step_avg:203.24ms
step:2957/4740 train_time:600948ms step_avg:203.23ms
step:2958/4740 train_time:601271ms step_avg:203.27ms
step:2959/4740 train_time:601455ms step_avg:203.26ms
step:2960/4740 train_time:601775ms step_avg:203.30ms
step:2961/4740 train_time:601957ms step_avg:203.30ms
step:2962/4740 train_time:602282ms step_avg:203.34ms
step:2963/4740 train_time:602463ms step_avg:203.33ms
step:2964/4740 train_time:602783ms step_avg:203.37ms
step:2965/4740 train_time:602964ms step_avg:203.36ms
step:2966/4740 train_time:603283ms step_avg:203.40ms
step:2967/4740 train_time:603468ms step_avg:203.39ms
step:2968/4740 train_time:603792ms step_avg:203.43ms
step:2969/4740 train_time:603978ms step_avg:203.43ms
step:2970/4740 train_time:604301ms step_avg:203.47ms
step:2971/4740 train_time:604482ms step_avg:203.46ms
step:2972/4740 train_time:604803ms step_avg:203.50ms
step:2973/4740 train_time:604983ms step_avg:203.49ms
step:2974/4740 train_time:605304ms step_avg:203.53ms
step:2975/4740 train_time:605486ms step_avg:203.52ms
step:2976/4740 train_time:605807ms step_avg:203.56ms
step:2977/4740 train_time:605990ms step_avg:203.56ms
step:2978/4740 train_time:606310ms step_avg:203.60ms
step:2979/4740 train_time:606493ms step_avg:203.59ms
step:2980/4740 train_time:606817ms step_avg:203.63ms
step:2981/4740 train_time:606994ms step_avg:203.62ms
step:2982/4740 train_time:607316ms step_avg:203.66ms
step:2983/4740 train_time:607499ms step_avg:203.65ms
step:2984/4740 train_time:607821ms step_avg:203.69ms
step:2985/4740 train_time:608006ms step_avg:203.69ms
step:2986/4740 train_time:608324ms step_avg:203.73ms
step:2987/4740 train_time:608510ms step_avg:203.72ms
step:2988/4740 train_time:608827ms step_avg:203.76ms
step:2989/4740 train_time:609016ms step_avg:203.75ms
step:2990/4740 train_time:609336ms step_avg:203.79ms
step:2991/4740 train_time:609517ms step_avg:203.78ms
step:2992/4740 train_time:609837ms step_avg:203.82ms
step:2993/4740 train_time:610020ms step_avg:203.82ms
step:2994/4740 train_time:610341ms step_avg:203.85ms
step:2995/4740 train_time:610524ms step_avg:203.85ms
step:2996/4740 train_time:610845ms step_avg:203.89ms
step:2997/4740 train_time:611029ms step_avg:203.88ms
step:2998/4740 train_time:611351ms step_avg:203.92ms
step:2999/4740 train_time:611533ms step_avg:203.91ms
step:3000/4740 train_time:611857ms step_avg:203.95ms
step:3000/4740 val_loss:3.1266 train_time:611983ms step_avg:203.99ms
step:3001/4740 train_time:612038ms step_avg:203.94ms
step:3002/4740 train_time:612364ms step_avg:203.99ms
step:3003/4740 train_time:612550ms step_avg:203.98ms
step:3004/4740 train_time:612867ms step_avg:204.02ms
step:3005/4740 train_time:613051ms step_avg:204.01ms
step:3006/4740 train_time:613376ms step_avg:204.05ms
step:3007/4740 train_time:613558ms step_avg:204.04ms
step:3008/4740 train_time:613879ms step_avg:204.08ms
step:3009/4740 train_time:614061ms step_avg:204.07ms
step:3010/4740 train_time:614384ms step_avg:204.11ms
step:3011/4740 train_time:614573ms step_avg:204.11ms
step:3012/4740 train_time:614890ms step_avg:204.15ms
step:3013/4740 train_time:615074ms step_avg:204.14ms
step:3014/4740 train_time:615397ms step_avg:204.18ms
step:3015/4740 train_time:615582ms step_avg:204.17ms
step:3016/4740 train_time:615904ms step_avg:204.21ms
step:3017/4740 train_time:616087ms step_avg:204.21ms
step:3018/4740 train_time:616406ms step_avg:204.24ms
step:3019/4740 train_time:616589ms step_avg:204.24ms
step:3020/4740 train_time:616910ms step_avg:204.27ms
step:3021/4740 train_time:617089ms step_avg:204.27ms
step:3022/4740 train_time:617410ms step_avg:204.30ms
step:3023/4740 train_time:617596ms step_avg:204.30ms
step:3024/4740 train_time:617917ms step_avg:204.34ms
step:3025/4740 train_time:618097ms step_avg:204.33ms
step:3026/4740 train_time:618417ms step_avg:204.37ms
step:3027/4740 train_time:618600ms step_avg:204.36ms
step:3028/4740 train_time:618920ms step_avg:204.40ms
step:3029/4740 train_time:619102ms step_avg:204.39ms
step:3030/4740 train_time:619426ms step_avg:204.43ms
step:3031/4740 train_time:619609ms step_avg:204.42ms
step:3032/4740 train_time:619933ms step_avg:204.46ms
step:3033/4740 train_time:620111ms step_avg:204.45ms
step:3034/4740 train_time:620434ms step_avg:204.49ms
step:3035/4740 train_time:620614ms step_avg:204.49ms
step:3036/4740 train_time:620935ms step_avg:204.52ms
step:3037/4740 train_time:621115ms step_avg:204.52ms
step:3038/4740 train_time:621439ms step_avg:204.56ms
step:3039/4740 train_time:621619ms step_avg:204.55ms
step:3040/4740 train_time:621942ms step_avg:204.59ms
step:3041/4740 train_time:622122ms step_avg:204.58ms
step:3042/4740 train_time:622443ms step_avg:204.62ms
step:3043/4740 train_time:622624ms step_avg:204.61ms
step:3044/4740 train_time:622948ms step_avg:204.65ms
step:3045/4740 train_time:623131ms step_avg:204.64ms
step:3046/4740 train_time:623456ms step_avg:204.68ms
step:3047/4740 train_time:623633ms step_avg:204.67ms
step:3048/4740 train_time:623956ms step_avg:204.71ms
step:3049/4740 train_time:624138ms step_avg:204.70ms
step:3050/4740 train_time:624463ms step_avg:204.74ms
step:3051/4740 train_time:624642ms step_avg:204.73ms
step:3052/4740 train_time:624961ms step_avg:204.77ms
step:3053/4740 train_time:625146ms step_avg:204.76ms
step:3054/4740 train_time:625470ms step_avg:204.80ms
step:3055/4740 train_time:625651ms step_avg:204.80ms
step:3056/4740 train_time:625975ms step_avg:204.83ms
step:3057/4740 train_time:626155ms step_avg:204.83ms
step:3058/4740 train_time:626474ms step_avg:204.86ms
step:3059/4740 train_time:626656ms step_avg:204.86ms
step:3060/4740 train_time:626979ms step_avg:204.89ms
step:3061/4740 train_time:627160ms step_avg:204.89ms
step:3062/4740 train_time:627482ms step_avg:204.93ms
step:3063/4740 train_time:627664ms step_avg:204.92ms
step:3064/4740 train_time:627982ms step_avg:204.95ms
step:3065/4740 train_time:628167ms step_avg:204.95ms
step:3066/4740 train_time:628488ms step_avg:204.99ms
step:3067/4740 train_time:628670ms step_avg:204.98ms
step:3068/4740 train_time:628991ms step_avg:205.02ms
step:3069/4740 train_time:629174ms step_avg:205.01ms
step:3070/4740 train_time:629498ms step_avg:205.05ms
step:3071/4740 train_time:629677ms step_avg:205.04ms
step:3072/4740 train_time:630002ms step_avg:205.08ms
step:3073/4740 train_time:630183ms step_avg:205.07ms
step:3074/4740 train_time:630507ms step_avg:205.11ms
step:3075/4740 train_time:630688ms step_avg:205.10ms
step:3076/4740 train_time:631007ms step_avg:205.14ms
step:3077/4740 train_time:631189ms step_avg:205.13ms
step:3078/4740 train_time:631514ms step_avg:205.17ms
step:3079/4740 train_time:631693ms step_avg:205.16ms
step:3080/4740 train_time:632016ms step_avg:205.20ms
step:3081/4740 train_time:632198ms step_avg:205.19ms
step:3082/4740 train_time:632516ms step_avg:205.23ms
step:3083/4740 train_time:632698ms step_avg:205.22ms
step:3084/4740 train_time:633020ms step_avg:205.26ms
step:3085/4740 train_time:633205ms step_avg:205.25ms
step:3086/4740 train_time:633525ms step_avg:205.29ms
step:3087/4740 train_time:633706ms step_avg:205.28ms
step:3088/4740 train_time:634028ms step_avg:205.32ms
step:3089/4740 train_time:634214ms step_avg:205.31ms
step:3090/4740 train_time:634539ms step_avg:205.35ms
step:3091/4740 train_time:634717ms step_avg:205.34ms
step:3092/4740 train_time:635045ms step_avg:205.38ms
step:3093/4740 train_time:635227ms step_avg:205.38ms
step:3094/4740 train_time:635548ms step_avg:205.41ms
step:3095/4740 train_time:635726ms step_avg:205.40ms
step:3096/4740 train_time:636048ms step_avg:205.44ms
step:3097/4740 train_time:636233ms step_avg:205.44ms
step:3098/4740 train_time:636554ms step_avg:205.47ms
step:3099/4740 train_time:636737ms step_avg:205.47ms
step:3100/4740 train_time:637059ms step_avg:205.50ms
step:3101/4740 train_time:637240ms step_avg:205.50ms
step:3102/4740 train_time:637563ms step_avg:205.53ms
step:3103/4740 train_time:637742ms step_avg:205.52ms
step:3104/4740 train_time:638064ms step_avg:205.56ms
step:3105/4740 train_time:638248ms step_avg:205.55ms
step:3106/4740 train_time:638569ms step_avg:205.59ms
step:3107/4740 train_time:638752ms step_avg:205.58ms
step:3108/4740 train_time:639074ms step_avg:205.62ms
step:3109/4740 train_time:639257ms step_avg:205.61ms
step:3110/4740 train_time:639582ms step_avg:205.65ms
step:3111/4740 train_time:639768ms step_avg:205.65ms
step:3112/4740 train_time:640088ms step_avg:205.68ms
step:3113/4740 train_time:640269ms step_avg:205.68ms
step:3114/4740 train_time:640592ms step_avg:205.71ms
step:3115/4740 train_time:640774ms step_avg:205.71ms
step:3116/4740 train_time:641095ms step_avg:205.74ms
step:3117/4740 train_time:641278ms step_avg:205.74ms
step:3118/4740 train_time:641601ms step_avg:205.77ms
step:3119/4740 train_time:641782ms step_avg:205.77ms
step:3120/4740 train_time:642103ms step_avg:205.80ms
step:3121/4740 train_time:642284ms step_avg:205.79ms
step:3122/4740 train_time:642607ms step_avg:205.83ms
step:3123/4740 train_time:642789ms step_avg:205.82ms
step:3124/4740 train_time:643112ms step_avg:205.86ms
step:3125/4740 train_time:643294ms step_avg:205.85ms
step:3126/4740 train_time:643613ms step_avg:205.89ms
step:3127/4740 train_time:643798ms step_avg:205.88ms
step:3128/4740 train_time:644123ms step_avg:205.92ms
step:3129/4740 train_time:644304ms step_avg:205.91ms
step:3130/4740 train_time:644627ms step_avg:205.95ms
step:3131/4740 train_time:644810ms step_avg:205.94ms
step:3132/4740 train_time:645137ms step_avg:205.98ms
step:3133/4740 train_time:645318ms step_avg:205.97ms
step:3134/4740 train_time:645642ms step_avg:206.01ms
step:3135/4740 train_time:645826ms step_avg:206.01ms
step:3136/4740 train_time:646146ms step_avg:206.04ms
step:3137/4740 train_time:646329ms step_avg:206.03ms
step:3138/4740 train_time:646652ms step_avg:206.07ms
step:3139/4740 train_time:646837ms step_avg:206.06ms
step:3140/4740 train_time:647157ms step_avg:206.10ms
step:3141/4740 train_time:647342ms step_avg:206.09ms
step:3142/4740 train_time:647667ms step_avg:206.13ms
step:3143/4740 train_time:647847ms step_avg:206.12ms
step:3144/4740 train_time:648169ms step_avg:206.16ms
step:3145/4740 train_time:648354ms step_avg:206.15ms
step:3146/4740 train_time:648679ms step_avg:206.19ms
step:3147/4740 train_time:648856ms step_avg:206.18ms
step:3148/4740 train_time:649181ms step_avg:206.22ms
step:3149/4740 train_time:649362ms step_avg:206.21ms
step:3150/4740 train_time:649683ms step_avg:206.25ms
step:3151/4740 train_time:649866ms step_avg:206.24ms
step:3152/4740 train_time:650189ms step_avg:206.28ms
step:3153/4740 train_time:650369ms step_avg:206.27ms
step:3154/4740 train_time:650690ms step_avg:206.31ms
step:3155/4740 train_time:650876ms step_avg:206.30ms
step:3156/4740 train_time:651197ms step_avg:206.34ms
step:3157/4740 train_time:651379ms step_avg:206.33ms
step:3158/4740 train_time:651699ms step_avg:206.36ms
step:3159/4740 train_time:651888ms step_avg:206.36ms
step:3160/4740 train_time:652207ms step_avg:206.39ms
step:3161/4740 train_time:652391ms step_avg:206.39ms
step:3162/4740 train_time:652717ms step_avg:206.43ms
step:3163/4740 train_time:652897ms step_avg:206.42ms
step:3164/4740 train_time:653222ms step_avg:206.45ms
step:3165/4740 train_time:653403ms step_avg:206.45ms
step:3166/4740 train_time:653727ms step_avg:206.48ms
step:3167/4740 train_time:653909ms step_avg:206.48ms
step:3168/4740 train_time:654235ms step_avg:206.51ms
step:3169/4740 train_time:654414ms step_avg:206.50ms
step:3170/4740 train_time:654740ms step_avg:206.54ms
step:3171/4740 train_time:654917ms step_avg:206.53ms
step:3172/4740 train_time:655240ms step_avg:206.57ms
step:3173/4740 train_time:655424ms step_avg:206.56ms
step:3174/4740 train_time:655748ms step_avg:206.60ms
step:3175/4740 train_time:655928ms step_avg:206.59ms
step:3176/4740 train_time:656251ms step_avg:206.63ms
step:3177/4740 train_time:656437ms step_avg:206.62ms
step:3178/4740 train_time:656760ms step_avg:206.66ms
step:3179/4740 train_time:656940ms step_avg:206.65ms
step:3180/4740 train_time:657263ms step_avg:206.69ms
step:3181/4740 train_time:657445ms step_avg:206.68ms
step:3182/4740 train_time:657768ms step_avg:206.72ms
step:3183/4740 train_time:657950ms step_avg:206.71ms
step:3184/4740 train_time:658274ms step_avg:206.74ms
step:3185/4740 train_time:658456ms step_avg:206.74ms
step:3186/4740 train_time:658779ms step_avg:206.77ms
step:3187/4740 train_time:658960ms step_avg:206.76ms
step:3188/4740 train_time:659284ms step_avg:206.80ms
step:3189/4740 train_time:659468ms step_avg:206.79ms
step:3190/4740 train_time:659794ms step_avg:206.83ms
step:3191/4740 train_time:659973ms step_avg:206.82ms
step:3192/4740 train_time:660297ms step_avg:206.86ms
step:3193/4740 train_time:660478ms step_avg:206.85ms
step:3194/4740 train_time:660802ms step_avg:206.89ms
step:3195/4740 train_time:660985ms step_avg:206.88ms
step:3196/4740 train_time:661308ms step_avg:206.92ms
step:3197/4740 train_time:661490ms step_avg:206.91ms
step:3198/4740 train_time:661816ms step_avg:206.95ms
step:3199/4740 train_time:661996ms step_avg:206.94ms
step:3200/4740 train_time:662317ms step_avg:206.97ms
step:3201/4740 train_time:662501ms step_avg:206.97ms
step:3202/4740 train_time:662820ms step_avg:207.00ms
step:3203/4740 train_time:663002ms step_avg:206.99ms
step:3204/4740 train_time:663321ms step_avg:207.03ms
step:3205/4740 train_time:663505ms step_avg:207.02ms
step:3206/4740 train_time:663828ms step_avg:207.06ms
step:3207/4740 train_time:664011ms step_avg:207.05ms
step:3208/4740 train_time:664337ms step_avg:207.09ms
step:3209/4740 train_time:664516ms step_avg:207.08ms
step:3210/4740 train_time:664839ms step_avg:207.12ms
step:3211/4740 train_time:665018ms step_avg:207.11ms
step:3212/4740 train_time:665342ms step_avg:207.14ms
step:3213/4740 train_time:665523ms step_avg:207.13ms
step:3214/4740 train_time:665845ms step_avg:207.17ms
step:3215/4740 train_time:666027ms step_avg:207.16ms
step:3216/4740 train_time:666351ms step_avg:207.20ms
step:3217/4740 train_time:666533ms step_avg:207.19ms
step:3218/4740 train_time:666856ms step_avg:207.23ms
step:3219/4740 train_time:667043ms step_avg:207.22ms
step:3220/4740 train_time:667366ms step_avg:207.26ms
step:3221/4740 train_time:667551ms step_avg:207.25ms
step:3222/4740 train_time:667870ms step_avg:207.28ms
step:3223/4740 train_time:668058ms step_avg:207.28ms
step:3224/4740 train_time:668375ms step_avg:207.31ms
step:3225/4740 train_time:668564ms step_avg:207.31ms
step:3226/4740 train_time:668888ms step_avg:207.34ms
step:3227/4740 train_time:669068ms step_avg:207.33ms
step:3228/4740 train_time:669390ms step_avg:207.37ms
step:3229/4740 train_time:669575ms step_avg:207.36ms
step:3230/4740 train_time:669900ms step_avg:207.40ms
step:3231/4740 train_time:670078ms step_avg:207.39ms
step:3232/4740 train_time:670401ms step_avg:207.43ms
step:3233/4740 train_time:670588ms step_avg:207.42ms
step:3234/4740 train_time:670907ms step_avg:207.45ms
step:3235/4740 train_time:671093ms step_avg:207.45ms
step:3236/4740 train_time:671414ms step_avg:207.48ms
step:3237/4740 train_time:671597ms step_avg:207.48ms
step:3238/4740 train_time:671916ms step_avg:207.51ms
step:3239/4740 train_time:672102ms step_avg:207.50ms
step:3240/4740 train_time:672424ms step_avg:207.54ms
step:3241/4740 train_time:672608ms step_avg:207.53ms
step:3242/4740 train_time:672931ms step_avg:207.57ms
step:3243/4740 train_time:673113ms step_avg:207.56ms
step:3244/4740 train_time:673434ms step_avg:207.59ms
step:3245/4740 train_time:673620ms step_avg:207.59ms
step:3246/4740 train_time:673945ms step_avg:207.62ms
step:3247/4740 train_time:674126ms step_avg:207.62ms
step:3248/4740 train_time:674448ms step_avg:207.65ms
step:3249/4740 train_time:674631ms step_avg:207.64ms
step:3250/4740 train_time:674956ms step_avg:207.68ms
step:3250/4740 val_loss:3.0953 train_time:675084ms step_avg:207.72ms
step:3251/4740 train_time:675140ms step_avg:207.67ms
step:3252/4740 train_time:675466ms step_avg:207.71ms
step:3253/4740 train_time:675647ms step_avg:207.70ms
step:3254/4740 train_time:675965ms step_avg:207.73ms
step:3255/4740 train_time:676151ms step_avg:207.73ms
step:3256/4740 train_time:676474ms step_avg:207.76ms
step:3257/4740 train_time:676660ms step_avg:207.76ms
step:3258/4740 train_time:676979ms step_avg:207.79ms
step:3259/4740 train_time:677161ms step_avg:207.78ms
step:3260/4740 train_time:677485ms step_avg:207.82ms
step:3261/4740 train_time:677667ms step_avg:207.81ms
step:3262/4740 train_time:677989ms step_avg:207.84ms
step:3263/4740 train_time:678169ms step_avg:207.84ms
step:3264/4740 train_time:678492ms step_avg:207.87ms
step:3265/4740 train_time:678678ms step_avg:207.86ms
step:3266/4740 train_time:678998ms step_avg:207.90ms
step:3267/4740 train_time:679179ms step_avg:207.89ms
step:3268/4740 train_time:679501ms step_avg:207.93ms
step:3269/4740 train_time:679685ms step_avg:207.92ms
step:3270/4740 train_time:680006ms step_avg:207.95ms
step:3271/4740 train_time:680188ms step_avg:207.94ms
step:3272/4740 train_time:680507ms step_avg:207.98ms
step:3273/4740 train_time:680693ms step_avg:207.97ms
step:3274/4740 train_time:681012ms step_avg:208.01ms
step:3275/4740 train_time:681197ms step_avg:208.00ms
step:3276/4740 train_time:681525ms step_avg:208.04ms
step:3277/4740 train_time:681706ms step_avg:208.03ms
step:3278/4740 train_time:682024ms step_avg:208.06ms
step:3279/4740 train_time:682208ms step_avg:208.05ms
step:3280/4740 train_time:682529ms step_avg:208.09ms
step:3281/4740 train_time:682711ms step_avg:208.08ms
step:3282/4740 train_time:683035ms step_avg:208.12ms
step:3283/4740 train_time:683215ms step_avg:208.11ms
step:3284/4740 train_time:683540ms step_avg:208.14ms
step:3285/4740 train_time:683725ms step_avg:208.14ms
step:3286/4740 train_time:684046ms step_avg:208.17ms
step:3287/4740 train_time:684230ms step_avg:208.16ms
step:3288/4740 train_time:684554ms step_avg:208.20ms
step:3289/4740 train_time:684738ms step_avg:208.19ms
step:3290/4740 train_time:685057ms step_avg:208.22ms
step:3291/4740 train_time:685240ms step_avg:208.22ms
step:3292/4740 train_time:685565ms step_avg:208.25ms
step:3293/4740 train_time:685744ms step_avg:208.24ms
step:3294/4740 train_time:686064ms step_avg:208.28ms
step:3295/4740 train_time:686245ms step_avg:208.27ms
step:3296/4740 train_time:686568ms step_avg:208.30ms
step:3297/4740 train_time:686753ms step_avg:208.30ms
step:3298/4740 train_time:687073ms step_avg:208.33ms
step:3299/4740 train_time:687253ms step_avg:208.32ms
step:3300/4740 train_time:687576ms step_avg:208.36ms
step:3301/4740 train_time:687760ms step_avg:208.35ms
step:3302/4740 train_time:688085ms step_avg:208.38ms
step:3303/4740 train_time:688266ms step_avg:208.38ms
step:3304/4740 train_time:688589ms step_avg:208.41ms
step:3305/4740 train_time:688770ms step_avg:208.40ms
step:3306/4740 train_time:689093ms step_avg:208.44ms
step:3307/4740 train_time:689277ms step_avg:208.43ms
step:3308/4740 train_time:689603ms step_avg:208.47ms
step:3309/4740 train_time:689783ms step_avg:208.46ms
step:3310/4740 train_time:690106ms step_avg:208.49ms
step:3311/4740 train_time:690288ms step_avg:208.48ms
step:3312/4740 train_time:690608ms step_avg:208.52ms
step:3313/4740 train_time:690788ms step_avg:208.51ms
step:3314/4740 train_time:691108ms step_avg:208.54ms
step:3315/4740 train_time:691293ms step_avg:208.53ms
step:3316/4740 train_time:691615ms step_avg:208.57ms
step:3317/4740 train_time:691800ms step_avg:208.56ms
step:3318/4740 train_time:692126ms step_avg:208.60ms
step:3319/4740 train_time:692304ms step_avg:208.59ms
step:3320/4740 train_time:692627ms step_avg:208.62ms
step:3321/4740 train_time:692810ms step_avg:208.61ms
step:3322/4740 train_time:693128ms step_avg:208.65ms
step:3323/4740 train_time:693312ms step_avg:208.64ms
step:3324/4740 train_time:693635ms step_avg:208.67ms
step:3325/4740 train_time:693817ms step_avg:208.67ms
step:3326/4740 train_time:694139ms step_avg:208.70ms
step:3327/4740 train_time:694323ms step_avg:208.69ms
step:3328/4740 train_time:694645ms step_avg:208.73ms
step:3329/4740 train_time:694828ms step_avg:208.72ms
step:3330/4740 train_time:695148ms step_avg:208.75ms
step:3331/4740 train_time:695330ms step_avg:208.74ms
step:3332/4740 train_time:695651ms step_avg:208.78ms
step:3333/4740 train_time:695838ms step_avg:208.77ms
step:3334/4740 train_time:696159ms step_avg:208.81ms
step:3335/4740 train_time:696339ms step_avg:208.80ms
step:3336/4740 train_time:696663ms step_avg:208.83ms
step:3337/4740 train_time:696842ms step_avg:208.82ms
step:3338/4740 train_time:697163ms step_avg:208.86ms
step:3339/4740 train_time:697345ms step_avg:208.85ms
step:3340/4740 train_time:697667ms step_avg:208.88ms
step:3341/4740 train_time:697850ms step_avg:208.87ms
step:3342/4740 train_time:698172ms step_avg:208.91ms
step:3343/4740 train_time:698356ms step_avg:208.90ms
step:3344/4740 train_time:698677ms step_avg:208.93ms
step:3345/4740 train_time:698860ms step_avg:208.93ms
step:3346/4740 train_time:699182ms step_avg:208.96ms
step:3347/4740 train_time:699367ms step_avg:208.95ms
step:3348/4740 train_time:699691ms step_avg:208.99ms
step:3349/4740 train_time:699871ms step_avg:208.98ms
step:3350/4740 train_time:700196ms step_avg:209.01ms
step:3351/4740 train_time:700383ms step_avg:209.01ms
step:3352/4740 train_time:700707ms step_avg:209.04ms
step:3353/4740 train_time:700887ms step_avg:209.03ms
step:3354/4740 train_time:701209ms step_avg:209.07ms
step:3355/4740 train_time:701395ms step_avg:209.06ms
step:3356/4740 train_time:701717ms step_avg:209.09ms
step:3357/4740 train_time:701899ms step_avg:209.09ms
step:3358/4740 train_time:702226ms step_avg:209.12ms
step:3359/4740 train_time:702405ms step_avg:209.11ms
step:3360/4740 train_time:702728ms step_avg:209.15ms
step:3361/4740 train_time:702913ms step_avg:209.14ms
step:3362/4740 train_time:703236ms step_avg:209.17ms
step:3363/4740 train_time:703420ms step_avg:209.16ms
step:3364/4740 train_time:703745ms step_avg:209.20ms
step:3365/4740 train_time:703926ms step_avg:209.19ms
step:3366/4740 train_time:704248ms step_avg:209.22ms
step:3367/4740 train_time:704429ms step_avg:209.22ms
step:3368/4740 train_time:704751ms step_avg:209.25ms
step:3369/4740 train_time:704934ms step_avg:209.24ms
step:3370/4740 train_time:705255ms step_avg:209.27ms
step:3371/4740 train_time:705437ms step_avg:209.27ms
step:3372/4740 train_time:705763ms step_avg:209.30ms
step:3373/4740 train_time:705945ms step_avg:209.29ms
step:3374/4740 train_time:706266ms step_avg:209.33ms
step:3375/4740 train_time:706445ms step_avg:209.32ms
step:3376/4740 train_time:706766ms step_avg:209.35ms
step:3377/4740 train_time:706955ms step_avg:209.34ms
step:3378/4740 train_time:707270ms step_avg:209.38ms
step:3379/4740 train_time:707458ms step_avg:209.37ms
step:3380/4740 train_time:707778ms step_avg:209.40ms
step:3381/4740 train_time:707961ms step_avg:209.39ms
step:3382/4740 train_time:708278ms step_avg:209.43ms
step:3383/4740 train_time:708463ms step_avg:209.42ms
step:3384/4740 train_time:708786ms step_avg:209.45ms
step:3385/4740 train_time:708967ms step_avg:209.44ms
step:3386/4740 train_time:709290ms step_avg:209.48ms
step:3387/4740 train_time:709475ms step_avg:209.47ms
step:3388/4740 train_time:709793ms step_avg:209.50ms
step:3389/4740 train_time:709979ms step_avg:209.50ms
step:3390/4740 train_time:710300ms step_avg:209.53ms
step:3391/4740 train_time:710485ms step_avg:209.52ms
step:3392/4740 train_time:710807ms step_avg:209.55ms
step:3393/4740 train_time:710988ms step_avg:209.55ms
step:3394/4740 train_time:711310ms step_avg:209.58ms
step:3395/4740 train_time:711496ms step_avg:209.57ms
step:3396/4740 train_time:711824ms step_avg:209.61ms
step:3397/4740 train_time:712006ms step_avg:209.60ms
step:3398/4740 train_time:712330ms step_avg:209.63ms
step:3399/4740 train_time:712509ms step_avg:209.62ms
step:3400/4740 train_time:712833ms step_avg:209.66ms
step:3401/4740 train_time:713018ms step_avg:209.65ms
step:3402/4740 train_time:713341ms step_avg:209.68ms
step:3403/4740 train_time:713524ms step_avg:209.68ms
step:3404/4740 train_time:713848ms step_avg:209.71ms
step:3405/4740 train_time:714028ms step_avg:209.70ms
step:3406/4740 train_time:714351ms step_avg:209.73ms
step:3407/4740 train_time:714532ms step_avg:209.72ms
step:3408/4740 train_time:714857ms step_avg:209.76ms
step:3409/4740 train_time:715038ms step_avg:209.75ms
step:3410/4740 train_time:715361ms step_avg:209.78ms
step:3411/4740 train_time:715544ms step_avg:209.78ms
step:3412/4740 train_time:715868ms step_avg:209.81ms
step:3413/4740 train_time:716052ms step_avg:209.80ms
step:3414/4740 train_time:716374ms step_avg:209.83ms
step:3415/4740 train_time:716556ms step_avg:209.83ms
step:3416/4740 train_time:716879ms step_avg:209.86ms
step:3417/4740 train_time:717063ms step_avg:209.85ms
step:3418/4740 train_time:717386ms step_avg:209.88ms
step:3419/4740 train_time:717565ms step_avg:209.88ms
step:3420/4740 train_time:717890ms step_avg:209.91ms
step:3421/4740 train_time:718073ms step_avg:209.90ms
step:3422/4740 train_time:718393ms step_avg:209.93ms
step:3423/4740 train_time:718579ms step_avg:209.93ms
step:3424/4740 train_time:718900ms step_avg:209.96ms
step:3425/4740 train_time:719081ms step_avg:209.95ms
step:3426/4740 train_time:719404ms step_avg:209.98ms
step:3427/4740 train_time:719585ms step_avg:209.98ms
step:3428/4740 train_time:719908ms step_avg:210.01ms
step:3429/4740 train_time:720091ms step_avg:210.00ms
step:3430/4740 train_time:720411ms step_avg:210.03ms
step:3431/4740 train_time:720597ms step_avg:210.03ms
step:3432/4740 train_time:720921ms step_avg:210.06ms
step:3433/4740 train_time:721103ms step_avg:210.05ms
step:3434/4740 train_time:721429ms step_avg:210.08ms
step:3435/4740 train_time:721607ms step_avg:210.07ms
step:3436/4740 train_time:721929ms step_avg:210.11ms
step:3437/4740 train_time:722112ms step_avg:210.10ms
step:3438/4740 train_time:722434ms step_avg:210.13ms
step:3439/4740 train_time:722614ms step_avg:210.12ms
step:3440/4740 train_time:722939ms step_avg:210.16ms
step:3441/4740 train_time:723124ms step_avg:210.15ms
step:3442/4740 train_time:723445ms step_avg:210.18ms
step:3443/4740 train_time:723626ms step_avg:210.17ms
step:3444/4740 train_time:723950ms step_avg:210.21ms
step:3445/4740 train_time:724133ms step_avg:210.20ms
step:3446/4740 train_time:724457ms step_avg:210.23ms
step:3447/4740 train_time:724636ms step_avg:210.22ms
step:3448/4740 train_time:724961ms step_avg:210.26ms
step:3449/4740 train_time:725143ms step_avg:210.25ms
step:3450/4740 train_time:725463ms step_avg:210.28ms
step:3451/4740 train_time:725647ms step_avg:210.27ms
step:3452/4740 train_time:725971ms step_avg:210.30ms
step:3453/4740 train_time:726154ms step_avg:210.30ms
step:3454/4740 train_time:726473ms step_avg:210.33ms
step:3455/4740 train_time:726655ms step_avg:210.32ms
step:3456/4740 train_time:726976ms step_avg:210.35ms
step:3457/4740 train_time:727158ms step_avg:210.34ms
step:3458/4740 train_time:727485ms step_avg:210.38ms
step:3459/4740 train_time:727667ms step_avg:210.37ms
step:3460/4740 train_time:727988ms step_avg:210.40ms
step:3461/4740 train_time:728175ms step_avg:210.39ms
step:3462/4740 train_time:728497ms step_avg:210.43ms
step:3463/4740 train_time:728679ms step_avg:210.42ms
step:3464/4740 train_time:729002ms step_avg:210.45ms
step:3465/4740 train_time:729188ms step_avg:210.44ms
step:3466/4740 train_time:729510ms step_avg:210.48ms
step:3467/4740 train_time:729694ms step_avg:210.47ms
step:3468/4740 train_time:730013ms step_avg:210.50ms
step:3469/4740 train_time:730202ms step_avg:210.49ms
step:3470/4740 train_time:730526ms step_avg:210.53ms
step:3471/4740 train_time:730704ms step_avg:210.52ms
step:3472/4740 train_time:731023ms step_avg:210.55ms
step:3473/4740 train_time:731209ms step_avg:210.54ms
step:3474/4740 train_time:731533ms step_avg:210.57ms
step:3475/4740 train_time:731712ms step_avg:210.56ms
step:3476/4740 train_time:732032ms step_avg:210.60ms
step:3477/4740 train_time:732217ms step_avg:210.59ms
step:3478/4740 train_time:732538ms step_avg:210.62ms
step:3479/4740 train_time:732724ms step_avg:210.61ms
step:3480/4740 train_time:733047ms step_avg:210.65ms
step:3481/4740 train_time:733225ms step_avg:210.64ms
step:3482/4740 train_time:733549ms step_avg:210.67ms
step:3483/4740 train_time:733731ms step_avg:210.66ms
step:3484/4740 train_time:734053ms step_avg:210.69ms
step:3485/4740 train_time:734236ms step_avg:210.68ms
step:3486/4740 train_time:734558ms step_avg:210.72ms
step:3487/4740 train_time:734740ms step_avg:210.71ms
step:3488/4740 train_time:735064ms step_avg:210.74ms
step:3489/4740 train_time:735245ms step_avg:210.73ms
step:3490/4740 train_time:735568ms step_avg:210.76ms
step:3491/4740 train_time:735749ms step_avg:210.76ms
step:3492/4740 train_time:736070ms step_avg:210.79ms
step:3493/4740 train_time:736253ms step_avg:210.78ms
step:3494/4740 train_time:736578ms step_avg:210.81ms
step:3495/4740 train_time:736760ms step_avg:210.80ms
step:3496/4740 train_time:737079ms step_avg:210.83ms
step:3497/4740 train_time:737262ms step_avg:210.83ms
step:3498/4740 train_time:737582ms step_avg:210.86ms
step:3499/4740 train_time:737769ms step_avg:210.85ms
step:3500/4740 train_time:738091ms step_avg:210.88ms
step:3500/4740 val_loss:3.0610 train_time:738217ms step_avg:210.92ms
step:3501/4740 train_time:738274ms step_avg:210.88ms
step:3502/4740 train_time:738599ms step_avg:210.91ms
step:3503/4740 train_time:738785ms step_avg:210.90ms
step:3504/4740 train_time:739102ms step_avg:210.93ms
step:3505/4740 train_time:739282ms step_avg:210.92ms
step:3506/4740 train_time:739607ms step_avg:210.95ms
step:3507/4740 train_time:739795ms step_avg:210.95ms
step:3508/4740 train_time:740115ms step_avg:210.98ms
step:3509/4740 train_time:740294ms step_avg:210.97ms
step:3510/4740 train_time:740621ms step_avg:211.00ms
step:3511/4740 train_time:740802ms step_avg:210.99ms
step:3512/4740 train_time:741125ms step_avg:211.03ms
step:3513/4740 train_time:741307ms step_avg:211.02ms
step:3514/4740 train_time:741628ms step_avg:211.05ms
step:3515/4740 train_time:741812ms step_avg:211.04ms
step:3516/4740 train_time:742134ms step_avg:211.07ms
step:3517/4740 train_time:742315ms step_avg:211.06ms
step:3518/4740 train_time:742637ms step_avg:211.10ms
step:3519/4740 train_time:742820ms step_avg:211.09ms
step:3520/4740 train_time:743144ms step_avg:211.12ms
step:3521/4740 train_time:743326ms step_avg:211.11ms
step:3522/4740 train_time:743647ms step_avg:211.14ms
step:3523/4740 train_time:743830ms step_avg:211.14ms
step:3524/4740 train_time:744156ms step_avg:211.17ms
step:3525/4740 train_time:744335ms step_avg:211.16ms
step:3526/4740 train_time:744658ms step_avg:211.19ms
step:3527/4740 train_time:744839ms step_avg:211.18ms
step:3528/4740 train_time:745159ms step_avg:211.21ms
step:3529/4740 train_time:745344ms step_avg:211.21ms
step:3530/4740 train_time:745662ms step_avg:211.24ms
step:3531/4740 train_time:745848ms step_avg:211.23ms
step:3532/4740 train_time:746170ms step_avg:211.26ms
step:3533/4740 train_time:746351ms step_avg:211.25ms
step:3534/4740 train_time:746675ms step_avg:211.28ms
step:3535/4740 train_time:746856ms step_avg:211.27ms
step:3536/4740 train_time:747183ms step_avg:211.31ms
step:3537/4740 train_time:747363ms step_avg:211.30ms
step:3538/4740 train_time:747683ms step_avg:211.33ms
step:3539/4740 train_time:747866ms step_avg:211.32ms
step:3540/4740 train_time:748190ms step_avg:211.35ms
step:3541/4740 train_time:748373ms step_avg:211.35ms
step:3542/4740 train_time:748696ms step_avg:211.38ms
step:3543/4740 train_time:748875ms step_avg:211.37ms
step:3544/4740 train_time:749196ms step_avg:211.40ms
step:3545/4740 train_time:749377ms step_avg:211.39ms
step:3546/4740 train_time:749700ms step_avg:211.42ms
step:3547/4740 train_time:749886ms step_avg:211.41ms
step:3548/4740 train_time:750208ms step_avg:211.45ms
step:3549/4740 train_time:750390ms step_avg:211.44ms
step:3550/4740 train_time:750716ms step_avg:211.47ms
step:3551/4740 train_time:750895ms step_avg:211.46ms
step:3552/4740 train_time:751218ms step_avg:211.49ms
step:3553/4740 train_time:751401ms step_avg:211.48ms
step:3554/4740 train_time:751723ms step_avg:211.51ms
step:3555/4740 train_time:751907ms step_avg:211.51ms
step:3556/4740 train_time:752233ms step_avg:211.54ms
step:3557/4740 train_time:752415ms step_avg:211.53ms
step:3558/4740 train_time:752737ms step_avg:211.56ms
step:3559/4740 train_time:752921ms step_avg:211.55ms
step:3560/4740 train_time:753242ms step_avg:211.58ms
step:3561/4740 train_time:753426ms step_avg:211.58ms
step:3562/4740 train_time:753748ms step_avg:211.61ms
step:3563/4740 train_time:753928ms step_avg:211.60ms
step:3564/4740 train_time:754248ms step_avg:211.63ms
step:3565/4740 train_time:754432ms step_avg:211.62ms
step:3566/4740 train_time:754752ms step_avg:211.65ms
step:3567/4740 train_time:754939ms step_avg:211.65ms
step:3568/4740 train_time:755254ms step_avg:211.67ms
step:3569/4740 train_time:755440ms step_avg:211.67ms
step:3570/4740 train_time:755760ms step_avg:211.70ms
step:3571/4740 train_time:755939ms step_avg:211.69ms
step:3572/4740 train_time:756259ms step_avg:211.72ms
step:3573/4740 train_time:756442ms step_avg:211.71ms
step:3574/4740 train_time:756764ms step_avg:211.74ms
step:3575/4740 train_time:756945ms step_avg:211.73ms
step:3576/4740 train_time:757265ms step_avg:211.76ms
step:3577/4740 train_time:757450ms step_avg:211.76ms
step:3578/4740 train_time:757773ms step_avg:211.79ms
step:3579/4740 train_time:757957ms step_avg:211.78ms
step:3580/4740 train_time:758279ms step_avg:211.81ms
step:3581/4740 train_time:758462ms step_avg:211.80ms
step:3582/4740 train_time:758788ms step_avg:211.83ms
step:3583/4740 train_time:758971ms step_avg:211.83ms
step:3584/4740 train_time:759292ms step_avg:211.86ms
step:3585/4740 train_time:759475ms step_avg:211.85ms
step:3586/4740 train_time:759795ms step_avg:211.88ms
step:3587/4740 train_time:759982ms step_avg:211.87ms
step:3588/4740 train_time:760301ms step_avg:211.90ms
step:3589/4740 train_time:760486ms step_avg:211.89ms
step:3590/4740 train_time:760804ms step_avg:211.92ms
step:3591/4740 train_time:760990ms step_avg:211.92ms
step:3592/4740 train_time:761310ms step_avg:211.95ms
step:3593/4740 train_time:761495ms step_avg:211.94ms
step:3594/4740 train_time:761819ms step_avg:211.97ms
step:3595/4740 train_time:761998ms step_avg:211.96ms
step:3596/4740 train_time:762320ms step_avg:211.99ms
step:3597/4740 train_time:762505ms step_avg:211.98ms
step:3598/4740 train_time:762822ms step_avg:212.01ms
step:3599/4740 train_time:763010ms step_avg:212.01ms
step:3600/4740 train_time:763332ms step_avg:212.04ms
step:3601/4740 train_time:763516ms step_avg:212.03ms
step:3602/4740 train_time:763836ms step_avg:212.06ms
step:3603/4740 train_time:764021ms step_avg:212.05ms
step:3604/4740 train_time:764343ms step_avg:212.08ms
step:3605/4740 train_time:764523ms step_avg:212.07ms
step:3606/4740 train_time:764843ms step_avg:212.10ms
step:3607/4740 train_time:765027ms step_avg:212.10ms
step:3608/4740 train_time:765350ms step_avg:212.13ms
step:3609/4740 train_time:765534ms step_avg:212.12ms
step:3610/4740 train_time:765854ms step_avg:212.15ms
step:3611/4740 train_time:766038ms step_avg:212.14ms
step:3612/4740 train_time:766359ms step_avg:212.17ms
step:3613/4740 train_time:766540ms step_avg:212.16ms
step:3614/4740 train_time:766864ms step_avg:212.19ms
step:3615/4740 train_time:767046ms step_avg:212.18ms
step:3616/4740 train_time:767368ms step_avg:212.21ms
step:3617/4740 train_time:767557ms step_avg:212.21ms
step:3618/4740 train_time:767881ms step_avg:212.24ms
step:3619/4740 train_time:768062ms step_avg:212.23ms
step:3620/4740 train_time:768386ms step_avg:212.26ms
step:3621/4740 train_time:768567ms step_avg:212.25ms
step:3622/4740 train_time:768888ms step_avg:212.28ms
step:3623/4740 train_time:769073ms step_avg:212.28ms
step:3624/4740 train_time:769395ms step_avg:212.31ms
step:3625/4740 train_time:769580ms step_avg:212.30ms
step:3626/4740 train_time:769899ms step_avg:212.33ms
step:3627/4740 train_time:770087ms step_avg:212.32ms
step:3628/4740 train_time:770409ms step_avg:212.35ms
step:3629/4740 train_time:770592ms step_avg:212.34ms
step:3630/4740 train_time:770917ms step_avg:212.37ms
step:3631/4740 train_time:771097ms step_avg:212.36ms
step:3632/4740 train_time:771422ms step_avg:212.40ms
step:3633/4740 train_time:771605ms step_avg:212.39ms
step:3634/4740 train_time:771927ms step_avg:212.42ms
step:3635/4740 train_time:772108ms step_avg:212.41ms
step:3636/4740 train_time:772433ms step_avg:212.44ms
step:3637/4740 train_time:772616ms step_avg:212.43ms
step:3638/4740 train_time:772938ms step_avg:212.46ms
step:3639/4740 train_time:773118ms step_avg:212.45ms
step:3640/4740 train_time:773441ms step_avg:212.48ms
step:3641/4740 train_time:773622ms step_avg:212.48ms
step:3642/4740 train_time:773939ms step_avg:212.50ms
step:3643/4740 train_time:774126ms step_avg:212.50ms
step:3644/4740 train_time:774447ms step_avg:212.53ms
step:3645/4740 train_time:774634ms step_avg:212.52ms
step:3646/4740 train_time:774954ms step_avg:212.55ms
step:3647/4740 train_time:775137ms step_avg:212.54ms
step:3648/4740 train_time:775461ms step_avg:212.57ms
step:3649/4740 train_time:775649ms step_avg:212.56ms
step:3650/4740 train_time:775970ms step_avg:212.59ms
step:3651/4740 train_time:776153ms step_avg:212.59ms
step:3652/4740 train_time:776477ms step_avg:212.62ms
step:3653/4740 train_time:776659ms step_avg:212.61ms
step:3654/4740 train_time:776981ms step_avg:212.64ms
step:3655/4740 train_time:777161ms step_avg:212.63ms
step:3656/4740 train_time:777485ms step_avg:212.66ms
step:3657/4740 train_time:777666ms step_avg:212.65ms
step:3658/4740 train_time:777987ms step_avg:212.68ms
step:3659/4740 train_time:778171ms step_avg:212.67ms
step:3660/4740 train_time:778493ms step_avg:212.70ms
step:3661/4740 train_time:778680ms step_avg:212.70ms
step:3662/4740 train_time:779003ms step_avg:212.73ms
step:3663/4740 train_time:779186ms step_avg:212.72ms
step:3664/4740 train_time:779514ms step_avg:212.75ms
step:3665/4740 train_time:779701ms step_avg:212.74ms
step:3666/4740 train_time:780021ms step_avg:212.77ms
step:3667/4740 train_time:780203ms step_avg:212.76ms
step:3668/4740 train_time:780529ms step_avg:212.79ms
step:3669/4740 train_time:780708ms step_avg:212.79ms
step:3670/4740 train_time:781029ms step_avg:212.81ms
step:3671/4740 train_time:781212ms step_avg:212.81ms
step:3672/4740 train_time:781538ms step_avg:212.84ms
step:3673/4740 train_time:781718ms step_avg:212.83ms
step:3674/4740 train_time:782040ms step_avg:212.86ms
step:3675/4740 train_time:782218ms step_avg:212.85ms
step:3676/4740 train_time:782541ms step_avg:212.88ms
step:3677/4740 train_time:782721ms step_avg:212.87ms
step:3678/4740 train_time:783048ms step_avg:212.90ms
step:3679/4740 train_time:783227ms step_avg:212.89ms
step:3680/4740 train_time:783555ms step_avg:212.92ms
step:3681/4740 train_time:783735ms step_avg:212.91ms
step:3682/4740 train_time:784059ms step_avg:212.94ms
step:3683/4740 train_time:784239ms step_avg:212.93ms
step:3684/4740 train_time:784563ms step_avg:212.96ms
step:3685/4740 train_time:784742ms step_avg:212.96ms
step:3686/4740 train_time:785064ms step_avg:212.99ms
step:3687/4740 train_time:785249ms step_avg:212.98ms
step:3688/4740 train_time:785572ms step_avg:213.01ms
step:3689/4740 train_time:785751ms step_avg:213.00ms
step:3690/4740 train_time:786077ms step_avg:213.03ms
step:3691/4740 train_time:786256ms step_avg:213.02ms
step:3692/4740 train_time:786579ms step_avg:213.05ms
step:3693/4740 train_time:786759ms step_avg:213.04ms
step:3694/4740 train_time:787086ms step_avg:213.07ms
step:3695/4740 train_time:787265ms step_avg:213.06ms
step:3696/4740 train_time:787583ms step_avg:213.09ms
step:3697/4740 train_time:787769ms step_avg:213.08ms
step:3698/4740 train_time:788094ms step_avg:213.11ms
step:3699/4740 train_time:788270ms step_avg:213.10ms
step:3700/4740 train_time:788594ms step_avg:213.13ms
step:3701/4740 train_time:788776ms step_avg:213.13ms
step:3702/4740 train_time:789095ms step_avg:213.15ms
step:3703/4740 train_time:789280ms step_avg:213.15ms
step:3704/4740 train_time:789601ms step_avg:213.18ms
step:3705/4740 train_time:789785ms step_avg:213.17ms
step:3706/4740 train_time:790107ms step_avg:213.20ms
step:3707/4740 train_time:790290ms step_avg:213.19ms
step:3708/4740 train_time:790617ms step_avg:213.22ms
step:3709/4740 train_time:790793ms step_avg:213.21ms
step:3710/4740 train_time:791119ms step_avg:213.24ms
step:3711/4740 train_time:791298ms step_avg:213.23ms
step:3712/4740 train_time:791624ms step_avg:213.26ms
step:3713/4740 train_time:791803ms step_avg:213.25ms
step:3714/4740 train_time:792128ms step_avg:213.28ms
step:3715/4740 train_time:792308ms step_avg:213.27ms
step:3716/4740 train_time:792633ms step_avg:213.30ms
step:3717/4740 train_time:792813ms step_avg:213.29ms
step:3718/4740 train_time:793135ms step_avg:213.32ms
step:3719/4740 train_time:793317ms step_avg:213.31ms
step:3720/4740 train_time:793642ms step_avg:213.34ms
step:3721/4740 train_time:793821ms step_avg:213.34ms
step:3722/4740 train_time:794144ms step_avg:213.36ms
step:3723/4740 train_time:794328ms step_avg:213.36ms
step:3724/4740 train_time:794649ms step_avg:213.39ms
step:3725/4740 train_time:794832ms step_avg:213.38ms
step:3726/4740 train_time:795154ms step_avg:213.41ms
step:3727/4740 train_time:795340ms step_avg:213.40ms
step:3728/4740 train_time:795663ms step_avg:213.43ms
step:3729/4740 train_time:795842ms step_avg:213.42ms
step:3730/4740 train_time:796163ms step_avg:213.45ms
step:3731/4740 train_time:796351ms step_avg:213.44ms
step:3732/4740 train_time:796673ms step_avg:213.47ms
step:3733/4740 train_time:796856ms step_avg:213.46ms
step:3734/4740 train_time:797177ms step_avg:213.49ms
step:3735/4740 train_time:797364ms step_avg:213.48ms
step:3736/4740 train_time:797680ms step_avg:213.51ms
step:3737/4740 train_time:797865ms step_avg:213.50ms
step:3738/4740 train_time:798186ms step_avg:213.53ms
step:3739/4740 train_time:798372ms step_avg:213.53ms
step:3740/4740 train_time:798695ms step_avg:213.55ms
step:3741/4740 train_time:798874ms step_avg:213.55ms
step:3742/4740 train_time:799196ms step_avg:213.57ms
step:3743/4740 train_time:799384ms step_avg:213.57ms
step:3744/4740 train_time:799708ms step_avg:213.60ms
step:3745/4740 train_time:799888ms step_avg:213.59ms
step:3746/4740 train_time:800214ms step_avg:213.62ms
step:3747/4740 train_time:800397ms step_avg:213.61ms
step:3748/4740 train_time:800718ms step_avg:213.64ms
step:3749/4740 train_time:800896ms step_avg:213.63ms
step:3750/4740 train_time:801218ms step_avg:213.66ms
step:3750/4740 val_loss:3.0303 train_time:801347ms step_avg:213.69ms
step:3751/4740 train_time:801402ms step_avg:213.65ms
step:3752/4740 train_time:801726ms step_avg:213.68ms
step:3753/4740 train_time:801913ms step_avg:213.67ms
step:3754/4740 train_time:802231ms step_avg:213.70ms
step:3755/4740 train_time:802419ms step_avg:213.69ms
step:3756/4740 train_time:802740ms step_avg:213.72ms
step:3757/4740 train_time:802932ms step_avg:213.72ms
step:3758/4740 train_time:803248ms step_avg:213.74ms
step:3759/4740 train_time:803432ms step_avg:213.74ms
step:3760/4740 train_time:803755ms step_avg:213.76ms
step:3761/4740 train_time:803943ms step_avg:213.76ms
step:3762/4740 train_time:804260ms step_avg:213.79ms
step:3763/4740 train_time:804443ms step_avg:213.78ms
step:3764/4740 train_time:804767ms step_avg:213.81ms
step:3765/4740 train_time:804952ms step_avg:213.80ms
step:3766/4740 train_time:805272ms step_avg:213.83ms
step:3767/4740 train_time:805452ms step_avg:213.82ms
step:3768/4740 train_time:805778ms step_avg:213.85ms
step:3769/4740 train_time:805959ms step_avg:213.84ms
step:3770/4740 train_time:806278ms step_avg:213.87ms
step:3771/4740 train_time:806460ms step_avg:213.86ms
step:3772/4740 train_time:806781ms step_avg:213.89ms
step:3773/4740 train_time:806964ms step_avg:213.88ms
step:3774/4740 train_time:807282ms step_avg:213.91ms
step:3775/4740 train_time:807469ms step_avg:213.90ms
step:3776/4740 train_time:807793ms step_avg:213.93ms
step:3777/4740 train_time:807974ms step_avg:213.92ms
step:3778/4740 train_time:808297ms step_avg:213.95ms
step:3779/4740 train_time:808477ms step_avg:213.94ms
step:3780/4740 train_time:808801ms step_avg:213.97ms
step:3781/4740 train_time:808986ms step_avg:213.96ms
step:3782/4740 train_time:809310ms step_avg:213.99ms
step:3783/4740 train_time:809489ms step_avg:213.98ms
step:3784/4740 train_time:809811ms step_avg:214.01ms
step:3785/4740 train_time:809994ms step_avg:214.00ms
step:3786/4740 train_time:810314ms step_avg:214.03ms
step:3787/4740 train_time:810498ms step_avg:214.02ms
step:3788/4740 train_time:810821ms step_avg:214.05ms
step:3789/4740 train_time:811005ms step_avg:214.04ms
step:3790/4740 train_time:811331ms step_avg:214.07ms
step:3791/4740 train_time:811517ms step_avg:214.06ms
step:3792/4740 train_time:811841ms step_avg:214.09ms
step:3793/4740 train_time:812021ms step_avg:214.08ms
step:3794/4740 train_time:812342ms step_avg:214.11ms
step:3795/4740 train_time:812524ms step_avg:214.10ms
step:3796/4740 train_time:812845ms step_avg:214.13ms
step:3797/4740 train_time:813028ms step_avg:214.12ms
step:3798/4740 train_time:813353ms step_avg:214.15ms
step:3799/4740 train_time:813534ms step_avg:214.14ms
step:3800/4740 train_time:813858ms step_avg:214.17ms
step:3801/4740 train_time:814042ms step_avg:214.17ms
step:3802/4740 train_time:814365ms step_avg:214.19ms
step:3803/4740 train_time:814546ms step_avg:214.18ms
step:3804/4740 train_time:814870ms step_avg:214.21ms
step:3805/4740 train_time:815051ms step_avg:214.21ms
step:3806/4740 train_time:815371ms step_avg:214.23ms
step:3807/4740 train_time:815555ms step_avg:214.22ms
step:3808/4740 train_time:815879ms step_avg:214.25ms
step:3809/4740 train_time:816061ms step_avg:214.25ms
step:3810/4740 train_time:816381ms step_avg:214.27ms
step:3811/4740 train_time:816567ms step_avg:214.27ms
step:3812/4740 train_time:816886ms step_avg:214.29ms
step:3813/4740 train_time:817070ms step_avg:214.29ms
step:3814/4740 train_time:817394ms step_avg:214.31ms
step:3815/4740 train_time:817574ms step_avg:214.31ms
step:3816/4740 train_time:817892ms step_avg:214.33ms
step:3817/4740 train_time:818076ms step_avg:214.32ms
step:3818/4740 train_time:818398ms step_avg:214.35ms
step:3819/4740 train_time:818582ms step_avg:214.34ms
step:3820/4740 train_time:818905ms step_avg:214.37ms
step:3821/4740 train_time:819083ms step_avg:214.36ms
step:3822/4740 train_time:819408ms step_avg:214.39ms
step:3823/4740 train_time:819590ms step_avg:214.38ms
step:3824/4740 train_time:819914ms step_avg:214.41ms
step:3825/4740 train_time:820094ms step_avg:214.40ms
step:3826/4740 train_time:820418ms step_avg:214.43ms
step:3827/4740 train_time:820604ms step_avg:214.42ms
step:3828/4740 train_time:820925ms step_avg:214.45ms
step:3829/4740 train_time:821109ms step_avg:214.44ms
step:3830/4740 train_time:821428ms step_avg:214.47ms
step:3831/4740 train_time:821614ms step_avg:214.46ms
step:3832/4740 train_time:821937ms step_avg:214.49ms
step:3833/4740 train_time:822118ms step_avg:214.48ms
step:3834/4740 train_time:822435ms step_avg:214.51ms
step:3835/4740 train_time:822621ms step_avg:214.50ms
step:3836/4740 train_time:822942ms step_avg:214.53ms
step:3837/4740 train_time:823126ms step_avg:214.52ms
step:3838/4740 train_time:823451ms step_avg:214.55ms
step:3839/4740 train_time:823629ms step_avg:214.54ms
step:3840/4740 train_time:823947ms step_avg:214.57ms
step:3841/4740 train_time:824134ms step_avg:214.56ms
step:3842/4740 train_time:824458ms step_avg:214.59ms
step:3843/4740 train_time:824638ms step_avg:214.58ms
step:3844/4740 train_time:824961ms step_avg:214.61ms
step:3845/4740 train_time:825146ms step_avg:214.60ms
step:3846/4740 train_time:825468ms step_avg:214.63ms
step:3847/4740 train_time:825651ms step_avg:214.62ms
step:3848/4740 train_time:825974ms step_avg:214.65ms
step:3849/4740 train_time:826156ms step_avg:214.64ms
step:3850/4740 train_time:826479ms step_avg:214.67ms
step:3851/4740 train_time:826660ms step_avg:214.66ms
step:3852/4740 train_time:826983ms step_avg:214.69ms
step:3853/4740 train_time:827162ms step_avg:214.68ms
step:3854/4740 train_time:827483ms step_avg:214.71ms
step:3855/4740 train_time:827665ms step_avg:214.70ms
step:3856/4740 train_time:827990ms step_avg:214.73ms
step:3857/4740 train_time:828169ms step_avg:214.72ms
step:3858/4740 train_time:828488ms step_avg:214.75ms
step:3859/4740 train_time:828675ms step_avg:214.74ms
step:3860/4740 train_time:828998ms step_avg:214.77ms
step:3861/4740 train_time:829182ms step_avg:214.76ms
step:3862/4740 train_time:829503ms step_avg:214.79ms
step:3863/4740 train_time:829688ms step_avg:214.78ms
step:3864/4740 train_time:830011ms step_avg:214.81ms
step:3865/4740 train_time:830197ms step_avg:214.80ms
step:3866/4740 train_time:830521ms step_avg:214.83ms
step:3867/4740 train_time:830702ms step_avg:214.82ms
step:3868/4740 train_time:831024ms step_avg:214.85ms
step:3869/4740 train_time:831205ms step_avg:214.84ms
step:3870/4740 train_time:831526ms step_avg:214.86ms
step:3871/4740 train_time:831711ms step_avg:214.86ms
step:3872/4740 train_time:832035ms step_avg:214.89ms
step:3873/4740 train_time:832219ms step_avg:214.88ms
step:3874/4740 train_time:832542ms step_avg:214.91ms
step:3875/4740 train_time:832728ms step_avg:214.90ms
step:3876/4740 train_time:833049ms step_avg:214.92ms
step:3877/4740 train_time:833231ms step_avg:214.92ms
step:3878/4740 train_time:833553ms step_avg:214.94ms
step:3879/4740 train_time:833735ms step_avg:214.94ms
step:3880/4740 train_time:834059ms step_avg:214.96ms
step:3881/4740 train_time:834244ms step_avg:214.96ms
step:3882/4740 train_time:834569ms step_avg:214.98ms
step:3883/4740 train_time:834751ms step_avg:214.98ms
step:3884/4740 train_time:835074ms step_avg:215.00ms
step:3885/4740 train_time:835256ms step_avg:215.00ms
step:3886/4740 train_time:835580ms step_avg:215.02ms
step:3887/4740 train_time:835764ms step_avg:215.02ms
step:3888/4740 train_time:836088ms step_avg:215.04ms
step:3889/4740 train_time:836270ms step_avg:215.03ms
step:3890/4740 train_time:836591ms step_avg:215.06ms
step:3891/4740 train_time:836774ms step_avg:215.05ms
step:3892/4740 train_time:837099ms step_avg:215.08ms
step:3893/4740 train_time:837279ms step_avg:215.07ms
step:3894/4740 train_time:837604ms step_avg:215.10ms
step:3895/4740 train_time:837782ms step_avg:215.09ms
step:3896/4740 train_time:838104ms step_avg:215.12ms
step:3897/4740 train_time:838286ms step_avg:215.11ms
step:3898/4740 train_time:838607ms step_avg:215.14ms
step:3899/4740 train_time:838791ms step_avg:215.13ms
step:3900/4740 train_time:839116ms step_avg:215.16ms
step:3901/4740 train_time:839298ms step_avg:215.15ms
step:3902/4740 train_time:839626ms step_avg:215.18ms
step:3903/4740 train_time:839809ms step_avg:215.17ms
step:3904/4740 train_time:840133ms step_avg:215.20ms
step:3905/4740 train_time:840316ms step_avg:215.19ms
step:3906/4740 train_time:840640ms step_avg:215.22ms
step:3907/4740 train_time:840822ms step_avg:215.21ms
step:3908/4740 train_time:841143ms step_avg:215.24ms
step:3909/4740 train_time:841326ms step_avg:215.23ms
step:3910/4740 train_time:841645ms step_avg:215.25ms
step:3911/4740 train_time:841827ms step_avg:215.25ms
step:3912/4740 train_time:842149ms step_avg:215.27ms
step:3913/4740 train_time:842335ms step_avg:215.27ms
step:3914/4740 train_time:842660ms step_avg:215.29ms
step:3915/4740 train_time:842842ms step_avg:215.29ms
step:3916/4740 train_time:843169ms step_avg:215.31ms
step:3917/4740 train_time:843353ms step_avg:215.31ms
step:3918/4740 train_time:843678ms step_avg:215.33ms
step:3919/4740 train_time:843859ms step_avg:215.33ms
step:3920/4740 train_time:844181ms step_avg:215.35ms
step:3921/4740 train_time:844361ms step_avg:215.34ms
step:3922/4740 train_time:844682ms step_avg:215.37ms
step:3923/4740 train_time:844868ms step_avg:215.36ms
step:3924/4740 train_time:845188ms step_avg:215.39ms
step:3925/4740 train_time:845371ms step_avg:215.38ms
step:3926/4740 train_time:845693ms step_avg:215.41ms
step:3927/4740 train_time:845874ms step_avg:215.40ms
step:3928/4740 train_time:846196ms step_avg:215.43ms
step:3929/4740 train_time:846374ms step_avg:215.42ms
step:3930/4740 train_time:846701ms step_avg:215.45ms
step:3931/4740 train_time:846884ms step_avg:215.44ms
step:3932/4740 train_time:847205ms step_avg:215.46ms
step:3933/4740 train_time:847387ms step_avg:215.46ms
step:3934/4740 train_time:847711ms step_avg:215.48ms
step:3935/4740 train_time:847895ms step_avg:215.48ms
step:3936/4740 train_time:848221ms step_avg:215.50ms
step:3937/4740 train_time:848402ms step_avg:215.49ms
step:3938/4740 train_time:848727ms step_avg:215.52ms
step:3939/4740 train_time:848909ms step_avg:215.51ms
step:3940/4740 train_time:849231ms step_avg:215.54ms
step:3941/4740 train_time:849419ms step_avg:215.53ms
step:3942/4740 train_time:849743ms step_avg:215.56ms
step:3943/4740 train_time:849925ms step_avg:215.55ms
step:3944/4740 train_time:850244ms step_avg:215.58ms
step:3945/4740 train_time:850427ms step_avg:215.57ms
step:3946/4740 train_time:850753ms step_avg:215.60ms
step:3947/4740 train_time:850937ms step_avg:215.59ms
step:3948/4740 train_time:851254ms step_avg:215.62ms
step:3949/4740 train_time:851438ms step_avg:215.61ms
step:3950/4740 train_time:851761ms step_avg:215.64ms
step:3951/4740 train_time:851943ms step_avg:215.63ms
step:3952/4740 train_time:852265ms step_avg:215.65ms
step:3953/4740 train_time:852446ms step_avg:215.65ms
step:3954/4740 train_time:852771ms step_avg:215.67ms
step:3955/4740 train_time:852949ms step_avg:215.66ms
step:3956/4740 train_time:853272ms step_avg:215.69ms
step:3957/4740 train_time:853455ms step_avg:215.68ms
step:3958/4740 train_time:853776ms step_avg:215.71ms
step:3959/4740 train_time:853960ms step_avg:215.70ms
step:3960/4740 train_time:854282ms step_avg:215.73ms
step:3961/4740 train_time:854466ms step_avg:215.72ms
step:3962/4740 train_time:854785ms step_avg:215.75ms
step:3963/4740 train_time:854970ms step_avg:215.74ms
step:3964/4740 train_time:855288ms step_avg:215.76ms
step:3965/4740 train_time:855475ms step_avg:215.76ms
step:3966/4740 train_time:855799ms step_avg:215.78ms
step:3967/4740 train_time:855977ms step_avg:215.77ms
step:3968/4740 train_time:856304ms step_avg:215.80ms
step:3969/4740 train_time:856483ms step_avg:215.79ms
step:3970/4740 train_time:856805ms step_avg:215.82ms
step:3971/4740 train_time:856991ms step_avg:215.81ms
step:3972/4740 train_time:857312ms step_avg:215.84ms
step:3973/4740 train_time:857492ms step_avg:215.83ms
step:3974/4740 train_time:857814ms step_avg:215.86ms
step:3975/4740 train_time:858000ms step_avg:215.85ms
step:3976/4740 train_time:858323ms step_avg:215.88ms
step:3977/4740 train_time:858509ms step_avg:215.87ms
step:3978/4740 train_time:858830ms step_avg:215.89ms
step:3979/4740 train_time:859008ms step_avg:215.89ms
step:3980/4740 train_time:859331ms step_avg:215.91ms
step:3981/4740 train_time:859513ms step_avg:215.90ms
step:3982/4740 train_time:859833ms step_avg:215.93ms
step:3983/4740 train_time:860013ms step_avg:215.92ms
step:3984/4740 train_time:860337ms step_avg:215.95ms
step:3985/4740 train_time:860520ms step_avg:215.94ms
step:3986/4740 train_time:860840ms step_avg:215.97ms
step:3987/4740 train_time:861024ms step_avg:215.96ms
step:3988/4740 train_time:861344ms step_avg:215.98ms
step:3989/4740 train_time:861531ms step_avg:215.98ms
step:3990/4740 train_time:861852ms step_avg:216.00ms
step:3991/4740 train_time:862036ms step_avg:215.99ms
step:3992/4740 train_time:862358ms step_avg:216.02ms
step:3993/4740 train_time:862543ms step_avg:216.01ms
step:3994/4740 train_time:862865ms step_avg:216.04ms
step:3995/4740 train_time:863049ms step_avg:216.03ms
step:3996/4740 train_time:863367ms step_avg:216.06ms
step:3997/4740 train_time:863556ms step_avg:216.05ms
step:3998/4740 train_time:863880ms step_avg:216.08ms
step:3999/4740 train_time:864061ms step_avg:216.07ms
step:4000/4740 train_time:864381ms step_avg:216.10ms
step:4000/4740 val_loss:3.0016 train_time:864511ms step_avg:216.13ms
step:4001/4740 train_time:864567ms step_avg:216.09ms
step:4002/4740 train_time:864894ms step_avg:216.12ms
step:4003/4740 train_time:865077ms step_avg:216.11ms
step:4004/4740 train_time:865396ms step_avg:216.13ms
step:4005/4740 train_time:865577ms step_avg:216.12ms
step:4006/4740 train_time:865905ms step_avg:216.15ms
step:4007/4740 train_time:866091ms step_avg:216.14ms
step:4008/4740 train_time:866410ms step_avg:216.17ms
step:4009/4740 train_time:866594ms step_avg:216.16ms
step:4010/4740 train_time:866918ms step_avg:216.19ms
step:4011/4740 train_time:867103ms step_avg:216.18ms
step:4012/4740 train_time:867425ms step_avg:216.21ms
step:4013/4740 train_time:867606ms step_avg:216.20ms
step:4014/4740 train_time:867928ms step_avg:216.23ms
step:4015/4740 train_time:868115ms step_avg:216.22ms
step:4016/4740 train_time:868435ms step_avg:216.24ms
step:4017/4740 train_time:868618ms step_avg:216.24ms
step:4018/4740 train_time:868943ms step_avg:216.26ms
step:4019/4740 train_time:869128ms step_avg:216.25ms
step:4020/4740 train_time:869452ms step_avg:216.28ms
step:4021/4740 train_time:869630ms step_avg:216.27ms
step:4022/4740 train_time:869955ms step_avg:216.30ms
step:4023/4740 train_time:870134ms step_avg:216.29ms
step:4024/4740 train_time:870453ms step_avg:216.32ms
step:4025/4740 train_time:870637ms step_avg:216.31ms
step:4026/4740 train_time:870956ms step_avg:216.33ms
step:4027/4740 train_time:871141ms step_avg:216.33ms
step:4028/4740 train_time:871464ms step_avg:216.35ms
step:4029/4740 train_time:871648ms step_avg:216.34ms
step:4030/4740 train_time:871970ms step_avg:216.37ms
step:4031/4740 train_time:872154ms step_avg:216.36ms
step:4032/4740 train_time:872477ms step_avg:216.39ms
step:4033/4740 train_time:872657ms step_avg:216.38ms
step:4034/4740 train_time:872977ms step_avg:216.40ms
step:4035/4740 train_time:873161ms step_avg:216.40ms
step:4036/4740 train_time:873486ms step_avg:216.42ms
step:4037/4740 train_time:873671ms step_avg:216.42ms
step:4038/4740 train_time:873992ms step_avg:216.44ms
step:4039/4740 train_time:874178ms step_avg:216.43ms
step:4040/4740 train_time:874499ms step_avg:216.46ms
step:4041/4740 train_time:874683ms step_avg:216.45ms
step:4042/4740 train_time:875005ms step_avg:216.48ms
step:4043/4740 train_time:875190ms step_avg:216.47ms
step:4044/4740 train_time:875510ms step_avg:216.50ms
step:4045/4740 train_time:875693ms step_avg:216.49ms
step:4046/4740 train_time:876016ms step_avg:216.51ms
step:4047/4740 train_time:876197ms step_avg:216.51ms
step:4048/4740 train_time:876518ms step_avg:216.53ms
step:4049/4740 train_time:876702ms step_avg:216.52ms
step:4050/4740 train_time:877025ms step_avg:216.55ms
step:4051/4740 train_time:877207ms step_avg:216.54ms
step:4052/4740 train_time:877525ms step_avg:216.57ms
step:4053/4740 train_time:877712ms step_avg:216.56ms
step:4054/4740 train_time:878032ms step_avg:216.58ms
step:4055/4740 train_time:878216ms step_avg:216.58ms
step:4056/4740 train_time:878536ms step_avg:216.60ms
step:4057/4740 train_time:878721ms step_avg:216.59ms
step:4058/4740 train_time:879044ms step_avg:216.62ms
step:4059/4740 train_time:879230ms step_avg:216.61ms
step:4060/4740 train_time:879552ms step_avg:216.64ms
step:4061/4740 train_time:879734ms step_avg:216.63ms
step:4062/4740 train_time:880057ms step_avg:216.66ms
step:4063/4740 train_time:880241ms step_avg:216.65ms
step:4064/4740 train_time:880563ms step_avg:216.67ms
step:4065/4740 train_time:880746ms step_avg:216.67ms
step:4066/4740 train_time:881069ms step_avg:216.69ms
step:4067/4740 train_time:881250ms step_avg:216.68ms
step:4068/4740 train_time:881568ms step_avg:216.71ms
step:4069/4740 train_time:881752ms step_avg:216.70ms
step:4070/4740 train_time:882075ms step_avg:216.73ms
step:4071/4740 train_time:882260ms step_avg:216.72ms
step:4072/4740 train_time:882583ms step_avg:216.74ms
step:4073/4740 train_time:882765ms step_avg:216.74ms
step:4074/4740 train_time:883089ms step_avg:216.76ms
step:4075/4740 train_time:883271ms step_avg:216.75ms
step:4076/4740 train_time:883594ms step_avg:216.78ms
step:4077/4740 train_time:883781ms step_avg:216.77ms
step:4078/4740 train_time:884106ms step_avg:216.80ms
step:4079/4740 train_time:884287ms step_avg:216.79ms
step:4080/4740 train_time:884609ms step_avg:216.82ms
step:4081/4740 train_time:884795ms step_avg:216.81ms
step:4082/4740 train_time:885116ms step_avg:216.83ms
step:4083/4740 train_time:885296ms step_avg:216.82ms
step:4084/4740 train_time:885618ms step_avg:216.85ms
step:4085/4740 train_time:885800ms step_avg:216.84ms
step:4086/4740 train_time:886125ms step_avg:216.87ms
step:4087/4740 train_time:886305ms step_avg:216.86ms
step:4088/4740 train_time:886626ms step_avg:216.88ms
step:4089/4740 train_time:886810ms step_avg:216.88ms
step:4090/4740 train_time:887130ms step_avg:216.90ms
step:4091/4740 train_time:887315ms step_avg:216.89ms
step:4092/4740 train_time:887632ms step_avg:216.92ms
step:4093/4740 train_time:887818ms step_avg:216.91ms
step:4094/4740 train_time:888140ms step_avg:216.94ms
step:4095/4740 train_time:888324ms step_avg:216.93ms
step:4096/4740 train_time:888651ms step_avg:216.96ms
step:4097/4740 train_time:888832ms step_avg:216.95ms
step:4098/4740 train_time:889153ms step_avg:216.97ms
step:4099/4740 train_time:889333ms step_avg:216.96ms
step:4100/4740 train_time:889657ms step_avg:216.99ms
step:4101/4740 train_time:889838ms step_avg:216.98ms
step:4102/4740 train_time:890162ms step_avg:217.01ms
step:4103/4740 train_time:890343ms step_avg:217.00ms
step:4104/4740 train_time:890666ms step_avg:217.02ms
step:4105/4740 train_time:890851ms step_avg:217.02ms
step:4106/4740 train_time:891170ms step_avg:217.04ms
step:4107/4740 train_time:891352ms step_avg:217.03ms
step:4108/4740 train_time:891672ms step_avg:217.06ms
step:4109/4740 train_time:891856ms step_avg:217.05ms
step:4110/4740 train_time:892177ms step_avg:217.07ms
step:4111/4740 train_time:892358ms step_avg:217.07ms
step:4112/4740 train_time:892682ms step_avg:217.09ms
step:4113/4740 train_time:892864ms step_avg:217.08ms
step:4114/4740 train_time:893183ms step_avg:217.11ms
step:4115/4740 train_time:893369ms step_avg:217.10ms
step:4116/4740 train_time:893691ms step_avg:217.13ms
step:4117/4740 train_time:893872ms step_avg:217.12ms
step:4118/4740 train_time:894195ms step_avg:217.14ms
step:4119/4740 train_time:894379ms step_avg:217.14ms
step:4120/4740 train_time:894703ms step_avg:217.16ms
step:4121/4740 train_time:894888ms step_avg:217.15ms
step:4122/4740 train_time:895210ms step_avg:217.18ms
step:4123/4740 train_time:895393ms step_avg:217.17ms
step:4124/4740 train_time:895715ms step_avg:217.20ms
step:4125/4740 train_time:895898ms step_avg:217.19ms
step:4126/4740 train_time:896221ms step_avg:217.21ms
step:4127/4740 train_time:896404ms step_avg:217.20ms
step:4128/4740 train_time:896724ms step_avg:217.23ms
step:4129/4740 train_time:896912ms step_avg:217.22ms
step:4130/4740 train_time:897232ms step_avg:217.25ms
step:4131/4740 train_time:897416ms step_avg:217.24ms
step:4132/4740 train_time:897735ms step_avg:217.26ms
step:4133/4740 train_time:897925ms step_avg:217.26ms
step:4134/4740 train_time:898245ms step_avg:217.28ms
step:4135/4740 train_time:898432ms step_avg:217.28ms
step:4136/4740 train_time:898753ms step_avg:217.30ms
step:4137/4740 train_time:898937ms step_avg:217.29ms
step:4138/4740 train_time:899261ms step_avg:217.32ms
step:4139/4740 train_time:899444ms step_avg:217.31ms
step:4140/4740 train_time:899765ms step_avg:217.33ms
step:4141/4740 train_time:899948ms step_avg:217.33ms
step:4142/4740 train_time:900271ms step_avg:217.35ms
step:4143/4740 train_time:900453ms step_avg:217.34ms
step:4144/4740 train_time:900772ms step_avg:217.37ms
step:4145/4740 train_time:900957ms step_avg:217.36ms
step:4146/4740 train_time:901281ms step_avg:217.39ms
step:4147/4740 train_time:901463ms step_avg:217.38ms
step:4148/4740 train_time:901786ms step_avg:217.40ms
step:4149/4740 train_time:901966ms step_avg:217.39ms
step:4150/4740 train_time:902287ms step_avg:217.42ms
step:4151/4740 train_time:902470ms step_avg:217.41ms
step:4152/4740 train_time:902791ms step_avg:217.44ms
step:4153/4740 train_time:902975ms step_avg:217.43ms
step:4154/4740 train_time:903299ms step_avg:217.45ms
step:4155/4740 train_time:903483ms step_avg:217.44ms
step:4156/4740 train_time:903806ms step_avg:217.47ms
step:4157/4740 train_time:903989ms step_avg:217.46ms
step:4158/4740 train_time:904310ms step_avg:217.49ms
step:4159/4740 train_time:904492ms step_avg:217.48ms
step:4160/4740 train_time:904817ms step_avg:217.50ms
step:4161/4740 train_time:904998ms step_avg:217.50ms
step:4162/4740 train_time:905323ms step_avg:217.52ms
step:4163/4740 train_time:905510ms step_avg:217.51ms
step:4164/4740 train_time:905827ms step_avg:217.54ms
step:4165/4740 train_time:906017ms step_avg:217.53ms
step:4166/4740 train_time:906337ms step_avg:217.56ms
step:4167/4740 train_time:906521ms step_avg:217.55ms
step:4168/4740 train_time:906845ms step_avg:217.57ms
step:4169/4740 train_time:907026ms step_avg:217.56ms
step:4170/4740 train_time:907348ms step_avg:217.59ms
step:4171/4740 train_time:907531ms step_avg:217.58ms
step:4172/4740 train_time:907854ms step_avg:217.61ms
step:4173/4740 train_time:908038ms step_avg:217.60ms
step:4174/4740 train_time:908361ms step_avg:217.62ms
step:4175/4740 train_time:908546ms step_avg:217.62ms
step:4176/4740 train_time:908868ms step_avg:217.64ms
step:4177/4740 train_time:909052ms step_avg:217.63ms
step:4178/4740 train_time:909371ms step_avg:217.66ms
step:4179/4740 train_time:909554ms step_avg:217.65ms
step:4180/4740 train_time:909877ms step_avg:217.67ms
step:4181/4740 train_time:910063ms step_avg:217.67ms
step:4182/4740 train_time:910386ms step_avg:217.69ms
step:4183/4740 train_time:910567ms step_avg:217.68ms
step:4184/4740 train_time:910891ms step_avg:217.71ms
step:4185/4740 train_time:911074ms step_avg:217.70ms
step:4186/4740 train_time:911399ms step_avg:217.73ms
step:4187/4740 train_time:911576ms step_avg:217.72ms
step:4188/4740 train_time:911896ms step_avg:217.74ms
step:4189/4740 train_time:912078ms step_avg:217.73ms
step:4190/4740 train_time:912406ms step_avg:217.76ms
step:4191/4740 train_time:912582ms step_avg:217.75ms
step:4192/4740 train_time:912903ms step_avg:217.77ms
step:4193/4740 train_time:913088ms step_avg:217.76ms
step:4194/4740 train_time:913408ms step_avg:217.79ms
step:4195/4740 train_time:913590ms step_avg:217.78ms
step:4196/4740 train_time:913914ms step_avg:217.81ms
step:4197/4740 train_time:914099ms step_avg:217.80ms
step:4198/4740 train_time:914423ms step_avg:217.82ms
step:4199/4740 train_time:914610ms step_avg:217.82ms
step:4200/4740 train_time:914927ms step_avg:217.84ms
step:4201/4740 train_time:915115ms step_avg:217.83ms
step:4202/4740 train_time:915436ms step_avg:217.86ms
step:4203/4740 train_time:915621ms step_avg:217.85ms
step:4204/4740 train_time:915944ms step_avg:217.87ms
step:4205/4740 train_time:916128ms step_avg:217.87ms
step:4206/4740 train_time:916448ms step_avg:217.89ms
step:4207/4740 train_time:916633ms step_avg:217.88ms
step:4208/4740 train_time:916955ms step_avg:217.91ms
step:4209/4740 train_time:917138ms step_avg:217.90ms
step:4210/4740 train_time:917465ms step_avg:217.93ms
step:4211/4740 train_time:917645ms step_avg:217.92ms
step:4212/4740 train_time:917965ms step_avg:217.94ms
step:4213/4740 train_time:918147ms step_avg:217.93ms
step:4214/4740 train_time:918470ms step_avg:217.96ms
step:4215/4740 train_time:918653ms step_avg:217.95ms
step:4216/4740 train_time:918970ms step_avg:217.97ms
step:4217/4740 train_time:919157ms step_avg:217.96ms
step:4218/4740 train_time:919486ms step_avg:217.99ms
step:4219/4740 train_time:919668ms step_avg:217.98ms
step:4220/4740 train_time:919992ms step_avg:218.01ms
step:4221/4740 train_time:920173ms step_avg:218.00ms
step:4222/4740 train_time:920496ms step_avg:218.02ms
step:4223/4740 train_time:920675ms step_avg:218.01ms
step:4224/4740 train_time:921001ms step_avg:218.04ms
step:4225/4740 train_time:921181ms step_avg:218.03ms
step:4226/4740 train_time:921504ms step_avg:218.06ms
step:4227/4740 train_time:921687ms step_avg:218.05ms
step:4228/4740 train_time:922009ms step_avg:218.07ms
step:4229/4740 train_time:922190ms step_avg:218.06ms
step:4230/4740 train_time:922513ms step_avg:218.09ms
step:4231/4740 train_time:922695ms step_avg:218.08ms
step:4232/4740 train_time:923019ms step_avg:218.10ms
step:4233/4740 train_time:923206ms step_avg:218.10ms
step:4234/4740 train_time:923529ms step_avg:218.12ms
step:4235/4740 train_time:923707ms step_avg:218.11ms
step:4236/4740 train_time:924029ms step_avg:218.14ms
step:4237/4740 train_time:924208ms step_avg:218.13ms
step:4238/4740 train_time:924532ms step_avg:218.15ms
step:4239/4740 train_time:924717ms step_avg:218.15ms
step:4240/4740 train_time:925037ms step_avg:218.17ms
step:4241/4740 train_time:925220ms step_avg:218.16ms
step:4242/4740 train_time:925545ms step_avg:218.19ms
step:4243/4740 train_time:925724ms step_avg:218.18ms
step:4244/4740 train_time:926044ms step_avg:218.20ms
step:4245/4740 train_time:926229ms step_avg:218.19ms
step:4246/4740 train_time:926549ms step_avg:218.22ms
step:4247/4740 train_time:926734ms step_avg:218.21ms
step:4248/4740 train_time:927056ms step_avg:218.23ms
step:4249/4740 train_time:927242ms step_avg:218.23ms
step:4250/4740 train_time:927563ms step_avg:218.25ms
step:4250/4740 val_loss:2.9737 train_time:927693ms step_avg:218.28ms
step:4251/4740 train_time:927749ms step_avg:218.24ms
step:4252/4740 train_time:928079ms step_avg:218.27ms
step:4253/4740 train_time:928269ms step_avg:218.26ms
step:4254/4740 train_time:928587ms step_avg:218.29ms
step:4255/4740 train_time:928769ms step_avg:218.28ms
step:4256/4740 train_time:929094ms step_avg:218.30ms
step:4257/4740 train_time:929281ms step_avg:218.29ms
step:4258/4740 train_time:929597ms step_avg:218.32ms
step:4259/4740 train_time:929780ms step_avg:218.31ms
step:4260/4740 train_time:930107ms step_avg:218.33ms
step:4261/4740 train_time:930296ms step_avg:218.33ms
step:4262/4740 train_time:930615ms step_avg:218.35ms
step:4263/4740 train_time:930795ms step_avg:218.34ms
step:4264/4740 train_time:931120ms step_avg:218.37ms
step:4265/4740 train_time:931305ms step_avg:218.36ms
step:4266/4740 train_time:931625ms step_avg:218.38ms
step:4267/4740 train_time:931806ms step_avg:218.37ms
step:4268/4740 train_time:932128ms step_avg:218.40ms
step:4269/4740 train_time:932312ms step_avg:218.39ms
step:4270/4740 train_time:932634ms step_avg:218.42ms
step:4271/4740 train_time:932816ms step_avg:218.41ms
step:4272/4740 train_time:933140ms step_avg:218.43ms
step:4273/4740 train_time:933328ms step_avg:218.42ms
step:4274/4740 train_time:933651ms step_avg:218.45ms
step:4275/4740 train_time:933832ms step_avg:218.44ms
step:4276/4740 train_time:934155ms step_avg:218.46ms
step:4277/4740 train_time:934335ms step_avg:218.46ms
step:4278/4740 train_time:934660ms step_avg:218.48ms
step:4279/4740 train_time:934843ms step_avg:218.47ms
step:4280/4740 train_time:935163ms step_avg:218.50ms
step:4281/4740 train_time:935346ms step_avg:218.49ms
step:4282/4740 train_time:935668ms step_avg:218.51ms
step:4283/4740 train_time:935850ms step_avg:218.50ms
step:4284/4740 train_time:936174ms step_avg:218.53ms
step:4285/4740 train_time:936354ms step_avg:218.52ms
step:4286/4740 train_time:936677ms step_avg:218.54ms
step:4287/4740 train_time:936860ms step_avg:218.54ms
step:4288/4740 train_time:937185ms step_avg:218.56ms
step:4289/4740 train_time:937364ms step_avg:218.55ms
step:4290/4740 train_time:937685ms step_avg:218.57ms
step:4291/4740 train_time:937867ms step_avg:218.57ms
step:4292/4740 train_time:938194ms step_avg:218.59ms
step:4293/4740 train_time:938380ms step_avg:218.58ms
step:4294/4740 train_time:938703ms step_avg:218.61ms
step:4295/4740 train_time:938885ms step_avg:218.60ms
step:4296/4740 train_time:939208ms step_avg:218.62ms
step:4297/4740 train_time:939388ms step_avg:218.61ms
step:4298/4740 train_time:939713ms step_avg:218.64ms
step:4299/4740 train_time:939898ms step_avg:218.63ms
step:4300/4740 train_time:940219ms step_avg:218.66ms
step:4301/4740 train_time:940407ms step_avg:218.65ms
step:4302/4740 train_time:940727ms step_avg:218.67ms
step:4303/4740 train_time:940909ms step_avg:218.66ms
step:4304/4740 train_time:941233ms step_avg:218.69ms
step:4305/4740 train_time:941417ms step_avg:218.68ms
step:4306/4740 train_time:941739ms step_avg:218.70ms
step:4307/4740 train_time:941922ms step_avg:218.70ms
step:4308/4740 train_time:942246ms step_avg:218.72ms
step:4309/4740 train_time:942428ms step_avg:218.71ms
step:4310/4740 train_time:942748ms step_avg:218.74ms
step:4311/4740 train_time:942928ms step_avg:218.73ms
step:4312/4740 train_time:943255ms step_avg:218.75ms
step:4313/4740 train_time:943437ms step_avg:218.74ms
step:4314/4740 train_time:943757ms step_avg:218.77ms
step:4315/4740 train_time:943938ms step_avg:218.76ms
step:4316/4740 train_time:944263ms step_avg:218.78ms
step:4317/4740 train_time:944448ms step_avg:218.77ms
step:4318/4740 train_time:944768ms step_avg:218.80ms
step:4319/4740 train_time:944951ms step_avg:218.79ms
step:4320/4740 train_time:945277ms step_avg:218.81ms
step:4321/4740 train_time:945458ms step_avg:218.81ms
step:4322/4740 train_time:945783ms step_avg:218.83ms
step:4323/4740 train_time:945966ms step_avg:218.82ms
step:4324/4740 train_time:946291ms step_avg:218.85ms
step:4325/4740 train_time:946474ms step_avg:218.84ms
step:4326/4740 train_time:946796ms step_avg:218.86ms
step:4327/4740 train_time:946979ms step_avg:218.85ms
step:4328/4740 train_time:947302ms step_avg:218.88ms
step:4329/4740 train_time:947481ms step_avg:218.87ms
step:4330/4740 train_time:947798ms step_avg:218.89ms
step:4331/4740 train_time:947982ms step_avg:218.88ms
step:4332/4740 train_time:948305ms step_avg:218.91ms
step:4333/4740 train_time:948484ms step_avg:218.90ms
step:4334/4740 train_time:948807ms step_avg:218.92ms
step:4335/4740 train_time:948993ms step_avg:218.91ms
step:4336/4740 train_time:949314ms step_avg:218.94ms
step:4337/4740 train_time:949498ms step_avg:218.93ms
step:4338/4740 train_time:949821ms step_avg:218.95ms
step:4339/4740 train_time:950009ms step_avg:218.95ms
step:4340/4740 train_time:950328ms step_avg:218.97ms
step:4341/4740 train_time:950512ms step_avg:218.96ms
step:4342/4740 train_time:950831ms step_avg:218.98ms
step:4343/4740 train_time:951014ms step_avg:218.98ms
step:4344/4740 train_time:951338ms step_avg:219.00ms
step:4345/4740 train_time:951517ms step_avg:218.99ms
step:4346/4740 train_time:951838ms step_avg:219.01ms
step:4347/4740 train_time:952022ms step_avg:219.01ms
step:4348/4740 train_time:952344ms step_avg:219.03ms
step:4349/4740 train_time:952527ms step_avg:219.02ms
step:4350/4740 train_time:952852ms step_avg:219.05ms
step:4351/4740 train_time:953034ms step_avg:219.04ms
step:4352/4740 train_time:953354ms step_avg:219.06ms
step:4353/4740 train_time:953537ms step_avg:219.05ms
step:4354/4740 train_time:953859ms step_avg:219.08ms
step:4355/4740 train_time:954041ms step_avg:219.07ms
step:4356/4740 train_time:954360ms step_avg:219.09ms
step:4357/4740 train_time:954548ms step_avg:219.08ms
step:4358/4740 train_time:954872ms step_avg:219.11ms
step:4359/4740 train_time:955059ms step_avg:219.10ms
step:4360/4740 train_time:955381ms step_avg:219.12ms
step:4361/4740 train_time:955563ms step_avg:219.12ms
step:4362/4740 train_time:955886ms step_avg:219.14ms
step:4363/4740 train_time:956069ms step_avg:219.13ms
step:4364/4740 train_time:956394ms step_avg:219.16ms
step:4365/4740 train_time:956574ms step_avg:219.15ms
step:4366/4740 train_time:956896ms step_avg:219.17ms
step:4367/4740 train_time:957076ms step_avg:219.16ms
step:4368/4740 train_time:957402ms step_avg:219.19ms
step:4369/4740 train_time:957585ms step_avg:219.18ms
step:4370/4740 train_time:957902ms step_avg:219.20ms
step:4371/4740 train_time:958085ms step_avg:219.19ms
step:4372/4740 train_time:958407ms step_avg:219.21ms
step:4373/4740 train_time:958589ms step_avg:219.21ms
step:4374/4740 train_time:958909ms step_avg:219.23ms
step:4375/4740 train_time:959092ms step_avg:219.22ms
step:4376/4740 train_time:959415ms step_avg:219.24ms
step:4377/4740 train_time:959600ms step_avg:219.24ms
step:4378/4740 train_time:959918ms step_avg:219.26ms
step:4379/4740 train_time:960105ms step_avg:219.25ms
step:4380/4740 train_time:960426ms step_avg:219.28ms
step:4381/4740 train_time:960611ms step_avg:219.27ms
step:4382/4740 train_time:960934ms step_avg:219.29ms
step:4383/4740 train_time:961117ms step_avg:219.28ms
step:4384/4740 train_time:961439ms step_avg:219.31ms
step:4385/4740 train_time:961622ms step_avg:219.30ms
step:4386/4740 train_time:961944ms step_avg:219.32ms
step:4387/4740 train_time:962127ms step_avg:219.31ms
step:4388/4740 train_time:962452ms step_avg:219.34ms
step:4389/4740 train_time:962632ms step_avg:219.33ms
step:4390/4740 train_time:962955ms step_avg:219.35ms
step:4391/4740 train_time:963137ms step_avg:219.34ms
step:4392/4740 train_time:963460ms step_avg:219.37ms
step:4393/4740 train_time:963642ms step_avg:219.36ms
step:4394/4740 train_time:963961ms step_avg:219.38ms
step:4395/4740 train_time:964144ms step_avg:219.37ms
step:4396/4740 train_time:964465ms step_avg:219.40ms
step:4397/4740 train_time:964646ms step_avg:219.39ms
step:4398/4740 train_time:964968ms step_avg:219.41ms
step:4399/4740 train_time:965149ms step_avg:219.40ms
step:4400/4740 train_time:965477ms step_avg:219.43ms
step:4401/4740 train_time:965657ms step_avg:219.42ms
step:4402/4740 train_time:965985ms step_avg:219.44ms
step:4403/4740 train_time:966165ms step_avg:219.43ms
step:4404/4740 train_time:966490ms step_avg:219.46ms
step:4405/4740 train_time:966670ms step_avg:219.45ms
step:4406/4740 train_time:966994ms step_avg:219.47ms
step:4407/4740 train_time:967179ms step_avg:219.46ms
step:4408/4740 train_time:967505ms step_avg:219.49ms
step:4409/4740 train_time:967686ms step_avg:219.48ms
step:4410/4740 train_time:968007ms step_avg:219.50ms
step:4411/4740 train_time:968188ms step_avg:219.49ms
step:4412/4740 train_time:968512ms step_avg:219.52ms
step:4413/4740 train_time:968692ms step_avg:219.51ms
step:4414/4740 train_time:969015ms step_avg:219.53ms
step:4415/4740 train_time:969195ms step_avg:219.52ms
step:4416/4740 train_time:969519ms step_avg:219.55ms
step:4417/4740 train_time:969705ms step_avg:219.54ms
step:4418/4740 train_time:970024ms step_avg:219.56ms
step:4419/4740 train_time:970208ms step_avg:219.55ms
step:4420/4740 train_time:970530ms step_avg:219.58ms
step:4421/4740 train_time:970714ms step_avg:219.57ms
step:4422/4740 train_time:971035ms step_avg:219.59ms
step:4423/4740 train_time:971218ms step_avg:219.58ms
step:4424/4740 train_time:971543ms step_avg:219.61ms
step:4425/4740 train_time:971728ms step_avg:219.60ms
step:4426/4740 train_time:972048ms step_avg:219.62ms
step:4427/4740 train_time:972231ms step_avg:219.61ms
step:4428/4740 train_time:972556ms step_avg:219.64ms
step:4429/4740 train_time:972739ms step_avg:219.63ms
step:4430/4740 train_time:973061ms step_avg:219.65ms
step:4431/4740 train_time:973245ms step_avg:219.64ms
step:4432/4740 train_time:973567ms step_avg:219.67ms
step:4433/4740 train_time:973748ms step_avg:219.66ms
step:4434/4740 train_time:974071ms step_avg:219.68ms
step:4435/4740 train_time:974255ms step_avg:219.67ms
step:4436/4740 train_time:974574ms step_avg:219.70ms
step:4437/4740 train_time:974758ms step_avg:219.69ms
step:4438/4740 train_time:975084ms step_avg:219.71ms
step:4439/4740 train_time:975266ms step_avg:219.70ms
step:4440/4740 train_time:975589ms step_avg:219.73ms
step:4441/4740 train_time:975769ms step_avg:219.72ms
step:4442/4740 train_time:976094ms step_avg:219.74ms
step:4443/4740 train_time:976274ms step_avg:219.73ms
step:4444/4740 train_time:976596ms step_avg:219.76ms
step:4445/4740 train_time:976777ms step_avg:219.75ms
step:4446/4740 train_time:977096ms step_avg:219.77ms
step:4447/4740 train_time:977283ms step_avg:219.76ms
step:4448/4740 train_time:977603ms step_avg:219.78ms
step:4449/4740 train_time:977786ms step_avg:219.78ms
step:4450/4740 train_time:978106ms step_avg:219.80ms
step:4451/4740 train_time:978291ms step_avg:219.79ms
step:4452/4740 train_time:978615ms step_avg:219.81ms
step:4453/4740 train_time:978793ms step_avg:219.81ms
step:4454/4740 train_time:979120ms step_avg:219.83ms
step:4455/4740 train_time:979301ms step_avg:219.82ms
step:4456/4740 train_time:979622ms step_avg:219.84ms
step:4457/4740 train_time:979806ms step_avg:219.84ms
step:4458/4740 train_time:980127ms step_avg:219.86ms
step:4459/4740 train_time:980313ms step_avg:219.85ms
step:4460/4740 train_time:980637ms step_avg:219.87ms
step:4461/4740 train_time:980821ms step_avg:219.87ms
step:4462/4740 train_time:981142ms step_avg:219.89ms
step:4463/4740 train_time:981330ms step_avg:219.88ms
step:4464/4740 train_time:981655ms step_avg:219.90ms
step:4465/4740 train_time:981835ms step_avg:219.90ms
step:4466/4740 train_time:982156ms step_avg:219.92ms
step:4467/4740 train_time:982343ms step_avg:219.91ms
step:4468/4740 train_time:982662ms step_avg:219.93ms
step:4469/4740 train_time:982849ms step_avg:219.93ms
step:4470/4740 train_time:983171ms step_avg:219.95ms
step:4471/4740 train_time:983354ms step_avg:219.94ms
step:4472/4740 train_time:983675ms step_avg:219.96ms
step:4473/4740 train_time:983863ms step_avg:219.96ms
step:4474/4740 train_time:984186ms step_avg:219.98ms
step:4475/4740 train_time:984367ms step_avg:219.97ms
step:4476/4740 train_time:984688ms step_avg:219.99ms
step:4477/4740 train_time:984872ms step_avg:219.98ms
step:4478/4740 train_time:985197ms step_avg:220.01ms
step:4479/4740 train_time:985378ms step_avg:220.00ms
step:4480/4740 train_time:985702ms step_avg:220.02ms
step:4481/4740 train_time:985880ms step_avg:220.01ms
step:4482/4740 train_time:986203ms step_avg:220.04ms
step:4483/4740 train_time:986383ms step_avg:220.03ms
step:4484/4740 train_time:986704ms step_avg:220.05ms
step:4485/4740 train_time:986886ms step_avg:220.04ms
step:4486/4740 train_time:987210ms step_avg:220.06ms
step:4487/4740 train_time:987392ms step_avg:220.06ms
step:4488/4740 train_time:987717ms step_avg:220.08ms
step:4489/4740 train_time:987899ms step_avg:220.07ms
step:4490/4740 train_time:988221ms step_avg:220.09ms
step:4491/4740 train_time:988406ms step_avg:220.09ms
step:4492/4740 train_time:988726ms step_avg:220.11ms
step:4493/4740 train_time:988913ms step_avg:220.10ms
step:4494/4740 train_time:989236ms step_avg:220.12ms
step:4495/4740 train_time:989418ms step_avg:220.12ms
step:4496/4740 train_time:989740ms step_avg:220.14ms
step:4497/4740 train_time:989921ms step_avg:220.13ms
step:4498/4740 train_time:990248ms step_avg:220.15ms
step:4499/4740 train_time:990427ms step_avg:220.14ms
step:4500/4740 train_time:990751ms step_avg:220.17ms
step:4500/4740 val_loss:2.9486 train_time:990879ms step_avg:220.20ms
step:4501/4740 train_time:990935ms step_avg:220.16ms
step:4502/4740 train_time:991268ms step_avg:220.18ms
step:4503/4740 train_time:991455ms step_avg:220.18ms
step:4504/4740 train_time:991774ms step_avg:220.20ms
step:4505/4740 train_time:991957ms step_avg:220.19ms
step:4506/4740 train_time:992283ms step_avg:220.21ms
step:4507/4740 train_time:992476ms step_avg:220.21ms
step:4508/4740 train_time:992793ms step_avg:220.23ms
step:4509/4740 train_time:992974ms step_avg:220.22ms
step:4510/4740 train_time:993295ms step_avg:220.24ms
step:4511/4740 train_time:993483ms step_avg:220.24ms
step:4512/4740 train_time:993805ms step_avg:220.26ms
step:4513/4740 train_time:993989ms step_avg:220.25ms
step:4514/4740 train_time:994311ms step_avg:220.27ms
step:4515/4740 train_time:994493ms step_avg:220.26ms
step:4516/4740 train_time:994819ms step_avg:220.29ms
step:4517/4740 train_time:995000ms step_avg:220.28ms
step:4518/4740 train_time:995323ms step_avg:220.30ms
step:4519/4740 train_time:995505ms step_avg:220.29ms
step:4520/4740 train_time:995826ms step_avg:220.32ms
step:4521/4740 train_time:996008ms step_avg:220.31ms
step:4522/4740 train_time:996332ms step_avg:220.33ms
step:4523/4740 train_time:996517ms step_avg:220.32ms
step:4524/4740 train_time:996842ms step_avg:220.35ms
step:4525/4740 train_time:997024ms step_avg:220.34ms
step:4526/4740 train_time:997346ms step_avg:220.36ms
step:4527/4740 train_time:997532ms step_avg:220.35ms
step:4528/4740 train_time:997853ms step_avg:220.37ms
step:4529/4740 train_time:998035ms step_avg:220.37ms
step:4530/4740 train_time:998362ms step_avg:220.39ms
step:4531/4740 train_time:998543ms step_avg:220.38ms
step:4532/4740 train_time:998865ms step_avg:220.40ms
step:4533/4740 train_time:999051ms step_avg:220.40ms
step:4534/4740 train_time:999372ms step_avg:220.42ms
step:4535/4740 train_time:999554ms step_avg:220.41ms
step:4536/4740 train_time:999878ms step_avg:220.43ms
step:4537/4740 train_time:1000061ms step_avg:220.42ms
step:4538/4740 train_time:1000384ms step_avg:220.45ms
step:4539/4740 train_time:1000567ms step_avg:220.44ms
step:4540/4740 train_time:1000891ms step_avg:220.46ms
step:4541/4740 train_time:1001074ms step_avg:220.45ms
step:4542/4740 train_time:1001396ms step_avg:220.47ms
step:4543/4740 train_time:1001581ms step_avg:220.47ms
step:4544/4740 train_time:1001903ms step_avg:220.49ms
step:4545/4740 train_time:1002084ms step_avg:220.48ms
step:4546/4740 train_time:1002409ms step_avg:220.50ms
step:4547/4740 train_time:1002592ms step_avg:220.50ms
step:4548/4740 train_time:1002911ms step_avg:220.52ms
step:4549/4740 train_time:1003098ms step_avg:220.51ms
step:4550/4740 train_time:1003422ms step_avg:220.53ms
step:4551/4740 train_time:1003606ms step_avg:220.52ms
step:4552/4740 train_time:1003928ms step_avg:220.55ms
step:4553/4740 train_time:1004107ms step_avg:220.54ms
step:4554/4740 train_time:1004434ms step_avg:220.56ms
step:4555/4740 train_time:1004615ms step_avg:220.55ms
step:4556/4740 train_time:1004939ms step_avg:220.57ms
step:4557/4740 train_time:1005123ms step_avg:220.57ms
step:4558/4740 train_time:1005444ms step_avg:220.59ms
step:4559/4740 train_time:1005632ms step_avg:220.58ms
step:4560/4740 train_time:1005956ms step_avg:220.60ms
step:4561/4740 train_time:1006139ms step_avg:220.60ms
step:4562/4740 train_time:1006464ms step_avg:220.62ms
step:4563/4740 train_time:1006645ms step_avg:220.61ms
step:4564/4740 train_time:1006974ms step_avg:220.63ms
step:4565/4740 train_time:1007157ms step_avg:220.63ms
step:4566/4740 train_time:1007478ms step_avg:220.65ms
step:4567/4740 train_time:1007660ms step_avg:220.64ms
step:4568/4740 train_time:1007985ms step_avg:220.66ms
step:4569/4740 train_time:1008167ms step_avg:220.65ms
step:4570/4740 train_time:1008493ms step_avg:220.68ms
step:4571/4740 train_time:1008673ms step_avg:220.67ms
step:4572/4740 train_time:1008995ms step_avg:220.69ms
step:4573/4740 train_time:1009177ms step_avg:220.68ms
step:4574/4740 train_time:1009498ms step_avg:220.70ms
step:4575/4740 train_time:1009678ms step_avg:220.69ms
step:4576/4740 train_time:1010003ms step_avg:220.72ms
step:4577/4740 train_time:1010182ms step_avg:220.71ms
step:4578/4740 train_time:1010502ms step_avg:220.73ms
step:4579/4740 train_time:1010688ms step_avg:220.72ms
step:4580/4740 train_time:1011013ms step_avg:220.75ms
step:4581/4740 train_time:1011195ms step_avg:220.74ms
step:4582/4740 train_time:1011517ms step_avg:220.76ms
step:4583/4740 train_time:1011701ms step_avg:220.75ms
step:4584/4740 train_time:1012023ms step_avg:220.77ms
step:4585/4740 train_time:1012206ms step_avg:220.76ms
step:4586/4740 train_time:1012528ms step_avg:220.79ms
step:4587/4740 train_time:1012709ms step_avg:220.78ms
step:4588/4740 train_time:1013034ms step_avg:220.80ms
step:4589/4740 train_time:1013217ms step_avg:220.79ms
step:4590/4740 train_time:1013541ms step_avg:220.82ms
step:4591/4740 train_time:1013722ms step_avg:220.81ms
step:4592/4740 train_time:1014046ms step_avg:220.83ms
step:4593/4740 train_time:1014229ms step_avg:220.82ms
step:4594/4740 train_time:1014550ms step_avg:220.84ms
step:4595/4740 train_time:1014734ms step_avg:220.83ms
step:4596/4740 train_time:1015056ms step_avg:220.86ms
step:4597/4740 train_time:1015239ms step_avg:220.85ms
step:4598/4740 train_time:1015561ms step_avg:220.87ms
step:4599/4740 train_time:1015746ms step_avg:220.86ms
step:4600/4740 train_time:1016069ms step_avg:220.88ms
step:4601/4740 train_time:1016251ms step_avg:220.88ms
step:4602/4740 train_time:1016575ms step_avg:220.90ms
step:4603/4740 train_time:1016757ms step_avg:220.89ms
step:4604/4740 train_time:1017079ms step_avg:220.91ms
step:4605/4740 train_time:1017260ms step_avg:220.90ms
step:4606/4740 train_time:1017583ms step_avg:220.93ms
step:4607/4740 train_time:1017762ms step_avg:220.92ms
step:4608/4740 train_time:1018085ms step_avg:220.94ms
step:4609/4740 train_time:1018268ms step_avg:220.93ms
step:4610/4740 train_time:1018590ms step_avg:220.95ms
step:4611/4740 train_time:1018770ms step_avg:220.94ms
step:4612/4740 train_time:1019090ms step_avg:220.96ms
step:4613/4740 train_time:1019276ms step_avg:220.96ms
step:4614/4740 train_time:1019602ms step_avg:220.98ms
step:4615/4740 train_time:1019781ms step_avg:220.97ms
step:4616/4740 train_time:1020103ms step_avg:220.99ms
step:4617/4740 train_time:1020287ms step_avg:220.98ms
step:4618/4740 train_time:1020611ms step_avg:221.01ms
step:4619/4740 train_time:1020791ms step_avg:221.00ms
step:4620/4740 train_time:1021113ms step_avg:221.02ms
step:4621/4740 train_time:1021297ms step_avg:221.01ms
step:4622/4740 train_time:1021623ms step_avg:221.03ms
step:4623/4740 train_time:1021805ms step_avg:221.03ms
step:4624/4740 train_time:1022127ms step_avg:221.05ms
step:4625/4740 train_time:1022309ms step_avg:221.04ms
step:4626/4740 train_time:1022632ms step_avg:221.06ms
step:4627/4740 train_time:1022820ms step_avg:221.05ms
step:4628/4740 train_time:1023144ms step_avg:221.08ms
step:4629/4740 train_time:1023323ms step_avg:221.07ms
step:4630/4740 train_time:1023644ms step_avg:221.09ms
step:4631/4740 train_time:1023826ms step_avg:221.08ms
step:4632/4740 train_time:1024145ms step_avg:221.10ms
step:4633/4740 train_time:1024331ms step_avg:221.09ms
step:4634/4740 train_time:1024654ms step_avg:221.12ms
step:4635/4740 train_time:1024837ms step_avg:221.11ms
step:4636/4740 train_time:1025161ms step_avg:221.13ms
step:4637/4740 train_time:1025342ms step_avg:221.12ms
step:4638/4740 train_time:1025663ms step_avg:221.14ms
step:4639/4740 train_time:1025847ms step_avg:221.14ms
step:4640/4740 train_time:1026171ms step_avg:221.16ms
step:4641/4740 train_time:1026349ms step_avg:221.15ms
step:4642/4740 train_time:1026671ms step_avg:221.17ms
step:4643/4740 train_time:1026856ms step_avg:221.16ms
step:4644/4740 train_time:1027173ms step_avg:221.18ms
step:4645/4740 train_time:1027360ms step_avg:221.18ms
step:4646/4740 train_time:1027682ms step_avg:221.20ms
step:4647/4740 train_time:1027863ms step_avg:221.19ms
step:4648/4740 train_time:1028183ms step_avg:221.21ms
step:4649/4740 train_time:1028366ms step_avg:221.20ms
step:4650/4740 train_time:1028687ms step_avg:221.22ms
step:4651/4740 train_time:1028874ms step_avg:221.22ms
step:4652/4740 train_time:1029198ms step_avg:221.24ms
step:4653/4740 train_time:1029381ms step_avg:221.23ms
step:4654/4740 train_time:1029703ms step_avg:221.25ms
step:4655/4740 train_time:1029885ms step_avg:221.24ms
step:4656/4740 train_time:1030207ms step_avg:221.26ms
step:4657/4740 train_time:1030395ms step_avg:221.26ms
step:4658/4740 train_time:1030718ms step_avg:221.28ms
step:4659/4740 train_time:1030902ms step_avg:221.27ms
step:4660/4740 train_time:1031225ms step_avg:221.29ms
step:4661/4740 train_time:1031403ms step_avg:221.28ms
step:4662/4740 train_time:1031726ms step_avg:221.31ms
step:4663/4740 train_time:1031905ms step_avg:221.30ms
step:4664/4740 train_time:1032229ms step_avg:221.32ms
step:4665/4740 train_time:1032410ms step_avg:221.31ms
step:4666/4740 train_time:1032733ms step_avg:221.33ms
step:4667/4740 train_time:1032914ms step_avg:221.32ms
step:4668/4740 train_time:1033242ms step_avg:221.35ms
step:4669/4740 train_time:1033421ms step_avg:221.34ms
step:4670/4740 train_time:1033745ms step_avg:221.36ms
step:4671/4740 train_time:1033925ms step_avg:221.35ms
step:4672/4740 train_time:1034252ms step_avg:221.37ms
step:4673/4740 train_time:1034433ms step_avg:221.36ms
step:4674/4740 train_time:1034761ms step_avg:221.39ms
step:4675/4740 train_time:1034940ms step_avg:221.38ms
step:4676/4740 train_time:1035263ms step_avg:221.40ms
step:4677/4740 train_time:1035443ms step_avg:221.39ms
step:4678/4740 train_time:1035767ms step_avg:221.41ms
step:4679/4740 train_time:1035947ms step_avg:221.40ms
step:4680/4740 train_time:1036273ms step_avg:221.43ms
step:4681/4740 train_time:1036451ms step_avg:221.42ms
step:4682/4740 train_time:1036777ms step_avg:221.44ms
step:4683/4740 train_time:1036959ms step_avg:221.43ms
step:4684/4740 train_time:1037282ms step_avg:221.45ms
step:4685/4740 train_time:1037468ms step_avg:221.44ms
step:4686/4740 train_time:1037791ms step_avg:221.47ms
step:4687/4740 train_time:1037977ms step_avg:221.46ms
step:4688/4740 train_time:1038299ms step_avg:221.48ms
step:4689/4740 train_time:1038482ms step_avg:221.47ms
step:4690/4740 train_time:1038805ms step_avg:221.49ms
step:4691/4740 train_time:1038985ms step_avg:221.48ms
step:4692/4740 train_time:1039305ms step_avg:221.51ms
step:4693/4740 train_time:1039486ms step_avg:221.50ms
step:4694/4740 train_time:1039812ms step_avg:221.52ms
step:4695/4740 train_time:1039991ms step_avg:221.51ms
step:4696/4740 train_time:1040313ms step_avg:221.53ms
step:4697/4740 train_time:1040495ms step_avg:221.52ms
step:4698/4740 train_time:1040817ms step_avg:221.54ms
step:4699/4740 train_time:1041001ms step_avg:221.54ms
step:4700/4740 train_time:1041321ms step_avg:221.56ms
step:4701/4740 train_time:1041505ms step_avg:221.55ms
step:4702/4740 train_time:1041827ms step_avg:221.57ms
step:4703/4740 train_time:1042012ms step_avg:221.56ms
step:4704/4740 train_time:1042337ms step_avg:221.59ms
step:4705/4740 train_time:1042522ms step_avg:221.58ms
step:4706/4740 train_time:1042847ms step_avg:221.60ms
step:4707/4740 train_time:1043027ms step_avg:221.59ms
step:4708/4740 train_time:1043346ms step_avg:221.61ms
step:4709/4740 train_time:1043531ms step_avg:221.60ms
step:4710/4740 train_time:1043863ms step_avg:221.63ms
step:4711/4740 train_time:1044044ms step_avg:221.62ms
step:4712/4740 train_time:1044366ms step_avg:221.64ms
step:4713/4740 train_time:1044547ms step_avg:221.63ms
step:4714/4740 train_time:1044871ms step_avg:221.65ms
step:4715/4740 train_time:1045055ms step_avg:221.64ms
step:4716/4740 train_time:1045378ms step_avg:221.67ms
step:4717/4740 train_time:1045562ms step_avg:221.66ms
step:4718/4740 train_time:1045887ms step_avg:221.68ms
step:4719/4740 train_time:1046070ms step_avg:221.67ms
step:4720/4740 train_time:1046390ms step_avg:221.69ms
step:4721/4740 train_time:1046572ms step_avg:221.68ms
step:4722/4740 train_time:1046896ms step_avg:221.71ms
step:4723/4740 train_time:1047083ms step_avg:221.70ms
step:4724/4740 train_time:1047403ms step_avg:221.72ms
step:4725/4740 train_time:1047589ms step_avg:221.71ms
step:4726/4740 train_time:1047912ms step_avg:221.73ms
step:4727/4740 train_time:1048092ms step_avg:221.72ms
step:4728/4740 train_time:1048413ms step_avg:221.75ms
step:4729/4740 train_time:1048599ms step_avg:221.74ms
step:4730/4740 train_time:1048923ms step_avg:221.76ms
step:4731/4740 train_time:1049106ms step_avg:221.75ms
step:4732/4740 train_time:1049431ms step_avg:221.77ms
step:4733/4740 train_time:1049616ms step_avg:221.77ms
step:4734/4740 train_time:1049939ms step_avg:221.79ms
step:4735/4740 train_time:1050123ms step_avg:221.78ms
step:4736/4740 train_time:1050446ms step_avg:221.80ms
step:4737/4740 train_time:1050628ms step_avg:221.79ms
step:4738/4740 train_time:1050947ms step_avg:221.81ms
step:4739/4740 train_time:1051134ms step_avg:221.81ms
step:4740/4740 train_time:1051455ms step_avg:221.83ms
step:4740/4740 val_loss:2.9289 train_time:1051583ms step_avg:221.85ms
peak memory allocated: 57397 MiB reserved: 61892 MiB
