W0208 19:26:06.623000 2100455 torch/distributed/run.py:852] 
W0208 19:26:06.623000 2100455 torch/distributed/run.py:852] *****************************************
W0208 19:26:06.623000 2100455 torch/distributed/run.py:852] Setting OMP_NUM_THREADS environment variable for each process to be 1 in default, to avoid your system being overloaded, please further tune the variable for optimal performance in your application as needed. 
W0208 19:26:06.623000 2100455 torch/distributed/run.py:852] *****************************************
Fetching 4 files:   0%|          | 0/4 [00:00<?, ?it/s]Fetching 4 files: 100%|██████████| 4/4 [00:00<00:00, 27191.60it/s]
Fetching 4 files:   0%|          | 0/4 [00:00<?, ?it/s]Fetching 4 files: 100%|██████████| 4/4 [00:00<00:00, 56488.94it/s]
Fetching 4 files:   0%|          | 0/4 [00:00<?, ?it/s]Fetching 4 files: 100%|██████████| 4/4 [00:00<00:00, 72315.59it/s]
Fetching 4 files:   0%|          | 0/4 [00:00<?, ?it/s]Fetching 4 files: 100%|██████████| 4/4 [00:00<00:00, 67923.95it/s]
Fetching 4 files:   0%|          | 0/4 [00:00<?, ?it/s]Fetching 4 files: 100%|██████████| 4/4 [00:00<00:00, 13934.56it/s]
Fetching 4 files:   0%|          | 0/4 [00:00<?, ?it/s]Fetching 4 files: 100%|██████████| 4/4 [00:00<00:00, 10280.16it/s]
Fetching 4 files:   0%|          | 0/4 [00:00<?, ?it/s]Fetching 4 files: 100%|██████████| 4/4 [00:00<00:00, 52924.97it/s]
Fetching 4 files:   0%|          | 0/4 [00:00<?, ?it/s]Fetching 4 files: 100%|██████████| 4/4 [00:00<00:00, 15650.39it/s]
logs/sweep_muon0.017_adam0.008.txt
74
Compiling model and warming up kernels (~7 minutes on first execution)
Sampling steps [0, 1, 391, 392, 393, 783, 784, 785, 1174, 1175, 1176, 1566, 1567, 1568, 1958, 1959, 1960, 2349, 2350, 2351, 2741, 2742, 2743, 3133, 3134, 3135] for warmup
Resetting Model
step:0/4740 val_loss:10.8303 train_time:1ms step_avg:0.91ms
step:1/4740 train_time:93ms step_avg:93.21ms
step:2/4740 train_time:158ms step_avg:78.76ms
step:3/4740 train_time:216ms step_avg:71.93ms
step:4/4740 train_time:301ms step_avg:75.31ms
step:5/4740 train_time:361ms step_avg:72.19ms
step:6/4740 train_time:447ms step_avg:74.45ms
step:7/4740 train_time:506ms step_avg:72.27ms
step:8/4740 train_time:592ms step_avg:73.96ms
step:9/4740 train_time:651ms step_avg:72.34ms
step:10/4740 train_time:737ms step_avg:73.73ms
step:11/4740 train_time:796ms step_avg:72.39ms
step:12/4740 train_time:882ms step_avg:73.52ms
step:13/4740 train_time:942ms step_avg:72.47ms
step:14/4740 train_time:1029ms step_avg:73.51ms
step:15/4740 train_time:1091ms step_avg:72.75ms
step:16/4740 train_time:1178ms step_avg:73.65ms
step:17/4740 train_time:1238ms step_avg:72.85ms
step:18/4740 train_time:1324ms step_avg:73.58ms
step:19/4740 train_time:1384ms step_avg:72.86ms
step:20/4740 train_time:1471ms step_avg:73.53ms
step:21/4740 train_time:1530ms step_avg:72.86ms
step:22/4740 train_time:1616ms step_avg:73.47ms
step:23/4740 train_time:1675ms step_avg:72.85ms
step:24/4740 train_time:1762ms step_avg:73.40ms
step:25/4740 train_time:1821ms step_avg:72.84ms
step:26/4740 train_time:1907ms step_avg:73.34ms
step:27/4740 train_time:1966ms step_avg:72.83ms
step:28/4740 train_time:2053ms step_avg:73.33ms
step:29/4740 train_time:2113ms step_avg:72.86ms
step:30/4740 train_time:2200ms step_avg:73.34ms
step:31/4740 train_time:2260ms step_avg:72.90ms
step:32/4740 train_time:2346ms step_avg:73.33ms
step:33/4740 train_time:2407ms step_avg:72.94ms
step:34/4740 train_time:2493ms step_avg:73.33ms
step:35/4740 train_time:2553ms step_avg:72.94ms
step:36/4740 train_time:2639ms step_avg:73.31ms
step:37/4740 train_time:2699ms step_avg:72.94ms
step:38/4740 train_time:2785ms step_avg:73.28ms
step:39/4740 train_time:2845ms step_avg:72.94ms
step:40/4740 train_time:2931ms step_avg:73.27ms
step:41/4740 train_time:2990ms step_avg:72.93ms
step:42/4740 train_time:3078ms step_avg:73.28ms
step:43/4740 train_time:3139ms step_avg:72.99ms
step:44/4740 train_time:3225ms step_avg:73.30ms
step:45/4740 train_time:3286ms step_avg:73.03ms
step:46/4740 train_time:3372ms step_avg:73.31ms
step:47/4740 train_time:3432ms step_avg:73.01ms
step:48/4740 train_time:3519ms step_avg:73.31ms
step:49/4740 train_time:3578ms step_avg:73.03ms
step:50/4740 train_time:3664ms step_avg:73.29ms
step:51/4740 train_time:3725ms step_avg:73.04ms
step:52/4740 train_time:3811ms step_avg:73.30ms
step:53/4740 train_time:3872ms step_avg:73.05ms
step:54/4740 train_time:3958ms step_avg:73.29ms
step:55/4740 train_time:4017ms step_avg:73.04ms
step:56/4740 train_time:4104ms step_avg:73.29ms
step:57/4740 train_time:4164ms step_avg:73.06ms
step:58/4740 train_time:4251ms step_avg:73.29ms
step:59/4740 train_time:4311ms step_avg:73.06ms
step:60/4740 train_time:4397ms step_avg:73.28ms
step:61/4740 train_time:4456ms step_avg:73.06ms
step:62/4740 train_time:4543ms step_avg:73.28ms
step:63/4740 train_time:4603ms step_avg:73.06ms
step:64/4740 train_time:4689ms step_avg:73.27ms
step:65/4740 train_time:4749ms step_avg:73.06ms
step:66/4740 train_time:4836ms step_avg:73.27ms
step:67/4740 train_time:4897ms step_avg:73.08ms
step:68/4740 train_time:4983ms step_avg:73.28ms
step:69/4740 train_time:5043ms step_avg:73.09ms
step:70/4740 train_time:5129ms step_avg:73.28ms
step:71/4740 train_time:5189ms step_avg:73.09ms
step:72/4740 train_time:5276ms step_avg:73.28ms
step:73/4740 train_time:5335ms step_avg:73.08ms
step:74/4740 train_time:5422ms step_avg:73.27ms
step:75/4740 train_time:5482ms step_avg:73.10ms
step:76/4740 train_time:5569ms step_avg:73.27ms
step:77/4740 train_time:5628ms step_avg:73.10ms
step:78/4740 train_time:5715ms step_avg:73.27ms
step:79/4740 train_time:5774ms step_avg:73.09ms
step:80/4740 train_time:5861ms step_avg:73.27ms
step:81/4740 train_time:5921ms step_avg:73.10ms
step:82/4740 train_time:6008ms step_avg:73.27ms
step:83/4740 train_time:6067ms step_avg:73.10ms
step:84/4740 train_time:6155ms step_avg:73.27ms
step:85/4740 train_time:6214ms step_avg:73.10ms
step:86/4740 train_time:6300ms step_avg:73.25ms
step:87/4740 train_time:6359ms step_avg:73.09ms
step:88/4740 train_time:6445ms step_avg:73.24ms
step:89/4740 train_time:6505ms step_avg:73.09ms
step:90/4740 train_time:6592ms step_avg:73.24ms
step:91/4740 train_time:6651ms step_avg:73.09ms
step:92/4740 train_time:6738ms step_avg:73.24ms
step:93/4740 train_time:6798ms step_avg:73.09ms
step:94/4740 train_time:6884ms step_avg:73.23ms
step:95/4740 train_time:6944ms step_avg:73.09ms
step:96/4740 train_time:7031ms step_avg:73.24ms
step:97/4740 train_time:7090ms step_avg:73.09ms
step:98/4740 train_time:7176ms step_avg:73.22ms
step:99/4740 train_time:7236ms step_avg:73.09ms
step:100/4740 train_time:7323ms step_avg:73.23ms
step:101/4740 train_time:7383ms step_avg:73.10ms
step:102/4740 train_time:7469ms step_avg:73.22ms
step:103/4740 train_time:7529ms step_avg:73.09ms
step:104/4740 train_time:7615ms step_avg:73.22ms
step:105/4740 train_time:7674ms step_avg:73.09ms
step:106/4740 train_time:7762ms step_avg:73.22ms
step:107/4740 train_time:7820ms step_avg:73.09ms
step:108/4740 train_time:7906ms step_avg:73.20ms
step:109/4740 train_time:7966ms step_avg:73.08ms
step:110/4740 train_time:8052ms step_avg:73.20ms
step:111/4740 train_time:8112ms step_avg:73.08ms
step:112/4740 train_time:8198ms step_avg:73.19ms
step:113/4740 train_time:8257ms step_avg:73.07ms
step:114/4740 train_time:8344ms step_avg:73.19ms
step:115/4740 train_time:8404ms step_avg:73.08ms
step:116/4740 train_time:8490ms step_avg:73.19ms
step:117/4740 train_time:8551ms step_avg:73.09ms
step:118/4740 train_time:8638ms step_avg:73.20ms
step:119/4740 train_time:8697ms step_avg:73.09ms
step:120/4740 train_time:8783ms step_avg:73.19ms
step:121/4740 train_time:8843ms step_avg:73.08ms
step:122/4740 train_time:8929ms step_avg:73.19ms
step:123/4740 train_time:8989ms step_avg:73.08ms
step:124/4740 train_time:9075ms step_avg:73.19ms
step:125/4740 train_time:9134ms step_avg:73.08ms
step:126/4740 train_time:9221ms step_avg:73.18ms
step:127/4740 train_time:9281ms step_avg:73.08ms
step:128/4740 train_time:9367ms step_avg:73.18ms
step:129/4740 train_time:9427ms step_avg:73.08ms
step:130/4740 train_time:9513ms step_avg:73.18ms
step:131/4740 train_time:9573ms step_avg:73.07ms
step:132/4740 train_time:9659ms step_avg:73.17ms
step:133/4740 train_time:9719ms step_avg:73.08ms
step:134/4740 train_time:9806ms step_avg:73.18ms
step:135/4740 train_time:9866ms step_avg:73.09ms
step:136/4740 train_time:9952ms step_avg:73.18ms
step:137/4740 train_time:10012ms step_avg:73.08ms
step:138/4740 train_time:10099ms step_avg:73.18ms
step:139/4740 train_time:10158ms step_avg:73.08ms
step:140/4740 train_time:10245ms step_avg:73.18ms
step:141/4740 train_time:10304ms step_avg:73.08ms
step:142/4740 train_time:10390ms step_avg:73.17ms
step:143/4740 train_time:10450ms step_avg:73.08ms
step:144/4740 train_time:10537ms step_avg:73.17ms
step:145/4740 train_time:10596ms step_avg:73.07ms
step:146/4740 train_time:10682ms step_avg:73.16ms
step:147/4740 train_time:10741ms step_avg:73.07ms
step:148/4740 train_time:10829ms step_avg:73.17ms
step:149/4740 train_time:10888ms step_avg:73.07ms
step:150/4740 train_time:10974ms step_avg:73.16ms
step:151/4740 train_time:11034ms step_avg:73.07ms
step:152/4740 train_time:11122ms step_avg:73.17ms
step:153/4740 train_time:11182ms step_avg:73.08ms
step:154/4740 train_time:11268ms step_avg:73.17ms
step:155/4740 train_time:11327ms step_avg:73.08ms
step:156/4740 train_time:11414ms step_avg:73.16ms
step:157/4740 train_time:11473ms step_avg:73.07ms
step:158/4740 train_time:11559ms step_avg:73.16ms
step:159/4740 train_time:11619ms step_avg:73.07ms
step:160/4740 train_time:11705ms step_avg:73.15ms
step:161/4740 train_time:11765ms step_avg:73.08ms
step:162/4740 train_time:11852ms step_avg:73.16ms
step:163/4740 train_time:11911ms step_avg:73.07ms
step:164/4740 train_time:11997ms step_avg:73.15ms
step:165/4740 train_time:12056ms step_avg:73.07ms
step:166/4740 train_time:12143ms step_avg:73.15ms
step:167/4740 train_time:12202ms step_avg:73.07ms
step:168/4740 train_time:12289ms step_avg:73.15ms
step:169/4740 train_time:12349ms step_avg:73.07ms
step:170/4740 train_time:12434ms step_avg:73.14ms
step:171/4740 train_time:12493ms step_avg:73.06ms
step:172/4740 train_time:12579ms step_avg:73.13ms
step:173/4740 train_time:12639ms step_avg:73.06ms
step:174/4740 train_time:12725ms step_avg:73.13ms
step:175/4740 train_time:12785ms step_avg:73.05ms
step:176/4740 train_time:12870ms step_avg:73.13ms
step:177/4740 train_time:12930ms step_avg:73.05ms
step:178/4740 train_time:13018ms step_avg:73.13ms
step:179/4740 train_time:13077ms step_avg:73.05ms
step:180/4740 train_time:13164ms step_avg:73.13ms
step:181/4740 train_time:13224ms step_avg:73.06ms
step:182/4740 train_time:13309ms step_avg:73.13ms
step:183/4740 train_time:13369ms step_avg:73.05ms
step:184/4740 train_time:13455ms step_avg:73.12ms
step:185/4740 train_time:13514ms step_avg:73.05ms
step:186/4740 train_time:13600ms step_avg:73.12ms
step:187/4740 train_time:13660ms step_avg:73.05ms
step:188/4740 train_time:13747ms step_avg:73.12ms
step:189/4740 train_time:13807ms step_avg:73.05ms
step:190/4740 train_time:13892ms step_avg:73.12ms
step:191/4740 train_time:13951ms step_avg:73.04ms
step:192/4740 train_time:14038ms step_avg:73.11ms
step:193/4740 train_time:14097ms step_avg:73.04ms
step:194/4740 train_time:14183ms step_avg:73.11ms
step:195/4740 train_time:14242ms step_avg:73.04ms
step:196/4740 train_time:14328ms step_avg:73.10ms
step:197/4740 train_time:14388ms step_avg:73.03ms
step:198/4740 train_time:14473ms step_avg:73.10ms
step:199/4740 train_time:14533ms step_avg:73.03ms
step:200/4740 train_time:14619ms step_avg:73.09ms
step:201/4740 train_time:14678ms step_avg:73.02ms
step:202/4740 train_time:14764ms step_avg:73.09ms
step:203/4740 train_time:14824ms step_avg:73.02ms
step:204/4740 train_time:14910ms step_avg:73.09ms
step:205/4740 train_time:14969ms step_avg:73.02ms
step:206/4740 train_time:15055ms step_avg:73.08ms
step:207/4740 train_time:15114ms step_avg:73.02ms
step:208/4740 train_time:15201ms step_avg:73.08ms
step:209/4740 train_time:15260ms step_avg:73.02ms
step:210/4740 train_time:15347ms step_avg:73.08ms
step:211/4740 train_time:15406ms step_avg:73.02ms
step:212/4740 train_time:15492ms step_avg:73.08ms
step:213/4740 train_time:15551ms step_avg:73.01ms
step:214/4740 train_time:15638ms step_avg:73.07ms
step:215/4740 train_time:15698ms step_avg:73.01ms
step:216/4740 train_time:15784ms step_avg:73.08ms
step:217/4740 train_time:15844ms step_avg:73.02ms
step:218/4740 train_time:15930ms step_avg:73.07ms
step:219/4740 train_time:15989ms step_avg:73.01ms
step:220/4740 train_time:16076ms step_avg:73.07ms
step:221/4740 train_time:16135ms step_avg:73.01ms
step:222/4740 train_time:16220ms step_avg:73.07ms
step:223/4740 train_time:16281ms step_avg:73.01ms
step:224/4740 train_time:16367ms step_avg:73.07ms
step:225/4740 train_time:16427ms step_avg:73.01ms
step:226/4740 train_time:16512ms step_avg:73.06ms
step:227/4740 train_time:16571ms step_avg:73.00ms
step:228/4740 train_time:16657ms step_avg:73.06ms
step:229/4740 train_time:16717ms step_avg:73.00ms
step:230/4740 train_time:16803ms step_avg:73.05ms
step:231/4740 train_time:16862ms step_avg:72.99ms
step:232/4740 train_time:16948ms step_avg:73.05ms
step:233/4740 train_time:17007ms step_avg:72.99ms
step:234/4740 train_time:17094ms step_avg:73.05ms
step:235/4740 train_time:17153ms step_avg:72.99ms
step:236/4740 train_time:17240ms step_avg:73.05ms
step:237/4740 train_time:17299ms step_avg:72.99ms
step:238/4740 train_time:17385ms step_avg:73.05ms
step:239/4740 train_time:17445ms step_avg:72.99ms
step:240/4740 train_time:17531ms step_avg:73.04ms
step:241/4740 train_time:17590ms step_avg:72.99ms
step:242/4740 train_time:17675ms step_avg:73.04ms
step:243/4740 train_time:17734ms step_avg:72.98ms
step:244/4740 train_time:17821ms step_avg:73.04ms
step:245/4740 train_time:17880ms step_avg:72.98ms
step:246/4740 train_time:17965ms step_avg:73.03ms
step:247/4740 train_time:18024ms step_avg:72.97ms
step:248/4740 train_time:18110ms step_avg:73.02ms
step:249/4740 train_time:18170ms step_avg:72.97ms
step:250/4740 train_time:18255ms step_avg:73.02ms
step:250/4740 val_loss:4.5724 train_time:18300ms step_avg:73.20ms
step:251/4740 train_time:18336ms step_avg:73.05ms
step:252/4740 train_time:18402ms step_avg:73.02ms
step:253/4740 train_time:18461ms step_avg:72.97ms
step:254/4740 train_time:18547ms step_avg:73.02ms
step:255/4740 train_time:18609ms step_avg:72.97ms
step:256/4740 train_time:18696ms step_avg:73.03ms
step:257/4740 train_time:18757ms step_avg:72.99ms
step:258/4740 train_time:18844ms step_avg:73.04ms
step:259/4740 train_time:18903ms step_avg:72.99ms
step:260/4740 train_time:18989ms step_avg:73.04ms
step:261/4740 train_time:19049ms step_avg:72.98ms
step:262/4740 train_time:19134ms step_avg:73.03ms
step:263/4740 train_time:19193ms step_avg:72.98ms
step:264/4740 train_time:19281ms step_avg:73.03ms
step:265/4740 train_time:19340ms step_avg:72.98ms
step:266/4740 train_time:19427ms step_avg:73.03ms
step:267/4740 train_time:19486ms step_avg:72.98ms
step:268/4740 train_time:19571ms step_avg:73.03ms
step:269/4740 train_time:19631ms step_avg:72.98ms
step:270/4740 train_time:19718ms step_avg:73.03ms
step:271/4740 train_time:19777ms step_avg:72.98ms
step:272/4740 train_time:19865ms step_avg:73.03ms
step:273/4740 train_time:19924ms step_avg:72.98ms
step:274/4740 train_time:20009ms step_avg:73.03ms
step:275/4740 train_time:20069ms step_avg:72.98ms
step:276/4740 train_time:20155ms step_avg:73.02ms
step:277/4740 train_time:20214ms step_avg:72.98ms
step:278/4740 train_time:20300ms step_avg:73.02ms
step:279/4740 train_time:20359ms step_avg:72.97ms
step:280/4740 train_time:20444ms step_avg:73.01ms
step:281/4740 train_time:20503ms step_avg:72.96ms
step:282/4740 train_time:20589ms step_avg:73.01ms
step:283/4740 train_time:20648ms step_avg:72.96ms
step:284/4740 train_time:20734ms step_avg:73.01ms
step:285/4740 train_time:20794ms step_avg:72.96ms
step:286/4740 train_time:20880ms step_avg:73.01ms
step:287/4740 train_time:20940ms step_avg:72.96ms
step:288/4740 train_time:21026ms step_avg:73.01ms
step:289/4740 train_time:21085ms step_avg:72.96ms
step:290/4740 train_time:21172ms step_avg:73.01ms
step:291/4740 train_time:21231ms step_avg:72.96ms
step:292/4740 train_time:21316ms step_avg:73.00ms
step:293/4740 train_time:21375ms step_avg:72.95ms
step:294/4740 train_time:21460ms step_avg:72.99ms
step:295/4740 train_time:21519ms step_avg:72.95ms
step:296/4740 train_time:21606ms step_avg:72.99ms
step:297/4740 train_time:21665ms step_avg:72.95ms
step:298/4740 train_time:21750ms step_avg:72.99ms
step:299/4740 train_time:21810ms step_avg:72.94ms
step:300/4740 train_time:21896ms step_avg:72.99ms
step:301/4740 train_time:21956ms step_avg:72.94ms
step:302/4740 train_time:22041ms step_avg:72.98ms
step:303/4740 train_time:22101ms step_avg:72.94ms
step:304/4740 train_time:22187ms step_avg:72.98ms
step:305/4740 train_time:22246ms step_avg:72.94ms
step:306/4740 train_time:22332ms step_avg:72.98ms
step:307/4740 train_time:22392ms step_avg:72.94ms
step:308/4740 train_time:22477ms step_avg:72.98ms
step:309/4740 train_time:22536ms step_avg:72.93ms
step:310/4740 train_time:22623ms step_avg:72.98ms
step:311/4740 train_time:22683ms step_avg:72.94ms
step:312/4740 train_time:22769ms step_avg:72.98ms
step:313/4740 train_time:22827ms step_avg:72.93ms
step:314/4740 train_time:22913ms step_avg:72.97ms
step:315/4740 train_time:22972ms step_avg:72.93ms
step:316/4740 train_time:23058ms step_avg:72.97ms
step:317/4740 train_time:23118ms step_avg:72.93ms
step:318/4740 train_time:23203ms step_avg:72.97ms
step:319/4740 train_time:23262ms step_avg:72.92ms
step:320/4740 train_time:23348ms step_avg:72.96ms
step:321/4740 train_time:23407ms step_avg:72.92ms
step:322/4740 train_time:23493ms step_avg:72.96ms
step:323/4740 train_time:23552ms step_avg:72.92ms
step:324/4740 train_time:23638ms step_avg:72.96ms
step:325/4740 train_time:23698ms step_avg:72.92ms
step:326/4740 train_time:23784ms step_avg:72.96ms
step:327/4740 train_time:23843ms step_avg:72.91ms
step:328/4740 train_time:23928ms step_avg:72.95ms
step:329/4740 train_time:23989ms step_avg:72.91ms
step:330/4740 train_time:24075ms step_avg:72.95ms
step:331/4740 train_time:24134ms step_avg:72.91ms
step:332/4740 train_time:24220ms step_avg:72.95ms
step:333/4740 train_time:24279ms step_avg:72.91ms
step:334/4740 train_time:24365ms step_avg:72.95ms
step:335/4740 train_time:24424ms step_avg:72.91ms
step:336/4740 train_time:24509ms step_avg:72.94ms
step:337/4740 train_time:24568ms step_avg:72.90ms
step:338/4740 train_time:24653ms step_avg:72.94ms
step:339/4740 train_time:24713ms step_avg:72.90ms
step:340/4740 train_time:24799ms step_avg:72.94ms
step:341/4740 train_time:24858ms step_avg:72.90ms
step:342/4740 train_time:24944ms step_avg:72.93ms
step:343/4740 train_time:25004ms step_avg:72.90ms
step:344/4740 train_time:25089ms step_avg:72.93ms
step:345/4740 train_time:25149ms step_avg:72.90ms
step:346/4740 train_time:25234ms step_avg:72.93ms
step:347/4740 train_time:25294ms step_avg:72.89ms
step:348/4740 train_time:25379ms step_avg:72.93ms
step:349/4740 train_time:25438ms step_avg:72.89ms
step:350/4740 train_time:25525ms step_avg:72.93ms
step:351/4740 train_time:25584ms step_avg:72.89ms
step:352/4740 train_time:25670ms step_avg:72.93ms
step:353/4740 train_time:25729ms step_avg:72.89ms
step:354/4740 train_time:25814ms step_avg:72.92ms
step:355/4740 train_time:25874ms step_avg:72.88ms
step:356/4740 train_time:25960ms step_avg:72.92ms
step:357/4740 train_time:26019ms step_avg:72.88ms
step:358/4740 train_time:26106ms step_avg:72.92ms
step:359/4740 train_time:26165ms step_avg:72.88ms
step:360/4740 train_time:26251ms step_avg:72.92ms
step:361/4740 train_time:26310ms step_avg:72.88ms
step:362/4740 train_time:26396ms step_avg:72.92ms
step:363/4740 train_time:26455ms step_avg:72.88ms
step:364/4740 train_time:26542ms step_avg:72.92ms
step:365/4740 train_time:26601ms step_avg:72.88ms
step:366/4740 train_time:26687ms step_avg:72.91ms
step:367/4740 train_time:26745ms step_avg:72.88ms
step:368/4740 train_time:26831ms step_avg:72.91ms
step:369/4740 train_time:26891ms step_avg:72.87ms
step:370/4740 train_time:26976ms step_avg:72.91ms
step:371/4740 train_time:27036ms step_avg:72.87ms
step:372/4740 train_time:27122ms step_avg:72.91ms
step:373/4740 train_time:27180ms step_avg:72.87ms
step:374/4740 train_time:27267ms step_avg:72.91ms
step:375/4740 train_time:27326ms step_avg:72.87ms
step:376/4740 train_time:27411ms step_avg:72.90ms
step:377/4740 train_time:27471ms step_avg:72.87ms
step:378/4740 train_time:27557ms step_avg:72.90ms
step:379/4740 train_time:27616ms step_avg:72.87ms
step:380/4740 train_time:27701ms step_avg:72.90ms
step:381/4740 train_time:27760ms step_avg:72.86ms
step:382/4740 train_time:27846ms step_avg:72.90ms
step:383/4740 train_time:27905ms step_avg:72.86ms
step:384/4740 train_time:27991ms step_avg:72.89ms
step:385/4740 train_time:28051ms step_avg:72.86ms
step:386/4740 train_time:28137ms step_avg:72.89ms
step:387/4740 train_time:28196ms step_avg:72.86ms
step:388/4740 train_time:28282ms step_avg:72.89ms
step:389/4740 train_time:28341ms step_avg:72.86ms
step:390/4740 train_time:28427ms step_avg:72.89ms
step:391/4740 train_time:28486ms step_avg:72.85ms
step:392/4740 train_time:28571ms step_avg:72.89ms
step:393/4740 train_time:28644ms step_avg:72.89ms
step:394/4740 train_time:28802ms step_avg:73.10ms
step:395/4740 train_time:28904ms step_avg:73.17ms
step:396/4740 train_time:29063ms step_avg:73.39ms
step:397/4740 train_time:29165ms step_avg:73.46ms
step:398/4740 train_time:29323ms step_avg:73.68ms
step:399/4740 train_time:29424ms step_avg:73.75ms
step:400/4740 train_time:29584ms step_avg:73.96ms
step:401/4740 train_time:29684ms step_avg:74.02ms
step:402/4740 train_time:29841ms step_avg:74.23ms
step:403/4740 train_time:29945ms step_avg:74.31ms
step:404/4740 train_time:30103ms step_avg:74.51ms
step:405/4740 train_time:30206ms step_avg:74.58ms
step:406/4740 train_time:30364ms step_avg:74.79ms
step:407/4740 train_time:30465ms step_avg:74.85ms
step:408/4740 train_time:30625ms step_avg:75.06ms
step:409/4740 train_time:30724ms step_avg:75.12ms
step:410/4740 train_time:30882ms step_avg:75.32ms
step:411/4740 train_time:30983ms step_avg:75.38ms
step:412/4740 train_time:31143ms step_avg:75.59ms
step:413/4740 train_time:31244ms step_avg:75.65ms
step:414/4740 train_time:31402ms step_avg:75.85ms
step:415/4740 train_time:31503ms step_avg:75.91ms
step:416/4740 train_time:31661ms step_avg:76.11ms
step:417/4740 train_time:31762ms step_avg:76.17ms
step:418/4740 train_time:31920ms step_avg:76.36ms
step:419/4740 train_time:32022ms step_avg:76.42ms
step:420/4740 train_time:32181ms step_avg:76.62ms
step:421/4740 train_time:32283ms step_avg:76.68ms
step:422/4740 train_time:32442ms step_avg:76.88ms
step:423/4740 train_time:32543ms step_avg:76.93ms
step:424/4740 train_time:32703ms step_avg:77.13ms
step:425/4740 train_time:32804ms step_avg:77.19ms
step:426/4740 train_time:32963ms step_avg:77.38ms
step:427/4740 train_time:33064ms step_avg:77.43ms
step:428/4740 train_time:33223ms step_avg:77.62ms
step:429/4740 train_time:33324ms step_avg:77.68ms
step:430/4740 train_time:33482ms step_avg:77.86ms
step:431/4740 train_time:33583ms step_avg:77.92ms
step:432/4740 train_time:33743ms step_avg:78.11ms
step:433/4740 train_time:33844ms step_avg:78.16ms
step:434/4740 train_time:34003ms step_avg:78.35ms
step:435/4740 train_time:34104ms step_avg:78.40ms
step:436/4740 train_time:34262ms step_avg:78.58ms
step:437/4740 train_time:34364ms step_avg:78.64ms
step:438/4740 train_time:34524ms step_avg:78.82ms
step:439/4740 train_time:34624ms step_avg:78.87ms
step:440/4740 train_time:34782ms step_avg:79.05ms
step:441/4740 train_time:34883ms step_avg:79.10ms
step:442/4740 train_time:35042ms step_avg:79.28ms
step:443/4740 train_time:35144ms step_avg:79.33ms
step:444/4740 train_time:35303ms step_avg:79.51ms
step:445/4740 train_time:35405ms step_avg:79.56ms
step:446/4740 train_time:35563ms step_avg:79.74ms
step:447/4740 train_time:35664ms step_avg:79.79ms
step:448/4740 train_time:35824ms step_avg:79.96ms
step:449/4740 train_time:35926ms step_avg:80.01ms
step:450/4740 train_time:36085ms step_avg:80.19ms
step:451/4740 train_time:36185ms step_avg:80.23ms
step:452/4740 train_time:36343ms step_avg:80.41ms
step:453/4740 train_time:36444ms step_avg:80.45ms
step:454/4740 train_time:36603ms step_avg:80.62ms
step:455/4740 train_time:36704ms step_avg:80.67ms
step:456/4740 train_time:36863ms step_avg:80.84ms
step:457/4740 train_time:36964ms step_avg:80.88ms
step:458/4740 train_time:37123ms step_avg:81.06ms
step:459/4740 train_time:37224ms step_avg:81.10ms
step:460/4740 train_time:37383ms step_avg:81.27ms
step:461/4740 train_time:37485ms step_avg:81.31ms
step:462/4740 train_time:37644ms step_avg:81.48ms
step:463/4740 train_time:37744ms step_avg:81.52ms
step:464/4740 train_time:37902ms step_avg:81.69ms
step:465/4740 train_time:38004ms step_avg:81.73ms
step:466/4740 train_time:38163ms step_avg:81.89ms
step:467/4740 train_time:38265ms step_avg:81.94ms
step:468/4740 train_time:38423ms step_avg:82.10ms
step:469/4740 train_time:38525ms step_avg:82.14ms
step:470/4740 train_time:38684ms step_avg:82.31ms
step:471/4740 train_time:38785ms step_avg:82.35ms
step:472/4740 train_time:38944ms step_avg:82.51ms
step:473/4740 train_time:39044ms step_avg:82.55ms
step:474/4740 train_time:39203ms step_avg:82.71ms
step:475/4740 train_time:39304ms step_avg:82.74ms
step:476/4740 train_time:39463ms step_avg:82.91ms
step:477/4740 train_time:39564ms step_avg:82.94ms
step:478/4740 train_time:39723ms step_avg:83.10ms
step:479/4740 train_time:39825ms step_avg:83.14ms
step:480/4740 train_time:39984ms step_avg:83.30ms
step:481/4740 train_time:40085ms step_avg:83.34ms
step:482/4740 train_time:40243ms step_avg:83.49ms
step:483/4740 train_time:40344ms step_avg:83.53ms
step:484/4740 train_time:40502ms step_avg:83.68ms
step:485/4740 train_time:40603ms step_avg:83.72ms
step:486/4740 train_time:40762ms step_avg:83.87ms
step:487/4740 train_time:40863ms step_avg:83.91ms
step:488/4740 train_time:41022ms step_avg:84.06ms
step:489/4740 train_time:41122ms step_avg:84.09ms
step:490/4740 train_time:41281ms step_avg:84.25ms
step:491/4740 train_time:41382ms step_avg:84.28ms
step:492/4740 train_time:41542ms step_avg:84.44ms
step:493/4740 train_time:41643ms step_avg:84.47ms
step:494/4740 train_time:41802ms step_avg:84.62ms
step:495/4740 train_time:41903ms step_avg:84.65ms
step:496/4740 train_time:42062ms step_avg:84.80ms
step:497/4740 train_time:42164ms step_avg:84.84ms
step:498/4740 train_time:42323ms step_avg:84.99ms
step:499/4740 train_time:42424ms step_avg:85.02ms
step:500/4740 train_time:42582ms step_avg:85.16ms
step:500/4740 val_loss:4.0864 train_time:42656ms step_avg:85.31ms
step:501/4740 train_time:42688ms step_avg:85.21ms
step:502/4740 train_time:42842ms step_avg:85.34ms
step:503/4740 train_time:42946ms step_avg:85.38ms
step:504/4740 train_time:43107ms step_avg:85.53ms
step:505/4740 train_time:43208ms step_avg:85.56ms
step:506/4740 train_time:43364ms step_avg:85.70ms
step:507/4740 train_time:43464ms step_avg:85.73ms
step:508/4740 train_time:43625ms step_avg:85.88ms
step:509/4740 train_time:43731ms step_avg:85.92ms
step:510/4740 train_time:43890ms step_avg:86.06ms
step:511/4740 train_time:43993ms step_avg:86.09ms
step:512/4740 train_time:44152ms step_avg:86.23ms
step:513/4740 train_time:44254ms step_avg:86.27ms
step:514/4740 train_time:44412ms step_avg:86.40ms
step:515/4740 train_time:44512ms step_avg:86.43ms
step:516/4740 train_time:44671ms step_avg:86.57ms
step:517/4740 train_time:44773ms step_avg:86.60ms
step:518/4740 train_time:44931ms step_avg:86.74ms
step:519/4740 train_time:45033ms step_avg:86.77ms
step:520/4740 train_time:45194ms step_avg:86.91ms
step:521/4740 train_time:45295ms step_avg:86.94ms
step:522/4740 train_time:45453ms step_avg:87.07ms
step:523/4740 train_time:45553ms step_avg:87.10ms
step:524/4740 train_time:45712ms step_avg:87.24ms
step:525/4740 train_time:45816ms step_avg:87.27ms
step:526/4740 train_time:45977ms step_avg:87.41ms
step:527/4740 train_time:46078ms step_avg:87.43ms
step:528/4740 train_time:46238ms step_avg:87.57ms
step:529/4740 train_time:46338ms step_avg:87.60ms
step:530/4740 train_time:46496ms step_avg:87.73ms
step:531/4740 train_time:46597ms step_avg:87.75ms
step:532/4740 train_time:46757ms step_avg:87.89ms
step:533/4740 train_time:46858ms step_avg:87.91ms
step:534/4740 train_time:47017ms step_avg:88.05ms
step:535/4740 train_time:47119ms step_avg:88.07ms
step:536/4740 train_time:47276ms step_avg:88.20ms
step:537/4740 train_time:47378ms step_avg:88.23ms
step:538/4740 train_time:47537ms step_avg:88.36ms
step:539/4740 train_time:47637ms step_avg:88.38ms
step:540/4740 train_time:47795ms step_avg:88.51ms
step:541/4740 train_time:47898ms step_avg:88.54ms
step:542/4740 train_time:48057ms step_avg:88.67ms
step:543/4740 train_time:48158ms step_avg:88.69ms
step:544/4740 train_time:48316ms step_avg:88.82ms
step:545/4740 train_time:48417ms step_avg:88.84ms
step:546/4740 train_time:48576ms step_avg:88.97ms
step:547/4740 train_time:48678ms step_avg:88.99ms
step:548/4740 train_time:48836ms step_avg:89.12ms
step:549/4740 train_time:48938ms step_avg:89.14ms
step:550/4740 train_time:49098ms step_avg:89.27ms
step:551/4740 train_time:49198ms step_avg:89.29ms
step:552/4740 train_time:49358ms step_avg:89.42ms
step:553/4740 train_time:49458ms step_avg:89.44ms
step:554/4740 train_time:49617ms step_avg:89.56ms
step:555/4740 train_time:49718ms step_avg:89.58ms
step:556/4740 train_time:49876ms step_avg:89.70ms
step:557/4740 train_time:49977ms step_avg:89.73ms
step:558/4740 train_time:50136ms step_avg:89.85ms
step:559/4740 train_time:50237ms step_avg:89.87ms
step:560/4740 train_time:50396ms step_avg:89.99ms
step:561/4740 train_time:50497ms step_avg:90.01ms
step:562/4740 train_time:50656ms step_avg:90.14ms
step:563/4740 train_time:50758ms step_avg:90.16ms
step:564/4740 train_time:50917ms step_avg:90.28ms
step:565/4740 train_time:51018ms step_avg:90.30ms
step:566/4740 train_time:51176ms step_avg:90.42ms
step:567/4740 train_time:51279ms step_avg:90.44ms
step:568/4740 train_time:51437ms step_avg:90.56ms
step:569/4740 train_time:51538ms step_avg:90.58ms
step:570/4740 train_time:51697ms step_avg:90.70ms
step:571/4740 train_time:51798ms step_avg:90.71ms
step:572/4740 train_time:51957ms step_avg:90.83ms
step:573/4740 train_time:52058ms step_avg:90.85ms
step:574/4740 train_time:52217ms step_avg:90.97ms
step:575/4740 train_time:52319ms step_avg:90.99ms
step:576/4740 train_time:52477ms step_avg:91.11ms
step:577/4740 train_time:52579ms step_avg:91.13ms
step:578/4740 train_time:52738ms step_avg:91.24ms
step:579/4740 train_time:52838ms step_avg:91.26ms
step:580/4740 train_time:52997ms step_avg:91.37ms
step:581/4740 train_time:53099ms step_avg:91.39ms
step:582/4740 train_time:53259ms step_avg:91.51ms
step:583/4740 train_time:53359ms step_avg:91.52ms
step:584/4740 train_time:53517ms step_avg:91.64ms
step:585/4740 train_time:53619ms step_avg:91.66ms
step:586/4740 train_time:53777ms step_avg:91.77ms
step:587/4740 train_time:53878ms step_avg:91.79ms
step:588/4740 train_time:54037ms step_avg:91.90ms
step:589/4740 train_time:54138ms step_avg:91.92ms
step:590/4740 train_time:54297ms step_avg:92.03ms
step:591/4740 train_time:54398ms step_avg:92.04ms
step:592/4740 train_time:54557ms step_avg:92.16ms
step:593/4740 train_time:54658ms step_avg:92.17ms
step:594/4740 train_time:54816ms step_avg:92.28ms
step:595/4740 train_time:54918ms step_avg:92.30ms
step:596/4740 train_time:55077ms step_avg:92.41ms
step:597/4740 train_time:55177ms step_avg:92.42ms
step:598/4740 train_time:55336ms step_avg:92.54ms
step:599/4740 train_time:55438ms step_avg:92.55ms
step:600/4740 train_time:55596ms step_avg:92.66ms
step:601/4740 train_time:55697ms step_avg:92.67ms
step:602/4740 train_time:55856ms step_avg:92.78ms
step:603/4740 train_time:55958ms step_avg:92.80ms
step:604/4740 train_time:56116ms step_avg:92.91ms
step:605/4740 train_time:56219ms step_avg:92.92ms
step:606/4740 train_time:56378ms step_avg:93.03ms
step:607/4740 train_time:56479ms step_avg:93.05ms
step:608/4740 train_time:56638ms step_avg:93.16ms
step:609/4740 train_time:56739ms step_avg:93.17ms
step:610/4740 train_time:56898ms step_avg:93.27ms
step:611/4740 train_time:56999ms step_avg:93.29ms
step:612/4740 train_time:57159ms step_avg:93.40ms
step:613/4740 train_time:57260ms step_avg:93.41ms
step:614/4740 train_time:57419ms step_avg:93.52ms
step:615/4740 train_time:57520ms step_avg:93.53ms
step:616/4740 train_time:57678ms step_avg:93.63ms
step:617/4740 train_time:57779ms step_avg:93.65ms
step:618/4740 train_time:57938ms step_avg:93.75ms
step:619/4740 train_time:58039ms step_avg:93.76ms
step:620/4740 train_time:58198ms step_avg:93.87ms
step:621/4740 train_time:58299ms step_avg:93.88ms
step:622/4740 train_time:58459ms step_avg:93.99ms
step:623/4740 train_time:58559ms step_avg:94.00ms
step:624/4740 train_time:58718ms step_avg:94.10ms
step:625/4740 train_time:58819ms step_avg:94.11ms
step:626/4740 train_time:58978ms step_avg:94.21ms
step:627/4740 train_time:59080ms step_avg:94.23ms
step:628/4740 train_time:59238ms step_avg:94.33ms
step:629/4740 train_time:59339ms step_avg:94.34ms
step:630/4740 train_time:59498ms step_avg:94.44ms
step:631/4740 train_time:59599ms step_avg:94.45ms
step:632/4740 train_time:59758ms step_avg:94.55ms
step:633/4740 train_time:59859ms step_avg:94.56ms
step:634/4740 train_time:60017ms step_avg:94.66ms
step:635/4740 train_time:60118ms step_avg:94.67ms
step:636/4740 train_time:60277ms step_avg:94.77ms
step:637/4740 train_time:60379ms step_avg:94.79ms
step:638/4740 train_time:60539ms step_avg:94.89ms
step:639/4740 train_time:60639ms step_avg:94.90ms
step:640/4740 train_time:60797ms step_avg:95.00ms
step:641/4740 train_time:60900ms step_avg:95.01ms
step:642/4740 train_time:61058ms step_avg:95.11ms
step:643/4740 train_time:61158ms step_avg:95.11ms
step:644/4740 train_time:61318ms step_avg:95.21ms
step:645/4740 train_time:61419ms step_avg:95.22ms
step:646/4740 train_time:61578ms step_avg:95.32ms
step:647/4740 train_time:61679ms step_avg:95.33ms
step:648/4740 train_time:61837ms step_avg:95.43ms
step:649/4740 train_time:61938ms step_avg:95.44ms
step:650/4740 train_time:62097ms step_avg:95.53ms
step:651/4740 train_time:62198ms step_avg:95.54ms
step:652/4740 train_time:62358ms step_avg:95.64ms
step:653/4740 train_time:62458ms step_avg:95.65ms
step:654/4740 train_time:62617ms step_avg:95.74ms
step:655/4740 train_time:62718ms step_avg:95.75ms
step:656/4740 train_time:62877ms step_avg:95.85ms
step:657/4740 train_time:62980ms step_avg:95.86ms
step:658/4740 train_time:63138ms step_avg:95.96ms
step:659/4740 train_time:63239ms step_avg:95.96ms
step:660/4740 train_time:63398ms step_avg:96.06ms
step:661/4740 train_time:63498ms step_avg:96.06ms
step:662/4740 train_time:63658ms step_avg:96.16ms
step:663/4740 train_time:63758ms step_avg:96.17ms
step:664/4740 train_time:63918ms step_avg:96.26ms
step:665/4740 train_time:64020ms step_avg:96.27ms
step:666/4740 train_time:64179ms step_avg:96.36ms
step:667/4740 train_time:64279ms step_avg:96.37ms
step:668/4740 train_time:64439ms step_avg:96.47ms
step:669/4740 train_time:64540ms step_avg:96.47ms
step:670/4740 train_time:64698ms step_avg:96.56ms
step:671/4740 train_time:64799ms step_avg:96.57ms
step:672/4740 train_time:64959ms step_avg:96.67ms
step:673/4740 train_time:65060ms step_avg:96.67ms
step:674/4740 train_time:65219ms step_avg:96.76ms
step:675/4740 train_time:65322ms step_avg:96.77ms
step:676/4740 train_time:65479ms step_avg:96.86ms
step:677/4740 train_time:65580ms step_avg:96.87ms
step:678/4740 train_time:65739ms step_avg:96.96ms
step:679/4740 train_time:65840ms step_avg:96.97ms
step:680/4740 train_time:65999ms step_avg:97.06ms
step:681/4740 train_time:66100ms step_avg:97.06ms
step:682/4740 train_time:66258ms step_avg:97.15ms
step:683/4740 train_time:66359ms step_avg:97.16ms
step:684/4740 train_time:66519ms step_avg:97.25ms
step:685/4740 train_time:66620ms step_avg:97.26ms
step:686/4740 train_time:66778ms step_avg:97.34ms
step:687/4740 train_time:66879ms step_avg:97.35ms
step:688/4740 train_time:67037ms step_avg:97.44ms
step:689/4740 train_time:67139ms step_avg:97.44ms
step:690/4740 train_time:67298ms step_avg:97.53ms
step:691/4740 train_time:67399ms step_avg:97.54ms
step:692/4740 train_time:67558ms step_avg:97.63ms
step:693/4740 train_time:67659ms step_avg:97.63ms
step:694/4740 train_time:67818ms step_avg:97.72ms
step:695/4740 train_time:67919ms step_avg:97.72ms
step:696/4740 train_time:68077ms step_avg:97.81ms
step:697/4740 train_time:68179ms step_avg:97.82ms
step:698/4740 train_time:68337ms step_avg:97.90ms
step:699/4740 train_time:68437ms step_avg:97.91ms
step:700/4740 train_time:68597ms step_avg:98.00ms
step:701/4740 train_time:68699ms step_avg:98.00ms
step:702/4740 train_time:68857ms step_avg:98.09ms
step:703/4740 train_time:68958ms step_avg:98.09ms
step:704/4740 train_time:69117ms step_avg:98.18ms
step:705/4740 train_time:69219ms step_avg:98.18ms
step:706/4740 train_time:69377ms step_avg:98.27ms
step:707/4740 train_time:69478ms step_avg:98.27ms
step:708/4740 train_time:69637ms step_avg:98.36ms
step:709/4740 train_time:69738ms step_avg:98.36ms
step:710/4740 train_time:69896ms step_avg:98.45ms
step:711/4740 train_time:69998ms step_avg:98.45ms
step:712/4740 train_time:70157ms step_avg:98.54ms
step:713/4740 train_time:70258ms step_avg:98.54ms
step:714/4740 train_time:70416ms step_avg:98.62ms
step:715/4740 train_time:70518ms step_avg:98.63ms
step:716/4740 train_time:70677ms step_avg:98.71ms
step:717/4740 train_time:70779ms step_avg:98.71ms
step:718/4740 train_time:70937ms step_avg:98.80ms
step:719/4740 train_time:71038ms step_avg:98.80ms
step:720/4740 train_time:71198ms step_avg:98.89ms
step:721/4740 train_time:71298ms step_avg:98.89ms
step:722/4740 train_time:71458ms step_avg:98.97ms
step:723/4740 train_time:71558ms step_avg:98.97ms
step:724/4740 train_time:71718ms step_avg:99.06ms
step:725/4740 train_time:71820ms step_avg:99.06ms
step:726/4740 train_time:71979ms step_avg:99.14ms
step:727/4740 train_time:72079ms step_avg:99.15ms
step:728/4740 train_time:72239ms step_avg:99.23ms
step:729/4740 train_time:72341ms step_avg:99.23ms
step:730/4740 train_time:72501ms step_avg:99.32ms
step:731/4740 train_time:72602ms step_avg:99.32ms
step:732/4740 train_time:72760ms step_avg:99.40ms
step:733/4740 train_time:72861ms step_avg:99.40ms
step:734/4740 train_time:73020ms step_avg:99.48ms
step:735/4740 train_time:73121ms step_avg:99.48ms
step:736/4740 train_time:73280ms step_avg:99.56ms
step:737/4740 train_time:73380ms step_avg:99.57ms
step:738/4740 train_time:73539ms step_avg:99.65ms
step:739/4740 train_time:73640ms step_avg:99.65ms
step:740/4740 train_time:73799ms step_avg:99.73ms
step:741/4740 train_time:73900ms step_avg:99.73ms
step:742/4740 train_time:74059ms step_avg:99.81ms
step:743/4740 train_time:74160ms step_avg:99.81ms
step:744/4740 train_time:74319ms step_avg:99.89ms
step:745/4740 train_time:74421ms step_avg:99.89ms
step:746/4740 train_time:74580ms step_avg:99.97ms
step:747/4740 train_time:74680ms step_avg:99.97ms
step:748/4740 train_time:74839ms step_avg:100.05ms
step:749/4740 train_time:74940ms step_avg:100.05ms
step:750/4740 train_time:75100ms step_avg:100.13ms
step:750/4740 val_loss:3.6977 train_time:75174ms step_avg:100.23ms
step:751/4740 train_time:75206ms step_avg:100.14ms
step:752/4740 train_time:75360ms step_avg:100.21ms
step:753/4740 train_time:75463ms step_avg:100.22ms
step:754/4740 train_time:75623ms step_avg:100.30ms
step:755/4740 train_time:75726ms step_avg:100.30ms
step:756/4740 train_time:75884ms step_avg:100.38ms
step:757/4740 train_time:75983ms step_avg:100.37ms
step:758/4740 train_time:76146ms step_avg:100.46ms
step:759/4740 train_time:76247ms step_avg:100.46ms
step:760/4740 train_time:76407ms step_avg:100.53ms
step:761/4740 train_time:76509ms step_avg:100.54ms
step:762/4740 train_time:76670ms step_avg:100.62ms
step:763/4740 train_time:76771ms step_avg:100.62ms
step:764/4740 train_time:76930ms step_avg:100.69ms
step:765/4740 train_time:77030ms step_avg:100.69ms
step:766/4740 train_time:77190ms step_avg:100.77ms
step:767/4740 train_time:77293ms step_avg:100.77ms
step:768/4740 train_time:77452ms step_avg:100.85ms
step:769/4740 train_time:77555ms step_avg:100.85ms
step:770/4740 train_time:77714ms step_avg:100.93ms
step:771/4740 train_time:77815ms step_avg:100.93ms
step:772/4740 train_time:77973ms step_avg:101.00ms
step:773/4740 train_time:78075ms step_avg:101.00ms
step:774/4740 train_time:78235ms step_avg:101.08ms
step:775/4740 train_time:78337ms step_avg:101.08ms
step:776/4740 train_time:78495ms step_avg:101.15ms
step:777/4740 train_time:78597ms step_avg:101.16ms
step:778/4740 train_time:78755ms step_avg:101.23ms
step:779/4740 train_time:78856ms step_avg:101.23ms
step:780/4740 train_time:79015ms step_avg:101.30ms
step:781/4740 train_time:79115ms step_avg:101.30ms
step:782/4740 train_time:79276ms step_avg:101.38ms
step:783/4740 train_time:79377ms step_avg:101.38ms
step:784/4740 train_time:79537ms step_avg:101.45ms
step:785/4740 train_time:79652ms step_avg:101.47ms
step:786/4740 train_time:79886ms step_avg:101.64ms
step:787/4740 train_time:80030ms step_avg:101.69ms
step:788/4740 train_time:80273ms step_avg:101.87ms
step:789/4740 train_time:80410ms step_avg:101.91ms
step:790/4740 train_time:80654ms step_avg:102.09ms
step:791/4740 train_time:80790ms step_avg:102.14ms
step:792/4740 train_time:81034ms step_avg:102.32ms
step:793/4740 train_time:81173ms step_avg:102.36ms
step:794/4740 train_time:81418ms step_avg:102.54ms
step:795/4740 train_time:81558ms step_avg:102.59ms
step:796/4740 train_time:81800ms step_avg:102.76ms
step:797/4740 train_time:81939ms step_avg:102.81ms
step:798/4740 train_time:82180ms step_avg:102.98ms
step:799/4740 train_time:82320ms step_avg:103.03ms
step:800/4740 train_time:82562ms step_avg:103.20ms
step:801/4740 train_time:82702ms step_avg:103.25ms
step:802/4740 train_time:82944ms step_avg:103.42ms
step:803/4740 train_time:83087ms step_avg:103.47ms
step:804/4740 train_time:83329ms step_avg:103.64ms
step:805/4740 train_time:83468ms step_avg:103.69ms
step:806/4740 train_time:83713ms step_avg:103.86ms
step:807/4740 train_time:83854ms step_avg:103.91ms
step:808/4740 train_time:84094ms step_avg:104.08ms
step:809/4740 train_time:84234ms step_avg:104.12ms
step:810/4740 train_time:84473ms step_avg:104.29ms
step:811/4740 train_time:84614ms step_avg:104.33ms
step:812/4740 train_time:84857ms step_avg:104.50ms
step:813/4740 train_time:84996ms step_avg:104.55ms
step:814/4740 train_time:85241ms step_avg:104.72ms
step:815/4740 train_time:85381ms step_avg:104.76ms
step:816/4740 train_time:85623ms step_avg:104.93ms
step:817/4740 train_time:85763ms step_avg:104.97ms
step:818/4740 train_time:86007ms step_avg:105.14ms
step:819/4740 train_time:86148ms step_avg:105.19ms
step:820/4740 train_time:86394ms step_avg:105.36ms
step:821/4740 train_time:86532ms step_avg:105.40ms
step:822/4740 train_time:86774ms step_avg:105.56ms
step:823/4740 train_time:86913ms step_avg:105.61ms
step:824/4740 train_time:87154ms step_avg:105.77ms
step:825/4740 train_time:87294ms step_avg:105.81ms
step:826/4740 train_time:87533ms step_avg:105.97ms
step:827/4740 train_time:87675ms step_avg:106.02ms
step:828/4740 train_time:87917ms step_avg:106.18ms
step:829/4740 train_time:88055ms step_avg:106.22ms
step:830/4740 train_time:88295ms step_avg:106.38ms
step:831/4740 train_time:88434ms step_avg:106.42ms
step:832/4740 train_time:88675ms step_avg:106.58ms
step:833/4740 train_time:88813ms step_avg:106.62ms
step:834/4740 train_time:89055ms step_avg:106.78ms
step:835/4740 train_time:89195ms step_avg:106.82ms
step:836/4740 train_time:89434ms step_avg:106.98ms
step:837/4740 train_time:89574ms step_avg:107.02ms
step:838/4740 train_time:89818ms step_avg:107.18ms
step:839/4740 train_time:89960ms step_avg:107.22ms
step:840/4740 train_time:90202ms step_avg:107.38ms
step:841/4740 train_time:90338ms step_avg:107.42ms
step:842/4740 train_time:90580ms step_avg:107.58ms
step:843/4740 train_time:90720ms step_avg:107.62ms
step:844/4740 train_time:90963ms step_avg:107.78ms
step:845/4740 train_time:91104ms step_avg:107.82ms
step:846/4740 train_time:91345ms step_avg:107.97ms
step:847/4740 train_time:91485ms step_avg:108.01ms
step:848/4740 train_time:91727ms step_avg:108.17ms
step:849/4740 train_time:91866ms step_avg:108.20ms
step:850/4740 train_time:92111ms step_avg:108.37ms
step:851/4740 train_time:92250ms step_avg:108.40ms
step:852/4740 train_time:92492ms step_avg:108.56ms
step:853/4740 train_time:92630ms step_avg:108.59ms
step:854/4740 train_time:92872ms step_avg:108.75ms
step:855/4740 train_time:93010ms step_avg:108.78ms
step:856/4740 train_time:93256ms step_avg:108.94ms
step:857/4740 train_time:93393ms step_avg:108.98ms
step:858/4740 train_time:93635ms step_avg:109.13ms
step:859/4740 train_time:93774ms step_avg:109.17ms
step:860/4740 train_time:94019ms step_avg:109.32ms
step:861/4740 train_time:94157ms step_avg:109.36ms
step:862/4740 train_time:94398ms step_avg:109.51ms
step:863/4740 train_time:94539ms step_avg:109.55ms
step:864/4740 train_time:94781ms step_avg:109.70ms
step:865/4740 train_time:94920ms step_avg:109.73ms
step:866/4740 train_time:95162ms step_avg:109.89ms
step:867/4740 train_time:95301ms step_avg:109.92ms
step:868/4740 train_time:95544ms step_avg:110.07ms
step:869/4740 train_time:95682ms step_avg:110.11ms
step:870/4740 train_time:95927ms step_avg:110.26ms
step:871/4740 train_time:96065ms step_avg:110.29ms
step:872/4740 train_time:96310ms step_avg:110.45ms
step:873/4740 train_time:96447ms step_avg:110.48ms
step:874/4740 train_time:96692ms step_avg:110.63ms
step:875/4740 train_time:96830ms step_avg:110.66ms
step:876/4740 train_time:97073ms step_avg:110.81ms
step:877/4740 train_time:97212ms step_avg:110.85ms
step:878/4740 train_time:97453ms step_avg:110.99ms
step:879/4740 train_time:97593ms step_avg:111.03ms
step:880/4740 train_time:97836ms step_avg:111.18ms
step:881/4740 train_time:97974ms step_avg:111.21ms
step:882/4740 train_time:98216ms step_avg:111.36ms
step:883/4740 train_time:98353ms step_avg:111.39ms
step:884/4740 train_time:98593ms step_avg:111.53ms
step:885/4740 train_time:98731ms step_avg:111.56ms
step:886/4740 train_time:98973ms step_avg:111.71ms
step:887/4740 train_time:99111ms step_avg:111.74ms
step:888/4740 train_time:99353ms step_avg:111.88ms
step:889/4740 train_time:99491ms step_avg:111.91ms
step:890/4740 train_time:99732ms step_avg:112.06ms
step:891/4740 train_time:99872ms step_avg:112.09ms
step:892/4740 train_time:100112ms step_avg:112.23ms
step:893/4740 train_time:100252ms step_avg:112.26ms
step:894/4740 train_time:100493ms step_avg:112.41ms
step:895/4740 train_time:100632ms step_avg:112.44ms
step:896/4740 train_time:100871ms step_avg:112.58ms
step:897/4740 train_time:101011ms step_avg:112.61ms
step:898/4740 train_time:101254ms step_avg:112.75ms
step:899/4740 train_time:101393ms step_avg:112.78ms
step:900/4740 train_time:101636ms step_avg:112.93ms
step:901/4740 train_time:101775ms step_avg:112.96ms
step:902/4740 train_time:102017ms step_avg:113.10ms
step:903/4740 train_time:102155ms step_avg:113.13ms
step:904/4740 train_time:102398ms step_avg:113.27ms
step:905/4740 train_time:102535ms step_avg:113.30ms
step:906/4740 train_time:102777ms step_avg:113.44ms
step:907/4740 train_time:102917ms step_avg:113.47ms
step:908/4740 train_time:103159ms step_avg:113.61ms
step:909/4740 train_time:103299ms step_avg:113.64ms
step:910/4740 train_time:103543ms step_avg:113.78ms
step:911/4740 train_time:103682ms step_avg:113.81ms
step:912/4740 train_time:103923ms step_avg:113.95ms
step:913/4740 train_time:104064ms step_avg:113.98ms
step:914/4740 train_time:104307ms step_avg:114.12ms
step:915/4740 train_time:104444ms step_avg:114.15ms
step:916/4740 train_time:104688ms step_avg:114.29ms
step:917/4740 train_time:104826ms step_avg:114.31ms
step:918/4740 train_time:105069ms step_avg:114.45ms
step:919/4740 train_time:105210ms step_avg:114.48ms
step:920/4740 train_time:105451ms step_avg:114.62ms
step:921/4740 train_time:105592ms step_avg:114.65ms
step:922/4740 train_time:105834ms step_avg:114.79ms
step:923/4740 train_time:105972ms step_avg:114.81ms
step:924/4740 train_time:106213ms step_avg:114.95ms
step:925/4740 train_time:106351ms step_avg:114.97ms
step:926/4740 train_time:106592ms step_avg:115.11ms
step:927/4740 train_time:106734ms step_avg:115.14ms
step:928/4740 train_time:106975ms step_avg:115.27ms
step:929/4740 train_time:107117ms step_avg:115.30ms
step:930/4740 train_time:107360ms step_avg:115.44ms
step:931/4740 train_time:107499ms step_avg:115.47ms
step:932/4740 train_time:107743ms step_avg:115.60ms
step:933/4740 train_time:107881ms step_avg:115.63ms
step:934/4740 train_time:108123ms step_avg:115.76ms
step:935/4740 train_time:108263ms step_avg:115.79ms
step:936/4740 train_time:108506ms step_avg:115.93ms
step:937/4740 train_time:108645ms step_avg:115.95ms
step:938/4740 train_time:108890ms step_avg:116.09ms
step:939/4740 train_time:109029ms step_avg:116.11ms
step:940/4740 train_time:109271ms step_avg:116.25ms
step:941/4740 train_time:109413ms step_avg:116.27ms
step:942/4740 train_time:109651ms step_avg:116.40ms
step:943/4740 train_time:109791ms step_avg:116.43ms
step:944/4740 train_time:110035ms step_avg:116.56ms
step:945/4740 train_time:110178ms step_avg:116.59ms
step:946/4740 train_time:110419ms step_avg:116.72ms
step:947/4740 train_time:110559ms step_avg:116.75ms
step:948/4740 train_time:110802ms step_avg:116.88ms
step:949/4740 train_time:110942ms step_avg:116.90ms
step:950/4740 train_time:111187ms step_avg:117.04ms
step:951/4740 train_time:111326ms step_avg:117.06ms
step:952/4740 train_time:111567ms step_avg:117.19ms
step:953/4740 train_time:111709ms step_avg:117.22ms
step:954/4740 train_time:111951ms step_avg:117.35ms
step:955/4740 train_time:112092ms step_avg:117.37ms
step:956/4740 train_time:112338ms step_avg:117.51ms
step:957/4740 train_time:112475ms step_avg:117.53ms
step:958/4740 train_time:112717ms step_avg:117.66ms
step:959/4740 train_time:112855ms step_avg:117.68ms
step:960/4740 train_time:113098ms step_avg:117.81ms
step:961/4740 train_time:113236ms step_avg:117.83ms
step:962/4740 train_time:113477ms step_avg:117.96ms
step:963/4740 train_time:113618ms step_avg:117.98ms
step:964/4740 train_time:113860ms step_avg:118.11ms
step:965/4740 train_time:113999ms step_avg:118.13ms
step:966/4740 train_time:114240ms step_avg:118.26ms
step:967/4740 train_time:114382ms step_avg:118.29ms
step:968/4740 train_time:114624ms step_avg:118.41ms
step:969/4740 train_time:114763ms step_avg:118.43ms
step:970/4740 train_time:115006ms step_avg:118.56ms
step:971/4740 train_time:115143ms step_avg:118.58ms
step:972/4740 train_time:115386ms step_avg:118.71ms
step:973/4740 train_time:115528ms step_avg:118.73ms
step:974/4740 train_time:115769ms step_avg:118.86ms
step:975/4740 train_time:115908ms step_avg:118.88ms
step:976/4740 train_time:116149ms step_avg:119.00ms
step:977/4740 train_time:116289ms step_avg:119.03ms
step:978/4740 train_time:116533ms step_avg:119.15ms
step:979/4740 train_time:116677ms step_avg:119.18ms
step:980/4740 train_time:116917ms step_avg:119.30ms
step:981/4740 train_time:117055ms step_avg:119.32ms
step:982/4740 train_time:117294ms step_avg:119.44ms
step:983/4740 train_time:117435ms step_avg:119.47ms
step:984/4740 train_time:117678ms step_avg:119.59ms
step:985/4740 train_time:117817ms step_avg:119.61ms
step:986/4740 train_time:118059ms step_avg:119.73ms
step:987/4740 train_time:118198ms step_avg:119.75ms
step:988/4740 train_time:118441ms step_avg:119.88ms
step:989/4740 train_time:118579ms step_avg:119.90ms
step:990/4740 train_time:118822ms step_avg:120.02ms
step:991/4740 train_time:118961ms step_avg:120.04ms
step:992/4740 train_time:119202ms step_avg:120.16ms
step:993/4740 train_time:119342ms step_avg:120.18ms
step:994/4740 train_time:119585ms step_avg:120.31ms
step:995/4740 train_time:119725ms step_avg:120.33ms
step:996/4740 train_time:119968ms step_avg:120.45ms
step:997/4740 train_time:120109ms step_avg:120.47ms
step:998/4740 train_time:120352ms step_avg:120.59ms
step:999/4740 train_time:120489ms step_avg:120.61ms
step:1000/4740 train_time:120733ms step_avg:120.73ms
step:1000/4740 val_loss:3.5404 train_time:120836ms step_avg:120.84ms
step:1001/4740 train_time:120878ms step_avg:120.76ms
step:1002/4740 train_time:121122ms step_avg:120.88ms
step:1003/4740 train_time:121266ms step_avg:120.90ms
step:1004/4740 train_time:121505ms step_avg:121.02ms
step:1005/4740 train_time:121644ms step_avg:121.04ms
step:1006/4740 train_time:121884ms step_avg:121.16ms
step:1007/4740 train_time:122025ms step_avg:121.18ms
step:1008/4740 train_time:122269ms step_avg:121.30ms
step:1009/4740 train_time:122408ms step_avg:121.32ms
step:1010/4740 train_time:122648ms step_avg:121.43ms
step:1011/4740 train_time:122786ms step_avg:121.45ms
step:1012/4740 train_time:123026ms step_avg:121.57ms
step:1013/4740 train_time:123169ms step_avg:121.59ms
step:1014/4740 train_time:123412ms step_avg:121.71ms
step:1015/4740 train_time:123551ms step_avg:121.73ms
step:1016/4740 train_time:123792ms step_avg:121.84ms
step:1017/4740 train_time:123932ms step_avg:121.86ms
step:1018/4740 train_time:124172ms step_avg:121.98ms
step:1019/4740 train_time:124319ms step_avg:122.00ms
step:1020/4740 train_time:124559ms step_avg:122.12ms
step:1021/4740 train_time:124700ms step_avg:122.13ms
step:1022/4740 train_time:124941ms step_avg:122.25ms
step:1023/4740 train_time:125080ms step_avg:122.27ms
step:1024/4740 train_time:125327ms step_avg:122.39ms
step:1025/4740 train_time:125464ms step_avg:122.40ms
step:1026/4740 train_time:125707ms step_avg:122.52ms
step:1027/4740 train_time:125844ms step_avg:122.54ms
step:1028/4740 train_time:126086ms step_avg:122.65ms
step:1029/4740 train_time:126227ms step_avg:122.67ms
step:1030/4740 train_time:126470ms step_avg:122.79ms
step:1031/4740 train_time:126609ms step_avg:122.80ms
step:1032/4740 train_time:126850ms step_avg:122.92ms
step:1033/4740 train_time:126991ms step_avg:122.93ms
step:1034/4740 train_time:127234ms step_avg:123.05ms
step:1035/4740 train_time:127373ms step_avg:123.07ms
step:1036/4740 train_time:127615ms step_avg:123.18ms
step:1037/4740 train_time:127757ms step_avg:123.20ms
step:1038/4740 train_time:127999ms step_avg:123.31ms
step:1039/4740 train_time:128138ms step_avg:123.33ms
step:1040/4740 train_time:128381ms step_avg:123.44ms
step:1041/4740 train_time:128519ms step_avg:123.46ms
step:1042/4740 train_time:128760ms step_avg:123.57ms
step:1043/4740 train_time:128898ms step_avg:123.58ms
step:1044/4740 train_time:129140ms step_avg:123.70ms
step:1045/4740 train_time:129282ms step_avg:123.72ms
step:1046/4740 train_time:129523ms step_avg:123.83ms
step:1047/4740 train_time:129662ms step_avg:123.84ms
step:1048/4740 train_time:129905ms step_avg:123.95ms
step:1049/4740 train_time:130043ms step_avg:123.97ms
step:1050/4740 train_time:130286ms step_avg:124.08ms
step:1051/4740 train_time:130425ms step_avg:124.10ms
step:1052/4740 train_time:130666ms step_avg:124.21ms
step:1053/4740 train_time:130806ms step_avg:124.22ms
step:1054/4740 train_time:131045ms step_avg:124.33ms
step:1055/4740 train_time:131185ms step_avg:124.35ms
step:1056/4740 train_time:131424ms step_avg:124.45ms
step:1057/4740 train_time:131565ms step_avg:124.47ms
step:1058/4740 train_time:131806ms step_avg:124.58ms
step:1059/4740 train_time:131945ms step_avg:124.59ms
step:1060/4740 train_time:132189ms step_avg:124.71ms
step:1061/4740 train_time:132327ms step_avg:124.72ms
step:1062/4740 train_time:132567ms step_avg:124.83ms
step:1063/4740 train_time:132707ms step_avg:124.84ms
step:1064/4740 train_time:132948ms step_avg:124.95ms
step:1065/4740 train_time:133089ms step_avg:124.97ms
step:1066/4740 train_time:133328ms step_avg:125.07ms
step:1067/4740 train_time:133466ms step_avg:125.09ms
step:1068/4740 train_time:133709ms step_avg:125.20ms
step:1069/4740 train_time:133847ms step_avg:125.21ms
step:1070/4740 train_time:134090ms step_avg:125.32ms
step:1071/4740 train_time:134227ms step_avg:125.33ms
step:1072/4740 train_time:134469ms step_avg:125.44ms
step:1073/4740 train_time:134605ms step_avg:125.45ms
step:1074/4740 train_time:134847ms step_avg:125.56ms
step:1075/4740 train_time:134988ms step_avg:125.57ms
step:1076/4740 train_time:135228ms step_avg:125.68ms
step:1077/4740 train_time:135367ms step_avg:125.69ms
step:1078/4740 train_time:135608ms step_avg:125.80ms
step:1079/4740 train_time:135747ms step_avg:125.81ms
step:1080/4740 train_time:135990ms step_avg:125.92ms
step:1081/4740 train_time:136129ms step_avg:125.93ms
step:1082/4740 train_time:136372ms step_avg:126.04ms
step:1083/4740 train_time:136511ms step_avg:126.05ms
step:1084/4740 train_time:136750ms step_avg:126.15ms
step:1085/4740 train_time:136893ms step_avg:126.17ms
step:1086/4740 train_time:137136ms step_avg:126.28ms
step:1087/4740 train_time:137276ms step_avg:126.29ms
step:1088/4740 train_time:137518ms step_avg:126.40ms
step:1089/4740 train_time:137657ms step_avg:126.41ms
step:1090/4740 train_time:137900ms step_avg:126.51ms
step:1091/4740 train_time:138041ms step_avg:126.53ms
step:1092/4740 train_time:138284ms step_avg:126.63ms
step:1093/4740 train_time:138424ms step_avg:126.65ms
step:1094/4740 train_time:138665ms step_avg:126.75ms
step:1095/4740 train_time:138805ms step_avg:126.76ms
step:1096/4740 train_time:139049ms step_avg:126.87ms
step:1097/4740 train_time:139187ms step_avg:126.88ms
step:1098/4740 train_time:139430ms step_avg:126.99ms
step:1099/4740 train_time:139569ms step_avg:127.00ms
step:1100/4740 train_time:139809ms step_avg:127.10ms
step:1101/4740 train_time:139950ms step_avg:127.11ms
step:1102/4740 train_time:140190ms step_avg:127.21ms
step:1103/4740 train_time:140332ms step_avg:127.23ms
step:1104/4740 train_time:140574ms step_avg:127.33ms
step:1105/4740 train_time:140713ms step_avg:127.34ms
step:1106/4740 train_time:140953ms step_avg:127.44ms
step:1107/4740 train_time:141095ms step_avg:127.46ms
step:1108/4740 train_time:141340ms step_avg:127.56ms
step:1109/4740 train_time:141479ms step_avg:127.57ms
step:1110/4740 train_time:141721ms step_avg:127.68ms
step:1111/4740 train_time:141860ms step_avg:127.69ms
step:1112/4740 train_time:142103ms step_avg:127.79ms
step:1113/4740 train_time:142241ms step_avg:127.80ms
step:1114/4740 train_time:142483ms step_avg:127.90ms
step:1115/4740 train_time:142623ms step_avg:127.91ms
step:1116/4740 train_time:142865ms step_avg:128.02ms
step:1117/4740 train_time:143005ms step_avg:128.03ms
step:1118/4740 train_time:143249ms step_avg:128.13ms
step:1119/4740 train_time:143388ms step_avg:128.14ms
step:1120/4740 train_time:143630ms step_avg:128.24ms
step:1121/4740 train_time:143770ms step_avg:128.25ms
step:1122/4740 train_time:144011ms step_avg:128.35ms
step:1123/4740 train_time:144153ms step_avg:128.36ms
step:1124/4740 train_time:144394ms step_avg:128.46ms
step:1125/4740 train_time:144533ms step_avg:128.47ms
step:1126/4740 train_time:144775ms step_avg:128.57ms
step:1127/4740 train_time:144915ms step_avg:128.58ms
step:1128/4740 train_time:145158ms step_avg:128.69ms
step:1129/4740 train_time:145300ms step_avg:128.70ms
step:1130/4740 train_time:145541ms step_avg:128.80ms
step:1131/4740 train_time:145680ms step_avg:128.81ms
step:1132/4740 train_time:145925ms step_avg:128.91ms
step:1133/4740 train_time:146063ms step_avg:128.92ms
step:1134/4740 train_time:146307ms step_avg:129.02ms
step:1135/4740 train_time:146447ms step_avg:129.03ms
step:1136/4740 train_time:146686ms step_avg:129.12ms
step:1137/4740 train_time:146824ms step_avg:129.13ms
step:1138/4740 train_time:147068ms step_avg:129.23ms
step:1139/4740 train_time:147206ms step_avg:129.24ms
step:1140/4740 train_time:147450ms step_avg:129.34ms
step:1141/4740 train_time:147588ms step_avg:129.35ms
step:1142/4740 train_time:147829ms step_avg:129.45ms
step:1143/4740 train_time:147972ms step_avg:129.46ms
step:1144/4740 train_time:148214ms step_avg:129.56ms
step:1145/4740 train_time:148354ms step_avg:129.57ms
step:1146/4740 train_time:148597ms step_avg:129.67ms
step:1147/4740 train_time:148736ms step_avg:129.67ms
step:1148/4740 train_time:148979ms step_avg:129.77ms
step:1149/4740 train_time:149120ms step_avg:129.78ms
step:1150/4740 train_time:149360ms step_avg:129.88ms
step:1151/4740 train_time:149500ms step_avg:129.89ms
step:1152/4740 train_time:149747ms step_avg:129.99ms
step:1153/4740 train_time:149887ms step_avg:130.00ms
step:1154/4740 train_time:150127ms step_avg:130.09ms
step:1155/4740 train_time:150267ms step_avg:130.10ms
step:1156/4740 train_time:150507ms step_avg:130.20ms
step:1157/4740 train_time:150647ms step_avg:130.21ms
step:1158/4740 train_time:150889ms step_avg:130.30ms
step:1159/4740 train_time:151026ms step_avg:130.31ms
step:1160/4740 train_time:151269ms step_avg:130.40ms
step:1161/4740 train_time:151409ms step_avg:130.41ms
step:1162/4740 train_time:151653ms step_avg:130.51ms
step:1163/4740 train_time:151793ms step_avg:130.52ms
step:1164/4740 train_time:152035ms step_avg:130.61ms
step:1165/4740 train_time:152175ms step_avg:130.62ms
step:1166/4740 train_time:152418ms step_avg:130.72ms
step:1167/4740 train_time:152558ms step_avg:130.73ms
step:1168/4740 train_time:152804ms step_avg:130.83ms
step:1169/4740 train_time:152944ms step_avg:130.83ms
step:1170/4740 train_time:153188ms step_avg:130.93ms
step:1171/4740 train_time:153327ms step_avg:130.94ms
step:1172/4740 train_time:153565ms step_avg:131.03ms
step:1173/4740 train_time:153709ms step_avg:131.04ms
step:1174/4740 train_time:153953ms step_avg:131.14ms
step:1175/4740 train_time:154090ms step_avg:131.14ms
step:1176/4740 train_time:154363ms step_avg:131.26ms
step:1177/4740 train_time:154540ms step_avg:131.30ms
step:1178/4740 train_time:154860ms step_avg:131.46ms
step:1179/4740 train_time:155040ms step_avg:131.50ms
step:1180/4740 train_time:155357ms step_avg:131.66ms
step:1181/4740 train_time:155539ms step_avg:131.70ms
step:1182/4740 train_time:155859ms step_avg:131.86ms
step:1183/4740 train_time:156040ms step_avg:131.90ms
step:1184/4740 train_time:156356ms step_avg:132.06ms
step:1185/4740 train_time:156539ms step_avg:132.10ms
step:1186/4740 train_time:156853ms step_avg:132.25ms
step:1187/4740 train_time:157036ms step_avg:132.30ms
step:1188/4740 train_time:157355ms step_avg:132.45ms
step:1189/4740 train_time:157536ms step_avg:132.49ms
step:1190/4740 train_time:157852ms step_avg:132.65ms
step:1191/4740 train_time:158035ms step_avg:132.69ms
step:1192/4740 train_time:158354ms step_avg:132.85ms
step:1193/4740 train_time:158534ms step_avg:132.89ms
step:1194/4740 train_time:158855ms step_avg:133.04ms
step:1195/4740 train_time:159036ms step_avg:133.08ms
step:1196/4740 train_time:159352ms step_avg:133.24ms
step:1197/4740 train_time:159534ms step_avg:133.28ms
step:1198/4740 train_time:159854ms step_avg:133.43ms
step:1199/4740 train_time:160034ms step_avg:133.47ms
step:1200/4740 train_time:160356ms step_avg:133.63ms
step:1201/4740 train_time:160535ms step_avg:133.67ms
step:1202/4740 train_time:160853ms step_avg:133.82ms
step:1203/4740 train_time:161035ms step_avg:133.86ms
step:1204/4740 train_time:161352ms step_avg:134.01ms
step:1205/4740 train_time:161533ms step_avg:134.05ms
step:1206/4740 train_time:161853ms step_avg:134.21ms
step:1207/4740 train_time:162031ms step_avg:134.24ms
step:1208/4740 train_time:162349ms step_avg:134.39ms
step:1209/4740 train_time:162529ms step_avg:134.43ms
step:1210/4740 train_time:162848ms step_avg:134.59ms
step:1211/4740 train_time:163029ms step_avg:134.62ms
step:1212/4740 train_time:163350ms step_avg:134.78ms
step:1213/4740 train_time:163530ms step_avg:134.81ms
step:1214/4740 train_time:163850ms step_avg:134.97ms
step:1215/4740 train_time:164033ms step_avg:135.01ms
step:1216/4740 train_time:164350ms step_avg:135.16ms
step:1217/4740 train_time:164532ms step_avg:135.19ms
step:1218/4740 train_time:164853ms step_avg:135.35ms
step:1219/4740 train_time:165034ms step_avg:135.38ms
step:1220/4740 train_time:165351ms step_avg:135.53ms
step:1221/4740 train_time:165531ms step_avg:135.57ms
step:1222/4740 train_time:165851ms step_avg:135.72ms
step:1223/4740 train_time:166031ms step_avg:135.76ms
step:1224/4740 train_time:166350ms step_avg:135.91ms
step:1225/4740 train_time:166524ms step_avg:135.94ms
step:1226/4740 train_time:166842ms step_avg:136.09ms
step:1227/4740 train_time:167022ms step_avg:136.12ms
step:1228/4740 train_time:167339ms step_avg:136.27ms
step:1229/4740 train_time:167516ms step_avg:136.30ms
step:1230/4740 train_time:167838ms step_avg:136.45ms
step:1231/4740 train_time:168018ms step_avg:136.49ms
step:1232/4740 train_time:168332ms step_avg:136.63ms
step:1233/4740 train_time:168514ms step_avg:136.67ms
step:1234/4740 train_time:168831ms step_avg:136.82ms
step:1235/4740 train_time:169013ms step_avg:136.85ms
step:1236/4740 train_time:169331ms step_avg:137.00ms
step:1237/4740 train_time:169512ms step_avg:137.03ms
step:1238/4740 train_time:169830ms step_avg:137.18ms
step:1239/4740 train_time:170009ms step_avg:137.21ms
step:1240/4740 train_time:170326ms step_avg:137.36ms
step:1241/4740 train_time:170505ms step_avg:137.39ms
step:1242/4740 train_time:170822ms step_avg:137.54ms
step:1243/4740 train_time:171002ms step_avg:137.57ms
step:1244/4740 train_time:171320ms step_avg:137.72ms
step:1245/4740 train_time:171499ms step_avg:137.75ms
step:1246/4740 train_time:171817ms step_avg:137.90ms
step:1247/4740 train_time:171997ms step_avg:137.93ms
step:1248/4740 train_time:172317ms step_avg:138.07ms
step:1249/4740 train_time:172497ms step_avg:138.11ms
step:1250/4740 train_time:172812ms step_avg:138.25ms
step:1250/4740 val_loss:3.4691 train_time:172943ms step_avg:138.35ms
step:1251/4740 train_time:172998ms step_avg:138.29ms
step:1252/4740 train_time:173319ms step_avg:138.43ms
step:1253/4740 train_time:173506ms step_avg:138.47ms
step:1254/4740 train_time:173824ms step_avg:138.62ms
step:1255/4740 train_time:174003ms step_avg:138.65ms
step:1256/4740 train_time:174323ms step_avg:138.79ms
step:1257/4740 train_time:174509ms step_avg:138.83ms
step:1258/4740 train_time:174823ms step_avg:138.97ms
step:1259/4740 train_time:175003ms step_avg:139.00ms
step:1260/4740 train_time:175320ms step_avg:139.14ms
step:1261/4740 train_time:175505ms step_avg:139.18ms
step:1262/4740 train_time:175821ms step_avg:139.32ms
step:1263/4740 train_time:175998ms step_avg:139.35ms
step:1264/4740 train_time:176318ms step_avg:139.49ms
step:1265/4740 train_time:176498ms step_avg:139.52ms
step:1266/4740 train_time:176817ms step_avg:139.67ms
step:1267/4740 train_time:176996ms step_avg:139.70ms
step:1268/4740 train_time:177317ms step_avg:139.84ms
step:1269/4740 train_time:177497ms step_avg:139.87ms
step:1270/4740 train_time:177814ms step_avg:140.01ms
step:1271/4740 train_time:177993ms step_avg:140.04ms
step:1272/4740 train_time:178314ms step_avg:140.18ms
step:1273/4740 train_time:178493ms step_avg:140.21ms
step:1274/4740 train_time:178813ms step_avg:140.36ms
step:1275/4740 train_time:178993ms step_avg:140.39ms
step:1276/4740 train_time:179309ms step_avg:140.52ms
step:1277/4740 train_time:179493ms step_avg:140.56ms
step:1278/4740 train_time:179813ms step_avg:140.70ms
step:1279/4740 train_time:179993ms step_avg:140.73ms
step:1280/4740 train_time:180310ms step_avg:140.87ms
step:1281/4740 train_time:180492ms step_avg:140.90ms
step:1282/4740 train_time:180813ms step_avg:141.04ms
step:1283/4740 train_time:180993ms step_avg:141.07ms
step:1284/4740 train_time:181309ms step_avg:141.21ms
step:1285/4740 train_time:181491ms step_avg:141.24ms
step:1286/4740 train_time:181810ms step_avg:141.38ms
step:1287/4740 train_time:181989ms step_avg:141.41ms
step:1288/4740 train_time:182306ms step_avg:141.54ms
step:1289/4740 train_time:182488ms step_avg:141.57ms
step:1290/4740 train_time:182807ms step_avg:141.71ms
step:1291/4740 train_time:182990ms step_avg:141.74ms
step:1292/4740 train_time:183304ms step_avg:141.88ms
step:1293/4740 train_time:183489ms step_avg:141.91ms
step:1294/4740 train_time:183807ms step_avg:142.05ms
step:1295/4740 train_time:183990ms step_avg:142.08ms
step:1296/4740 train_time:184309ms step_avg:142.21ms
step:1297/4740 train_time:184486ms step_avg:142.24ms
step:1298/4740 train_time:184805ms step_avg:142.38ms
step:1299/4740 train_time:184986ms step_avg:142.41ms
step:1300/4740 train_time:185305ms step_avg:142.54ms
step:1301/4740 train_time:185484ms step_avg:142.57ms
step:1302/4740 train_time:185801ms step_avg:142.70ms
step:1303/4740 train_time:185980ms step_avg:142.73ms
step:1304/4740 train_time:186299ms step_avg:142.87ms
step:1305/4740 train_time:186477ms step_avg:142.89ms
step:1306/4740 train_time:186796ms step_avg:143.03ms
step:1307/4740 train_time:186977ms step_avg:143.06ms
step:1308/4740 train_time:187294ms step_avg:143.19ms
step:1309/4740 train_time:187474ms step_avg:143.22ms
step:1310/4740 train_time:187793ms step_avg:143.35ms
step:1311/4740 train_time:187972ms step_avg:143.38ms
step:1312/4740 train_time:188292ms step_avg:143.51ms
step:1313/4740 train_time:188472ms step_avg:143.54ms
step:1314/4740 train_time:188790ms step_avg:143.68ms
step:1315/4740 train_time:188970ms step_avg:143.70ms
step:1316/4740 train_time:189290ms step_avg:143.84ms
step:1317/4740 train_time:189469ms step_avg:143.86ms
step:1318/4740 train_time:189787ms step_avg:144.00ms
step:1319/4740 train_time:189967ms step_avg:144.02ms
step:1320/4740 train_time:190286ms step_avg:144.16ms
step:1321/4740 train_time:190468ms step_avg:144.18ms
step:1322/4740 train_time:190786ms step_avg:144.32ms
step:1323/4740 train_time:190969ms step_avg:144.35ms
step:1324/4740 train_time:191282ms step_avg:144.47ms
step:1325/4740 train_time:191466ms step_avg:144.50ms
step:1326/4740 train_time:191784ms step_avg:144.63ms
step:1327/4740 train_time:191962ms step_avg:144.66ms
step:1328/4740 train_time:192281ms step_avg:144.79ms
step:1329/4740 train_time:192459ms step_avg:144.81ms
step:1330/4740 train_time:192777ms step_avg:144.95ms
step:1331/4740 train_time:192955ms step_avg:144.97ms
step:1332/4740 train_time:193276ms step_avg:145.10ms
step:1333/4740 train_time:193453ms step_avg:145.13ms
step:1334/4740 train_time:193776ms step_avg:145.26ms
step:1335/4740 train_time:193953ms step_avg:145.28ms
step:1336/4740 train_time:194274ms step_avg:145.41ms
step:1337/4740 train_time:194452ms step_avg:145.44ms
step:1338/4740 train_time:194768ms step_avg:145.57ms
step:1339/4740 train_time:194950ms step_avg:145.59ms
step:1340/4740 train_time:195267ms step_avg:145.72ms
step:1341/4740 train_time:195449ms step_avg:145.75ms
step:1342/4740 train_time:195766ms step_avg:145.88ms
step:1343/4740 train_time:195945ms step_avg:145.90ms
step:1344/4740 train_time:196263ms step_avg:146.03ms
step:1345/4740 train_time:196441ms step_avg:146.05ms
step:1346/4740 train_time:196763ms step_avg:146.18ms
step:1347/4740 train_time:196939ms step_avg:146.21ms
step:1348/4740 train_time:197256ms step_avg:146.33ms
step:1349/4740 train_time:197433ms step_avg:146.36ms
step:1350/4740 train_time:197752ms step_avg:146.48ms
step:1351/4740 train_time:197932ms step_avg:146.51ms
step:1352/4740 train_time:198252ms step_avg:146.64ms
step:1353/4740 train_time:198433ms step_avg:146.66ms
step:1354/4740 train_time:198754ms step_avg:146.79ms
step:1355/4740 train_time:198933ms step_avg:146.81ms
step:1356/4740 train_time:199254ms step_avg:146.94ms
step:1357/4740 train_time:199435ms step_avg:146.97ms
step:1358/4740 train_time:199752ms step_avg:147.09ms
step:1359/4740 train_time:199934ms step_avg:147.12ms
step:1360/4740 train_time:200254ms step_avg:147.25ms
step:1361/4740 train_time:200433ms step_avg:147.27ms
step:1362/4740 train_time:200749ms step_avg:147.39ms
step:1363/4740 train_time:200928ms step_avg:147.42ms
step:1364/4740 train_time:201248ms step_avg:147.54ms
step:1365/4740 train_time:201428ms step_avg:147.57ms
step:1366/4740 train_time:201747ms step_avg:147.69ms
step:1367/4740 train_time:201927ms step_avg:147.72ms
step:1368/4740 train_time:202244ms step_avg:147.84ms
step:1369/4740 train_time:202425ms step_avg:147.86ms
step:1370/4740 train_time:202742ms step_avg:147.99ms
step:1371/4740 train_time:202923ms step_avg:148.01ms
step:1372/4740 train_time:203242ms step_avg:148.14ms
step:1373/4740 train_time:203422ms step_avg:148.16ms
step:1374/4740 train_time:203737ms step_avg:148.28ms
step:1375/4740 train_time:203917ms step_avg:148.30ms
step:1376/4740 train_time:204233ms step_avg:148.42ms
step:1377/4740 train_time:204413ms step_avg:148.45ms
step:1378/4740 train_time:204729ms step_avg:148.57ms
step:1379/4740 train_time:204912ms step_avg:148.59ms
step:1380/4740 train_time:205229ms step_avg:148.72ms
step:1381/4740 train_time:205408ms step_avg:148.74ms
step:1382/4740 train_time:205727ms step_avg:148.86ms
step:1383/4740 train_time:205907ms step_avg:148.88ms
step:1384/4740 train_time:206226ms step_avg:149.01ms
step:1385/4740 train_time:206407ms step_avg:149.03ms
step:1386/4740 train_time:206725ms step_avg:149.15ms
step:1387/4740 train_time:206903ms step_avg:149.17ms
step:1388/4740 train_time:207222ms step_avg:149.30ms
step:1389/4740 train_time:207403ms step_avg:149.32ms
step:1390/4740 train_time:207720ms step_avg:149.44ms
step:1391/4740 train_time:207899ms step_avg:149.46ms
step:1392/4740 train_time:208217ms step_avg:149.58ms
step:1393/4740 train_time:208396ms step_avg:149.60ms
step:1394/4740 train_time:208716ms step_avg:149.72ms
step:1395/4740 train_time:208893ms step_avg:149.74ms
step:1396/4740 train_time:209213ms step_avg:149.87ms
step:1397/4740 train_time:209393ms step_avg:149.89ms
step:1398/4740 train_time:209713ms step_avg:150.01ms
step:1399/4740 train_time:209892ms step_avg:150.03ms
step:1400/4740 train_time:210210ms step_avg:150.15ms
step:1401/4740 train_time:210389ms step_avg:150.17ms
step:1402/4740 train_time:210709ms step_avg:150.29ms
step:1403/4740 train_time:210888ms step_avg:150.31ms
step:1404/4740 train_time:211206ms step_avg:150.43ms
step:1405/4740 train_time:211384ms step_avg:150.45ms
step:1406/4740 train_time:211703ms step_avg:150.57ms
step:1407/4740 train_time:211883ms step_avg:150.59ms
step:1408/4740 train_time:212202ms step_avg:150.71ms
step:1409/4740 train_time:212379ms step_avg:150.73ms
step:1410/4740 train_time:212697ms step_avg:150.85ms
step:1411/4740 train_time:212877ms step_avg:150.87ms
step:1412/4740 train_time:213193ms step_avg:150.99ms
step:1413/4740 train_time:213375ms step_avg:151.01ms
step:1414/4740 train_time:213692ms step_avg:151.13ms
step:1415/4740 train_time:213871ms step_avg:151.15ms
step:1416/4740 train_time:214190ms step_avg:151.26ms
step:1417/4740 train_time:214372ms step_avg:151.29ms
step:1418/4740 train_time:214691ms step_avg:151.40ms
step:1419/4740 train_time:214871ms step_avg:151.42ms
step:1420/4740 train_time:215191ms step_avg:151.54ms
step:1421/4740 train_time:215370ms step_avg:151.56ms
step:1422/4740 train_time:215691ms step_avg:151.68ms
step:1423/4740 train_time:215872ms step_avg:151.70ms
step:1424/4740 train_time:216187ms step_avg:151.82ms
step:1425/4740 train_time:216368ms step_avg:151.84ms
step:1426/4740 train_time:216688ms step_avg:151.95ms
step:1427/4740 train_time:216867ms step_avg:151.97ms
step:1428/4740 train_time:217185ms step_avg:152.09ms
step:1429/4740 train_time:217365ms step_avg:152.11ms
step:1430/4740 train_time:217682ms step_avg:152.23ms
step:1431/4740 train_time:217864ms step_avg:152.25ms
step:1432/4740 train_time:218184ms step_avg:152.36ms
step:1433/4740 train_time:218367ms step_avg:152.38ms
step:1434/4740 train_time:218683ms step_avg:152.50ms
step:1435/4740 train_time:218865ms step_avg:152.52ms
step:1436/4740 train_time:219183ms step_avg:152.63ms
step:1437/4740 train_time:219364ms step_avg:152.65ms
step:1438/4740 train_time:219682ms step_avg:152.77ms
step:1439/4740 train_time:219861ms step_avg:152.79ms
step:1440/4740 train_time:220182ms step_avg:152.90ms
step:1441/4740 train_time:220362ms step_avg:152.92ms
step:1442/4740 train_time:220682ms step_avg:153.04ms
step:1443/4740 train_time:220861ms step_avg:153.06ms
step:1444/4740 train_time:221182ms step_avg:153.17ms
step:1445/4740 train_time:221362ms step_avg:153.19ms
step:1446/4740 train_time:221679ms step_avg:153.30ms
step:1447/4740 train_time:221857ms step_avg:153.32ms
step:1448/4740 train_time:222179ms step_avg:153.44ms
step:1449/4740 train_time:222357ms step_avg:153.46ms
step:1450/4740 train_time:222677ms step_avg:153.57ms
step:1451/4740 train_time:222856ms step_avg:153.59ms
step:1452/4740 train_time:223175ms step_avg:153.70ms
step:1453/4740 train_time:223354ms step_avg:153.72ms
step:1454/4740 train_time:223673ms step_avg:153.83ms
step:1455/4740 train_time:223852ms step_avg:153.85ms
step:1456/4740 train_time:224171ms step_avg:153.96ms
step:1457/4740 train_time:224352ms step_avg:153.98ms
step:1458/4740 train_time:224669ms step_avg:154.09ms
step:1459/4740 train_time:224850ms step_avg:154.11ms
step:1460/4740 train_time:225170ms step_avg:154.23ms
step:1461/4740 train_time:225348ms step_avg:154.24ms
step:1462/4740 train_time:225664ms step_avg:154.35ms
step:1463/4740 train_time:225844ms step_avg:154.37ms
step:1464/4740 train_time:226162ms step_avg:154.48ms
step:1465/4740 train_time:226343ms step_avg:154.50ms
step:1466/4740 train_time:226659ms step_avg:154.61ms
step:1467/4740 train_time:226844ms step_avg:154.63ms
step:1468/4740 train_time:227162ms step_avg:154.74ms
step:1469/4740 train_time:227345ms step_avg:154.76ms
step:1470/4740 train_time:227663ms step_avg:154.87ms
step:1471/4740 train_time:227844ms step_avg:154.89ms
step:1472/4740 train_time:228162ms step_avg:155.00ms
step:1473/4740 train_time:228341ms step_avg:155.02ms
step:1474/4740 train_time:228658ms step_avg:155.13ms
step:1475/4740 train_time:228839ms step_avg:155.14ms
step:1476/4740 train_time:229154ms step_avg:155.25ms
step:1477/4740 train_time:229333ms step_avg:155.27ms
step:1478/4740 train_time:229653ms step_avg:155.38ms
step:1479/4740 train_time:229830ms step_avg:155.40ms
step:1480/4740 train_time:230147ms step_avg:155.50ms
step:1481/4740 train_time:230330ms step_avg:155.52ms
step:1482/4740 train_time:230646ms step_avg:155.63ms
step:1483/4740 train_time:230828ms step_avg:155.65ms
step:1484/4740 train_time:231147ms step_avg:155.76ms
step:1485/4740 train_time:231328ms step_avg:155.78ms
step:1486/4740 train_time:231649ms step_avg:155.89ms
step:1487/4740 train_time:231828ms step_avg:155.90ms
step:1488/4740 train_time:232146ms step_avg:156.01ms
step:1489/4740 train_time:232326ms step_avg:156.03ms
step:1490/4740 train_time:232643ms step_avg:156.14ms
step:1491/4740 train_time:232824ms step_avg:156.15ms
step:1492/4740 train_time:233143ms step_avg:156.26ms
step:1493/4740 train_time:233321ms step_avg:156.28ms
step:1494/4740 train_time:233638ms step_avg:156.38ms
step:1495/4740 train_time:233817ms step_avg:156.40ms
step:1496/4740 train_time:234136ms step_avg:156.51ms
step:1497/4740 train_time:234315ms step_avg:156.52ms
step:1498/4740 train_time:234633ms step_avg:156.63ms
step:1499/4740 train_time:234811ms step_avg:156.64ms
step:1500/4740 train_time:235129ms step_avg:156.75ms
step:1500/4740 val_loss:3.3963 train_time:235258ms step_avg:156.84ms
step:1501/4740 train_time:235313ms step_avg:156.77ms
step:1502/4740 train_time:235631ms step_avg:156.88ms
step:1503/4740 train_time:235817ms step_avg:156.90ms
step:1504/4740 train_time:236129ms step_avg:157.00ms
step:1505/4740 train_time:236312ms step_avg:157.02ms
step:1506/4740 train_time:236630ms step_avg:157.12ms
step:1507/4740 train_time:236815ms step_avg:157.14ms
step:1508/4740 train_time:237133ms step_avg:157.25ms
step:1509/4740 train_time:237311ms step_avg:157.26ms
step:1510/4740 train_time:237631ms step_avg:157.37ms
step:1511/4740 train_time:237814ms step_avg:157.39ms
step:1512/4740 train_time:238131ms step_avg:157.49ms
step:1513/4740 train_time:238309ms step_avg:157.51ms
step:1514/4740 train_time:238630ms step_avg:157.62ms
step:1515/4740 train_time:238811ms step_avg:157.63ms
step:1516/4740 train_time:239129ms step_avg:157.74ms
step:1517/4740 train_time:239308ms step_avg:157.75ms
step:1518/4740 train_time:239624ms step_avg:157.86ms
step:1519/4740 train_time:239805ms step_avg:157.87ms
step:1520/4740 train_time:240123ms step_avg:157.98ms
step:1521/4740 train_time:240301ms step_avg:157.99ms
step:1522/4740 train_time:240623ms step_avg:158.10ms
step:1523/4740 train_time:240802ms step_avg:158.11ms
step:1524/4740 train_time:241125ms step_avg:158.22ms
step:1525/4740 train_time:241300ms step_avg:158.23ms
step:1526/4740 train_time:241621ms step_avg:158.34ms
step:1527/4740 train_time:241798ms step_avg:158.35ms
step:1528/4740 train_time:242115ms step_avg:158.45ms
step:1529/4740 train_time:242297ms step_avg:158.47ms
step:1530/4740 train_time:242615ms step_avg:158.57ms
step:1531/4740 train_time:242797ms step_avg:158.59ms
step:1532/4740 train_time:243116ms step_avg:158.69ms
step:1533/4740 train_time:243294ms step_avg:158.70ms
step:1534/4740 train_time:243613ms step_avg:158.81ms
step:1535/4740 train_time:243795ms step_avg:158.82ms
step:1536/4740 train_time:244113ms step_avg:158.93ms
step:1537/4740 train_time:244292ms step_avg:158.94ms
step:1538/4740 train_time:244610ms step_avg:159.04ms
step:1539/4740 train_time:244787ms step_avg:159.06ms
step:1540/4740 train_time:245106ms step_avg:159.16ms
step:1541/4740 train_time:245288ms step_avg:159.17ms
step:1542/4740 train_time:245609ms step_avg:159.28ms
step:1543/4740 train_time:245785ms step_avg:159.29ms
step:1544/4740 train_time:246102ms step_avg:159.39ms
step:1545/4740 train_time:246281ms step_avg:159.41ms
step:1546/4740 train_time:246598ms step_avg:159.51ms
step:1547/4740 train_time:246776ms step_avg:159.52ms
step:1548/4740 train_time:247094ms step_avg:159.62ms
step:1549/4740 train_time:247278ms step_avg:159.64ms
step:1550/4740 train_time:247592ms step_avg:159.74ms
step:1551/4740 train_time:247772ms step_avg:159.75ms
step:1552/4740 train_time:248092ms step_avg:159.85ms
step:1553/4740 train_time:248268ms step_avg:159.86ms
step:1554/4740 train_time:248589ms step_avg:159.97ms
step:1555/4740 train_time:248767ms step_avg:159.98ms
step:1556/4740 train_time:249083ms step_avg:160.08ms
step:1557/4740 train_time:249261ms step_avg:160.09ms
step:1558/4740 train_time:249580ms step_avg:160.19ms
step:1559/4740 train_time:249759ms step_avg:160.20ms
step:1560/4740 train_time:250081ms step_avg:160.31ms
step:1561/4740 train_time:250260ms step_avg:160.32ms
step:1562/4740 train_time:250575ms step_avg:160.42ms
step:1563/4740 train_time:250756ms step_avg:160.43ms
step:1564/4740 train_time:251075ms step_avg:160.53ms
step:1565/4740 train_time:251254ms step_avg:160.55ms
step:1566/4740 train_time:251572ms step_avg:160.65ms
step:1567/4740 train_time:251752ms step_avg:160.66ms
step:1568/4740 train_time:252073ms step_avg:160.76ms
step:1569/4740 train_time:252251ms step_avg:160.77ms
step:1570/4740 train_time:252571ms step_avg:160.87ms
step:1571/4740 train_time:252750ms step_avg:160.88ms
step:1572/4740 train_time:253071ms step_avg:160.99ms
step:1573/4740 train_time:253249ms step_avg:161.00ms
step:1574/4740 train_time:253567ms step_avg:161.10ms
step:1575/4740 train_time:253747ms step_avg:161.11ms
step:1576/4740 train_time:254068ms step_avg:161.21ms
step:1577/4740 train_time:254247ms step_avg:161.22ms
step:1578/4740 train_time:254568ms step_avg:161.32ms
step:1579/4740 train_time:254748ms step_avg:161.33ms
step:1580/4740 train_time:255069ms step_avg:161.44ms
step:1581/4740 train_time:255247ms step_avg:161.45ms
step:1582/4740 train_time:255567ms step_avg:161.55ms
step:1583/4740 train_time:255747ms step_avg:161.56ms
step:1584/4740 train_time:256070ms step_avg:161.66ms
step:1585/4740 train_time:256247ms step_avg:161.67ms
step:1586/4740 train_time:256566ms step_avg:161.77ms
step:1587/4740 train_time:256745ms step_avg:161.78ms
step:1588/4740 train_time:257063ms step_avg:161.88ms
step:1589/4740 train_time:257241ms step_avg:161.89ms
step:1590/4740 train_time:257561ms step_avg:161.99ms
step:1591/4740 train_time:257744ms step_avg:162.00ms
step:1592/4740 train_time:258064ms step_avg:162.10ms
step:1593/4740 train_time:258245ms step_avg:162.11ms
step:1594/4740 train_time:258564ms step_avg:162.21ms
step:1595/4740 train_time:258743ms step_avg:162.22ms
step:1596/4740 train_time:259062ms step_avg:162.32ms
step:1597/4740 train_time:259240ms step_avg:162.33ms
step:1598/4740 train_time:259558ms step_avg:162.43ms
step:1599/4740 train_time:259738ms step_avg:162.44ms
step:1600/4740 train_time:260058ms step_avg:162.54ms
step:1601/4740 train_time:260237ms step_avg:162.55ms
step:1602/4740 train_time:260557ms step_avg:162.64ms
step:1603/4740 train_time:260738ms step_avg:162.66ms
step:1604/4740 train_time:261058ms step_avg:162.75ms
step:1605/4740 train_time:261240ms step_avg:162.77ms
step:1606/4740 train_time:261555ms step_avg:162.86ms
step:1607/4740 train_time:261741ms step_avg:162.88ms
step:1608/4740 train_time:262059ms step_avg:162.97ms
step:1609/4740 train_time:262242ms step_avg:162.98ms
step:1610/4740 train_time:262561ms step_avg:163.08ms
step:1611/4740 train_time:262740ms step_avg:163.09ms
step:1612/4740 train_time:263059ms step_avg:163.19ms
step:1613/4740 train_time:263240ms step_avg:163.20ms
step:1614/4740 train_time:263560ms step_avg:163.30ms
step:1615/4740 train_time:263740ms step_avg:163.31ms
step:1616/4740 train_time:264059ms step_avg:163.40ms
step:1617/4740 train_time:264238ms step_avg:163.41ms
step:1618/4740 train_time:264554ms step_avg:163.51ms
step:1619/4740 train_time:264739ms step_avg:163.52ms
step:1620/4740 train_time:265059ms step_avg:163.62ms
step:1621/4740 train_time:265239ms step_avg:163.63ms
step:1622/4740 train_time:265559ms step_avg:163.72ms
step:1623/4740 train_time:265740ms step_avg:163.73ms
step:1624/4740 train_time:266058ms step_avg:163.83ms
step:1625/4740 train_time:266240ms step_avg:163.84ms
step:1626/4740 train_time:266560ms step_avg:163.94ms
step:1627/4740 train_time:266737ms step_avg:163.94ms
step:1628/4740 train_time:267057ms step_avg:164.04ms
step:1629/4740 train_time:267238ms step_avg:164.05ms
step:1630/4740 train_time:267556ms step_avg:164.14ms
step:1631/4740 train_time:267738ms step_avg:164.16ms
step:1632/4740 train_time:268059ms step_avg:164.25ms
step:1633/4740 train_time:268240ms step_avg:164.26ms
step:1634/4740 train_time:268559ms step_avg:164.36ms
step:1635/4740 train_time:268739ms step_avg:164.37ms
step:1636/4740 train_time:269060ms step_avg:164.46ms
step:1637/4740 train_time:269242ms step_avg:164.47ms
step:1638/4740 train_time:269560ms step_avg:164.57ms
step:1639/4740 train_time:269742ms step_avg:164.58ms
step:1640/4740 train_time:270060ms step_avg:164.67ms
step:1641/4740 train_time:270240ms step_avg:164.68ms
step:1642/4740 train_time:270557ms step_avg:164.77ms
step:1643/4740 train_time:270740ms step_avg:164.78ms
step:1644/4740 train_time:271057ms step_avg:164.88ms
step:1645/4740 train_time:271240ms step_avg:164.89ms
step:1646/4740 train_time:271556ms step_avg:164.98ms
step:1647/4740 train_time:271744ms step_avg:164.99ms
step:1648/4740 train_time:272059ms step_avg:165.08ms
step:1649/4740 train_time:272241ms step_avg:165.09ms
step:1650/4740 train_time:272559ms step_avg:165.19ms
step:1651/4740 train_time:272740ms step_avg:165.20ms
step:1652/4740 train_time:273059ms step_avg:165.29ms
step:1653/4740 train_time:273242ms step_avg:165.30ms
step:1654/4740 train_time:273559ms step_avg:165.39ms
step:1655/4740 train_time:273739ms step_avg:165.40ms
step:1656/4740 train_time:274057ms step_avg:165.49ms
step:1657/4740 train_time:274243ms step_avg:165.51ms
step:1658/4740 train_time:274562ms step_avg:165.60ms
step:1659/4740 train_time:274745ms step_avg:165.61ms
step:1660/4740 train_time:275066ms step_avg:165.70ms
step:1661/4740 train_time:275246ms step_avg:165.71ms
step:1662/4740 train_time:275563ms step_avg:165.80ms
step:1663/4740 train_time:275746ms step_avg:165.81ms
step:1664/4740 train_time:276062ms step_avg:165.90ms
step:1665/4740 train_time:276246ms step_avg:165.91ms
step:1666/4740 train_time:276565ms step_avg:166.01ms
step:1667/4740 train_time:276746ms step_avg:166.01ms
step:1668/4740 train_time:277063ms step_avg:166.10ms
step:1669/4740 train_time:277243ms step_avg:166.11ms
step:1670/4740 train_time:277560ms step_avg:166.20ms
step:1671/4740 train_time:277742ms step_avg:166.21ms
step:1672/4740 train_time:278063ms step_avg:166.31ms
step:1673/4740 train_time:278245ms step_avg:166.31ms
step:1674/4740 train_time:278562ms step_avg:166.40ms
step:1675/4740 train_time:278745ms step_avg:166.42ms
step:1676/4740 train_time:279065ms step_avg:166.51ms
step:1677/4740 train_time:279246ms step_avg:166.52ms
step:1678/4740 train_time:279563ms step_avg:166.61ms
step:1679/4740 train_time:279741ms step_avg:166.61ms
step:1680/4740 train_time:280063ms step_avg:166.70ms
step:1681/4740 train_time:280243ms step_avg:166.71ms
step:1682/4740 train_time:280563ms step_avg:166.80ms
step:1683/4740 train_time:280743ms step_avg:166.81ms
step:1684/4740 train_time:281064ms step_avg:166.90ms
step:1685/4740 train_time:281245ms step_avg:166.91ms
step:1686/4740 train_time:281563ms step_avg:167.00ms
step:1687/4740 train_time:281745ms step_avg:167.01ms
step:1688/4740 train_time:282067ms step_avg:167.10ms
step:1689/4740 train_time:282246ms step_avg:167.11ms
step:1690/4740 train_time:282562ms step_avg:167.20ms
step:1691/4740 train_time:282741ms step_avg:167.20ms
step:1692/4740 train_time:283061ms step_avg:167.29ms
step:1693/4740 train_time:283242ms step_avg:167.30ms
step:1694/4740 train_time:283561ms step_avg:167.39ms
step:1695/4740 train_time:283743ms step_avg:167.40ms
step:1696/4740 train_time:284061ms step_avg:167.49ms
step:1697/4740 train_time:284243ms step_avg:167.50ms
step:1698/4740 train_time:284562ms step_avg:167.59ms
step:1699/4740 train_time:284743ms step_avg:167.59ms
step:1700/4740 train_time:285060ms step_avg:167.68ms
step:1701/4740 train_time:285242ms step_avg:167.69ms
step:1702/4740 train_time:285561ms step_avg:167.78ms
step:1703/4740 train_time:285742ms step_avg:167.79ms
step:1704/4740 train_time:286060ms step_avg:167.88ms
step:1705/4740 train_time:286239ms step_avg:167.88ms
step:1706/4740 train_time:286559ms step_avg:167.97ms
step:1707/4740 train_time:286739ms step_avg:167.98ms
step:1708/4740 train_time:287056ms step_avg:168.07ms
step:1709/4740 train_time:287238ms step_avg:168.07ms
step:1710/4740 train_time:287561ms step_avg:168.16ms
step:1711/4740 train_time:287739ms step_avg:168.17ms
step:1712/4740 train_time:288060ms step_avg:168.26ms
step:1713/4740 train_time:288242ms step_avg:168.27ms
step:1714/4740 train_time:288561ms step_avg:168.36ms
step:1715/4740 train_time:288742ms step_avg:168.36ms
step:1716/4740 train_time:289058ms step_avg:168.45ms
step:1717/4740 train_time:289237ms step_avg:168.46ms
step:1718/4740 train_time:289558ms step_avg:168.54ms
step:1719/4740 train_time:289737ms step_avg:168.55ms
step:1720/4740 train_time:290058ms step_avg:168.64ms
step:1721/4740 train_time:290238ms step_avg:168.65ms
step:1722/4740 train_time:290563ms step_avg:168.74ms
step:1723/4740 train_time:290742ms step_avg:168.74ms
step:1724/4740 train_time:291058ms step_avg:168.83ms
step:1725/4740 train_time:291240ms step_avg:168.83ms
step:1726/4740 train_time:291561ms step_avg:168.92ms
step:1727/4740 train_time:291741ms step_avg:168.93ms
step:1728/4740 train_time:292060ms step_avg:169.02ms
step:1729/4740 train_time:292243ms step_avg:169.02ms
step:1730/4740 train_time:292563ms step_avg:169.11ms
step:1731/4740 train_time:292741ms step_avg:169.12ms
step:1732/4740 train_time:293059ms step_avg:169.20ms
step:1733/4740 train_time:293239ms step_avg:169.21ms
step:1734/4740 train_time:293560ms step_avg:169.30ms
step:1735/4740 train_time:293741ms step_avg:169.30ms
step:1736/4740 train_time:294063ms step_avg:169.39ms
step:1737/4740 train_time:294243ms step_avg:169.40ms
step:1738/4740 train_time:294558ms step_avg:169.48ms
step:1739/4740 train_time:294742ms step_avg:169.49ms
step:1740/4740 train_time:295058ms step_avg:169.57ms
step:1741/4740 train_time:295238ms step_avg:169.58ms
step:1742/4740 train_time:295556ms step_avg:169.66ms
step:1743/4740 train_time:295737ms step_avg:169.67ms
step:1744/4740 train_time:296053ms step_avg:169.76ms
step:1745/4740 train_time:296238ms step_avg:169.76ms
step:1746/4740 train_time:296557ms step_avg:169.85ms
step:1747/4740 train_time:296738ms step_avg:169.86ms
step:1748/4740 train_time:297057ms step_avg:169.94ms
step:1749/4740 train_time:297236ms step_avg:169.95ms
step:1750/4740 train_time:297556ms step_avg:170.03ms
step:1750/4740 val_loss:3.3370 train_time:297683ms step_avg:170.10ms
step:1751/4740 train_time:297738ms step_avg:170.04ms
step:1752/4740 train_time:298061ms step_avg:170.13ms
step:1753/4740 train_time:298248ms step_avg:170.14ms
step:1754/4740 train_time:298561ms step_avg:170.22ms
step:1755/4740 train_time:298745ms step_avg:170.23ms
step:1756/4740 train_time:299062ms step_avg:170.31ms
step:1757/4740 train_time:299252ms step_avg:170.32ms
step:1758/4740 train_time:299566ms step_avg:170.40ms
step:1759/4740 train_time:299745ms step_avg:170.41ms
step:1760/4740 train_time:300065ms step_avg:170.49ms
step:1761/4740 train_time:300249ms step_avg:170.50ms
step:1762/4740 train_time:300569ms step_avg:170.58ms
step:1763/4740 train_time:300746ms step_avg:170.59ms
step:1764/4740 train_time:301066ms step_avg:170.67ms
step:1765/4740 train_time:301249ms step_avg:170.68ms
step:1766/4740 train_time:301571ms step_avg:170.76ms
step:1767/4740 train_time:301748ms step_avg:170.77ms
step:1768/4740 train_time:302069ms step_avg:170.85ms
step:1769/4740 train_time:302252ms step_avg:170.86ms
step:1770/4740 train_time:302573ms step_avg:170.95ms
step:1771/4740 train_time:302750ms step_avg:170.95ms
step:1772/4740 train_time:303070ms step_avg:171.03ms
step:1773/4740 train_time:303253ms step_avg:171.04ms
step:1774/4740 train_time:303573ms step_avg:171.12ms
step:1775/4740 train_time:303752ms step_avg:171.13ms
step:1776/4740 train_time:304071ms step_avg:171.21ms
step:1777/4740 train_time:304252ms step_avg:171.22ms
step:1778/4740 train_time:304573ms step_avg:171.30ms
step:1779/4740 train_time:304756ms step_avg:171.31ms
step:1780/4740 train_time:305071ms step_avg:171.39ms
step:1781/4740 train_time:305251ms step_avg:171.39ms
step:1782/4740 train_time:305571ms step_avg:171.48ms
step:1783/4740 train_time:305754ms step_avg:171.48ms
step:1784/4740 train_time:306073ms step_avg:171.57ms
step:1785/4740 train_time:306253ms step_avg:171.57ms
step:1786/4740 train_time:306571ms step_avg:171.65ms
step:1787/4740 train_time:306752ms step_avg:171.66ms
step:1788/4740 train_time:307071ms step_avg:171.74ms
step:1789/4740 train_time:307252ms step_avg:171.75ms
step:1790/4740 train_time:307572ms step_avg:171.83ms
step:1791/4740 train_time:307754ms step_avg:171.83ms
step:1792/4740 train_time:308074ms step_avg:171.92ms
step:1793/4740 train_time:308254ms step_avg:171.92ms
step:1794/4740 train_time:308573ms step_avg:172.00ms
step:1795/4740 train_time:308754ms step_avg:172.01ms
step:1796/4740 train_time:309067ms step_avg:172.09ms
step:1797/4740 train_time:309250ms step_avg:172.09ms
step:1798/4740 train_time:309566ms step_avg:172.17ms
step:1799/4740 train_time:309748ms step_avg:172.18ms
step:1800/4740 train_time:310067ms step_avg:172.26ms
step:1801/4740 train_time:310248ms step_avg:172.26ms
step:1802/4740 train_time:310568ms step_avg:172.35ms
step:1803/4740 train_time:310749ms step_avg:172.35ms
step:1804/4740 train_time:311067ms step_avg:172.43ms
step:1805/4740 train_time:311248ms step_avg:172.44ms
step:1806/4740 train_time:311569ms step_avg:172.52ms
step:1807/4740 train_time:311751ms step_avg:172.52ms
step:1808/4740 train_time:312069ms step_avg:172.60ms
step:1809/4740 train_time:312250ms step_avg:172.61ms
step:1810/4740 train_time:312565ms step_avg:172.69ms
step:1811/4740 train_time:312750ms step_avg:172.69ms
step:1812/4740 train_time:313068ms step_avg:172.77ms
step:1813/4740 train_time:313251ms step_avg:172.78ms
step:1814/4740 train_time:313571ms step_avg:172.86ms
step:1815/4740 train_time:313751ms step_avg:172.87ms
step:1816/4740 train_time:314069ms step_avg:172.95ms
step:1817/4740 train_time:314252ms step_avg:172.95ms
step:1818/4740 train_time:314574ms step_avg:173.03ms
step:1819/4740 train_time:314752ms step_avg:173.04ms
step:1820/4740 train_time:315072ms step_avg:173.12ms
step:1821/4740 train_time:315253ms step_avg:173.12ms
step:1822/4740 train_time:315573ms step_avg:173.20ms
step:1823/4740 train_time:315753ms step_avg:173.20ms
step:1824/4740 train_time:316070ms step_avg:173.28ms
step:1825/4740 train_time:316249ms step_avg:173.29ms
step:1826/4740 train_time:316565ms step_avg:173.37ms
step:1827/4740 train_time:316752ms step_avg:173.37ms
step:1828/4740 train_time:317068ms step_avg:173.45ms
step:1829/4740 train_time:317248ms step_avg:173.45ms
step:1830/4740 train_time:317568ms step_avg:173.53ms
step:1831/4740 train_time:317749ms step_avg:173.54ms
step:1832/4740 train_time:318071ms step_avg:173.62ms
step:1833/4740 train_time:318252ms step_avg:173.62ms
step:1834/4740 train_time:318570ms step_avg:173.70ms
step:1835/4740 train_time:318750ms step_avg:173.71ms
step:1836/4740 train_time:319069ms step_avg:173.79ms
step:1837/4740 train_time:319252ms step_avg:173.79ms
step:1838/4740 train_time:319571ms step_avg:173.87ms
step:1839/4740 train_time:319755ms step_avg:173.87ms
step:1840/4740 train_time:320074ms step_avg:173.95ms
step:1841/4740 train_time:320252ms step_avg:173.96ms
step:1842/4740 train_time:320571ms step_avg:174.03ms
step:1843/4740 train_time:320755ms step_avg:174.04ms
step:1844/4740 train_time:321071ms step_avg:174.12ms
step:1845/4740 train_time:321253ms step_avg:174.12ms
step:1846/4740 train_time:321572ms step_avg:174.20ms
step:1847/4740 train_time:321753ms step_avg:174.20ms
step:1848/4740 train_time:322071ms step_avg:174.28ms
step:1849/4740 train_time:322255ms step_avg:174.29ms
step:1850/4740 train_time:322574ms step_avg:174.36ms
step:1851/4740 train_time:322753ms step_avg:174.37ms
step:1852/4740 train_time:323073ms step_avg:174.45ms
step:1853/4740 train_time:323256ms step_avg:174.45ms
step:1854/4740 train_time:323576ms step_avg:174.53ms
step:1855/4740 train_time:323756ms step_avg:174.53ms
step:1856/4740 train_time:324073ms step_avg:174.61ms
step:1857/4740 train_time:324254ms step_avg:174.61ms
step:1858/4740 train_time:324574ms step_avg:174.69ms
step:1859/4740 train_time:324755ms step_avg:174.69ms
step:1860/4740 train_time:325070ms step_avg:174.77ms
step:1861/4740 train_time:325253ms step_avg:174.77ms
step:1862/4740 train_time:325572ms step_avg:174.85ms
step:1863/4740 train_time:325750ms step_avg:174.85ms
step:1864/4740 train_time:326070ms step_avg:174.93ms
step:1865/4740 train_time:326249ms step_avg:174.93ms
step:1866/4740 train_time:326568ms step_avg:175.01ms
step:1867/4740 train_time:326748ms step_avg:175.01ms
step:1868/4740 train_time:327067ms step_avg:175.09ms
step:1869/4740 train_time:327249ms step_avg:175.09ms
step:1870/4740 train_time:327567ms step_avg:175.17ms
step:1871/4740 train_time:327748ms step_avg:175.17ms
step:1872/4740 train_time:328070ms step_avg:175.25ms
step:1873/4740 train_time:328248ms step_avg:175.25ms
step:1874/4740 train_time:328567ms step_avg:175.33ms
step:1875/4740 train_time:328749ms step_avg:175.33ms
step:1876/4740 train_time:329070ms step_avg:175.41ms
step:1877/4740 train_time:329252ms step_avg:175.41ms
step:1878/4740 train_time:329570ms step_avg:175.49ms
step:1879/4740 train_time:329752ms step_avg:175.49ms
step:1880/4740 train_time:330071ms step_avg:175.57ms
step:1881/4740 train_time:330251ms step_avg:175.57ms
step:1882/4740 train_time:330570ms step_avg:175.65ms
step:1883/4740 train_time:330749ms step_avg:175.65ms
step:1884/4740 train_time:331068ms step_avg:175.73ms
step:1885/4740 train_time:331248ms step_avg:175.73ms
step:1886/4740 train_time:331567ms step_avg:175.80ms
step:1887/4740 train_time:331749ms step_avg:175.81ms
step:1888/4740 train_time:332066ms step_avg:175.88ms
step:1889/4740 train_time:332248ms step_avg:175.89ms
step:1890/4740 train_time:332567ms step_avg:175.96ms
step:1891/4740 train_time:332747ms step_avg:175.96ms
step:1892/4740 train_time:333065ms step_avg:176.04ms
step:1893/4740 train_time:333251ms step_avg:176.04ms
step:1894/4740 train_time:333568ms step_avg:176.12ms
step:1895/4740 train_time:333749ms step_avg:176.12ms
step:1896/4740 train_time:334069ms step_avg:176.20ms
step:1897/4740 train_time:334249ms step_avg:176.20ms
step:1898/4740 train_time:334568ms step_avg:176.27ms
step:1899/4740 train_time:334752ms step_avg:176.28ms
step:1900/4740 train_time:335071ms step_avg:176.35ms
step:1901/4740 train_time:335253ms step_avg:176.36ms
step:1902/4740 train_time:335571ms step_avg:176.43ms
step:1903/4740 train_time:335752ms step_avg:176.43ms
step:1904/4740 train_time:336072ms step_avg:176.51ms
step:1905/4740 train_time:336250ms step_avg:176.51ms
step:1906/4740 train_time:336570ms step_avg:176.58ms
step:1907/4740 train_time:336752ms step_avg:176.59ms
step:1908/4740 train_time:337073ms step_avg:176.66ms
step:1909/4740 train_time:337253ms step_avg:176.66ms
step:1910/4740 train_time:337574ms step_avg:176.74ms
step:1911/4740 train_time:337755ms step_avg:176.74ms
step:1912/4740 train_time:338075ms step_avg:176.82ms
step:1913/4740 train_time:338256ms step_avg:176.82ms
step:1914/4740 train_time:338577ms step_avg:176.89ms
step:1915/4740 train_time:338757ms step_avg:176.90ms
step:1916/4740 train_time:339075ms step_avg:176.97ms
step:1917/4740 train_time:339255ms step_avg:176.97ms
step:1918/4740 train_time:339574ms step_avg:177.05ms
step:1919/4740 train_time:339753ms step_avg:177.05ms
step:1920/4740 train_time:340074ms step_avg:177.12ms
step:1921/4740 train_time:340257ms step_avg:177.12ms
step:1922/4740 train_time:340578ms step_avg:177.20ms
step:1923/4740 train_time:340760ms step_avg:177.20ms
step:1924/4740 train_time:341082ms step_avg:177.28ms
step:1925/4740 train_time:341262ms step_avg:177.28ms
step:1926/4740 train_time:341581ms step_avg:177.35ms
step:1927/4740 train_time:341762ms step_avg:177.35ms
step:1928/4740 train_time:342083ms step_avg:177.43ms
step:1929/4740 train_time:342264ms step_avg:177.43ms
step:1930/4740 train_time:342583ms step_avg:177.50ms
step:1931/4740 train_time:342765ms step_avg:177.51ms
step:1932/4740 train_time:343084ms step_avg:177.58ms
step:1933/4740 train_time:343264ms step_avg:177.58ms
step:1934/4740 train_time:343583ms step_avg:177.65ms
step:1935/4740 train_time:343762ms step_avg:177.65ms
step:1936/4740 train_time:344084ms step_avg:177.73ms
step:1937/4740 train_time:344260ms step_avg:177.73ms
step:1938/4740 train_time:344581ms step_avg:177.80ms
step:1939/4740 train_time:344762ms step_avg:177.80ms
step:1940/4740 train_time:345081ms step_avg:177.88ms
step:1941/4740 train_time:345258ms step_avg:177.88ms
step:1942/4740 train_time:345581ms step_avg:177.95ms
step:1943/4740 train_time:345761ms step_avg:177.95ms
step:1944/4740 train_time:346077ms step_avg:178.02ms
step:1945/4740 train_time:346257ms step_avg:178.02ms
step:1946/4740 train_time:346577ms step_avg:178.10ms
step:1947/4740 train_time:346757ms step_avg:178.10ms
step:1948/4740 train_time:347078ms step_avg:178.17ms
step:1949/4740 train_time:347258ms step_avg:178.17ms
step:1950/4740 train_time:347576ms step_avg:178.24ms
step:1951/4740 train_time:347757ms step_avg:178.25ms
step:1952/4740 train_time:348078ms step_avg:178.32ms
step:1953/4740 train_time:348256ms step_avg:178.32ms
step:1954/4740 train_time:348577ms step_avg:178.39ms
step:1955/4740 train_time:348762ms step_avg:178.40ms
step:1956/4740 train_time:349080ms step_avg:178.47ms
step:1957/4740 train_time:349261ms step_avg:178.47ms
step:1958/4740 train_time:349578ms step_avg:178.54ms
step:1959/4740 train_time:349758ms step_avg:178.54ms
step:1960/4740 train_time:350079ms step_avg:178.61ms
step:1961/4740 train_time:350259ms step_avg:178.61ms
step:1962/4740 train_time:350581ms step_avg:178.69ms
step:1963/4740 train_time:350759ms step_avg:178.69ms
step:1964/4740 train_time:351083ms step_avg:178.76ms
step:1965/4740 train_time:351263ms step_avg:178.76ms
step:1966/4740 train_time:351585ms step_avg:178.83ms
step:1967/4740 train_time:351765ms step_avg:178.83ms
step:1968/4740 train_time:352088ms step_avg:178.91ms
step:1969/4740 train_time:352267ms step_avg:178.91ms
step:1970/4740 train_time:352588ms step_avg:178.98ms
step:1971/4740 train_time:352768ms step_avg:178.98ms
step:1972/4740 train_time:353090ms step_avg:179.05ms
step:1973/4740 train_time:353268ms step_avg:179.05ms
step:1974/4740 train_time:353586ms step_avg:179.12ms
step:1975/4740 train_time:353770ms step_avg:179.12ms
step:1976/4740 train_time:354087ms step_avg:179.19ms
step:1977/4740 train_time:354265ms step_avg:179.19ms
step:1978/4740 train_time:354585ms step_avg:179.26ms
step:1979/4740 train_time:354768ms step_avg:179.27ms
step:1980/4740 train_time:355090ms step_avg:179.34ms
step:1981/4740 train_time:355271ms step_avg:179.34ms
step:1982/4740 train_time:355595ms step_avg:179.41ms
step:1983/4740 train_time:355775ms step_avg:179.41ms
step:1984/4740 train_time:356092ms step_avg:179.48ms
step:1985/4740 train_time:356274ms step_avg:179.48ms
step:1986/4740 train_time:356594ms step_avg:179.55ms
step:1987/4740 train_time:356775ms step_avg:179.55ms
step:1988/4740 train_time:357098ms step_avg:179.63ms
step:1989/4740 train_time:357279ms step_avg:179.63ms
step:1990/4740 train_time:357599ms step_avg:179.70ms
step:1991/4740 train_time:357778ms step_avg:179.70ms
step:1992/4740 train_time:358096ms step_avg:179.77ms
step:1993/4740 train_time:358277ms step_avg:179.77ms
step:1994/4740 train_time:358596ms step_avg:179.84ms
step:1995/4740 train_time:358775ms step_avg:179.84ms
step:1996/4740 train_time:359095ms step_avg:179.91ms
step:1997/4740 train_time:359277ms step_avg:179.91ms
step:1998/4740 train_time:359601ms step_avg:179.98ms
step:1999/4740 train_time:359780ms step_avg:179.98ms
step:2000/4740 train_time:360099ms step_avg:180.05ms
step:2000/4740 val_loss:3.2897 train_time:360227ms step_avg:180.11ms
step:2001/4740 train_time:360284ms step_avg:180.05ms
step:2002/4740 train_time:360606ms step_avg:180.12ms
step:2003/4740 train_time:360789ms step_avg:180.12ms
step:2004/4740 train_time:361105ms step_avg:180.19ms
step:2005/4740 train_time:361287ms step_avg:180.19ms
step:2006/4740 train_time:361608ms step_avg:180.26ms
step:2007/4740 train_time:361794ms step_avg:180.27ms
step:2008/4740 train_time:362113ms step_avg:180.34ms
step:2009/4740 train_time:362293ms step_avg:180.33ms
step:2010/4740 train_time:362612ms step_avg:180.40ms
step:2011/4740 train_time:362794ms step_avg:180.40ms
step:2012/4740 train_time:363111ms step_avg:180.47ms
step:2013/4740 train_time:363294ms step_avg:180.47ms
step:2014/4740 train_time:363615ms step_avg:180.54ms
step:2015/4740 train_time:363797ms step_avg:180.54ms
step:2016/4740 train_time:364118ms step_avg:180.61ms
step:2017/4740 train_time:364298ms step_avg:180.61ms
step:2018/4740 train_time:364619ms step_avg:180.68ms
step:2019/4740 train_time:364799ms step_avg:180.68ms
step:2020/4740 train_time:365117ms step_avg:180.75ms
step:2021/4740 train_time:365299ms step_avg:180.75ms
step:2022/4740 train_time:365618ms step_avg:180.82ms
step:2023/4740 train_time:365799ms step_avg:180.82ms
step:2024/4740 train_time:366118ms step_avg:180.89ms
step:2025/4740 train_time:366300ms step_avg:180.89ms
step:2026/4740 train_time:366619ms step_avg:180.96ms
step:2027/4740 train_time:366800ms step_avg:180.96ms
step:2028/4740 train_time:367117ms step_avg:181.02ms
step:2029/4740 train_time:367299ms step_avg:181.02ms
step:2030/4740 train_time:367620ms step_avg:181.09ms
step:2031/4740 train_time:367802ms step_avg:181.09ms
step:2032/4740 train_time:368122ms step_avg:181.16ms
step:2033/4740 train_time:368302ms step_avg:181.16ms
step:2034/4740 train_time:368627ms step_avg:181.23ms
step:2035/4740 train_time:368806ms step_avg:181.23ms
step:2036/4740 train_time:369126ms step_avg:181.30ms
step:2037/4740 train_time:369302ms step_avg:181.30ms
step:2038/4740 train_time:369629ms step_avg:181.37ms
step:2039/4740 train_time:369806ms step_avg:181.37ms
step:2040/4740 train_time:370131ms step_avg:181.44ms
step:2041/4740 train_time:370308ms step_avg:181.43ms
step:2042/4740 train_time:370630ms step_avg:181.50ms
step:2043/4740 train_time:370810ms step_avg:181.50ms
step:2044/4740 train_time:371130ms step_avg:181.57ms
step:2045/4740 train_time:371312ms step_avg:181.57ms
step:2046/4740 train_time:371633ms step_avg:181.64ms
step:2047/4740 train_time:371813ms step_avg:181.64ms
step:2048/4740 train_time:372133ms step_avg:181.71ms
step:2049/4740 train_time:372314ms step_avg:181.71ms
step:2050/4740 train_time:372633ms step_avg:181.77ms
step:2051/4740 train_time:372820ms step_avg:181.77ms
step:2052/4740 train_time:373143ms step_avg:181.84ms
step:2053/4740 train_time:373323ms step_avg:181.84ms
step:2054/4740 train_time:373641ms step_avg:181.91ms
step:2055/4740 train_time:373823ms step_avg:181.91ms
step:2056/4740 train_time:374145ms step_avg:181.98ms
step:2057/4740 train_time:374326ms step_avg:181.98ms
step:2058/4740 train_time:374648ms step_avg:182.04ms
step:2059/4740 train_time:374830ms step_avg:182.04ms
step:2060/4740 train_time:375150ms step_avg:182.11ms
step:2061/4740 train_time:375328ms step_avg:182.11ms
step:2062/4740 train_time:375650ms step_avg:182.18ms
step:2063/4740 train_time:375828ms step_avg:182.18ms
step:2064/4740 train_time:376149ms step_avg:182.24ms
step:2065/4740 train_time:376334ms step_avg:182.24ms
step:2066/4740 train_time:376655ms step_avg:182.31ms
step:2067/4740 train_time:376834ms step_avg:182.31ms
step:2068/4740 train_time:377155ms step_avg:182.38ms
step:2069/4740 train_time:377338ms step_avg:182.38ms
step:2070/4740 train_time:377656ms step_avg:182.44ms
step:2071/4740 train_time:377840ms step_avg:182.44ms
step:2072/4740 train_time:378160ms step_avg:182.51ms
step:2073/4740 train_time:378343ms step_avg:182.51ms
step:2074/4740 train_time:378660ms step_avg:182.57ms
step:2075/4740 train_time:378845ms step_avg:182.58ms
step:2076/4740 train_time:379164ms step_avg:182.64ms
step:2077/4740 train_time:379345ms step_avg:182.64ms
step:2078/4740 train_time:379662ms step_avg:182.71ms
step:2079/4740 train_time:379844ms step_avg:182.71ms
step:2080/4740 train_time:380160ms step_avg:182.77ms
step:2081/4740 train_time:380342ms step_avg:182.77ms
step:2082/4740 train_time:380658ms step_avg:182.83ms
step:2083/4740 train_time:380838ms step_avg:182.83ms
step:2084/4740 train_time:381159ms step_avg:182.90ms
step:2085/4740 train_time:381339ms step_avg:182.90ms
step:2086/4740 train_time:381655ms step_avg:182.96ms
step:2087/4740 train_time:381837ms step_avg:182.96ms
step:2088/4740 train_time:382159ms step_avg:183.03ms
step:2089/4740 train_time:382341ms step_avg:183.03ms
step:2090/4740 train_time:382663ms step_avg:183.09ms
step:2091/4740 train_time:382843ms step_avg:183.09ms
step:2092/4740 train_time:383163ms step_avg:183.16ms
step:2093/4740 train_time:383344ms step_avg:183.16ms
step:2094/4740 train_time:383667ms step_avg:183.22ms
step:2095/4740 train_time:383846ms step_avg:183.22ms
step:2096/4740 train_time:384168ms step_avg:183.29ms
step:2097/4740 train_time:384347ms step_avg:183.28ms
step:2098/4740 train_time:384669ms step_avg:183.35ms
step:2099/4740 train_time:384855ms step_avg:183.35ms
step:2100/4740 train_time:385174ms step_avg:183.42ms
step:2101/4740 train_time:385353ms step_avg:183.41ms
step:2102/4740 train_time:385672ms step_avg:183.48ms
step:2103/4740 train_time:385858ms step_avg:183.48ms
step:2104/4740 train_time:386181ms step_avg:183.55ms
step:2105/4740 train_time:386360ms step_avg:183.54ms
step:2106/4740 train_time:386679ms step_avg:183.61ms
step:2107/4740 train_time:386864ms step_avg:183.61ms
step:2108/4740 train_time:387188ms step_avg:183.68ms
step:2109/4740 train_time:387370ms step_avg:183.67ms
step:2110/4740 train_time:387691ms step_avg:183.74ms
step:2111/4740 train_time:387869ms step_avg:183.74ms
step:2112/4740 train_time:388190ms step_avg:183.80ms
step:2113/4740 train_time:388373ms step_avg:183.80ms
step:2114/4740 train_time:388692ms step_avg:183.87ms
step:2115/4740 train_time:388874ms step_avg:183.86ms
step:2116/4740 train_time:389193ms step_avg:183.93ms
step:2117/4740 train_time:389377ms step_avg:183.93ms
step:2118/4740 train_time:389698ms step_avg:183.99ms
step:2119/4740 train_time:389877ms step_avg:183.99ms
step:2120/4740 train_time:390195ms step_avg:184.05ms
step:2121/4740 train_time:390379ms step_avg:184.05ms
step:2122/4740 train_time:390701ms step_avg:184.12ms
step:2123/4740 train_time:390882ms step_avg:184.12ms
step:2124/4740 train_time:391203ms step_avg:184.18ms
step:2125/4740 train_time:391383ms step_avg:184.18ms
step:2126/4740 train_time:391701ms step_avg:184.24ms
step:2127/4740 train_time:391881ms step_avg:184.24ms
step:2128/4740 train_time:392202ms step_avg:184.31ms
step:2129/4740 train_time:392383ms step_avg:184.30ms
step:2130/4740 train_time:392705ms step_avg:184.37ms
step:2131/4740 train_time:392884ms step_avg:184.37ms
step:2132/4740 train_time:393206ms step_avg:184.43ms
step:2133/4740 train_time:393383ms step_avg:184.43ms
step:2134/4740 train_time:393699ms step_avg:184.49ms
step:2135/4740 train_time:393882ms step_avg:184.49ms
step:2136/4740 train_time:394202ms step_avg:184.55ms
step:2137/4740 train_time:394380ms step_avg:184.55ms
step:2138/4740 train_time:394702ms step_avg:184.61ms
step:2139/4740 train_time:394886ms step_avg:184.61ms
step:2140/4740 train_time:395207ms step_avg:184.68ms
step:2141/4740 train_time:395389ms step_avg:184.67ms
step:2142/4740 train_time:395709ms step_avg:184.74ms
step:2143/4740 train_time:395889ms step_avg:184.74ms
step:2144/4740 train_time:396209ms step_avg:184.80ms
step:2145/4740 train_time:396388ms step_avg:184.80ms
step:2146/4740 train_time:396710ms step_avg:184.86ms
step:2147/4740 train_time:396894ms step_avg:184.86ms
step:2148/4740 train_time:397211ms step_avg:184.92ms
step:2149/4740 train_time:397391ms step_avg:184.92ms
step:2150/4740 train_time:397711ms step_avg:184.98ms
step:2151/4740 train_time:397892ms step_avg:184.98ms
step:2152/4740 train_time:398209ms step_avg:185.04ms
step:2153/4740 train_time:398394ms step_avg:185.04ms
step:2154/4740 train_time:398717ms step_avg:185.11ms
step:2155/4740 train_time:398897ms step_avg:185.10ms
step:2156/4740 train_time:399216ms step_avg:185.17ms
step:2157/4740 train_time:399397ms step_avg:185.16ms
step:2158/4740 train_time:399715ms step_avg:185.22ms
step:2159/4740 train_time:399900ms step_avg:185.22ms
step:2160/4740 train_time:400217ms step_avg:185.29ms
step:2161/4740 train_time:400403ms step_avg:185.29ms
step:2162/4740 train_time:400724ms step_avg:185.35ms
step:2163/4740 train_time:400904ms step_avg:185.35ms
step:2164/4740 train_time:401221ms step_avg:185.41ms
step:2165/4740 train_time:401402ms step_avg:185.41ms
step:2166/4740 train_time:401726ms step_avg:185.47ms
step:2167/4740 train_time:401908ms step_avg:185.47ms
step:2168/4740 train_time:402228ms step_avg:185.53ms
step:2169/4740 train_time:402411ms step_avg:185.53ms
step:2170/4740 train_time:402731ms step_avg:185.59ms
step:2171/4740 train_time:402909ms step_avg:185.59ms
step:2172/4740 train_time:403231ms step_avg:185.65ms
step:2173/4740 train_time:403413ms step_avg:185.65ms
step:2174/4740 train_time:403734ms step_avg:185.71ms
step:2175/4740 train_time:403919ms step_avg:185.71ms
step:2176/4740 train_time:404240ms step_avg:185.77ms
step:2177/4740 train_time:404425ms step_avg:185.77ms
step:2178/4740 train_time:404744ms step_avg:185.83ms
step:2179/4740 train_time:404924ms step_avg:185.83ms
step:2180/4740 train_time:405244ms step_avg:185.89ms
step:2181/4740 train_time:405423ms step_avg:185.89ms
step:2182/4740 train_time:405743ms step_avg:185.95ms
step:2183/4740 train_time:405922ms step_avg:185.95ms
step:2184/4740 train_time:406241ms step_avg:186.01ms
step:2185/4740 train_time:406424ms step_avg:186.01ms
step:2186/4740 train_time:406743ms step_avg:186.07ms
step:2187/4740 train_time:406924ms step_avg:186.06ms
step:2188/4740 train_time:407242ms step_avg:186.13ms
step:2189/4740 train_time:407423ms step_avg:186.12ms
step:2190/4740 train_time:407742ms step_avg:186.18ms
step:2191/4740 train_time:407922ms step_avg:186.18ms
step:2192/4740 train_time:408243ms step_avg:186.24ms
step:2193/4740 train_time:408425ms step_avg:186.24ms
step:2194/4740 train_time:408748ms step_avg:186.30ms
step:2195/4740 train_time:408926ms step_avg:186.30ms
step:2196/4740 train_time:409249ms step_avg:186.36ms
step:2197/4740 train_time:409432ms step_avg:186.36ms
step:2198/4740 train_time:409752ms step_avg:186.42ms
step:2199/4740 train_time:409933ms step_avg:186.42ms
step:2200/4740 train_time:410250ms step_avg:186.48ms
step:2201/4740 train_time:410433ms step_avg:186.48ms
step:2202/4740 train_time:410755ms step_avg:186.54ms
step:2203/4740 train_time:410936ms step_avg:186.53ms
step:2204/4740 train_time:411253ms step_avg:186.59ms
step:2205/4740 train_time:411441ms step_avg:186.59ms
step:2206/4740 train_time:411760ms step_avg:186.65ms
step:2207/4740 train_time:411941ms step_avg:186.65ms
step:2208/4740 train_time:412260ms step_avg:186.71ms
step:2209/4740 train_time:412441ms step_avg:186.71ms
step:2210/4740 train_time:412760ms step_avg:186.77ms
step:2211/4740 train_time:412944ms step_avg:186.77ms
step:2212/4740 train_time:413261ms step_avg:186.83ms
step:2213/4740 train_time:413443ms step_avg:186.82ms
step:2214/4740 train_time:413760ms step_avg:186.88ms
step:2215/4740 train_time:413944ms step_avg:186.88ms
step:2216/4740 train_time:414258ms step_avg:186.94ms
step:2217/4740 train_time:414441ms step_avg:186.94ms
step:2218/4740 train_time:414759ms step_avg:187.00ms
step:2219/4740 train_time:414943ms step_avg:187.00ms
step:2220/4740 train_time:415267ms step_avg:187.06ms
step:2221/4740 train_time:415452ms step_avg:187.06ms
step:2222/4740 train_time:415772ms step_avg:187.12ms
step:2223/4740 train_time:415953ms step_avg:187.11ms
step:2224/4740 train_time:416273ms step_avg:187.17ms
step:2225/4740 train_time:416454ms step_avg:187.17ms
step:2226/4740 train_time:416776ms step_avg:187.23ms
step:2227/4740 train_time:416958ms step_avg:187.23ms
step:2228/4740 train_time:417280ms step_avg:187.29ms
step:2229/4740 train_time:417459ms step_avg:187.29ms
step:2230/4740 train_time:417781ms step_avg:187.35ms
step:2231/4740 train_time:417961ms step_avg:187.34ms
step:2232/4740 train_time:418281ms step_avg:187.40ms
step:2233/4740 train_time:418462ms step_avg:187.40ms
step:2234/4740 train_time:418780ms step_avg:187.46ms
step:2235/4740 train_time:418965ms step_avg:187.46ms
step:2236/4740 train_time:419281ms step_avg:187.51ms
step:2237/4740 train_time:419461ms step_avg:187.51ms
step:2238/4740 train_time:419781ms step_avg:187.57ms
step:2239/4740 train_time:419966ms step_avg:187.57ms
step:2240/4740 train_time:420284ms step_avg:187.63ms
step:2241/4740 train_time:420466ms step_avg:187.62ms
step:2242/4740 train_time:420789ms step_avg:187.68ms
step:2243/4740 train_time:420967ms step_avg:187.68ms
step:2244/4740 train_time:421286ms step_avg:187.74ms
step:2245/4740 train_time:421464ms step_avg:187.73ms
step:2246/4740 train_time:421783ms step_avg:187.79ms
step:2247/4740 train_time:421962ms step_avg:187.79ms
step:2248/4740 train_time:422285ms step_avg:187.85ms
step:2249/4740 train_time:422465ms step_avg:187.85ms
step:2250/4740 train_time:422788ms step_avg:187.91ms
step:2250/4740 val_loss:3.2504 train_time:422915ms step_avg:187.96ms
step:2251/4740 train_time:422972ms step_avg:187.90ms
step:2252/4740 train_time:423296ms step_avg:187.96ms
step:2253/4740 train_time:423476ms step_avg:187.96ms
step:2254/4740 train_time:423791ms step_avg:188.02ms
step:2255/4740 train_time:423973ms step_avg:188.01ms
step:2256/4740 train_time:424297ms step_avg:188.07ms
step:2257/4740 train_time:424478ms step_avg:188.07ms
step:2258/4740 train_time:424796ms step_avg:188.13ms
step:2259/4740 train_time:424976ms step_avg:188.13ms
step:2260/4740 train_time:425300ms step_avg:188.19ms
step:2261/4740 train_time:425484ms step_avg:188.18ms
step:2262/4740 train_time:425807ms step_avg:188.24ms
step:2263/4740 train_time:425985ms step_avg:188.24ms
step:2264/4740 train_time:426310ms step_avg:188.30ms
step:2265/4740 train_time:426488ms step_avg:188.30ms
step:2266/4740 train_time:426810ms step_avg:188.35ms
step:2267/4740 train_time:426989ms step_avg:188.35ms
step:2268/4740 train_time:427309ms step_avg:188.41ms
step:2269/4740 train_time:427493ms step_avg:188.41ms
step:2270/4740 train_time:427814ms step_avg:188.46ms
step:2271/4740 train_time:427995ms step_avg:188.46ms
step:2272/4740 train_time:428313ms step_avg:188.52ms
step:2273/4740 train_time:428494ms step_avg:188.51ms
step:2274/4740 train_time:428814ms step_avg:188.57ms
step:2275/4740 train_time:428995ms step_avg:188.57ms
step:2276/4740 train_time:429314ms step_avg:188.63ms
step:2277/4740 train_time:429494ms step_avg:188.62ms
step:2278/4740 train_time:429815ms step_avg:188.68ms
step:2279/4740 train_time:429995ms step_avg:188.68ms
step:2280/4740 train_time:430314ms step_avg:188.73ms
step:2281/4740 train_time:430500ms step_avg:188.73ms
step:2282/4740 train_time:430820ms step_avg:188.79ms
step:2283/4740 train_time:431000ms step_avg:188.79ms
step:2284/4740 train_time:431318ms step_avg:188.84ms
step:2285/4740 train_time:431500ms step_avg:188.84ms
step:2286/4740 train_time:431820ms step_avg:188.90ms
step:2287/4740 train_time:432003ms step_avg:188.89ms
step:2288/4740 train_time:432319ms step_avg:188.95ms
step:2289/4740 train_time:432503ms step_avg:188.95ms
step:2290/4740 train_time:432823ms step_avg:189.01ms
step:2291/4740 train_time:433005ms step_avg:189.00ms
step:2292/4740 train_time:433323ms step_avg:189.06ms
step:2293/4740 train_time:433506ms step_avg:189.06ms
step:2294/4740 train_time:433824ms step_avg:189.11ms
step:2295/4740 train_time:434004ms step_avg:189.11ms
step:2296/4740 train_time:434322ms step_avg:189.16ms
step:2297/4740 train_time:434504ms step_avg:189.16ms
step:2298/4740 train_time:434824ms step_avg:189.22ms
step:2299/4740 train_time:435005ms step_avg:189.22ms
step:2300/4740 train_time:435319ms step_avg:189.27ms
step:2301/4740 train_time:435507ms step_avg:189.27ms
step:2302/4740 train_time:435829ms step_avg:189.33ms
step:2303/4740 train_time:436011ms step_avg:189.32ms
step:2304/4740 train_time:436333ms step_avg:189.38ms
step:2305/4740 train_time:436511ms step_avg:189.38ms
step:2306/4740 train_time:436834ms step_avg:189.43ms
step:2307/4740 train_time:437014ms step_avg:189.43ms
step:2308/4740 train_time:437337ms step_avg:189.49ms
step:2309/4740 train_time:437513ms step_avg:189.48ms
step:2310/4740 train_time:437836ms step_avg:189.54ms
step:2311/4740 train_time:438016ms step_avg:189.54ms
step:2312/4740 train_time:438334ms step_avg:189.59ms
step:2313/4740 train_time:438515ms step_avg:189.59ms
step:2314/4740 train_time:438837ms step_avg:189.64ms
step:2315/4740 train_time:439017ms step_avg:189.64ms
step:2316/4740 train_time:439337ms step_avg:189.70ms
step:2317/4740 train_time:439518ms step_avg:189.69ms
step:2318/4740 train_time:439838ms step_avg:189.75ms
step:2319/4740 train_time:440021ms step_avg:189.75ms
step:2320/4740 train_time:440340ms step_avg:189.80ms
step:2321/4740 train_time:440521ms step_avg:189.80ms
step:2322/4740 train_time:440842ms step_avg:189.85ms
step:2323/4740 train_time:441022ms step_avg:189.85ms
step:2324/4740 train_time:441341ms step_avg:189.91ms
step:2325/4740 train_time:441523ms step_avg:189.90ms
step:2326/4740 train_time:441844ms step_avg:189.96ms
step:2327/4740 train_time:442027ms step_avg:189.96ms
step:2328/4740 train_time:442347ms step_avg:190.01ms
step:2329/4740 train_time:442527ms step_avg:190.01ms
step:2330/4740 train_time:442847ms step_avg:190.06ms
step:2331/4740 train_time:443024ms step_avg:190.06ms
step:2332/4740 train_time:443346ms step_avg:190.11ms
step:2333/4740 train_time:443526ms step_avg:190.11ms
step:2334/4740 train_time:443846ms step_avg:190.17ms
step:2335/4740 train_time:444028ms step_avg:190.16ms
step:2336/4740 train_time:444346ms step_avg:190.22ms
step:2337/4740 train_time:444527ms step_avg:190.21ms
step:2338/4740 train_time:444845ms step_avg:190.27ms
step:2339/4740 train_time:445027ms step_avg:190.26ms
step:2340/4740 train_time:445352ms step_avg:190.32ms
step:2341/4740 train_time:445532ms step_avg:190.32ms
step:2342/4740 train_time:445851ms step_avg:190.37ms
step:2343/4740 train_time:446033ms step_avg:190.37ms
step:2344/4740 train_time:446356ms step_avg:190.42ms
step:2345/4740 train_time:446534ms step_avg:190.42ms
step:2346/4740 train_time:446853ms step_avg:190.47ms
step:2347/4740 train_time:447031ms step_avg:190.47ms
step:2348/4740 train_time:447354ms step_avg:190.53ms
step:2349/4740 train_time:447535ms step_avg:190.52ms
step:2350/4740 train_time:447851ms step_avg:190.57ms
step:2351/4740 train_time:448036ms step_avg:190.57ms
step:2352/4740 train_time:448359ms step_avg:190.63ms
step:2353/4740 train_time:448538ms step_avg:190.62ms
step:2354/4740 train_time:448857ms step_avg:190.68ms
step:2355/4740 train_time:449037ms step_avg:190.67ms
step:2356/4740 train_time:449360ms step_avg:190.73ms
step:2357/4740 train_time:449541ms step_avg:190.73ms
step:2358/4740 train_time:449862ms step_avg:190.78ms
step:2359/4740 train_time:450049ms step_avg:190.78ms
step:2360/4740 train_time:450370ms step_avg:190.83ms
step:2361/4740 train_time:450556ms step_avg:190.83ms
step:2362/4740 train_time:450874ms step_avg:190.89ms
step:2363/4740 train_time:451053ms step_avg:190.88ms
step:2364/4740 train_time:451375ms step_avg:190.94ms
step:2365/4740 train_time:451556ms step_avg:190.93ms
step:2366/4740 train_time:451880ms step_avg:190.99ms
step:2367/4740 train_time:452063ms step_avg:190.99ms
step:2368/4740 train_time:452384ms step_avg:191.04ms
step:2369/4740 train_time:452564ms step_avg:191.04ms
step:2370/4740 train_time:452885ms step_avg:191.09ms
step:2371/4740 train_time:453068ms step_avg:191.09ms
step:2372/4740 train_time:453391ms step_avg:191.14ms
step:2373/4740 train_time:453572ms step_avg:191.14ms
step:2374/4740 train_time:453893ms step_avg:191.19ms
step:2375/4740 train_time:454076ms step_avg:191.19ms
step:2376/4740 train_time:454396ms step_avg:191.24ms
step:2377/4740 train_time:454580ms step_avg:191.24ms
step:2378/4740 train_time:454899ms step_avg:191.29ms
step:2379/4740 train_time:455084ms step_avg:191.29ms
step:2380/4740 train_time:455407ms step_avg:191.35ms
step:2381/4740 train_time:455590ms step_avg:191.34ms
step:2382/4740 train_time:455910ms step_avg:191.40ms
step:2383/4740 train_time:456092ms step_avg:191.39ms
step:2384/4740 train_time:456415ms step_avg:191.45ms
step:2385/4740 train_time:456597ms step_avg:191.45ms
step:2386/4740 train_time:456915ms step_avg:191.50ms
step:2387/4740 train_time:457097ms step_avg:191.49ms
step:2388/4740 train_time:457418ms step_avg:191.55ms
step:2389/4740 train_time:457601ms step_avg:191.55ms
step:2390/4740 train_time:457922ms step_avg:191.60ms
step:2391/4740 train_time:458103ms step_avg:191.59ms
step:2392/4740 train_time:458428ms step_avg:191.65ms
step:2393/4740 train_time:458608ms step_avg:191.65ms
step:2394/4740 train_time:458926ms step_avg:191.70ms
step:2395/4740 train_time:459105ms step_avg:191.69ms
step:2396/4740 train_time:459426ms step_avg:191.75ms
step:2397/4740 train_time:459607ms step_avg:191.74ms
step:2398/4740 train_time:459930ms step_avg:191.80ms
step:2399/4740 train_time:460113ms step_avg:191.79ms
step:2400/4740 train_time:460431ms step_avg:191.85ms
step:2401/4740 train_time:460613ms step_avg:191.84ms
step:2402/4740 train_time:460933ms step_avg:191.90ms
step:2403/4740 train_time:461119ms step_avg:191.89ms
step:2404/4740 train_time:461444ms step_avg:191.95ms
step:2405/4740 train_time:461623ms step_avg:191.94ms
step:2406/4740 train_time:461943ms step_avg:192.00ms
step:2407/4740 train_time:462125ms step_avg:191.99ms
step:2408/4740 train_time:462446ms step_avg:192.05ms
step:2409/4740 train_time:462628ms step_avg:192.04ms
step:2410/4740 train_time:462948ms step_avg:192.09ms
step:2411/4740 train_time:463130ms step_avg:192.09ms
step:2412/4740 train_time:463452ms step_avg:192.14ms
step:2413/4740 train_time:463637ms step_avg:192.14ms
step:2414/4740 train_time:463953ms step_avg:192.19ms
step:2415/4740 train_time:464134ms step_avg:192.19ms
step:2416/4740 train_time:464459ms step_avg:192.24ms
step:2417/4740 train_time:464641ms step_avg:192.24ms
step:2418/4740 train_time:464961ms step_avg:192.29ms
step:2419/4740 train_time:465140ms step_avg:192.29ms
step:2420/4740 train_time:465466ms step_avg:192.34ms
step:2421/4740 train_time:465646ms step_avg:192.34ms
step:2422/4740 train_time:465966ms step_avg:192.39ms
step:2423/4740 train_time:466150ms step_avg:192.39ms
step:2424/4740 train_time:466475ms step_avg:192.44ms
step:2425/4740 train_time:466663ms step_avg:192.44ms
step:2426/4740 train_time:466986ms step_avg:192.49ms
step:2427/4740 train_time:467166ms step_avg:192.49ms
step:2428/4740 train_time:467490ms step_avg:192.54ms
step:2429/4740 train_time:467674ms step_avg:192.54ms
step:2430/4740 train_time:467991ms step_avg:192.59ms
step:2431/4740 train_time:468177ms step_avg:192.59ms
step:2432/4740 train_time:468498ms step_avg:192.64ms
step:2433/4740 train_time:468682ms step_avg:192.64ms
step:2434/4740 train_time:468996ms step_avg:192.69ms
step:2435/4740 train_time:469182ms step_avg:192.68ms
step:2436/4740 train_time:469504ms step_avg:192.74ms
step:2437/4740 train_time:469687ms step_avg:192.73ms
step:2438/4740 train_time:470010ms step_avg:192.79ms
step:2439/4740 train_time:470192ms step_avg:192.78ms
step:2440/4740 train_time:470511ms step_avg:192.83ms
step:2441/4740 train_time:470690ms step_avg:192.83ms
step:2442/4740 train_time:471011ms step_avg:192.88ms
step:2443/4740 train_time:471194ms step_avg:192.88ms
step:2444/4740 train_time:471513ms step_avg:192.93ms
step:2445/4740 train_time:471697ms step_avg:192.92ms
step:2446/4740 train_time:472014ms step_avg:192.97ms
step:2447/4740 train_time:472196ms step_avg:192.97ms
step:2448/4740 train_time:472516ms step_avg:193.02ms
step:2449/4740 train_time:472699ms step_avg:193.02ms
step:2450/4740 train_time:473020ms step_avg:193.07ms
step:2451/4740 train_time:473201ms step_avg:193.06ms
step:2452/4740 train_time:473525ms step_avg:193.12ms
step:2453/4740 train_time:473709ms step_avg:193.11ms
step:2454/4740 train_time:474034ms step_avg:193.17ms
step:2455/4740 train_time:474218ms step_avg:193.16ms
step:2456/4740 train_time:474536ms step_avg:193.21ms
step:2457/4740 train_time:474718ms step_avg:193.21ms
step:2458/4740 train_time:475040ms step_avg:193.26ms
step:2459/4740 train_time:475218ms step_avg:193.26ms
step:2460/4740 train_time:475543ms step_avg:193.31ms
step:2461/4740 train_time:475720ms step_avg:193.30ms
step:2462/4740 train_time:476042ms step_avg:193.36ms
step:2463/4740 train_time:476223ms step_avg:193.35ms
step:2464/4740 train_time:476547ms step_avg:193.40ms
step:2465/4740 train_time:476727ms step_avg:193.40ms
step:2466/4740 train_time:477048ms step_avg:193.45ms
step:2467/4740 train_time:477226ms step_avg:193.44ms
step:2468/4740 train_time:477550ms step_avg:193.50ms
step:2469/4740 train_time:477731ms step_avg:193.49ms
step:2470/4740 train_time:478051ms step_avg:193.54ms
step:2471/4740 train_time:478232ms step_avg:193.54ms
step:2472/4740 train_time:478553ms step_avg:193.59ms
step:2473/4740 train_time:478738ms step_avg:193.59ms
step:2474/4740 train_time:479058ms step_avg:193.64ms
step:2475/4740 train_time:479241ms step_avg:193.63ms
step:2476/4740 train_time:479562ms step_avg:193.68ms
step:2477/4740 train_time:479745ms step_avg:193.68ms
step:2478/4740 train_time:480063ms step_avg:193.73ms
step:2479/4740 train_time:480244ms step_avg:193.72ms
step:2480/4740 train_time:480566ms step_avg:193.78ms
step:2481/4740 train_time:480748ms step_avg:193.77ms
step:2482/4740 train_time:481068ms step_avg:193.82ms
step:2483/4740 train_time:481251ms step_avg:193.82ms
step:2484/4740 train_time:481570ms step_avg:193.87ms
step:2485/4740 train_time:481754ms step_avg:193.86ms
step:2486/4740 train_time:482071ms step_avg:193.91ms
step:2487/4740 train_time:482257ms step_avg:193.91ms
step:2488/4740 train_time:482575ms step_avg:193.96ms
step:2489/4740 train_time:482755ms step_avg:193.96ms
step:2490/4740 train_time:483073ms step_avg:194.01ms
step:2491/4740 train_time:483257ms step_avg:194.00ms
step:2492/4740 train_time:483579ms step_avg:194.05ms
step:2493/4740 train_time:483760ms step_avg:194.05ms
step:2494/4740 train_time:484079ms step_avg:194.10ms
step:2495/4740 train_time:484260ms step_avg:194.09ms
step:2496/4740 train_time:484581ms step_avg:194.14ms
step:2497/4740 train_time:484763ms step_avg:194.14ms
step:2498/4740 train_time:485083ms step_avg:194.19ms
step:2499/4740 train_time:485266ms step_avg:194.18ms
step:2500/4740 train_time:485590ms step_avg:194.24ms
step:2500/4740 val_loss:3.2102 train_time:485714ms step_avg:194.29ms
step:2501/4740 train_time:485771ms step_avg:194.23ms
step:2502/4740 train_time:486094ms step_avg:194.28ms
step:2503/4740 train_time:486280ms step_avg:194.28ms
step:2504/4740 train_time:486596ms step_avg:194.33ms
step:2505/4740 train_time:486777ms step_avg:194.32ms
step:2506/4740 train_time:487097ms step_avg:194.37ms
step:2507/4740 train_time:487285ms step_avg:194.37ms
step:2508/4740 train_time:487604ms step_avg:194.42ms
step:2509/4740 train_time:487784ms step_avg:194.41ms
step:2510/4740 train_time:488104ms step_avg:194.46ms
step:2511/4740 train_time:488285ms step_avg:194.46ms
step:2512/4740 train_time:488606ms step_avg:194.51ms
step:2513/4740 train_time:488783ms step_avg:194.50ms
step:2514/4740 train_time:489103ms step_avg:194.55ms
step:2515/4740 train_time:489287ms step_avg:194.55ms
step:2516/4740 train_time:489605ms step_avg:194.60ms
step:2517/4740 train_time:489789ms step_avg:194.59ms
step:2518/4740 train_time:490109ms step_avg:194.64ms
step:2519/4740 train_time:490289ms step_avg:194.64ms
step:2520/4740 train_time:490612ms step_avg:194.69ms
step:2521/4740 train_time:490792ms step_avg:194.68ms
step:2522/4740 train_time:491113ms step_avg:194.73ms
step:2523/4740 train_time:491293ms step_avg:194.73ms
step:2524/4740 train_time:491614ms step_avg:194.78ms
step:2525/4740 train_time:491797ms step_avg:194.77ms
step:2526/4740 train_time:492119ms step_avg:194.82ms
step:2527/4740 train_time:492301ms step_avg:194.82ms
step:2528/4740 train_time:492621ms step_avg:194.87ms
step:2529/4740 train_time:492803ms step_avg:194.86ms
step:2530/4740 train_time:493127ms step_avg:194.91ms
step:2531/4740 train_time:493308ms step_avg:194.91ms
step:2532/4740 train_time:493631ms step_avg:194.96ms
step:2533/4740 train_time:493813ms step_avg:194.95ms
step:2534/4740 train_time:494135ms step_avg:195.00ms
step:2535/4740 train_time:494317ms step_avg:195.00ms
step:2536/4740 train_time:494642ms step_avg:195.05ms
step:2537/4740 train_time:494824ms step_avg:195.04ms
step:2538/4740 train_time:495143ms step_avg:195.09ms
step:2539/4740 train_time:495323ms step_avg:195.09ms
step:2540/4740 train_time:495642ms step_avg:195.13ms
step:2541/4740 train_time:495827ms step_avg:195.13ms
step:2542/4740 train_time:496147ms step_avg:195.18ms
step:2543/4740 train_time:496330ms step_avg:195.17ms
step:2544/4740 train_time:496648ms step_avg:195.22ms
step:2545/4740 train_time:496832ms step_avg:195.22ms
step:2546/4740 train_time:497151ms step_avg:195.27ms
step:2547/4740 train_time:497334ms step_avg:195.26ms
step:2548/4740 train_time:497656ms step_avg:195.31ms
step:2549/4740 train_time:497837ms step_avg:195.31ms
step:2550/4740 train_time:498157ms step_avg:195.36ms
step:2551/4740 train_time:498342ms step_avg:195.35ms
step:2552/4740 train_time:498663ms step_avg:195.40ms
step:2553/4740 train_time:498843ms step_avg:195.39ms
step:2554/4740 train_time:499165ms step_avg:195.44ms
step:2555/4740 train_time:499348ms step_avg:195.44ms
step:2556/4740 train_time:499667ms step_avg:195.49ms
step:2557/4740 train_time:499848ms step_avg:195.48ms
step:2558/4740 train_time:500171ms step_avg:195.53ms
step:2559/4740 train_time:500353ms step_avg:195.53ms
step:2560/4740 train_time:500671ms step_avg:195.57ms
step:2561/4740 train_time:500857ms step_avg:195.57ms
step:2562/4740 train_time:501177ms step_avg:195.62ms
step:2563/4740 train_time:501362ms step_avg:195.62ms
step:2564/4740 train_time:501681ms step_avg:195.66ms
step:2565/4740 train_time:501865ms step_avg:195.66ms
step:2566/4740 train_time:502188ms step_avg:195.71ms
step:2567/4740 train_time:502367ms step_avg:195.70ms
step:2568/4740 train_time:502689ms step_avg:195.75ms
step:2569/4740 train_time:502869ms step_avg:195.74ms
step:2570/4740 train_time:503190ms step_avg:195.79ms
step:2571/4740 train_time:503372ms step_avg:195.79ms
step:2572/4740 train_time:503694ms step_avg:195.84ms
step:2573/4740 train_time:503875ms step_avg:195.83ms
step:2574/4740 train_time:504197ms step_avg:195.88ms
step:2575/4740 train_time:504379ms step_avg:195.88ms
step:2576/4740 train_time:504701ms step_avg:195.92ms
step:2577/4740 train_time:504884ms step_avg:195.92ms
step:2578/4740 train_time:505203ms step_avg:195.97ms
step:2579/4740 train_time:505386ms step_avg:195.96ms
step:2580/4740 train_time:505707ms step_avg:196.01ms
step:2581/4740 train_time:505888ms step_avg:196.00ms
step:2582/4740 train_time:506204ms step_avg:196.05ms
step:2583/4740 train_time:506383ms step_avg:196.04ms
step:2584/4740 train_time:506707ms step_avg:196.09ms
step:2585/4740 train_time:506887ms step_avg:196.09ms
step:2586/4740 train_time:507210ms step_avg:196.14ms
step:2587/4740 train_time:507391ms step_avg:196.13ms
step:2588/4740 train_time:507712ms step_avg:196.18ms
step:2589/4740 train_time:507890ms step_avg:196.17ms
step:2590/4740 train_time:508211ms step_avg:196.22ms
step:2591/4740 train_time:508391ms step_avg:196.21ms
step:2592/4740 train_time:508711ms step_avg:196.26ms
step:2593/4740 train_time:508894ms step_avg:196.26ms
step:2594/4740 train_time:509213ms step_avg:196.30ms
step:2595/4740 train_time:509399ms step_avg:196.30ms
step:2596/4740 train_time:509717ms step_avg:196.35ms
step:2597/4740 train_time:509901ms step_avg:196.34ms
step:2598/4740 train_time:510221ms step_avg:196.39ms
step:2599/4740 train_time:510406ms step_avg:196.39ms
step:2600/4740 train_time:510728ms step_avg:196.43ms
step:2601/4740 train_time:510908ms step_avg:196.43ms
step:2602/4740 train_time:511229ms step_avg:196.48ms
step:2603/4740 train_time:511410ms step_avg:196.47ms
step:2604/4740 train_time:511730ms step_avg:196.52ms
step:2605/4740 train_time:511909ms step_avg:196.51ms
step:2606/4740 train_time:512232ms step_avg:196.56ms
step:2607/4740 train_time:512411ms step_avg:196.55ms
step:2608/4740 train_time:512732ms step_avg:196.60ms
step:2609/4740 train_time:512913ms step_avg:196.59ms
step:2610/4740 train_time:513236ms step_avg:196.64ms
step:2611/4740 train_time:513419ms step_avg:196.64ms
step:2612/4740 train_time:513740ms step_avg:196.68ms
step:2613/4740 train_time:513919ms step_avg:196.68ms
step:2614/4740 train_time:514242ms step_avg:196.73ms
step:2615/4740 train_time:514426ms step_avg:196.72ms
step:2616/4740 train_time:514747ms step_avg:196.77ms
step:2617/4740 train_time:514927ms step_avg:196.76ms
step:2618/4740 train_time:515247ms step_avg:196.81ms
step:2619/4740 train_time:515429ms step_avg:196.80ms
step:2620/4740 train_time:515749ms step_avg:196.85ms
step:2621/4740 train_time:515928ms step_avg:196.84ms
step:2622/4740 train_time:516250ms step_avg:196.89ms
step:2623/4740 train_time:516432ms step_avg:196.89ms
step:2624/4740 train_time:516755ms step_avg:196.93ms
step:2625/4740 train_time:516938ms step_avg:196.93ms
step:2626/4740 train_time:517256ms step_avg:196.97ms
step:2627/4740 train_time:517436ms step_avg:196.97ms
step:2628/4740 train_time:517758ms step_avg:197.02ms
step:2629/4740 train_time:517940ms step_avg:197.01ms
step:2630/4740 train_time:518262ms step_avg:197.06ms
step:2631/4740 train_time:518445ms step_avg:197.05ms
step:2632/4740 train_time:518765ms step_avg:197.10ms
step:2633/4740 train_time:518949ms step_avg:197.09ms
step:2634/4740 train_time:519264ms step_avg:197.14ms
step:2635/4740 train_time:519453ms step_avg:197.14ms
step:2636/4740 train_time:519772ms step_avg:197.18ms
step:2637/4740 train_time:519955ms step_avg:197.18ms
step:2638/4740 train_time:520273ms step_avg:197.22ms
step:2639/4740 train_time:520457ms step_avg:197.22ms
step:2640/4740 train_time:520773ms step_avg:197.26ms
step:2641/4740 train_time:520956ms step_avg:197.26ms
step:2642/4740 train_time:521279ms step_avg:197.30ms
step:2643/4740 train_time:521459ms step_avg:197.30ms
step:2644/4740 train_time:521779ms step_avg:197.34ms
step:2645/4740 train_time:521960ms step_avg:197.34ms
step:2646/4740 train_time:522282ms step_avg:197.39ms
step:2647/4740 train_time:522467ms step_avg:197.38ms
step:2648/4740 train_time:522788ms step_avg:197.43ms
step:2649/4740 train_time:522970ms step_avg:197.42ms
step:2650/4740 train_time:523291ms step_avg:197.47ms
step:2651/4740 train_time:523473ms step_avg:197.46ms
step:2652/4740 train_time:523792ms step_avg:197.51ms
step:2653/4740 train_time:523972ms step_avg:197.50ms
step:2654/4740 train_time:524293ms step_avg:197.55ms
step:2655/4740 train_time:524476ms step_avg:197.54ms
step:2656/4740 train_time:524799ms step_avg:197.59ms
step:2657/4740 train_time:524982ms step_avg:197.58ms
step:2658/4740 train_time:525302ms step_avg:197.63ms
step:2659/4740 train_time:525485ms step_avg:197.63ms
step:2660/4740 train_time:525806ms step_avg:197.67ms
step:2661/4740 train_time:525986ms step_avg:197.66ms
step:2662/4740 train_time:526307ms step_avg:197.71ms
step:2663/4740 train_time:526491ms step_avg:197.71ms
step:2664/4740 train_time:526813ms step_avg:197.75ms
step:2665/4740 train_time:526998ms step_avg:197.75ms
step:2666/4740 train_time:527322ms step_avg:197.80ms
step:2667/4740 train_time:527501ms step_avg:197.79ms
step:2668/4740 train_time:527823ms step_avg:197.83ms
step:2669/4740 train_time:528004ms step_avg:197.83ms
step:2670/4740 train_time:528325ms step_avg:197.87ms
step:2671/4740 train_time:528507ms step_avg:197.87ms
step:2672/4740 train_time:528833ms step_avg:197.92ms
step:2673/4740 train_time:529015ms step_avg:197.91ms
step:2674/4740 train_time:529339ms step_avg:197.96ms
step:2675/4740 train_time:529519ms step_avg:197.95ms
step:2676/4740 train_time:529841ms step_avg:198.00ms
step:2677/4740 train_time:530023ms step_avg:197.99ms
step:2678/4740 train_time:530345ms step_avg:198.04ms
step:2679/4740 train_time:530529ms step_avg:198.03ms
step:2680/4740 train_time:530850ms step_avg:198.08ms
step:2681/4740 train_time:531035ms step_avg:198.07ms
step:2682/4740 train_time:531355ms step_avg:198.12ms
step:2683/4740 train_time:531535ms step_avg:198.11ms
step:2684/4740 train_time:531858ms step_avg:198.16ms
step:2685/4740 train_time:532041ms step_avg:198.15ms
step:2686/4740 train_time:532361ms step_avg:198.20ms
step:2687/4740 train_time:532542ms step_avg:198.19ms
step:2688/4740 train_time:532865ms step_avg:198.24ms
step:2689/4740 train_time:533046ms step_avg:198.23ms
step:2690/4740 train_time:533368ms step_avg:198.28ms
step:2691/4740 train_time:533548ms step_avg:198.27ms
step:2692/4740 train_time:533870ms step_avg:198.32ms
step:2693/4740 train_time:534052ms step_avg:198.31ms
step:2694/4740 train_time:534375ms step_avg:198.36ms
step:2695/4740 train_time:534554ms step_avg:198.35ms
step:2696/4740 train_time:534880ms step_avg:198.40ms
step:2697/4740 train_time:535061ms step_avg:198.39ms
step:2698/4740 train_time:535381ms step_avg:198.44ms
step:2699/4740 train_time:535565ms step_avg:198.43ms
step:2700/4740 train_time:535884ms step_avg:198.48ms
step:2701/4740 train_time:536067ms step_avg:198.47ms
step:2702/4740 train_time:536390ms step_avg:198.52ms
step:2703/4740 train_time:536568ms step_avg:198.51ms
step:2704/4740 train_time:536888ms step_avg:198.55ms
step:2705/4740 train_time:537070ms step_avg:198.55ms
step:2706/4740 train_time:537393ms step_avg:198.59ms
step:2707/4740 train_time:537574ms step_avg:198.59ms
step:2708/4740 train_time:537895ms step_avg:198.63ms
step:2709/4740 train_time:538076ms step_avg:198.63ms
step:2710/4740 train_time:538397ms step_avg:198.67ms
step:2711/4740 train_time:538575ms step_avg:198.66ms
step:2712/4740 train_time:538896ms step_avg:198.71ms
step:2713/4740 train_time:539077ms step_avg:198.70ms
step:2714/4740 train_time:539398ms step_avg:198.75ms
step:2715/4740 train_time:539582ms step_avg:198.74ms
step:2716/4740 train_time:539903ms step_avg:198.79ms
step:2717/4740 train_time:540084ms step_avg:198.78ms
step:2718/4740 train_time:540406ms step_avg:198.82ms
step:2719/4740 train_time:540587ms step_avg:198.82ms
step:2720/4740 train_time:540908ms step_avg:198.86ms
step:2721/4740 train_time:541087ms step_avg:198.86ms
step:2722/4740 train_time:541406ms step_avg:198.90ms
step:2723/4740 train_time:541590ms step_avg:198.89ms
step:2724/4740 train_time:541910ms step_avg:198.94ms
step:2725/4740 train_time:542090ms step_avg:198.93ms
step:2726/4740 train_time:542411ms step_avg:198.98ms
step:2727/4740 train_time:542594ms step_avg:198.97ms
step:2728/4740 train_time:542913ms step_avg:199.02ms
step:2729/4740 train_time:543098ms step_avg:199.01ms
step:2730/4740 train_time:543419ms step_avg:199.05ms
step:2731/4740 train_time:543598ms step_avg:199.05ms
step:2732/4740 train_time:543920ms step_avg:199.09ms
step:2733/4740 train_time:544099ms step_avg:199.08ms
step:2734/4740 train_time:544422ms step_avg:199.13ms
step:2735/4740 train_time:544603ms step_avg:199.12ms
step:2736/4740 train_time:544924ms step_avg:199.17ms
step:2737/4740 train_time:545103ms step_avg:199.16ms
step:2738/4740 train_time:545422ms step_avg:199.20ms
step:2739/4740 train_time:545605ms step_avg:199.20ms
step:2740/4740 train_time:545924ms step_avg:199.24ms
step:2741/4740 train_time:546105ms step_avg:199.24ms
step:2742/4740 train_time:546424ms step_avg:199.28ms
step:2743/4740 train_time:546608ms step_avg:199.27ms
step:2744/4740 train_time:546931ms step_avg:199.32ms
step:2745/4740 train_time:547112ms step_avg:199.31ms
step:2746/4740 train_time:547435ms step_avg:199.36ms
step:2747/4740 train_time:547614ms step_avg:199.35ms
step:2748/4740 train_time:547938ms step_avg:199.40ms
step:2749/4740 train_time:548123ms step_avg:199.39ms
step:2750/4740 train_time:548443ms step_avg:199.43ms
step:2750/4740 val_loss:3.1719 train_time:548573ms step_avg:199.48ms
step:2751/4740 train_time:548629ms step_avg:199.43ms
step:2752/4740 train_time:548955ms step_avg:199.48ms
step:2753/4740 train_time:549138ms step_avg:199.47ms
step:2754/4740 train_time:549455ms step_avg:199.51ms
step:2755/4740 train_time:549641ms step_avg:199.51ms
step:2756/4740 train_time:549966ms step_avg:199.55ms
step:2757/4740 train_time:550151ms step_avg:199.55ms
step:2758/4740 train_time:550468ms step_avg:199.59ms
step:2759/4740 train_time:550652ms step_avg:199.58ms
step:2760/4740 train_time:550976ms step_avg:199.63ms
step:2761/4740 train_time:551158ms step_avg:199.62ms
step:2762/4740 train_time:551480ms step_avg:199.67ms
step:2763/4740 train_time:551662ms step_avg:199.66ms
step:2764/4740 train_time:551988ms step_avg:199.71ms
step:2765/4740 train_time:552169ms step_avg:199.70ms
step:2766/4740 train_time:552490ms step_avg:199.74ms
step:2767/4740 train_time:552672ms step_avg:199.74ms
step:2768/4740 train_time:552994ms step_avg:199.78ms
step:2769/4740 train_time:553176ms step_avg:199.77ms
step:2770/4740 train_time:553499ms step_avg:199.82ms
step:2771/4740 train_time:553680ms step_avg:199.81ms
step:2772/4740 train_time:554002ms step_avg:199.86ms
step:2773/4740 train_time:554186ms step_avg:199.85ms
step:2774/4740 train_time:554508ms step_avg:199.89ms
step:2775/4740 train_time:554689ms step_avg:199.89ms
step:2776/4740 train_time:555016ms step_avg:199.93ms
step:2777/4740 train_time:555195ms step_avg:199.93ms
step:2778/4740 train_time:555516ms step_avg:199.97ms
step:2779/4740 train_time:555696ms step_avg:199.96ms
step:2780/4740 train_time:556019ms step_avg:200.01ms
step:2781/4740 train_time:556200ms step_avg:200.00ms
step:2782/4740 train_time:556520ms step_avg:200.04ms
step:2783/4740 train_time:556703ms step_avg:200.04ms
step:2784/4740 train_time:557026ms step_avg:200.08ms
step:2785/4740 train_time:557209ms step_avg:200.08ms
step:2786/4740 train_time:557534ms step_avg:200.12ms
step:2787/4740 train_time:557717ms step_avg:200.11ms
step:2788/4740 train_time:558037ms step_avg:200.16ms
step:2789/4740 train_time:558221ms step_avg:200.15ms
step:2790/4740 train_time:558540ms step_avg:200.19ms
step:2791/4740 train_time:558728ms step_avg:200.19ms
step:2792/4740 train_time:559048ms step_avg:200.23ms
step:2793/4740 train_time:559233ms step_avg:200.23ms
step:2794/4740 train_time:559551ms step_avg:200.27ms
step:2795/4740 train_time:559736ms step_avg:200.26ms
step:2796/4740 train_time:560055ms step_avg:200.31ms
step:2797/4740 train_time:560241ms step_avg:200.30ms
step:2798/4740 train_time:560560ms step_avg:200.34ms
step:2799/4740 train_time:560748ms step_avg:200.34ms
step:2800/4740 train_time:561065ms step_avg:200.38ms
step:2801/4740 train_time:561249ms step_avg:200.37ms
step:2802/4740 train_time:561568ms step_avg:200.42ms
step:2803/4740 train_time:561750ms step_avg:200.41ms
step:2804/4740 train_time:562072ms step_avg:200.45ms
step:2805/4740 train_time:562256ms step_avg:200.45ms
step:2806/4740 train_time:562577ms step_avg:200.49ms
step:2807/4740 train_time:562761ms step_avg:200.48ms
step:2808/4740 train_time:563081ms step_avg:200.53ms
step:2809/4740 train_time:563267ms step_avg:200.52ms
step:2810/4740 train_time:563585ms step_avg:200.56ms
step:2811/4740 train_time:563766ms step_avg:200.56ms
step:2812/4740 train_time:564085ms step_avg:200.60ms
step:2813/4740 train_time:564269ms step_avg:200.59ms
step:2814/4740 train_time:564594ms step_avg:200.64ms
step:2815/4740 train_time:564774ms step_avg:200.63ms
step:2816/4740 train_time:565094ms step_avg:200.67ms
step:2817/4740 train_time:565276ms step_avg:200.67ms
step:2818/4740 train_time:565597ms step_avg:200.71ms
step:2819/4740 train_time:565780ms step_avg:200.70ms
step:2820/4740 train_time:566101ms step_avg:200.75ms
step:2821/4740 train_time:566285ms step_avg:200.74ms
step:2822/4740 train_time:566603ms step_avg:200.78ms
step:2823/4740 train_time:566789ms step_avg:200.78ms
step:2824/4740 train_time:567111ms step_avg:200.82ms
step:2825/4740 train_time:567291ms step_avg:200.81ms
step:2826/4740 train_time:567616ms step_avg:200.85ms
step:2827/4740 train_time:567796ms step_avg:200.85ms
step:2828/4740 train_time:568119ms step_avg:200.89ms
step:2829/4740 train_time:568307ms step_avg:200.89ms
step:2830/4740 train_time:568625ms step_avg:200.93ms
step:2831/4740 train_time:568809ms step_avg:200.92ms
step:2832/4740 train_time:569133ms step_avg:200.97ms
step:2833/4740 train_time:569314ms step_avg:200.96ms
step:2834/4740 train_time:569640ms step_avg:201.00ms
step:2835/4740 train_time:569819ms step_avg:200.99ms
step:2836/4740 train_time:570141ms step_avg:201.04ms
step:2837/4740 train_time:570326ms step_avg:201.03ms
step:2838/4740 train_time:570645ms step_avg:201.07ms
step:2839/4740 train_time:570831ms step_avg:201.07ms
step:2840/4740 train_time:571150ms step_avg:201.11ms
step:2841/4740 train_time:571335ms step_avg:201.10ms
step:2842/4740 train_time:571656ms step_avg:201.15ms
step:2843/4740 train_time:571843ms step_avg:201.14ms
step:2844/4740 train_time:572163ms step_avg:201.18ms
step:2845/4740 train_time:572347ms step_avg:201.18ms
step:2846/4740 train_time:572670ms step_avg:201.22ms
step:2847/4740 train_time:572854ms step_avg:201.21ms
step:2848/4740 train_time:573173ms step_avg:201.25ms
step:2849/4740 train_time:573358ms step_avg:201.25ms
step:2850/4740 train_time:573682ms step_avg:201.29ms
step:2851/4740 train_time:573862ms step_avg:201.28ms
step:2852/4740 train_time:574185ms step_avg:201.33ms
step:2853/4740 train_time:574366ms step_avg:201.32ms
step:2854/4740 train_time:574690ms step_avg:201.36ms
step:2855/4740 train_time:574871ms step_avg:201.36ms
step:2856/4740 train_time:575192ms step_avg:201.40ms
step:2857/4740 train_time:575373ms step_avg:201.39ms
step:2858/4740 train_time:575697ms step_avg:201.43ms
step:2859/4740 train_time:575877ms step_avg:201.43ms
step:2860/4740 train_time:576201ms step_avg:201.47ms
step:2861/4740 train_time:576383ms step_avg:201.46ms
step:2862/4740 train_time:576702ms step_avg:201.50ms
step:2863/4740 train_time:576884ms step_avg:201.50ms
step:2864/4740 train_time:577205ms step_avg:201.54ms
step:2865/4740 train_time:577387ms step_avg:201.53ms
step:2866/4740 train_time:577706ms step_avg:201.57ms
step:2867/4740 train_time:577890ms step_avg:201.57ms
step:2868/4740 train_time:578210ms step_avg:201.61ms
step:2869/4740 train_time:578390ms step_avg:201.60ms
step:2870/4740 train_time:578713ms step_avg:201.64ms
step:2871/4740 train_time:578896ms step_avg:201.64ms
step:2872/4740 train_time:579221ms step_avg:201.68ms
step:2873/4740 train_time:579402ms step_avg:201.67ms
step:2874/4740 train_time:579723ms step_avg:201.71ms
step:2875/4740 train_time:579901ms step_avg:201.70ms
step:2876/4740 train_time:580222ms step_avg:201.75ms
step:2877/4740 train_time:580403ms step_avg:201.74ms
step:2878/4740 train_time:580724ms step_avg:201.78ms
step:2879/4740 train_time:580910ms step_avg:201.77ms
step:2880/4740 train_time:581230ms step_avg:201.82ms
step:2881/4740 train_time:581410ms step_avg:201.81ms
step:2882/4740 train_time:581735ms step_avg:201.85ms
step:2883/4740 train_time:581916ms step_avg:201.84ms
step:2884/4740 train_time:582235ms step_avg:201.88ms
step:2885/4740 train_time:582420ms step_avg:201.88ms
step:2886/4740 train_time:582742ms step_avg:201.92ms
step:2887/4740 train_time:582919ms step_avg:201.91ms
step:2888/4740 train_time:583242ms step_avg:201.95ms
step:2889/4740 train_time:583429ms step_avg:201.95ms
step:2890/4740 train_time:583746ms step_avg:201.99ms
step:2891/4740 train_time:583933ms step_avg:201.98ms
step:2892/4740 train_time:584255ms step_avg:202.02ms
step:2893/4740 train_time:584442ms step_avg:202.02ms
step:2894/4740 train_time:584760ms step_avg:202.06ms
step:2895/4740 train_time:584947ms step_avg:202.05ms
step:2896/4740 train_time:585265ms step_avg:202.09ms
step:2897/4740 train_time:585447ms step_avg:202.09ms
step:2898/4740 train_time:585767ms step_avg:202.13ms
step:2899/4740 train_time:585951ms step_avg:202.12ms
step:2900/4740 train_time:586267ms step_avg:202.16ms
step:2901/4740 train_time:586450ms step_avg:202.15ms
step:2902/4740 train_time:586770ms step_avg:202.19ms
step:2903/4740 train_time:586952ms step_avg:202.19ms
step:2904/4740 train_time:587272ms step_avg:202.23ms
step:2905/4740 train_time:587455ms step_avg:202.22ms
step:2906/4740 train_time:587774ms step_avg:202.26ms
step:2907/4740 train_time:587958ms step_avg:202.26ms
step:2908/4740 train_time:588280ms step_avg:202.30ms
step:2909/4740 train_time:588463ms step_avg:202.29ms
step:2910/4740 train_time:588785ms step_avg:202.33ms
step:2911/4740 train_time:588968ms step_avg:202.33ms
step:2912/4740 train_time:589287ms step_avg:202.37ms
step:2913/4740 train_time:589470ms step_avg:202.36ms
step:2914/4740 train_time:589794ms step_avg:202.40ms
step:2915/4740 train_time:589975ms step_avg:202.39ms
step:2916/4740 train_time:590296ms step_avg:202.43ms
step:2917/4740 train_time:590477ms step_avg:202.43ms
step:2918/4740 train_time:590799ms step_avg:202.47ms
step:2919/4740 train_time:590982ms step_avg:202.46ms
step:2920/4740 train_time:591300ms step_avg:202.50ms
step:2921/4740 train_time:591486ms step_avg:202.49ms
step:2922/4740 train_time:591804ms step_avg:202.53ms
step:2923/4740 train_time:591989ms step_avg:202.53ms
step:2924/4740 train_time:592311ms step_avg:202.57ms
step:2925/4740 train_time:592495ms step_avg:202.56ms
step:2926/4740 train_time:592816ms step_avg:202.60ms
step:2927/4740 train_time:592998ms step_avg:202.60ms
step:2928/4740 train_time:593322ms step_avg:202.64ms
step:2929/4740 train_time:593507ms step_avg:202.63ms
step:2930/4740 train_time:593826ms step_avg:202.67ms
step:2931/4740 train_time:594005ms step_avg:202.66ms
step:2932/4740 train_time:594326ms step_avg:202.70ms
step:2933/4740 train_time:594511ms step_avg:202.70ms
step:2934/4740 train_time:594832ms step_avg:202.74ms
step:2935/4740 train_time:595015ms step_avg:202.73ms
step:2936/4740 train_time:595338ms step_avg:202.77ms
step:2937/4740 train_time:595522ms step_avg:202.77ms
step:2938/4740 train_time:595841ms step_avg:202.80ms
step:2939/4740 train_time:596027ms step_avg:202.80ms
step:2940/4740 train_time:596343ms step_avg:202.84ms
step:2941/4740 train_time:596525ms step_avg:202.83ms
step:2942/4740 train_time:596850ms step_avg:202.87ms
step:2943/4740 train_time:597037ms step_avg:202.87ms
step:2944/4740 train_time:597359ms step_avg:202.91ms
step:2945/4740 train_time:597541ms step_avg:202.90ms
step:2946/4740 train_time:597862ms step_avg:202.94ms
step:2947/4740 train_time:598041ms step_avg:202.93ms
step:2948/4740 train_time:598366ms step_avg:202.97ms
step:2949/4740 train_time:598550ms step_avg:202.97ms
step:2950/4740 train_time:598872ms step_avg:203.01ms
step:2951/4740 train_time:599052ms step_avg:203.00ms
step:2952/4740 train_time:599374ms step_avg:203.04ms
step:2953/4740 train_time:599558ms step_avg:203.03ms
step:2954/4740 train_time:599881ms step_avg:203.07ms
step:2955/4740 train_time:600056ms step_avg:203.06ms
step:2956/4740 train_time:600378ms step_avg:203.10ms
step:2957/4740 train_time:600561ms step_avg:203.10ms
step:2958/4740 train_time:600883ms step_avg:203.14ms
step:2959/4740 train_time:601066ms step_avg:203.13ms
step:2960/4740 train_time:601382ms step_avg:203.17ms
step:2961/4740 train_time:601566ms step_avg:203.16ms
step:2962/4740 train_time:601888ms step_avg:203.20ms
step:2963/4740 train_time:602071ms step_avg:203.20ms
step:2964/4740 train_time:602392ms step_avg:203.24ms
step:2965/4740 train_time:602571ms step_avg:203.23ms
step:2966/4740 train_time:602894ms step_avg:203.27ms
step:2967/4740 train_time:603075ms step_avg:203.26ms
step:2968/4740 train_time:603400ms step_avg:203.30ms
step:2969/4740 train_time:603585ms step_avg:203.30ms
step:2970/4740 train_time:603906ms step_avg:203.34ms
step:2971/4740 train_time:604089ms step_avg:203.33ms
step:2972/4740 train_time:604408ms step_avg:203.37ms
step:2973/4740 train_time:604590ms step_avg:203.36ms
step:2974/4740 train_time:604910ms step_avg:203.40ms
step:2975/4740 train_time:605091ms step_avg:203.39ms
step:2976/4740 train_time:605410ms step_avg:203.43ms
step:2977/4740 train_time:605594ms step_avg:203.42ms
step:2978/4740 train_time:605914ms step_avg:203.46ms
step:2979/4740 train_time:606095ms step_avg:203.46ms
step:2980/4740 train_time:606417ms step_avg:203.50ms
step:2981/4740 train_time:606595ms step_avg:203.49ms
step:2982/4740 train_time:606914ms step_avg:203.53ms
step:2983/4740 train_time:607096ms step_avg:203.52ms
step:2984/4740 train_time:607420ms step_avg:203.56ms
step:2985/4740 train_time:607606ms step_avg:203.55ms
step:2986/4740 train_time:607929ms step_avg:203.59ms
step:2987/4740 train_time:608112ms step_avg:203.59ms
step:2988/4740 train_time:608432ms step_avg:203.63ms
step:2989/4740 train_time:608619ms step_avg:203.62ms
step:2990/4740 train_time:608939ms step_avg:203.66ms
step:2991/4740 train_time:609123ms step_avg:203.65ms
step:2992/4740 train_time:609444ms step_avg:203.69ms
step:2993/4740 train_time:609624ms step_avg:203.68ms
step:2994/4740 train_time:609946ms step_avg:203.72ms
step:2995/4740 train_time:610131ms step_avg:203.72ms
step:2996/4740 train_time:610450ms step_avg:203.75ms
step:2997/4740 train_time:610632ms step_avg:203.75ms
step:2998/4740 train_time:610951ms step_avg:203.79ms
step:2999/4740 train_time:611134ms step_avg:203.78ms
step:3000/4740 train_time:611456ms step_avg:203.82ms
step:3000/4740 val_loss:3.1400 train_time:611582ms step_avg:203.86ms
step:3001/4740 train_time:611639ms step_avg:203.81ms
step:3002/4740 train_time:611967ms step_avg:203.85ms
step:3003/4740 train_time:612150ms step_avg:203.85ms
step:3004/4740 train_time:612466ms step_avg:203.88ms
step:3005/4740 train_time:612653ms step_avg:203.88ms
step:3006/4740 train_time:612971ms step_avg:203.92ms
step:3007/4740 train_time:613160ms step_avg:203.91ms
step:3008/4740 train_time:613479ms step_avg:203.95ms
step:3009/4740 train_time:613660ms step_avg:203.94ms
step:3010/4740 train_time:613983ms step_avg:203.98ms
step:3011/4740 train_time:614170ms step_avg:203.98ms
step:3012/4740 train_time:614491ms step_avg:204.01ms
step:3013/4740 train_time:614674ms step_avg:204.01ms
step:3014/4740 train_time:614996ms step_avg:204.05ms
step:3015/4740 train_time:615179ms step_avg:204.04ms
step:3016/4740 train_time:615500ms step_avg:204.08ms
step:3017/4740 train_time:615684ms step_avg:204.07ms
step:3018/4740 train_time:616004ms step_avg:204.11ms
step:3019/4740 train_time:616185ms step_avg:204.10ms
step:3020/4740 train_time:616505ms step_avg:204.14ms
step:3021/4740 train_time:616685ms step_avg:204.13ms
step:3022/4740 train_time:617009ms step_avg:204.17ms
step:3023/4740 train_time:617194ms step_avg:204.17ms
step:3024/4740 train_time:617519ms step_avg:204.21ms
step:3025/4740 train_time:617699ms step_avg:204.20ms
step:3026/4740 train_time:618016ms step_avg:204.24ms
step:3027/4740 train_time:618199ms step_avg:204.23ms
step:3028/4740 train_time:618519ms step_avg:204.27ms
step:3029/4740 train_time:618701ms step_avg:204.26ms
step:3030/4740 train_time:619025ms step_avg:204.30ms
step:3031/4740 train_time:619206ms step_avg:204.29ms
step:3032/4740 train_time:619529ms step_avg:204.33ms
step:3033/4740 train_time:619708ms step_avg:204.32ms
step:3034/4740 train_time:620029ms step_avg:204.36ms
step:3035/4740 train_time:620212ms step_avg:204.35ms
step:3036/4740 train_time:620531ms step_avg:204.39ms
step:3037/4740 train_time:620715ms step_avg:204.38ms
step:3038/4740 train_time:621035ms step_avg:204.42ms
step:3039/4740 train_time:621221ms step_avg:204.42ms
step:3040/4740 train_time:621541ms step_avg:204.45ms
step:3041/4740 train_time:621721ms step_avg:204.45ms
step:3042/4740 train_time:622040ms step_avg:204.48ms
step:3043/4740 train_time:622222ms step_avg:204.48ms
step:3044/4740 train_time:622541ms step_avg:204.51ms
step:3045/4740 train_time:622725ms step_avg:204.51ms
step:3046/4740 train_time:623048ms step_avg:204.55ms
step:3047/4740 train_time:623228ms step_avg:204.54ms
step:3048/4740 train_time:623549ms step_avg:204.58ms
step:3049/4740 train_time:623730ms step_avg:204.57ms
step:3050/4740 train_time:624051ms step_avg:204.61ms
step:3051/4740 train_time:624235ms step_avg:204.60ms
step:3052/4740 train_time:624555ms step_avg:204.64ms
step:3053/4740 train_time:624738ms step_avg:204.63ms
step:3054/4740 train_time:625059ms step_avg:204.67ms
step:3055/4740 train_time:625241ms step_avg:204.66ms
step:3056/4740 train_time:625561ms step_avg:204.70ms
step:3057/4740 train_time:625744ms step_avg:204.69ms
step:3058/4740 train_time:626069ms step_avg:204.73ms
step:3059/4740 train_time:626246ms step_avg:204.72ms
step:3060/4740 train_time:626568ms step_avg:204.76ms
step:3061/4740 train_time:626751ms step_avg:204.75ms
step:3062/4740 train_time:627073ms step_avg:204.79ms
step:3063/4740 train_time:627252ms step_avg:204.78ms
step:3064/4740 train_time:627575ms step_avg:204.82ms
step:3065/4740 train_time:627755ms step_avg:204.81ms
step:3066/4740 train_time:628078ms step_avg:204.85ms
step:3067/4740 train_time:628259ms step_avg:204.84ms
step:3068/4740 train_time:628582ms step_avg:204.88ms
step:3069/4740 train_time:628761ms step_avg:204.87ms
step:3070/4740 train_time:629083ms step_avg:204.91ms
step:3071/4740 train_time:629265ms step_avg:204.91ms
step:3072/4740 train_time:629588ms step_avg:204.94ms
step:3073/4740 train_time:629771ms step_avg:204.94ms
step:3074/4740 train_time:630091ms step_avg:204.97ms
step:3075/4740 train_time:630273ms step_avg:204.97ms
step:3076/4740 train_time:630591ms step_avg:205.00ms
step:3077/4740 train_time:630774ms step_avg:205.00ms
step:3078/4740 train_time:631099ms step_avg:205.04ms
step:3079/4740 train_time:631279ms step_avg:205.03ms
step:3080/4740 train_time:631600ms step_avg:205.06ms
step:3081/4740 train_time:631782ms step_avg:205.06ms
step:3082/4740 train_time:632103ms step_avg:205.10ms
step:3083/4740 train_time:632284ms step_avg:205.09ms
step:3084/4740 train_time:632606ms step_avg:205.13ms
step:3085/4740 train_time:632789ms step_avg:205.12ms
step:3086/4740 train_time:633111ms step_avg:205.16ms
step:3087/4740 train_time:633292ms step_avg:205.15ms
step:3088/4740 train_time:633616ms step_avg:205.19ms
step:3089/4740 train_time:633798ms step_avg:205.18ms
step:3090/4740 train_time:634120ms step_avg:205.22ms
step:3091/4740 train_time:634300ms step_avg:205.21ms
step:3092/4740 train_time:634624ms step_avg:205.25ms
step:3093/4740 train_time:634806ms step_avg:205.24ms
step:3094/4740 train_time:635128ms step_avg:205.28ms
step:3095/4740 train_time:635306ms step_avg:205.27ms
step:3096/4740 train_time:635626ms step_avg:205.31ms
step:3097/4740 train_time:635811ms step_avg:205.30ms
step:3098/4740 train_time:636133ms step_avg:205.34ms
step:3099/4740 train_time:636316ms step_avg:205.33ms
step:3100/4740 train_time:636635ms step_avg:205.37ms
step:3101/4740 train_time:636817ms step_avg:205.36ms
step:3102/4740 train_time:637140ms step_avg:205.40ms
step:3103/4740 train_time:637321ms step_avg:205.39ms
step:3104/4740 train_time:637641ms step_avg:205.43ms
step:3105/4740 train_time:637823ms step_avg:205.42ms
step:3106/4740 train_time:638142ms step_avg:205.45ms
step:3107/4740 train_time:638326ms step_avg:205.45ms
step:3108/4740 train_time:638651ms step_avg:205.49ms
step:3109/4740 train_time:638833ms step_avg:205.48ms
step:3110/4740 train_time:639153ms step_avg:205.52ms
step:3111/4740 train_time:639339ms step_avg:205.51ms
step:3112/4740 train_time:639658ms step_avg:205.55ms
step:3113/4740 train_time:639838ms step_avg:205.54ms
step:3114/4740 train_time:640158ms step_avg:205.57ms
step:3115/4740 train_time:640343ms step_avg:205.57ms
step:3116/4740 train_time:640663ms step_avg:205.60ms
step:3117/4740 train_time:640846ms step_avg:205.60ms
step:3118/4740 train_time:641169ms step_avg:205.63ms
step:3119/4740 train_time:641348ms step_avg:205.63ms
step:3120/4740 train_time:641670ms step_avg:205.66ms
step:3121/4740 train_time:641848ms step_avg:205.65ms
step:3122/4740 train_time:642172ms step_avg:205.69ms
step:3123/4740 train_time:642350ms step_avg:205.68ms
step:3124/4740 train_time:642673ms step_avg:205.72ms
step:3125/4740 train_time:642854ms step_avg:205.71ms
step:3126/4740 train_time:643175ms step_avg:205.75ms
step:3127/4740 train_time:643357ms step_avg:205.74ms
step:3128/4740 train_time:643683ms step_avg:205.78ms
step:3129/4740 train_time:643865ms step_avg:205.77ms
step:3130/4740 train_time:644189ms step_avg:205.81ms
step:3131/4740 train_time:644372ms step_avg:205.80ms
step:3132/4740 train_time:644698ms step_avg:205.84ms
step:3133/4740 train_time:644880ms step_avg:205.83ms
step:3134/4740 train_time:645203ms step_avg:205.87ms
step:3135/4740 train_time:645386ms step_avg:205.86ms
step:3136/4740 train_time:645709ms step_avg:205.90ms
step:3137/4740 train_time:645889ms step_avg:205.89ms
step:3138/4740 train_time:646212ms step_avg:205.93ms
step:3139/4740 train_time:646394ms step_avg:205.92ms
step:3140/4740 train_time:646712ms step_avg:205.96ms
step:3141/4740 train_time:646894ms step_avg:205.95ms
step:3142/4740 train_time:647221ms step_avg:205.99ms
step:3143/4740 train_time:647403ms step_avg:205.98ms
step:3144/4740 train_time:647724ms step_avg:206.02ms
step:3145/4740 train_time:647906ms step_avg:206.01ms
step:3146/4740 train_time:648228ms step_avg:206.05ms
step:3147/4740 train_time:648409ms step_avg:206.04ms
step:3148/4740 train_time:648732ms step_avg:206.08ms
step:3149/4740 train_time:648909ms step_avg:206.07ms
step:3150/4740 train_time:649229ms step_avg:206.10ms
step:3151/4740 train_time:649412ms step_avg:206.10ms
step:3152/4740 train_time:649734ms step_avg:206.13ms
step:3153/4740 train_time:649915ms step_avg:206.13ms
step:3154/4740 train_time:650239ms step_avg:206.16ms
step:3155/4740 train_time:650422ms step_avg:206.16ms
step:3156/4740 train_time:650743ms step_avg:206.19ms
step:3157/4740 train_time:650925ms step_avg:206.18ms
step:3158/4740 train_time:651243ms step_avg:206.22ms
step:3159/4740 train_time:651433ms step_avg:206.22ms
step:3160/4740 train_time:651753ms step_avg:206.25ms
step:3161/4740 train_time:651939ms step_avg:206.24ms
step:3162/4740 train_time:652261ms step_avg:206.28ms
step:3163/4740 train_time:652446ms step_avg:206.27ms
step:3164/4740 train_time:652771ms step_avg:206.31ms
step:3165/4740 train_time:652952ms step_avg:206.30ms
step:3166/4740 train_time:653272ms step_avg:206.34ms
step:3167/4740 train_time:653459ms step_avg:206.33ms
step:3168/4740 train_time:653783ms step_avg:206.37ms
step:3169/4740 train_time:653963ms step_avg:206.36ms
step:3170/4740 train_time:654283ms step_avg:206.40ms
step:3171/4740 train_time:654462ms step_avg:206.39ms
step:3172/4740 train_time:654785ms step_avg:206.43ms
step:3173/4740 train_time:654969ms step_avg:206.42ms
step:3174/4740 train_time:655292ms step_avg:206.46ms
step:3175/4740 train_time:655471ms step_avg:206.45ms
step:3176/4740 train_time:655795ms step_avg:206.48ms
step:3177/4740 train_time:655977ms step_avg:206.48ms
step:3178/4740 train_time:656303ms step_avg:206.51ms
step:3179/4740 train_time:656484ms step_avg:206.51ms
step:3180/4740 train_time:656807ms step_avg:206.54ms
step:3181/4740 train_time:656990ms step_avg:206.54ms
step:3182/4740 train_time:657313ms step_avg:206.57ms
step:3183/4740 train_time:657494ms step_avg:206.56ms
step:3184/4740 train_time:657817ms step_avg:206.60ms
step:3185/4740 train_time:658000ms step_avg:206.59ms
step:3186/4740 train_time:658323ms step_avg:206.63ms
step:3187/4740 train_time:658507ms step_avg:206.62ms
step:3188/4740 train_time:658831ms step_avg:206.66ms
step:3189/4740 train_time:659011ms step_avg:206.65ms
step:3190/4740 train_time:659336ms step_avg:206.69ms
step:3191/4740 train_time:659516ms step_avg:206.68ms
step:3192/4740 train_time:659840ms step_avg:206.72ms
step:3193/4740 train_time:660018ms step_avg:206.71ms
step:3194/4740 train_time:660341ms step_avg:206.74ms
step:3195/4740 train_time:660523ms step_avg:206.74ms
step:3196/4740 train_time:660843ms step_avg:206.77ms
step:3197/4740 train_time:661025ms step_avg:206.76ms
step:3198/4740 train_time:661351ms step_avg:206.80ms
step:3199/4740 train_time:661535ms step_avg:206.79ms
step:3200/4740 train_time:661854ms step_avg:206.83ms
step:3201/4740 train_time:662036ms step_avg:206.82ms
step:3202/4740 train_time:662356ms step_avg:206.86ms
step:3203/4740 train_time:662539ms step_avg:206.85ms
step:3204/4740 train_time:662859ms step_avg:206.88ms
step:3205/4740 train_time:663041ms step_avg:206.88ms
step:3206/4740 train_time:663363ms step_avg:206.91ms
step:3207/4740 train_time:663550ms step_avg:206.91ms
step:3208/4740 train_time:663871ms step_avg:206.94ms
step:3209/4740 train_time:664052ms step_avg:206.93ms
step:3210/4740 train_time:664375ms step_avg:206.97ms
step:3211/4740 train_time:664554ms step_avg:206.96ms
step:3212/4740 train_time:664878ms step_avg:207.00ms
step:3213/4740 train_time:665057ms step_avg:206.99ms
step:3214/4740 train_time:665380ms step_avg:207.03ms
step:3215/4740 train_time:665559ms step_avg:207.02ms
step:3216/4740 train_time:665880ms step_avg:207.05ms
step:3217/4740 train_time:666065ms step_avg:207.05ms
step:3218/4740 train_time:666390ms step_avg:207.08ms
step:3219/4740 train_time:666574ms step_avg:207.07ms
step:3220/4740 train_time:666900ms step_avg:207.11ms
step:3221/4740 train_time:667080ms step_avg:207.10ms
step:3222/4740 train_time:667401ms step_avg:207.14ms
step:3223/4740 train_time:667585ms step_avg:207.13ms
step:3224/4740 train_time:667908ms step_avg:207.17ms
step:3225/4740 train_time:668093ms step_avg:207.16ms
step:3226/4740 train_time:668413ms step_avg:207.20ms
step:3227/4740 train_time:668596ms step_avg:207.19ms
step:3228/4740 train_time:668920ms step_avg:207.22ms
step:3229/4740 train_time:669101ms step_avg:207.22ms
step:3230/4740 train_time:669422ms step_avg:207.25ms
step:3231/4740 train_time:669606ms step_avg:207.24ms
step:3232/4740 train_time:669930ms step_avg:207.28ms
step:3233/4740 train_time:670113ms step_avg:207.27ms
step:3234/4740 train_time:670434ms step_avg:207.31ms
step:3235/4740 train_time:670620ms step_avg:207.30ms
step:3236/4740 train_time:670939ms step_avg:207.34ms
step:3237/4740 train_time:671121ms step_avg:207.33ms
step:3238/4740 train_time:671441ms step_avg:207.36ms
step:3239/4740 train_time:671627ms step_avg:207.36ms
step:3240/4740 train_time:671948ms step_avg:207.39ms
step:3241/4740 train_time:672132ms step_avg:207.38ms
step:3242/4740 train_time:672454ms step_avg:207.42ms
step:3243/4740 train_time:672637ms step_avg:207.41ms
step:3244/4740 train_time:672957ms step_avg:207.45ms
step:3245/4740 train_time:673145ms step_avg:207.44ms
step:3246/4740 train_time:673465ms step_avg:207.48ms
step:3247/4740 train_time:673650ms step_avg:207.47ms
step:3248/4740 train_time:673971ms step_avg:207.50ms
step:3249/4740 train_time:674152ms step_avg:207.50ms
step:3250/4740 train_time:674480ms step_avg:207.53ms
step:3250/4740 val_loss:3.1051 train_time:674605ms step_avg:207.57ms
step:3251/4740 train_time:674661ms step_avg:207.52ms
step:3252/4740 train_time:674988ms step_avg:207.56ms
step:3253/4740 train_time:675172ms step_avg:207.55ms
step:3254/4740 train_time:675489ms step_avg:207.59ms
step:3255/4740 train_time:675669ms step_avg:207.58ms
step:3256/4740 train_time:675993ms step_avg:207.61ms
step:3257/4740 train_time:676179ms step_avg:207.61ms
step:3258/4740 train_time:676497ms step_avg:207.64ms
step:3259/4740 train_time:676678ms step_avg:207.63ms
step:3260/4740 train_time:677002ms step_avg:207.67ms
step:3261/4740 train_time:677187ms step_avg:207.66ms
step:3262/4740 train_time:677508ms step_avg:207.70ms
step:3263/4740 train_time:677688ms step_avg:207.69ms
step:3264/4740 train_time:678015ms step_avg:207.73ms
step:3265/4740 train_time:678199ms step_avg:207.72ms
step:3266/4740 train_time:678517ms step_avg:207.75ms
step:3267/4740 train_time:678703ms step_avg:207.74ms
step:3268/4740 train_time:679020ms step_avg:207.78ms
step:3269/4740 train_time:679205ms step_avg:207.77ms
step:3270/4740 train_time:679525ms step_avg:207.81ms
step:3271/4740 train_time:679708ms step_avg:207.80ms
step:3272/4740 train_time:680030ms step_avg:207.83ms
step:3273/4740 train_time:680213ms step_avg:207.83ms
step:3274/4740 train_time:680535ms step_avg:207.86ms
step:3275/4740 train_time:680716ms step_avg:207.85ms
step:3276/4740 train_time:681041ms step_avg:207.89ms
step:3277/4740 train_time:681225ms step_avg:207.88ms
step:3278/4740 train_time:681547ms step_avg:207.92ms
step:3279/4740 train_time:681727ms step_avg:207.91ms
step:3280/4740 train_time:682047ms step_avg:207.94ms
step:3281/4740 train_time:682230ms step_avg:207.93ms
step:3282/4740 train_time:682551ms step_avg:207.97ms
step:3283/4740 train_time:682734ms step_avg:207.96ms
step:3284/4740 train_time:683059ms step_avg:208.00ms
step:3285/4740 train_time:683240ms step_avg:207.99ms
step:3286/4740 train_time:683560ms step_avg:208.02ms
step:3287/4740 train_time:683743ms step_avg:208.01ms
step:3288/4740 train_time:684065ms step_avg:208.05ms
step:3289/4740 train_time:684246ms step_avg:208.04ms
step:3290/4740 train_time:684565ms step_avg:208.07ms
step:3291/4740 train_time:684748ms step_avg:208.07ms
step:3292/4740 train_time:685070ms step_avg:208.10ms
step:3293/4740 train_time:685249ms step_avg:208.09ms
step:3294/4740 train_time:685570ms step_avg:208.13ms
step:3295/4740 train_time:685751ms step_avg:208.12ms
step:3296/4740 train_time:686074ms step_avg:208.15ms
step:3297/4740 train_time:686256ms step_avg:208.15ms
step:3298/4740 train_time:686578ms step_avg:208.18ms
step:3299/4740 train_time:686759ms step_avg:208.17ms
step:3300/4740 train_time:687080ms step_avg:208.21ms
step:3301/4740 train_time:687262ms step_avg:208.20ms
step:3302/4740 train_time:687583ms step_avg:208.23ms
step:3303/4740 train_time:687763ms step_avg:208.22ms
step:3304/4740 train_time:688086ms step_avg:208.26ms
step:3305/4740 train_time:688267ms step_avg:208.25ms
step:3306/4740 train_time:688591ms step_avg:208.29ms
step:3307/4740 train_time:688773ms step_avg:208.28ms
step:3308/4740 train_time:689097ms step_avg:208.31ms
step:3309/4740 train_time:689278ms step_avg:208.30ms
step:3310/4740 train_time:689600ms step_avg:208.34ms
step:3311/4740 train_time:689780ms step_avg:208.33ms
step:3312/4740 train_time:690103ms step_avg:208.36ms
step:3313/4740 train_time:690282ms step_avg:208.36ms
step:3314/4740 train_time:690609ms step_avg:208.39ms
step:3315/4740 train_time:690788ms step_avg:208.38ms
step:3316/4740 train_time:691112ms step_avg:208.42ms
step:3317/4740 train_time:691297ms step_avg:208.41ms
step:3318/4740 train_time:691619ms step_avg:208.44ms
step:3319/4740 train_time:691799ms step_avg:208.44ms
step:3320/4740 train_time:692119ms step_avg:208.47ms
step:3321/4740 train_time:692301ms step_avg:208.46ms
step:3322/4740 train_time:692624ms step_avg:208.50ms
step:3323/4740 train_time:692810ms step_avg:208.49ms
step:3324/4740 train_time:693131ms step_avg:208.52ms
step:3325/4740 train_time:693313ms step_avg:208.52ms
step:3326/4740 train_time:693635ms step_avg:208.55ms
step:3327/4740 train_time:693820ms step_avg:208.54ms
step:3328/4740 train_time:694141ms step_avg:208.58ms
step:3329/4740 train_time:694327ms step_avg:208.57ms
step:3330/4740 train_time:694648ms step_avg:208.60ms
step:3331/4740 train_time:694832ms step_avg:208.60ms
step:3332/4740 train_time:695152ms step_avg:208.63ms
step:3333/4740 train_time:695336ms step_avg:208.62ms
step:3334/4740 train_time:695660ms step_avg:208.66ms
step:3335/4740 train_time:695838ms step_avg:208.65ms
step:3336/4740 train_time:696158ms step_avg:208.68ms
step:3337/4740 train_time:696341ms step_avg:208.67ms
step:3338/4740 train_time:696660ms step_avg:208.71ms
step:3339/4740 train_time:696843ms step_avg:208.70ms
step:3340/4740 train_time:697162ms step_avg:208.73ms
step:3341/4740 train_time:697346ms step_avg:208.72ms
step:3342/4740 train_time:697667ms step_avg:208.76ms
step:3343/4740 train_time:697850ms step_avg:208.75ms
step:3344/4740 train_time:698172ms step_avg:208.78ms
step:3345/4740 train_time:698353ms step_avg:208.78ms
step:3346/4740 train_time:698677ms step_avg:208.81ms
step:3347/4740 train_time:698859ms step_avg:208.80ms
step:3348/4740 train_time:699179ms step_avg:208.83ms
step:3349/4740 train_time:699364ms step_avg:208.83ms
step:3350/4740 train_time:699687ms step_avg:208.86ms
step:3351/4740 train_time:699872ms step_avg:208.85ms
step:3352/4740 train_time:700192ms step_avg:208.89ms
step:3353/4740 train_time:700376ms step_avg:208.88ms
step:3354/4740 train_time:700699ms step_avg:208.91ms
step:3355/4740 train_time:700883ms step_avg:208.91ms
step:3356/4740 train_time:701207ms step_avg:208.94ms
step:3357/4740 train_time:701388ms step_avg:208.93ms
step:3358/4740 train_time:701711ms step_avg:208.97ms
step:3359/4740 train_time:701894ms step_avg:208.96ms
step:3360/4740 train_time:702217ms step_avg:208.99ms
step:3361/4740 train_time:702403ms step_avg:208.99ms
step:3362/4740 train_time:702726ms step_avg:209.02ms
step:3363/4740 train_time:702910ms step_avg:209.01ms
step:3364/4740 train_time:703236ms step_avg:209.05ms
step:3365/4740 train_time:703419ms step_avg:209.04ms
step:3366/4740 train_time:703739ms step_avg:209.07ms
step:3367/4740 train_time:703921ms step_avg:209.06ms
step:3368/4740 train_time:704243ms step_avg:209.10ms
step:3369/4740 train_time:704427ms step_avg:209.09ms
step:3370/4740 train_time:704748ms step_avg:209.12ms
step:3371/4740 train_time:704930ms step_avg:209.12ms
step:3372/4740 train_time:705251ms step_avg:209.15ms
step:3373/4740 train_time:705433ms step_avg:209.14ms
step:3374/4740 train_time:705753ms step_avg:209.17ms
step:3375/4740 train_time:705937ms step_avg:209.17ms
step:3376/4740 train_time:706259ms step_avg:209.20ms
step:3377/4740 train_time:706442ms step_avg:209.19ms
step:3378/4740 train_time:706762ms step_avg:209.22ms
step:3379/4740 train_time:706947ms step_avg:209.22ms
step:3380/4740 train_time:707268ms step_avg:209.25ms
step:3381/4740 train_time:707451ms step_avg:209.24ms
step:3382/4740 train_time:707769ms step_avg:209.28ms
step:3383/4740 train_time:707955ms step_avg:209.27ms
step:3384/4740 train_time:708277ms step_avg:209.30ms
step:3385/4740 train_time:708461ms step_avg:209.29ms
step:3386/4740 train_time:708782ms step_avg:209.33ms
step:3387/4740 train_time:708965ms step_avg:209.32ms
step:3388/4740 train_time:709286ms step_avg:209.35ms
step:3389/4740 train_time:709470ms step_avg:209.34ms
step:3390/4740 train_time:709792ms step_avg:209.38ms
step:3391/4740 train_time:709974ms step_avg:209.37ms
step:3392/4740 train_time:710296ms step_avg:209.40ms
step:3393/4740 train_time:710480ms step_avg:209.40ms
step:3394/4740 train_time:710804ms step_avg:209.43ms
step:3395/4740 train_time:710987ms step_avg:209.42ms
step:3396/4740 train_time:711309ms step_avg:209.45ms
step:3397/4740 train_time:711494ms step_avg:209.45ms
step:3398/4740 train_time:711820ms step_avg:209.48ms
step:3399/4740 train_time:712001ms step_avg:209.47ms
step:3400/4740 train_time:712325ms step_avg:209.51ms
step:3401/4740 train_time:712508ms step_avg:209.50ms
step:3402/4740 train_time:712829ms step_avg:209.53ms
step:3403/4740 train_time:713013ms step_avg:209.52ms
step:3404/4740 train_time:713340ms step_avg:209.56ms
step:3405/4740 train_time:713520ms step_avg:209.55ms
step:3406/4740 train_time:713840ms step_avg:209.58ms
step:3407/4740 train_time:714022ms step_avg:209.58ms
step:3408/4740 train_time:714345ms step_avg:209.61ms
step:3409/4740 train_time:714526ms step_avg:209.60ms
step:3410/4740 train_time:714845ms step_avg:209.63ms
step:3411/4740 train_time:715027ms step_avg:209.62ms
step:3412/4740 train_time:715351ms step_avg:209.66ms
step:3413/4740 train_time:715536ms step_avg:209.65ms
step:3414/4740 train_time:715859ms step_avg:209.68ms
step:3415/4740 train_time:716041ms step_avg:209.68ms
step:3416/4740 train_time:716366ms step_avg:209.71ms
step:3417/4740 train_time:716548ms step_avg:209.70ms
step:3418/4740 train_time:716870ms step_avg:209.73ms
step:3419/4740 train_time:717054ms step_avg:209.73ms
step:3420/4740 train_time:717379ms step_avg:209.76ms
step:3421/4740 train_time:717563ms step_avg:209.75ms
step:3422/4740 train_time:717881ms step_avg:209.78ms
step:3423/4740 train_time:718067ms step_avg:209.78ms
step:3424/4740 train_time:718388ms step_avg:209.81ms
step:3425/4740 train_time:718572ms step_avg:209.80ms
step:3426/4740 train_time:718893ms step_avg:209.83ms
step:3427/4740 train_time:719074ms step_avg:209.83ms
step:3428/4740 train_time:719397ms step_avg:209.86ms
step:3429/4740 train_time:719584ms step_avg:209.85ms
step:3430/4740 train_time:719903ms step_avg:209.88ms
step:3431/4740 train_time:720086ms step_avg:209.88ms
step:3432/4740 train_time:720410ms step_avg:209.91ms
step:3433/4740 train_time:720593ms step_avg:209.90ms
step:3434/4740 train_time:720911ms step_avg:209.93ms
step:3435/4740 train_time:721094ms step_avg:209.93ms
step:3436/4740 train_time:721415ms step_avg:209.96ms
step:3437/4740 train_time:721597ms step_avg:209.95ms
step:3438/4740 train_time:721918ms step_avg:209.98ms
step:3439/4740 train_time:722100ms step_avg:209.97ms
step:3440/4740 train_time:722422ms step_avg:210.01ms
step:3441/4740 train_time:722609ms step_avg:210.00ms
step:3442/4740 train_time:722928ms step_avg:210.03ms
step:3443/4740 train_time:723108ms step_avg:210.02ms
step:3444/4740 train_time:723432ms step_avg:210.06ms
step:3445/4740 train_time:723616ms step_avg:210.05ms
step:3446/4740 train_time:723936ms step_avg:210.08ms
step:3447/4740 train_time:724117ms step_avg:210.07ms
step:3448/4740 train_time:724440ms step_avg:210.10ms
step:3449/4740 train_time:724622ms step_avg:210.10ms
step:3450/4740 train_time:724939ms step_avg:210.13ms
step:3451/4740 train_time:725130ms step_avg:210.12ms
step:3452/4740 train_time:725453ms step_avg:210.15ms
step:3453/4740 train_time:725634ms step_avg:210.15ms
step:3454/4740 train_time:725953ms step_avg:210.18ms
step:3455/4740 train_time:726137ms step_avg:210.17ms
step:3456/4740 train_time:726460ms step_avg:210.20ms
step:3457/4740 train_time:726638ms step_avg:210.19ms
step:3458/4740 train_time:726961ms step_avg:210.23ms
step:3459/4740 train_time:727148ms step_avg:210.22ms
step:3460/4740 train_time:727467ms step_avg:210.25ms
step:3461/4740 train_time:727651ms step_avg:210.24ms
step:3462/4740 train_time:727972ms step_avg:210.27ms
step:3463/4740 train_time:728153ms step_avg:210.27ms
step:3464/4740 train_time:728476ms step_avg:210.30ms
step:3465/4740 train_time:728656ms step_avg:210.29ms
step:3466/4740 train_time:728979ms step_avg:210.32ms
step:3467/4740 train_time:729161ms step_avg:210.31ms
step:3468/4740 train_time:729481ms step_avg:210.35ms
step:3469/4740 train_time:729668ms step_avg:210.34ms
step:3470/4740 train_time:729989ms step_avg:210.37ms
step:3471/4740 train_time:730168ms step_avg:210.36ms
step:3472/4740 train_time:730488ms step_avg:210.39ms
step:3473/4740 train_time:730676ms step_avg:210.39ms
step:3474/4740 train_time:730999ms step_avg:210.42ms
step:3475/4740 train_time:731179ms step_avg:210.41ms
step:3476/4740 train_time:731498ms step_avg:210.44ms
step:3477/4740 train_time:731682ms step_avg:210.43ms
step:3478/4740 train_time:732004ms step_avg:210.47ms
step:3479/4740 train_time:732191ms step_avg:210.46ms
step:3480/4740 train_time:732514ms step_avg:210.49ms
step:3481/4740 train_time:732693ms step_avg:210.48ms
step:3482/4740 train_time:733015ms step_avg:210.52ms
step:3483/4740 train_time:733197ms step_avg:210.51ms
step:3484/4740 train_time:733522ms step_avg:210.54ms
step:3485/4740 train_time:733705ms step_avg:210.53ms
step:3486/4740 train_time:734028ms step_avg:210.56ms
step:3487/4740 train_time:734208ms step_avg:210.56ms
step:3488/4740 train_time:734535ms step_avg:210.59ms
step:3489/4740 train_time:734715ms step_avg:210.58ms
step:3490/4740 train_time:735036ms step_avg:210.61ms
step:3491/4740 train_time:735218ms step_avg:210.60ms
step:3492/4740 train_time:735538ms step_avg:210.64ms
step:3493/4740 train_time:735722ms step_avg:210.63ms
step:3494/4740 train_time:736045ms step_avg:210.66ms
step:3495/4740 train_time:736229ms step_avg:210.65ms
step:3496/4740 train_time:736551ms step_avg:210.68ms
step:3497/4740 train_time:736733ms step_avg:210.68ms
step:3498/4740 train_time:737053ms step_avg:210.71ms
step:3499/4740 train_time:737239ms step_avg:210.70ms
step:3500/4740 train_time:737563ms step_avg:210.73ms
step:3500/4740 val_loss:3.0712 train_time:737686ms step_avg:210.77ms
step:3501/4740 train_time:737742ms step_avg:210.72ms
step:3502/4740 train_time:738067ms step_avg:210.76ms
step:3503/4740 train_time:738251ms step_avg:210.75ms
step:3504/4740 train_time:738567ms step_avg:210.78ms
step:3505/4740 train_time:738750ms step_avg:210.77ms
step:3506/4740 train_time:739079ms step_avg:210.80ms
step:3507/4740 train_time:739261ms step_avg:210.80ms
step:3508/4740 train_time:739580ms step_avg:210.83ms
step:3509/4740 train_time:739761ms step_avg:210.82ms
step:3510/4740 train_time:740087ms step_avg:210.85ms
step:3511/4740 train_time:740269ms step_avg:210.84ms
step:3512/4740 train_time:740588ms step_avg:210.87ms
step:3513/4740 train_time:740770ms step_avg:210.87ms
step:3514/4740 train_time:741094ms step_avg:210.90ms
step:3515/4740 train_time:741280ms step_avg:210.89ms
step:3516/4740 train_time:741599ms step_avg:210.92ms
step:3517/4740 train_time:741781ms step_avg:210.91ms
step:3518/4740 train_time:742102ms step_avg:210.94ms
step:3519/4740 train_time:742286ms step_avg:210.94ms
step:3520/4740 train_time:742607ms step_avg:210.97ms
step:3521/4740 train_time:742790ms step_avg:210.96ms
step:3522/4740 train_time:743107ms step_avg:210.99ms
step:3523/4740 train_time:743294ms step_avg:210.98ms
step:3524/4740 train_time:743617ms step_avg:211.01ms
step:3525/4740 train_time:743797ms step_avg:211.01ms
step:3526/4740 train_time:744120ms step_avg:211.04ms
step:3527/4740 train_time:744303ms step_avg:211.03ms
step:3528/4740 train_time:744622ms step_avg:211.06ms
step:3529/4740 train_time:744805ms step_avg:211.05ms
step:3530/4740 train_time:745122ms step_avg:211.08ms
step:3531/4740 train_time:745309ms step_avg:211.08ms
step:3532/4740 train_time:745626ms step_avg:211.11ms
step:3533/4740 train_time:745810ms step_avg:211.10ms
step:3534/4740 train_time:746130ms step_avg:211.13ms
step:3535/4740 train_time:746315ms step_avg:211.12ms
step:3536/4740 train_time:746639ms step_avg:211.15ms
step:3537/4740 train_time:746818ms step_avg:211.14ms
step:3538/4740 train_time:747139ms step_avg:211.18ms
step:3539/4740 train_time:747323ms step_avg:211.17ms
step:3540/4740 train_time:747641ms step_avg:211.20ms
step:3541/4740 train_time:747828ms step_avg:211.19ms
step:3542/4740 train_time:748146ms step_avg:211.22ms
step:3543/4740 train_time:748328ms step_avg:211.21ms
step:3544/4740 train_time:748648ms step_avg:211.24ms
step:3545/4740 train_time:748828ms step_avg:211.23ms
step:3546/4740 train_time:749149ms step_avg:211.27ms
step:3547/4740 train_time:749336ms step_avg:211.26ms
step:3548/4740 train_time:749659ms step_avg:211.29ms
step:3549/4740 train_time:749839ms step_avg:211.28ms
step:3550/4740 train_time:750162ms step_avg:211.31ms
step:3551/4740 train_time:750343ms step_avg:211.30ms
step:3552/4740 train_time:750665ms step_avg:211.34ms
step:3553/4740 train_time:750852ms step_avg:211.33ms
step:3554/4740 train_time:751172ms step_avg:211.36ms
step:3555/4740 train_time:751357ms step_avg:211.35ms
step:3556/4740 train_time:751684ms step_avg:211.38ms
step:3557/4740 train_time:751866ms step_avg:211.38ms
step:3558/4740 train_time:752191ms step_avg:211.41ms
step:3559/4740 train_time:752372ms step_avg:211.40ms
step:3560/4740 train_time:752692ms step_avg:211.43ms
step:3561/4740 train_time:752875ms step_avg:211.42ms
step:3562/4740 train_time:753199ms step_avg:211.45ms
step:3563/4740 train_time:753378ms step_avg:211.44ms
step:3564/4740 train_time:753699ms step_avg:211.48ms
step:3565/4740 train_time:753881ms step_avg:211.47ms
step:3566/4740 train_time:754204ms step_avg:211.50ms
step:3567/4740 train_time:754384ms step_avg:211.49ms
step:3568/4740 train_time:754704ms step_avg:211.52ms
step:3569/4740 train_time:754886ms step_avg:211.51ms
step:3570/4740 train_time:755209ms step_avg:211.54ms
step:3571/4740 train_time:755391ms step_avg:211.53ms
step:3572/4740 train_time:755712ms step_avg:211.57ms
step:3573/4740 train_time:755892ms step_avg:211.56ms
step:3574/4740 train_time:756216ms step_avg:211.59ms
step:3575/4740 train_time:756399ms step_avg:211.58ms
step:3576/4740 train_time:756720ms step_avg:211.61ms
step:3577/4740 train_time:756902ms step_avg:211.60ms
step:3578/4740 train_time:757228ms step_avg:211.63ms
step:3579/4740 train_time:757409ms step_avg:211.63ms
step:3580/4740 train_time:757731ms step_avg:211.66ms
step:3581/4740 train_time:757916ms step_avg:211.65ms
step:3582/4740 train_time:758239ms step_avg:211.68ms
step:3583/4740 train_time:758423ms step_avg:211.67ms
step:3584/4740 train_time:758742ms step_avg:211.70ms
step:3585/4740 train_time:758924ms step_avg:211.69ms
step:3586/4740 train_time:759246ms step_avg:211.73ms
step:3587/4740 train_time:759426ms step_avg:211.72ms
step:3588/4740 train_time:759747ms step_avg:211.75ms
step:3589/4740 train_time:759931ms step_avg:211.74ms
step:3590/4740 train_time:760252ms step_avg:211.77ms
step:3591/4740 train_time:760439ms step_avg:211.76ms
step:3592/4740 train_time:760757ms step_avg:211.79ms
step:3593/4740 train_time:760941ms step_avg:211.78ms
step:3594/4740 train_time:761263ms step_avg:211.81ms
step:3595/4740 train_time:761442ms step_avg:211.81ms
step:3596/4740 train_time:761765ms step_avg:211.84ms
step:3597/4740 train_time:761948ms step_avg:211.83ms
step:3598/4740 train_time:762267ms step_avg:211.86ms
step:3599/4740 train_time:762453ms step_avg:211.85ms
step:3600/4740 train_time:762773ms step_avg:211.88ms
step:3601/4740 train_time:762955ms step_avg:211.87ms
step:3602/4740 train_time:763273ms step_avg:211.90ms
step:3603/4740 train_time:763460ms step_avg:211.90ms
step:3604/4740 train_time:763782ms step_avg:211.93ms
step:3605/4740 train_time:763965ms step_avg:211.92ms
step:3606/4740 train_time:764287ms step_avg:211.95ms
step:3607/4740 train_time:764467ms step_avg:211.94ms
step:3608/4740 train_time:764789ms step_avg:211.97ms
step:3609/4740 train_time:764969ms step_avg:211.96ms
step:3610/4740 train_time:765290ms step_avg:211.99ms
step:3611/4740 train_time:765477ms step_avg:211.98ms
step:3612/4740 train_time:765798ms step_avg:212.01ms
step:3613/4740 train_time:765979ms step_avg:212.01ms
step:3614/4740 train_time:766303ms step_avg:212.04ms
step:3615/4740 train_time:766484ms step_avg:212.03ms
step:3616/4740 train_time:766807ms step_avg:212.06ms
step:3617/4740 train_time:766991ms step_avg:212.05ms
step:3618/4740 train_time:767313ms step_avg:212.08ms
step:3619/4740 train_time:767494ms step_avg:212.07ms
step:3620/4740 train_time:767817ms step_avg:212.10ms
step:3621/4740 train_time:767997ms step_avg:212.10ms
step:3622/4740 train_time:768320ms step_avg:212.13ms
step:3623/4740 train_time:768502ms step_avg:212.12ms
step:3624/4740 train_time:768821ms step_avg:212.15ms
step:3625/4740 train_time:769006ms step_avg:212.14ms
step:3626/4740 train_time:769324ms step_avg:212.17ms
step:3627/4740 train_time:769511ms step_avg:212.16ms
step:3628/4740 train_time:769832ms step_avg:212.19ms
step:3629/4740 train_time:770016ms step_avg:212.18ms
step:3630/4740 train_time:770339ms step_avg:212.21ms
step:3631/4740 train_time:770521ms step_avg:212.21ms
step:3632/4740 train_time:770843ms step_avg:212.24ms
step:3633/4740 train_time:771023ms step_avg:212.23ms
step:3634/4740 train_time:771346ms step_avg:212.26ms
step:3635/4740 train_time:771527ms step_avg:212.25ms
step:3636/4740 train_time:771850ms step_avg:212.28ms
step:3637/4740 train_time:772035ms step_avg:212.27ms
step:3638/4740 train_time:772355ms step_avg:212.30ms
step:3639/4740 train_time:772538ms step_avg:212.29ms
step:3640/4740 train_time:772859ms step_avg:212.32ms
step:3641/4740 train_time:773040ms step_avg:212.32ms
step:3642/4740 train_time:773362ms step_avg:212.35ms
step:3643/4740 train_time:773542ms step_avg:212.34ms
step:3644/4740 train_time:773863ms step_avg:212.37ms
step:3645/4740 train_time:774051ms step_avg:212.36ms
step:3646/4740 train_time:774372ms step_avg:212.39ms
step:3647/4740 train_time:774554ms step_avg:212.38ms
step:3648/4740 train_time:774878ms step_avg:212.41ms
step:3649/4740 train_time:775063ms step_avg:212.40ms
step:3650/4740 train_time:775385ms step_avg:212.43ms
step:3651/4740 train_time:775571ms step_avg:212.43ms
step:3652/4740 train_time:775895ms step_avg:212.46ms
step:3653/4740 train_time:776075ms step_avg:212.45ms
step:3654/4740 train_time:776397ms step_avg:212.48ms
step:3655/4740 train_time:776579ms step_avg:212.47ms
step:3656/4740 train_time:776900ms step_avg:212.50ms
step:3657/4740 train_time:777082ms step_avg:212.49ms
step:3658/4740 train_time:777400ms step_avg:212.52ms
step:3659/4740 train_time:777583ms step_avg:212.51ms
step:3660/4740 train_time:777904ms step_avg:212.54ms
step:3661/4740 train_time:778090ms step_avg:212.53ms
step:3662/4740 train_time:778414ms step_avg:212.57ms
step:3663/4740 train_time:778595ms step_avg:212.56ms
step:3664/4740 train_time:778922ms step_avg:212.59ms
step:3665/4740 train_time:779109ms step_avg:212.58ms
step:3666/4740 train_time:779430ms step_avg:212.61ms
step:3667/4740 train_time:779613ms step_avg:212.60ms
step:3668/4740 train_time:779935ms step_avg:212.63ms
step:3669/4740 train_time:780114ms step_avg:212.62ms
step:3670/4740 train_time:780437ms step_avg:212.65ms
step:3671/4740 train_time:780622ms step_avg:212.65ms
step:3672/4740 train_time:780945ms step_avg:212.68ms
step:3673/4740 train_time:781124ms step_avg:212.67ms
step:3674/4740 train_time:781446ms step_avg:212.70ms
step:3675/4740 train_time:781624ms step_avg:212.69ms
step:3676/4740 train_time:781946ms step_avg:212.72ms
step:3677/4740 train_time:782125ms step_avg:212.71ms
step:3678/4740 train_time:782449ms step_avg:212.74ms
step:3679/4740 train_time:782633ms step_avg:212.73ms
step:3680/4740 train_time:782957ms step_avg:212.76ms
step:3681/4740 train_time:783140ms step_avg:212.75ms
step:3682/4740 train_time:783463ms step_avg:212.78ms
step:3683/4740 train_time:783644ms step_avg:212.77ms
step:3684/4740 train_time:783965ms step_avg:212.80ms
step:3685/4740 train_time:784149ms step_avg:212.79ms
step:3686/4740 train_time:784472ms step_avg:212.82ms
step:3687/4740 train_time:784655ms step_avg:212.82ms
step:3688/4740 train_time:784972ms step_avg:212.84ms
step:3689/4740 train_time:785157ms step_avg:212.84ms
step:3690/4740 train_time:785480ms step_avg:212.87ms
step:3691/4740 train_time:785660ms step_avg:212.86ms
step:3692/4740 train_time:785981ms step_avg:212.89ms
step:3693/4740 train_time:786165ms step_avg:212.88ms
step:3694/4740 train_time:786490ms step_avg:212.91ms
step:3695/4740 train_time:786672ms step_avg:212.90ms
step:3696/4740 train_time:786991ms step_avg:212.93ms
step:3697/4740 train_time:787178ms step_avg:212.92ms
step:3698/4740 train_time:787499ms step_avg:212.95ms
step:3699/4740 train_time:787680ms step_avg:212.94ms
step:3700/4740 train_time:787999ms step_avg:212.97ms
step:3701/4740 train_time:788185ms step_avg:212.97ms
step:3702/4740 train_time:788506ms step_avg:212.99ms
step:3703/4740 train_time:788690ms step_avg:212.99ms
step:3704/4740 train_time:789012ms step_avg:213.02ms
step:3705/4740 train_time:789194ms step_avg:213.01ms
step:3706/4740 train_time:789515ms step_avg:213.04ms
step:3707/4740 train_time:789697ms step_avg:213.03ms
step:3708/4740 train_time:790021ms step_avg:213.06ms
step:3709/4740 train_time:790199ms step_avg:213.05ms
step:3710/4740 train_time:790520ms step_avg:213.08ms
step:3711/4740 train_time:790705ms step_avg:213.07ms
step:3712/4740 train_time:791028ms step_avg:213.10ms
step:3713/4740 train_time:791207ms step_avg:213.09ms
step:3714/4740 train_time:791530ms step_avg:213.12ms
step:3715/4740 train_time:791708ms step_avg:213.11ms
step:3716/4740 train_time:792030ms step_avg:213.14ms
step:3717/4740 train_time:792215ms step_avg:213.13ms
step:3718/4740 train_time:792535ms step_avg:213.16ms
step:3719/4740 train_time:792719ms step_avg:213.15ms
step:3720/4740 train_time:793040ms step_avg:213.18ms
step:3721/4740 train_time:793225ms step_avg:213.18ms
step:3722/4740 train_time:793547ms step_avg:213.20ms
step:3723/4740 train_time:793732ms step_avg:213.20ms
step:3724/4740 train_time:794055ms step_avg:213.23ms
step:3725/4740 train_time:794236ms step_avg:213.22ms
step:3726/4740 train_time:794556ms step_avg:213.25ms
step:3727/4740 train_time:794743ms step_avg:213.24ms
step:3728/4740 train_time:795064ms step_avg:213.27ms
step:3729/4740 train_time:795245ms step_avg:213.26ms
step:3730/4740 train_time:795562ms step_avg:213.29ms
step:3731/4740 train_time:795751ms step_avg:213.28ms
step:3732/4740 train_time:796074ms step_avg:213.31ms
step:3733/4740 train_time:796254ms step_avg:213.30ms
step:3734/4740 train_time:796575ms step_avg:213.33ms
step:3735/4740 train_time:796762ms step_avg:213.32ms
step:3736/4740 train_time:797085ms step_avg:213.35ms
step:3737/4740 train_time:797262ms step_avg:213.34ms
step:3738/4740 train_time:797585ms step_avg:213.37ms
step:3739/4740 train_time:797767ms step_avg:213.36ms
step:3740/4740 train_time:798091ms step_avg:213.39ms
step:3741/4740 train_time:798270ms step_avg:213.38ms
step:3742/4740 train_time:798593ms step_avg:213.41ms
step:3743/4740 train_time:798778ms step_avg:213.41ms
step:3744/4740 train_time:799102ms step_avg:213.44ms
step:3745/4740 train_time:799283ms step_avg:213.43ms
step:3746/4740 train_time:799606ms step_avg:213.46ms
step:3747/4740 train_time:799790ms step_avg:213.45ms
step:3748/4740 train_time:800110ms step_avg:213.48ms
step:3749/4740 train_time:800291ms step_avg:213.47ms
step:3750/4740 train_time:800615ms step_avg:213.50ms
step:3750/4740 val_loss:3.0390 train_time:800742ms step_avg:213.53ms
step:3751/4740 train_time:800798ms step_avg:213.49ms
step:3752/4740 train_time:801126ms step_avg:213.52ms
step:3753/4740 train_time:801312ms step_avg:213.51ms
step:3754/4740 train_time:801629ms step_avg:213.54ms
step:3755/4740 train_time:801811ms step_avg:213.53ms
step:3756/4740 train_time:802132ms step_avg:213.56ms
step:3757/4740 train_time:802321ms step_avg:213.55ms
step:3758/4740 train_time:802640ms step_avg:213.58ms
step:3759/4740 train_time:802823ms step_avg:213.57ms
step:3760/4740 train_time:803142ms step_avg:213.60ms
step:3761/4740 train_time:803325ms step_avg:213.59ms
step:3762/4740 train_time:803642ms step_avg:213.62ms
step:3763/4740 train_time:803824ms step_avg:213.61ms
step:3764/4740 train_time:804144ms step_avg:213.64ms
step:3765/4740 train_time:804327ms step_avg:213.63ms
step:3766/4740 train_time:804647ms step_avg:213.66ms
step:3767/4740 train_time:804828ms step_avg:213.65ms
step:3768/4740 train_time:805152ms step_avg:213.68ms
step:3769/4740 train_time:805333ms step_avg:213.67ms
step:3770/4740 train_time:805656ms step_avg:213.70ms
step:3771/4740 train_time:805837ms step_avg:213.69ms
step:3772/4740 train_time:806158ms step_avg:213.72ms
step:3773/4740 train_time:806339ms step_avg:213.71ms
step:3774/4740 train_time:806659ms step_avg:213.74ms
step:3775/4740 train_time:806844ms step_avg:213.73ms
step:3776/4740 train_time:807173ms step_avg:213.76ms
step:3777/4740 train_time:807351ms step_avg:213.75ms
step:3778/4740 train_time:807671ms step_avg:213.78ms
step:3779/4740 train_time:807852ms step_avg:213.77ms
step:3780/4740 train_time:808178ms step_avg:213.80ms
step:3781/4740 train_time:808362ms step_avg:213.80ms
step:3782/4740 train_time:808683ms step_avg:213.82ms
step:3783/4740 train_time:808864ms step_avg:213.82ms
step:3784/4740 train_time:809190ms step_avg:213.85ms
step:3785/4740 train_time:809370ms step_avg:213.84ms
step:3786/4740 train_time:809692ms step_avg:213.86ms
step:3787/4740 train_time:809874ms step_avg:213.86ms
step:3788/4740 train_time:810195ms step_avg:213.88ms
step:3789/4740 train_time:810381ms step_avg:213.88ms
step:3790/4740 train_time:810701ms step_avg:213.91ms
step:3791/4740 train_time:810891ms step_avg:213.90ms
step:3792/4740 train_time:811212ms step_avg:213.93ms
step:3793/4740 train_time:811394ms step_avg:213.92ms
step:3794/4740 train_time:811719ms step_avg:213.95ms
step:3795/4740 train_time:811903ms step_avg:213.94ms
step:3796/4740 train_time:812220ms step_avg:213.97ms
step:3797/4740 train_time:812405ms step_avg:213.96ms
step:3798/4740 train_time:812727ms step_avg:213.99ms
step:3799/4740 train_time:812910ms step_avg:213.98ms
step:3800/4740 train_time:813232ms step_avg:214.01ms
step:3801/4740 train_time:813414ms step_avg:214.00ms
step:3802/4740 train_time:813738ms step_avg:214.03ms
step:3803/4740 train_time:813917ms step_avg:214.02ms
step:3804/4740 train_time:814241ms step_avg:214.05ms
step:3805/4740 train_time:814421ms step_avg:214.04ms
step:3806/4740 train_time:814744ms step_avg:214.07ms
step:3807/4740 train_time:814927ms step_avg:214.06ms
step:3808/4740 train_time:815252ms step_avg:214.09ms
step:3809/4740 train_time:815431ms step_avg:214.08ms
step:3810/4740 train_time:815756ms step_avg:214.11ms
step:3811/4740 train_time:815937ms step_avg:214.10ms
step:3812/4740 train_time:816257ms step_avg:214.13ms
step:3813/4740 train_time:816438ms step_avg:214.12ms
step:3814/4740 train_time:816761ms step_avg:214.15ms
step:3815/4740 train_time:816942ms step_avg:214.14ms
step:3816/4740 train_time:817260ms step_avg:214.17ms
step:3817/4740 train_time:817445ms step_avg:214.16ms
step:3818/4740 train_time:817767ms step_avg:214.19ms
step:3819/4740 train_time:817949ms step_avg:214.18ms
step:3820/4740 train_time:818268ms step_avg:214.21ms
step:3821/4740 train_time:818449ms step_avg:214.20ms
step:3822/4740 train_time:818770ms step_avg:214.23ms
step:3823/4740 train_time:818957ms step_avg:214.22ms
step:3824/4740 train_time:819279ms step_avg:214.25ms
step:3825/4740 train_time:819459ms step_avg:214.24ms
step:3826/4740 train_time:819784ms step_avg:214.27ms
step:3827/4740 train_time:819967ms step_avg:214.26ms
step:3828/4740 train_time:820291ms step_avg:214.29ms
step:3829/4740 train_time:820472ms step_avg:214.28ms
step:3830/4740 train_time:820794ms step_avg:214.31ms
step:3831/4740 train_time:820981ms step_avg:214.30ms
step:3832/4740 train_time:821305ms step_avg:214.33ms
step:3833/4740 train_time:821483ms step_avg:214.32ms
step:3834/4740 train_time:821804ms step_avg:214.35ms
step:3835/4740 train_time:821987ms step_avg:214.34ms
step:3836/4740 train_time:822312ms step_avg:214.37ms
step:3837/4740 train_time:822495ms step_avg:214.36ms
step:3838/4740 train_time:822822ms step_avg:214.39ms
step:3839/4740 train_time:822999ms step_avg:214.38ms
step:3840/4740 train_time:823322ms step_avg:214.41ms
step:3841/4740 train_time:823505ms step_avg:214.40ms
step:3842/4740 train_time:823829ms step_avg:214.43ms
step:3843/4740 train_time:824010ms step_avg:214.42ms
step:3844/4740 train_time:824335ms step_avg:214.45ms
step:3845/4740 train_time:824519ms step_avg:214.44ms
step:3846/4740 train_time:824840ms step_avg:214.47ms
step:3847/4740 train_time:825022ms step_avg:214.46ms
step:3848/4740 train_time:825346ms step_avg:214.49ms
step:3849/4740 train_time:825528ms step_avg:214.48ms
step:3850/4740 train_time:825852ms step_avg:214.51ms
step:3851/4740 train_time:826033ms step_avg:214.50ms
step:3852/4740 train_time:826358ms step_avg:214.53ms
step:3853/4740 train_time:826538ms step_avg:214.52ms
step:3854/4740 train_time:826860ms step_avg:214.55ms
step:3855/4740 train_time:827042ms step_avg:214.54ms
step:3856/4740 train_time:827363ms step_avg:214.56ms
step:3857/4740 train_time:827543ms step_avg:214.56ms
step:3858/4740 train_time:827864ms step_avg:214.58ms
step:3859/4740 train_time:828049ms step_avg:214.58ms
step:3860/4740 train_time:828367ms step_avg:214.60ms
step:3861/4740 train_time:828552ms step_avg:214.60ms
step:3862/4740 train_time:828874ms step_avg:214.62ms
step:3863/4740 train_time:829062ms step_avg:214.62ms
step:3864/4740 train_time:829383ms step_avg:214.64ms
step:3865/4740 train_time:829569ms step_avg:214.64ms
step:3866/4740 train_time:829893ms step_avg:214.66ms
step:3867/4740 train_time:830073ms step_avg:214.66ms
step:3868/4740 train_time:830392ms step_avg:214.68ms
step:3869/4740 train_time:830574ms step_avg:214.67ms
step:3870/4740 train_time:830897ms step_avg:214.70ms
step:3871/4740 train_time:831079ms step_avg:214.69ms
step:3872/4740 train_time:831404ms step_avg:214.72ms
step:3873/4740 train_time:831585ms step_avg:214.71ms
step:3874/4740 train_time:831907ms step_avg:214.74ms
step:3875/4740 train_time:832099ms step_avg:214.74ms
step:3876/4740 train_time:832421ms step_avg:214.76ms
step:3877/4740 train_time:832601ms step_avg:214.75ms
step:3878/4740 train_time:832921ms step_avg:214.78ms
step:3879/4740 train_time:833105ms step_avg:214.77ms
step:3880/4740 train_time:833426ms step_avg:214.80ms
step:3881/4740 train_time:833612ms step_avg:214.79ms
step:3882/4740 train_time:833934ms step_avg:214.82ms
step:3883/4740 train_time:834117ms step_avg:214.81ms
step:3884/4740 train_time:834440ms step_avg:214.84ms
step:3885/4740 train_time:834622ms step_avg:214.83ms
step:3886/4740 train_time:834946ms step_avg:214.86ms
step:3887/4740 train_time:835129ms step_avg:214.85ms
step:3888/4740 train_time:835452ms step_avg:214.88ms
step:3889/4740 train_time:835632ms step_avg:214.87ms
step:3890/4740 train_time:835952ms step_avg:214.90ms
step:3891/4740 train_time:836137ms step_avg:214.89ms
step:3892/4740 train_time:836459ms step_avg:214.92ms
step:3893/4740 train_time:836642ms step_avg:214.91ms
step:3894/4740 train_time:836961ms step_avg:214.94ms
step:3895/4740 train_time:837144ms step_avg:214.93ms
step:3896/4740 train_time:837463ms step_avg:214.95ms
step:3897/4740 train_time:837647ms step_avg:214.95ms
step:3898/4740 train_time:837967ms step_avg:214.97ms
step:3899/4740 train_time:838152ms step_avg:214.97ms
step:3900/4740 train_time:838477ms step_avg:214.99ms
step:3901/4740 train_time:838663ms step_avg:214.99ms
step:3902/4740 train_time:838985ms step_avg:215.01ms
step:3903/4740 train_time:839166ms step_avg:215.01ms
step:3904/4740 train_time:839491ms step_avg:215.03ms
step:3905/4740 train_time:839676ms step_avg:215.03ms
step:3906/4740 train_time:839999ms step_avg:215.05ms
step:3907/4740 train_time:840180ms step_avg:215.04ms
step:3908/4740 train_time:840502ms step_avg:215.07ms
step:3909/4740 train_time:840684ms step_avg:215.06ms
step:3910/4740 train_time:841006ms step_avg:215.09ms
step:3911/4740 train_time:841187ms step_avg:215.08ms
step:3912/4740 train_time:841510ms step_avg:215.11ms
step:3913/4740 train_time:841694ms step_avg:215.10ms
step:3914/4740 train_time:842016ms step_avg:215.13ms
step:3915/4740 train_time:842200ms step_avg:215.12ms
step:3916/4740 train_time:842525ms step_avg:215.15ms
step:3917/4740 train_time:842708ms step_avg:215.14ms
step:3918/4740 train_time:843028ms step_avg:215.17ms
step:3919/4740 train_time:843214ms step_avg:215.16ms
step:3920/4740 train_time:843537ms step_avg:215.19ms
step:3921/4740 train_time:843718ms step_avg:215.18ms
step:3922/4740 train_time:844038ms step_avg:215.21ms
step:3923/4740 train_time:844223ms step_avg:215.20ms
step:3924/4740 train_time:844545ms step_avg:215.23ms
step:3925/4740 train_time:844727ms step_avg:215.22ms
step:3926/4740 train_time:845045ms step_avg:215.24ms
step:3927/4740 train_time:845230ms step_avg:215.24ms
step:3928/4740 train_time:845552ms step_avg:215.26ms
step:3929/4740 train_time:845736ms step_avg:215.25ms
step:3930/4740 train_time:846060ms step_avg:215.28ms
step:3931/4740 train_time:846242ms step_avg:215.27ms
step:3932/4740 train_time:846564ms step_avg:215.30ms
step:3933/4740 train_time:846744ms step_avg:215.29ms
step:3934/4740 train_time:847070ms step_avg:215.32ms
step:3935/4740 train_time:847254ms step_avg:215.31ms
step:3936/4740 train_time:847579ms step_avg:215.34ms
step:3937/4740 train_time:847759ms step_avg:215.33ms
step:3938/4740 train_time:848083ms step_avg:215.36ms
step:3939/4740 train_time:848266ms step_avg:215.35ms
step:3940/4740 train_time:848591ms step_avg:215.38ms
step:3941/4740 train_time:848775ms step_avg:215.37ms
step:3942/4740 train_time:849100ms step_avg:215.40ms
step:3943/4740 train_time:849286ms step_avg:215.39ms
step:3944/4740 train_time:849604ms step_avg:215.42ms
step:3945/4740 train_time:849785ms step_avg:215.41ms
step:3946/4740 train_time:850109ms step_avg:215.44ms
step:3947/4740 train_time:850294ms step_avg:215.43ms
step:3948/4740 train_time:850618ms step_avg:215.46ms
step:3949/4740 train_time:850796ms step_avg:215.45ms
step:3950/4740 train_time:851118ms step_avg:215.47ms
step:3951/4740 train_time:851300ms step_avg:215.46ms
step:3952/4740 train_time:851621ms step_avg:215.49ms
step:3953/4740 train_time:851803ms step_avg:215.48ms
step:3954/4740 train_time:852126ms step_avg:215.51ms
step:3955/4740 train_time:852306ms step_avg:215.50ms
step:3956/4740 train_time:852625ms step_avg:215.53ms
step:3957/4740 train_time:852812ms step_avg:215.52ms
step:3958/4740 train_time:853133ms step_avg:215.55ms
step:3959/4740 train_time:853317ms step_avg:215.54ms
step:3960/4740 train_time:853640ms step_avg:215.57ms
step:3961/4740 train_time:853823ms step_avg:215.56ms
step:3962/4740 train_time:854143ms step_avg:215.58ms
step:3963/4740 train_time:854326ms step_avg:215.58ms
step:3964/4740 train_time:854648ms step_avg:215.60ms
step:3965/4740 train_time:854833ms step_avg:215.59ms
step:3966/4740 train_time:855156ms step_avg:215.62ms
step:3967/4740 train_time:855335ms step_avg:215.61ms
step:3968/4740 train_time:855658ms step_avg:215.64ms
step:3969/4740 train_time:855840ms step_avg:215.63ms
step:3970/4740 train_time:856162ms step_avg:215.66ms
step:3971/4740 train_time:856346ms step_avg:215.65ms
step:3972/4740 train_time:856670ms step_avg:215.68ms
step:3973/4740 train_time:856850ms step_avg:215.67ms
step:3974/4740 train_time:857169ms step_avg:215.69ms
step:3975/4740 train_time:857354ms step_avg:215.69ms
step:3976/4740 train_time:857680ms step_avg:215.71ms
step:3977/4740 train_time:857863ms step_avg:215.71ms
step:3978/4740 train_time:858185ms step_avg:215.73ms
step:3979/4740 train_time:858364ms step_avg:215.72ms
step:3980/4740 train_time:858688ms step_avg:215.75ms
step:3981/4740 train_time:858870ms step_avg:215.74ms
step:3982/4740 train_time:859188ms step_avg:215.77ms
step:3983/4740 train_time:859369ms step_avg:215.76ms
step:3984/4740 train_time:859692ms step_avg:215.79ms
step:3985/4740 train_time:859873ms step_avg:215.78ms
step:3986/4740 train_time:860193ms step_avg:215.80ms
step:3987/4740 train_time:860373ms step_avg:215.79ms
step:3988/4740 train_time:860696ms step_avg:215.82ms
step:3989/4740 train_time:860883ms step_avg:215.81ms
step:3990/4740 train_time:861206ms step_avg:215.84ms
step:3991/4740 train_time:861388ms step_avg:215.83ms
step:3992/4740 train_time:861711ms step_avg:215.86ms
step:3993/4740 train_time:861895ms step_avg:215.85ms
step:3994/4740 train_time:862218ms step_avg:215.88ms
step:3995/4740 train_time:862403ms step_avg:215.87ms
step:3996/4740 train_time:862725ms step_avg:215.90ms
step:3997/4740 train_time:862909ms step_avg:215.89ms
step:3998/4740 train_time:863231ms step_avg:215.92ms
step:3999/4740 train_time:863414ms step_avg:215.91ms
step:4000/4740 train_time:863735ms step_avg:215.93ms
step:4000/4740 val_loss:3.0088 train_time:863863ms step_avg:215.97ms
step:4001/4740 train_time:863920ms step_avg:215.93ms
step:4002/4740 train_time:864251ms step_avg:215.95ms
step:4003/4740 train_time:864433ms step_avg:215.95ms
step:4004/4740 train_time:864750ms step_avg:215.97ms
step:4005/4740 train_time:864930ms step_avg:215.96ms
step:4006/4740 train_time:865259ms step_avg:215.99ms
step:4007/4740 train_time:865443ms step_avg:215.98ms
step:4008/4740 train_time:865765ms step_avg:216.01ms
step:4009/4740 train_time:865943ms step_avg:216.00ms
step:4010/4740 train_time:866270ms step_avg:216.03ms
step:4011/4740 train_time:866452ms step_avg:216.02ms
step:4012/4740 train_time:866778ms step_avg:216.05ms
step:4013/4740 train_time:866957ms step_avg:216.04ms
step:4014/4740 train_time:867281ms step_avg:216.06ms
step:4015/4740 train_time:867463ms step_avg:216.06ms
step:4016/4740 train_time:867783ms step_avg:216.08ms
step:4017/4740 train_time:867967ms step_avg:216.07ms
step:4018/4740 train_time:868292ms step_avg:216.10ms
step:4019/4740 train_time:868473ms step_avg:216.09ms
step:4020/4740 train_time:868796ms step_avg:216.12ms
step:4021/4740 train_time:868978ms step_avg:216.11ms
step:4022/4740 train_time:869303ms step_avg:216.14ms
step:4023/4740 train_time:869485ms step_avg:216.13ms
step:4024/4740 train_time:869802ms step_avg:216.15ms
step:4025/4740 train_time:869991ms step_avg:216.15ms
step:4026/4740 train_time:870306ms step_avg:216.17ms
step:4027/4740 train_time:870494ms step_avg:216.16ms
step:4028/4740 train_time:870815ms step_avg:216.19ms
step:4029/4740 train_time:871002ms step_avg:216.18ms
step:4030/4740 train_time:871326ms step_avg:216.21ms
step:4031/4740 train_time:871508ms step_avg:216.20ms
step:4032/4740 train_time:871830ms step_avg:216.23ms
step:4033/4740 train_time:872013ms step_avg:216.22ms
step:4034/4740 train_time:872332ms step_avg:216.24ms
step:4035/4740 train_time:872514ms step_avg:216.24ms
step:4036/4740 train_time:872840ms step_avg:216.26ms
step:4037/4740 train_time:873022ms step_avg:216.26ms
step:4038/4740 train_time:873344ms step_avg:216.28ms
step:4039/4740 train_time:873529ms step_avg:216.27ms
step:4040/4740 train_time:873851ms step_avg:216.30ms
step:4041/4740 train_time:874035ms step_avg:216.29ms
step:4042/4740 train_time:874356ms step_avg:216.32ms
step:4043/4740 train_time:874543ms step_avg:216.31ms
step:4044/4740 train_time:874866ms step_avg:216.34ms
step:4045/4740 train_time:875046ms step_avg:216.33ms
step:4046/4740 train_time:875370ms step_avg:216.35ms
step:4047/4740 train_time:875551ms step_avg:216.35ms
step:4048/4740 train_time:875875ms step_avg:216.37ms
step:4049/4740 train_time:876057ms step_avg:216.36ms
step:4050/4740 train_time:876378ms step_avg:216.39ms
step:4051/4740 train_time:876560ms step_avg:216.38ms
step:4052/4740 train_time:876879ms step_avg:216.41ms
step:4053/4740 train_time:877065ms step_avg:216.40ms
step:4054/4740 train_time:877387ms step_avg:216.42ms
step:4055/4740 train_time:877569ms step_avg:216.42ms
step:4056/4740 train_time:877892ms step_avg:216.44ms
step:4057/4740 train_time:878077ms step_avg:216.43ms
step:4058/4740 train_time:878402ms step_avg:216.46ms
step:4059/4740 train_time:878585ms step_avg:216.45ms
step:4060/4740 train_time:878906ms step_avg:216.48ms
step:4061/4740 train_time:879089ms step_avg:216.47ms
step:4062/4740 train_time:879408ms step_avg:216.50ms
step:4063/4740 train_time:879593ms step_avg:216.49ms
step:4064/4740 train_time:879916ms step_avg:216.51ms
step:4065/4740 train_time:880098ms step_avg:216.51ms
step:4066/4740 train_time:880421ms step_avg:216.53ms
step:4067/4740 train_time:880602ms step_avg:216.52ms
step:4068/4740 train_time:880921ms step_avg:216.55ms
step:4069/4740 train_time:881103ms step_avg:216.54ms
step:4070/4740 train_time:881426ms step_avg:216.57ms
step:4071/4740 train_time:881611ms step_avg:216.56ms
step:4072/4740 train_time:881928ms step_avg:216.58ms
step:4073/4740 train_time:882113ms step_avg:216.58ms
step:4074/4740 train_time:882430ms step_avg:216.60ms
step:4075/4740 train_time:882617ms step_avg:216.59ms
step:4076/4740 train_time:882937ms step_avg:216.62ms
step:4077/4740 train_time:883123ms step_avg:216.61ms
step:4078/4740 train_time:883448ms step_avg:216.64ms
step:4079/4740 train_time:883628ms step_avg:216.63ms
step:4080/4740 train_time:883946ms step_avg:216.65ms
step:4081/4740 train_time:884133ms step_avg:216.65ms
step:4082/4740 train_time:884452ms step_avg:216.67ms
step:4083/4740 train_time:884635ms step_avg:216.66ms
step:4084/4740 train_time:884953ms step_avg:216.69ms
step:4085/4740 train_time:885137ms step_avg:216.68ms
step:4086/4740 train_time:885458ms step_avg:216.71ms
step:4087/4740 train_time:885642ms step_avg:216.70ms
step:4088/4740 train_time:885965ms step_avg:216.72ms
step:4089/4740 train_time:886150ms step_avg:216.72ms
step:4090/4740 train_time:886473ms step_avg:216.74ms
step:4091/4740 train_time:886653ms step_avg:216.73ms
step:4092/4740 train_time:886974ms step_avg:216.76ms
step:4093/4740 train_time:887160ms step_avg:216.75ms
step:4094/4740 train_time:887484ms step_avg:216.78ms
step:4095/4740 train_time:887666ms step_avg:216.77ms
step:4096/4740 train_time:887995ms step_avg:216.80ms
step:4097/4740 train_time:888175ms step_avg:216.79ms
step:4098/4740 train_time:888498ms step_avg:216.81ms
step:4099/4740 train_time:888676ms step_avg:216.80ms
step:4100/4740 train_time:888996ms step_avg:216.83ms
step:4101/4740 train_time:889179ms step_avg:216.82ms
step:4102/4740 train_time:889500ms step_avg:216.85ms
step:4103/4740 train_time:889684ms step_avg:216.84ms
step:4104/4740 train_time:890005ms step_avg:216.86ms
step:4105/4740 train_time:890194ms step_avg:216.86ms
step:4106/4740 train_time:890515ms step_avg:216.88ms
step:4107/4740 train_time:890697ms step_avg:216.87ms
step:4108/4740 train_time:891017ms step_avg:216.90ms
step:4109/4740 train_time:891204ms step_avg:216.89ms
step:4110/4740 train_time:891529ms step_avg:216.92ms
step:4111/4740 train_time:891706ms step_avg:216.91ms
step:4112/4740 train_time:892028ms step_avg:216.93ms
step:4113/4740 train_time:892212ms step_avg:216.92ms
step:4114/4740 train_time:892537ms step_avg:216.95ms
step:4115/4740 train_time:892720ms step_avg:216.94ms
step:4116/4740 train_time:893042ms step_avg:216.97ms
step:4117/4740 train_time:893223ms step_avg:216.96ms
step:4118/4740 train_time:893546ms step_avg:216.99ms
step:4119/4740 train_time:893730ms step_avg:216.98ms
step:4120/4740 train_time:894052ms step_avg:217.00ms
step:4121/4740 train_time:894234ms step_avg:216.99ms
step:4122/4740 train_time:894557ms step_avg:217.02ms
step:4123/4740 train_time:894741ms step_avg:217.01ms
step:4124/4740 train_time:895062ms step_avg:217.04ms
step:4125/4740 train_time:895241ms step_avg:217.03ms
step:4126/4740 train_time:895567ms step_avg:217.05ms
step:4127/4740 train_time:895747ms step_avg:217.05ms
step:4128/4740 train_time:896067ms step_avg:217.07ms
step:4129/4740 train_time:896253ms step_avg:217.06ms
step:4130/4740 train_time:896579ms step_avg:217.09ms
step:4131/4740 train_time:896762ms step_avg:217.08ms
step:4132/4740 train_time:897086ms step_avg:217.11ms
step:4133/4740 train_time:897269ms step_avg:217.10ms
step:4134/4740 train_time:897592ms step_avg:217.12ms
step:4135/4740 train_time:897776ms step_avg:217.12ms
step:4136/4740 train_time:898095ms step_avg:217.14ms
step:4137/4740 train_time:898280ms step_avg:217.13ms
step:4138/4740 train_time:898601ms step_avg:217.16ms
step:4139/4740 train_time:898785ms step_avg:217.15ms
step:4140/4740 train_time:899107ms step_avg:217.18ms
step:4141/4740 train_time:899287ms step_avg:217.17ms
step:4142/4740 train_time:899610ms step_avg:217.19ms
step:4143/4740 train_time:899790ms step_avg:217.18ms
step:4144/4740 train_time:900108ms step_avg:217.21ms
step:4145/4740 train_time:900295ms step_avg:217.20ms
step:4146/4740 train_time:900613ms step_avg:217.22ms
step:4147/4740 train_time:900796ms step_avg:217.22ms
step:4148/4740 train_time:901121ms step_avg:217.24ms
step:4149/4740 train_time:901302ms step_avg:217.23ms
step:4150/4740 train_time:901623ms step_avg:217.26ms
step:4151/4740 train_time:901807ms step_avg:217.25ms
step:4152/4740 train_time:902129ms step_avg:217.28ms
step:4153/4740 train_time:902311ms step_avg:217.27ms
step:4154/4740 train_time:902637ms step_avg:217.29ms
step:4155/4740 train_time:902818ms step_avg:217.28ms
step:4156/4740 train_time:903142ms step_avg:217.31ms
step:4157/4740 train_time:903327ms step_avg:217.30ms
step:4158/4740 train_time:903648ms step_avg:217.33ms
step:4159/4740 train_time:903831ms step_avg:217.32ms
step:4160/4740 train_time:904154ms step_avg:217.34ms
step:4161/4740 train_time:904335ms step_avg:217.34ms
step:4162/4740 train_time:904658ms step_avg:217.36ms
step:4163/4740 train_time:904845ms step_avg:217.35ms
step:4164/4740 train_time:905166ms step_avg:217.38ms
step:4165/4740 train_time:905351ms step_avg:217.37ms
step:4166/4740 train_time:905676ms step_avg:217.40ms
step:4167/4740 train_time:905858ms step_avg:217.39ms
step:4168/4740 train_time:906180ms step_avg:217.41ms
step:4169/4740 train_time:906360ms step_avg:217.40ms
step:4170/4740 train_time:906682ms step_avg:217.43ms
step:4171/4740 train_time:906868ms step_avg:217.42ms
step:4172/4740 train_time:907192ms step_avg:217.45ms
step:4173/4740 train_time:907373ms step_avg:217.44ms
step:4174/4740 train_time:907694ms step_avg:217.46ms
step:4175/4740 train_time:907880ms step_avg:217.46ms
step:4176/4740 train_time:908202ms step_avg:217.48ms
step:4177/4740 train_time:908385ms step_avg:217.47ms
step:4178/4740 train_time:908706ms step_avg:217.50ms
step:4179/4740 train_time:908888ms step_avg:217.49ms
step:4180/4740 train_time:909211ms step_avg:217.51ms
step:4181/4740 train_time:909397ms step_avg:217.51ms
step:4182/4740 train_time:909719ms step_avg:217.53ms
step:4183/4740 train_time:909902ms step_avg:217.52ms
step:4184/4740 train_time:910225ms step_avg:217.55ms
step:4185/4740 train_time:910407ms step_avg:217.54ms
step:4186/4740 train_time:910726ms step_avg:217.56ms
step:4187/4740 train_time:910910ms step_avg:217.56ms
step:4188/4740 train_time:911229ms step_avg:217.58ms
step:4189/4740 train_time:911410ms step_avg:217.57ms
step:4190/4740 train_time:911735ms step_avg:217.60ms
step:4191/4740 train_time:911916ms step_avg:217.59ms
step:4192/4740 train_time:912232ms step_avg:217.61ms
step:4193/4740 train_time:912420ms step_avg:217.61ms
step:4194/4740 train_time:912738ms step_avg:217.63ms
step:4195/4740 train_time:912921ms step_avg:217.62ms
step:4196/4740 train_time:913241ms step_avg:217.65ms
step:4197/4740 train_time:913429ms step_avg:217.64ms
step:4198/4740 train_time:913748ms step_avg:217.66ms
step:4199/4740 train_time:913934ms step_avg:217.66ms
step:4200/4740 train_time:914253ms step_avg:217.68ms
step:4201/4740 train_time:914437ms step_avg:217.67ms
step:4202/4740 train_time:914761ms step_avg:217.70ms
step:4203/4740 train_time:914943ms step_avg:217.69ms
step:4204/4740 train_time:915265ms step_avg:217.71ms
step:4205/4740 train_time:915448ms step_avg:217.70ms
step:4206/4740 train_time:915771ms step_avg:217.73ms
step:4207/4740 train_time:915955ms step_avg:217.72ms
step:4208/4740 train_time:916277ms step_avg:217.75ms
step:4209/4740 train_time:916459ms step_avg:217.74ms
step:4210/4740 train_time:916785ms step_avg:217.76ms
step:4211/4740 train_time:916964ms step_avg:217.75ms
step:4212/4740 train_time:917284ms step_avg:217.78ms
step:4213/4740 train_time:917465ms step_avg:217.77ms
step:4214/4740 train_time:917791ms step_avg:217.80ms
step:4215/4740 train_time:917972ms step_avg:217.79ms
step:4216/4740 train_time:918293ms step_avg:217.81ms
step:4217/4740 train_time:918477ms step_avg:217.80ms
step:4218/4740 train_time:918800ms step_avg:217.83ms
step:4219/4740 train_time:918987ms step_avg:217.82ms
step:4220/4740 train_time:919305ms step_avg:217.84ms
step:4221/4740 train_time:919490ms step_avg:217.84ms
step:4222/4740 train_time:919808ms step_avg:217.86ms
step:4223/4740 train_time:919992ms step_avg:217.85ms
step:4224/4740 train_time:920313ms step_avg:217.88ms
step:4225/4740 train_time:920497ms step_avg:217.87ms
step:4226/4740 train_time:920820ms step_avg:217.89ms
step:4227/4740 train_time:921002ms step_avg:217.89ms
step:4228/4740 train_time:921323ms step_avg:217.91ms
step:4229/4740 train_time:921506ms step_avg:217.90ms
step:4230/4740 train_time:921827ms step_avg:217.93ms
step:4231/4740 train_time:922008ms step_avg:217.92ms
step:4232/4740 train_time:922330ms step_avg:217.94ms
step:4233/4740 train_time:922520ms step_avg:217.94ms
step:4234/4740 train_time:922840ms step_avg:217.96ms
step:4235/4740 train_time:923022ms step_avg:217.95ms
step:4236/4740 train_time:923340ms step_avg:217.97ms
step:4237/4740 train_time:923521ms step_avg:217.97ms
step:4238/4740 train_time:923843ms step_avg:217.99ms
step:4239/4740 train_time:924029ms step_avg:217.98ms
step:4240/4740 train_time:924348ms step_avg:218.01ms
step:4241/4740 train_time:924531ms step_avg:218.00ms
step:4242/4740 train_time:924851ms step_avg:218.02ms
step:4243/4740 train_time:925031ms step_avg:218.01ms
step:4244/4740 train_time:925352ms step_avg:218.04ms
step:4245/4740 train_time:925538ms step_avg:218.03ms
step:4246/4740 train_time:925859ms step_avg:218.05ms
step:4247/4740 train_time:926042ms step_avg:218.05ms
step:4248/4740 train_time:926367ms step_avg:218.07ms
step:4249/4740 train_time:926551ms step_avg:218.06ms
step:4250/4740 train_time:926873ms step_avg:218.09ms
step:4250/4740 val_loss:2.9784 train_time:927000ms step_avg:218.12ms
step:4251/4740 train_time:927055ms step_avg:218.08ms
step:4252/4740 train_time:927383ms step_avg:218.11ms
step:4253/4740 train_time:927572ms step_avg:218.10ms
step:4254/4740 train_time:927887ms step_avg:218.12ms
step:4255/4740 train_time:928073ms step_avg:218.11ms
step:4256/4740 train_time:928397ms step_avg:218.14ms
step:4257/4740 train_time:928581ms step_avg:218.13ms
step:4258/4740 train_time:928901ms step_avg:218.15ms
step:4259/4740 train_time:929081ms step_avg:218.15ms
step:4260/4740 train_time:929405ms step_avg:218.17ms
step:4261/4740 train_time:929592ms step_avg:218.16ms
step:4262/4740 train_time:929910ms step_avg:218.19ms
step:4263/4740 train_time:930093ms step_avg:218.18ms
step:4264/4740 train_time:930417ms step_avg:218.20ms
step:4265/4740 train_time:930602ms step_avg:218.19ms
step:4266/4740 train_time:930922ms step_avg:218.22ms
step:4267/4740 train_time:931101ms step_avg:218.21ms
step:4268/4740 train_time:931425ms step_avg:218.23ms
step:4269/4740 train_time:931607ms step_avg:218.23ms
step:4270/4740 train_time:931929ms step_avg:218.25ms
step:4271/4740 train_time:932111ms step_avg:218.24ms
step:4272/4740 train_time:932436ms step_avg:218.27ms
step:4273/4740 train_time:932621ms step_avg:218.26ms
step:4274/4740 train_time:932942ms step_avg:218.28ms
step:4275/4740 train_time:933123ms step_avg:218.27ms
step:4276/4740 train_time:933446ms step_avg:218.30ms
step:4277/4740 train_time:933628ms step_avg:218.29ms
step:4278/4740 train_time:933952ms step_avg:218.32ms
step:4279/4740 train_time:934132ms step_avg:218.31ms
step:4280/4740 train_time:934452ms step_avg:218.33ms
step:4281/4740 train_time:934636ms step_avg:218.32ms
step:4282/4740 train_time:934959ms step_avg:218.35ms
step:4283/4740 train_time:935139ms step_avg:218.34ms
step:4284/4740 train_time:935463ms step_avg:218.36ms
step:4285/4740 train_time:935643ms step_avg:218.35ms
step:4286/4740 train_time:935964ms step_avg:218.38ms
step:4287/4740 train_time:936149ms step_avg:218.37ms
step:4288/4740 train_time:936470ms step_avg:218.39ms
step:4289/4740 train_time:936649ms step_avg:218.38ms
step:4290/4740 train_time:936970ms step_avg:218.41ms
step:4291/4740 train_time:937154ms step_avg:218.40ms
step:4292/4740 train_time:937478ms step_avg:218.42ms
step:4293/4740 train_time:937662ms step_avg:218.42ms
step:4294/4740 train_time:937987ms step_avg:218.44ms
step:4295/4740 train_time:938167ms step_avg:218.43ms
step:4296/4740 train_time:938491ms step_avg:218.46ms
step:4297/4740 train_time:938673ms step_avg:218.45ms
step:4298/4740 train_time:938996ms step_avg:218.47ms
step:4299/4740 train_time:939187ms step_avg:218.47ms
step:4300/4740 train_time:939506ms step_avg:218.49ms
step:4301/4740 train_time:939696ms step_avg:218.48ms
step:4302/4740 train_time:940018ms step_avg:218.51ms
step:4303/4740 train_time:940196ms step_avg:218.50ms
step:4304/4740 train_time:940522ms step_avg:218.52ms
step:4305/4740 train_time:940709ms step_avg:218.52ms
step:4306/4740 train_time:941033ms step_avg:218.54ms
step:4307/4740 train_time:941215ms step_avg:218.53ms
step:4308/4740 train_time:941538ms step_avg:218.56ms
step:4309/4740 train_time:941722ms step_avg:218.55ms
step:4310/4740 train_time:942041ms step_avg:218.57ms
step:4311/4740 train_time:942221ms step_avg:218.56ms
step:4312/4740 train_time:942546ms step_avg:218.59ms
step:4313/4740 train_time:942732ms step_avg:218.58ms
step:4314/4740 train_time:943051ms step_avg:218.60ms
step:4315/4740 train_time:943231ms step_avg:218.59ms
step:4316/4740 train_time:943557ms step_avg:218.62ms
step:4317/4740 train_time:943742ms step_avg:218.61ms
step:4318/4740 train_time:944061ms step_avg:218.63ms
step:4319/4740 train_time:944243ms step_avg:218.63ms
step:4320/4740 train_time:944567ms step_avg:218.65ms
step:4321/4740 train_time:944752ms step_avg:218.64ms
step:4322/4740 train_time:945076ms step_avg:218.67ms
step:4323/4740 train_time:945259ms step_avg:218.66ms
step:4324/4740 train_time:945581ms step_avg:218.68ms
step:4325/4740 train_time:945765ms step_avg:218.67ms
step:4326/4740 train_time:946089ms step_avg:218.70ms
step:4327/4740 train_time:946270ms step_avg:218.69ms
step:4328/4740 train_time:946591ms step_avg:218.71ms
step:4329/4740 train_time:946773ms step_avg:218.70ms
step:4330/4740 train_time:947094ms step_avg:218.73ms
step:4331/4740 train_time:947277ms step_avg:218.72ms
step:4332/4740 train_time:947600ms step_avg:218.74ms
step:4333/4740 train_time:947781ms step_avg:218.74ms
step:4334/4740 train_time:948101ms step_avg:218.76ms
step:4335/4740 train_time:948289ms step_avg:218.75ms
step:4336/4740 train_time:948606ms step_avg:218.77ms
step:4337/4740 train_time:948794ms step_avg:218.77ms
step:4338/4740 train_time:949120ms step_avg:218.79ms
step:4339/4740 train_time:949303ms step_avg:218.78ms
step:4340/4740 train_time:949622ms step_avg:218.81ms
step:4341/4740 train_time:949809ms step_avg:218.80ms
step:4342/4740 train_time:950131ms step_avg:218.82ms
step:4343/4740 train_time:950310ms step_avg:218.81ms
step:4344/4740 train_time:950630ms step_avg:218.84ms
step:4345/4740 train_time:950811ms step_avg:218.83ms
step:4346/4740 train_time:951134ms step_avg:218.85ms
step:4347/4740 train_time:951318ms step_avg:218.84ms
step:4348/4740 train_time:951641ms step_avg:218.87ms
step:4349/4740 train_time:951823ms step_avg:218.86ms
step:4350/4740 train_time:952147ms step_avg:218.88ms
step:4351/4740 train_time:952327ms step_avg:218.88ms
step:4352/4740 train_time:952648ms step_avg:218.90ms
step:4353/4740 train_time:952826ms step_avg:218.89ms
step:4354/4740 train_time:953150ms step_avg:218.91ms
step:4355/4740 train_time:953333ms step_avg:218.91ms
step:4356/4740 train_time:953657ms step_avg:218.93ms
step:4357/4740 train_time:953840ms step_avg:218.92ms
step:4358/4740 train_time:954164ms step_avg:218.95ms
step:4359/4740 train_time:954351ms step_avg:218.94ms
step:4360/4740 train_time:954671ms step_avg:218.96ms
step:4361/4740 train_time:954854ms step_avg:218.95ms
step:4362/4740 train_time:955179ms step_avg:218.98ms
step:4363/4740 train_time:955363ms step_avg:218.97ms
step:4364/4740 train_time:955687ms step_avg:218.99ms
step:4365/4740 train_time:955866ms step_avg:218.98ms
step:4366/4740 train_time:956189ms step_avg:219.01ms
step:4367/4740 train_time:956372ms step_avg:219.00ms
step:4368/4740 train_time:956697ms step_avg:219.02ms
step:4369/4740 train_time:956880ms step_avg:219.02ms
step:4370/4740 train_time:957201ms step_avg:219.04ms
step:4371/4740 train_time:957380ms step_avg:219.03ms
step:4372/4740 train_time:957702ms step_avg:219.05ms
step:4373/4740 train_time:957884ms step_avg:219.05ms
step:4374/4740 train_time:958205ms step_avg:219.07ms
step:4375/4740 train_time:958383ms step_avg:219.06ms
step:4376/4740 train_time:958707ms step_avg:219.08ms
step:4377/4740 train_time:958890ms step_avg:219.07ms
step:4378/4740 train_time:959212ms step_avg:219.10ms
step:4379/4740 train_time:959394ms step_avg:219.09ms
step:4380/4740 train_time:959715ms step_avg:219.11ms
step:4381/4740 train_time:959901ms step_avg:219.11ms
step:4382/4740 train_time:960225ms step_avg:219.13ms
step:4383/4740 train_time:960403ms step_avg:219.12ms
step:4384/4740 train_time:960727ms step_avg:219.14ms
step:4385/4740 train_time:960911ms step_avg:219.14ms
step:4386/4740 train_time:961231ms step_avg:219.16ms
step:4387/4740 train_time:961414ms step_avg:219.15ms
step:4388/4740 train_time:961737ms step_avg:219.17ms
step:4389/4740 train_time:961916ms step_avg:219.17ms
step:4390/4740 train_time:962238ms step_avg:219.19ms
step:4391/4740 train_time:962423ms step_avg:219.18ms
step:4392/4740 train_time:962750ms step_avg:219.21ms
step:4393/4740 train_time:962929ms step_avg:219.20ms
step:4394/4740 train_time:963250ms step_avg:219.22ms
step:4395/4740 train_time:963431ms step_avg:219.21ms
step:4396/4740 train_time:963754ms step_avg:219.23ms
step:4397/4740 train_time:963935ms step_avg:219.23ms
step:4398/4740 train_time:964260ms step_avg:219.25ms
step:4399/4740 train_time:964437ms step_avg:219.24ms
step:4400/4740 train_time:964762ms step_avg:219.26ms
step:4401/4740 train_time:964946ms step_avg:219.26ms
step:4402/4740 train_time:965273ms step_avg:219.28ms
step:4403/4740 train_time:965450ms step_avg:219.27ms
step:4404/4740 train_time:965774ms step_avg:219.29ms
step:4405/4740 train_time:965952ms step_avg:219.29ms
step:4406/4740 train_time:966276ms step_avg:219.31ms
step:4407/4740 train_time:966460ms step_avg:219.30ms
step:4408/4740 train_time:966784ms step_avg:219.32ms
step:4409/4740 train_time:966965ms step_avg:219.32ms
step:4410/4740 train_time:967288ms step_avg:219.34ms
step:4411/4740 train_time:967471ms step_avg:219.33ms
step:4412/4740 train_time:967794ms step_avg:219.36ms
step:4413/4740 train_time:967975ms step_avg:219.35ms
step:4414/4740 train_time:968297ms step_avg:219.37ms
step:4415/4740 train_time:968479ms step_avg:219.36ms
step:4416/4740 train_time:968800ms step_avg:219.38ms
step:4417/4740 train_time:968985ms step_avg:219.38ms
step:4418/4740 train_time:969306ms step_avg:219.40ms
step:4419/4740 train_time:969489ms step_avg:219.39ms
step:4420/4740 train_time:969812ms step_avg:219.41ms
step:4421/4740 train_time:969992ms step_avg:219.41ms
step:4422/4740 train_time:970316ms step_avg:219.43ms
step:4423/4740 train_time:970499ms step_avg:219.42ms
step:4424/4740 train_time:970822ms step_avg:219.44ms
step:4425/4740 train_time:971002ms step_avg:219.44ms
step:4426/4740 train_time:971327ms step_avg:219.46ms
step:4427/4740 train_time:971509ms step_avg:219.45ms
step:4428/4740 train_time:971832ms step_avg:219.47ms
step:4429/4740 train_time:972017ms step_avg:219.47ms
step:4430/4740 train_time:972337ms step_avg:219.49ms
step:4431/4740 train_time:972526ms step_avg:219.48ms
step:4432/4740 train_time:972846ms step_avg:219.50ms
step:4433/4740 train_time:973029ms step_avg:219.50ms
step:4434/4740 train_time:973349ms step_avg:219.52ms
step:4435/4740 train_time:973533ms step_avg:219.51ms
step:4436/4740 train_time:973854ms step_avg:219.53ms
step:4437/4740 train_time:974039ms step_avg:219.53ms
step:4438/4740 train_time:974363ms step_avg:219.55ms
step:4439/4740 train_time:974545ms step_avg:219.54ms
step:4440/4740 train_time:974868ms step_avg:219.56ms
step:4441/4740 train_time:975048ms step_avg:219.56ms
step:4442/4740 train_time:975374ms step_avg:219.58ms
step:4443/4740 train_time:975554ms step_avg:219.57ms
step:4444/4740 train_time:975874ms step_avg:219.59ms
step:4445/4740 train_time:976054ms step_avg:219.58ms
step:4446/4740 train_time:976378ms step_avg:219.61ms
step:4447/4740 train_time:976562ms step_avg:219.60ms
step:4448/4740 train_time:976884ms step_avg:219.62ms
step:4449/4740 train_time:977066ms step_avg:219.61ms
step:4450/4740 train_time:977390ms step_avg:219.64ms
step:4451/4740 train_time:977572ms step_avg:219.63ms
step:4452/4740 train_time:977894ms step_avg:219.65ms
step:4453/4740 train_time:978075ms step_avg:219.64ms
step:4454/4740 train_time:978401ms step_avg:219.67ms
step:4455/4740 train_time:978581ms step_avg:219.66ms
step:4456/4740 train_time:978903ms step_avg:219.68ms
step:4457/4740 train_time:979088ms step_avg:219.67ms
step:4458/4740 train_time:979412ms step_avg:219.70ms
step:4459/4740 train_time:979595ms step_avg:219.69ms
step:4460/4740 train_time:979918ms step_avg:219.71ms
step:4461/4740 train_time:980103ms step_avg:219.70ms
step:4462/4740 train_time:980428ms step_avg:219.73ms
step:4463/4740 train_time:980612ms step_avg:219.72ms
step:4464/4740 train_time:980936ms step_avg:219.74ms
step:4465/4740 train_time:981119ms step_avg:219.74ms
step:4466/4740 train_time:981437ms step_avg:219.76ms
step:4467/4740 train_time:981624ms step_avg:219.75ms
step:4468/4740 train_time:981943ms step_avg:219.77ms
step:4469/4740 train_time:982125ms step_avg:219.76ms
step:4470/4740 train_time:982450ms step_avg:219.79ms
step:4471/4740 train_time:982632ms step_avg:219.78ms
step:4472/4740 train_time:982955ms step_avg:219.80ms
step:4473/4740 train_time:983139ms step_avg:219.79ms
step:4474/4740 train_time:983461ms step_avg:219.82ms
step:4475/4740 train_time:983646ms step_avg:219.81ms
step:4476/4740 train_time:983968ms step_avg:219.83ms
step:4477/4740 train_time:984150ms step_avg:219.82ms
step:4478/4740 train_time:984472ms step_avg:219.85ms
step:4479/4740 train_time:984654ms step_avg:219.84ms
step:4480/4740 train_time:984979ms step_avg:219.86ms
step:4481/4740 train_time:985160ms step_avg:219.85ms
step:4482/4740 train_time:985482ms step_avg:219.88ms
step:4483/4740 train_time:985662ms step_avg:219.87ms
step:4484/4740 train_time:985984ms step_avg:219.89ms
step:4485/4740 train_time:986165ms step_avg:219.88ms
step:4486/4740 train_time:986488ms step_avg:219.90ms
step:4487/4740 train_time:986670ms step_avg:219.90ms
step:4488/4740 train_time:986996ms step_avg:219.92ms
step:4489/4740 train_time:987177ms step_avg:219.91ms
step:4490/4740 train_time:987499ms step_avg:219.93ms
step:4491/4740 train_time:987681ms step_avg:219.92ms
step:4492/4740 train_time:988004ms step_avg:219.95ms
step:4493/4740 train_time:988190ms step_avg:219.94ms
step:4494/4740 train_time:988512ms step_avg:219.96ms
step:4495/4740 train_time:988693ms step_avg:219.95ms
step:4496/4740 train_time:989017ms step_avg:219.98ms
step:4497/4740 train_time:989199ms step_avg:219.97ms
step:4498/4740 train_time:989523ms step_avg:219.99ms
step:4499/4740 train_time:989703ms step_avg:219.98ms
step:4500/4740 train_time:990027ms step_avg:220.01ms
step:4500/4740 val_loss:2.9515 train_time:990155ms step_avg:220.03ms
step:4501/4740 train_time:990211ms step_avg:220.00ms
step:4502/4740 train_time:990538ms step_avg:220.02ms
step:4503/4740 train_time:990726ms step_avg:220.01ms
step:4504/4740 train_time:991045ms step_avg:220.04ms
step:4505/4740 train_time:991227ms step_avg:220.03ms
step:4506/4740 train_time:991553ms step_avg:220.05ms
step:4507/4740 train_time:991739ms step_avg:220.04ms
step:4508/4740 train_time:992057ms step_avg:220.07ms
step:4509/4740 train_time:992239ms step_avg:220.06ms
step:4510/4740 train_time:992564ms step_avg:220.08ms
step:4511/4740 train_time:992749ms step_avg:220.07ms
step:4512/4740 train_time:993071ms step_avg:220.10ms
step:4513/4740 train_time:993252ms step_avg:220.09ms
step:4514/4740 train_time:993578ms step_avg:220.11ms
step:4515/4740 train_time:993757ms step_avg:220.10ms
step:4516/4740 train_time:994081ms step_avg:220.12ms
step:4517/4740 train_time:994262ms step_avg:220.12ms
step:4518/4740 train_time:994587ms step_avg:220.14ms
step:4519/4740 train_time:994767ms step_avg:220.13ms
step:4520/4740 train_time:995090ms step_avg:220.15ms
step:4521/4740 train_time:995272ms step_avg:220.14ms
step:4522/4740 train_time:995596ms step_avg:220.17ms
step:4523/4740 train_time:995780ms step_avg:220.16ms
step:4524/4740 train_time:996104ms step_avg:220.18ms
step:4525/4740 train_time:996286ms step_avg:220.17ms
step:4526/4740 train_time:996609ms step_avg:220.20ms
step:4527/4740 train_time:996794ms step_avg:220.19ms
step:4528/4740 train_time:997115ms step_avg:220.21ms
step:4529/4740 train_time:997297ms step_avg:220.20ms
step:4530/4740 train_time:997621ms step_avg:220.23ms
step:4531/4740 train_time:997804ms step_avg:220.22ms
step:4532/4740 train_time:998127ms step_avg:220.24ms
step:4533/4740 train_time:998310ms step_avg:220.23ms
step:4534/4740 train_time:998632ms step_avg:220.25ms
step:4535/4740 train_time:998814ms step_avg:220.25ms
step:4536/4740 train_time:999136ms step_avg:220.27ms
step:4537/4740 train_time:999318ms step_avg:220.26ms
step:4538/4740 train_time:999645ms step_avg:220.28ms
step:4539/4740 train_time:999827ms step_avg:220.27ms
step:4540/4740 train_time:1000152ms step_avg:220.30ms
step:4541/4740 train_time:1000333ms step_avg:220.29ms
step:4542/4740 train_time:1000655ms step_avg:220.31ms
step:4543/4740 train_time:1000840ms step_avg:220.30ms
step:4544/4740 train_time:1001162ms step_avg:220.33ms
step:4545/4740 train_time:1001342ms step_avg:220.32ms
step:4546/4740 train_time:1001666ms step_avg:220.34ms
step:4547/4740 train_time:1001852ms step_avg:220.33ms
step:4548/4740 train_time:1002175ms step_avg:220.36ms
step:4549/4740 train_time:1002360ms step_avg:220.35ms
step:4550/4740 train_time:1002683ms step_avg:220.37ms
step:4551/4740 train_time:1002867ms step_avg:220.36ms
step:4552/4740 train_time:1003189ms step_avg:220.38ms
step:4553/4740 train_time:1003370ms step_avg:220.38ms
step:4554/4740 train_time:1003696ms step_avg:220.40ms
step:4555/4740 train_time:1003877ms step_avg:220.39ms
step:4556/4740 train_time:1004205ms step_avg:220.41ms
step:4557/4740 train_time:1004386ms step_avg:220.41ms
step:4558/4740 train_time:1004709ms step_avg:220.43ms
step:4559/4740 train_time:1004897ms step_avg:220.42ms
step:4560/4740 train_time:1005223ms step_avg:220.44ms
step:4561/4740 train_time:1005404ms step_avg:220.43ms
step:4562/4740 train_time:1005725ms step_avg:220.46ms
step:4563/4740 train_time:1005913ms step_avg:220.45ms
step:4564/4740 train_time:1006239ms step_avg:220.47ms
step:4565/4740 train_time:1006423ms step_avg:220.47ms
step:4566/4740 train_time:1006744ms step_avg:220.49ms
step:4567/4740 train_time:1006929ms step_avg:220.48ms
step:4568/4740 train_time:1007252ms step_avg:220.50ms
step:4569/4740 train_time:1007435ms step_avg:220.49ms
step:4570/4740 train_time:1007760ms step_avg:220.52ms
step:4571/4740 train_time:1007942ms step_avg:220.51ms
step:4572/4740 train_time:1008269ms step_avg:220.53ms
step:4573/4740 train_time:1008448ms step_avg:220.52ms
step:4574/4740 train_time:1008771ms step_avg:220.54ms
step:4575/4740 train_time:1008948ms step_avg:220.54ms
step:4576/4740 train_time:1009271ms step_avg:220.56ms
step:4577/4740 train_time:1009450ms step_avg:220.55ms
step:4578/4740 train_time:1009774ms step_avg:220.57ms
step:4579/4740 train_time:1009958ms step_avg:220.56ms
step:4580/4740 train_time:1010280ms step_avg:220.59ms
step:4581/4740 train_time:1010467ms step_avg:220.58ms
step:4582/4740 train_time:1010791ms step_avg:220.60ms
step:4583/4740 train_time:1010975ms step_avg:220.59ms
step:4584/4740 train_time:1011296ms step_avg:220.61ms
step:4585/4740 train_time:1011478ms step_avg:220.61ms
step:4586/4740 train_time:1011797ms step_avg:220.63ms
step:4587/4740 train_time:1011979ms step_avg:220.62ms
step:4588/4740 train_time:1012302ms step_avg:220.64ms
step:4589/4740 train_time:1012487ms step_avg:220.63ms
step:4590/4740 train_time:1012812ms step_avg:220.66ms
step:4591/4740 train_time:1012992ms step_avg:220.65ms
step:4592/4740 train_time:1013319ms step_avg:220.67ms
step:4593/4740 train_time:1013505ms step_avg:220.66ms
step:4594/4740 train_time:1013829ms step_avg:220.69ms
step:4595/4740 train_time:1014011ms step_avg:220.68ms
step:4596/4740 train_time:1014335ms step_avg:220.70ms
step:4597/4740 train_time:1014519ms step_avg:220.69ms
step:4598/4740 train_time:1014841ms step_avg:220.71ms
step:4599/4740 train_time:1015025ms step_avg:220.71ms
step:4600/4740 train_time:1015349ms step_avg:220.73ms
step:4601/4740 train_time:1015534ms step_avg:220.72ms
step:4602/4740 train_time:1015857ms step_avg:220.74ms
step:4603/4740 train_time:1016036ms step_avg:220.73ms
step:4604/4740 train_time:1016358ms step_avg:220.76ms
step:4605/4740 train_time:1016543ms step_avg:220.75ms
step:4606/4740 train_time:1016865ms step_avg:220.77ms
step:4607/4740 train_time:1017044ms step_avg:220.76ms
step:4608/4740 train_time:1017365ms step_avg:220.78ms
step:4609/4740 train_time:1017547ms step_avg:220.77ms
step:4610/4740 train_time:1017869ms step_avg:220.80ms
step:4611/4740 train_time:1018051ms step_avg:220.79ms
step:4612/4740 train_time:1018370ms step_avg:220.81ms
step:4613/4740 train_time:1018553ms step_avg:220.80ms
step:4614/4740 train_time:1018878ms step_avg:220.82ms
step:4615/4740 train_time:1019057ms step_avg:220.81ms
step:4616/4740 train_time:1019380ms step_avg:220.84ms
step:4617/4740 train_time:1019564ms step_avg:220.83ms
step:4618/4740 train_time:1019889ms step_avg:220.85ms
step:4619/4740 train_time:1020067ms step_avg:220.84ms
step:4620/4740 train_time:1020389ms step_avg:220.86ms
step:4621/4740 train_time:1020574ms step_avg:220.86ms
step:4622/4740 train_time:1020892ms step_avg:220.88ms
step:4623/4740 train_time:1021076ms step_avg:220.87ms
step:4624/4740 train_time:1021399ms step_avg:220.89ms
step:4625/4740 train_time:1021581ms step_avg:220.88ms
step:4626/4740 train_time:1021903ms step_avg:220.90ms
step:4627/4740 train_time:1022090ms step_avg:220.90ms
step:4628/4740 train_time:1022415ms step_avg:220.92ms
step:4629/4740 train_time:1022596ms step_avg:220.91ms
step:4630/4740 train_time:1022918ms step_avg:220.93ms
step:4631/4740 train_time:1023100ms step_avg:220.92ms
step:4632/4740 train_time:1023422ms step_avg:220.95ms
step:4633/4740 train_time:1023607ms step_avg:220.94ms
step:4634/4740 train_time:1023929ms step_avg:220.96ms
step:4635/4740 train_time:1024110ms step_avg:220.95ms
step:4636/4740 train_time:1024432ms step_avg:220.97ms
step:4637/4740 train_time:1024618ms step_avg:220.97ms
step:4638/4740 train_time:1024938ms step_avg:220.99ms
step:4639/4740 train_time:1025121ms step_avg:220.98ms
step:4640/4740 train_time:1025443ms step_avg:221.00ms
step:4641/4740 train_time:1025627ms step_avg:220.99ms
step:4642/4740 train_time:1025950ms step_avg:221.01ms
step:4643/4740 train_time:1026133ms step_avg:221.01ms
step:4644/4740 train_time:1026452ms step_avg:221.03ms
step:4645/4740 train_time:1026640ms step_avg:221.02ms
step:4646/4740 train_time:1026964ms step_avg:221.04ms
step:4647/4740 train_time:1027142ms step_avg:221.03ms
step:4648/4740 train_time:1027462ms step_avg:221.05ms
step:4649/4740 train_time:1027643ms step_avg:221.05ms
step:4650/4740 train_time:1027967ms step_avg:221.07ms
step:4651/4740 train_time:1028151ms step_avg:221.06ms
step:4652/4740 train_time:1028478ms step_avg:221.08ms
step:4653/4740 train_time:1028658ms step_avg:221.07ms
step:4654/4740 train_time:1028980ms step_avg:221.10ms
step:4655/4740 train_time:1029161ms step_avg:221.09ms
step:4656/4740 train_time:1029486ms step_avg:221.11ms
step:4657/4740 train_time:1029674ms step_avg:221.10ms
step:4658/4740 train_time:1029992ms step_avg:221.12ms
step:4659/4740 train_time:1030181ms step_avg:221.12ms
step:4660/4740 train_time:1030501ms step_avg:221.14ms
step:4661/4740 train_time:1030683ms step_avg:221.13ms
step:4662/4740 train_time:1031003ms step_avg:221.15ms
step:4663/4740 train_time:1031185ms step_avg:221.14ms
step:4664/4740 train_time:1031507ms step_avg:221.16ms
step:4665/4740 train_time:1031690ms step_avg:221.16ms
step:4666/4740 train_time:1032012ms step_avg:221.18ms
step:4667/4740 train_time:1032195ms step_avg:221.17ms
step:4668/4740 train_time:1032517ms step_avg:221.19ms
step:4669/4740 train_time:1032701ms step_avg:221.18ms
step:4670/4740 train_time:1033025ms step_avg:221.20ms
step:4671/4740 train_time:1033207ms step_avg:221.20ms
step:4672/4740 train_time:1033530ms step_avg:221.22ms
step:4673/4740 train_time:1033713ms step_avg:221.21ms
step:4674/4740 train_time:1034038ms step_avg:221.23ms
step:4675/4740 train_time:1034220ms step_avg:221.22ms
step:4676/4740 train_time:1034540ms step_avg:221.24ms
step:4677/4740 train_time:1034724ms step_avg:221.24ms
step:4678/4740 train_time:1035048ms step_avg:221.26ms
step:4679/4740 train_time:1035230ms step_avg:221.25ms
step:4680/4740 train_time:1035554ms step_avg:221.27ms
step:4681/4740 train_time:1035734ms step_avg:221.26ms
step:4682/4740 train_time:1036059ms step_avg:221.29ms
step:4683/4740 train_time:1036241ms step_avg:221.28ms
step:4684/4740 train_time:1036562ms step_avg:221.30ms
step:4685/4740 train_time:1036749ms step_avg:221.29ms
step:4686/4740 train_time:1037072ms step_avg:221.31ms
step:4687/4740 train_time:1037259ms step_avg:221.31ms
step:4688/4740 train_time:1037580ms step_avg:221.33ms
step:4689/4740 train_time:1037763ms step_avg:221.32ms
step:4690/4740 train_time:1038083ms step_avg:221.34ms
step:4691/4740 train_time:1038265ms step_avg:221.33ms
step:4692/4740 train_time:1038587ms step_avg:221.35ms
step:4693/4740 train_time:1038768ms step_avg:221.34ms
step:4694/4740 train_time:1039092ms step_avg:221.37ms
step:4695/4740 train_time:1039272ms step_avg:221.36ms
step:4696/4740 train_time:1039594ms step_avg:221.38ms
step:4697/4740 train_time:1039774ms step_avg:221.37ms
step:4698/4740 train_time:1040096ms step_avg:221.39ms
step:4699/4740 train_time:1040280ms step_avg:221.38ms
step:4700/4740 train_time:1040599ms step_avg:221.40ms
step:4701/4740 train_time:1040786ms step_avg:221.40ms
step:4702/4740 train_time:1041107ms step_avg:221.42ms
step:4703/4740 train_time:1041293ms step_avg:221.41ms
step:4704/4740 train_time:1041611ms step_avg:221.43ms
step:4705/4740 train_time:1041804ms step_avg:221.42ms
step:4706/4740 train_time:1042124ms step_avg:221.45ms
step:4707/4740 train_time:1042309ms step_avg:221.44ms
step:4708/4740 train_time:1042631ms step_avg:221.46ms
step:4709/4740 train_time:1042816ms step_avg:221.45ms
step:4710/4740 train_time:1043140ms step_avg:221.47ms
step:4711/4740 train_time:1043322ms step_avg:221.47ms
step:4712/4740 train_time:1043643ms step_avg:221.49ms
step:4713/4740 train_time:1043829ms step_avg:221.48ms
step:4714/4740 train_time:1044152ms step_avg:221.50ms
step:4715/4740 train_time:1044334ms step_avg:221.49ms
step:4716/4740 train_time:1044658ms step_avg:221.51ms
step:4717/4740 train_time:1044841ms step_avg:221.51ms
step:4718/4740 train_time:1045166ms step_avg:221.53ms
step:4719/4740 train_time:1045349ms step_avg:221.52ms
step:4720/4740 train_time:1045671ms step_avg:221.54ms
step:4721/4740 train_time:1045852ms step_avg:221.53ms
step:4722/4740 train_time:1046176ms step_avg:221.55ms
step:4723/4740 train_time:1046363ms step_avg:221.55ms
step:4724/4740 train_time:1046681ms step_avg:221.57ms
step:4725/4740 train_time:1046867ms step_avg:221.56ms
step:4726/4740 train_time:1047188ms step_avg:221.58ms
step:4727/4740 train_time:1047372ms step_avg:221.57ms
step:4728/4740 train_time:1047690ms step_avg:221.59ms
step:4729/4740 train_time:1047876ms step_avg:221.59ms
step:4730/4740 train_time:1048195ms step_avg:221.61ms
step:4731/4740 train_time:1048381ms step_avg:221.60ms
step:4732/4740 train_time:1048703ms step_avg:221.62ms
step:4733/4740 train_time:1048888ms step_avg:221.61ms
step:4734/4740 train_time:1049213ms step_avg:221.63ms
step:4735/4740 train_time:1049394ms step_avg:221.62ms
step:4736/4740 train_time:1049720ms step_avg:221.65ms
step:4737/4740 train_time:1049902ms step_avg:221.64ms
step:4738/4740 train_time:1050223ms step_avg:221.66ms
step:4739/4740 train_time:1050404ms step_avg:221.65ms
step:4740/4740 train_time:1050730ms step_avg:221.67ms
step:4740/4740 val_loss:2.9302 train_time:1050854ms step_avg:221.70ms
peak memory allocated: 57397 MiB reserved: 62992 MiB
