W0208 21:13:48.820000 2152900 torch/distributed/run.py:852] 
W0208 21:13:48.820000 2152900 torch/distributed/run.py:852] *****************************************
W0208 21:13:48.820000 2152900 torch/distributed/run.py:852] Setting OMP_NUM_THREADS environment variable for each process to be 1 in default, to avoid your system being overloaded, please further tune the variable for optimal performance in your application as needed. 
W0208 21:13:48.820000 2152900 torch/distributed/run.py:852] *****************************************
Fetching 4 files:   0%|          | 0/4 [00:00<?, ?it/s]Fetching 4 files: 100%|██████████| 4/4 [00:00<00:00, 78398.21it/s]
Fetching 4 files:   0%|          | 0/4 [00:00<?, ?it/s]Fetching 4 files: 100%|██████████| 4/4 [00:00<00:00, 79891.50it/s]
Fetching 4 files:   0%|          | 0/4 [00:00<?, ?it/s]Fetching 4 files: 100%|██████████| 4/4 [00:00<00:00, 73908.44it/s]
Fetching 4 files:   0%|          | 0/4 [00:00<?, ?it/s]Fetching 4 files: 100%|██████████| 4/4 [00:00<00:00, 18477.11it/s]
Fetching 4 files:   0%|          | 0/4 [00:00<?, ?it/s]Fetching 4 files: 100%|██████████| 4/4 [00:00<00:00, 65793.00it/s]
Fetching 4 files:   0%|          | 0/4 [00:00<?, ?it/s]Fetching 4 files: 100%|██████████| 4/4 [00:00<00:00, 67108.86it/s]
Fetching 4 files:   0%|          | 0/4 [00:00<?, ?it/s]Fetching 4 files: 100%|██████████| 4/4 [00:00<00:00, 83055.52it/s]
Fetching 4 files:   0%|          | 0/4 [00:00<?, ?it/s]Fetching 4 files: 100%|██████████| 4/4 [00:00<00:00, 53946.03it/s]
logs/sweep_muon0.012_adam0.004.txt
74
Compiling model and warming up kernels (~7 minutes on first execution)
Sampling steps [0, 1, 391, 392, 393, 783, 784, 785, 1174, 1175, 1176, 1566, 1567, 1568, 1958, 1959, 1960, 2349, 2350, 2351, 2741, 2742, 2743, 3133, 3134, 3135] for warmup
Resetting Model
step:0/4740 val_loss:10.8325 train_time:1ms step_avg:0.89ms
step:1/4740 train_time:91ms step_avg:90.86ms
step:2/4740 train_time:158ms step_avg:79.16ms
step:3/4740 train_time:217ms step_avg:72.20ms
step:4/4740 train_time:302ms step_avg:75.50ms
step:5/4740 train_time:361ms step_avg:72.11ms
step:6/4740 train_time:446ms step_avg:74.37ms
step:7/4740 train_time:505ms step_avg:72.13ms
step:8/4740 train_time:590ms step_avg:73.79ms
step:9/4740 train_time:649ms step_avg:72.10ms
step:10/4740 train_time:734ms step_avg:73.44ms
step:11/4740 train_time:793ms step_avg:72.12ms
step:12/4740 train_time:879ms step_avg:73.25ms
step:13/4740 train_time:938ms step_avg:72.12ms
step:14/4740 train_time:1024ms step_avg:73.17ms
step:15/4740 train_time:1087ms step_avg:72.45ms
step:16/4740 train_time:1173ms step_avg:73.30ms
step:17/4740 train_time:1233ms step_avg:72.52ms
step:18/4740 train_time:1319ms step_avg:73.26ms
step:19/4740 train_time:1378ms step_avg:72.55ms
step:20/4740 train_time:1464ms step_avg:73.21ms
step:21/4740 train_time:1524ms step_avg:72.58ms
step:22/4740 train_time:1610ms step_avg:73.20ms
step:23/4740 train_time:1671ms step_avg:72.64ms
step:24/4740 train_time:1757ms step_avg:73.20ms
step:25/4740 train_time:1816ms step_avg:72.63ms
step:26/4740 train_time:1901ms step_avg:73.12ms
step:27/4740 train_time:1960ms step_avg:72.59ms
step:28/4740 train_time:2046ms step_avg:73.09ms
step:29/4740 train_time:2106ms step_avg:72.62ms
step:30/4740 train_time:2192ms step_avg:73.08ms
step:31/4740 train_time:2253ms step_avg:72.66ms
step:32/4740 train_time:2339ms step_avg:73.09ms
step:33/4740 train_time:2398ms step_avg:72.67ms
step:34/4740 train_time:2485ms step_avg:73.10ms
step:35/4740 train_time:2545ms step_avg:72.71ms
step:36/4740 train_time:2631ms step_avg:73.10ms
step:37/4740 train_time:2692ms step_avg:72.74ms
step:38/4740 train_time:2778ms step_avg:73.10ms
step:39/4740 train_time:2836ms step_avg:72.72ms
step:40/4740 train_time:2922ms step_avg:73.05ms
step:41/4740 train_time:2981ms step_avg:72.72ms
step:42/4740 train_time:3067ms step_avg:73.03ms
step:43/4740 train_time:3128ms step_avg:72.74ms
step:44/4740 train_time:3214ms step_avg:73.05ms
step:45/4740 train_time:3273ms step_avg:72.74ms
step:46/4740 train_time:3360ms step_avg:73.04ms
step:47/4740 train_time:3419ms step_avg:72.75ms
step:48/4740 train_time:3506ms step_avg:73.03ms
step:49/4740 train_time:3566ms step_avg:72.77ms
step:50/4740 train_time:3652ms step_avg:73.04ms
step:51/4740 train_time:3712ms step_avg:72.78ms
step:52/4740 train_time:3799ms step_avg:73.05ms
step:53/4740 train_time:3857ms step_avg:72.78ms
step:54/4740 train_time:3944ms step_avg:73.04ms
step:55/4740 train_time:4003ms step_avg:72.79ms
step:56/4740 train_time:4090ms step_avg:73.03ms
step:57/4740 train_time:4149ms step_avg:72.80ms
step:58/4740 train_time:4235ms step_avg:73.02ms
step:59/4740 train_time:4294ms step_avg:72.79ms
step:60/4740 train_time:4380ms step_avg:73.01ms
step:61/4740 train_time:4440ms step_avg:72.79ms
step:62/4740 train_time:4526ms step_avg:73.01ms
step:63/4740 train_time:4586ms step_avg:72.80ms
step:64/4740 train_time:4673ms step_avg:73.01ms
step:65/4740 train_time:4732ms step_avg:72.80ms
step:66/4740 train_time:4818ms step_avg:73.00ms
step:67/4740 train_time:4877ms step_avg:72.79ms
step:68/4740 train_time:4964ms step_avg:73.00ms
step:69/4740 train_time:5024ms step_avg:72.82ms
step:70/4740 train_time:5110ms step_avg:73.01ms
step:71/4740 train_time:5170ms step_avg:72.82ms
step:72/4740 train_time:5257ms step_avg:73.02ms
step:73/4740 train_time:5316ms step_avg:72.82ms
step:74/4740 train_time:5403ms step_avg:73.01ms
step:75/4740 train_time:5463ms step_avg:72.83ms
step:76/4740 train_time:5549ms step_avg:73.01ms
step:77/4740 train_time:5609ms step_avg:72.84ms
step:78/4740 train_time:5695ms step_avg:73.02ms
step:79/4740 train_time:5754ms step_avg:72.84ms
step:80/4740 train_time:5841ms step_avg:73.01ms
step:81/4740 train_time:5900ms step_avg:72.84ms
step:82/4740 train_time:5987ms step_avg:73.02ms
step:83/4740 train_time:6047ms step_avg:72.86ms
step:84/4740 train_time:6133ms step_avg:73.01ms
step:85/4740 train_time:6193ms step_avg:72.85ms
step:86/4740 train_time:6279ms step_avg:73.01ms
step:87/4740 train_time:6338ms step_avg:72.85ms
step:88/4740 train_time:6424ms step_avg:73.00ms
step:89/4740 train_time:6484ms step_avg:72.86ms
step:90/4740 train_time:6571ms step_avg:73.01ms
step:91/4740 train_time:6630ms step_avg:72.86ms
step:92/4740 train_time:6716ms step_avg:73.00ms
step:93/4740 train_time:6775ms step_avg:72.85ms
step:94/4740 train_time:6861ms step_avg:72.99ms
step:95/4740 train_time:6921ms step_avg:72.85ms
step:96/4740 train_time:7008ms step_avg:73.00ms
step:97/4740 train_time:7068ms step_avg:72.86ms
step:98/4740 train_time:7154ms step_avg:73.00ms
step:99/4740 train_time:7214ms step_avg:72.87ms
step:100/4740 train_time:7300ms step_avg:73.00ms
step:101/4740 train_time:7359ms step_avg:72.86ms
step:102/4740 train_time:7446ms step_avg:73.00ms
step:103/4740 train_time:7506ms step_avg:72.87ms
step:104/4740 train_time:7593ms step_avg:73.01ms
step:105/4740 train_time:7653ms step_avg:72.89ms
step:106/4740 train_time:7739ms step_avg:73.01ms
step:107/4740 train_time:7798ms step_avg:72.88ms
step:108/4740 train_time:7885ms step_avg:73.00ms
step:109/4740 train_time:7944ms step_avg:72.88ms
step:110/4740 train_time:8030ms step_avg:73.00ms
step:111/4740 train_time:8090ms step_avg:72.88ms
step:112/4740 train_time:8176ms step_avg:73.00ms
step:113/4740 train_time:8235ms step_avg:72.87ms
step:114/4740 train_time:8321ms step_avg:72.99ms
step:115/4740 train_time:8380ms step_avg:72.87ms
step:116/4740 train_time:8467ms step_avg:72.99ms
step:117/4740 train_time:8527ms step_avg:72.88ms
step:118/4740 train_time:8614ms step_avg:73.00ms
step:119/4740 train_time:8673ms step_avg:72.88ms
step:120/4740 train_time:8759ms step_avg:72.99ms
step:121/4740 train_time:8818ms step_avg:72.88ms
step:122/4740 train_time:8904ms step_avg:72.99ms
step:123/4740 train_time:8965ms step_avg:72.88ms
step:124/4740 train_time:9051ms step_avg:72.99ms
step:125/4740 train_time:9110ms step_avg:72.88ms
step:126/4740 train_time:9196ms step_avg:72.98ms
step:127/4740 train_time:9256ms step_avg:72.89ms
step:128/4740 train_time:9343ms step_avg:72.99ms
step:129/4740 train_time:9403ms step_avg:72.89ms
step:130/4740 train_time:9489ms step_avg:72.99ms
step:131/4740 train_time:9548ms step_avg:72.89ms
step:132/4740 train_time:9634ms step_avg:72.99ms
step:133/4740 train_time:9693ms step_avg:72.88ms
step:134/4740 train_time:9779ms step_avg:72.98ms
step:135/4740 train_time:9838ms step_avg:72.88ms
step:136/4740 train_time:9925ms step_avg:72.98ms
step:137/4740 train_time:9986ms step_avg:72.89ms
step:138/4740 train_time:10072ms step_avg:72.99ms
step:139/4740 train_time:10131ms step_avg:72.89ms
step:140/4740 train_time:10217ms step_avg:72.98ms
step:141/4740 train_time:10277ms step_avg:72.88ms
step:142/4740 train_time:10363ms step_avg:72.98ms
step:143/4740 train_time:10423ms step_avg:72.89ms
step:144/4740 train_time:10509ms step_avg:72.98ms
step:145/4740 train_time:10569ms step_avg:72.89ms
step:146/4740 train_time:10654ms step_avg:72.97ms
step:147/4740 train_time:10713ms step_avg:72.88ms
step:148/4740 train_time:10800ms step_avg:72.97ms
step:149/4740 train_time:10859ms step_avg:72.88ms
step:150/4740 train_time:10946ms step_avg:72.97ms
step:151/4740 train_time:11005ms step_avg:72.88ms
step:152/4740 train_time:11092ms step_avg:72.97ms
step:153/4740 train_time:11151ms step_avg:72.88ms
step:154/4740 train_time:11238ms step_avg:72.97ms
step:155/4740 train_time:11297ms step_avg:72.88ms
step:156/4740 train_time:11383ms step_avg:72.97ms
step:157/4740 train_time:11443ms step_avg:72.89ms
step:158/4740 train_time:11529ms step_avg:72.97ms
step:159/4740 train_time:11589ms step_avg:72.89ms
step:160/4740 train_time:11675ms step_avg:72.97ms
step:161/4740 train_time:11735ms step_avg:72.89ms
step:162/4740 train_time:11822ms step_avg:72.97ms
step:163/4740 train_time:11881ms step_avg:72.89ms
step:164/4740 train_time:11967ms step_avg:72.97ms
step:165/4740 train_time:12027ms step_avg:72.89ms
step:166/4740 train_time:12113ms step_avg:72.97ms
step:167/4740 train_time:12172ms step_avg:72.89ms
step:168/4740 train_time:12258ms step_avg:72.96ms
step:169/4740 train_time:12317ms step_avg:72.88ms
step:170/4740 train_time:12403ms step_avg:72.96ms
step:171/4740 train_time:12463ms step_avg:72.88ms
step:172/4740 train_time:12549ms step_avg:72.96ms
step:173/4740 train_time:12609ms step_avg:72.88ms
step:174/4740 train_time:12695ms step_avg:72.96ms
step:175/4740 train_time:12754ms step_avg:72.88ms
step:176/4740 train_time:12840ms step_avg:72.95ms
step:177/4740 train_time:12899ms step_avg:72.88ms
step:178/4740 train_time:12987ms step_avg:72.96ms
step:179/4740 train_time:13047ms step_avg:72.89ms
step:180/4740 train_time:13133ms step_avg:72.96ms
step:181/4740 train_time:13193ms step_avg:72.89ms
step:182/4740 train_time:13279ms step_avg:72.96ms
step:183/4740 train_time:13337ms step_avg:72.88ms
step:184/4740 train_time:13423ms step_avg:72.95ms
step:185/4740 train_time:13483ms step_avg:72.88ms
step:186/4740 train_time:13569ms step_avg:72.95ms
step:187/4740 train_time:13629ms step_avg:72.88ms
step:188/4740 train_time:13715ms step_avg:72.95ms
step:189/4740 train_time:13774ms step_avg:72.88ms
step:190/4740 train_time:13861ms step_avg:72.95ms
step:191/4740 train_time:13921ms step_avg:72.88ms
step:192/4740 train_time:14008ms step_avg:72.96ms
step:193/4740 train_time:14068ms step_avg:72.89ms
step:194/4740 train_time:14155ms step_avg:72.96ms
step:195/4740 train_time:14214ms step_avg:72.89ms
step:196/4740 train_time:14300ms step_avg:72.96ms
step:197/4740 train_time:14359ms step_avg:72.89ms
step:198/4740 train_time:14445ms step_avg:72.95ms
step:199/4740 train_time:14504ms step_avg:72.88ms
step:200/4740 train_time:14590ms step_avg:72.95ms
step:201/4740 train_time:14650ms step_avg:72.88ms
step:202/4740 train_time:14735ms step_avg:72.95ms
step:203/4740 train_time:14794ms step_avg:72.88ms
step:204/4740 train_time:14881ms step_avg:72.94ms
step:205/4740 train_time:14940ms step_avg:72.88ms
step:206/4740 train_time:15026ms step_avg:72.94ms
step:207/4740 train_time:15086ms step_avg:72.88ms
step:208/4740 train_time:15173ms step_avg:72.94ms
step:209/4740 train_time:15232ms step_avg:72.88ms
step:210/4740 train_time:15318ms step_avg:72.94ms
step:211/4740 train_time:15377ms step_avg:72.87ms
step:212/4740 train_time:15462ms step_avg:72.93ms
step:213/4740 train_time:15521ms step_avg:72.87ms
step:214/4740 train_time:15606ms step_avg:72.93ms
step:215/4740 train_time:15666ms step_avg:72.86ms
step:216/4740 train_time:15751ms step_avg:72.92ms
step:217/4740 train_time:15810ms step_avg:72.86ms
step:218/4740 train_time:15896ms step_avg:72.92ms
step:219/4740 train_time:15955ms step_avg:72.86ms
step:220/4740 train_time:16042ms step_avg:72.92ms
step:221/4740 train_time:16101ms step_avg:72.86ms
step:222/4740 train_time:16187ms step_avg:72.92ms
step:223/4740 train_time:16248ms step_avg:72.86ms
step:224/4740 train_time:16334ms step_avg:72.92ms
step:225/4740 train_time:16393ms step_avg:72.86ms
step:226/4740 train_time:16479ms step_avg:72.92ms
step:227/4740 train_time:16539ms step_avg:72.86ms
step:228/4740 train_time:16624ms step_avg:72.91ms
step:229/4740 train_time:16684ms step_avg:72.85ms
step:230/4740 train_time:16769ms step_avg:72.91ms
step:231/4740 train_time:16829ms step_avg:72.85ms
step:232/4740 train_time:16915ms step_avg:72.91ms
step:233/4740 train_time:16974ms step_avg:72.85ms
step:234/4740 train_time:17060ms step_avg:72.90ms
step:235/4740 train_time:17119ms step_avg:72.85ms
step:236/4740 train_time:17205ms step_avg:72.90ms
step:237/4740 train_time:17265ms step_avg:72.85ms
step:238/4740 train_time:17351ms step_avg:72.90ms
step:239/4740 train_time:17410ms step_avg:72.85ms
step:240/4740 train_time:17496ms step_avg:72.90ms
step:241/4740 train_time:17556ms step_avg:72.85ms
step:242/4740 train_time:17642ms step_avg:72.90ms
step:243/4740 train_time:17701ms step_avg:72.84ms
step:244/4740 train_time:17787ms step_avg:72.90ms
step:245/4740 train_time:17847ms step_avg:72.84ms
step:246/4740 train_time:17933ms step_avg:72.90ms
step:247/4740 train_time:17992ms step_avg:72.84ms
step:248/4740 train_time:18078ms step_avg:72.90ms
step:249/4740 train_time:18137ms step_avg:72.84ms
step:250/4740 train_time:18223ms step_avg:72.89ms
step:250/4740 val_loss:4.5352 train_time:18269ms step_avg:73.08ms
step:251/4740 train_time:18299ms step_avg:72.91ms
step:252/4740 train_time:18371ms step_avg:72.90ms
step:253/4740 train_time:18430ms step_avg:72.85ms
step:254/4740 train_time:18516ms step_avg:72.90ms
step:255/4740 train_time:18576ms step_avg:72.85ms
step:256/4740 train_time:18664ms step_avg:72.91ms
step:257/4740 train_time:18724ms step_avg:72.86ms
step:258/4740 train_time:18810ms step_avg:72.91ms
step:259/4740 train_time:18870ms step_avg:72.86ms
step:260/4740 train_time:18956ms step_avg:72.91ms
step:261/4740 train_time:19016ms step_avg:72.86ms
step:262/4740 train_time:19101ms step_avg:72.90ms
step:263/4740 train_time:19160ms step_avg:72.85ms
step:264/4740 train_time:19246ms step_avg:72.90ms
step:265/4740 train_time:19306ms step_avg:72.85ms
step:266/4740 train_time:19393ms step_avg:72.90ms
step:267/4740 train_time:19452ms step_avg:72.86ms
step:268/4740 train_time:19538ms step_avg:72.90ms
step:269/4740 train_time:19598ms step_avg:72.86ms
step:270/4740 train_time:19684ms step_avg:72.90ms
step:271/4740 train_time:19744ms step_avg:72.86ms
step:272/4740 train_time:19831ms step_avg:72.91ms
step:273/4740 train_time:19890ms step_avg:72.86ms
step:274/4740 train_time:19975ms step_avg:72.90ms
step:275/4740 train_time:20035ms step_avg:72.85ms
step:276/4740 train_time:20120ms step_avg:72.90ms
step:277/4740 train_time:20179ms step_avg:72.85ms
step:278/4740 train_time:20264ms step_avg:72.89ms
step:279/4740 train_time:20324ms step_avg:72.85ms
step:280/4740 train_time:20410ms step_avg:72.89ms
step:281/4740 train_time:20470ms step_avg:72.85ms
step:282/4740 train_time:20556ms step_avg:72.89ms
step:283/4740 train_time:20615ms step_avg:72.84ms
step:284/4740 train_time:20701ms step_avg:72.89ms
step:285/4740 train_time:20760ms step_avg:72.84ms
step:286/4740 train_time:20846ms step_avg:72.89ms
step:287/4740 train_time:20905ms step_avg:72.84ms
step:288/4740 train_time:20992ms step_avg:72.89ms
step:289/4740 train_time:21051ms step_avg:72.84ms
step:290/4740 train_time:21137ms step_avg:72.89ms
step:291/4740 train_time:21197ms step_avg:72.84ms
step:292/4740 train_time:21283ms step_avg:72.89ms
step:293/4740 train_time:21342ms step_avg:72.84ms
step:294/4740 train_time:21427ms step_avg:72.88ms
step:295/4740 train_time:21486ms step_avg:72.83ms
step:296/4740 train_time:21572ms step_avg:72.88ms
step:297/4740 train_time:21632ms step_avg:72.83ms
step:298/4740 train_time:21717ms step_avg:72.88ms
step:299/4740 train_time:21776ms step_avg:72.83ms
step:300/4740 train_time:21862ms step_avg:72.87ms
step:301/4740 train_time:21921ms step_avg:72.83ms
step:302/4740 train_time:22007ms step_avg:72.87ms
step:303/4740 train_time:22066ms step_avg:72.82ms
step:304/4740 train_time:22152ms step_avg:72.87ms
step:305/4740 train_time:22212ms step_avg:72.83ms
step:306/4740 train_time:22297ms step_avg:72.87ms
step:307/4740 train_time:22357ms step_avg:72.82ms
step:308/4740 train_time:22442ms step_avg:72.86ms
step:309/4740 train_time:22501ms step_avg:72.82ms
step:310/4740 train_time:22587ms step_avg:72.86ms
step:311/4740 train_time:22647ms step_avg:72.82ms
step:312/4740 train_time:22732ms step_avg:72.86ms
step:313/4740 train_time:22792ms step_avg:72.82ms
step:314/4740 train_time:22877ms step_avg:72.86ms
step:315/4740 train_time:22936ms step_avg:72.81ms
step:316/4740 train_time:23022ms step_avg:72.86ms
step:317/4740 train_time:23081ms step_avg:72.81ms
step:318/4740 train_time:23167ms step_avg:72.85ms
step:319/4740 train_time:23226ms step_avg:72.81ms
step:320/4740 train_time:23312ms step_avg:72.85ms
step:321/4740 train_time:23373ms step_avg:72.81ms
step:322/4740 train_time:23459ms step_avg:72.85ms
step:323/4740 train_time:23518ms step_avg:72.81ms
step:324/4740 train_time:23604ms step_avg:72.85ms
step:325/4740 train_time:23663ms step_avg:72.81ms
step:326/4740 train_time:23750ms step_avg:72.85ms
step:327/4740 train_time:23809ms step_avg:72.81ms
step:328/4740 train_time:23895ms step_avg:72.85ms
step:329/4740 train_time:23955ms step_avg:72.81ms
step:330/4740 train_time:24041ms step_avg:72.85ms
step:331/4740 train_time:24100ms step_avg:72.81ms
step:332/4740 train_time:24186ms step_avg:72.85ms
step:333/4740 train_time:24245ms step_avg:72.81ms
step:334/4740 train_time:24331ms step_avg:72.85ms
step:335/4740 train_time:24390ms step_avg:72.81ms
step:336/4740 train_time:24476ms step_avg:72.85ms
step:337/4740 train_time:24536ms step_avg:72.81ms
step:338/4740 train_time:24620ms step_avg:72.84ms
step:339/4740 train_time:24679ms step_avg:72.80ms
step:340/4740 train_time:24765ms step_avg:72.84ms
step:341/4740 train_time:24824ms step_avg:72.80ms
step:342/4740 train_time:24910ms step_avg:72.84ms
step:343/4740 train_time:24970ms step_avg:72.80ms
step:344/4740 train_time:25056ms step_avg:72.84ms
step:345/4740 train_time:25115ms step_avg:72.80ms
step:346/4740 train_time:25201ms step_avg:72.83ms
step:347/4740 train_time:25259ms step_avg:72.79ms
step:348/4740 train_time:25345ms step_avg:72.83ms
step:349/4740 train_time:25405ms step_avg:72.79ms
step:350/4740 train_time:25491ms step_avg:72.83ms
step:351/4740 train_time:25550ms step_avg:72.79ms
step:352/4740 train_time:25636ms step_avg:72.83ms
step:353/4740 train_time:25695ms step_avg:72.79ms
step:354/4740 train_time:25780ms step_avg:72.83ms
step:355/4740 train_time:25840ms step_avg:72.79ms
step:356/4740 train_time:25925ms step_avg:72.82ms
step:357/4740 train_time:25985ms step_avg:72.79ms
step:358/4740 train_time:26071ms step_avg:72.82ms
step:359/4740 train_time:26131ms step_avg:72.79ms
step:360/4740 train_time:26216ms step_avg:72.82ms
step:361/4740 train_time:26275ms step_avg:72.78ms
step:362/4740 train_time:26361ms step_avg:72.82ms
step:363/4740 train_time:26420ms step_avg:72.78ms
step:364/4740 train_time:26506ms step_avg:72.82ms
step:365/4740 train_time:26565ms step_avg:72.78ms
step:366/4740 train_time:26651ms step_avg:72.82ms
step:367/4740 train_time:26711ms step_avg:72.78ms
step:368/4740 train_time:26796ms step_avg:72.81ms
step:369/4740 train_time:26855ms step_avg:72.78ms
step:370/4740 train_time:26941ms step_avg:72.81ms
step:371/4740 train_time:27000ms step_avg:72.78ms
step:372/4740 train_time:27085ms step_avg:72.81ms
step:373/4740 train_time:27144ms step_avg:72.77ms
step:374/4740 train_time:27230ms step_avg:72.81ms
step:375/4740 train_time:27289ms step_avg:72.77ms
step:376/4740 train_time:27375ms step_avg:72.81ms
step:377/4740 train_time:27435ms step_avg:72.77ms
step:378/4740 train_time:27520ms step_avg:72.80ms
step:379/4740 train_time:27580ms step_avg:72.77ms
step:380/4740 train_time:27666ms step_avg:72.81ms
step:381/4740 train_time:27725ms step_avg:72.77ms
step:382/4740 train_time:27811ms step_avg:72.80ms
step:383/4740 train_time:27870ms step_avg:72.77ms
step:384/4740 train_time:27956ms step_avg:72.80ms
step:385/4740 train_time:28016ms step_avg:72.77ms
step:386/4740 train_time:28102ms step_avg:72.80ms
step:387/4740 train_time:28161ms step_avg:72.77ms
step:388/4740 train_time:28247ms step_avg:72.80ms
step:389/4740 train_time:28306ms step_avg:72.77ms
step:390/4740 train_time:28392ms step_avg:72.80ms
step:391/4740 train_time:28451ms step_avg:72.77ms
step:392/4740 train_time:28537ms step_avg:72.80ms
step:393/4740 train_time:28610ms step_avg:72.80ms
step:394/4740 train_time:28768ms step_avg:73.02ms
step:395/4740 train_time:28870ms step_avg:73.09ms
step:396/4740 train_time:29029ms step_avg:73.31ms
step:397/4740 train_time:29131ms step_avg:73.38ms
step:398/4740 train_time:29291ms step_avg:73.60ms
step:399/4740 train_time:29391ms step_avg:73.66ms
step:400/4740 train_time:29552ms step_avg:73.88ms
step:401/4740 train_time:29650ms step_avg:73.94ms
step:402/4740 train_time:29809ms step_avg:74.15ms
step:403/4740 train_time:29912ms step_avg:74.22ms
step:404/4740 train_time:30071ms step_avg:74.43ms
step:405/4740 train_time:30172ms step_avg:74.50ms
step:406/4740 train_time:30331ms step_avg:74.71ms
step:407/4740 train_time:30432ms step_avg:74.77ms
step:408/4740 train_time:30591ms step_avg:74.98ms
step:409/4740 train_time:30691ms step_avg:75.04ms
step:410/4740 train_time:30850ms step_avg:75.24ms
step:411/4740 train_time:30951ms step_avg:75.31ms
step:412/4740 train_time:31112ms step_avg:75.51ms
step:413/4740 train_time:31211ms step_avg:75.57ms
step:414/4740 train_time:31370ms step_avg:75.77ms
step:415/4740 train_time:31471ms step_avg:75.83ms
step:416/4740 train_time:31631ms step_avg:76.03ms
step:417/4740 train_time:31730ms step_avg:76.09ms
step:418/4740 train_time:31891ms step_avg:76.29ms
step:419/4740 train_time:31991ms step_avg:76.35ms
step:420/4740 train_time:32151ms step_avg:76.55ms
step:421/4740 train_time:32252ms step_avg:76.61ms
step:422/4740 train_time:32412ms step_avg:76.81ms
step:423/4740 train_time:32512ms step_avg:76.86ms
step:424/4740 train_time:32672ms step_avg:77.06ms
step:425/4740 train_time:32771ms step_avg:77.11ms
step:426/4740 train_time:32931ms step_avg:77.30ms
step:427/4740 train_time:33032ms step_avg:77.36ms
step:428/4740 train_time:33192ms step_avg:77.55ms
step:429/4740 train_time:33291ms step_avg:77.60ms
step:430/4740 train_time:33451ms step_avg:77.79ms
step:431/4740 train_time:33551ms step_avg:77.85ms
step:432/4740 train_time:33712ms step_avg:78.04ms
step:433/4740 train_time:33811ms step_avg:78.09ms
step:434/4740 train_time:33971ms step_avg:78.27ms
step:435/4740 train_time:34071ms step_avg:78.32ms
step:436/4740 train_time:34232ms step_avg:78.51ms
step:437/4740 train_time:34332ms step_avg:78.56ms
step:438/4740 train_time:34492ms step_avg:78.75ms
step:439/4740 train_time:34592ms step_avg:78.80ms
step:440/4740 train_time:34752ms step_avg:78.98ms
step:441/4740 train_time:34852ms step_avg:79.03ms
step:442/4740 train_time:35011ms step_avg:79.21ms
step:443/4740 train_time:35113ms step_avg:79.26ms
step:444/4740 train_time:35273ms step_avg:79.44ms
step:445/4740 train_time:35373ms step_avg:79.49ms
step:446/4740 train_time:35531ms step_avg:79.67ms
step:447/4740 train_time:35631ms step_avg:79.71ms
step:448/4740 train_time:35789ms step_avg:79.89ms
step:449/4740 train_time:35892ms step_avg:79.94ms
step:450/4740 train_time:36053ms step_avg:80.12ms
step:451/4740 train_time:36152ms step_avg:80.16ms
step:452/4740 train_time:36312ms step_avg:80.34ms
step:453/4740 train_time:36411ms step_avg:80.38ms
step:454/4740 train_time:36572ms step_avg:80.55ms
step:455/4740 train_time:36671ms step_avg:80.60ms
step:456/4740 train_time:36830ms step_avg:80.77ms
step:457/4740 train_time:36931ms step_avg:80.81ms
step:458/4740 train_time:37091ms step_avg:80.98ms
step:459/4740 train_time:37191ms step_avg:81.03ms
step:460/4740 train_time:37351ms step_avg:81.20ms
step:461/4740 train_time:37451ms step_avg:81.24ms
step:462/4740 train_time:37611ms step_avg:81.41ms
step:463/4740 train_time:37710ms step_avg:81.45ms
step:464/4740 train_time:37871ms step_avg:81.62ms
step:465/4740 train_time:37970ms step_avg:81.66ms
step:466/4740 train_time:38130ms step_avg:81.82ms
step:467/4740 train_time:38230ms step_avg:81.86ms
step:468/4740 train_time:38390ms step_avg:82.03ms
step:469/4740 train_time:38491ms step_avg:82.07ms
step:470/4740 train_time:38652ms step_avg:82.24ms
step:471/4740 train_time:38751ms step_avg:82.27ms
step:472/4740 train_time:38910ms step_avg:82.44ms
step:473/4740 train_time:39011ms step_avg:82.48ms
step:474/4740 train_time:39172ms step_avg:82.64ms
step:475/4740 train_time:39271ms step_avg:82.68ms
step:476/4740 train_time:39431ms step_avg:82.84ms
step:477/4740 train_time:39531ms step_avg:82.87ms
step:478/4740 train_time:39690ms step_avg:83.03ms
step:479/4740 train_time:39791ms step_avg:83.07ms
step:480/4740 train_time:39949ms step_avg:83.23ms
step:481/4740 train_time:40051ms step_avg:83.27ms
step:482/4740 train_time:40210ms step_avg:83.42ms
step:483/4740 train_time:40311ms step_avg:83.46ms
step:484/4740 train_time:40470ms step_avg:83.62ms
step:485/4740 train_time:40570ms step_avg:83.65ms
step:486/4740 train_time:40729ms step_avg:83.80ms
step:487/4740 train_time:40830ms step_avg:83.84ms
step:488/4740 train_time:40989ms step_avg:83.99ms
step:489/4740 train_time:41090ms step_avg:84.03ms
step:490/4740 train_time:41250ms step_avg:84.18ms
step:491/4740 train_time:41352ms step_avg:84.22ms
step:492/4740 train_time:41512ms step_avg:84.37ms
step:493/4740 train_time:41611ms step_avg:84.40ms
step:494/4740 train_time:41770ms step_avg:84.55ms
step:495/4740 train_time:41871ms step_avg:84.59ms
step:496/4740 train_time:42031ms step_avg:84.74ms
step:497/4740 train_time:42131ms step_avg:84.77ms
step:498/4740 train_time:42290ms step_avg:84.92ms
step:499/4740 train_time:42391ms step_avg:84.95ms
step:500/4740 train_time:42552ms step_avg:85.10ms
step:500/4740 val_loss:4.0349 train_time:42623ms step_avg:85.25ms
step:501/4740 train_time:42654ms step_avg:85.14ms
step:502/4740 train_time:42811ms step_avg:85.28ms
step:503/4740 train_time:42915ms step_avg:85.32ms
step:504/4740 train_time:43077ms step_avg:85.47ms
step:505/4740 train_time:43179ms step_avg:85.50ms
step:506/4740 train_time:43337ms step_avg:85.65ms
step:507/4740 train_time:43437ms step_avg:85.68ms
step:508/4740 train_time:43598ms step_avg:85.82ms
step:509/4740 train_time:43703ms step_avg:85.86ms
step:510/4740 train_time:43861ms step_avg:86.00ms
step:511/4740 train_time:43965ms step_avg:86.04ms
step:512/4740 train_time:44123ms step_avg:86.18ms
step:513/4740 train_time:44226ms step_avg:86.21ms
step:514/4740 train_time:44385ms step_avg:86.35ms
step:515/4740 train_time:44486ms step_avg:86.38ms
step:516/4740 train_time:44645ms step_avg:86.52ms
step:517/4740 train_time:44745ms step_avg:86.55ms
step:518/4740 train_time:44906ms step_avg:86.69ms
step:519/4740 train_time:45007ms step_avg:86.72ms
step:520/4740 train_time:45169ms step_avg:86.86ms
step:521/4740 train_time:45268ms step_avg:86.89ms
step:522/4740 train_time:45428ms step_avg:87.03ms
step:523/4740 train_time:45526ms step_avg:87.05ms
step:524/4740 train_time:45687ms step_avg:87.19ms
step:525/4740 train_time:45786ms step_avg:87.21ms
step:526/4740 train_time:45947ms step_avg:87.35ms
step:527/4740 train_time:46046ms step_avg:87.37ms
step:528/4740 train_time:46206ms step_avg:87.51ms
step:529/4740 train_time:46307ms step_avg:87.54ms
step:530/4740 train_time:46467ms step_avg:87.67ms
step:531/4740 train_time:46566ms step_avg:87.69ms
step:532/4740 train_time:46725ms step_avg:87.83ms
step:533/4740 train_time:46826ms step_avg:87.85ms
step:534/4740 train_time:46985ms step_avg:87.99ms
step:535/4740 train_time:47087ms step_avg:88.01ms
step:536/4740 train_time:47246ms step_avg:88.14ms
step:537/4740 train_time:47346ms step_avg:88.17ms
step:538/4740 train_time:47505ms step_avg:88.30ms
step:539/4740 train_time:47606ms step_avg:88.32ms
step:540/4740 train_time:47765ms step_avg:88.45ms
step:541/4740 train_time:47866ms step_avg:88.48ms
step:542/4740 train_time:48025ms step_avg:88.61ms
step:543/4740 train_time:48129ms step_avg:88.64ms
step:544/4740 train_time:48288ms step_avg:88.76ms
step:545/4740 train_time:48387ms step_avg:88.78ms
step:546/4740 train_time:48548ms step_avg:88.92ms
step:547/4740 train_time:48647ms step_avg:88.93ms
step:548/4740 train_time:48808ms step_avg:89.06ms
step:549/4740 train_time:48907ms step_avg:89.08ms
step:550/4740 train_time:49069ms step_avg:89.22ms
step:551/4740 train_time:49168ms step_avg:89.23ms
step:552/4740 train_time:49328ms step_avg:89.36ms
step:553/4740 train_time:49428ms step_avg:89.38ms
step:554/4740 train_time:49588ms step_avg:89.51ms
step:555/4740 train_time:49687ms step_avg:89.53ms
step:556/4740 train_time:49845ms step_avg:89.65ms
step:557/4740 train_time:49946ms step_avg:89.67ms
step:558/4740 train_time:50107ms step_avg:89.80ms
step:559/4740 train_time:50207ms step_avg:89.82ms
step:560/4740 train_time:50368ms step_avg:89.94ms
step:561/4740 train_time:50467ms step_avg:89.96ms
step:562/4740 train_time:50628ms step_avg:90.09ms
step:563/4740 train_time:50728ms step_avg:90.10ms
step:564/4740 train_time:50887ms step_avg:90.22ms
step:565/4740 train_time:50986ms step_avg:90.24ms
step:566/4740 train_time:51146ms step_avg:90.36ms
step:567/4740 train_time:51246ms step_avg:90.38ms
step:568/4740 train_time:51406ms step_avg:90.50ms
step:569/4740 train_time:51507ms step_avg:90.52ms
step:570/4740 train_time:51670ms step_avg:90.65ms
step:571/4740 train_time:51770ms step_avg:90.67ms
step:572/4740 train_time:51930ms step_avg:90.79ms
step:573/4740 train_time:52029ms step_avg:90.80ms
step:574/4740 train_time:52188ms step_avg:90.92ms
step:575/4740 train_time:52288ms step_avg:90.94ms
step:576/4740 train_time:52447ms step_avg:91.05ms
step:577/4740 train_time:52547ms step_avg:91.07ms
step:578/4740 train_time:52707ms step_avg:91.19ms
step:579/4740 train_time:52809ms step_avg:91.21ms
step:580/4740 train_time:52969ms step_avg:91.33ms
step:581/4740 train_time:53069ms step_avg:91.34ms
step:582/4740 train_time:53230ms step_avg:91.46ms
step:583/4740 train_time:53329ms step_avg:91.47ms
step:584/4740 train_time:53488ms step_avg:91.59ms
step:585/4740 train_time:53589ms step_avg:91.60ms
step:586/4740 train_time:53747ms step_avg:91.72ms
step:587/4740 train_time:53848ms step_avg:91.73ms
step:588/4740 train_time:54008ms step_avg:91.85ms
step:589/4740 train_time:54106ms step_avg:91.86ms
step:590/4740 train_time:54267ms step_avg:91.98ms
step:591/4740 train_time:54367ms step_avg:91.99ms
step:592/4740 train_time:54528ms step_avg:92.11ms
step:593/4740 train_time:54627ms step_avg:92.12ms
step:594/4740 train_time:54788ms step_avg:92.24ms
step:595/4740 train_time:54888ms step_avg:92.25ms
step:596/4740 train_time:55048ms step_avg:92.36ms
step:597/4740 train_time:55147ms step_avg:92.37ms
step:598/4740 train_time:55306ms step_avg:92.48ms
step:599/4740 train_time:55407ms step_avg:92.50ms
step:600/4740 train_time:55567ms step_avg:92.61ms
step:601/4740 train_time:55666ms step_avg:92.62ms
step:602/4740 train_time:55826ms step_avg:92.73ms
step:603/4740 train_time:55926ms step_avg:92.75ms
step:604/4740 train_time:56084ms step_avg:92.86ms
step:605/4740 train_time:56185ms step_avg:92.87ms
step:606/4740 train_time:56344ms step_avg:92.98ms
step:607/4740 train_time:56446ms step_avg:92.99ms
step:608/4740 train_time:56605ms step_avg:93.10ms
step:609/4740 train_time:56706ms step_avg:93.11ms
step:610/4740 train_time:56865ms step_avg:93.22ms
step:611/4740 train_time:56966ms step_avg:93.23ms
step:612/4740 train_time:57126ms step_avg:93.34ms
step:613/4740 train_time:57228ms step_avg:93.36ms
step:614/4740 train_time:57387ms step_avg:93.46ms
step:615/4740 train_time:57487ms step_avg:93.48ms
step:616/4740 train_time:57646ms step_avg:93.58ms
step:617/4740 train_time:57747ms step_avg:93.59ms
step:618/4740 train_time:57906ms step_avg:93.70ms
step:619/4740 train_time:58006ms step_avg:93.71ms
step:620/4740 train_time:58165ms step_avg:93.81ms
step:621/4740 train_time:58266ms step_avg:93.83ms
step:622/4740 train_time:58425ms step_avg:93.93ms
step:623/4740 train_time:58526ms step_avg:93.94ms
step:624/4740 train_time:58685ms step_avg:94.05ms
step:625/4740 train_time:58786ms step_avg:94.06ms
step:626/4740 train_time:58945ms step_avg:94.16ms
step:627/4740 train_time:59047ms step_avg:94.17ms
step:628/4740 train_time:59205ms step_avg:94.28ms
step:629/4740 train_time:59306ms step_avg:94.29ms
step:630/4740 train_time:59466ms step_avg:94.39ms
step:631/4740 train_time:59567ms step_avg:94.40ms
step:632/4740 train_time:59726ms step_avg:94.50ms
step:633/4740 train_time:59827ms step_avg:94.51ms
step:634/4740 train_time:59986ms step_avg:94.62ms
step:635/4740 train_time:60087ms step_avg:94.62ms
step:636/4740 train_time:60246ms step_avg:94.73ms
step:637/4740 train_time:60347ms step_avg:94.74ms
step:638/4740 train_time:60507ms step_avg:94.84ms
step:639/4740 train_time:60607ms step_avg:94.85ms
step:640/4740 train_time:60767ms step_avg:94.95ms
step:641/4740 train_time:60868ms step_avg:94.96ms
step:642/4740 train_time:61027ms step_avg:95.06ms
step:643/4740 train_time:61127ms step_avg:95.07ms
step:644/4740 train_time:61286ms step_avg:95.17ms
step:645/4740 train_time:61387ms step_avg:95.17ms
step:646/4740 train_time:61546ms step_avg:95.27ms
step:647/4740 train_time:61647ms step_avg:95.28ms
step:648/4740 train_time:61806ms step_avg:95.38ms
step:649/4740 train_time:61906ms step_avg:95.39ms
step:650/4740 train_time:62065ms step_avg:95.49ms
step:651/4740 train_time:62166ms step_avg:95.49ms
step:652/4740 train_time:62325ms step_avg:95.59ms
step:653/4740 train_time:62426ms step_avg:95.60ms
step:654/4740 train_time:62586ms step_avg:95.70ms
step:655/4740 train_time:62688ms step_avg:95.71ms
step:656/4740 train_time:62847ms step_avg:95.80ms
step:657/4740 train_time:62947ms step_avg:95.81ms
step:658/4740 train_time:63108ms step_avg:95.91ms
step:659/4740 train_time:63207ms step_avg:95.91ms
step:660/4740 train_time:63366ms step_avg:96.01ms
step:661/4740 train_time:63467ms step_avg:96.02ms
step:662/4740 train_time:63627ms step_avg:96.11ms
step:663/4740 train_time:63727ms step_avg:96.12ms
step:664/4740 train_time:63888ms step_avg:96.22ms
step:665/4740 train_time:63987ms step_avg:96.22ms
step:666/4740 train_time:64147ms step_avg:96.32ms
step:667/4740 train_time:64247ms step_avg:96.32ms
step:668/4740 train_time:64406ms step_avg:96.42ms
step:669/4740 train_time:64506ms step_avg:96.42ms
step:670/4740 train_time:64666ms step_avg:96.52ms
step:671/4740 train_time:64767ms step_avg:96.52ms
step:672/4740 train_time:64928ms step_avg:96.62ms
step:673/4740 train_time:65027ms step_avg:96.62ms
step:674/4740 train_time:65187ms step_avg:96.72ms
step:675/4740 train_time:65287ms step_avg:96.72ms
step:676/4740 train_time:65447ms step_avg:96.82ms
step:677/4740 train_time:65547ms step_avg:96.82ms
step:678/4740 train_time:65707ms step_avg:96.91ms
step:679/4740 train_time:65807ms step_avg:96.92ms
step:680/4740 train_time:65966ms step_avg:97.01ms
step:681/4740 train_time:66066ms step_avg:97.01ms
step:682/4740 train_time:66225ms step_avg:97.10ms
step:683/4740 train_time:66326ms step_avg:97.11ms
step:684/4740 train_time:66485ms step_avg:97.20ms
step:685/4740 train_time:66587ms step_avg:97.21ms
step:686/4740 train_time:66747ms step_avg:97.30ms
step:687/4740 train_time:66847ms step_avg:97.30ms
step:688/4740 train_time:67005ms step_avg:97.39ms
step:689/4740 train_time:67107ms step_avg:97.40ms
step:690/4740 train_time:67267ms step_avg:97.49ms
step:691/4740 train_time:67367ms step_avg:97.49ms
step:692/4740 train_time:67526ms step_avg:97.58ms
step:693/4740 train_time:67626ms step_avg:97.58ms
step:694/4740 train_time:67786ms step_avg:97.67ms
step:695/4740 train_time:67886ms step_avg:97.68ms
step:696/4740 train_time:68046ms step_avg:97.77ms
step:697/4740 train_time:68147ms step_avg:97.77ms
step:698/4740 train_time:68306ms step_avg:97.86ms
step:699/4740 train_time:68406ms step_avg:97.86ms
step:700/4740 train_time:68566ms step_avg:97.95ms
step:701/4740 train_time:68667ms step_avg:97.96ms
step:702/4740 train_time:68826ms step_avg:98.04ms
step:703/4740 train_time:68926ms step_avg:98.04ms
step:704/4740 train_time:69085ms step_avg:98.13ms
step:705/4740 train_time:69187ms step_avg:98.14ms
step:706/4740 train_time:69345ms step_avg:98.22ms
step:707/4740 train_time:69446ms step_avg:98.23ms
step:708/4740 train_time:69605ms step_avg:98.31ms
step:709/4740 train_time:69706ms step_avg:98.32ms
step:710/4740 train_time:69865ms step_avg:98.40ms
step:711/4740 train_time:69967ms step_avg:98.41ms
step:712/4740 train_time:70127ms step_avg:98.49ms
step:713/4740 train_time:70228ms step_avg:98.50ms
step:714/4740 train_time:70387ms step_avg:98.58ms
step:715/4740 train_time:70487ms step_avg:98.58ms
step:716/4740 train_time:70647ms step_avg:98.67ms
step:717/4740 train_time:70747ms step_avg:98.67ms
step:718/4740 train_time:70907ms step_avg:98.76ms
step:719/4740 train_time:71007ms step_avg:98.76ms
step:720/4740 train_time:71166ms step_avg:98.84ms
step:721/4740 train_time:71267ms step_avg:98.84ms
step:722/4740 train_time:71426ms step_avg:98.93ms
step:723/4740 train_time:71526ms step_avg:98.93ms
step:724/4740 train_time:71686ms step_avg:99.01ms
step:725/4740 train_time:71786ms step_avg:99.02ms
step:726/4740 train_time:71946ms step_avg:99.10ms
step:727/4740 train_time:72047ms step_avg:99.10ms
step:728/4740 train_time:72206ms step_avg:99.18ms
step:729/4740 train_time:72307ms step_avg:99.19ms
step:730/4740 train_time:72467ms step_avg:99.27ms
step:731/4740 train_time:72567ms step_avg:99.27ms
step:732/4740 train_time:72726ms step_avg:99.35ms
step:733/4740 train_time:72827ms step_avg:99.35ms
step:734/4740 train_time:72986ms step_avg:99.44ms
step:735/4740 train_time:73087ms step_avg:99.44ms
step:736/4740 train_time:73245ms step_avg:99.52ms
step:737/4740 train_time:73346ms step_avg:99.52ms
step:738/4740 train_time:73505ms step_avg:99.60ms
step:739/4740 train_time:73605ms step_avg:99.60ms
step:740/4740 train_time:73764ms step_avg:99.68ms
step:741/4740 train_time:73865ms step_avg:99.68ms
step:742/4740 train_time:74024ms step_avg:99.76ms
step:743/4740 train_time:74126ms step_avg:99.77ms
step:744/4740 train_time:74285ms step_avg:99.85ms
step:745/4740 train_time:74387ms step_avg:99.85ms
step:746/4740 train_time:74546ms step_avg:99.93ms
step:747/4740 train_time:74647ms step_avg:99.93ms
step:748/4740 train_time:74806ms step_avg:100.01ms
step:749/4740 train_time:74908ms step_avg:100.01ms
step:750/4740 train_time:75068ms step_avg:100.09ms
step:750/4740 val_loss:3.6388 train_time:75140ms step_avg:100.19ms
step:751/4740 train_time:75171ms step_avg:100.09ms
step:752/4740 train_time:75327ms step_avg:100.17ms
step:753/4740 train_time:75435ms step_avg:100.18ms
step:754/4740 train_time:75596ms step_avg:100.26ms
step:755/4740 train_time:75698ms step_avg:100.26ms
step:756/4740 train_time:75855ms step_avg:100.34ms
step:757/4740 train_time:75955ms step_avg:100.34ms
step:758/4740 train_time:76115ms step_avg:100.41ms
step:759/4740 train_time:76219ms step_avg:100.42ms
step:760/4740 train_time:76378ms step_avg:100.50ms
step:761/4740 train_time:76482ms step_avg:100.50ms
step:762/4740 train_time:76643ms step_avg:100.58ms
step:763/4740 train_time:76741ms step_avg:100.58ms
step:764/4740 train_time:76899ms step_avg:100.65ms
step:765/4740 train_time:77000ms step_avg:100.65ms
step:766/4740 train_time:77160ms step_avg:100.73ms
step:767/4740 train_time:77262ms step_avg:100.73ms
step:768/4740 train_time:77421ms step_avg:100.81ms
step:769/4740 train_time:77525ms step_avg:100.81ms
step:770/4740 train_time:77684ms step_avg:100.89ms
step:771/4740 train_time:77783ms step_avg:100.89ms
step:772/4740 train_time:77942ms step_avg:100.96ms
step:773/4740 train_time:78041ms step_avg:100.96ms
step:774/4740 train_time:78201ms step_avg:101.04ms
step:775/4740 train_time:78302ms step_avg:101.04ms
step:776/4740 train_time:78463ms step_avg:101.11ms
step:777/4740 train_time:78564ms step_avg:101.11ms
step:778/4740 train_time:78723ms step_avg:101.19ms
step:779/4740 train_time:78822ms step_avg:101.18ms
step:780/4740 train_time:78982ms step_avg:101.26ms
step:781/4740 train_time:79081ms step_avg:101.26ms
step:782/4740 train_time:79242ms step_avg:101.33ms
step:783/4740 train_time:79343ms step_avg:101.33ms
step:784/4740 train_time:79503ms step_avg:101.41ms
step:785/4740 train_time:79616ms step_avg:101.42ms
step:786/4740 train_time:79853ms step_avg:101.59ms
step:787/4740 train_time:79997ms step_avg:101.65ms
step:788/4740 train_time:80239ms step_avg:101.83ms
step:789/4740 train_time:80381ms step_avg:101.88ms
step:790/4740 train_time:80625ms step_avg:102.06ms
step:791/4740 train_time:80764ms step_avg:102.10ms
step:792/4740 train_time:81005ms step_avg:102.28ms
step:793/4740 train_time:81145ms step_avg:102.33ms
step:794/4740 train_time:81388ms step_avg:102.50ms
step:795/4740 train_time:81531ms step_avg:102.55ms
step:796/4740 train_time:81774ms step_avg:102.73ms
step:797/4740 train_time:81913ms step_avg:102.78ms
step:798/4740 train_time:82154ms step_avg:102.95ms
step:799/4740 train_time:82296ms step_avg:103.00ms
step:800/4740 train_time:82540ms step_avg:103.17ms
step:801/4740 train_time:82677ms step_avg:103.22ms
step:802/4740 train_time:82919ms step_avg:103.39ms
step:803/4740 train_time:83059ms step_avg:103.44ms
step:804/4740 train_time:83302ms step_avg:103.61ms
step:805/4740 train_time:83440ms step_avg:103.65ms
step:806/4740 train_time:83682ms step_avg:103.82ms
step:807/4740 train_time:83825ms step_avg:103.87ms
step:808/4740 train_time:84066ms step_avg:104.04ms
step:809/4740 train_time:84206ms step_avg:104.09ms
step:810/4740 train_time:84447ms step_avg:104.26ms
step:811/4740 train_time:84589ms step_avg:104.30ms
step:812/4740 train_time:84834ms step_avg:104.48ms
step:813/4740 train_time:84973ms step_avg:104.52ms
step:814/4740 train_time:85213ms step_avg:104.68ms
step:815/4740 train_time:85354ms step_avg:104.73ms
step:816/4740 train_time:85598ms step_avg:104.90ms
step:817/4740 train_time:85737ms step_avg:104.94ms
step:818/4740 train_time:85981ms step_avg:105.11ms
step:819/4740 train_time:86121ms step_avg:105.15ms
step:820/4740 train_time:86363ms step_avg:105.32ms
step:821/4740 train_time:86504ms step_avg:105.36ms
step:822/4740 train_time:86746ms step_avg:105.53ms
step:823/4740 train_time:86885ms step_avg:105.57ms
step:824/4740 train_time:87131ms step_avg:105.74ms
step:825/4740 train_time:87270ms step_avg:105.78ms
step:826/4740 train_time:87514ms step_avg:105.95ms
step:827/4740 train_time:87653ms step_avg:105.99ms
step:828/4740 train_time:87896ms step_avg:106.15ms
step:829/4740 train_time:88036ms step_avg:106.20ms
step:830/4740 train_time:88278ms step_avg:106.36ms
step:831/4740 train_time:88421ms step_avg:106.40ms
step:832/4740 train_time:88663ms step_avg:106.57ms
step:833/4740 train_time:88800ms step_avg:106.60ms
step:834/4740 train_time:89043ms step_avg:106.77ms
step:835/4740 train_time:89186ms step_avg:106.81ms
step:836/4740 train_time:89425ms step_avg:106.97ms
step:837/4740 train_time:89565ms step_avg:107.01ms
step:838/4740 train_time:89805ms step_avg:107.17ms
step:839/4740 train_time:89950ms step_avg:107.21ms
step:840/4740 train_time:90195ms step_avg:107.37ms
step:841/4740 train_time:90332ms step_avg:107.41ms
step:842/4740 train_time:90575ms step_avg:107.57ms
step:843/4740 train_time:90713ms step_avg:107.61ms
step:844/4740 train_time:90956ms step_avg:107.77ms
step:845/4740 train_time:91096ms step_avg:107.81ms
step:846/4740 train_time:91340ms step_avg:107.97ms
step:847/4740 train_time:91479ms step_avg:108.00ms
step:848/4740 train_time:91723ms step_avg:108.16ms
step:849/4740 train_time:91861ms step_avg:108.20ms
step:850/4740 train_time:92099ms step_avg:108.35ms
step:851/4740 train_time:92241ms step_avg:108.39ms
step:852/4740 train_time:92481ms step_avg:108.55ms
step:853/4740 train_time:92621ms step_avg:108.58ms
step:854/4740 train_time:92864ms step_avg:108.74ms
step:855/4740 train_time:93004ms step_avg:108.78ms
step:856/4740 train_time:93246ms step_avg:108.93ms
step:857/4740 train_time:93386ms step_avg:108.97ms
step:858/4740 train_time:93628ms step_avg:109.12ms
step:859/4740 train_time:93771ms step_avg:109.16ms
step:860/4740 train_time:94015ms step_avg:109.32ms
step:861/4740 train_time:94151ms step_avg:109.35ms
step:862/4740 train_time:94396ms step_avg:109.51ms
step:863/4740 train_time:94534ms step_avg:109.54ms
step:864/4740 train_time:94778ms step_avg:109.70ms
step:865/4740 train_time:94916ms step_avg:109.73ms
step:866/4740 train_time:95158ms step_avg:109.88ms
step:867/4740 train_time:95298ms step_avg:109.92ms
step:868/4740 train_time:95541ms step_avg:110.07ms
step:869/4740 train_time:95678ms step_avg:110.10ms
step:870/4740 train_time:95919ms step_avg:110.25ms
step:871/4740 train_time:96058ms step_avg:110.28ms
step:872/4740 train_time:96301ms step_avg:110.44ms
step:873/4740 train_time:96439ms step_avg:110.47ms
step:874/4740 train_time:96681ms step_avg:110.62ms
step:875/4740 train_time:96820ms step_avg:110.65ms
step:876/4740 train_time:97063ms step_avg:110.80ms
step:877/4740 train_time:97203ms step_avg:110.84ms
step:878/4740 train_time:97444ms step_avg:110.98ms
step:879/4740 train_time:97586ms step_avg:111.02ms
step:880/4740 train_time:97824ms step_avg:111.16ms
step:881/4740 train_time:97967ms step_avg:111.20ms
step:882/4740 train_time:98207ms step_avg:111.35ms
step:883/4740 train_time:98349ms step_avg:111.38ms
step:884/4740 train_time:98591ms step_avg:111.53ms
step:885/4740 train_time:98730ms step_avg:111.56ms
step:886/4740 train_time:98972ms step_avg:111.71ms
step:887/4740 train_time:99113ms step_avg:111.74ms
step:888/4740 train_time:99357ms step_avg:111.89ms
step:889/4740 train_time:99498ms step_avg:111.92ms
step:890/4740 train_time:99739ms step_avg:112.07ms
step:891/4740 train_time:99880ms step_avg:112.10ms
step:892/4740 train_time:100123ms step_avg:112.25ms
step:893/4740 train_time:100263ms step_avg:112.28ms
step:894/4740 train_time:100505ms step_avg:112.42ms
step:895/4740 train_time:100646ms step_avg:112.45ms
step:896/4740 train_time:100887ms step_avg:112.60ms
step:897/4740 train_time:101029ms step_avg:112.63ms
step:898/4740 train_time:101273ms step_avg:112.78ms
step:899/4740 train_time:101412ms step_avg:112.81ms
step:900/4740 train_time:101655ms step_avg:112.95ms
step:901/4740 train_time:101794ms step_avg:112.98ms
step:902/4740 train_time:102038ms step_avg:113.12ms
step:903/4740 train_time:102177ms step_avg:113.15ms
step:904/4740 train_time:102421ms step_avg:113.30ms
step:905/4740 train_time:102562ms step_avg:113.33ms
step:906/4740 train_time:102802ms step_avg:113.47ms
step:907/4740 train_time:102942ms step_avg:113.50ms
step:908/4740 train_time:103184ms step_avg:113.64ms
step:909/4740 train_time:103324ms step_avg:113.67ms
step:910/4740 train_time:103567ms step_avg:113.81ms
step:911/4740 train_time:103706ms step_avg:113.84ms
step:912/4740 train_time:103946ms step_avg:113.98ms
step:913/4740 train_time:104090ms step_avg:114.01ms
step:914/4740 train_time:104332ms step_avg:114.15ms
step:915/4740 train_time:104474ms step_avg:114.18ms
step:916/4740 train_time:104717ms step_avg:114.32ms
step:917/4740 train_time:104856ms step_avg:114.35ms
step:918/4740 train_time:105098ms step_avg:114.49ms
step:919/4740 train_time:105238ms step_avg:114.51ms
step:920/4740 train_time:105478ms step_avg:114.65ms
step:921/4740 train_time:105620ms step_avg:114.68ms
step:922/4740 train_time:105862ms step_avg:114.82ms
step:923/4740 train_time:106002ms step_avg:114.85ms
step:924/4740 train_time:106244ms step_avg:114.98ms
step:925/4740 train_time:106385ms step_avg:115.01ms
step:926/4740 train_time:106627ms step_avg:115.15ms
step:927/4740 train_time:106767ms step_avg:115.17ms
step:928/4740 train_time:107009ms step_avg:115.31ms
step:929/4740 train_time:107148ms step_avg:115.34ms
step:930/4740 train_time:107390ms step_avg:115.47ms
step:931/4740 train_time:107532ms step_avg:115.50ms
step:932/4740 train_time:107774ms step_avg:115.64ms
step:933/4740 train_time:107913ms step_avg:115.66ms
step:934/4740 train_time:108158ms step_avg:115.80ms
step:935/4740 train_time:108296ms step_avg:115.82ms
step:936/4740 train_time:108540ms step_avg:115.96ms
step:937/4740 train_time:108679ms step_avg:115.99ms
step:938/4740 train_time:108922ms step_avg:116.12ms
step:939/4740 train_time:109060ms step_avg:116.14ms
step:940/4740 train_time:109301ms step_avg:116.28ms
step:941/4740 train_time:109438ms step_avg:116.30ms
step:942/4740 train_time:109681ms step_avg:116.43ms
step:943/4740 train_time:109819ms step_avg:116.46ms
step:944/4740 train_time:110062ms step_avg:116.59ms
step:945/4740 train_time:110201ms step_avg:116.62ms
step:946/4740 train_time:110441ms step_avg:116.74ms
step:947/4740 train_time:110581ms step_avg:116.77ms
step:948/4740 train_time:110823ms step_avg:116.90ms
step:949/4740 train_time:110962ms step_avg:116.93ms
step:950/4740 train_time:111207ms step_avg:117.06ms
step:951/4740 train_time:111343ms step_avg:117.08ms
step:952/4740 train_time:111584ms step_avg:117.21ms
step:953/4740 train_time:111728ms step_avg:117.24ms
step:954/4740 train_time:111972ms step_avg:117.37ms
step:955/4740 train_time:112113ms step_avg:117.40ms
step:956/4740 train_time:112355ms step_avg:117.53ms
step:957/4740 train_time:112493ms step_avg:117.55ms
step:958/4740 train_time:112736ms step_avg:117.68ms
step:959/4740 train_time:112873ms step_avg:117.70ms
step:960/4740 train_time:113118ms step_avg:117.83ms
step:961/4740 train_time:113255ms step_avg:117.85ms
step:962/4740 train_time:113499ms step_avg:117.98ms
step:963/4740 train_time:113638ms step_avg:118.00ms
step:964/4740 train_time:113882ms step_avg:118.14ms
step:965/4740 train_time:114024ms step_avg:118.16ms
step:966/4740 train_time:114266ms step_avg:118.29ms
step:967/4740 train_time:114408ms step_avg:118.31ms
step:968/4740 train_time:114652ms step_avg:118.44ms
step:969/4740 train_time:114791ms step_avg:118.46ms
step:970/4740 train_time:115034ms step_avg:118.59ms
step:971/4740 train_time:115174ms step_avg:118.61ms
step:972/4740 train_time:115417ms step_avg:118.74ms
step:973/4740 train_time:115557ms step_avg:118.76ms
step:974/4740 train_time:115799ms step_avg:118.89ms
step:975/4740 train_time:115941ms step_avg:118.91ms
step:976/4740 train_time:116184ms step_avg:119.04ms
step:977/4740 train_time:116323ms step_avg:119.06ms
step:978/4740 train_time:116565ms step_avg:119.19ms
step:979/4740 train_time:116707ms step_avg:119.21ms
step:980/4740 train_time:116948ms step_avg:119.33ms
step:981/4740 train_time:117087ms step_avg:119.35ms
step:982/4740 train_time:117331ms step_avg:119.48ms
step:983/4740 train_time:117471ms step_avg:119.50ms
step:984/4740 train_time:117715ms step_avg:119.63ms
step:985/4740 train_time:117853ms step_avg:119.65ms
step:986/4740 train_time:118099ms step_avg:119.78ms
step:987/4740 train_time:118236ms step_avg:119.79ms
step:988/4740 train_time:118478ms step_avg:119.92ms
step:989/4740 train_time:118617ms step_avg:119.94ms
step:990/4740 train_time:118861ms step_avg:120.06ms
step:991/4740 train_time:118999ms step_avg:120.08ms
step:992/4740 train_time:119240ms step_avg:120.20ms
step:993/4740 train_time:119378ms step_avg:120.22ms
step:994/4740 train_time:119621ms step_avg:120.34ms
step:995/4740 train_time:119759ms step_avg:120.36ms
step:996/4740 train_time:120001ms step_avg:120.48ms
step:997/4740 train_time:120140ms step_avg:120.50ms
step:998/4740 train_time:120381ms step_avg:120.62ms
step:999/4740 train_time:120522ms step_avg:120.64ms
step:1000/4740 train_time:120766ms step_avg:120.77ms
step:1000/4740 val_loss:3.4696 train_time:120869ms step_avg:120.87ms
step:1001/4740 train_time:120911ms step_avg:120.79ms
step:1002/4740 train_time:121154ms step_avg:120.91ms
step:1003/4740 train_time:121302ms step_avg:120.94ms
step:1004/4740 train_time:121544ms step_avg:121.06ms
step:1005/4740 train_time:121683ms step_avg:121.08ms
step:1006/4740 train_time:121924ms step_avg:121.20ms
step:1007/4740 train_time:122065ms step_avg:121.22ms
step:1008/4740 train_time:122309ms step_avg:121.34ms
step:1009/4740 train_time:122449ms step_avg:121.36ms
step:1010/4740 train_time:122692ms step_avg:121.48ms
step:1011/4740 train_time:122832ms step_avg:121.50ms
step:1012/4740 train_time:123074ms step_avg:121.61ms
step:1013/4740 train_time:123213ms step_avg:121.63ms
step:1014/4740 train_time:123455ms step_avg:121.75ms
step:1015/4740 train_time:123594ms step_avg:121.77ms
step:1016/4740 train_time:123836ms step_avg:121.89ms
step:1017/4740 train_time:123976ms step_avg:121.90ms
step:1018/4740 train_time:124218ms step_avg:122.02ms
step:1019/4740 train_time:124358ms step_avg:122.04ms
step:1020/4740 train_time:124600ms step_avg:122.16ms
step:1021/4740 train_time:124741ms step_avg:122.18ms
step:1022/4740 train_time:124983ms step_avg:122.29ms
step:1023/4740 train_time:125125ms step_avg:122.31ms
step:1024/4740 train_time:125368ms step_avg:122.43ms
step:1025/4740 train_time:125508ms step_avg:122.45ms
step:1026/4740 train_time:125750ms step_avg:122.56ms
step:1027/4740 train_time:125890ms step_avg:122.58ms
step:1028/4740 train_time:126134ms step_avg:122.70ms
step:1029/4740 train_time:126274ms step_avg:122.71ms
step:1030/4740 train_time:126516ms step_avg:122.83ms
step:1031/4740 train_time:126656ms step_avg:122.85ms
step:1032/4740 train_time:126899ms step_avg:122.96ms
step:1033/4740 train_time:127038ms step_avg:122.98ms
step:1034/4740 train_time:127281ms step_avg:123.10ms
step:1035/4740 train_time:127421ms step_avg:123.11ms
step:1036/4740 train_time:127664ms step_avg:123.23ms
step:1037/4740 train_time:127805ms step_avg:123.25ms
step:1038/4740 train_time:128050ms step_avg:123.36ms
step:1039/4740 train_time:128188ms step_avg:123.38ms
step:1040/4740 train_time:128433ms step_avg:123.49ms
step:1041/4740 train_time:128569ms step_avg:123.51ms
step:1042/4740 train_time:128812ms step_avg:123.62ms
step:1043/4740 train_time:128954ms step_avg:123.64ms
step:1044/4740 train_time:129194ms step_avg:123.75ms
step:1045/4740 train_time:129334ms step_avg:123.76ms
step:1046/4740 train_time:129579ms step_avg:123.88ms
step:1047/4740 train_time:129720ms step_avg:123.90ms
step:1048/4740 train_time:129960ms step_avg:124.01ms
step:1049/4740 train_time:130102ms step_avg:124.03ms
step:1050/4740 train_time:130344ms step_avg:124.14ms
step:1051/4740 train_time:130487ms step_avg:124.16ms
step:1052/4740 train_time:130729ms step_avg:124.27ms
step:1053/4740 train_time:130871ms step_avg:124.28ms
step:1054/4740 train_time:131113ms step_avg:124.40ms
step:1055/4740 train_time:131252ms step_avg:124.41ms
step:1056/4740 train_time:131497ms step_avg:124.52ms
step:1057/4740 train_time:131636ms step_avg:124.54ms
step:1058/4740 train_time:131877ms step_avg:124.65ms
step:1059/4740 train_time:132019ms step_avg:124.66ms
step:1060/4740 train_time:132261ms step_avg:124.77ms
step:1061/4740 train_time:132403ms step_avg:124.79ms
step:1062/4740 train_time:132646ms step_avg:124.90ms
step:1063/4740 train_time:132787ms step_avg:124.92ms
step:1064/4740 train_time:133030ms step_avg:125.03ms
step:1065/4740 train_time:133172ms step_avg:125.04ms
step:1066/4740 train_time:133413ms step_avg:125.15ms
step:1067/4740 train_time:133552ms step_avg:125.17ms
step:1068/4740 train_time:133794ms step_avg:125.28ms
step:1069/4740 train_time:133933ms step_avg:125.29ms
step:1070/4740 train_time:134177ms step_avg:125.40ms
step:1071/4740 train_time:134314ms step_avg:125.41ms
step:1072/4740 train_time:134555ms step_avg:125.52ms
step:1073/4740 train_time:134694ms step_avg:125.53ms
step:1074/4740 train_time:134937ms step_avg:125.64ms
step:1075/4740 train_time:135076ms step_avg:125.65ms
step:1076/4740 train_time:135317ms step_avg:125.76ms
step:1077/4740 train_time:135459ms step_avg:125.77ms
step:1078/4740 train_time:135702ms step_avg:125.88ms
step:1079/4740 train_time:135847ms step_avg:125.90ms
step:1080/4740 train_time:136090ms step_avg:126.01ms
step:1081/4740 train_time:136230ms step_avg:126.02ms
step:1082/4740 train_time:136472ms step_avg:126.13ms
step:1083/4740 train_time:136612ms step_avg:126.14ms
step:1084/4740 train_time:136856ms step_avg:126.25ms
step:1085/4740 train_time:136996ms step_avg:126.26ms
step:1086/4740 train_time:137238ms step_avg:126.37ms
step:1087/4740 train_time:137377ms step_avg:126.38ms
step:1088/4740 train_time:137617ms step_avg:126.49ms
step:1089/4740 train_time:137756ms step_avg:126.50ms
step:1090/4740 train_time:137998ms step_avg:126.60ms
step:1091/4740 train_time:138139ms step_avg:126.62ms
step:1092/4740 train_time:138380ms step_avg:126.72ms
step:1093/4740 train_time:138523ms step_avg:126.74ms
step:1094/4740 train_time:138765ms step_avg:126.84ms
step:1095/4740 train_time:138905ms step_avg:126.85ms
step:1096/4740 train_time:139149ms step_avg:126.96ms
step:1097/4740 train_time:139291ms step_avg:126.97ms
step:1098/4740 train_time:139533ms step_avg:127.08ms
step:1099/4740 train_time:139672ms step_avg:127.09ms
step:1100/4740 train_time:139914ms step_avg:127.19ms
step:1101/4740 train_time:140054ms step_avg:127.21ms
step:1102/4740 train_time:140298ms step_avg:127.31ms
step:1103/4740 train_time:140436ms step_avg:127.32ms
step:1104/4740 train_time:140676ms step_avg:127.42ms
step:1105/4740 train_time:140817ms step_avg:127.44ms
step:1106/4740 train_time:141058ms step_avg:127.54ms
step:1107/4740 train_time:141201ms step_avg:127.55ms
step:1108/4740 train_time:141443ms step_avg:127.66ms
step:1109/4740 train_time:141584ms step_avg:127.67ms
step:1110/4740 train_time:141826ms step_avg:127.77ms
step:1111/4740 train_time:141968ms step_avg:127.78ms
step:1112/4740 train_time:142214ms step_avg:127.89ms
step:1113/4740 train_time:142355ms step_avg:127.90ms
step:1114/4740 train_time:142596ms step_avg:128.00ms
step:1115/4740 train_time:142733ms step_avg:128.01ms
step:1116/4740 train_time:142976ms step_avg:128.11ms
step:1117/4740 train_time:143117ms step_avg:128.13ms
step:1118/4740 train_time:143361ms step_avg:128.23ms
step:1119/4740 train_time:143501ms step_avg:128.24ms
step:1120/4740 train_time:143742ms step_avg:128.34ms
step:1121/4740 train_time:143883ms step_avg:128.35ms
step:1122/4740 train_time:144129ms step_avg:128.46ms
step:1123/4740 train_time:144267ms step_avg:128.47ms
step:1124/4740 train_time:144510ms step_avg:128.57ms
step:1125/4740 train_time:144650ms step_avg:128.58ms
step:1126/4740 train_time:144893ms step_avg:128.68ms
step:1127/4740 train_time:145036ms step_avg:128.69ms
step:1128/4740 train_time:145277ms step_avg:128.79ms
step:1129/4740 train_time:145416ms step_avg:128.80ms
step:1130/4740 train_time:145659ms step_avg:128.90ms
step:1131/4740 train_time:145800ms step_avg:128.91ms
step:1132/4740 train_time:146040ms step_avg:129.01ms
step:1133/4740 train_time:146182ms step_avg:129.02ms
step:1134/4740 train_time:146423ms step_avg:129.12ms
step:1135/4740 train_time:146566ms step_avg:129.13ms
step:1136/4740 train_time:146805ms step_avg:129.23ms
step:1137/4740 train_time:146947ms step_avg:129.24ms
step:1138/4740 train_time:147191ms step_avg:129.34ms
step:1139/4740 train_time:147330ms step_avg:129.35ms
step:1140/4740 train_time:147575ms step_avg:129.45ms
step:1141/4740 train_time:147712ms step_avg:129.46ms
step:1142/4740 train_time:147955ms step_avg:129.56ms
step:1143/4740 train_time:148094ms step_avg:129.57ms
step:1144/4740 train_time:148336ms step_avg:129.66ms
step:1145/4740 train_time:148476ms step_avg:129.67ms
step:1146/4740 train_time:148719ms step_avg:129.77ms
step:1147/4740 train_time:148858ms step_avg:129.78ms
step:1148/4740 train_time:149100ms step_avg:129.88ms
step:1149/4740 train_time:149240ms step_avg:129.89ms
step:1150/4740 train_time:149480ms step_avg:129.98ms
step:1151/4740 train_time:149620ms step_avg:129.99ms
step:1152/4740 train_time:149862ms step_avg:130.09ms
step:1153/4740 train_time:150006ms step_avg:130.10ms
step:1154/4740 train_time:150251ms step_avg:130.20ms
step:1155/4740 train_time:150391ms step_avg:130.21ms
step:1156/4740 train_time:150635ms step_avg:130.31ms
step:1157/4740 train_time:150774ms step_avg:130.31ms
step:1158/4740 train_time:151014ms step_avg:130.41ms
step:1159/4740 train_time:151154ms step_avg:130.42ms
step:1160/4740 train_time:151396ms step_avg:130.51ms
step:1161/4740 train_time:151537ms step_avg:130.52ms
step:1162/4740 train_time:151779ms step_avg:130.62ms
step:1163/4740 train_time:151918ms step_avg:130.63ms
step:1164/4740 train_time:152160ms step_avg:130.72ms
step:1165/4740 train_time:152299ms step_avg:130.73ms
step:1166/4740 train_time:152541ms step_avg:130.82ms
step:1167/4740 train_time:152683ms step_avg:130.83ms
step:1168/4740 train_time:152925ms step_avg:130.93ms
step:1169/4740 train_time:153066ms step_avg:130.94ms
step:1170/4740 train_time:153308ms step_avg:131.03ms
step:1171/4740 train_time:153448ms step_avg:131.04ms
step:1172/4740 train_time:153693ms step_avg:131.14ms
step:1173/4740 train_time:153832ms step_avg:131.14ms
step:1174/4740 train_time:154074ms step_avg:131.24ms
step:1175/4740 train_time:154212ms step_avg:131.24ms
step:1176/4740 train_time:154489ms step_avg:131.37ms
step:1177/4740 train_time:154666ms step_avg:131.41ms
step:1178/4740 train_time:154982ms step_avg:131.56ms
step:1179/4740 train_time:155167ms step_avg:131.61ms
step:1180/4740 train_time:155487ms step_avg:131.77ms
step:1181/4740 train_time:155666ms step_avg:131.81ms
step:1182/4740 train_time:155985ms step_avg:131.97ms
step:1183/4740 train_time:156168ms step_avg:132.01ms
step:1184/4740 train_time:156486ms step_avg:132.17ms
step:1185/4740 train_time:156670ms step_avg:132.21ms
step:1186/4740 train_time:156984ms step_avg:132.36ms
step:1187/4740 train_time:157168ms step_avg:132.41ms
step:1188/4740 train_time:157488ms step_avg:132.57ms
step:1189/4740 train_time:157668ms step_avg:132.61ms
step:1190/4740 train_time:157985ms step_avg:132.76ms
step:1191/4740 train_time:158168ms step_avg:132.80ms
step:1192/4740 train_time:158486ms step_avg:132.96ms
step:1193/4740 train_time:158666ms step_avg:133.00ms
step:1194/4740 train_time:158986ms step_avg:133.15ms
step:1195/4740 train_time:159167ms step_avg:133.19ms
step:1196/4740 train_time:159486ms step_avg:133.35ms
step:1197/4740 train_time:159666ms step_avg:133.39ms
step:1198/4740 train_time:159988ms step_avg:133.55ms
step:1199/4740 train_time:160168ms step_avg:133.58ms
step:1200/4740 train_time:160486ms step_avg:133.74ms
step:1201/4740 train_time:160667ms step_avg:133.78ms
step:1202/4740 train_time:160987ms step_avg:133.93ms
step:1203/4740 train_time:161167ms step_avg:133.97ms
step:1204/4740 train_time:161484ms step_avg:134.12ms
step:1205/4740 train_time:161664ms step_avg:134.16ms
step:1206/4740 train_time:161988ms step_avg:134.32ms
step:1207/4740 train_time:162166ms step_avg:134.35ms
step:1208/4740 train_time:162482ms step_avg:134.50ms
step:1209/4740 train_time:162663ms step_avg:134.54ms
step:1210/4740 train_time:162981ms step_avg:134.70ms
step:1211/4740 train_time:163162ms step_avg:134.73ms
step:1212/4740 train_time:163485ms step_avg:134.89ms
step:1213/4740 train_time:163667ms step_avg:134.93ms
step:1214/4740 train_time:163987ms step_avg:135.08ms
step:1215/4740 train_time:164168ms step_avg:135.12ms
step:1216/4740 train_time:164488ms step_avg:135.27ms
step:1217/4740 train_time:164668ms step_avg:135.31ms
step:1218/4740 train_time:164986ms step_avg:135.46ms
step:1219/4740 train_time:165168ms step_avg:135.49ms
step:1220/4740 train_time:165487ms step_avg:135.64ms
step:1221/4740 train_time:165663ms step_avg:135.68ms
step:1222/4740 train_time:165984ms step_avg:135.83ms
step:1223/4740 train_time:166162ms step_avg:135.86ms
step:1224/4740 train_time:166479ms step_avg:136.01ms
step:1225/4740 train_time:166658ms step_avg:136.05ms
step:1226/4740 train_time:166975ms step_avg:136.20ms
step:1227/4740 train_time:167157ms step_avg:136.23ms
step:1228/4740 train_time:167475ms step_avg:136.38ms
step:1229/4740 train_time:167655ms step_avg:136.42ms
step:1230/4740 train_time:167973ms step_avg:136.56ms
step:1231/4740 train_time:168158ms step_avg:136.60ms
step:1232/4740 train_time:168475ms step_avg:136.75ms
step:1233/4740 train_time:168656ms step_avg:136.79ms
step:1234/4740 train_time:168973ms step_avg:136.93ms
step:1235/4740 train_time:169153ms step_avg:136.97ms
step:1236/4740 train_time:169474ms step_avg:137.11ms
step:1237/4740 train_time:169655ms step_avg:137.15ms
step:1238/4740 train_time:169971ms step_avg:137.29ms
step:1239/4740 train_time:170151ms step_avg:137.33ms
step:1240/4740 train_time:170469ms step_avg:137.48ms
step:1241/4740 train_time:170647ms step_avg:137.51ms
step:1242/4740 train_time:170965ms step_avg:137.65ms
step:1243/4740 train_time:171146ms step_avg:137.69ms
step:1244/4740 train_time:171467ms step_avg:137.83ms
step:1245/4740 train_time:171649ms step_avg:137.87ms
step:1246/4740 train_time:171964ms step_avg:138.01ms
step:1247/4740 train_time:172145ms step_avg:138.05ms
step:1248/4740 train_time:172464ms step_avg:138.19ms
step:1249/4740 train_time:172643ms step_avg:138.22ms
step:1250/4740 train_time:172957ms step_avg:138.37ms
step:1250/4740 val_loss:3.3862 train_time:173087ms step_avg:138.47ms
step:1251/4740 train_time:173142ms step_avg:138.40ms
step:1252/4740 train_time:173465ms step_avg:138.55ms
step:1253/4740 train_time:173652ms step_avg:138.59ms
step:1254/4740 train_time:173968ms step_avg:138.73ms
step:1255/4740 train_time:174148ms step_avg:138.76ms
step:1256/4740 train_time:174470ms step_avg:138.91ms
step:1257/4740 train_time:174654ms step_avg:138.94ms
step:1258/4740 train_time:174970ms step_avg:139.09ms
step:1259/4740 train_time:175146ms step_avg:139.12ms
step:1260/4740 train_time:175468ms step_avg:139.26ms
step:1261/4740 train_time:175650ms step_avg:139.29ms
step:1262/4740 train_time:175968ms step_avg:139.44ms
step:1263/4740 train_time:176146ms step_avg:139.47ms
step:1264/4740 train_time:176468ms step_avg:139.61ms
step:1265/4740 train_time:176646ms step_avg:139.64ms
step:1266/4740 train_time:176967ms step_avg:139.78ms
step:1267/4740 train_time:177145ms step_avg:139.81ms
step:1268/4740 train_time:177467ms step_avg:139.96ms
step:1269/4740 train_time:177645ms step_avg:139.99ms
step:1270/4740 train_time:177964ms step_avg:140.13ms
step:1271/4740 train_time:178142ms step_avg:140.16ms
step:1272/4740 train_time:178463ms step_avg:140.30ms
step:1273/4740 train_time:178644ms step_avg:140.33ms
step:1274/4740 train_time:178963ms step_avg:140.47ms
step:1275/4740 train_time:179142ms step_avg:140.50ms
step:1276/4740 train_time:179463ms step_avg:140.64ms
step:1277/4740 train_time:179644ms step_avg:140.68ms
step:1278/4740 train_time:179964ms step_avg:140.82ms
step:1279/4740 train_time:180144ms step_avg:140.85ms
step:1280/4740 train_time:180463ms step_avg:140.99ms
step:1281/4740 train_time:180642ms step_avg:141.02ms
step:1282/4740 train_time:180963ms step_avg:141.16ms
step:1283/4740 train_time:181142ms step_avg:141.19ms
step:1284/4740 train_time:181462ms step_avg:141.33ms
step:1285/4740 train_time:181641ms step_avg:141.35ms
step:1286/4740 train_time:181961ms step_avg:141.49ms
step:1287/4740 train_time:182142ms step_avg:141.52ms
step:1288/4740 train_time:182457ms step_avg:141.66ms
step:1289/4740 train_time:182638ms step_avg:141.69ms
step:1290/4740 train_time:182952ms step_avg:141.82ms
step:1291/4740 train_time:183139ms step_avg:141.86ms
step:1292/4740 train_time:183453ms step_avg:141.99ms
step:1293/4740 train_time:183638ms step_avg:142.02ms
step:1294/4740 train_time:183955ms step_avg:142.16ms
step:1295/4740 train_time:184139ms step_avg:142.19ms
step:1296/4740 train_time:184457ms step_avg:142.33ms
step:1297/4740 train_time:184638ms step_avg:142.36ms
step:1298/4740 train_time:184955ms step_avg:142.49ms
step:1299/4740 train_time:185138ms step_avg:142.52ms
step:1300/4740 train_time:185453ms step_avg:142.66ms
step:1301/4740 train_time:185638ms step_avg:142.69ms
step:1302/4740 train_time:185952ms step_avg:142.82ms
step:1303/4740 train_time:186135ms step_avg:142.85ms
step:1304/4740 train_time:186451ms step_avg:142.98ms
step:1305/4740 train_time:186636ms step_avg:143.02ms
step:1306/4740 train_time:186953ms step_avg:143.15ms
step:1307/4740 train_time:187134ms step_avg:143.18ms
step:1308/4740 train_time:187449ms step_avg:143.31ms
step:1309/4740 train_time:187635ms step_avg:143.34ms
step:1310/4740 train_time:187952ms step_avg:143.47ms
step:1311/4740 train_time:188134ms step_avg:143.50ms
step:1312/4740 train_time:188453ms step_avg:143.64ms
step:1313/4740 train_time:188635ms step_avg:143.67ms
step:1314/4740 train_time:188951ms step_avg:143.80ms
step:1315/4740 train_time:189133ms step_avg:143.83ms
step:1316/4740 train_time:189452ms step_avg:143.96ms
step:1317/4740 train_time:189635ms step_avg:143.99ms
step:1318/4740 train_time:189951ms step_avg:144.12ms
step:1319/4740 train_time:190132ms step_avg:144.15ms
step:1320/4740 train_time:190449ms step_avg:144.28ms
step:1321/4740 train_time:190631ms step_avg:144.31ms
step:1322/4740 train_time:190949ms step_avg:144.44ms
step:1323/4740 train_time:191130ms step_avg:144.47ms
step:1324/4740 train_time:191447ms step_avg:144.60ms
step:1325/4740 train_time:191627ms step_avg:144.62ms
step:1326/4740 train_time:191946ms step_avg:144.76ms
step:1327/4740 train_time:192125ms step_avg:144.78ms
step:1328/4740 train_time:192442ms step_avg:144.91ms
step:1329/4740 train_time:192622ms step_avg:144.94ms
step:1330/4740 train_time:192940ms step_avg:145.07ms
step:1331/4740 train_time:193120ms step_avg:145.09ms
step:1332/4740 train_time:193442ms step_avg:145.23ms
step:1333/4740 train_time:193621ms step_avg:145.25ms
step:1334/4740 train_time:193936ms step_avg:145.38ms
step:1335/4740 train_time:194119ms step_avg:145.41ms
step:1336/4740 train_time:194442ms step_avg:145.54ms
step:1337/4740 train_time:194619ms step_avg:145.56ms
step:1338/4740 train_time:194933ms step_avg:145.69ms
step:1339/4740 train_time:195116ms step_avg:145.72ms
step:1340/4740 train_time:195434ms step_avg:145.85ms
step:1341/4740 train_time:195616ms step_avg:145.87ms
step:1342/4740 train_time:195931ms step_avg:146.00ms
step:1343/4740 train_time:196113ms step_avg:146.03ms
step:1344/4740 train_time:196428ms step_avg:146.15ms
step:1345/4740 train_time:196609ms step_avg:146.18ms
step:1346/4740 train_time:196930ms step_avg:146.31ms
step:1347/4740 train_time:197106ms step_avg:146.33ms
step:1348/4740 train_time:197427ms step_avg:146.46ms
step:1349/4740 train_time:197605ms step_avg:146.48ms
step:1350/4740 train_time:197921ms step_avg:146.61ms
step:1351/4740 train_time:198101ms step_avg:146.63ms
step:1352/4740 train_time:198425ms step_avg:146.76ms
step:1353/4740 train_time:198606ms step_avg:146.79ms
step:1354/4740 train_time:198925ms step_avg:146.92ms
step:1355/4740 train_time:199103ms step_avg:146.94ms
step:1356/4740 train_time:199424ms step_avg:147.07ms
step:1357/4740 train_time:199605ms step_avg:147.09ms
step:1358/4740 train_time:199925ms step_avg:147.22ms
step:1359/4740 train_time:200102ms step_avg:147.24ms
step:1360/4740 train_time:200425ms step_avg:147.37ms
step:1361/4740 train_time:200604ms step_avg:147.39ms
step:1362/4740 train_time:200922ms step_avg:147.52ms
step:1363/4740 train_time:201100ms step_avg:147.54ms
step:1364/4740 train_time:201422ms step_avg:147.67ms
step:1365/4740 train_time:201601ms step_avg:147.69ms
step:1366/4740 train_time:201917ms step_avg:147.82ms
step:1367/4740 train_time:202098ms step_avg:147.84ms
step:1368/4740 train_time:202417ms step_avg:147.97ms
step:1369/4740 train_time:202597ms step_avg:147.99ms
step:1370/4740 train_time:202912ms step_avg:148.11ms
step:1371/4740 train_time:203094ms step_avg:148.14ms
step:1372/4740 train_time:203412ms step_avg:148.26ms
step:1373/4740 train_time:203594ms step_avg:148.28ms
step:1374/4740 train_time:203910ms step_avg:148.41ms
step:1375/4740 train_time:204091ms step_avg:148.43ms
step:1376/4740 train_time:204408ms step_avg:148.55ms
step:1377/4740 train_time:204587ms step_avg:148.57ms
step:1378/4740 train_time:204905ms step_avg:148.70ms
step:1379/4740 train_time:205086ms step_avg:148.72ms
step:1380/4740 train_time:205407ms step_avg:148.85ms
step:1381/4740 train_time:205584ms step_avg:148.87ms
step:1382/4740 train_time:205902ms step_avg:148.99ms
step:1383/4740 train_time:206081ms step_avg:149.01ms
step:1384/4740 train_time:206403ms step_avg:149.13ms
step:1385/4740 train_time:206582ms step_avg:149.16ms
step:1386/4740 train_time:206896ms step_avg:149.28ms
step:1387/4740 train_time:207077ms step_avg:149.30ms
step:1388/4740 train_time:207395ms step_avg:149.42ms
step:1389/4740 train_time:207577ms step_avg:149.44ms
step:1390/4740 train_time:207896ms step_avg:149.57ms
step:1391/4740 train_time:208077ms step_avg:149.59ms
step:1392/4740 train_time:208395ms step_avg:149.71ms
step:1393/4740 train_time:208578ms step_avg:149.73ms
step:1394/4740 train_time:208895ms step_avg:149.85ms
step:1395/4740 train_time:209076ms step_avg:149.88ms
step:1396/4740 train_time:209394ms step_avg:150.00ms
step:1397/4740 train_time:209577ms step_avg:150.02ms
step:1398/4740 train_time:209894ms step_avg:150.14ms
step:1399/4740 train_time:210078ms step_avg:150.16ms
step:1400/4740 train_time:210398ms step_avg:150.28ms
step:1401/4740 train_time:210580ms step_avg:150.31ms
step:1402/4740 train_time:210899ms step_avg:150.43ms
step:1403/4740 train_time:211080ms step_avg:150.45ms
step:1404/4740 train_time:211398ms step_avg:150.57ms
step:1405/4740 train_time:211580ms step_avg:150.59ms
step:1406/4740 train_time:211899ms step_avg:150.71ms
step:1407/4740 train_time:212079ms step_avg:150.73ms
step:1408/4740 train_time:212395ms step_avg:150.85ms
step:1409/4740 train_time:212579ms step_avg:150.87ms
step:1410/4740 train_time:212897ms step_avg:150.99ms
step:1411/4740 train_time:213078ms step_avg:151.01ms
step:1412/4740 train_time:213398ms step_avg:151.13ms
step:1413/4740 train_time:213584ms step_avg:151.16ms
step:1414/4740 train_time:213900ms step_avg:151.27ms
step:1415/4740 train_time:214080ms step_avg:151.29ms
step:1416/4740 train_time:214399ms step_avg:151.41ms
step:1417/4740 train_time:214583ms step_avg:151.43ms
step:1418/4740 train_time:214902ms step_avg:151.55ms
step:1419/4740 train_time:215082ms step_avg:151.57ms
step:1420/4740 train_time:215399ms step_avg:151.69ms
step:1421/4740 train_time:215581ms step_avg:151.71ms
step:1422/4740 train_time:215900ms step_avg:151.83ms
step:1423/4740 train_time:216084ms step_avg:151.85ms
step:1424/4740 train_time:216398ms step_avg:151.96ms
step:1425/4740 train_time:216581ms step_avg:151.99ms
step:1426/4740 train_time:216898ms step_avg:152.10ms
step:1427/4740 train_time:217079ms step_avg:152.12ms
step:1428/4740 train_time:217396ms step_avg:152.24ms
step:1429/4740 train_time:217578ms step_avg:152.26ms
step:1430/4740 train_time:217896ms step_avg:152.37ms
step:1431/4740 train_time:218079ms step_avg:152.40ms
step:1432/4740 train_time:218399ms step_avg:152.51ms
step:1433/4740 train_time:218582ms step_avg:152.53ms
step:1434/4740 train_time:218897ms step_avg:152.65ms
step:1435/4740 train_time:219082ms step_avg:152.67ms
step:1436/4740 train_time:219402ms step_avg:152.79ms
step:1437/4740 train_time:219585ms step_avg:152.81ms
step:1438/4740 train_time:219902ms step_avg:152.92ms
step:1439/4740 train_time:220083ms step_avg:152.94ms
step:1440/4740 train_time:220399ms step_avg:153.05ms
step:1441/4740 train_time:220583ms step_avg:153.08ms
step:1442/4740 train_time:220900ms step_avg:153.19ms
step:1443/4740 train_time:221084ms step_avg:153.21ms
step:1444/4740 train_time:221402ms step_avg:153.33ms
step:1445/4740 train_time:221580ms step_avg:153.34ms
step:1446/4740 train_time:221898ms step_avg:153.46ms
step:1447/4740 train_time:222078ms step_avg:153.47ms
step:1448/4740 train_time:222395ms step_avg:153.59ms
step:1449/4740 train_time:222577ms step_avg:153.61ms
step:1450/4740 train_time:222893ms step_avg:153.72ms
step:1451/4740 train_time:223077ms step_avg:153.74ms
step:1452/4740 train_time:223396ms step_avg:153.85ms
step:1453/4740 train_time:223577ms step_avg:153.87ms
step:1454/4740 train_time:223895ms step_avg:153.99ms
step:1455/4740 train_time:224077ms step_avg:154.00ms
step:1456/4740 train_time:224395ms step_avg:154.12ms
step:1457/4740 train_time:224579ms step_avg:154.14ms
step:1458/4740 train_time:224898ms step_avg:154.25ms
step:1459/4740 train_time:225080ms step_avg:154.27ms
step:1460/4740 train_time:225398ms step_avg:154.38ms
step:1461/4740 train_time:225578ms step_avg:154.40ms
step:1462/4740 train_time:225894ms step_avg:154.51ms
step:1463/4740 train_time:226072ms step_avg:154.53ms
step:1464/4740 train_time:226392ms step_avg:154.64ms
step:1465/4740 train_time:226573ms step_avg:154.66ms
step:1466/4740 train_time:226893ms step_avg:154.77ms
step:1467/4740 train_time:227071ms step_avg:154.79ms
step:1468/4740 train_time:227389ms step_avg:154.90ms
step:1469/4740 train_time:227569ms step_avg:154.91ms
step:1470/4740 train_time:227886ms step_avg:155.02ms
step:1471/4740 train_time:228069ms step_avg:155.04ms
step:1472/4740 train_time:228390ms step_avg:155.16ms
step:1473/4740 train_time:228569ms step_avg:155.17ms
step:1474/4740 train_time:228886ms step_avg:155.28ms
step:1475/4740 train_time:229066ms step_avg:155.30ms
step:1476/4740 train_time:229385ms step_avg:155.41ms
step:1477/4740 train_time:229562ms step_avg:155.42ms
step:1478/4740 train_time:229884ms step_avg:155.54ms
step:1479/4740 train_time:230061ms step_avg:155.55ms
step:1480/4740 train_time:230381ms step_avg:155.66ms
step:1481/4740 train_time:230564ms step_avg:155.68ms
step:1482/4740 train_time:230879ms step_avg:155.79ms
step:1483/4740 train_time:231062ms step_avg:155.81ms
step:1484/4740 train_time:231382ms step_avg:155.92ms
step:1485/4740 train_time:231566ms step_avg:155.94ms
step:1486/4740 train_time:231881ms step_avg:156.04ms
step:1487/4740 train_time:232061ms step_avg:156.06ms
step:1488/4740 train_time:232377ms step_avg:156.17ms
step:1489/4740 train_time:232559ms step_avg:156.18ms
step:1490/4740 train_time:232877ms step_avg:156.29ms
step:1491/4740 train_time:233057ms step_avg:156.31ms
step:1492/4740 train_time:233373ms step_avg:156.42ms
step:1493/4740 train_time:233555ms step_avg:156.43ms
step:1494/4740 train_time:233873ms step_avg:156.54ms
step:1495/4740 train_time:234055ms step_avg:156.56ms
step:1496/4740 train_time:234372ms step_avg:156.67ms
step:1497/4740 train_time:234552ms step_avg:156.68ms
step:1498/4740 train_time:234870ms step_avg:156.79ms
step:1499/4740 train_time:235049ms step_avg:156.80ms
step:1500/4740 train_time:235368ms step_avg:156.91ms
step:1500/4740 val_loss:3.3178 train_time:235495ms step_avg:157.00ms
step:1501/4740 train_time:235550ms step_avg:156.93ms
step:1502/4740 train_time:235877ms step_avg:157.04ms
step:1503/4740 train_time:236055ms step_avg:157.06ms
step:1504/4740 train_time:236369ms step_avg:157.16ms
step:1505/4740 train_time:236550ms step_avg:157.18ms
step:1506/4740 train_time:236873ms step_avg:157.29ms
step:1507/4740 train_time:237055ms step_avg:157.30ms
step:1508/4740 train_time:237377ms step_avg:157.41ms
step:1509/4740 train_time:237551ms step_avg:157.42ms
step:1510/4740 train_time:237873ms step_avg:157.53ms
step:1511/4740 train_time:238055ms step_avg:157.55ms
step:1512/4740 train_time:238375ms step_avg:157.66ms
step:1513/4740 train_time:238555ms step_avg:157.67ms
step:1514/4740 train_time:238876ms step_avg:157.78ms
step:1515/4740 train_time:239059ms step_avg:157.79ms
step:1516/4740 train_time:239376ms step_avg:157.90ms
step:1517/4740 train_time:239554ms step_avg:157.91ms
step:1518/4740 train_time:239874ms step_avg:158.02ms
step:1519/4740 train_time:240054ms step_avg:158.03ms
step:1520/4740 train_time:240370ms step_avg:158.14ms
step:1521/4740 train_time:240551ms step_avg:158.15ms
step:1522/4740 train_time:240872ms step_avg:158.26ms
step:1523/4740 train_time:241052ms step_avg:158.27ms
step:1524/4740 train_time:241372ms step_avg:158.38ms
step:1525/4740 train_time:241550ms step_avg:158.39ms
step:1526/4740 train_time:241866ms step_avg:158.50ms
step:1527/4740 train_time:242050ms step_avg:158.51ms
step:1528/4740 train_time:242367ms step_avg:158.62ms
step:1529/4740 train_time:242548ms step_avg:158.63ms
step:1530/4740 train_time:242864ms step_avg:158.73ms
step:1531/4740 train_time:243046ms step_avg:158.75ms
step:1532/4740 train_time:243362ms step_avg:158.85ms
step:1533/4740 train_time:243541ms step_avg:158.87ms
step:1534/4740 train_time:243860ms step_avg:158.97ms
step:1535/4740 train_time:244041ms step_avg:158.98ms
step:1536/4740 train_time:244360ms step_avg:159.09ms
step:1537/4740 train_time:244539ms step_avg:159.10ms
step:1538/4740 train_time:244857ms step_avg:159.21ms
step:1539/4740 train_time:245039ms step_avg:159.22ms
step:1540/4740 train_time:245357ms step_avg:159.32ms
step:1541/4740 train_time:245538ms step_avg:159.34ms
step:1542/4740 train_time:245856ms step_avg:159.44ms
step:1543/4740 train_time:246034ms step_avg:159.45ms
step:1544/4740 train_time:246351ms step_avg:159.55ms
step:1545/4740 train_time:246531ms step_avg:159.57ms
step:1546/4740 train_time:246847ms step_avg:159.67ms
step:1547/4740 train_time:247025ms step_avg:159.68ms
step:1548/4740 train_time:247344ms step_avg:159.78ms
step:1549/4740 train_time:247525ms step_avg:159.80ms
step:1550/4740 train_time:247838ms step_avg:159.90ms
step:1551/4740 train_time:248021ms step_avg:159.91ms
step:1552/4740 train_time:248338ms step_avg:160.01ms
step:1553/4740 train_time:248517ms step_avg:160.02ms
step:1554/4740 train_time:248834ms step_avg:160.12ms
step:1555/4740 train_time:249011ms step_avg:160.14ms
step:1556/4740 train_time:249331ms step_avg:160.24ms
step:1557/4740 train_time:249511ms step_avg:160.25ms
step:1558/4740 train_time:249828ms step_avg:160.35ms
step:1559/4740 train_time:250008ms step_avg:160.36ms
step:1560/4740 train_time:250330ms step_avg:160.47ms
step:1561/4740 train_time:250509ms step_avg:160.48ms
step:1562/4740 train_time:250826ms step_avg:160.58ms
step:1563/4740 train_time:251006ms step_avg:160.59ms
step:1564/4740 train_time:251323ms step_avg:160.69ms
step:1565/4740 train_time:251507ms step_avg:160.71ms
step:1566/4740 train_time:251827ms step_avg:160.81ms
step:1567/4740 train_time:252007ms step_avg:160.82ms
step:1568/4740 train_time:252322ms step_avg:160.92ms
step:1569/4740 train_time:252507ms step_avg:160.93ms
step:1570/4740 train_time:252826ms step_avg:161.04ms
step:1571/4740 train_time:253008ms step_avg:161.05ms
step:1572/4740 train_time:253327ms step_avg:161.15ms
step:1573/4740 train_time:253510ms step_avg:161.16ms
step:1574/4740 train_time:253826ms step_avg:161.26ms
step:1575/4740 train_time:254011ms step_avg:161.28ms
step:1576/4740 train_time:254325ms step_avg:161.37ms
step:1577/4740 train_time:254507ms step_avg:161.39ms
step:1578/4740 train_time:254825ms step_avg:161.49ms
step:1579/4740 train_time:255010ms step_avg:161.50ms
step:1580/4740 train_time:255326ms step_avg:161.60ms
step:1581/4740 train_time:255510ms step_avg:161.61ms
step:1582/4740 train_time:255829ms step_avg:161.71ms
step:1583/4740 train_time:256013ms step_avg:161.73ms
step:1584/4740 train_time:256328ms step_avg:161.82ms
step:1585/4740 train_time:256511ms step_avg:161.84ms
step:1586/4740 train_time:256833ms step_avg:161.94ms
step:1587/4740 train_time:257015ms step_avg:161.95ms
step:1588/4740 train_time:257333ms step_avg:162.05ms
step:1589/4740 train_time:257512ms step_avg:162.06ms
step:1590/4740 train_time:257830ms step_avg:162.16ms
step:1591/4740 train_time:258012ms step_avg:162.17ms
step:1592/4740 train_time:258333ms step_avg:162.27ms
step:1593/4740 train_time:258513ms step_avg:162.28ms
step:1594/4740 train_time:258833ms step_avg:162.38ms
step:1595/4740 train_time:259012ms step_avg:162.39ms
step:1596/4740 train_time:259331ms step_avg:162.49ms
step:1597/4740 train_time:259512ms step_avg:162.50ms
step:1598/4740 train_time:259830ms step_avg:162.60ms
step:1599/4740 train_time:260013ms step_avg:162.61ms
step:1600/4740 train_time:260331ms step_avg:162.71ms
step:1601/4740 train_time:260509ms step_avg:162.72ms
step:1602/4740 train_time:260827ms step_avg:162.81ms
step:1603/4740 train_time:261009ms step_avg:162.83ms
step:1604/4740 train_time:261327ms step_avg:162.92ms
step:1605/4740 train_time:261508ms step_avg:162.93ms
step:1606/4740 train_time:261823ms step_avg:163.03ms
step:1607/4740 train_time:262012ms step_avg:163.04ms
step:1608/4740 train_time:262333ms step_avg:163.14ms
step:1609/4740 train_time:262513ms step_avg:163.15ms
step:1610/4740 train_time:262831ms step_avg:163.25ms
step:1611/4740 train_time:263014ms step_avg:163.26ms
step:1612/4740 train_time:263329ms step_avg:163.36ms
step:1613/4740 train_time:263512ms step_avg:163.37ms
step:1614/4740 train_time:263832ms step_avg:163.46ms
step:1615/4740 train_time:264014ms step_avg:163.48ms
step:1616/4740 train_time:264334ms step_avg:163.57ms
step:1617/4740 train_time:264515ms step_avg:163.58ms
step:1618/4740 train_time:264831ms step_avg:163.68ms
step:1619/4740 train_time:265016ms step_avg:163.69ms
step:1620/4740 train_time:265335ms step_avg:163.79ms
step:1621/4740 train_time:265516ms step_avg:163.80ms
step:1622/4740 train_time:265836ms step_avg:163.89ms
step:1623/4740 train_time:266015ms step_avg:163.90ms
step:1624/4740 train_time:266333ms step_avg:164.00ms
step:1625/4740 train_time:266514ms step_avg:164.01ms
step:1626/4740 train_time:266834ms step_avg:164.10ms
step:1627/4740 train_time:267014ms step_avg:164.11ms
step:1628/4740 train_time:267332ms step_avg:164.21ms
step:1629/4740 train_time:267514ms step_avg:164.22ms
step:1630/4740 train_time:267833ms step_avg:164.31ms
step:1631/4740 train_time:268014ms step_avg:164.32ms
step:1632/4740 train_time:268336ms step_avg:164.42ms
step:1633/4740 train_time:268513ms step_avg:164.43ms
step:1634/4740 train_time:268834ms step_avg:164.52ms
step:1635/4740 train_time:269014ms step_avg:164.53ms
step:1636/4740 train_time:269334ms step_avg:164.63ms
step:1637/4740 train_time:269513ms step_avg:164.64ms
step:1638/4740 train_time:269832ms step_avg:164.73ms
step:1639/4740 train_time:270011ms step_avg:164.74ms
step:1640/4740 train_time:270328ms step_avg:164.83ms
step:1641/4740 train_time:270511ms step_avg:164.85ms
step:1642/4740 train_time:270831ms step_avg:164.94ms
step:1643/4740 train_time:271012ms step_avg:164.95ms
step:1644/4740 train_time:271331ms step_avg:165.04ms
step:1645/4740 train_time:271513ms step_avg:165.05ms
step:1646/4740 train_time:271833ms step_avg:165.15ms
step:1647/4740 train_time:272015ms step_avg:165.16ms
step:1648/4740 train_time:272334ms step_avg:165.25ms
step:1649/4740 train_time:272513ms step_avg:165.26ms
step:1650/4740 train_time:272830ms step_avg:165.35ms
step:1651/4740 train_time:273011ms step_avg:165.36ms
step:1652/4740 train_time:273329ms step_avg:165.45ms
step:1653/4740 train_time:273512ms step_avg:165.46ms
step:1654/4740 train_time:273829ms step_avg:165.56ms
step:1655/4740 train_time:274009ms step_avg:165.56ms
step:1656/4740 train_time:274327ms step_avg:165.66ms
step:1657/4740 train_time:274510ms step_avg:165.67ms
step:1658/4740 train_time:274830ms step_avg:165.76ms
step:1659/4740 train_time:275012ms step_avg:165.77ms
step:1660/4740 train_time:275333ms step_avg:165.86ms
step:1661/4740 train_time:275517ms step_avg:165.87ms
step:1662/4740 train_time:275834ms step_avg:165.96ms
step:1663/4740 train_time:276017ms step_avg:165.98ms
step:1664/4740 train_time:276335ms step_avg:166.07ms
step:1665/4740 train_time:276518ms step_avg:166.08ms
step:1666/4740 train_time:276838ms step_avg:166.17ms
step:1667/4740 train_time:277019ms step_avg:166.18ms
step:1668/4740 train_time:277340ms step_avg:166.27ms
step:1669/4740 train_time:277518ms step_avg:166.28ms
step:1670/4740 train_time:277837ms step_avg:166.37ms
step:1671/4740 train_time:278018ms step_avg:166.38ms
step:1672/4740 train_time:278340ms step_avg:166.47ms
step:1673/4740 train_time:278521ms step_avg:166.48ms
step:1674/4740 train_time:278839ms step_avg:166.57ms
step:1675/4740 train_time:279022ms step_avg:166.58ms
step:1676/4740 train_time:279342ms step_avg:166.67ms
step:1677/4740 train_time:279526ms step_avg:166.68ms
step:1678/4740 train_time:279843ms step_avg:166.77ms
step:1679/4740 train_time:280022ms step_avg:166.78ms
step:1680/4740 train_time:280347ms step_avg:166.87ms
step:1681/4740 train_time:280526ms step_avg:166.88ms
step:1682/4740 train_time:280847ms step_avg:166.97ms
step:1683/4740 train_time:281027ms step_avg:166.98ms
step:1684/4740 train_time:281350ms step_avg:167.07ms
step:1685/4740 train_time:281532ms step_avg:167.08ms
step:1686/4740 train_time:281853ms step_avg:167.17ms
step:1687/4740 train_time:282036ms step_avg:167.18ms
step:1688/4740 train_time:282354ms step_avg:167.27ms
step:1689/4740 train_time:282536ms step_avg:167.28ms
step:1690/4740 train_time:282854ms step_avg:167.37ms
step:1691/4740 train_time:283032ms step_avg:167.38ms
step:1692/4740 train_time:283351ms step_avg:167.46ms
step:1693/4740 train_time:283535ms step_avg:167.48ms
step:1694/4740 train_time:283853ms step_avg:167.56ms
step:1695/4740 train_time:284035ms step_avg:167.57ms
step:1696/4740 train_time:284355ms step_avg:167.66ms
step:1697/4740 train_time:284537ms step_avg:167.67ms
step:1698/4740 train_time:284855ms step_avg:167.76ms
step:1699/4740 train_time:285036ms step_avg:167.77ms
step:1700/4740 train_time:285354ms step_avg:167.86ms
step:1701/4740 train_time:285537ms step_avg:167.86ms
step:1702/4740 train_time:285855ms step_avg:167.95ms
step:1703/4740 train_time:286034ms step_avg:167.96ms
step:1704/4740 train_time:286353ms step_avg:168.05ms
step:1705/4740 train_time:286533ms step_avg:168.05ms
step:1706/4740 train_time:286852ms step_avg:168.14ms
step:1707/4740 train_time:287035ms step_avg:168.15ms
step:1708/4740 train_time:287352ms step_avg:168.24ms
step:1709/4740 train_time:287533ms step_avg:168.25ms
step:1710/4740 train_time:287852ms step_avg:168.33ms
step:1711/4740 train_time:288034ms step_avg:168.34ms
step:1712/4740 train_time:288355ms step_avg:168.43ms
step:1713/4740 train_time:288535ms step_avg:168.44ms
step:1714/4740 train_time:288855ms step_avg:168.53ms
step:1715/4740 train_time:289036ms step_avg:168.53ms
step:1716/4740 train_time:289356ms step_avg:168.62ms
step:1717/4740 train_time:289535ms step_avg:168.63ms
step:1718/4740 train_time:289854ms step_avg:168.72ms
step:1719/4740 train_time:290035ms step_avg:168.72ms
step:1720/4740 train_time:290356ms step_avg:168.81ms
step:1721/4740 train_time:290534ms step_avg:168.82ms
step:1722/4740 train_time:290855ms step_avg:168.91ms
step:1723/4740 train_time:291036ms step_avg:168.91ms
step:1724/4740 train_time:291355ms step_avg:169.00ms
step:1725/4740 train_time:291536ms step_avg:169.01ms
step:1726/4740 train_time:291856ms step_avg:169.09ms
step:1727/4740 train_time:292039ms step_avg:169.10ms
step:1728/4740 train_time:292357ms step_avg:169.19ms
step:1729/4740 train_time:292538ms step_avg:169.19ms
step:1730/4740 train_time:292858ms step_avg:169.28ms
step:1731/4740 train_time:293039ms step_avg:169.29ms
step:1732/4740 train_time:293359ms step_avg:169.38ms
step:1733/4740 train_time:293535ms step_avg:169.38ms
step:1734/4740 train_time:293855ms step_avg:169.47ms
step:1735/4740 train_time:294035ms step_avg:169.47ms
step:1736/4740 train_time:294356ms step_avg:169.56ms
step:1737/4740 train_time:294536ms step_avg:169.57ms
step:1738/4740 train_time:294854ms step_avg:169.65ms
step:1739/4740 train_time:295035ms step_avg:169.66ms
step:1740/4740 train_time:295354ms step_avg:169.74ms
step:1741/4740 train_time:295533ms step_avg:169.75ms
step:1742/4740 train_time:295852ms step_avg:169.83ms
step:1743/4740 train_time:296033ms step_avg:169.84ms
step:1744/4740 train_time:296355ms step_avg:169.93ms
step:1745/4740 train_time:296533ms step_avg:169.93ms
step:1746/4740 train_time:296851ms step_avg:170.02ms
step:1747/4740 train_time:297033ms step_avg:170.02ms
step:1748/4740 train_time:297354ms step_avg:170.11ms
step:1749/4740 train_time:297534ms step_avg:170.12ms
step:1750/4740 train_time:297853ms step_avg:170.20ms
step:1750/4740 val_loss:3.2612 train_time:297979ms step_avg:170.27ms
step:1751/4740 train_time:298035ms step_avg:170.21ms
step:1752/4740 train_time:298360ms step_avg:170.30ms
step:1753/4740 train_time:298546ms step_avg:170.31ms
step:1754/4740 train_time:298862ms step_avg:170.39ms
step:1755/4740 train_time:299044ms step_avg:170.40ms
step:1756/4740 train_time:299365ms step_avg:170.48ms
step:1757/4740 train_time:299551ms step_avg:170.49ms
step:1758/4740 train_time:299866ms step_avg:170.57ms
step:1759/4740 train_time:300048ms step_avg:170.58ms
step:1760/4740 train_time:300369ms step_avg:170.66ms
step:1761/4740 train_time:300552ms step_avg:170.67ms
step:1762/4740 train_time:300873ms step_avg:170.76ms
step:1763/4740 train_time:301051ms step_avg:170.76ms
step:1764/4740 train_time:301376ms step_avg:170.85ms
step:1765/4740 train_time:301556ms step_avg:170.85ms
step:1766/4740 train_time:301877ms step_avg:170.94ms
step:1767/4740 train_time:302054ms step_avg:170.94ms
step:1768/4740 train_time:302377ms step_avg:171.03ms
step:1769/4740 train_time:302556ms step_avg:171.03ms
step:1770/4740 train_time:302877ms step_avg:171.12ms
step:1771/4740 train_time:303055ms step_avg:171.12ms
step:1772/4740 train_time:303377ms step_avg:171.21ms
step:1773/4740 train_time:303558ms step_avg:171.21ms
step:1774/4740 train_time:303880ms step_avg:171.30ms
step:1775/4740 train_time:304058ms step_avg:171.30ms
step:1776/4740 train_time:304380ms step_avg:171.39ms
step:1777/4740 train_time:304558ms step_avg:171.39ms
step:1778/4740 train_time:304878ms step_avg:171.47ms
step:1779/4740 train_time:305061ms step_avg:171.48ms
step:1780/4740 train_time:305383ms step_avg:171.56ms
step:1781/4740 train_time:305558ms step_avg:171.57ms
step:1782/4740 train_time:305880ms step_avg:171.65ms
step:1783/4740 train_time:306058ms step_avg:171.65ms
step:1784/4740 train_time:306381ms step_avg:171.74ms
step:1785/4740 train_time:306558ms step_avg:171.74ms
step:1786/4740 train_time:306879ms step_avg:171.82ms
step:1787/4740 train_time:307056ms step_avg:171.83ms
step:1788/4740 train_time:307378ms step_avg:171.91ms
step:1789/4740 train_time:307557ms step_avg:171.92ms
step:1790/4740 train_time:307879ms step_avg:172.00ms
step:1791/4740 train_time:308059ms step_avg:172.00ms
step:1792/4740 train_time:308379ms step_avg:172.09ms
step:1793/4740 train_time:308558ms step_avg:172.09ms
step:1794/4740 train_time:308881ms step_avg:172.17ms
step:1795/4740 train_time:309058ms step_avg:172.18ms
step:1796/4740 train_time:309380ms step_avg:172.26ms
step:1797/4740 train_time:309555ms step_avg:172.26ms
step:1798/4740 train_time:309879ms step_avg:172.35ms
step:1799/4740 train_time:310056ms step_avg:172.35ms
step:1800/4740 train_time:310375ms step_avg:172.43ms
step:1801/4740 train_time:310556ms step_avg:172.44ms
step:1802/4740 train_time:310878ms step_avg:172.52ms
step:1803/4740 train_time:311061ms step_avg:172.52ms
step:1804/4740 train_time:311379ms step_avg:172.60ms
step:1805/4740 train_time:311559ms step_avg:172.61ms
step:1806/4740 train_time:311882ms step_avg:172.69ms
step:1807/4740 train_time:312061ms step_avg:172.70ms
step:1808/4740 train_time:312382ms step_avg:172.78ms
step:1809/4740 train_time:312561ms step_avg:172.78ms
step:1810/4740 train_time:312881ms step_avg:172.86ms
step:1811/4740 train_time:313061ms step_avg:172.87ms
step:1812/4740 train_time:313381ms step_avg:172.95ms
step:1813/4740 train_time:313560ms step_avg:172.95ms
step:1814/4740 train_time:313883ms step_avg:173.03ms
step:1815/4740 train_time:314060ms step_avg:173.04ms
step:1816/4740 train_time:314382ms step_avg:173.12ms
step:1817/4740 train_time:314563ms step_avg:173.12ms
step:1818/4740 train_time:314887ms step_avg:173.21ms
step:1819/4740 train_time:315063ms step_avg:173.21ms
step:1820/4740 train_time:315382ms step_avg:173.29ms
step:1821/4740 train_time:315560ms step_avg:173.29ms
step:1822/4740 train_time:315884ms step_avg:173.37ms
step:1823/4740 train_time:316063ms step_avg:173.37ms
step:1824/4740 train_time:316381ms step_avg:173.45ms
step:1825/4740 train_time:316560ms step_avg:173.46ms
step:1826/4740 train_time:316883ms step_avg:173.54ms
step:1827/4740 train_time:317061ms step_avg:173.54ms
step:1828/4740 train_time:317381ms step_avg:173.62ms
step:1829/4740 train_time:317558ms step_avg:173.62ms
step:1830/4740 train_time:317881ms step_avg:173.71ms
step:1831/4740 train_time:318059ms step_avg:173.71ms
step:1832/4740 train_time:318381ms step_avg:173.79ms
step:1833/4740 train_time:318558ms step_avg:173.79ms
step:1834/4740 train_time:318877ms step_avg:173.87ms
step:1835/4740 train_time:319055ms step_avg:173.87ms
step:1836/4740 train_time:319376ms step_avg:173.95ms
step:1837/4740 train_time:319558ms step_avg:173.96ms
step:1838/4740 train_time:319874ms step_avg:174.03ms
step:1839/4740 train_time:320059ms step_avg:174.04ms
step:1840/4740 train_time:320382ms step_avg:174.12ms
step:1841/4740 train_time:320558ms step_avg:174.12ms
step:1842/4740 train_time:320878ms step_avg:174.20ms
step:1843/4740 train_time:321061ms step_avg:174.21ms
step:1844/4740 train_time:321382ms step_avg:174.29ms
step:1845/4740 train_time:321558ms step_avg:174.29ms
step:1846/4740 train_time:321879ms step_avg:174.37ms
step:1847/4740 train_time:322062ms step_avg:174.37ms
step:1848/4740 train_time:322383ms step_avg:174.45ms
step:1849/4740 train_time:322560ms step_avg:174.45ms
step:1850/4740 train_time:322880ms step_avg:174.53ms
step:1851/4740 train_time:323058ms step_avg:174.53ms
step:1852/4740 train_time:323381ms step_avg:174.61ms
step:1853/4740 train_time:323558ms step_avg:174.61ms
step:1854/4740 train_time:323880ms step_avg:174.69ms
step:1855/4740 train_time:324059ms step_avg:174.69ms
step:1856/4740 train_time:324381ms step_avg:174.77ms
step:1857/4740 train_time:324556ms step_avg:174.77ms
step:1858/4740 train_time:324877ms step_avg:174.85ms
step:1859/4740 train_time:325060ms step_avg:174.86ms
step:1860/4740 train_time:325376ms step_avg:174.93ms
step:1861/4740 train_time:325556ms step_avg:174.94ms
step:1862/4740 train_time:325879ms step_avg:175.02ms
step:1863/4740 train_time:326056ms step_avg:175.02ms
step:1864/4740 train_time:326377ms step_avg:175.10ms
step:1865/4740 train_time:326557ms step_avg:175.10ms
step:1866/4740 train_time:326877ms step_avg:175.18ms
step:1867/4740 train_time:327056ms step_avg:175.18ms
step:1868/4740 train_time:327374ms step_avg:175.25ms
step:1869/4740 train_time:327554ms step_avg:175.26ms
step:1870/4740 train_time:327872ms step_avg:175.33ms
step:1871/4740 train_time:328053ms step_avg:175.34ms
step:1872/4740 train_time:328375ms step_avg:175.41ms
step:1873/4740 train_time:328556ms step_avg:175.42ms
step:1874/4740 train_time:328868ms step_avg:175.49ms
step:1875/4740 train_time:329053ms step_avg:175.50ms
step:1876/4740 train_time:329377ms step_avg:175.57ms
step:1877/4740 train_time:329558ms step_avg:175.58ms
step:1878/4740 train_time:329879ms step_avg:175.65ms
step:1879/4740 train_time:330057ms step_avg:175.66ms
step:1880/4740 train_time:330377ms step_avg:175.73ms
step:1881/4740 train_time:330559ms step_avg:175.74ms
step:1882/4740 train_time:330878ms step_avg:175.81ms
step:1883/4740 train_time:331055ms step_avg:175.81ms
step:1884/4740 train_time:331377ms step_avg:175.89ms
step:1885/4740 train_time:331557ms step_avg:175.89ms
step:1886/4740 train_time:331878ms step_avg:175.97ms
step:1887/4740 train_time:332061ms step_avg:175.97ms
step:1888/4740 train_time:332380ms step_avg:176.05ms
step:1889/4740 train_time:332560ms step_avg:176.05ms
step:1890/4740 train_time:332880ms step_avg:176.13ms
step:1891/4740 train_time:333058ms step_avg:176.13ms
step:1892/4740 train_time:333381ms step_avg:176.21ms
step:1893/4740 train_time:333560ms step_avg:176.21ms
step:1894/4740 train_time:333879ms step_avg:176.28ms
step:1895/4740 train_time:334060ms step_avg:176.28ms
step:1896/4740 train_time:334382ms step_avg:176.36ms
step:1897/4740 train_time:334561ms step_avg:176.36ms
step:1898/4740 train_time:334881ms step_avg:176.44ms
step:1899/4740 train_time:335060ms step_avg:176.44ms
step:1900/4740 train_time:335380ms step_avg:176.52ms
step:1901/4740 train_time:335561ms step_avg:176.52ms
step:1902/4740 train_time:335882ms step_avg:176.59ms
step:1903/4740 train_time:336059ms step_avg:176.59ms
step:1904/4740 train_time:336380ms step_avg:176.67ms
step:1905/4740 train_time:336558ms step_avg:176.67ms
step:1906/4740 train_time:336879ms step_avg:176.75ms
step:1907/4740 train_time:337060ms step_avg:176.75ms
step:1908/4740 train_time:337381ms step_avg:176.82ms
step:1909/4740 train_time:337562ms step_avg:176.83ms
step:1910/4740 train_time:337885ms step_avg:176.90ms
step:1911/4740 train_time:338069ms step_avg:176.91ms
step:1912/4740 train_time:338390ms step_avg:176.98ms
step:1913/4740 train_time:338573ms step_avg:176.99ms
step:1914/4740 train_time:338889ms step_avg:177.06ms
step:1915/4740 train_time:339070ms step_avg:177.06ms
step:1916/4740 train_time:339389ms step_avg:177.13ms
step:1917/4740 train_time:339569ms step_avg:177.14ms
step:1918/4740 train_time:339887ms step_avg:177.21ms
step:1919/4740 train_time:340065ms step_avg:177.21ms
step:1920/4740 train_time:340385ms step_avg:177.28ms
step:1921/4740 train_time:340571ms step_avg:177.29ms
step:1922/4740 train_time:340888ms step_avg:177.36ms
step:1923/4740 train_time:341071ms step_avg:177.36ms
step:1924/4740 train_time:341394ms step_avg:177.44ms
step:1925/4740 train_time:341578ms step_avg:177.44ms
step:1926/4740 train_time:341897ms step_avg:177.52ms
step:1927/4740 train_time:342078ms step_avg:177.52ms
step:1928/4740 train_time:342397ms step_avg:177.59ms
step:1929/4740 train_time:342579ms step_avg:177.59ms
step:1930/4740 train_time:342896ms step_avg:177.67ms
step:1931/4740 train_time:343077ms step_avg:177.67ms
step:1932/4740 train_time:343397ms step_avg:177.74ms
step:1933/4740 train_time:343577ms step_avg:177.74ms
step:1934/4740 train_time:343898ms step_avg:177.82ms
step:1935/4740 train_time:344077ms step_avg:177.82ms
step:1936/4740 train_time:344395ms step_avg:177.89ms
step:1937/4740 train_time:344575ms step_avg:177.89ms
step:1938/4740 train_time:344896ms step_avg:177.96ms
step:1939/4740 train_time:345076ms step_avg:177.97ms
step:1940/4740 train_time:345390ms step_avg:178.04ms
step:1941/4740 train_time:345573ms step_avg:178.04ms
step:1942/4740 train_time:345896ms step_avg:178.11ms
step:1943/4740 train_time:346078ms step_avg:178.12ms
step:1944/4740 train_time:346393ms step_avg:178.19ms
step:1945/4740 train_time:346573ms step_avg:178.19ms
step:1946/4740 train_time:346896ms step_avg:178.26ms
step:1947/4740 train_time:347076ms step_avg:178.26ms
step:1948/4740 train_time:347396ms step_avg:178.33ms
step:1949/4740 train_time:347576ms step_avg:178.34ms
step:1950/4740 train_time:347898ms step_avg:178.41ms
step:1951/4740 train_time:348080ms step_avg:178.41ms
step:1952/4740 train_time:348400ms step_avg:178.48ms
step:1953/4740 train_time:348579ms step_avg:178.48ms
step:1954/4740 train_time:348898ms step_avg:178.56ms
step:1955/4740 train_time:349085ms step_avg:178.56ms
step:1956/4740 train_time:349403ms step_avg:178.63ms
step:1957/4740 train_time:349581ms step_avg:178.63ms
step:1958/4740 train_time:349900ms step_avg:178.70ms
step:1959/4740 train_time:350080ms step_avg:178.70ms
step:1960/4740 train_time:350402ms step_avg:178.78ms
step:1961/4740 train_time:350580ms step_avg:178.78ms
step:1962/4740 train_time:350903ms step_avg:178.85ms
step:1963/4740 train_time:351081ms step_avg:178.85ms
step:1964/4740 train_time:351404ms step_avg:178.92ms
step:1965/4740 train_time:351585ms step_avg:178.92ms
step:1966/4740 train_time:351902ms step_avg:178.99ms
step:1967/4740 train_time:352085ms step_avg:179.00ms
step:1968/4740 train_time:352406ms step_avg:179.07ms
step:1969/4740 train_time:352588ms step_avg:179.07ms
step:1970/4740 train_time:352907ms step_avg:179.14ms
step:1971/4740 train_time:353087ms step_avg:179.14ms
step:1972/4740 train_time:353407ms step_avg:179.21ms
step:1973/4740 train_time:353590ms step_avg:179.21ms
step:1974/4740 train_time:353905ms step_avg:179.28ms
step:1975/4740 train_time:354087ms step_avg:179.28ms
step:1976/4740 train_time:354406ms step_avg:179.36ms
step:1977/4740 train_time:354588ms step_avg:179.36ms
step:1978/4740 train_time:354909ms step_avg:179.43ms
step:1979/4740 train_time:355090ms step_avg:179.43ms
step:1980/4740 train_time:355408ms step_avg:179.50ms
step:1981/4740 train_time:355593ms step_avg:179.50ms
step:1982/4740 train_time:355916ms step_avg:179.57ms
step:1983/4740 train_time:356097ms step_avg:179.57ms
step:1984/4740 train_time:356417ms step_avg:179.65ms
step:1985/4740 train_time:356601ms step_avg:179.65ms
step:1986/4740 train_time:356921ms step_avg:179.72ms
step:1987/4740 train_time:357103ms step_avg:179.72ms
step:1988/4740 train_time:357426ms step_avg:179.79ms
step:1989/4740 train_time:357609ms step_avg:179.79ms
step:1990/4740 train_time:357926ms step_avg:179.86ms
step:1991/4740 train_time:358110ms step_avg:179.86ms
step:1992/4740 train_time:358429ms step_avg:179.93ms
step:1993/4740 train_time:358611ms step_avg:179.94ms
step:1994/4740 train_time:358933ms step_avg:180.01ms
step:1995/4740 train_time:359113ms step_avg:180.01ms
step:1996/4740 train_time:359435ms step_avg:180.08ms
step:1997/4740 train_time:359618ms step_avg:180.08ms
step:1998/4740 train_time:359937ms step_avg:180.15ms
step:1999/4740 train_time:360119ms step_avg:180.15ms
step:2000/4740 train_time:360439ms step_avg:180.22ms
step:2000/4740 val_loss:3.2138 train_time:360568ms step_avg:180.28ms
step:2001/4740 train_time:360624ms step_avg:180.22ms
step:2002/4740 train_time:360946ms step_avg:180.29ms
step:2003/4740 train_time:361131ms step_avg:180.30ms
step:2004/4740 train_time:361447ms step_avg:180.36ms
step:2005/4740 train_time:361627ms step_avg:180.36ms
step:2006/4740 train_time:361952ms step_avg:180.43ms
step:2007/4740 train_time:362135ms step_avg:180.44ms
step:2008/4740 train_time:362453ms step_avg:180.50ms
step:2009/4740 train_time:362633ms step_avg:180.50ms
step:2010/4740 train_time:362959ms step_avg:180.58ms
step:2011/4740 train_time:363137ms step_avg:180.58ms
step:2012/4740 train_time:363458ms step_avg:180.65ms
step:2013/4740 train_time:363638ms step_avg:180.64ms
step:2014/4740 train_time:363957ms step_avg:180.71ms
step:2015/4740 train_time:364140ms step_avg:180.71ms
step:2016/4740 train_time:364459ms step_avg:180.78ms
step:2017/4740 train_time:364644ms step_avg:180.79ms
step:2018/4740 train_time:364961ms step_avg:180.85ms
step:2019/4740 train_time:365142ms step_avg:180.85ms
step:2020/4740 train_time:365461ms step_avg:180.92ms
step:2021/4740 train_time:365642ms step_avg:180.92ms
step:2022/4740 train_time:365961ms step_avg:180.99ms
step:2023/4740 train_time:366143ms step_avg:180.99ms
step:2024/4740 train_time:366462ms step_avg:181.06ms
step:2025/4740 train_time:366642ms step_avg:181.06ms
step:2026/4740 train_time:366962ms step_avg:181.13ms
step:2027/4740 train_time:367144ms step_avg:181.13ms
step:2028/4740 train_time:367464ms step_avg:181.20ms
step:2029/4740 train_time:367645ms step_avg:181.20ms
step:2030/4740 train_time:367966ms step_avg:181.26ms
step:2031/4740 train_time:368146ms step_avg:181.26ms
step:2032/4740 train_time:368466ms step_avg:181.33ms
step:2033/4740 train_time:368645ms step_avg:181.33ms
step:2034/4740 train_time:368966ms step_avg:181.40ms
step:2035/4740 train_time:369149ms step_avg:181.40ms
step:2036/4740 train_time:369468ms step_avg:181.47ms
step:2037/4740 train_time:369648ms step_avg:181.47ms
step:2038/4740 train_time:369973ms step_avg:181.54ms
step:2039/4740 train_time:370154ms step_avg:181.54ms
step:2040/4740 train_time:370476ms step_avg:181.61ms
step:2041/4740 train_time:370656ms step_avg:181.60ms
step:2042/4740 train_time:370978ms step_avg:181.67ms
step:2043/4740 train_time:371159ms step_avg:181.67ms
step:2044/4740 train_time:371477ms step_avg:181.74ms
step:2045/4740 train_time:371656ms step_avg:181.74ms
step:2046/4740 train_time:371979ms step_avg:181.81ms
step:2047/4740 train_time:372162ms step_avg:181.81ms
step:2048/4740 train_time:372479ms step_avg:181.87ms
step:2049/4740 train_time:372660ms step_avg:181.87ms
step:2050/4740 train_time:372983ms step_avg:181.94ms
step:2051/4740 train_time:373167ms step_avg:181.94ms
step:2052/4740 train_time:373489ms step_avg:182.01ms
step:2053/4740 train_time:373670ms step_avg:182.01ms
step:2054/4740 train_time:373993ms step_avg:182.08ms
step:2055/4740 train_time:374173ms step_avg:182.08ms
step:2056/4740 train_time:374494ms step_avg:182.15ms
step:2057/4740 train_time:374676ms step_avg:182.15ms
step:2058/4740 train_time:375000ms step_avg:182.22ms
step:2059/4740 train_time:375186ms step_avg:182.22ms
step:2060/4740 train_time:375505ms step_avg:182.28ms
step:2061/4740 train_time:375683ms step_avg:182.28ms
step:2062/4740 train_time:376005ms step_avg:182.35ms
step:2063/4740 train_time:376185ms step_avg:182.35ms
step:2064/4740 train_time:376506ms step_avg:182.42ms
step:2065/4740 train_time:376692ms step_avg:182.42ms
step:2066/4740 train_time:377012ms step_avg:182.48ms
step:2067/4740 train_time:377192ms step_avg:182.48ms
step:2068/4740 train_time:377514ms step_avg:182.55ms
step:2069/4740 train_time:377696ms step_avg:182.55ms
step:2070/4740 train_time:378010ms step_avg:182.61ms
step:2071/4740 train_time:378193ms step_avg:182.61ms
step:2072/4740 train_time:378514ms step_avg:182.68ms
step:2073/4740 train_time:378699ms step_avg:182.68ms
step:2074/4740 train_time:379020ms step_avg:182.75ms
step:2075/4740 train_time:379205ms step_avg:182.75ms
step:2076/4740 train_time:379525ms step_avg:182.82ms
step:2077/4740 train_time:379710ms step_avg:182.82ms
step:2078/4740 train_time:380027ms step_avg:182.88ms
step:2079/4740 train_time:380210ms step_avg:182.88ms
step:2080/4740 train_time:380529ms step_avg:182.95ms
step:2081/4740 train_time:380709ms step_avg:182.95ms
step:2082/4740 train_time:381028ms step_avg:183.01ms
step:2083/4740 train_time:381209ms step_avg:183.01ms
step:2084/4740 train_time:381529ms step_avg:183.08ms
step:2085/4740 train_time:381709ms step_avg:183.07ms
step:2086/4740 train_time:382031ms step_avg:183.14ms
step:2087/4740 train_time:382210ms step_avg:183.14ms
step:2088/4740 train_time:382530ms step_avg:183.20ms
step:2089/4740 train_time:382713ms step_avg:183.20ms
step:2090/4740 train_time:383034ms step_avg:183.27ms
step:2091/4740 train_time:383216ms step_avg:183.27ms
step:2092/4740 train_time:383530ms step_avg:183.33ms
step:2093/4740 train_time:383716ms step_avg:183.33ms
step:2094/4740 train_time:384039ms step_avg:183.40ms
step:2095/4740 train_time:384221ms step_avg:183.40ms
step:2096/4740 train_time:384543ms step_avg:183.46ms
step:2097/4740 train_time:384722ms step_avg:183.46ms
step:2098/4740 train_time:385043ms step_avg:183.53ms
step:2099/4740 train_time:385227ms step_avg:183.53ms
step:2100/4740 train_time:385546ms step_avg:183.59ms
step:2101/4740 train_time:385727ms step_avg:183.59ms
step:2102/4740 train_time:386048ms step_avg:183.66ms
step:2103/4740 train_time:386229ms step_avg:183.66ms
step:2104/4740 train_time:386554ms step_avg:183.72ms
step:2105/4740 train_time:386731ms step_avg:183.72ms
step:2106/4740 train_time:387050ms step_avg:183.78ms
step:2107/4740 train_time:387236ms step_avg:183.79ms
step:2108/4740 train_time:387558ms step_avg:183.85ms
step:2109/4740 train_time:387739ms step_avg:183.85ms
step:2110/4740 train_time:388061ms step_avg:183.92ms
step:2111/4740 train_time:388239ms step_avg:183.91ms
step:2112/4740 train_time:388563ms step_avg:183.98ms
step:2113/4740 train_time:388741ms step_avg:183.98ms
step:2114/4740 train_time:389060ms step_avg:184.04ms
step:2115/4740 train_time:389245ms step_avg:184.04ms
step:2116/4740 train_time:389562ms step_avg:184.10ms
step:2117/4740 train_time:389744ms step_avg:184.10ms
step:2118/4740 train_time:390063ms step_avg:184.17ms
step:2119/4740 train_time:390245ms step_avg:184.16ms
step:2120/4740 train_time:390567ms step_avg:184.23ms
step:2121/4740 train_time:390746ms step_avg:184.23ms
step:2122/4740 train_time:391067ms step_avg:184.29ms
step:2123/4740 train_time:391249ms step_avg:184.29ms
step:2124/4740 train_time:391569ms step_avg:184.35ms
step:2125/4740 train_time:391753ms step_avg:184.35ms
step:2126/4740 train_time:392072ms step_avg:184.42ms
step:2127/4740 train_time:392254ms step_avg:184.42ms
step:2128/4740 train_time:392573ms step_avg:184.48ms
step:2129/4740 train_time:392755ms step_avg:184.48ms
step:2130/4740 train_time:393072ms step_avg:184.54ms
step:2131/4740 train_time:393255ms step_avg:184.54ms
step:2132/4740 train_time:393573ms step_avg:184.60ms
step:2133/4740 train_time:393756ms step_avg:184.60ms
step:2134/4740 train_time:394073ms step_avg:184.66ms
step:2135/4740 train_time:394257ms step_avg:184.66ms
step:2136/4740 train_time:394580ms step_avg:184.73ms
step:2137/4740 train_time:394761ms step_avg:184.73ms
step:2138/4740 train_time:395080ms step_avg:184.79ms
step:2139/4740 train_time:395263ms step_avg:184.79ms
step:2140/4740 train_time:395584ms step_avg:184.85ms
step:2141/4740 train_time:395763ms step_avg:184.85ms
step:2142/4740 train_time:396085ms step_avg:184.91ms
step:2143/4740 train_time:396262ms step_avg:184.91ms
step:2144/4740 train_time:396584ms step_avg:184.97ms
step:2145/4740 train_time:396764ms step_avg:184.97ms
step:2146/4740 train_time:397084ms step_avg:185.03ms
step:2147/4740 train_time:397265ms step_avg:185.03ms
step:2148/4740 train_time:397587ms step_avg:185.10ms
step:2149/4740 train_time:397764ms step_avg:185.09ms
step:2150/4740 train_time:398087ms step_avg:185.16ms
step:2151/4740 train_time:398265ms step_avg:185.15ms
step:2152/4740 train_time:398585ms step_avg:185.22ms
step:2153/4740 train_time:398766ms step_avg:185.21ms
step:2154/4740 train_time:399091ms step_avg:185.28ms
step:2155/4740 train_time:399269ms step_avg:185.28ms
step:2156/4740 train_time:399589ms step_avg:185.34ms
step:2157/4740 train_time:399769ms step_avg:185.34ms
step:2158/4740 train_time:400089ms step_avg:185.40ms
step:2159/4740 train_time:400269ms step_avg:185.40ms
step:2160/4740 train_time:400592ms step_avg:185.46ms
step:2161/4740 train_time:400773ms step_avg:185.46ms
step:2162/4740 train_time:401094ms step_avg:185.52ms
step:2163/4740 train_time:401277ms step_avg:185.52ms
step:2164/4740 train_time:401599ms step_avg:185.58ms
step:2165/4740 train_time:401778ms step_avg:185.58ms
step:2166/4740 train_time:402099ms step_avg:185.64ms
step:2167/4740 train_time:402282ms step_avg:185.64ms
step:2168/4740 train_time:402602ms step_avg:185.70ms
step:2169/4740 train_time:402783ms step_avg:185.70ms
step:2170/4740 train_time:403103ms step_avg:185.76ms
step:2171/4740 train_time:403283ms step_avg:185.76ms
step:2172/4740 train_time:403602ms step_avg:185.82ms
step:2173/4740 train_time:403782ms step_avg:185.82ms
step:2174/4740 train_time:404102ms step_avg:185.88ms
step:2175/4740 train_time:404286ms step_avg:185.88ms
step:2176/4740 train_time:404605ms step_avg:185.94ms
step:2177/4740 train_time:404787ms step_avg:185.94ms
step:2178/4740 train_time:405109ms step_avg:186.00ms
step:2179/4740 train_time:405288ms step_avg:186.00ms
step:2180/4740 train_time:405610ms step_avg:186.06ms
step:2181/4740 train_time:405789ms step_avg:186.06ms
step:2182/4740 train_time:406111ms step_avg:186.12ms
step:2183/4740 train_time:406289ms step_avg:186.12ms
step:2184/4740 train_time:406612ms step_avg:186.18ms
step:2185/4740 train_time:406792ms step_avg:186.17ms
step:2186/4740 train_time:407114ms step_avg:186.24ms
step:2187/4740 train_time:407295ms step_avg:186.23ms
step:2188/4740 train_time:407614ms step_avg:186.30ms
step:2189/4740 train_time:407797ms step_avg:186.29ms
step:2190/4740 train_time:408114ms step_avg:186.35ms
step:2191/4740 train_time:408298ms step_avg:186.35ms
step:2192/4740 train_time:408616ms step_avg:186.41ms
step:2193/4740 train_time:408800ms step_avg:186.41ms
step:2194/4740 train_time:409122ms step_avg:186.47ms
step:2195/4740 train_time:409303ms step_avg:186.47ms
step:2196/4740 train_time:409623ms step_avg:186.53ms
step:2197/4740 train_time:409805ms step_avg:186.53ms
step:2198/4740 train_time:410127ms step_avg:186.59ms
step:2199/4740 train_time:410307ms step_avg:186.59ms
step:2200/4740 train_time:410625ms step_avg:186.65ms
step:2201/4740 train_time:410810ms step_avg:186.65ms
step:2202/4740 train_time:411131ms step_avg:186.71ms
step:2203/4740 train_time:411312ms step_avg:186.71ms
step:2204/4740 train_time:411632ms step_avg:186.77ms
step:2205/4740 train_time:411816ms step_avg:186.76ms
step:2206/4740 train_time:412138ms step_avg:186.83ms
step:2207/4740 train_time:412318ms step_avg:186.82ms
step:2208/4740 train_time:412635ms step_avg:186.88ms
step:2209/4740 train_time:412818ms step_avg:186.88ms
step:2210/4740 train_time:413135ms step_avg:186.94ms
step:2211/4740 train_time:413319ms step_avg:186.94ms
step:2212/4740 train_time:413642ms step_avg:187.00ms
step:2213/4740 train_time:413819ms step_avg:186.99ms
step:2214/4740 train_time:414139ms step_avg:187.05ms
step:2215/4740 train_time:414322ms step_avg:187.05ms
step:2216/4740 train_time:414639ms step_avg:187.11ms
step:2217/4740 train_time:414820ms step_avg:187.11ms
step:2218/4740 train_time:415142ms step_avg:187.17ms
step:2219/4740 train_time:415324ms step_avg:187.17ms
step:2220/4740 train_time:415647ms step_avg:187.23ms
step:2221/4740 train_time:415828ms step_avg:187.23ms
step:2222/4740 train_time:416151ms step_avg:187.29ms
step:2223/4740 train_time:416329ms step_avg:187.28ms
step:2224/4740 train_time:416651ms step_avg:187.34ms
step:2225/4740 train_time:416828ms step_avg:187.34ms
step:2226/4740 train_time:417150ms step_avg:187.40ms
step:2227/4740 train_time:417331ms step_avg:187.40ms
step:2228/4740 train_time:417655ms step_avg:187.46ms
step:2229/4740 train_time:417834ms step_avg:187.45ms
step:2230/4740 train_time:418152ms step_avg:187.51ms
step:2231/4740 train_time:418333ms step_avg:187.51ms
step:2232/4740 train_time:418655ms step_avg:187.57ms
step:2233/4740 train_time:418833ms step_avg:187.57ms
step:2234/4740 train_time:419152ms step_avg:187.62ms
step:2235/4740 train_time:419336ms step_avg:187.62ms
step:2236/4740 train_time:419651ms step_avg:187.68ms
step:2237/4740 train_time:419835ms step_avg:187.68ms
step:2238/4740 train_time:420154ms step_avg:187.74ms
step:2239/4740 train_time:420339ms step_avg:187.74ms
step:2240/4740 train_time:420656ms step_avg:187.79ms
step:2241/4740 train_time:420840ms step_avg:187.79ms
step:2242/4740 train_time:421160ms step_avg:187.85ms
step:2243/4740 train_time:421341ms step_avg:187.85ms
step:2244/4740 train_time:421661ms step_avg:187.91ms
step:2245/4740 train_time:421841ms step_avg:187.90ms
step:2246/4740 train_time:422161ms step_avg:187.96ms
step:2247/4740 train_time:422342ms step_avg:187.96ms
step:2248/4740 train_time:422661ms step_avg:188.02ms
step:2249/4740 train_time:422842ms step_avg:188.01ms
step:2250/4740 train_time:423163ms step_avg:188.07ms
step:2250/4740 val_loss:3.1738 train_time:423291ms step_avg:188.13ms
step:2251/4740 train_time:423346ms step_avg:188.07ms
step:2252/4740 train_time:423670ms step_avg:188.13ms
step:2253/4740 train_time:423852ms step_avg:188.13ms
step:2254/4740 train_time:424170ms step_avg:188.19ms
step:2255/4740 train_time:424353ms step_avg:188.18ms
step:2256/4740 train_time:424674ms step_avg:188.24ms
step:2257/4740 train_time:424853ms step_avg:188.24ms
step:2258/4740 train_time:425175ms step_avg:188.30ms
step:2259/4740 train_time:425354ms step_avg:188.29ms
step:2260/4740 train_time:425677ms step_avg:188.35ms
step:2261/4740 train_time:425858ms step_avg:188.35ms
step:2262/4740 train_time:426181ms step_avg:188.41ms
step:2263/4740 train_time:426360ms step_avg:188.40ms
step:2264/4740 train_time:426682ms step_avg:188.46ms
step:2265/4740 train_time:426861ms step_avg:188.46ms
step:2266/4740 train_time:427181ms step_avg:188.52ms
step:2267/4740 train_time:427364ms step_avg:188.52ms
step:2268/4740 train_time:427684ms step_avg:188.57ms
step:2269/4740 train_time:427869ms step_avg:188.57ms
step:2270/4740 train_time:428185ms step_avg:188.63ms
step:2271/4740 train_time:428370ms step_avg:188.63ms
step:2272/4740 train_time:428692ms step_avg:188.68ms
step:2273/4740 train_time:428871ms step_avg:188.68ms
step:2274/4740 train_time:429188ms step_avg:188.74ms
step:2275/4740 train_time:429370ms step_avg:188.73ms
step:2276/4740 train_time:429693ms step_avg:188.79ms
step:2277/4740 train_time:429875ms step_avg:188.79ms
step:2278/4740 train_time:430193ms step_avg:188.85ms
step:2279/4740 train_time:430372ms step_avg:188.84ms
step:2280/4740 train_time:430692ms step_avg:188.90ms
step:2281/4740 train_time:430878ms step_avg:188.90ms
step:2282/4740 train_time:431197ms step_avg:188.96ms
step:2283/4740 train_time:431378ms step_avg:188.95ms
step:2284/4740 train_time:431699ms step_avg:189.01ms
step:2285/4740 train_time:431880ms step_avg:189.01ms
step:2286/4740 train_time:432202ms step_avg:189.06ms
step:2287/4740 train_time:432384ms step_avg:189.06ms
step:2288/4740 train_time:432703ms step_avg:189.12ms
step:2289/4740 train_time:432888ms step_avg:189.12ms
step:2290/4740 train_time:433210ms step_avg:189.17ms
step:2291/4740 train_time:433393ms step_avg:189.17ms
step:2292/4740 train_time:433716ms step_avg:189.23ms
step:2293/4740 train_time:433894ms step_avg:189.23ms
step:2294/4740 train_time:434218ms step_avg:189.28ms
step:2295/4740 train_time:434395ms step_avg:189.28ms
step:2296/4740 train_time:434717ms step_avg:189.34ms
step:2297/4740 train_time:434895ms step_avg:189.33ms
step:2298/4740 train_time:435219ms step_avg:189.39ms
step:2299/4740 train_time:435398ms step_avg:189.39ms
step:2300/4740 train_time:435716ms step_avg:189.44ms
step:2301/4740 train_time:435902ms step_avg:189.44ms
step:2302/4740 train_time:436221ms step_avg:189.50ms
step:2303/4740 train_time:436403ms step_avg:189.49ms
step:2304/4740 train_time:436725ms step_avg:189.55ms
step:2305/4740 train_time:436909ms step_avg:189.55ms
step:2306/4740 train_time:437232ms step_avg:189.61ms
step:2307/4740 train_time:437412ms step_avg:189.60ms
step:2308/4740 train_time:437734ms step_avg:189.66ms
step:2309/4740 train_time:437916ms step_avg:189.66ms
step:2310/4740 train_time:438239ms step_avg:189.71ms
step:2311/4740 train_time:438417ms step_avg:189.71ms
step:2312/4740 train_time:438742ms step_avg:189.77ms
step:2313/4740 train_time:438923ms step_avg:189.76ms
step:2314/4740 train_time:439244ms step_avg:189.82ms
step:2315/4740 train_time:439424ms step_avg:189.82ms
step:2316/4740 train_time:439749ms step_avg:189.87ms
step:2317/4740 train_time:439929ms step_avg:189.87ms
step:2318/4740 train_time:440249ms step_avg:189.93ms
step:2319/4740 train_time:440431ms step_avg:189.92ms
step:2320/4740 train_time:440752ms step_avg:189.98ms
step:2321/4740 train_time:440934ms step_avg:189.98ms
step:2322/4740 train_time:441253ms step_avg:190.03ms
step:2323/4740 train_time:441434ms step_avg:190.03ms
step:2324/4740 train_time:441754ms step_avg:190.08ms
step:2325/4740 train_time:441937ms step_avg:190.08ms
step:2326/4740 train_time:442258ms step_avg:190.14ms
step:2327/4740 train_time:442439ms step_avg:190.13ms
step:2328/4740 train_time:442758ms step_avg:190.19ms
step:2329/4740 train_time:442942ms step_avg:190.19ms
step:2330/4740 train_time:443261ms step_avg:190.24ms
step:2331/4740 train_time:443441ms step_avg:190.24ms
step:2332/4740 train_time:443760ms step_avg:190.29ms
step:2333/4740 train_time:443944ms step_avg:190.29ms
step:2334/4740 train_time:444264ms step_avg:190.34ms
step:2335/4740 train_time:444446ms step_avg:190.34ms
step:2336/4740 train_time:444767ms step_avg:190.40ms
step:2337/4740 train_time:444949ms step_avg:190.39ms
step:2338/4740 train_time:445270ms step_avg:190.45ms
step:2339/4740 train_time:445451ms step_avg:190.45ms
step:2340/4740 train_time:445773ms step_avg:190.50ms
step:2341/4740 train_time:445953ms step_avg:190.50ms
step:2342/4740 train_time:446275ms step_avg:190.55ms
step:2343/4740 train_time:446455ms step_avg:190.55ms
step:2344/4740 train_time:446773ms step_avg:190.60ms
step:2345/4740 train_time:446956ms step_avg:190.60ms
step:2346/4740 train_time:447278ms step_avg:190.66ms
step:2347/4740 train_time:447456ms step_avg:190.65ms
step:2348/4740 train_time:447778ms step_avg:190.71ms
step:2349/4740 train_time:447959ms step_avg:190.70ms
step:2350/4740 train_time:448279ms step_avg:190.76ms
step:2351/4740 train_time:448459ms step_avg:190.75ms
step:2352/4740 train_time:448786ms step_avg:190.81ms
step:2353/4740 train_time:448963ms step_avg:190.80ms
step:2354/4740 train_time:449285ms step_avg:190.86ms
step:2355/4740 train_time:449464ms step_avg:190.86ms
step:2356/4740 train_time:449785ms step_avg:190.91ms
step:2357/4740 train_time:449968ms step_avg:190.91ms
step:2358/4740 train_time:450289ms step_avg:190.96ms
step:2359/4740 train_time:450473ms step_avg:190.96ms
step:2360/4740 train_time:450792ms step_avg:191.01ms
step:2361/4740 train_time:450977ms step_avg:191.01ms
step:2362/4740 train_time:451298ms step_avg:191.07ms
step:2363/4740 train_time:451477ms step_avg:191.06ms
step:2364/4740 train_time:451800ms step_avg:191.12ms
step:2365/4740 train_time:451981ms step_avg:191.11ms
step:2366/4740 train_time:452306ms step_avg:191.17ms
step:2367/4740 train_time:452490ms step_avg:191.17ms
step:2368/4740 train_time:452813ms step_avg:191.22ms
step:2369/4740 train_time:452992ms step_avg:191.22ms
step:2370/4740 train_time:453316ms step_avg:191.27ms
step:2371/4740 train_time:453498ms step_avg:191.27ms
step:2372/4740 train_time:453820ms step_avg:191.32ms
step:2373/4740 train_time:454001ms step_avg:191.32ms
step:2374/4740 train_time:454322ms step_avg:191.37ms
step:2375/4740 train_time:454504ms step_avg:191.37ms
step:2376/4740 train_time:454821ms step_avg:191.42ms
step:2377/4740 train_time:455007ms step_avg:191.42ms
step:2378/4740 train_time:455326ms step_avg:191.47ms
step:2379/4740 train_time:455509ms step_avg:191.47ms
step:2380/4740 train_time:455832ms step_avg:191.53ms
step:2381/4740 train_time:456014ms step_avg:191.52ms
step:2382/4740 train_time:456337ms step_avg:191.58ms
step:2383/4740 train_time:456518ms step_avg:191.57ms
step:2384/4740 train_time:456840ms step_avg:191.63ms
step:2385/4740 train_time:457020ms step_avg:191.62ms
step:2386/4740 train_time:457343ms step_avg:191.68ms
step:2387/4740 train_time:457520ms step_avg:191.67ms
step:2388/4740 train_time:457838ms step_avg:191.72ms
step:2389/4740 train_time:458023ms step_avg:191.72ms
step:2390/4740 train_time:458343ms step_avg:191.78ms
step:2391/4740 train_time:458526ms step_avg:191.77ms
step:2392/4740 train_time:458849ms step_avg:191.83ms
step:2393/4740 train_time:459030ms step_avg:191.82ms
step:2394/4740 train_time:459351ms step_avg:191.88ms
step:2395/4740 train_time:459530ms step_avg:191.87ms
step:2396/4740 train_time:459852ms step_avg:191.92ms
step:2397/4740 train_time:460033ms step_avg:191.92ms
step:2398/4740 train_time:460356ms step_avg:191.98ms
step:2399/4740 train_time:460540ms step_avg:191.97ms
step:2400/4740 train_time:460859ms step_avg:192.02ms
step:2401/4740 train_time:461038ms step_avg:192.02ms
step:2402/4740 train_time:461358ms step_avg:192.07ms
step:2403/4740 train_time:461546ms step_avg:192.07ms
step:2404/4740 train_time:461872ms step_avg:192.13ms
step:2405/4740 train_time:462051ms step_avg:192.12ms
step:2406/4740 train_time:462374ms step_avg:192.18ms
step:2407/4740 train_time:462555ms step_avg:192.17ms
step:2408/4740 train_time:462877ms step_avg:192.22ms
step:2409/4740 train_time:463057ms step_avg:192.22ms
step:2410/4740 train_time:463381ms step_avg:192.27ms
step:2411/4740 train_time:463562ms step_avg:192.27ms
step:2412/4740 train_time:463883ms step_avg:192.32ms
step:2413/4740 train_time:464067ms step_avg:192.32ms
step:2414/4740 train_time:464387ms step_avg:192.37ms
step:2415/4740 train_time:464570ms step_avg:192.37ms
step:2416/4740 train_time:464891ms step_avg:192.42ms
step:2417/4740 train_time:465072ms step_avg:192.42ms
step:2418/4740 train_time:465394ms step_avg:192.47ms
step:2419/4740 train_time:465573ms step_avg:192.47ms
step:2420/4740 train_time:465893ms step_avg:192.52ms
step:2421/4740 train_time:466076ms step_avg:192.51ms
step:2422/4740 train_time:466397ms step_avg:192.57ms
step:2423/4740 train_time:466583ms step_avg:192.56ms
step:2424/4740 train_time:466906ms step_avg:192.62ms
step:2425/4740 train_time:467095ms step_avg:192.62ms
step:2426/4740 train_time:467416ms step_avg:192.67ms
step:2427/4740 train_time:467596ms step_avg:192.66ms
step:2428/4740 train_time:467916ms step_avg:192.72ms
step:2429/4740 train_time:468104ms step_avg:192.71ms
step:2430/4740 train_time:468420ms step_avg:192.77ms
step:2431/4740 train_time:468604ms step_avg:192.76ms
step:2432/4740 train_time:468925ms step_avg:192.81ms
step:2433/4740 train_time:469109ms step_avg:192.81ms
step:2434/4740 train_time:469430ms step_avg:192.86ms
step:2435/4740 train_time:469613ms step_avg:192.86ms
step:2436/4740 train_time:469937ms step_avg:192.91ms
step:2437/4740 train_time:470119ms step_avg:192.91ms
step:2438/4740 train_time:470437ms step_avg:192.96ms
step:2439/4740 train_time:470624ms step_avg:192.96ms
step:2440/4740 train_time:470950ms step_avg:193.01ms
step:2441/4740 train_time:471128ms step_avg:193.01ms
step:2442/4740 train_time:471450ms step_avg:193.06ms
step:2443/4740 train_time:471632ms step_avg:193.05ms
step:2444/4740 train_time:471953ms step_avg:193.11ms
step:2445/4740 train_time:472134ms step_avg:193.10ms
step:2446/4740 train_time:472452ms step_avg:193.15ms
step:2447/4740 train_time:472632ms step_avg:193.15ms
step:2448/4740 train_time:472956ms step_avg:193.20ms
step:2449/4740 train_time:473136ms step_avg:193.20ms
step:2450/4740 train_time:473459ms step_avg:193.25ms
step:2451/4740 train_time:473643ms step_avg:193.24ms
step:2452/4740 train_time:473963ms step_avg:193.30ms
step:2453/4740 train_time:474149ms step_avg:193.29ms
step:2454/4740 train_time:474474ms step_avg:193.35ms
step:2455/4740 train_time:474657ms step_avg:193.34ms
step:2456/4740 train_time:474977ms step_avg:193.39ms
step:2457/4740 train_time:475156ms step_avg:193.39ms
step:2458/4740 train_time:475479ms step_avg:193.44ms
step:2459/4740 train_time:475656ms step_avg:193.43ms
step:2460/4740 train_time:475978ms step_avg:193.49ms
step:2461/4740 train_time:476156ms step_avg:193.48ms
step:2462/4740 train_time:476476ms step_avg:193.53ms
step:2463/4740 train_time:476662ms step_avg:193.53ms
step:2464/4740 train_time:476986ms step_avg:193.58ms
step:2465/4740 train_time:477166ms step_avg:193.58ms
step:2466/4740 train_time:477486ms step_avg:193.63ms
step:2467/4740 train_time:477669ms step_avg:193.62ms
step:2468/4740 train_time:477992ms step_avg:193.68ms
step:2469/4740 train_time:478174ms step_avg:193.67ms
step:2470/4740 train_time:478491ms step_avg:193.72ms
step:2471/4740 train_time:478675ms step_avg:193.72ms
step:2472/4740 train_time:478995ms step_avg:193.77ms
step:2473/4740 train_time:479178ms step_avg:193.76ms
step:2474/4740 train_time:479500ms step_avg:193.82ms
step:2475/4740 train_time:479686ms step_avg:193.81ms
step:2476/4740 train_time:480006ms step_avg:193.86ms
step:2477/4740 train_time:480188ms step_avg:193.86ms
step:2478/4740 train_time:480510ms step_avg:193.91ms
step:2479/4740 train_time:480692ms step_avg:193.91ms
step:2480/4740 train_time:481013ms step_avg:193.96ms
step:2481/4740 train_time:481195ms step_avg:193.95ms
step:2482/4740 train_time:481516ms step_avg:194.00ms
step:2483/4740 train_time:481695ms step_avg:194.00ms
step:2484/4740 train_time:482017ms step_avg:194.05ms
step:2485/4740 train_time:482199ms step_avg:194.04ms
step:2486/4740 train_time:482522ms step_avg:194.10ms
step:2487/4740 train_time:482704ms step_avg:194.09ms
step:2488/4740 train_time:483024ms step_avg:194.14ms
step:2489/4740 train_time:483205ms step_avg:194.14ms
step:2490/4740 train_time:483526ms step_avg:194.19ms
step:2491/4740 train_time:483708ms step_avg:194.18ms
step:2492/4740 train_time:484033ms step_avg:194.23ms
step:2493/4740 train_time:484213ms step_avg:194.23ms
step:2494/4740 train_time:484532ms step_avg:194.28ms
step:2495/4740 train_time:484713ms step_avg:194.27ms
step:2496/4740 train_time:485033ms step_avg:194.32ms
step:2497/4740 train_time:485216ms step_avg:194.32ms
step:2498/4740 train_time:485536ms step_avg:194.37ms
step:2499/4740 train_time:485720ms step_avg:194.37ms
step:2500/4740 train_time:486043ms step_avg:194.42ms
step:2500/4740 val_loss:3.1402 train_time:486168ms step_avg:194.47ms
step:2501/4740 train_time:486224ms step_avg:194.41ms
step:2502/4740 train_time:486557ms step_avg:194.47ms
step:2503/4740 train_time:486740ms step_avg:194.46ms
step:2504/4740 train_time:487054ms step_avg:194.51ms
step:2505/4740 train_time:487240ms step_avg:194.51ms
step:2506/4740 train_time:487567ms step_avg:194.56ms
step:2507/4740 train_time:487752ms step_avg:194.56ms
step:2508/4740 train_time:488074ms step_avg:194.61ms
step:2509/4740 train_time:488251ms step_avg:194.60ms
step:2510/4740 train_time:488579ms step_avg:194.65ms
step:2511/4740 train_time:488759ms step_avg:194.65ms
step:2512/4740 train_time:489082ms step_avg:194.70ms
step:2513/4740 train_time:489256ms step_avg:194.69ms
step:2514/4740 train_time:489580ms step_avg:194.74ms
step:2515/4740 train_time:489765ms step_avg:194.74ms
step:2516/4740 train_time:490080ms step_avg:194.79ms
step:2517/4740 train_time:490264ms step_avg:194.78ms
step:2518/4740 train_time:490588ms step_avg:194.83ms
step:2519/4740 train_time:490767ms step_avg:194.83ms
step:2520/4740 train_time:491087ms step_avg:194.88ms
step:2521/4740 train_time:491267ms step_avg:194.87ms
step:2522/4740 train_time:491591ms step_avg:194.92ms
step:2523/4740 train_time:491770ms step_avg:194.91ms
step:2524/4740 train_time:492091ms step_avg:194.96ms
step:2525/4740 train_time:492271ms step_avg:194.96ms
step:2526/4740 train_time:492595ms step_avg:195.01ms
step:2527/4740 train_time:492778ms step_avg:195.01ms
step:2528/4740 train_time:493101ms step_avg:195.06ms
step:2529/4740 train_time:493280ms step_avg:195.05ms
step:2530/4740 train_time:493604ms step_avg:195.10ms
step:2531/4740 train_time:493787ms step_avg:195.10ms
step:2532/4740 train_time:494108ms step_avg:195.15ms
step:2533/4740 train_time:494289ms step_avg:195.14ms
step:2534/4740 train_time:494611ms step_avg:195.19ms
step:2535/4740 train_time:494792ms step_avg:195.18ms
step:2536/4740 train_time:495117ms step_avg:195.24ms
step:2537/4740 train_time:495298ms step_avg:195.23ms
step:2538/4740 train_time:495619ms step_avg:195.28ms
step:2539/4740 train_time:495802ms step_avg:195.27ms
step:2540/4740 train_time:496124ms step_avg:195.32ms
step:2541/4740 train_time:496306ms step_avg:195.32ms
step:2542/4740 train_time:496624ms step_avg:195.37ms
step:2543/4740 train_time:496806ms step_avg:195.36ms
step:2544/4740 train_time:497126ms step_avg:195.41ms
step:2545/4740 train_time:497310ms step_avg:195.41ms
step:2546/4740 train_time:497630ms step_avg:195.46ms
step:2547/4740 train_time:497814ms step_avg:195.45ms
step:2548/4740 train_time:498137ms step_avg:195.50ms
step:2549/4740 train_time:498317ms step_avg:195.49ms
step:2550/4740 train_time:498639ms step_avg:195.54ms
step:2551/4740 train_time:498820ms step_avg:195.54ms
step:2552/4740 train_time:499140ms step_avg:195.59ms
step:2553/4740 train_time:499323ms step_avg:195.58ms
step:2554/4740 train_time:499645ms step_avg:195.63ms
step:2555/4740 train_time:499828ms step_avg:195.63ms
step:2556/4740 train_time:500147ms step_avg:195.68ms
step:2557/4740 train_time:500328ms step_avg:195.67ms
step:2558/4740 train_time:500651ms step_avg:195.72ms
step:2559/4740 train_time:500834ms step_avg:195.71ms
step:2560/4740 train_time:501153ms step_avg:195.76ms
step:2561/4740 train_time:501337ms step_avg:195.76ms
step:2562/4740 train_time:501658ms step_avg:195.81ms
step:2563/4740 train_time:501842ms step_avg:195.80ms
step:2564/4740 train_time:502165ms step_avg:195.85ms
step:2565/4740 train_time:502348ms step_avg:195.85ms
step:2566/4740 train_time:502671ms step_avg:195.90ms
step:2567/4740 train_time:502852ms step_avg:195.89ms
step:2568/4740 train_time:503175ms step_avg:195.94ms
step:2569/4740 train_time:503354ms step_avg:195.93ms
step:2570/4740 train_time:503674ms step_avg:195.98ms
step:2571/4740 train_time:503856ms step_avg:195.98ms
step:2572/4740 train_time:504179ms step_avg:196.03ms
step:2573/4740 train_time:504362ms step_avg:196.02ms
step:2574/4740 train_time:504685ms step_avg:196.07ms
step:2575/4740 train_time:504867ms step_avg:196.06ms
step:2576/4740 train_time:505189ms step_avg:196.11ms
step:2577/4740 train_time:505372ms step_avg:196.11ms
step:2578/4740 train_time:505691ms step_avg:196.16ms
step:2579/4740 train_time:505876ms step_avg:196.15ms
step:2580/4740 train_time:506196ms step_avg:196.20ms
step:2581/4740 train_time:506378ms step_avg:196.19ms
step:2582/4740 train_time:506698ms step_avg:196.24ms
step:2583/4740 train_time:506879ms step_avg:196.24ms
step:2584/4740 train_time:507204ms step_avg:196.29ms
step:2585/4740 train_time:507386ms step_avg:196.28ms
step:2586/4740 train_time:507708ms step_avg:196.33ms
step:2587/4740 train_time:507889ms step_avg:196.32ms
step:2588/4740 train_time:508209ms step_avg:196.37ms
step:2589/4740 train_time:508393ms step_avg:196.37ms
step:2590/4740 train_time:508713ms step_avg:196.41ms
step:2591/4740 train_time:508893ms step_avg:196.41ms
step:2592/4740 train_time:509215ms step_avg:196.46ms
step:2593/4740 train_time:509396ms step_avg:196.45ms
step:2594/4740 train_time:509716ms step_avg:196.50ms
step:2595/4740 train_time:509902ms step_avg:196.49ms
step:2596/4740 train_time:510222ms step_avg:196.54ms
step:2597/4740 train_time:510403ms step_avg:196.54ms
step:2598/4740 train_time:510722ms step_avg:196.58ms
step:2599/4740 train_time:510911ms step_avg:196.58ms
step:2600/4740 train_time:511230ms step_avg:196.63ms
step:2601/4740 train_time:511411ms step_avg:196.62ms
step:2602/4740 train_time:511731ms step_avg:196.67ms
step:2603/4740 train_time:511911ms step_avg:196.66ms
step:2604/4740 train_time:512232ms step_avg:196.71ms
step:2605/4740 train_time:512413ms step_avg:196.70ms
step:2606/4740 train_time:512734ms step_avg:196.75ms
step:2607/4740 train_time:512915ms step_avg:196.75ms
step:2608/4740 train_time:513238ms step_avg:196.79ms
step:2609/4740 train_time:513421ms step_avg:196.79ms
step:2610/4740 train_time:513743ms step_avg:196.84ms
step:2611/4740 train_time:513927ms step_avg:196.83ms
step:2612/4740 train_time:514247ms step_avg:196.88ms
step:2613/4740 train_time:514429ms step_avg:196.87ms
step:2614/4740 train_time:514751ms step_avg:196.92ms
step:2615/4740 train_time:514931ms step_avg:196.91ms
step:2616/4740 train_time:515253ms step_avg:196.96ms
step:2617/4740 train_time:515435ms step_avg:196.96ms
step:2618/4740 train_time:515754ms step_avg:197.00ms
step:2619/4740 train_time:515936ms step_avg:197.00ms
step:2620/4740 train_time:516255ms step_avg:197.04ms
step:2621/4740 train_time:516438ms step_avg:197.04ms
step:2622/4740 train_time:516757ms step_avg:197.09ms
step:2623/4740 train_time:516941ms step_avg:197.08ms
step:2624/4740 train_time:517265ms step_avg:197.13ms
step:2625/4740 train_time:517447ms step_avg:197.12ms
step:2626/4740 train_time:517765ms step_avg:197.17ms
step:2627/4740 train_time:517948ms step_avg:197.16ms
step:2628/4740 train_time:518271ms step_avg:197.21ms
step:2629/4740 train_time:518449ms step_avg:197.20ms
step:2630/4740 train_time:518773ms step_avg:197.25ms
step:2631/4740 train_time:518955ms step_avg:197.25ms
step:2632/4740 train_time:519275ms step_avg:197.29ms
step:2633/4740 train_time:519455ms step_avg:197.29ms
step:2634/4740 train_time:519777ms step_avg:197.33ms
step:2635/4740 train_time:519964ms step_avg:197.33ms
step:2636/4740 train_time:520282ms step_avg:197.38ms
step:2637/4740 train_time:520465ms step_avg:197.37ms
step:2638/4740 train_time:520787ms step_avg:197.42ms
step:2639/4740 train_time:520967ms step_avg:197.41ms
step:2640/4740 train_time:521285ms step_avg:197.46ms
step:2641/4740 train_time:521467ms step_avg:197.45ms
step:2642/4740 train_time:521790ms step_avg:197.50ms
step:2643/4740 train_time:521969ms step_avg:197.49ms
step:2644/4740 train_time:522286ms step_avg:197.54ms
step:2645/4740 train_time:522470ms step_avg:197.53ms
step:2646/4740 train_time:522789ms step_avg:197.58ms
step:2647/4740 train_time:522976ms step_avg:197.57ms
step:2648/4740 train_time:523294ms step_avg:197.62ms
step:2649/4740 train_time:523478ms step_avg:197.61ms
step:2650/4740 train_time:523798ms step_avg:197.66ms
step:2651/4740 train_time:523986ms step_avg:197.66ms
step:2652/4740 train_time:524304ms step_avg:197.70ms
step:2653/4740 train_time:524487ms step_avg:197.70ms
step:2654/4740 train_time:524806ms step_avg:197.74ms
step:2655/4740 train_time:524991ms step_avg:197.74ms
step:2656/4740 train_time:525311ms step_avg:197.78ms
step:2657/4740 train_time:525493ms step_avg:197.78ms
step:2658/4740 train_time:525813ms step_avg:197.82ms
step:2659/4740 train_time:525999ms step_avg:197.82ms
step:2660/4740 train_time:526318ms step_avg:197.86ms
step:2661/4740 train_time:526502ms step_avg:197.86ms
step:2662/4740 train_time:526824ms step_avg:197.91ms
step:2663/4740 train_time:527007ms step_avg:197.90ms
step:2664/4740 train_time:527326ms step_avg:197.95ms
step:2665/4740 train_time:527509ms step_avg:197.94ms
step:2666/4740 train_time:527834ms step_avg:197.99ms
step:2667/4740 train_time:528013ms step_avg:197.98ms
step:2668/4740 train_time:528334ms step_avg:198.03ms
step:2669/4740 train_time:528516ms step_avg:198.02ms
step:2670/4740 train_time:528840ms step_avg:198.07ms
step:2671/4740 train_time:529020ms step_avg:198.06ms
step:2672/4740 train_time:529343ms step_avg:198.11ms
step:2673/4740 train_time:529524ms step_avg:198.10ms
step:2674/4740 train_time:529847ms step_avg:198.15ms
step:2675/4740 train_time:530028ms step_avg:198.14ms
step:2676/4740 train_time:530351ms step_avg:198.19ms
step:2677/4740 train_time:530532ms step_avg:198.18ms
step:2678/4740 train_time:530854ms step_avg:198.23ms
step:2679/4740 train_time:531040ms step_avg:198.22ms
step:2680/4740 train_time:531364ms step_avg:198.27ms
step:2681/4740 train_time:531541ms step_avg:198.26ms
step:2682/4740 train_time:531863ms step_avg:198.31ms
step:2683/4740 train_time:532046ms step_avg:198.30ms
step:2684/4740 train_time:532369ms step_avg:198.35ms
step:2685/4740 train_time:532550ms step_avg:198.34ms
step:2686/4740 train_time:532873ms step_avg:198.39ms
step:2687/4740 train_time:533055ms step_avg:198.38ms
step:2688/4740 train_time:533378ms step_avg:198.43ms
step:2689/4740 train_time:533560ms step_avg:198.42ms
step:2690/4740 train_time:533884ms step_avg:198.47ms
step:2691/4740 train_time:534063ms step_avg:198.46ms
step:2692/4740 train_time:534386ms step_avg:198.51ms
step:2693/4740 train_time:534566ms step_avg:198.50ms
step:2694/4740 train_time:534890ms step_avg:198.55ms
step:2695/4740 train_time:535069ms step_avg:198.54ms
step:2696/4740 train_time:535391ms step_avg:198.59ms
step:2697/4740 train_time:535573ms step_avg:198.58ms
step:2698/4740 train_time:535894ms step_avg:198.63ms
step:2699/4740 train_time:536074ms step_avg:198.62ms
step:2700/4740 train_time:536395ms step_avg:198.66ms
step:2701/4740 train_time:536580ms step_avg:198.66ms
step:2702/4740 train_time:536903ms step_avg:198.71ms
step:2703/4740 train_time:537083ms step_avg:198.70ms
step:2704/4740 train_time:537403ms step_avg:198.74ms
step:2705/4740 train_time:537587ms step_avg:198.74ms
step:2706/4740 train_time:537911ms step_avg:198.78ms
step:2707/4740 train_time:538090ms step_avg:198.78ms
step:2708/4740 train_time:538413ms step_avg:198.82ms
step:2709/4740 train_time:538594ms step_avg:198.82ms
step:2710/4740 train_time:538916ms step_avg:198.86ms
step:2711/4740 train_time:539093ms step_avg:198.85ms
step:2712/4740 train_time:539414ms step_avg:198.90ms
step:2713/4740 train_time:539595ms step_avg:198.89ms
step:2714/4740 train_time:539915ms step_avg:198.94ms
step:2715/4740 train_time:540100ms step_avg:198.93ms
step:2716/4740 train_time:540422ms step_avg:198.98ms
step:2717/4740 train_time:540602ms step_avg:198.97ms
step:2718/4740 train_time:540926ms step_avg:199.02ms
step:2719/4740 train_time:541105ms step_avg:199.01ms
step:2720/4740 train_time:541426ms step_avg:199.05ms
step:2721/4740 train_time:541607ms step_avg:199.05ms
step:2722/4740 train_time:541928ms step_avg:199.09ms
step:2723/4740 train_time:542109ms step_avg:199.09ms
step:2724/4740 train_time:542433ms step_avg:199.13ms
step:2725/4740 train_time:542612ms step_avg:199.12ms
step:2726/4740 train_time:542931ms step_avg:199.17ms
step:2727/4740 train_time:543119ms step_avg:199.16ms
step:2728/4740 train_time:543443ms step_avg:199.21ms
step:2729/4740 train_time:543625ms step_avg:199.20ms
step:2730/4740 train_time:543941ms step_avg:199.25ms
step:2731/4740 train_time:544125ms step_avg:199.24ms
step:2732/4740 train_time:544448ms step_avg:199.29ms
step:2733/4740 train_time:544626ms step_avg:199.28ms
step:2734/4740 train_time:544946ms step_avg:199.32ms
step:2735/4740 train_time:545128ms step_avg:199.32ms
step:2736/4740 train_time:545448ms step_avg:199.36ms
step:2737/4740 train_time:545630ms step_avg:199.35ms
step:2738/4740 train_time:545948ms step_avg:199.40ms
step:2739/4740 train_time:546129ms step_avg:199.39ms
step:2740/4740 train_time:546449ms step_avg:199.43ms
step:2741/4740 train_time:546631ms step_avg:199.43ms
step:2742/4740 train_time:546956ms step_avg:199.47ms
step:2743/4740 train_time:547138ms step_avg:199.47ms
step:2744/4740 train_time:547458ms step_avg:199.51ms
step:2745/4740 train_time:547639ms step_avg:199.50ms
step:2746/4740 train_time:547966ms step_avg:199.55ms
step:2747/4740 train_time:548147ms step_avg:199.54ms
step:2748/4740 train_time:548467ms step_avg:199.59ms
step:2749/4740 train_time:548649ms step_avg:199.58ms
step:2750/4740 train_time:548971ms step_avg:199.63ms
step:2750/4740 val_loss:3.1089 train_time:549099ms step_avg:199.67ms
step:2751/4740 train_time:549154ms step_avg:199.62ms
step:2752/4740 train_time:549480ms step_avg:199.67ms
step:2753/4740 train_time:549667ms step_avg:199.66ms
step:2754/4740 train_time:549982ms step_avg:199.70ms
step:2755/4740 train_time:550168ms step_avg:199.70ms
step:2756/4740 train_time:550495ms step_avg:199.74ms
step:2757/4740 train_time:550683ms step_avg:199.74ms
step:2758/4740 train_time:551000ms step_avg:199.78ms
step:2759/4740 train_time:551184ms step_avg:199.78ms
step:2760/4740 train_time:551507ms step_avg:199.82ms
step:2761/4740 train_time:551691ms step_avg:199.82ms
step:2762/4740 train_time:552015ms step_avg:199.86ms
step:2763/4740 train_time:552196ms step_avg:199.85ms
step:2764/4740 train_time:552522ms step_avg:199.90ms
step:2765/4740 train_time:552706ms step_avg:199.89ms
step:2766/4740 train_time:553027ms step_avg:199.94ms
step:2767/4740 train_time:553207ms step_avg:199.93ms
step:2768/4740 train_time:553527ms step_avg:199.97ms
step:2769/4740 train_time:553709ms step_avg:199.97ms
step:2770/4740 train_time:554031ms step_avg:200.01ms
step:2771/4740 train_time:554215ms step_avg:200.01ms
step:2772/4740 train_time:554535ms step_avg:200.05ms
step:2773/4740 train_time:554720ms step_avg:200.04ms
step:2774/4740 train_time:555041ms step_avg:200.09ms
step:2775/4740 train_time:555222ms step_avg:200.08ms
step:2776/4740 train_time:555546ms step_avg:200.12ms
step:2777/4740 train_time:555730ms step_avg:200.12ms
step:2778/4740 train_time:556052ms step_avg:200.16ms
step:2779/4740 train_time:556233ms step_avg:200.16ms
step:2780/4740 train_time:556554ms step_avg:200.20ms
step:2781/4740 train_time:556738ms step_avg:200.19ms
step:2782/4740 train_time:557061ms step_avg:200.24ms
step:2783/4740 train_time:557241ms step_avg:200.23ms
step:2784/4740 train_time:557567ms step_avg:200.28ms
step:2785/4740 train_time:557750ms step_avg:200.27ms
step:2786/4740 train_time:558072ms step_avg:200.31ms
step:2787/4740 train_time:558255ms step_avg:200.31ms
step:2788/4740 train_time:558574ms step_avg:200.35ms
step:2789/4740 train_time:558762ms step_avg:200.35ms
step:2790/4740 train_time:559083ms step_avg:200.39ms
step:2791/4740 train_time:559266ms step_avg:200.38ms
step:2792/4740 train_time:559588ms step_avg:200.43ms
step:2793/4740 train_time:559776ms step_avg:200.42ms
step:2794/4740 train_time:560098ms step_avg:200.46ms
step:2795/4740 train_time:560279ms step_avg:200.46ms
step:2796/4740 train_time:560602ms step_avg:200.50ms
step:2797/4740 train_time:560785ms step_avg:200.50ms
step:2798/4740 train_time:561110ms step_avg:200.54ms
step:2799/4740 train_time:561293ms step_avg:200.53ms
step:2800/4740 train_time:561617ms step_avg:200.58ms
step:2801/4740 train_time:561798ms step_avg:200.57ms
step:2802/4740 train_time:562121ms step_avg:200.61ms
step:2803/4740 train_time:562302ms step_avg:200.61ms
step:2804/4740 train_time:562625ms step_avg:200.65ms
step:2805/4740 train_time:562808ms step_avg:200.64ms
step:2806/4740 train_time:563132ms step_avg:200.69ms
step:2807/4740 train_time:563316ms step_avg:200.68ms
step:2808/4740 train_time:563636ms step_avg:200.73ms
step:2809/4740 train_time:563819ms step_avg:200.72ms
step:2810/4740 train_time:564139ms step_avg:200.76ms
step:2811/4740 train_time:564321ms step_avg:200.75ms
step:2812/4740 train_time:564640ms step_avg:200.80ms
step:2813/4740 train_time:564822ms step_avg:200.79ms
step:2814/4740 train_time:565148ms step_avg:200.83ms
step:2815/4740 train_time:565330ms step_avg:200.83ms
step:2816/4740 train_time:565652ms step_avg:200.87ms
step:2817/4740 train_time:565832ms step_avg:200.86ms
step:2818/4740 train_time:566153ms step_avg:200.91ms
step:2819/4740 train_time:566336ms step_avg:200.90ms
step:2820/4740 train_time:566660ms step_avg:200.94ms
step:2821/4740 train_time:566841ms step_avg:200.94ms
step:2822/4740 train_time:567163ms step_avg:200.98ms
step:2823/4740 train_time:567347ms step_avg:200.97ms
step:2824/4740 train_time:567671ms step_avg:201.02ms
step:2825/4740 train_time:567850ms step_avg:201.01ms
step:2826/4740 train_time:568172ms step_avg:201.05ms
step:2827/4740 train_time:568358ms step_avg:201.05ms
step:2828/4740 train_time:568678ms step_avg:201.09ms
step:2829/4740 train_time:568868ms step_avg:201.08ms
step:2830/4740 train_time:569188ms step_avg:201.13ms
step:2831/4740 train_time:569372ms step_avg:201.12ms
step:2832/4740 train_time:569694ms step_avg:201.16ms
step:2833/4740 train_time:569882ms step_avg:201.16ms
step:2834/4740 train_time:570203ms step_avg:201.20ms
step:2835/4740 train_time:570388ms step_avg:201.19ms
step:2836/4740 train_time:570708ms step_avg:201.24ms
step:2837/4740 train_time:570892ms step_avg:201.23ms
step:2838/4740 train_time:571211ms step_avg:201.27ms
step:2839/4740 train_time:571397ms step_avg:201.27ms
step:2840/4740 train_time:571719ms step_avg:201.31ms
step:2841/4740 train_time:571900ms step_avg:201.30ms
step:2842/4740 train_time:572222ms step_avg:201.34ms
step:2843/4740 train_time:572409ms step_avg:201.34ms
step:2844/4740 train_time:572731ms step_avg:201.38ms
step:2845/4740 train_time:572912ms step_avg:201.38ms
step:2846/4740 train_time:573236ms step_avg:201.42ms
step:2847/4740 train_time:573419ms step_avg:201.41ms
step:2848/4740 train_time:573737ms step_avg:201.45ms
step:2849/4740 train_time:573921ms step_avg:201.45ms
step:2850/4740 train_time:574246ms step_avg:201.49ms
step:2851/4740 train_time:574431ms step_avg:201.48ms
step:2852/4740 train_time:574753ms step_avg:201.53ms
step:2853/4740 train_time:574936ms step_avg:201.52ms
step:2854/4740 train_time:575257ms step_avg:201.56ms
step:2855/4740 train_time:575438ms step_avg:201.55ms
step:2856/4740 train_time:575757ms step_avg:201.60ms
step:2857/4740 train_time:575939ms step_avg:201.59ms
step:2858/4740 train_time:576266ms step_avg:201.63ms
step:2859/4740 train_time:576448ms step_avg:201.63ms
step:2860/4740 train_time:576772ms step_avg:201.67ms
step:2861/4740 train_time:576955ms step_avg:201.66ms
step:2862/4740 train_time:577276ms step_avg:201.70ms
step:2863/4740 train_time:577459ms step_avg:201.70ms
step:2864/4740 train_time:577780ms step_avg:201.74ms
step:2865/4740 train_time:577959ms step_avg:201.73ms
step:2866/4740 train_time:578280ms step_avg:201.77ms
step:2867/4740 train_time:578465ms step_avg:201.77ms
step:2868/4740 train_time:578785ms step_avg:201.81ms
step:2869/4740 train_time:578966ms step_avg:201.80ms
step:2870/4740 train_time:579287ms step_avg:201.84ms
step:2871/4740 train_time:579476ms step_avg:201.84ms
step:2872/4740 train_time:579794ms step_avg:201.88ms
step:2873/4740 train_time:579978ms step_avg:201.87ms
step:2874/4740 train_time:580298ms step_avg:201.91ms
step:2875/4740 train_time:580478ms step_avg:201.91ms
step:2876/4740 train_time:580796ms step_avg:201.95ms
step:2877/4740 train_time:580978ms step_avg:201.94ms
step:2878/4740 train_time:581300ms step_avg:201.98ms
step:2879/4740 train_time:581487ms step_avg:201.98ms
step:2880/4740 train_time:581809ms step_avg:202.02ms
step:2881/4740 train_time:581990ms step_avg:202.01ms
step:2882/4740 train_time:582313ms step_avg:202.05ms
step:2883/4740 train_time:582497ms step_avg:202.05ms
step:2884/4740 train_time:582818ms step_avg:202.09ms
step:2885/4740 train_time:583001ms step_avg:202.08ms
step:2886/4740 train_time:583324ms step_avg:202.12ms
step:2887/4740 train_time:583502ms step_avg:202.11ms
step:2888/4740 train_time:583828ms step_avg:202.16ms
step:2889/4740 train_time:584009ms step_avg:202.15ms
step:2890/4740 train_time:584330ms step_avg:202.19ms
step:2891/4740 train_time:584515ms step_avg:202.18ms
step:2892/4740 train_time:584835ms step_avg:202.22ms
step:2893/4740 train_time:585018ms step_avg:202.22ms
step:2894/4740 train_time:585340ms step_avg:202.26ms
step:2895/4740 train_time:585524ms step_avg:202.25ms
step:2896/4740 train_time:585842ms step_avg:202.29ms
step:2897/4740 train_time:586025ms step_avg:202.29ms
step:2898/4740 train_time:586346ms step_avg:202.33ms
step:2899/4740 train_time:586533ms step_avg:202.32ms
step:2900/4740 train_time:586854ms step_avg:202.36ms
step:2901/4740 train_time:587037ms step_avg:202.36ms
step:2902/4740 train_time:587358ms step_avg:202.40ms
step:2903/4740 train_time:587538ms step_avg:202.39ms
step:2904/4740 train_time:587859ms step_avg:202.43ms
step:2905/4740 train_time:588040ms step_avg:202.42ms
step:2906/4740 train_time:588362ms step_avg:202.46ms
step:2907/4740 train_time:588547ms step_avg:202.46ms
step:2908/4740 train_time:588872ms step_avg:202.50ms
step:2909/4740 train_time:589054ms step_avg:202.49ms
step:2910/4740 train_time:589377ms step_avg:202.53ms
step:2911/4740 train_time:589559ms step_avg:202.53ms
step:2912/4740 train_time:589877ms step_avg:202.57ms
step:2913/4740 train_time:590062ms step_avg:202.56ms
step:2914/4740 train_time:590387ms step_avg:202.60ms
step:2915/4740 train_time:590570ms step_avg:202.60ms
step:2916/4740 train_time:590891ms step_avg:202.64ms
step:2917/4740 train_time:591075ms step_avg:202.63ms
step:2918/4740 train_time:591397ms step_avg:202.67ms
step:2919/4740 train_time:591580ms step_avg:202.67ms
step:2920/4740 train_time:591898ms step_avg:202.70ms
step:2921/4740 train_time:592087ms step_avg:202.70ms
step:2922/4740 train_time:592406ms step_avg:202.74ms
step:2923/4740 train_time:592588ms step_avg:202.73ms
step:2924/4740 train_time:592911ms step_avg:202.77ms
step:2925/4740 train_time:593098ms step_avg:202.77ms
step:2926/4740 train_time:593418ms step_avg:202.81ms
step:2927/4740 train_time:593599ms step_avg:202.80ms
step:2928/4740 train_time:593925ms step_avg:202.84ms
step:2929/4740 train_time:594106ms step_avg:202.84ms
step:2930/4740 train_time:594427ms step_avg:202.88ms
step:2931/4740 train_time:594608ms step_avg:202.87ms
step:2932/4740 train_time:594930ms step_avg:202.91ms
step:2933/4740 train_time:595114ms step_avg:202.90ms
step:2934/4740 train_time:595435ms step_avg:202.94ms
step:2935/4740 train_time:595618ms step_avg:202.94ms
step:2936/4740 train_time:595940ms step_avg:202.98ms
step:2937/4740 train_time:596128ms step_avg:202.97ms
step:2938/4740 train_time:596450ms step_avg:203.01ms
step:2939/4740 train_time:596634ms step_avg:203.01ms
step:2940/4740 train_time:596956ms step_avg:203.05ms
step:2941/4740 train_time:597133ms step_avg:203.04ms
step:2942/4740 train_time:597456ms step_avg:203.08ms
step:2943/4740 train_time:597638ms step_avg:203.07ms
step:2944/4740 train_time:597963ms step_avg:203.11ms
step:2945/4740 train_time:598143ms step_avg:203.10ms
step:2946/4740 train_time:598466ms step_avg:203.15ms
step:2947/4740 train_time:598645ms step_avg:203.14ms
step:2948/4740 train_time:598972ms step_avg:203.18ms
step:2949/4740 train_time:599155ms step_avg:203.17ms
step:2950/4740 train_time:599476ms step_avg:203.21ms
step:2951/4740 train_time:599655ms step_avg:203.20ms
step:2952/4740 train_time:599982ms step_avg:203.25ms
step:2953/4740 train_time:600161ms step_avg:203.24ms
step:2954/4740 train_time:600482ms step_avg:203.28ms
step:2955/4740 train_time:600665ms step_avg:203.27ms
step:2956/4740 train_time:600987ms step_avg:203.31ms
step:2957/4740 train_time:601171ms step_avg:203.30ms
step:2958/4740 train_time:601493ms step_avg:203.34ms
step:2959/4740 train_time:601677ms step_avg:203.34ms
step:2960/4740 train_time:601997ms step_avg:203.38ms
step:2961/4740 train_time:602178ms step_avg:203.37ms
step:2962/4740 train_time:602504ms step_avg:203.41ms
step:2963/4740 train_time:602683ms step_avg:203.40ms
step:2964/4740 train_time:603004ms step_avg:203.44ms
step:2965/4740 train_time:603183ms step_avg:203.43ms
step:2966/4740 train_time:603504ms step_avg:203.47ms
step:2967/4740 train_time:603688ms step_avg:203.47ms
step:2968/4740 train_time:604012ms step_avg:203.51ms
step:2969/4740 train_time:604195ms step_avg:203.50ms
step:2970/4740 train_time:604518ms step_avg:203.54ms
step:2971/4740 train_time:604699ms step_avg:203.53ms
step:2972/4740 train_time:605018ms step_avg:203.57ms
step:2973/4740 train_time:605201ms step_avg:203.57ms
step:2974/4740 train_time:605525ms step_avg:203.61ms
step:2975/4740 train_time:605704ms step_avg:203.60ms
step:2976/4740 train_time:606027ms step_avg:203.64ms
step:2977/4740 train_time:606211ms step_avg:203.63ms
step:2978/4740 train_time:606534ms step_avg:203.67ms
step:2979/4740 train_time:606716ms step_avg:203.66ms
step:2980/4740 train_time:607037ms step_avg:203.70ms
step:2981/4740 train_time:607217ms step_avg:203.70ms
step:2982/4740 train_time:607537ms step_avg:203.73ms
step:2983/4740 train_time:607720ms step_avg:203.73ms
step:2984/4740 train_time:608044ms step_avg:203.77ms
step:2985/4740 train_time:608230ms step_avg:203.76ms
step:2986/4740 train_time:608555ms step_avg:203.80ms
step:2987/4740 train_time:608739ms step_avg:203.80ms
step:2988/4740 train_time:609056ms step_avg:203.83ms
step:2989/4740 train_time:609244ms step_avg:203.83ms
step:2990/4740 train_time:609566ms step_avg:203.87ms
step:2991/4740 train_time:609749ms step_avg:203.86ms
step:2992/4740 train_time:610069ms step_avg:203.90ms
step:2993/4740 train_time:610252ms step_avg:203.89ms
step:2994/4740 train_time:610576ms step_avg:203.93ms
step:2995/4740 train_time:610759ms step_avg:203.93ms
step:2996/4740 train_time:611081ms step_avg:203.97ms
step:2997/4740 train_time:611265ms step_avg:203.96ms
step:2998/4740 train_time:611584ms step_avg:204.00ms
step:2999/4740 train_time:611768ms step_avg:203.99ms
step:3000/4740 train_time:612091ms step_avg:204.03ms
step:3000/4740 val_loss:3.0810 train_time:612218ms step_avg:204.07ms
step:3001/4740 train_time:612275ms step_avg:204.02ms
step:3002/4740 train_time:612600ms step_avg:204.06ms
step:3003/4740 train_time:612785ms step_avg:204.06ms
step:3004/4740 train_time:613099ms step_avg:204.09ms
step:3005/4740 train_time:613285ms step_avg:204.09ms
step:3006/4740 train_time:613609ms step_avg:204.13ms
step:3007/4740 train_time:613792ms step_avg:204.12ms
step:3008/4740 train_time:614111ms step_avg:204.16ms
step:3009/4740 train_time:614295ms step_avg:204.15ms
step:3010/4740 train_time:614619ms step_avg:204.19ms
step:3011/4740 train_time:614804ms step_avg:204.19ms
step:3012/4740 train_time:615128ms step_avg:204.23ms
step:3013/4740 train_time:615308ms step_avg:204.22ms
step:3014/4740 train_time:615632ms step_avg:204.26ms
step:3015/4740 train_time:615813ms step_avg:204.25ms
step:3016/4740 train_time:616136ms step_avg:204.29ms
step:3017/4740 train_time:616320ms step_avg:204.28ms
step:3018/4740 train_time:616642ms step_avg:204.32ms
step:3019/4740 train_time:616822ms step_avg:204.31ms
step:3020/4740 train_time:617146ms step_avg:204.35ms
step:3021/4740 train_time:617324ms step_avg:204.34ms
step:3022/4740 train_time:617649ms step_avg:204.38ms
step:3023/4740 train_time:617832ms step_avg:204.38ms
step:3024/4740 train_time:618157ms step_avg:204.42ms
step:3025/4740 train_time:618338ms step_avg:204.41ms
step:3026/4740 train_time:618660ms step_avg:204.45ms
step:3027/4740 train_time:618842ms step_avg:204.44ms
step:3028/4740 train_time:619161ms step_avg:204.48ms
step:3029/4740 train_time:619344ms step_avg:204.47ms
step:3030/4740 train_time:619670ms step_avg:204.51ms
step:3031/4740 train_time:619850ms step_avg:204.50ms
step:3032/4740 train_time:620171ms step_avg:204.54ms
step:3033/4740 train_time:620351ms step_avg:204.53ms
step:3034/4740 train_time:620673ms step_avg:204.57ms
step:3035/4740 train_time:620858ms step_avg:204.57ms
step:3036/4740 train_time:621177ms step_avg:204.60ms
step:3037/4740 train_time:621360ms step_avg:204.60ms
step:3038/4740 train_time:621681ms step_avg:204.64ms
step:3039/4740 train_time:621870ms step_avg:204.63ms
step:3040/4740 train_time:622189ms step_avg:204.67ms
step:3041/4740 train_time:622369ms step_avg:204.66ms
step:3042/4740 train_time:622691ms step_avg:204.70ms
step:3043/4740 train_time:622871ms step_avg:204.69ms
step:3044/4740 train_time:623190ms step_avg:204.73ms
step:3045/4740 train_time:623378ms step_avg:204.72ms
step:3046/4740 train_time:623700ms step_avg:204.76ms
step:3047/4740 train_time:623882ms step_avg:204.75ms
step:3048/4740 train_time:624203ms step_avg:204.79ms
step:3049/4740 train_time:624389ms step_avg:204.78ms
step:3050/4740 train_time:624709ms step_avg:204.82ms
step:3051/4740 train_time:624893ms step_avg:204.82ms
step:3052/4740 train_time:625212ms step_avg:204.85ms
step:3053/4740 train_time:625393ms step_avg:204.85ms
step:3054/4740 train_time:625713ms step_avg:204.88ms
step:3055/4740 train_time:625894ms step_avg:204.88ms
step:3056/4740 train_time:626219ms step_avg:204.91ms
step:3057/4740 train_time:626399ms step_avg:204.91ms
step:3058/4740 train_time:626721ms step_avg:204.94ms
step:3059/4740 train_time:626903ms step_avg:204.94ms
step:3060/4740 train_time:627226ms step_avg:204.98ms
step:3061/4740 train_time:627409ms step_avg:204.97ms
step:3062/4740 train_time:627730ms step_avg:205.01ms
step:3063/4740 train_time:627909ms step_avg:205.00ms
step:3064/4740 train_time:628233ms step_avg:205.04ms
step:3065/4740 train_time:628412ms step_avg:205.03ms
step:3066/4740 train_time:628735ms step_avg:205.07ms
step:3067/4740 train_time:628915ms step_avg:205.06ms
step:3068/4740 train_time:629236ms step_avg:205.10ms
step:3069/4740 train_time:629419ms step_avg:205.09ms
step:3070/4740 train_time:629742ms step_avg:205.13ms
step:3071/4740 train_time:629928ms step_avg:205.12ms
step:3072/4740 train_time:630250ms step_avg:205.16ms
step:3073/4740 train_time:630428ms step_avg:205.15ms
step:3074/4740 train_time:630750ms step_avg:205.19ms
step:3075/4740 train_time:630933ms step_avg:205.18ms
step:3076/4740 train_time:631253ms step_avg:205.22ms
step:3077/4740 train_time:631433ms step_avg:205.21ms
step:3078/4740 train_time:631760ms step_avg:205.25ms
step:3079/4740 train_time:631941ms step_avg:205.24ms
step:3080/4740 train_time:632264ms step_avg:205.28ms
step:3081/4740 train_time:632446ms step_avg:205.27ms
step:3082/4740 train_time:632765ms step_avg:205.31ms
step:3083/4740 train_time:632948ms step_avg:205.30ms
step:3084/4740 train_time:633272ms step_avg:205.34ms
step:3085/4740 train_time:633451ms step_avg:205.33ms
step:3086/4740 train_time:633773ms step_avg:205.37ms
step:3087/4740 train_time:633954ms step_avg:205.36ms
step:3088/4740 train_time:634278ms step_avg:205.40ms
step:3089/4740 train_time:634460ms step_avg:205.39ms
step:3090/4740 train_time:634786ms step_avg:205.43ms
step:3091/4740 train_time:634964ms step_avg:205.42ms
step:3092/4740 train_time:635291ms step_avg:205.46ms
step:3093/4740 train_time:635472ms step_avg:205.45ms
step:3094/4740 train_time:635791ms step_avg:205.49ms
step:3095/4740 train_time:635972ms step_avg:205.48ms
step:3096/4740 train_time:636295ms step_avg:205.52ms
step:3097/4740 train_time:636476ms step_avg:205.51ms
step:3098/4740 train_time:636797ms step_avg:205.55ms
step:3099/4740 train_time:636980ms step_avg:205.54ms
step:3100/4740 train_time:637302ms step_avg:205.58ms
step:3101/4740 train_time:637484ms step_avg:205.57ms
step:3102/4740 train_time:637807ms step_avg:205.61ms
step:3103/4740 train_time:637987ms step_avg:205.60ms
step:3104/4740 train_time:638312ms step_avg:205.64ms
step:3105/4740 train_time:638491ms step_avg:205.63ms
step:3106/4740 train_time:638813ms step_avg:205.67ms
step:3107/4740 train_time:638997ms step_avg:205.66ms
step:3108/4740 train_time:639320ms step_avg:205.70ms
step:3109/4740 train_time:639502ms step_avg:205.69ms
step:3110/4740 train_time:639827ms step_avg:205.73ms
step:3111/4740 train_time:640012ms step_avg:205.73ms
step:3112/4740 train_time:640334ms step_avg:205.76ms
step:3113/4740 train_time:640515ms step_avg:205.75ms
step:3114/4740 train_time:640836ms step_avg:205.79ms
step:3115/4740 train_time:641021ms step_avg:205.79ms
step:3116/4740 train_time:641340ms step_avg:205.82ms
step:3117/4740 train_time:641524ms step_avg:205.81ms
step:3118/4740 train_time:641849ms step_avg:205.85ms
step:3119/4740 train_time:642030ms step_avg:205.84ms
step:3120/4740 train_time:642351ms step_avg:205.88ms
step:3121/4740 train_time:642529ms step_avg:205.87ms
step:3122/4740 train_time:642855ms step_avg:205.91ms
step:3123/4740 train_time:643034ms step_avg:205.90ms
step:3124/4740 train_time:643357ms step_avg:205.94ms
step:3125/4740 train_time:643539ms step_avg:205.93ms
step:3126/4740 train_time:643860ms step_avg:205.97ms
step:3127/4740 train_time:644042ms step_avg:205.96ms
step:3128/4740 train_time:644367ms step_avg:206.00ms
step:3129/4740 train_time:644555ms step_avg:205.99ms
step:3130/4740 train_time:644873ms step_avg:206.03ms
step:3131/4740 train_time:645059ms step_avg:206.02ms
step:3132/4740 train_time:645382ms step_avg:206.06ms
step:3133/4740 train_time:645569ms step_avg:206.05ms
step:3134/4740 train_time:645891ms step_avg:206.09ms
step:3135/4740 train_time:646074ms step_avg:206.08ms
step:3136/4740 train_time:646397ms step_avg:206.12ms
step:3137/4740 train_time:646579ms step_avg:206.11ms
step:3138/4740 train_time:646897ms step_avg:206.15ms
step:3139/4740 train_time:647086ms step_avg:206.14ms
step:3140/4740 train_time:647407ms step_avg:206.18ms
step:3141/4740 train_time:647589ms step_avg:206.17ms
step:3142/4740 train_time:647914ms step_avg:206.21ms
step:3143/4740 train_time:648093ms step_avg:206.20ms
step:3144/4740 train_time:648417ms step_avg:206.24ms
step:3145/4740 train_time:648600ms step_avg:206.23ms
step:3146/4740 train_time:648924ms step_avg:206.27ms
step:3147/4740 train_time:649104ms step_avg:206.26ms
step:3148/4740 train_time:649427ms step_avg:206.30ms
step:3149/4740 train_time:649608ms step_avg:206.29ms
step:3150/4740 train_time:649929ms step_avg:206.33ms
step:3151/4740 train_time:650111ms step_avg:206.32ms
step:3152/4740 train_time:650434ms step_avg:206.36ms
step:3153/4740 train_time:650618ms step_avg:206.35ms
step:3154/4740 train_time:650940ms step_avg:206.39ms
step:3155/4740 train_time:651122ms step_avg:206.38ms
step:3156/4740 train_time:651446ms step_avg:206.42ms
step:3157/4740 train_time:651629ms step_avg:206.41ms
step:3158/4740 train_time:651950ms step_avg:206.44ms
step:3159/4740 train_time:652134ms step_avg:206.44ms
step:3160/4740 train_time:652456ms step_avg:206.47ms
step:3161/4740 train_time:652640ms step_avg:206.47ms
step:3162/4740 train_time:652965ms step_avg:206.50ms
step:3163/4740 train_time:653148ms step_avg:206.50ms
step:3164/4740 train_time:653470ms step_avg:206.53ms
step:3165/4740 train_time:653656ms step_avg:206.53ms
step:3166/4740 train_time:653974ms step_avg:206.56ms
step:3167/4740 train_time:654159ms step_avg:206.55ms
step:3168/4740 train_time:654480ms step_avg:206.59ms
step:3169/4740 train_time:654665ms step_avg:206.58ms
step:3170/4740 train_time:654987ms step_avg:206.62ms
step:3171/4740 train_time:655167ms step_avg:206.61ms
step:3172/4740 train_time:655489ms step_avg:206.65ms
step:3173/4740 train_time:655675ms step_avg:206.64ms
step:3174/4740 train_time:655995ms step_avg:206.68ms
step:3175/4740 train_time:656178ms step_avg:206.67ms
step:3176/4740 train_time:656499ms step_avg:206.71ms
step:3177/4740 train_time:656683ms step_avg:206.70ms
step:3178/4740 train_time:657008ms step_avg:206.74ms
step:3179/4740 train_time:657190ms step_avg:206.73ms
step:3180/4740 train_time:657512ms step_avg:206.76ms
step:3181/4740 train_time:657692ms step_avg:206.76ms
step:3182/4740 train_time:658014ms step_avg:206.79ms
step:3183/4740 train_time:658198ms step_avg:206.79ms
step:3184/4740 train_time:658521ms step_avg:206.82ms
step:3185/4740 train_time:658706ms step_avg:206.82ms
step:3186/4740 train_time:659029ms step_avg:206.85ms
step:3187/4740 train_time:659212ms step_avg:206.84ms
step:3188/4740 train_time:659537ms step_avg:206.88ms
step:3189/4740 train_time:659719ms step_avg:206.87ms
step:3190/4740 train_time:660043ms step_avg:206.91ms
step:3191/4740 train_time:660225ms step_avg:206.90ms
step:3192/4740 train_time:660549ms step_avg:206.94ms
step:3193/4740 train_time:660728ms step_avg:206.93ms
step:3194/4740 train_time:661049ms step_avg:206.97ms
step:3195/4740 train_time:661234ms step_avg:206.96ms
step:3196/4740 train_time:661556ms step_avg:207.00ms
step:3197/4740 train_time:661741ms step_avg:206.99ms
step:3198/4740 train_time:662066ms step_avg:207.02ms
step:3199/4740 train_time:662250ms step_avg:207.02ms
step:3200/4740 train_time:662573ms step_avg:207.05ms
step:3201/4740 train_time:662755ms step_avg:207.05ms
step:3202/4740 train_time:663072ms step_avg:207.08ms
step:3203/4740 train_time:663256ms step_avg:207.07ms
step:3204/4740 train_time:663577ms step_avg:207.11ms
step:3205/4740 train_time:663759ms step_avg:207.10ms
step:3206/4740 train_time:664085ms step_avg:207.14ms
step:3207/4740 train_time:664269ms step_avg:207.13ms
step:3208/4740 train_time:664591ms step_avg:207.17ms
step:3209/4740 train_time:664771ms step_avg:207.16ms
step:3210/4740 train_time:665094ms step_avg:207.19ms
step:3211/4740 train_time:665276ms step_avg:207.19ms
step:3212/4740 train_time:665595ms step_avg:207.22ms
step:3213/4740 train_time:665780ms step_avg:207.21ms
step:3214/4740 train_time:666100ms step_avg:207.25ms
step:3215/4740 train_time:666285ms step_avg:207.24ms
step:3216/4740 train_time:666609ms step_avg:207.28ms
step:3217/4740 train_time:666792ms step_avg:207.27ms
step:3218/4740 train_time:667112ms step_avg:207.31ms
step:3219/4740 train_time:667300ms step_avg:207.30ms
step:3220/4740 train_time:667626ms step_avg:207.34ms
step:3221/4740 train_time:667806ms step_avg:207.33ms
step:3222/4740 train_time:668129ms step_avg:207.36ms
step:3223/4740 train_time:668312ms step_avg:207.36ms
step:3224/4740 train_time:668636ms step_avg:207.39ms
step:3225/4740 train_time:668821ms step_avg:207.39ms
step:3226/4740 train_time:669147ms step_avg:207.42ms
step:3227/4740 train_time:669327ms step_avg:207.41ms
step:3228/4740 train_time:669650ms step_avg:207.45ms
step:3229/4740 train_time:669833ms step_avg:207.44ms
step:3230/4740 train_time:670158ms step_avg:207.48ms
step:3231/4740 train_time:670337ms step_avg:207.47ms
step:3232/4740 train_time:670663ms step_avg:207.51ms
step:3233/4740 train_time:670849ms step_avg:207.50ms
step:3234/4740 train_time:671170ms step_avg:207.54ms
step:3235/4740 train_time:671352ms step_avg:207.53ms
step:3236/4740 train_time:671671ms step_avg:207.56ms
step:3237/4740 train_time:671857ms step_avg:207.56ms
step:3238/4740 train_time:672174ms step_avg:207.59ms
step:3239/4740 train_time:672359ms step_avg:207.58ms
step:3240/4740 train_time:672680ms step_avg:207.62ms
step:3241/4740 train_time:672866ms step_avg:207.61ms
step:3242/4740 train_time:673189ms step_avg:207.65ms
step:3243/4740 train_time:673371ms step_avg:207.64ms
step:3244/4740 train_time:673696ms step_avg:207.67ms
step:3245/4740 train_time:673880ms step_avg:207.67ms
step:3246/4740 train_time:674202ms step_avg:207.70ms
step:3247/4740 train_time:674384ms step_avg:207.69ms
step:3248/4740 train_time:674708ms step_avg:207.73ms
step:3249/4740 train_time:674890ms step_avg:207.72ms
step:3250/4740 train_time:675215ms step_avg:207.76ms
step:3250/4740 val_loss:3.0533 train_time:675343ms step_avg:207.80ms
step:3251/4740 train_time:675399ms step_avg:207.75ms
step:3252/4740 train_time:675725ms step_avg:207.79ms
step:3253/4740 train_time:675910ms step_avg:207.78ms
step:3254/4740 train_time:676232ms step_avg:207.82ms
step:3255/4740 train_time:676412ms step_avg:207.81ms
step:3256/4740 train_time:676739ms step_avg:207.84ms
step:3257/4740 train_time:676927ms step_avg:207.84ms
step:3258/4740 train_time:677246ms step_avg:207.87ms
step:3259/4740 train_time:677426ms step_avg:207.86ms
step:3260/4740 train_time:677750ms step_avg:207.90ms
step:3261/4740 train_time:677936ms step_avg:207.89ms
step:3262/4740 train_time:678254ms step_avg:207.93ms
step:3263/4740 train_time:678437ms step_avg:207.92ms
step:3264/4740 train_time:678763ms step_avg:207.95ms
step:3265/4740 train_time:678946ms step_avg:207.95ms
step:3266/4740 train_time:679267ms step_avg:207.98ms
step:3267/4740 train_time:679449ms step_avg:207.97ms
step:3268/4740 train_time:679776ms step_avg:208.01ms
step:3269/4740 train_time:679955ms step_avg:208.00ms
step:3270/4740 train_time:680277ms step_avg:208.04ms
step:3271/4740 train_time:680459ms step_avg:208.03ms
step:3272/4740 train_time:680782ms step_avg:208.06ms
step:3273/4740 train_time:680965ms step_avg:208.06ms
step:3274/4740 train_time:681285ms step_avg:208.09ms
step:3275/4740 train_time:681468ms step_avg:208.08ms
step:3276/4740 train_time:681795ms step_avg:208.12ms
step:3277/4740 train_time:681977ms step_avg:208.11ms
step:3278/4740 train_time:682299ms step_avg:208.14ms
step:3279/4740 train_time:682479ms step_avg:208.14ms
step:3280/4740 train_time:682801ms step_avg:208.17ms
step:3281/4740 train_time:682984ms step_avg:208.16ms
step:3282/4740 train_time:683306ms step_avg:208.20ms
step:3283/4740 train_time:683486ms step_avg:208.19ms
step:3284/4740 train_time:683812ms step_avg:208.23ms
step:3285/4740 train_time:683996ms step_avg:208.22ms
step:3286/4740 train_time:684316ms step_avg:208.25ms
step:3287/4740 train_time:684496ms step_avg:208.24ms
step:3288/4740 train_time:684817ms step_avg:208.28ms
step:3289/4740 train_time:685000ms step_avg:208.27ms
step:3290/4740 train_time:685322ms step_avg:208.30ms
step:3291/4740 train_time:685505ms step_avg:208.30ms
step:3292/4740 train_time:685827ms step_avg:208.33ms
step:3293/4740 train_time:686006ms step_avg:208.32ms
step:3294/4740 train_time:686327ms step_avg:208.36ms
step:3295/4740 train_time:686510ms step_avg:208.35ms
step:3296/4740 train_time:686835ms step_avg:208.38ms
step:3297/4740 train_time:687018ms step_avg:208.38ms
step:3298/4740 train_time:687336ms step_avg:208.41ms
step:3299/4740 train_time:687519ms step_avg:208.40ms
step:3300/4740 train_time:687843ms step_avg:208.44ms
step:3301/4740 train_time:688024ms step_avg:208.43ms
step:3302/4740 train_time:688344ms step_avg:208.46ms
step:3303/4740 train_time:688528ms step_avg:208.46ms
step:3304/4740 train_time:688854ms step_avg:208.49ms
step:3305/4740 train_time:689037ms step_avg:208.48ms
step:3306/4740 train_time:689357ms step_avg:208.52ms
step:3307/4740 train_time:689541ms step_avg:208.51ms
step:3308/4740 train_time:689862ms step_avg:208.54ms
step:3309/4740 train_time:690046ms step_avg:208.54ms
step:3310/4740 train_time:690369ms step_avg:208.57ms
step:3311/4740 train_time:690552ms step_avg:208.56ms
step:3312/4740 train_time:690875ms step_avg:208.60ms
step:3313/4740 train_time:691055ms step_avg:208.59ms
step:3314/4740 train_time:691377ms step_avg:208.62ms
step:3315/4740 train_time:691562ms step_avg:208.62ms
step:3316/4740 train_time:691887ms step_avg:208.65ms
step:3317/4740 train_time:692071ms step_avg:208.64ms
step:3318/4740 train_time:692390ms step_avg:208.68ms
step:3319/4740 train_time:692576ms step_avg:208.67ms
step:3320/4740 train_time:692897ms step_avg:208.70ms
step:3321/4740 train_time:693078ms step_avg:208.70ms
step:3322/4740 train_time:693402ms step_avg:208.73ms
step:3323/4740 train_time:693586ms step_avg:208.72ms
step:3324/4740 train_time:693907ms step_avg:208.76ms
step:3325/4740 train_time:694091ms step_avg:208.75ms
step:3326/4740 train_time:694415ms step_avg:208.78ms
step:3327/4740 train_time:694598ms step_avg:208.78ms
step:3328/4740 train_time:694922ms step_avg:208.81ms
step:3329/4740 train_time:695104ms step_avg:208.80ms
step:3330/4740 train_time:695424ms step_avg:208.84ms
step:3331/4740 train_time:695608ms step_avg:208.83ms
step:3332/4740 train_time:695934ms step_avg:208.86ms
step:3333/4740 train_time:696118ms step_avg:208.86ms
step:3334/4740 train_time:696441ms step_avg:208.89ms
step:3335/4740 train_time:696619ms step_avg:208.88ms
step:3336/4740 train_time:696945ms step_avg:208.92ms
step:3337/4740 train_time:697123ms step_avg:208.91ms
step:3338/4740 train_time:697447ms step_avg:208.94ms
step:3339/4740 train_time:697627ms step_avg:208.93ms
step:3340/4740 train_time:697951ms step_avg:208.97ms
step:3341/4740 train_time:698134ms step_avg:208.96ms
step:3342/4740 train_time:698455ms step_avg:208.99ms
step:3343/4740 train_time:698640ms step_avg:208.99ms
step:3344/4740 train_time:698963ms step_avg:209.02ms
step:3345/4740 train_time:699148ms step_avg:209.01ms
step:3346/4740 train_time:699469ms step_avg:209.05ms
step:3347/4740 train_time:699651ms step_avg:209.04ms
step:3348/4740 train_time:699975ms step_avg:209.07ms
step:3349/4740 train_time:700162ms step_avg:209.07ms
step:3350/4740 train_time:700485ms step_avg:209.10ms
step:3351/4740 train_time:700669ms step_avg:209.09ms
step:3352/4740 train_time:700995ms step_avg:209.13ms
step:3353/4740 train_time:701177ms step_avg:209.12ms
step:3354/4740 train_time:701499ms step_avg:209.15ms
step:3355/4740 train_time:701682ms step_avg:209.15ms
step:3356/4740 train_time:702007ms step_avg:209.18ms
step:3357/4740 train_time:702188ms step_avg:209.17ms
step:3358/4740 train_time:702510ms step_avg:209.21ms
step:3359/4740 train_time:702692ms step_avg:209.20ms
step:3360/4740 train_time:703017ms step_avg:209.23ms
step:3361/4740 train_time:703197ms step_avg:209.22ms
step:3362/4740 train_time:703518ms step_avg:209.26ms
step:3363/4740 train_time:703703ms step_avg:209.25ms
step:3364/4740 train_time:704032ms step_avg:209.28ms
step:3365/4740 train_time:704214ms step_avg:209.28ms
step:3366/4740 train_time:704537ms step_avg:209.31ms
step:3367/4740 train_time:704716ms step_avg:209.30ms
step:3368/4740 train_time:705040ms step_avg:209.33ms
step:3369/4740 train_time:705221ms step_avg:209.33ms
step:3370/4740 train_time:705544ms step_avg:209.36ms
step:3371/4740 train_time:705725ms step_avg:209.35ms
step:3372/4740 train_time:706048ms step_avg:209.39ms
step:3373/4740 train_time:706230ms step_avg:209.38ms
step:3374/4740 train_time:706551ms step_avg:209.41ms
step:3375/4740 train_time:706733ms step_avg:209.40ms
step:3376/4740 train_time:707056ms step_avg:209.44ms
step:3377/4740 train_time:707240ms step_avg:209.43ms
step:3378/4740 train_time:707559ms step_avg:209.46ms
step:3379/4740 train_time:707743ms step_avg:209.45ms
step:3380/4740 train_time:708065ms step_avg:209.49ms
step:3381/4740 train_time:708248ms step_avg:209.48ms
step:3382/4740 train_time:708567ms step_avg:209.51ms
step:3383/4740 train_time:708753ms step_avg:209.50ms
step:3384/4740 train_time:709078ms step_avg:209.54ms
step:3385/4740 train_time:709258ms step_avg:209.53ms
step:3386/4740 train_time:709584ms step_avg:209.56ms
step:3387/4740 train_time:709769ms step_avg:209.56ms
step:3388/4740 train_time:710093ms step_avg:209.59ms
step:3389/4740 train_time:710277ms step_avg:209.58ms
step:3390/4740 train_time:710602ms step_avg:209.62ms
step:3391/4740 train_time:710782ms step_avg:209.61ms
step:3392/4740 train_time:711104ms step_avg:209.64ms
step:3393/4740 train_time:711285ms step_avg:209.63ms
step:3394/4740 train_time:711612ms step_avg:209.67ms
step:3395/4740 train_time:711795ms step_avg:209.66ms
step:3396/4740 train_time:712117ms step_avg:209.69ms
step:3397/4740 train_time:712305ms step_avg:209.69ms
step:3398/4740 train_time:712628ms step_avg:209.72ms
step:3399/4740 train_time:712811ms step_avg:209.71ms
step:3400/4740 train_time:713136ms step_avg:209.75ms
step:3401/4740 train_time:713318ms step_avg:209.74ms
step:3402/4740 train_time:713639ms step_avg:209.77ms
step:3403/4740 train_time:713823ms step_avg:209.76ms
step:3404/4740 train_time:714147ms step_avg:209.80ms
step:3405/4740 train_time:714329ms step_avg:209.79ms
step:3406/4740 train_time:714650ms step_avg:209.82ms
step:3407/4740 train_time:714832ms step_avg:209.81ms
step:3408/4740 train_time:715154ms step_avg:209.85ms
step:3409/4740 train_time:715337ms step_avg:209.84ms
step:3410/4740 train_time:715658ms step_avg:209.87ms
step:3411/4740 train_time:715840ms step_avg:209.86ms
step:3412/4740 train_time:716166ms step_avg:209.90ms
step:3413/4740 train_time:716349ms step_avg:209.89ms
step:3414/4740 train_time:716672ms step_avg:209.92ms
step:3415/4740 train_time:716853ms step_avg:209.91ms
step:3416/4740 train_time:717176ms step_avg:209.95ms
step:3417/4740 train_time:717360ms step_avg:209.94ms
step:3418/4740 train_time:717682ms step_avg:209.97ms
step:3419/4740 train_time:717864ms step_avg:209.96ms
step:3420/4740 train_time:718190ms step_avg:210.00ms
step:3421/4740 train_time:718375ms step_avg:209.99ms
step:3422/4740 train_time:718696ms step_avg:210.02ms
step:3423/4740 train_time:718880ms step_avg:210.01ms
step:3424/4740 train_time:719199ms step_avg:210.05ms
step:3425/4740 train_time:719383ms step_avg:210.04ms
step:3426/4740 train_time:719706ms step_avg:210.07ms
step:3427/4740 train_time:719887ms step_avg:210.06ms
step:3428/4740 train_time:720210ms step_avg:210.10ms
step:3429/4740 train_time:720391ms step_avg:210.09ms
step:3430/4740 train_time:720714ms step_avg:210.12ms
step:3431/4740 train_time:720897ms step_avg:210.11ms
step:3432/4740 train_time:721218ms step_avg:210.15ms
step:3433/4740 train_time:721402ms step_avg:210.14ms
step:3434/4740 train_time:721722ms step_avg:210.17ms
step:3435/4740 train_time:721906ms step_avg:210.16ms
step:3436/4740 train_time:722225ms step_avg:210.19ms
step:3437/4740 train_time:722409ms step_avg:210.19ms
step:3438/4740 train_time:722733ms step_avg:210.22ms
step:3439/4740 train_time:722916ms step_avg:210.21ms
step:3440/4740 train_time:723238ms step_avg:210.24ms
step:3441/4740 train_time:723423ms step_avg:210.24ms
step:3442/4740 train_time:723743ms step_avg:210.27ms
step:3443/4740 train_time:723925ms step_avg:210.26ms
step:3444/4740 train_time:724247ms step_avg:210.29ms
step:3445/4740 train_time:724432ms step_avg:210.29ms
step:3446/4740 train_time:724755ms step_avg:210.32ms
step:3447/4740 train_time:724937ms step_avg:210.31ms
step:3448/4740 train_time:725258ms step_avg:210.34ms
step:3449/4740 train_time:725443ms step_avg:210.33ms
step:3450/4740 train_time:725763ms step_avg:210.37ms
step:3451/4740 train_time:725949ms step_avg:210.36ms
step:3452/4740 train_time:726272ms step_avg:210.39ms
step:3453/4740 train_time:726457ms step_avg:210.38ms
step:3454/4740 train_time:726777ms step_avg:210.42ms
step:3455/4740 train_time:726961ms step_avg:210.41ms
step:3456/4740 train_time:727284ms step_avg:210.44ms
step:3457/4740 train_time:727464ms step_avg:210.43ms
step:3458/4740 train_time:727786ms step_avg:210.46ms
step:3459/4740 train_time:727971ms step_avg:210.46ms
step:3460/4740 train_time:728296ms step_avg:210.49ms
step:3461/4740 train_time:728479ms step_avg:210.48ms
step:3462/4740 train_time:728803ms step_avg:210.51ms
step:3463/4740 train_time:728983ms step_avg:210.51ms
step:3464/4740 train_time:729308ms step_avg:210.54ms
step:3465/4740 train_time:729491ms step_avg:210.53ms
step:3466/4740 train_time:729813ms step_avg:210.56ms
step:3467/4740 train_time:729998ms step_avg:210.56ms
step:3468/4740 train_time:730319ms step_avg:210.59ms
step:3469/4740 train_time:730505ms step_avg:210.58ms
step:3470/4740 train_time:730827ms step_avg:210.61ms
step:3471/4740 train_time:731009ms step_avg:210.60ms
step:3472/4740 train_time:731333ms step_avg:210.64ms
step:3473/4740 train_time:731518ms step_avg:210.63ms
step:3474/4740 train_time:731837ms step_avg:210.66ms
step:3475/4740 train_time:732023ms step_avg:210.65ms
step:3476/4740 train_time:732342ms step_avg:210.69ms
step:3477/4740 train_time:732525ms step_avg:210.68ms
step:3478/4740 train_time:732850ms step_avg:210.71ms
step:3479/4740 train_time:733037ms step_avg:210.70ms
step:3480/4740 train_time:733360ms step_avg:210.74ms
step:3481/4740 train_time:733537ms step_avg:210.73ms
step:3482/4740 train_time:733864ms step_avg:210.76ms
step:3483/4740 train_time:734044ms step_avg:210.75ms
step:3484/4740 train_time:734368ms step_avg:210.78ms
step:3485/4740 train_time:734551ms step_avg:210.78ms
step:3486/4740 train_time:734876ms step_avg:210.81ms
step:3487/4740 train_time:735057ms step_avg:210.80ms
step:3488/4740 train_time:735382ms step_avg:210.83ms
step:3489/4740 train_time:735562ms step_avg:210.82ms
step:3490/4740 train_time:735885ms step_avg:210.86ms
step:3491/4740 train_time:736068ms step_avg:210.85ms
step:3492/4740 train_time:736389ms step_avg:210.88ms
step:3493/4740 train_time:736571ms step_avg:210.87ms
step:3494/4740 train_time:736897ms step_avg:210.90ms
step:3495/4740 train_time:737079ms step_avg:210.90ms
step:3496/4740 train_time:737398ms step_avg:210.93ms
step:3497/4740 train_time:737584ms step_avg:210.92ms
step:3498/4740 train_time:737906ms step_avg:210.95ms
step:3499/4740 train_time:738088ms step_avg:210.94ms
step:3500/4740 train_time:738413ms step_avg:210.98ms
step:3500/4740 val_loss:3.0239 train_time:738538ms step_avg:211.01ms
step:3501/4740 train_time:738595ms step_avg:210.97ms
step:3502/4740 train_time:738925ms step_avg:211.00ms
step:3503/4740 train_time:739104ms step_avg:210.99ms
step:3504/4740 train_time:739417ms step_avg:211.02ms
step:3505/4740 train_time:739602ms step_avg:211.01ms
step:3506/4740 train_time:739930ms step_avg:211.05ms
step:3507/4740 train_time:740115ms step_avg:211.04ms
step:3508/4740 train_time:740435ms step_avg:211.07ms
step:3509/4740 train_time:740613ms step_avg:211.06ms
step:3510/4740 train_time:740940ms step_avg:211.09ms
step:3511/4740 train_time:741123ms step_avg:211.09ms
step:3512/4740 train_time:741443ms step_avg:211.12ms
step:3513/4740 train_time:741626ms step_avg:211.11ms
step:3514/4740 train_time:741948ms step_avg:211.14ms
step:3515/4740 train_time:742133ms step_avg:211.13ms
step:3516/4740 train_time:742456ms step_avg:211.16ms
step:3517/4740 train_time:742639ms step_avg:211.16ms
step:3518/4740 train_time:742955ms step_avg:211.19ms
step:3519/4740 train_time:743144ms step_avg:211.18ms
step:3520/4740 train_time:743467ms step_avg:211.21ms
step:3521/4740 train_time:743651ms step_avg:211.20ms
step:3522/4740 train_time:743972ms step_avg:211.24ms
step:3523/4740 train_time:744156ms step_avg:211.23ms
step:3524/4740 train_time:744479ms step_avg:211.26ms
step:3525/4740 train_time:744661ms step_avg:211.25ms
step:3526/4740 train_time:744986ms step_avg:211.28ms
step:3527/4740 train_time:745169ms step_avg:211.28ms
step:3528/4740 train_time:745490ms step_avg:211.31ms
step:3529/4740 train_time:745672ms step_avg:211.30ms
step:3530/4740 train_time:745996ms step_avg:211.33ms
step:3531/4740 train_time:746178ms step_avg:211.32ms
step:3532/4740 train_time:746502ms step_avg:211.35ms
step:3533/4740 train_time:746682ms step_avg:211.35ms
step:3534/4740 train_time:747006ms step_avg:211.38ms
step:3535/4740 train_time:747189ms step_avg:211.37ms
step:3536/4740 train_time:747512ms step_avg:211.40ms
step:3537/4740 train_time:747691ms step_avg:211.39ms
step:3538/4740 train_time:748013ms step_avg:211.42ms
step:3539/4740 train_time:748197ms step_avg:211.41ms
step:3540/4740 train_time:748518ms step_avg:211.45ms
step:3541/4740 train_time:748702ms step_avg:211.44ms
step:3542/4740 train_time:749026ms step_avg:211.47ms
step:3543/4740 train_time:749208ms step_avg:211.46ms
step:3544/4740 train_time:749527ms step_avg:211.49ms
step:3545/4740 train_time:749708ms step_avg:211.48ms
step:3546/4740 train_time:750029ms step_avg:211.51ms
step:3547/4740 train_time:750216ms step_avg:211.51ms
step:3548/4740 train_time:750537ms step_avg:211.54ms
step:3549/4740 train_time:750719ms step_avg:211.53ms
step:3550/4740 train_time:751045ms step_avg:211.56ms
step:3551/4740 train_time:751225ms step_avg:211.55ms
step:3552/4740 train_time:751548ms step_avg:211.58ms
step:3553/4740 train_time:751732ms step_avg:211.58ms
step:3554/4740 train_time:752053ms step_avg:211.61ms
step:3555/4740 train_time:752240ms step_avg:211.60ms
step:3556/4740 train_time:752564ms step_avg:211.63ms
step:3557/4740 train_time:752749ms step_avg:211.62ms
step:3558/4740 train_time:753073ms step_avg:211.66ms
step:3559/4740 train_time:753253ms step_avg:211.65ms
step:3560/4740 train_time:753572ms step_avg:211.68ms
step:3561/4740 train_time:753756ms step_avg:211.67ms
step:3562/4740 train_time:754079ms step_avg:211.70ms
step:3563/4740 train_time:754260ms step_avg:211.69ms
step:3564/4740 train_time:754579ms step_avg:211.72ms
step:3565/4740 train_time:754765ms step_avg:211.72ms
step:3566/4740 train_time:755086ms step_avg:211.75ms
step:3567/4740 train_time:755270ms step_avg:211.74ms
step:3568/4740 train_time:755590ms step_avg:211.77ms
step:3569/4740 train_time:755771ms step_avg:211.76ms
step:3570/4740 train_time:756094ms step_avg:211.79ms
step:3571/4740 train_time:756279ms step_avg:211.78ms
step:3572/4740 train_time:756603ms step_avg:211.81ms
step:3573/4740 train_time:756783ms step_avg:211.81ms
step:3574/4740 train_time:757107ms step_avg:211.84ms
step:3575/4740 train_time:757288ms step_avg:211.83ms
step:3576/4740 train_time:757612ms step_avg:211.86ms
step:3577/4740 train_time:757792ms step_avg:211.85ms
step:3578/4740 train_time:758117ms step_avg:211.88ms
step:3579/4740 train_time:758301ms step_avg:211.88ms
step:3580/4740 train_time:758626ms step_avg:211.91ms
step:3581/4740 train_time:758811ms step_avg:211.90ms
step:3582/4740 train_time:759138ms step_avg:211.93ms
step:3583/4740 train_time:759322ms step_avg:211.92ms
step:3584/4740 train_time:759643ms step_avg:211.95ms
step:3585/4740 train_time:759825ms step_avg:211.95ms
step:3586/4740 train_time:760146ms step_avg:211.98ms
step:3587/4740 train_time:760331ms step_avg:211.97ms
step:3588/4740 train_time:760654ms step_avg:212.00ms
step:3589/4740 train_time:760839ms step_avg:211.99ms
step:3590/4740 train_time:761157ms step_avg:212.02ms
step:3591/4740 train_time:761343ms step_avg:212.01ms
step:3592/4740 train_time:761661ms step_avg:212.04ms
step:3593/4740 train_time:761849ms step_avg:212.04ms
step:3594/4740 train_time:762171ms step_avg:212.07ms
step:3595/4740 train_time:762351ms step_avg:212.06ms
step:3596/4740 train_time:762672ms step_avg:212.09ms
step:3597/4740 train_time:762858ms step_avg:212.08ms
step:3598/4740 train_time:763180ms step_avg:212.11ms
step:3599/4740 train_time:763364ms step_avg:212.10ms
step:3600/4740 train_time:763687ms step_avg:212.14ms
step:3601/4740 train_time:763868ms step_avg:212.13ms
step:3602/4740 train_time:764186ms step_avg:212.16ms
step:3603/4740 train_time:764374ms step_avg:212.15ms
step:3604/4740 train_time:764695ms step_avg:212.18ms
step:3605/4740 train_time:764877ms step_avg:212.17ms
step:3606/4740 train_time:765198ms step_avg:212.20ms
step:3607/4740 train_time:765379ms step_avg:212.19ms
step:3608/4740 train_time:765703ms step_avg:212.22ms
step:3609/4740 train_time:765884ms step_avg:212.21ms
step:3610/4740 train_time:766207ms step_avg:212.25ms
step:3611/4740 train_time:766388ms step_avg:212.24ms
step:3612/4740 train_time:766709ms step_avg:212.27ms
step:3613/4740 train_time:766892ms step_avg:212.26ms
step:3614/4740 train_time:767216ms step_avg:212.29ms
step:3615/4740 train_time:767398ms step_avg:212.28ms
step:3616/4740 train_time:767722ms step_avg:212.31ms
step:3617/4740 train_time:767913ms step_avg:212.31ms
step:3618/4740 train_time:768235ms step_avg:212.34ms
step:3619/4740 train_time:768415ms step_avg:212.33ms
step:3620/4740 train_time:768737ms step_avg:212.36ms
step:3621/4740 train_time:768921ms step_avg:212.35ms
step:3622/4740 train_time:769244ms step_avg:212.38ms
step:3623/4740 train_time:769430ms step_avg:212.37ms
step:3624/4740 train_time:769753ms step_avg:212.40ms
step:3625/4740 train_time:769937ms step_avg:212.40ms
step:3626/4740 train_time:770255ms step_avg:212.43ms
step:3627/4740 train_time:770444ms step_avg:212.42ms
step:3628/4740 train_time:770764ms step_avg:212.45ms
step:3629/4740 train_time:770951ms step_avg:212.44ms
step:3630/4740 train_time:771273ms step_avg:212.47ms
step:3631/4740 train_time:771456ms step_avg:212.46ms
step:3632/4740 train_time:771780ms step_avg:212.49ms
step:3633/4740 train_time:771962ms step_avg:212.49ms
step:3634/4740 train_time:772287ms step_avg:212.52ms
step:3635/4740 train_time:772469ms step_avg:212.51ms
step:3636/4740 train_time:772790ms step_avg:212.54ms
step:3637/4740 train_time:772973ms step_avg:212.53ms
step:3638/4740 train_time:773296ms step_avg:212.56ms
step:3639/4740 train_time:773477ms step_avg:212.55ms
step:3640/4740 train_time:773798ms step_avg:212.58ms
step:3641/4740 train_time:773977ms step_avg:212.57ms
step:3642/4740 train_time:774299ms step_avg:212.60ms
step:3643/4740 train_time:774483ms step_avg:212.59ms
step:3644/4740 train_time:774806ms step_avg:212.63ms
step:3645/4740 train_time:774989ms step_avg:212.62ms
step:3646/4740 train_time:775309ms step_avg:212.65ms
step:3647/4740 train_time:775496ms step_avg:212.64ms
step:3648/4740 train_time:775820ms step_avg:212.67ms
step:3649/4740 train_time:776003ms step_avg:212.66ms
step:3650/4740 train_time:776330ms step_avg:212.69ms
step:3651/4740 train_time:776514ms step_avg:212.69ms
step:3652/4740 train_time:776837ms step_avg:212.72ms
step:3653/4740 train_time:777018ms step_avg:212.71ms
step:3654/4740 train_time:777340ms step_avg:212.74ms
step:3655/4740 train_time:777524ms step_avg:212.73ms
step:3656/4740 train_time:777845ms step_avg:212.76ms
step:3657/4740 train_time:778023ms step_avg:212.75ms
step:3658/4740 train_time:778345ms step_avg:212.78ms
step:3659/4740 train_time:778532ms step_avg:212.77ms
step:3660/4740 train_time:778852ms step_avg:212.80ms
step:3661/4740 train_time:779038ms step_avg:212.79ms
step:3662/4740 train_time:779359ms step_avg:212.82ms
step:3663/4740 train_time:779544ms step_avg:212.82ms
step:3664/4740 train_time:779870ms step_avg:212.85ms
step:3665/4740 train_time:780055ms step_avg:212.84ms
step:3666/4740 train_time:780375ms step_avg:212.87ms
step:3667/4740 train_time:780561ms step_avg:212.86ms
step:3668/4740 train_time:780883ms step_avg:212.89ms
step:3669/4740 train_time:781066ms step_avg:212.88ms
step:3670/4740 train_time:781387ms step_avg:212.91ms
step:3671/4740 train_time:781570ms step_avg:212.90ms
step:3672/4740 train_time:781893ms step_avg:212.93ms
step:3673/4740 train_time:782074ms step_avg:212.93ms
step:3674/4740 train_time:782395ms step_avg:212.95ms
step:3675/4740 train_time:782576ms step_avg:212.95ms
step:3676/4740 train_time:782896ms step_avg:212.98ms
step:3677/4740 train_time:783078ms step_avg:212.97ms
step:3678/4740 train_time:783408ms step_avg:213.00ms
step:3679/4740 train_time:783590ms step_avg:212.99ms
step:3680/4740 train_time:783913ms step_avg:213.02ms
step:3681/4740 train_time:784096ms step_avg:213.01ms
step:3682/4740 train_time:784417ms step_avg:213.04ms
step:3683/4740 train_time:784596ms step_avg:213.03ms
step:3684/4740 train_time:784926ms step_avg:213.06ms
step:3685/4740 train_time:785103ms step_avg:213.05ms
step:3686/4740 train_time:785425ms step_avg:213.08ms
step:3687/4740 train_time:785613ms step_avg:213.08ms
step:3688/4740 train_time:785931ms step_avg:213.11ms
step:3689/4740 train_time:786111ms step_avg:213.10ms
step:3690/4740 train_time:786436ms step_avg:213.13ms
step:3691/4740 train_time:786619ms step_avg:213.12ms
step:3692/4740 train_time:786943ms step_avg:213.15ms
step:3693/4740 train_time:787122ms step_avg:213.14ms
step:3694/4740 train_time:787446ms step_avg:213.17ms
step:3695/4740 train_time:787630ms step_avg:213.16ms
step:3696/4740 train_time:787950ms step_avg:213.19ms
step:3697/4740 train_time:788129ms step_avg:213.18ms
step:3698/4740 train_time:788450ms step_avg:213.21ms
step:3699/4740 train_time:788632ms step_avg:213.20ms
step:3700/4740 train_time:788953ms step_avg:213.23ms
step:3701/4740 train_time:789137ms step_avg:213.22ms
step:3702/4740 train_time:789459ms step_avg:213.25ms
step:3703/4740 train_time:789645ms step_avg:213.24ms
step:3704/4740 train_time:789965ms step_avg:213.27ms
step:3705/4740 train_time:790151ms step_avg:213.27ms
step:3706/4740 train_time:790470ms step_avg:213.29ms
step:3707/4740 train_time:790657ms step_avg:213.29ms
step:3708/4740 train_time:790979ms step_avg:213.32ms
step:3709/4740 train_time:791159ms step_avg:213.31ms
step:3710/4740 train_time:791480ms step_avg:213.34ms
step:3711/4740 train_time:791665ms step_avg:213.33ms
step:3712/4740 train_time:791988ms step_avg:213.36ms
step:3713/4740 train_time:792167ms step_avg:213.35ms
step:3714/4740 train_time:792490ms step_avg:213.38ms
step:3715/4740 train_time:792671ms step_avg:213.37ms
step:3716/4740 train_time:792994ms step_avg:213.40ms
step:3717/4740 train_time:793178ms step_avg:213.39ms
step:3718/4740 train_time:793500ms step_avg:213.42ms
step:3719/4740 train_time:793682ms step_avg:213.41ms
step:3720/4740 train_time:794007ms step_avg:213.44ms
step:3721/4740 train_time:794189ms step_avg:213.43ms
step:3722/4740 train_time:794509ms step_avg:213.46ms
step:3723/4740 train_time:794691ms step_avg:213.45ms
step:3724/4740 train_time:795015ms step_avg:213.48ms
step:3725/4740 train_time:795197ms step_avg:213.48ms
step:3726/4740 train_time:795516ms step_avg:213.50ms
step:3727/4740 train_time:795706ms step_avg:213.50ms
step:3728/4740 train_time:796027ms step_avg:213.53ms
step:3729/4740 train_time:796208ms step_avg:213.52ms
step:3730/4740 train_time:796528ms step_avg:213.55ms
step:3731/4740 train_time:796716ms step_avg:213.54ms
step:3732/4740 train_time:797038ms step_avg:213.57ms
step:3733/4740 train_time:797221ms step_avg:213.56ms
step:3734/4740 train_time:797545ms step_avg:213.59ms
step:3735/4740 train_time:797730ms step_avg:213.58ms
step:3736/4740 train_time:798051ms step_avg:213.61ms
step:3737/4740 train_time:798232ms step_avg:213.60ms
step:3738/4740 train_time:798553ms step_avg:213.63ms
step:3739/4740 train_time:798741ms step_avg:213.62ms
step:3740/4740 train_time:799064ms step_avg:213.65ms
step:3741/4740 train_time:799246ms step_avg:213.64ms
step:3742/4740 train_time:799568ms step_avg:213.67ms
step:3743/4740 train_time:799757ms step_avg:213.67ms
step:3744/4740 train_time:800077ms step_avg:213.70ms
step:3745/4740 train_time:800261ms step_avg:213.69ms
step:3746/4740 train_time:800581ms step_avg:213.72ms
step:3747/4740 train_time:800770ms step_avg:213.71ms
step:3748/4740 train_time:801091ms step_avg:213.74ms
step:3749/4740 train_time:801271ms step_avg:213.73ms
step:3750/4740 train_time:801596ms step_avg:213.76ms
step:3750/4740 val_loss:2.9984 train_time:801722ms step_avg:213.79ms
step:3751/4740 train_time:801778ms step_avg:213.75ms
step:3752/4740 train_time:802112ms step_avg:213.78ms
step:3753/4740 train_time:802294ms step_avg:213.77ms
step:3754/4740 train_time:802612ms step_avg:213.80ms
step:3755/4740 train_time:802798ms step_avg:213.79ms
step:3756/4740 train_time:803121ms step_avg:213.82ms
step:3757/4740 train_time:803308ms step_avg:213.82ms
step:3758/4740 train_time:803629ms step_avg:213.84ms
step:3759/4740 train_time:803808ms step_avg:213.84ms
step:3760/4740 train_time:804133ms step_avg:213.87ms
step:3761/4740 train_time:804318ms step_avg:213.86ms
step:3762/4740 train_time:804633ms step_avg:213.88ms
step:3763/4740 train_time:804815ms step_avg:213.88ms
step:3764/4740 train_time:805138ms step_avg:213.90ms
step:3765/4740 train_time:805321ms step_avg:213.90ms
step:3766/4740 train_time:805639ms step_avg:213.92ms
step:3767/4740 train_time:805819ms step_avg:213.92ms
step:3768/4740 train_time:806143ms step_avg:213.94ms
step:3769/4740 train_time:806325ms step_avg:213.94ms
step:3770/4740 train_time:806650ms step_avg:213.97ms
step:3771/4740 train_time:806830ms step_avg:213.96ms
step:3772/4740 train_time:807152ms step_avg:213.99ms
step:3773/4740 train_time:807335ms step_avg:213.98ms
step:3774/4740 train_time:807654ms step_avg:214.00ms
step:3775/4740 train_time:807840ms step_avg:214.00ms
step:3776/4740 train_time:808160ms step_avg:214.03ms
step:3777/4740 train_time:808341ms step_avg:214.02ms
step:3778/4740 train_time:808665ms step_avg:214.05ms
step:3779/4740 train_time:808850ms step_avg:214.04ms
step:3780/4740 train_time:809174ms step_avg:214.07ms
step:3781/4740 train_time:809357ms step_avg:214.06ms
step:3782/4740 train_time:809677ms step_avg:214.09ms
step:3783/4740 train_time:809861ms step_avg:214.08ms
step:3784/4740 train_time:810183ms step_avg:214.11ms
step:3785/4740 train_time:810365ms step_avg:214.10ms
step:3786/4740 train_time:810685ms step_avg:214.13ms
step:3787/4740 train_time:810871ms step_avg:214.12ms
step:3788/4740 train_time:811192ms step_avg:214.15ms
step:3789/4740 train_time:811377ms step_avg:214.14ms
step:3790/4740 train_time:811703ms step_avg:214.17ms
step:3791/4740 train_time:811889ms step_avg:214.16ms
step:3792/4740 train_time:812213ms step_avg:214.19ms
step:3793/4740 train_time:812394ms step_avg:214.18ms
step:3794/4740 train_time:812720ms step_avg:214.21ms
step:3795/4740 train_time:812900ms step_avg:214.20ms
step:3796/4740 train_time:813220ms step_avg:214.23ms
step:3797/4740 train_time:813403ms step_avg:214.22ms
step:3798/4740 train_time:813729ms step_avg:214.25ms
step:3799/4740 train_time:813909ms step_avg:214.24ms
step:3800/4740 train_time:814233ms step_avg:214.27ms
step:3801/4740 train_time:814419ms step_avg:214.26ms
step:3802/4740 train_time:814737ms step_avg:214.29ms
step:3803/4740 train_time:814921ms step_avg:214.28ms
step:3804/4740 train_time:815242ms step_avg:214.31ms
step:3805/4740 train_time:815424ms step_avg:214.30ms
step:3806/4740 train_time:815745ms step_avg:214.33ms
step:3807/4740 train_time:815928ms step_avg:214.32ms
step:3808/4740 train_time:816256ms step_avg:214.35ms
step:3809/4740 train_time:816437ms step_avg:214.34ms
step:3810/4740 train_time:816756ms step_avg:214.37ms
step:3811/4740 train_time:816942ms step_avg:214.36ms
step:3812/4740 train_time:817262ms step_avg:214.39ms
step:3813/4740 train_time:817444ms step_avg:214.38ms
step:3814/4740 train_time:817763ms step_avg:214.41ms
step:3815/4740 train_time:817946ms step_avg:214.40ms
step:3816/4740 train_time:818264ms step_avg:214.43ms
step:3817/4740 train_time:818448ms step_avg:214.42ms
step:3818/4740 train_time:818772ms step_avg:214.45ms
step:3819/4740 train_time:818955ms step_avg:214.44ms
step:3820/4740 train_time:819275ms step_avg:214.47ms
step:3821/4740 train_time:819460ms step_avg:214.46ms
step:3822/4740 train_time:819777ms step_avg:214.49ms
step:3823/4740 train_time:819965ms step_avg:214.48ms
step:3824/4740 train_time:820286ms step_avg:214.51ms
step:3825/4740 train_time:820470ms step_avg:214.50ms
step:3826/4740 train_time:820795ms step_avg:214.53ms
step:3827/4740 train_time:820980ms step_avg:214.52ms
step:3828/4740 train_time:821298ms step_avg:214.55ms
step:3829/4740 train_time:821488ms step_avg:214.54ms
step:3830/4740 train_time:821807ms step_avg:214.57ms
step:3831/4740 train_time:821994ms step_avg:214.56ms
step:3832/4740 train_time:822317ms step_avg:214.59ms
step:3833/4740 train_time:822499ms step_avg:214.58ms
step:3834/4740 train_time:822822ms step_avg:214.61ms
step:3835/4740 train_time:823003ms step_avg:214.60ms
step:3836/4740 train_time:823326ms step_avg:214.63ms
step:3837/4740 train_time:823510ms step_avg:214.62ms
step:3838/4740 train_time:823834ms step_avg:214.65ms
step:3839/4740 train_time:824013ms step_avg:214.64ms
step:3840/4740 train_time:824333ms step_avg:214.67ms
step:3841/4740 train_time:824519ms step_avg:214.66ms
step:3842/4740 train_time:824841ms step_avg:214.69ms
step:3843/4740 train_time:825023ms step_avg:214.68ms
step:3844/4740 train_time:825349ms step_avg:214.71ms
step:3845/4740 train_time:825532ms step_avg:214.70ms
step:3846/4740 train_time:825854ms step_avg:214.73ms
step:3847/4740 train_time:826039ms step_avg:214.72ms
step:3848/4740 train_time:826361ms step_avg:214.75ms
step:3849/4740 train_time:826544ms step_avg:214.74ms
step:3850/4740 train_time:826865ms step_avg:214.77ms
step:3851/4740 train_time:827049ms step_avg:214.76ms
step:3852/4740 train_time:827372ms step_avg:214.79ms
step:3853/4740 train_time:827553ms step_avg:214.78ms
step:3854/4740 train_time:827873ms step_avg:214.81ms
step:3855/4740 train_time:828058ms step_avg:214.80ms
step:3856/4740 train_time:828382ms step_avg:214.83ms
step:3857/4740 train_time:828566ms step_avg:214.82ms
step:3858/4740 train_time:828886ms step_avg:214.85ms
step:3859/4740 train_time:829071ms step_avg:214.84ms
step:3860/4740 train_time:829393ms step_avg:214.87ms
step:3861/4740 train_time:829577ms step_avg:214.86ms
step:3862/4740 train_time:829898ms step_avg:214.89ms
step:3863/4740 train_time:830085ms step_avg:214.88ms
step:3864/4740 train_time:830410ms step_avg:214.91ms
step:3865/4740 train_time:830594ms step_avg:214.90ms
step:3866/4740 train_time:830916ms step_avg:214.93ms
step:3867/4740 train_time:831094ms step_avg:214.92ms
step:3868/4740 train_time:831416ms step_avg:214.95ms
step:3869/4740 train_time:831597ms step_avg:214.94ms
step:3870/4740 train_time:831925ms step_avg:214.97ms
step:3871/4740 train_time:832101ms step_avg:214.96ms
step:3872/4740 train_time:832427ms step_avg:214.99ms
step:3873/4740 train_time:832611ms step_avg:214.98ms
step:3874/4740 train_time:832932ms step_avg:215.01ms
step:3875/4740 train_time:833120ms step_avg:215.00ms
step:3876/4740 train_time:833439ms step_avg:215.03ms
step:3877/4740 train_time:833621ms step_avg:215.02ms
step:3878/4740 train_time:833947ms step_avg:215.05ms
step:3879/4740 train_time:834128ms step_avg:215.04ms
step:3880/4740 train_time:834452ms step_avg:215.06ms
step:3881/4740 train_time:834636ms step_avg:215.06ms
step:3882/4740 train_time:834956ms step_avg:215.08ms
step:3883/4740 train_time:835145ms step_avg:215.08ms
step:3884/4740 train_time:835464ms step_avg:215.10ms
step:3885/4740 train_time:835647ms step_avg:215.10ms
step:3886/4740 train_time:835969ms step_avg:215.12ms
step:3887/4740 train_time:836155ms step_avg:215.12ms
step:3888/4740 train_time:836476ms step_avg:215.14ms
step:3889/4740 train_time:836658ms step_avg:215.13ms
step:3890/4740 train_time:836980ms step_avg:215.16ms
step:3891/4740 train_time:837164ms step_avg:215.15ms
step:3892/4740 train_time:837486ms step_avg:215.18ms
step:3893/4740 train_time:837667ms step_avg:215.17ms
step:3894/4740 train_time:837990ms step_avg:215.20ms
step:3895/4740 train_time:838172ms step_avg:215.19ms
step:3896/4740 train_time:838491ms step_avg:215.22ms
step:3897/4740 train_time:838675ms step_avg:215.21ms
step:3898/4740 train_time:838996ms step_avg:215.24ms
step:3899/4740 train_time:839177ms step_avg:215.23ms
step:3900/4740 train_time:839500ms step_avg:215.26ms
step:3901/4740 train_time:839686ms step_avg:215.25ms
step:3902/4740 train_time:840014ms step_avg:215.28ms
step:3903/4740 train_time:840198ms step_avg:215.27ms
step:3904/4740 train_time:840523ms step_avg:215.30ms
step:3905/4740 train_time:840707ms step_avg:215.29ms
step:3906/4740 train_time:841030ms step_avg:215.32ms
step:3907/4740 train_time:841214ms step_avg:215.31ms
step:3908/4740 train_time:841536ms step_avg:215.34ms
step:3909/4740 train_time:841718ms step_avg:215.33ms
step:3910/4740 train_time:842037ms step_avg:215.35ms
step:3911/4740 train_time:842218ms step_avg:215.35ms
step:3912/4740 train_time:842538ms step_avg:215.37ms
step:3913/4740 train_time:842722ms step_avg:215.36ms
step:3914/4740 train_time:843047ms step_avg:215.39ms
step:3915/4740 train_time:843232ms step_avg:215.38ms
step:3916/4740 train_time:843557ms step_avg:215.41ms
step:3917/4740 train_time:843743ms step_avg:215.41ms
step:3918/4740 train_time:844064ms step_avg:215.43ms
step:3919/4740 train_time:844251ms step_avg:215.42ms
step:3920/4740 train_time:844571ms step_avg:215.45ms
step:3921/4740 train_time:844754ms step_avg:215.44ms
step:3922/4740 train_time:845078ms step_avg:215.47ms
step:3923/4740 train_time:845262ms step_avg:215.46ms
step:3924/4740 train_time:845586ms step_avg:215.49ms
step:3925/4740 train_time:845768ms step_avg:215.48ms
step:3926/4740 train_time:846088ms step_avg:215.51ms
step:3927/4740 train_time:846275ms step_avg:215.50ms
step:3928/4740 train_time:846596ms step_avg:215.53ms
step:3929/4740 train_time:846777ms step_avg:215.52ms
step:3930/4740 train_time:847101ms step_avg:215.55ms
step:3931/4740 train_time:847286ms step_avg:215.54ms
step:3932/4740 train_time:847606ms step_avg:215.57ms
step:3933/4740 train_time:847787ms step_avg:215.56ms
step:3934/4740 train_time:848112ms step_avg:215.59ms
step:3935/4740 train_time:848302ms step_avg:215.58ms
step:3936/4740 train_time:848619ms step_avg:215.60ms
step:3937/4740 train_time:848803ms step_avg:215.60ms
step:3938/4740 train_time:849128ms step_avg:215.62ms
step:3939/4740 train_time:849313ms step_avg:215.62ms
step:3940/4740 train_time:849637ms step_avg:215.64ms
step:3941/4740 train_time:849820ms step_avg:215.64ms
step:3942/4740 train_time:850147ms step_avg:215.66ms
step:3943/4740 train_time:850334ms step_avg:215.66ms
step:3944/4740 train_time:850653ms step_avg:215.68ms
step:3945/4740 train_time:850834ms step_avg:215.67ms
step:3946/4740 train_time:851162ms step_avg:215.70ms
step:3947/4740 train_time:851345ms step_avg:215.69ms
step:3948/4740 train_time:851666ms step_avg:215.72ms
step:3949/4740 train_time:851847ms step_avg:215.71ms
step:3950/4740 train_time:852172ms step_avg:215.74ms
step:3951/4740 train_time:852355ms step_avg:215.73ms
step:3952/4740 train_time:852676ms step_avg:215.76ms
step:3953/4740 train_time:852857ms step_avg:215.75ms
step:3954/4740 train_time:853181ms step_avg:215.78ms
step:3955/4740 train_time:853360ms step_avg:215.77ms
step:3956/4740 train_time:853681ms step_avg:215.79ms
step:3957/4740 train_time:853865ms step_avg:215.79ms
step:3958/4740 train_time:854189ms step_avg:215.81ms
step:3959/4740 train_time:854373ms step_avg:215.81ms
step:3960/4740 train_time:854695ms step_avg:215.83ms
step:3961/4740 train_time:854880ms step_avg:215.82ms
step:3962/4740 train_time:855202ms step_avg:215.85ms
step:3963/4740 train_time:855386ms step_avg:215.84ms
step:3964/4740 train_time:855705ms step_avg:215.87ms
step:3965/4740 train_time:855890ms step_avg:215.86ms
step:3966/4740 train_time:856215ms step_avg:215.89ms
step:3967/4740 train_time:856397ms step_avg:215.88ms
step:3968/4740 train_time:856722ms step_avg:215.91ms
step:3969/4740 train_time:856904ms step_avg:215.90ms
step:3970/4740 train_time:857228ms step_avg:215.93ms
step:3971/4740 train_time:857416ms step_avg:215.92ms
step:3972/4740 train_time:857737ms step_avg:215.95ms
step:3973/4740 train_time:857917ms step_avg:215.94ms
step:3974/4740 train_time:858237ms step_avg:215.96ms
step:3975/4740 train_time:858425ms step_avg:215.96ms
step:3976/4740 train_time:858749ms step_avg:215.98ms
step:3977/4740 train_time:858933ms step_avg:215.97ms
step:3978/4740 train_time:859257ms step_avg:216.00ms
step:3979/4740 train_time:859437ms step_avg:215.99ms
step:3980/4740 train_time:859761ms step_avg:216.02ms
step:3981/4740 train_time:859945ms step_avg:216.01ms
step:3982/4740 train_time:860263ms step_avg:216.04ms
step:3983/4740 train_time:860445ms step_avg:216.03ms
step:3984/4740 train_time:860767ms step_avg:216.06ms
step:3985/4740 train_time:860951ms step_avg:216.05ms
step:3986/4740 train_time:861273ms step_avg:216.07ms
step:3987/4740 train_time:861457ms step_avg:216.07ms
step:3988/4740 train_time:861783ms step_avg:216.09ms
step:3989/4740 train_time:861968ms step_avg:216.09ms
step:3990/4740 train_time:862289ms step_avg:216.11ms
step:3991/4740 train_time:862474ms step_avg:216.10ms
step:3992/4740 train_time:862797ms step_avg:216.13ms
step:3993/4740 train_time:862978ms step_avg:216.12ms
step:3994/4740 train_time:863302ms step_avg:216.15ms
step:3995/4740 train_time:863489ms step_avg:216.14ms
step:3996/4740 train_time:863813ms step_avg:216.17ms
step:3997/4740 train_time:863993ms step_avg:216.16ms
step:3998/4740 train_time:864317ms step_avg:216.19ms
step:3999/4740 train_time:864502ms step_avg:216.18ms
step:4000/4740 train_time:864824ms step_avg:216.21ms
step:4000/4740 val_loss:2.9743 train_time:864951ms step_avg:216.24ms
step:4001/4740 train_time:865007ms step_avg:216.20ms
step:4002/4740 train_time:865327ms step_avg:216.22ms
step:4003/4740 train_time:865513ms step_avg:216.22ms
step:4004/4740 train_time:865832ms step_avg:216.24ms
step:4005/4740 train_time:866015ms step_avg:216.23ms
step:4006/4740 train_time:866339ms step_avg:216.26ms
step:4007/4740 train_time:866525ms step_avg:216.25ms
step:4008/4740 train_time:866848ms step_avg:216.28ms
step:4009/4740 train_time:867027ms step_avg:216.27ms
step:4010/4740 train_time:867349ms step_avg:216.30ms
step:4011/4740 train_time:867532ms step_avg:216.29ms
step:4012/4740 train_time:867856ms step_avg:216.32ms
step:4013/4740 train_time:868040ms step_avg:216.31ms
step:4014/4740 train_time:868363ms step_avg:216.33ms
step:4015/4740 train_time:868548ms step_avg:216.33ms
step:4016/4740 train_time:868868ms step_avg:216.35ms
step:4017/4740 train_time:869052ms step_avg:216.34ms
step:4018/4740 train_time:869372ms step_avg:216.37ms
step:4019/4740 train_time:869558ms step_avg:216.36ms
step:4020/4740 train_time:869883ms step_avg:216.39ms
step:4021/4740 train_time:870063ms step_avg:216.38ms
step:4022/4740 train_time:870384ms step_avg:216.41ms
step:4023/4740 train_time:870566ms step_avg:216.40ms
step:4024/4740 train_time:870888ms step_avg:216.42ms
step:4025/4740 train_time:871073ms step_avg:216.42ms
step:4026/4740 train_time:871389ms step_avg:216.44ms
step:4027/4740 train_time:871576ms step_avg:216.43ms
step:4028/4740 train_time:871898ms step_avg:216.46ms
step:4029/4740 train_time:872084ms step_avg:216.45ms
step:4030/4740 train_time:872408ms step_avg:216.48ms
step:4031/4740 train_time:872591ms step_avg:216.47ms
step:4032/4740 train_time:872912ms step_avg:216.50ms
step:4033/4740 train_time:873096ms step_avg:216.49ms
step:4034/4740 train_time:873416ms step_avg:216.51ms
step:4035/4740 train_time:873601ms step_avg:216.51ms
step:4036/4740 train_time:873921ms step_avg:216.53ms
step:4037/4740 train_time:874106ms step_avg:216.52ms
step:4038/4740 train_time:874427ms step_avg:216.55ms
step:4039/4740 train_time:874614ms step_avg:216.54ms
step:4040/4740 train_time:874938ms step_avg:216.57ms
step:4041/4740 train_time:875122ms step_avg:216.56ms
step:4042/4740 train_time:875445ms step_avg:216.59ms
step:4043/4740 train_time:875628ms step_avg:216.58ms
step:4044/4740 train_time:875949ms step_avg:216.60ms
step:4045/4740 train_time:876132ms step_avg:216.60ms
step:4046/4740 train_time:876457ms step_avg:216.62ms
step:4047/4740 train_time:876640ms step_avg:216.61ms
step:4048/4740 train_time:876963ms step_avg:216.64ms
step:4049/4740 train_time:877145ms step_avg:216.63ms
step:4050/4740 train_time:877467ms step_avg:216.66ms
step:4051/4740 train_time:877651ms step_avg:216.65ms
step:4052/4740 train_time:877972ms step_avg:216.68ms
step:4053/4740 train_time:878157ms step_avg:216.67ms
step:4054/4740 train_time:878480ms step_avg:216.69ms
step:4055/4740 train_time:878662ms step_avg:216.69ms
step:4056/4740 train_time:878982ms step_avg:216.71ms
step:4057/4740 train_time:879168ms step_avg:216.70ms
step:4058/4740 train_time:879492ms step_avg:216.73ms
step:4059/4740 train_time:879676ms step_avg:216.72ms
step:4060/4740 train_time:879999ms step_avg:216.75ms
step:4061/4740 train_time:880183ms step_avg:216.74ms
step:4062/4740 train_time:880502ms step_avg:216.77ms
step:4063/4740 train_time:880686ms step_avg:216.76ms
step:4064/4740 train_time:881007ms step_avg:216.78ms
step:4065/4740 train_time:881189ms step_avg:216.77ms
step:4066/4740 train_time:881513ms step_avg:216.80ms
step:4067/4740 train_time:881694ms step_avg:216.79ms
step:4068/4740 train_time:882013ms step_avg:216.82ms
step:4069/4740 train_time:882198ms step_avg:216.81ms
step:4070/4740 train_time:882523ms step_avg:216.84ms
step:4071/4740 train_time:882706ms step_avg:216.83ms
step:4072/4740 train_time:883025ms step_avg:216.85ms
step:4073/4740 train_time:883208ms step_avg:216.84ms
step:4074/4740 train_time:883529ms step_avg:216.87ms
step:4075/4740 train_time:883715ms step_avg:216.86ms
step:4076/4740 train_time:884038ms step_avg:216.89ms
step:4077/4740 train_time:884224ms step_avg:216.88ms
step:4078/4740 train_time:884549ms step_avg:216.91ms
step:4079/4740 train_time:884731ms step_avg:216.90ms
step:4080/4740 train_time:885049ms step_avg:216.92ms
step:4081/4740 train_time:885238ms step_avg:216.92ms
step:4082/4740 train_time:885562ms step_avg:216.94ms
step:4083/4740 train_time:885742ms step_avg:216.93ms
step:4084/4740 train_time:886062ms step_avg:216.96ms
step:4085/4740 train_time:886245ms step_avg:216.95ms
step:4086/4740 train_time:886570ms step_avg:216.98ms
step:4087/4740 train_time:886749ms step_avg:216.97ms
step:4088/4740 train_time:887071ms step_avg:216.99ms
step:4089/4740 train_time:887253ms step_avg:216.99ms
step:4090/4740 train_time:887577ms step_avg:217.01ms
step:4091/4740 train_time:887761ms step_avg:217.00ms
step:4092/4740 train_time:888082ms step_avg:217.03ms
step:4093/4740 train_time:888265ms step_avg:217.02ms
step:4094/4740 train_time:888593ms step_avg:217.05ms
step:4095/4740 train_time:888772ms step_avg:217.04ms
step:4096/4740 train_time:889100ms step_avg:217.07ms
step:4097/4740 train_time:889282ms step_avg:217.06ms
step:4098/4740 train_time:889603ms step_avg:217.08ms
step:4099/4740 train_time:889782ms step_avg:217.07ms
step:4100/4740 train_time:890105ms step_avg:217.10ms
step:4101/4740 train_time:890285ms step_avg:217.09ms
step:4102/4740 train_time:890609ms step_avg:217.12ms
step:4103/4740 train_time:890790ms step_avg:217.11ms
step:4104/4740 train_time:891113ms step_avg:217.13ms
step:4105/4740 train_time:891298ms step_avg:217.13ms
step:4106/4740 train_time:891617ms step_avg:217.15ms
step:4107/4740 train_time:891803ms step_avg:217.14ms
step:4108/4740 train_time:892121ms step_avg:217.17ms
step:4109/4740 train_time:892307ms step_avg:217.16ms
step:4110/4740 train_time:892630ms step_avg:217.18ms
step:4111/4740 train_time:892810ms step_avg:217.18ms
step:4112/4740 train_time:893135ms step_avg:217.20ms
step:4113/4740 train_time:893318ms step_avg:217.19ms
step:4114/4740 train_time:893641ms step_avg:217.22ms
step:4115/4740 train_time:893826ms step_avg:217.21ms
step:4116/4740 train_time:894145ms step_avg:217.24ms
step:4117/4740 train_time:894327ms step_avg:217.23ms
step:4118/4740 train_time:894650ms step_avg:217.25ms
step:4119/4740 train_time:894835ms step_avg:217.25ms
step:4120/4740 train_time:895157ms step_avg:217.27ms
step:4121/4740 train_time:895340ms step_avg:217.26ms
step:4122/4740 train_time:895664ms step_avg:217.29ms
step:4123/4740 train_time:895845ms step_avg:217.28ms
step:4124/4740 train_time:896169ms step_avg:217.31ms
step:4125/4740 train_time:896349ms step_avg:217.30ms
step:4126/4740 train_time:896673ms step_avg:217.32ms
step:4127/4740 train_time:896856ms step_avg:217.31ms
step:4128/4740 train_time:897179ms step_avg:217.34ms
step:4129/4740 train_time:897360ms step_avg:217.33ms
step:4130/4740 train_time:897682ms step_avg:217.36ms
step:4131/4740 train_time:897867ms step_avg:217.35ms
step:4132/4740 train_time:898187ms step_avg:217.37ms
step:4133/4740 train_time:898376ms step_avg:217.37ms
step:4134/4740 train_time:898701ms step_avg:217.39ms
step:4135/4740 train_time:898886ms step_avg:217.38ms
step:4136/4740 train_time:899201ms step_avg:217.41ms
step:4137/4740 train_time:899388ms step_avg:217.40ms
step:4138/4740 train_time:899711ms step_avg:217.43ms
step:4139/4740 train_time:899893ms step_avg:217.42ms
step:4140/4740 train_time:900218ms step_avg:217.44ms
step:4141/4740 train_time:900397ms step_avg:217.43ms
step:4142/4740 train_time:900720ms step_avg:217.46ms
step:4143/4740 train_time:900903ms step_avg:217.45ms
step:4144/4740 train_time:901222ms step_avg:217.48ms
step:4145/4740 train_time:901408ms step_avg:217.47ms
step:4146/4740 train_time:901729ms step_avg:217.49ms
step:4147/4740 train_time:901910ms step_avg:217.48ms
step:4148/4740 train_time:902232ms step_avg:217.51ms
step:4149/4740 train_time:902417ms step_avg:217.50ms
step:4150/4740 train_time:902740ms step_avg:217.53ms
step:4151/4740 train_time:902925ms step_avg:217.52ms
step:4152/4740 train_time:903244ms step_avg:217.54ms
step:4153/4740 train_time:903431ms step_avg:217.54ms
step:4154/4740 train_time:903754ms step_avg:217.56ms
step:4155/4740 train_time:903936ms step_avg:217.55ms
step:4156/4740 train_time:904258ms step_avg:217.58ms
step:4157/4740 train_time:904443ms step_avg:217.57ms
step:4158/4740 train_time:904766ms step_avg:217.60ms
step:4159/4740 train_time:904948ms step_avg:217.59ms
step:4160/4740 train_time:905273ms step_avg:217.61ms
step:4161/4740 train_time:905455ms step_avg:217.61ms
step:4162/4740 train_time:905779ms step_avg:217.63ms
step:4163/4740 train_time:905963ms step_avg:217.62ms
step:4164/4740 train_time:906286ms step_avg:217.65ms
step:4165/4740 train_time:906470ms step_avg:217.64ms
step:4166/4740 train_time:906799ms step_avg:217.67ms
step:4167/4740 train_time:906979ms step_avg:217.66ms
step:4168/4740 train_time:907302ms step_avg:217.68ms
step:4169/4740 train_time:907482ms step_avg:217.67ms
step:4170/4740 train_time:907802ms step_avg:217.70ms
step:4171/4740 train_time:907988ms step_avg:217.69ms
step:4172/4740 train_time:908314ms step_avg:217.72ms
step:4173/4740 train_time:908498ms step_avg:217.71ms
step:4174/4740 train_time:908818ms step_avg:217.73ms
step:4175/4740 train_time:909004ms step_avg:217.73ms
step:4176/4740 train_time:909328ms step_avg:217.75ms
step:4177/4740 train_time:909509ms step_avg:217.74ms
step:4178/4740 train_time:909829ms step_avg:217.77ms
step:4179/4740 train_time:910012ms step_avg:217.76ms
step:4180/4740 train_time:910339ms step_avg:217.78ms
step:4181/4740 train_time:910521ms step_avg:217.78ms
step:4182/4740 train_time:910844ms step_avg:217.80ms
step:4183/4740 train_time:911029ms step_avg:217.79ms
step:4184/4740 train_time:911352ms step_avg:217.82ms
step:4185/4740 train_time:911537ms step_avg:217.81ms
step:4186/4740 train_time:911860ms step_avg:217.84ms
step:4187/4740 train_time:912042ms step_avg:217.83ms
step:4188/4740 train_time:912361ms step_avg:217.85ms
step:4189/4740 train_time:912544ms step_avg:217.84ms
step:4190/4740 train_time:912867ms step_avg:217.87ms
step:4191/4740 train_time:913046ms step_avg:217.86ms
step:4192/4740 train_time:913366ms step_avg:217.88ms
step:4193/4740 train_time:913552ms step_avg:217.88ms
step:4194/4740 train_time:913872ms step_avg:217.90ms
step:4195/4740 train_time:914052ms step_avg:217.89ms
step:4196/4740 train_time:914378ms step_avg:217.92ms
step:4197/4740 train_time:914560ms step_avg:217.91ms
step:4198/4740 train_time:914881ms step_avg:217.93ms
step:4199/4740 train_time:915067ms step_avg:217.93ms
step:4200/4740 train_time:915390ms step_avg:217.95ms
step:4201/4740 train_time:915574ms step_avg:217.94ms
step:4202/4740 train_time:915899ms step_avg:217.97ms
step:4203/4740 train_time:916081ms step_avg:217.96ms
step:4204/4740 train_time:916407ms step_avg:217.98ms
step:4205/4740 train_time:916586ms step_avg:217.98ms
step:4206/4740 train_time:916909ms step_avg:218.00ms
step:4207/4740 train_time:917093ms step_avg:217.99ms
step:4208/4740 train_time:917417ms step_avg:218.02ms
step:4209/4740 train_time:917598ms step_avg:218.01ms
step:4210/4740 train_time:917923ms step_avg:218.03ms
step:4211/4740 train_time:918103ms step_avg:218.02ms
step:4212/4740 train_time:918422ms step_avg:218.05ms
step:4213/4740 train_time:918605ms step_avg:218.04ms
step:4214/4740 train_time:918928ms step_avg:218.07ms
step:4215/4740 train_time:919113ms step_avg:218.06ms
step:4216/4740 train_time:919433ms step_avg:218.08ms
step:4217/4740 train_time:919618ms step_avg:218.07ms
step:4218/4740 train_time:919941ms step_avg:218.10ms
step:4219/4740 train_time:920127ms step_avg:218.09ms
step:4220/4740 train_time:920449ms step_avg:218.12ms
step:4221/4740 train_time:920632ms step_avg:218.11ms
step:4222/4740 train_time:920951ms step_avg:218.13ms
step:4223/4740 train_time:921135ms step_avg:218.12ms
step:4224/4740 train_time:921458ms step_avg:218.15ms
step:4225/4740 train_time:921641ms step_avg:218.14ms
step:4226/4740 train_time:921964ms step_avg:218.16ms
step:4227/4740 train_time:922146ms step_avg:218.16ms
step:4228/4740 train_time:922468ms step_avg:218.18ms
step:4229/4740 train_time:922651ms step_avg:218.17ms
step:4230/4740 train_time:922972ms step_avg:218.20ms
step:4231/4740 train_time:923155ms step_avg:218.19ms
step:4232/4740 train_time:923479ms step_avg:218.21ms
step:4233/4740 train_time:923667ms step_avg:218.21ms
step:4234/4740 train_time:923988ms step_avg:218.23ms
step:4235/4740 train_time:924169ms step_avg:218.22ms
step:4236/4740 train_time:924490ms step_avg:218.25ms
step:4237/4740 train_time:924672ms step_avg:218.24ms
step:4238/4740 train_time:924993ms step_avg:218.26ms
step:4239/4740 train_time:925177ms step_avg:218.25ms
step:4240/4740 train_time:925503ms step_avg:218.28ms
step:4241/4740 train_time:925685ms step_avg:218.27ms
step:4242/4740 train_time:926004ms step_avg:218.29ms
step:4243/4740 train_time:926186ms step_avg:218.29ms
step:4244/4740 train_time:926506ms step_avg:218.31ms
step:4245/4740 train_time:926692ms step_avg:218.30ms
step:4246/4740 train_time:927015ms step_avg:218.33ms
step:4247/4740 train_time:927201ms step_avg:218.32ms
step:4248/4740 train_time:927523ms step_avg:218.34ms
step:4249/4740 train_time:927710ms step_avg:218.34ms
step:4250/4740 train_time:928026ms step_avg:218.36ms
step:4250/4740 val_loss:2.9514 train_time:928160ms step_avg:218.39ms
step:4251/4740 train_time:928215ms step_avg:218.35ms
step:4252/4740 train_time:928547ms step_avg:218.38ms
step:4253/4740 train_time:928734ms step_avg:218.37ms
step:4254/4740 train_time:929052ms step_avg:218.40ms
step:4255/4740 train_time:929233ms step_avg:218.39ms
step:4256/4740 train_time:929560ms step_avg:218.41ms
step:4257/4740 train_time:929743ms step_avg:218.40ms
step:4258/4740 train_time:930063ms step_avg:218.43ms
step:4259/4740 train_time:930244ms step_avg:218.42ms
step:4260/4740 train_time:930569ms step_avg:218.44ms
step:4261/4740 train_time:930755ms step_avg:218.44ms
step:4262/4740 train_time:931075ms step_avg:218.46ms
step:4263/4740 train_time:931258ms step_avg:218.45ms
step:4264/4740 train_time:931584ms step_avg:218.48ms
step:4265/4740 train_time:931768ms step_avg:218.47ms
step:4266/4740 train_time:932089ms step_avg:218.49ms
step:4267/4740 train_time:932269ms step_avg:218.48ms
step:4268/4740 train_time:932594ms step_avg:218.51ms
step:4269/4740 train_time:932776ms step_avg:218.50ms
step:4270/4740 train_time:933100ms step_avg:218.52ms
step:4271/4740 train_time:933282ms step_avg:218.52ms
step:4272/4740 train_time:933607ms step_avg:218.54ms
step:4273/4740 train_time:933792ms step_avg:218.53ms
step:4274/4740 train_time:934114ms step_avg:218.56ms
step:4275/4740 train_time:934297ms step_avg:218.55ms
step:4276/4740 train_time:934624ms step_avg:218.57ms
step:4277/4740 train_time:934804ms step_avg:218.57ms
step:4278/4740 train_time:935129ms step_avg:218.59ms
step:4279/4740 train_time:935312ms step_avg:218.58ms
step:4280/4740 train_time:935634ms step_avg:218.61ms
step:4281/4740 train_time:935817ms step_avg:218.60ms
step:4282/4740 train_time:936138ms step_avg:218.62ms
step:4283/4740 train_time:936320ms step_avg:218.61ms
step:4284/4740 train_time:936643ms step_avg:218.64ms
step:4285/4740 train_time:936829ms step_avg:218.63ms
step:4286/4740 train_time:937149ms step_avg:218.65ms
step:4287/4740 train_time:937334ms step_avg:218.65ms
step:4288/4740 train_time:937656ms step_avg:218.67ms
step:4289/4740 train_time:937836ms step_avg:218.66ms
step:4290/4740 train_time:938158ms step_avg:218.68ms
step:4291/4740 train_time:938338ms step_avg:218.68ms
step:4292/4740 train_time:938663ms step_avg:218.70ms
step:4293/4740 train_time:938849ms step_avg:218.69ms
step:4294/4740 train_time:939172ms step_avg:218.72ms
step:4295/4740 train_time:939352ms step_avg:218.71ms
step:4296/4740 train_time:939676ms step_avg:218.73ms
step:4297/4740 train_time:939857ms step_avg:218.72ms
step:4298/4740 train_time:940181ms step_avg:218.75ms
step:4299/4740 train_time:940366ms step_avg:218.74ms
step:4300/4740 train_time:940691ms step_avg:218.77ms
step:4301/4740 train_time:940876ms step_avg:218.76ms
step:4302/4740 train_time:941200ms step_avg:218.78ms
step:4303/4740 train_time:941380ms step_avg:218.77ms
step:4304/4740 train_time:941706ms step_avg:218.80ms
step:4305/4740 train_time:941893ms step_avg:218.79ms
step:4306/4740 train_time:942213ms step_avg:218.81ms
step:4307/4740 train_time:942399ms step_avg:218.81ms
step:4308/4740 train_time:942719ms step_avg:218.83ms
step:4309/4740 train_time:942905ms step_avg:218.82ms
step:4310/4740 train_time:943221ms step_avg:218.84ms
step:4311/4740 train_time:943404ms step_avg:218.84ms
step:4312/4740 train_time:943729ms step_avg:218.86ms
step:4313/4740 train_time:943917ms step_avg:218.85ms
step:4314/4740 train_time:944233ms step_avg:218.88ms
step:4315/4740 train_time:944417ms step_avg:218.87ms
step:4316/4740 train_time:944742ms step_avg:218.89ms
step:4317/4740 train_time:944926ms step_avg:218.88ms
step:4318/4740 train_time:945246ms step_avg:218.91ms
step:4319/4740 train_time:945429ms step_avg:218.90ms
step:4320/4740 train_time:945751ms step_avg:218.92ms
step:4321/4740 train_time:945937ms step_avg:218.92ms
step:4322/4740 train_time:946262ms step_avg:218.94ms
step:4323/4740 train_time:946447ms step_avg:218.93ms
step:4324/4740 train_time:946769ms step_avg:218.96ms
step:4325/4740 train_time:946952ms step_avg:218.95ms
step:4326/4740 train_time:947278ms step_avg:218.97ms
step:4327/4740 train_time:947458ms step_avg:218.96ms
step:4328/4740 train_time:947779ms step_avg:218.99ms
step:4329/4740 train_time:947960ms step_avg:218.98ms
step:4330/4740 train_time:948281ms step_avg:219.00ms
step:4331/4740 train_time:948464ms step_avg:218.99ms
step:4332/4740 train_time:948789ms step_avg:219.02ms
step:4333/4740 train_time:948968ms step_avg:219.01ms
step:4334/4740 train_time:949288ms step_avg:219.03ms
step:4335/4740 train_time:949475ms step_avg:219.03ms
step:4336/4740 train_time:949798ms step_avg:219.05ms
step:4337/4740 train_time:949982ms step_avg:219.04ms
step:4338/4740 train_time:950308ms step_avg:219.07ms
step:4339/4740 train_time:950494ms step_avg:219.06ms
step:4340/4740 train_time:950815ms step_avg:219.08ms
step:4341/4740 train_time:950999ms step_avg:219.07ms
step:4342/4740 train_time:951320ms step_avg:219.10ms
step:4343/4740 train_time:951506ms step_avg:219.09ms
step:4344/4740 train_time:951826ms step_avg:219.11ms
step:4345/4740 train_time:952008ms step_avg:219.10ms
step:4346/4740 train_time:952331ms step_avg:219.13ms
step:4347/4740 train_time:952516ms step_avg:219.12ms
step:4348/4740 train_time:952839ms step_avg:219.14ms
step:4349/4740 train_time:953022ms step_avg:219.14ms
step:4350/4740 train_time:953350ms step_avg:219.16ms
step:4351/4740 train_time:953529ms step_avg:219.15ms
step:4352/4740 train_time:953852ms step_avg:219.18ms
step:4353/4740 train_time:954030ms step_avg:219.17ms
step:4354/4740 train_time:954354ms step_avg:219.19ms
step:4355/4740 train_time:954538ms step_avg:219.18ms
step:4356/4740 train_time:954860ms step_avg:219.21ms
step:4357/4740 train_time:955043ms step_avg:219.20ms
step:4358/4740 train_time:955367ms step_avg:219.22ms
step:4359/4740 train_time:955556ms step_avg:219.21ms
step:4360/4740 train_time:955877ms step_avg:219.24ms
step:4361/4740 train_time:956059ms step_avg:219.23ms
step:4362/4740 train_time:956385ms step_avg:219.25ms
step:4363/4740 train_time:956567ms step_avg:219.25ms
step:4364/4740 train_time:956891ms step_avg:219.27ms
step:4365/4740 train_time:957070ms step_avg:219.26ms
step:4366/4740 train_time:957393ms step_avg:219.28ms
step:4367/4740 train_time:957576ms step_avg:219.28ms
step:4368/4740 train_time:957904ms step_avg:219.30ms
step:4369/4740 train_time:958085ms step_avg:219.29ms
step:4370/4740 train_time:958407ms step_avg:219.32ms
step:4371/4740 train_time:958589ms step_avg:219.31ms
step:4372/4740 train_time:958913ms step_avg:219.33ms
step:4373/4740 train_time:959093ms step_avg:219.32ms
step:4374/4740 train_time:959414ms step_avg:219.34ms
step:4375/4740 train_time:959594ms step_avg:219.34ms
step:4376/4740 train_time:959920ms step_avg:219.36ms
step:4377/4740 train_time:960103ms step_avg:219.35ms
step:4378/4740 train_time:960425ms step_avg:219.38ms
step:4379/4740 train_time:960610ms step_avg:219.37ms
step:4380/4740 train_time:960935ms step_avg:219.39ms
step:4381/4740 train_time:961118ms step_avg:219.38ms
step:4382/4740 train_time:961440ms step_avg:219.41ms
step:4383/4740 train_time:961623ms step_avg:219.40ms
step:4384/4740 train_time:961946ms step_avg:219.42ms
step:4385/4740 train_time:962130ms step_avg:219.41ms
step:4386/4740 train_time:962452ms step_avg:219.44ms
step:4387/4740 train_time:962634ms step_avg:219.43ms
step:4388/4740 train_time:962958ms step_avg:219.45ms
step:4389/4740 train_time:963140ms step_avg:219.44ms
step:4390/4740 train_time:963463ms step_avg:219.47ms
step:4391/4740 train_time:963647ms step_avg:219.46ms
step:4392/4740 train_time:963971ms step_avg:219.48ms
step:4393/4740 train_time:964158ms step_avg:219.48ms
step:4394/4740 train_time:964476ms step_avg:219.50ms
step:4395/4740 train_time:964660ms step_avg:219.49ms
step:4396/4740 train_time:964980ms step_avg:219.51ms
step:4397/4740 train_time:965166ms step_avg:219.51ms
step:4398/4740 train_time:965493ms step_avg:219.53ms
step:4399/4740 train_time:965669ms step_avg:219.52ms
step:4400/4740 train_time:965993ms step_avg:219.54ms
step:4401/4740 train_time:966178ms step_avg:219.54ms
step:4402/4740 train_time:966505ms step_avg:219.56ms
step:4403/4740 train_time:966685ms step_avg:219.55ms
step:4404/4740 train_time:967009ms step_avg:219.58ms
step:4405/4740 train_time:967192ms step_avg:219.57ms
step:4406/4740 train_time:967518ms step_avg:219.59ms
step:4407/4740 train_time:967701ms step_avg:219.58ms
step:4408/4740 train_time:968027ms step_avg:219.61ms
step:4409/4740 train_time:968211ms step_avg:219.60ms
step:4410/4740 train_time:968529ms step_avg:219.62ms
step:4411/4740 train_time:968712ms step_avg:219.61ms
step:4412/4740 train_time:969034ms step_avg:219.64ms
step:4413/4740 train_time:969216ms step_avg:219.63ms
step:4414/4740 train_time:969539ms step_avg:219.65ms
step:4415/4740 train_time:969721ms step_avg:219.64ms
step:4416/4740 train_time:970044ms step_avg:219.67ms
step:4417/4740 train_time:970228ms step_avg:219.66ms
step:4418/4740 train_time:970551ms step_avg:219.68ms
step:4419/4740 train_time:970737ms step_avg:219.67ms
step:4420/4740 train_time:971056ms step_avg:219.70ms
step:4421/4740 train_time:971240ms step_avg:219.69ms
step:4422/4740 train_time:971563ms step_avg:219.71ms
step:4423/4740 train_time:971745ms step_avg:219.70ms
step:4424/4740 train_time:972066ms step_avg:219.73ms
step:4425/4740 train_time:972253ms step_avg:219.72ms
step:4426/4740 train_time:972573ms step_avg:219.74ms
step:4427/4740 train_time:972758ms step_avg:219.73ms
step:4428/4740 train_time:973078ms step_avg:219.76ms
step:4429/4740 train_time:973262ms step_avg:219.75ms
step:4430/4740 train_time:973587ms step_avg:219.77ms
step:4431/4740 train_time:973771ms step_avg:219.76ms
step:4432/4740 train_time:974096ms step_avg:219.79ms
step:4433/4740 train_time:974277ms step_avg:219.78ms
step:4434/4740 train_time:974597ms step_avg:219.80ms
step:4435/4740 train_time:974781ms step_avg:219.79ms
step:4436/4740 train_time:975103ms step_avg:219.82ms
step:4437/4740 train_time:975289ms step_avg:219.81ms
step:4438/4740 train_time:975613ms step_avg:219.83ms
step:4439/4740 train_time:975793ms step_avg:219.82ms
step:4440/4740 train_time:976118ms step_avg:219.85ms
step:4441/4740 train_time:976297ms step_avg:219.84ms
step:4442/4740 train_time:976623ms step_avg:219.86ms
step:4443/4740 train_time:976804ms step_avg:219.85ms
step:4444/4740 train_time:977125ms step_avg:219.88ms
step:4445/4740 train_time:977310ms step_avg:219.87ms
step:4446/4740 train_time:977631ms step_avg:219.89ms
step:4447/4740 train_time:977817ms step_avg:219.88ms
step:4448/4740 train_time:978138ms step_avg:219.91ms
step:4449/4740 train_time:978321ms step_avg:219.90ms
step:4450/4740 train_time:978644ms step_avg:219.92ms
step:4451/4740 train_time:978831ms step_avg:219.91ms
step:4452/4740 train_time:979150ms step_avg:219.93ms
step:4453/4740 train_time:979331ms step_avg:219.93ms
step:4454/4740 train_time:979658ms step_avg:219.95ms
step:4455/4740 train_time:979842ms step_avg:219.94ms
step:4456/4740 train_time:980161ms step_avg:219.96ms
step:4457/4740 train_time:980345ms step_avg:219.96ms
step:4458/4740 train_time:980670ms step_avg:219.98ms
step:4459/4740 train_time:980854ms step_avg:219.97ms
step:4460/4740 train_time:981178ms step_avg:220.00ms
step:4461/4740 train_time:981362ms step_avg:219.99ms
step:4462/4740 train_time:981687ms step_avg:220.01ms
step:4463/4740 train_time:981874ms step_avg:220.00ms
step:4464/4740 train_time:982195ms step_avg:220.03ms
step:4465/4740 train_time:982376ms step_avg:220.02ms
step:4466/4740 train_time:982699ms step_avg:220.04ms
step:4467/4740 train_time:982887ms step_avg:220.03ms
step:4468/4740 train_time:983210ms step_avg:220.06ms
step:4469/4740 train_time:983393ms step_avg:220.05ms
step:4470/4740 train_time:983716ms step_avg:220.07ms
step:4471/4740 train_time:983902ms step_avg:220.06ms
step:4472/4740 train_time:984223ms step_avg:220.09ms
step:4473/4740 train_time:984409ms step_avg:220.08ms
step:4474/4740 train_time:984731ms step_avg:220.10ms
step:4475/4740 train_time:984913ms step_avg:220.09ms
step:4476/4740 train_time:985237ms step_avg:220.12ms
step:4477/4740 train_time:985419ms step_avg:220.11ms
step:4478/4740 train_time:985745ms step_avg:220.13ms
step:4479/4740 train_time:985927ms step_avg:220.12ms
step:4480/4740 train_time:986251ms step_avg:220.15ms
step:4481/4740 train_time:986431ms step_avg:220.14ms
step:4482/4740 train_time:986755ms step_avg:220.16ms
step:4483/4740 train_time:986936ms step_avg:220.15ms
step:4484/4740 train_time:987257ms step_avg:220.17ms
step:4485/4740 train_time:987439ms step_avg:220.16ms
step:4486/4740 train_time:987762ms step_avg:220.19ms
step:4487/4740 train_time:987945ms step_avg:220.18ms
step:4488/4740 train_time:988268ms step_avg:220.20ms
step:4489/4740 train_time:988449ms step_avg:220.19ms
step:4490/4740 train_time:988766ms step_avg:220.22ms
step:4491/4740 train_time:988953ms step_avg:220.21ms
step:4492/4740 train_time:989276ms step_avg:220.23ms
step:4493/4740 train_time:989461ms step_avg:220.22ms
step:4494/4740 train_time:989784ms step_avg:220.25ms
step:4495/4740 train_time:989968ms step_avg:220.24ms
step:4496/4740 train_time:990293ms step_avg:220.26ms
step:4497/4740 train_time:990475ms step_avg:220.25ms
step:4498/4740 train_time:990798ms step_avg:220.28ms
step:4499/4740 train_time:990979ms step_avg:220.27ms
step:4500/4740 train_time:991302ms step_avg:220.29ms
step:4500/4740 val_loss:2.9315 train_time:991433ms step_avg:220.32ms
step:4501/4740 train_time:991488ms step_avg:220.28ms
step:4502/4740 train_time:991815ms step_avg:220.31ms
step:4503/4740 train_time:992002ms step_avg:220.30ms
step:4504/4740 train_time:992320ms step_avg:220.32ms
step:4505/4740 train_time:992502ms step_avg:220.31ms
step:4506/4740 train_time:992832ms step_avg:220.34ms
step:4507/4740 train_time:993019ms step_avg:220.33ms
step:4508/4740 train_time:993340ms step_avg:220.35ms
step:4509/4740 train_time:993520ms step_avg:220.34ms
step:4510/4740 train_time:993846ms step_avg:220.37ms
step:4511/4740 train_time:994030ms step_avg:220.36ms
step:4512/4740 train_time:994352ms step_avg:220.38ms
step:4513/4740 train_time:994533ms step_avg:220.37ms
step:4514/4740 train_time:994861ms step_avg:220.39ms
step:4515/4740 train_time:995040ms step_avg:220.39ms
step:4516/4740 train_time:995363ms step_avg:220.41ms
step:4517/4740 train_time:995543ms step_avg:220.40ms
step:4518/4740 train_time:995869ms step_avg:220.42ms
step:4519/4740 train_time:996052ms step_avg:220.41ms
step:4520/4740 train_time:996372ms step_avg:220.44ms
step:4521/4740 train_time:996556ms step_avg:220.43ms
step:4522/4740 train_time:996880ms step_avg:220.45ms
step:4523/4740 train_time:997067ms step_avg:220.44ms
step:4524/4740 train_time:997390ms step_avg:220.47ms
step:4525/4740 train_time:997574ms step_avg:220.46ms
step:4526/4740 train_time:997897ms step_avg:220.48ms
step:4527/4740 train_time:998084ms step_avg:220.47ms
step:4528/4740 train_time:998406ms step_avg:220.50ms
step:4529/4740 train_time:998585ms step_avg:220.49ms
step:4530/4740 train_time:998909ms step_avg:220.51ms
step:4531/4740 train_time:999091ms step_avg:220.50ms
step:4532/4740 train_time:999414ms step_avg:220.52ms
step:4533/4740 train_time:999596ms step_avg:220.52ms
step:4534/4740 train_time:999918ms step_avg:220.54ms
step:4535/4740 train_time:1000106ms step_avg:220.53ms
step:4536/4740 train_time:1000426ms step_avg:220.55ms
step:4537/4740 train_time:1000608ms step_avg:220.54ms
step:4538/4740 train_time:1000934ms step_avg:220.57ms
step:4539/4740 train_time:1001114ms step_avg:220.56ms
step:4540/4740 train_time:1001441ms step_avg:220.58ms
step:4541/4740 train_time:1001623ms step_avg:220.57ms
step:4542/4740 train_time:1001944ms step_avg:220.60ms
step:4543/4740 train_time:1002127ms step_avg:220.59ms
step:4544/4740 train_time:1002448ms step_avg:220.61ms
step:4545/4740 train_time:1002634ms step_avg:220.60ms
step:4546/4740 train_time:1002959ms step_avg:220.62ms
step:4547/4740 train_time:1003139ms step_avg:220.62ms
step:4548/4740 train_time:1003458ms step_avg:220.64ms
step:4549/4740 train_time:1003646ms step_avg:220.63ms
step:4550/4740 train_time:1003969ms step_avg:220.65ms
step:4551/4740 train_time:1004151ms step_avg:220.64ms
step:4552/4740 train_time:1004471ms step_avg:220.67ms
step:4553/4740 train_time:1004657ms step_avg:220.66ms
step:4554/4740 train_time:1004986ms step_avg:220.68ms
step:4555/4740 train_time:1005163ms step_avg:220.67ms
step:4556/4740 train_time:1005486ms step_avg:220.69ms
step:4557/4740 train_time:1005669ms step_avg:220.69ms
step:4558/4740 train_time:1005998ms step_avg:220.71ms
step:4559/4740 train_time:1006184ms step_avg:220.70ms
step:4560/4740 train_time:1006508ms step_avg:220.73ms
step:4561/4740 train_time:1006690ms step_avg:220.72ms
step:4562/4740 train_time:1007009ms step_avg:220.74ms
step:4563/4740 train_time:1007198ms step_avg:220.73ms
step:4564/4740 train_time:1007522ms step_avg:220.75ms
step:4565/4740 train_time:1007708ms step_avg:220.75ms
step:4566/4740 train_time:1008029ms step_avg:220.77ms
step:4567/4740 train_time:1008213ms step_avg:220.76ms
step:4568/4740 train_time:1008535ms step_avg:220.78ms
step:4569/4740 train_time:1008718ms step_avg:220.77ms
step:4570/4740 train_time:1009045ms step_avg:220.80ms
step:4571/4740 train_time:1009228ms step_avg:220.79ms
step:4572/4740 train_time:1009551ms step_avg:220.81ms
step:4573/4740 train_time:1009731ms step_avg:220.80ms
step:4574/4740 train_time:1010054ms step_avg:220.83ms
step:4575/4740 train_time:1010232ms step_avg:220.82ms
step:4576/4740 train_time:1010557ms step_avg:220.84ms
step:4577/4740 train_time:1010736ms step_avg:220.83ms
step:4578/4740 train_time:1011061ms step_avg:220.85ms
step:4579/4740 train_time:1011244ms step_avg:220.84ms
step:4580/4740 train_time:1011571ms step_avg:220.87ms
step:4581/4740 train_time:1011756ms step_avg:220.86ms
step:4582/4740 train_time:1012080ms step_avg:220.88ms
step:4583/4740 train_time:1012261ms step_avg:220.87ms
step:4584/4740 train_time:1012585ms step_avg:220.90ms
step:4585/4740 train_time:1012764ms step_avg:220.89ms
step:4586/4740 train_time:1013086ms step_avg:220.91ms
step:4587/4740 train_time:1013265ms step_avg:220.90ms
step:4588/4740 train_time:1013590ms step_avg:220.92ms
step:4589/4740 train_time:1013776ms step_avg:220.91ms
step:4590/4740 train_time:1014102ms step_avg:220.94ms
step:4591/4740 train_time:1014282ms step_avg:220.93ms
step:4592/4740 train_time:1014609ms step_avg:220.95ms
step:4593/4740 train_time:1014791ms step_avg:220.94ms
step:4594/4740 train_time:1015115ms step_avg:220.97ms
step:4595/4740 train_time:1015300ms step_avg:220.96ms
step:4596/4740 train_time:1015628ms step_avg:220.98ms
step:4597/4740 train_time:1015809ms step_avg:220.97ms
step:4598/4740 train_time:1016132ms step_avg:220.99ms
step:4599/4740 train_time:1016316ms step_avg:220.99ms
step:4600/4740 train_time:1016641ms step_avg:221.01ms
step:4601/4740 train_time:1016823ms step_avg:221.00ms
step:4602/4740 train_time:1017145ms step_avg:221.02ms
step:4603/4740 train_time:1017328ms step_avg:221.01ms
step:4604/4740 train_time:1017647ms step_avg:221.04ms
step:4605/4740 train_time:1017834ms step_avg:221.03ms
step:4606/4740 train_time:1018154ms step_avg:221.05ms
step:4607/4740 train_time:1018334ms step_avg:221.04ms
step:4608/4740 train_time:1018657ms step_avg:221.06ms
step:4609/4740 train_time:1018839ms step_avg:221.05ms
step:4610/4740 train_time:1019164ms step_avg:221.08ms
step:4611/4740 train_time:1019343ms step_avg:221.07ms
step:4612/4740 train_time:1019665ms step_avg:221.09ms
step:4613/4740 train_time:1019846ms step_avg:221.08ms
step:4614/4740 train_time:1020174ms step_avg:221.10ms
step:4615/4740 train_time:1020352ms step_avg:221.09ms
step:4616/4740 train_time:1020678ms step_avg:221.12ms
step:4617/4740 train_time:1020860ms step_avg:221.11ms
step:4618/4740 train_time:1021185ms step_avg:221.13ms
step:4619/4740 train_time:1021366ms step_avg:221.12ms
step:4620/4740 train_time:1021690ms step_avg:221.14ms
step:4621/4740 train_time:1021872ms step_avg:221.14ms
step:4622/4740 train_time:1022195ms step_avg:221.16ms
step:4623/4740 train_time:1022380ms step_avg:221.15ms
step:4624/4740 train_time:1022701ms step_avg:221.17ms
step:4625/4740 train_time:1022884ms step_avg:221.16ms
step:4626/4740 train_time:1023206ms step_avg:221.19ms
step:4627/4740 train_time:1023396ms step_avg:221.18ms
step:4628/4740 train_time:1023721ms step_avg:221.20ms
step:4629/4740 train_time:1023903ms step_avg:221.19ms
step:4630/4740 train_time:1024224ms step_avg:221.21ms
step:4631/4740 train_time:1024406ms step_avg:221.21ms
step:4632/4740 train_time:1024728ms step_avg:221.23ms
step:4633/4740 train_time:1024912ms step_avg:221.22ms
step:4634/4740 train_time:1025235ms step_avg:221.24ms
step:4635/4740 train_time:1025418ms step_avg:221.23ms
step:4636/4740 train_time:1025743ms step_avg:221.26ms
step:4637/4740 train_time:1025924ms step_avg:221.25ms
step:4638/4740 train_time:1026245ms step_avg:221.27ms
step:4639/4740 train_time:1026429ms step_avg:221.26ms
step:4640/4740 train_time:1026753ms step_avg:221.28ms
step:4641/4740 train_time:1026933ms step_avg:221.27ms
step:4642/4740 train_time:1027253ms step_avg:221.30ms
step:4643/4740 train_time:1027436ms step_avg:221.29ms
step:4644/4740 train_time:1027761ms step_avg:221.31ms
step:4645/4740 train_time:1027946ms step_avg:221.30ms
step:4646/4740 train_time:1028271ms step_avg:221.32ms
step:4647/4740 train_time:1028450ms step_avg:221.31ms
step:4648/4740 train_time:1028772ms step_avg:221.34ms
step:4649/4740 train_time:1028956ms step_avg:221.33ms
step:4650/4740 train_time:1029278ms step_avg:221.35ms
step:4651/4740 train_time:1029462ms step_avg:221.34ms
step:4652/4740 train_time:1029789ms step_avg:221.36ms
step:4653/4740 train_time:1029970ms step_avg:221.36ms
step:4654/4740 train_time:1030292ms step_avg:221.38ms
step:4655/4740 train_time:1030475ms step_avg:221.37ms
step:4656/4740 train_time:1030800ms step_avg:221.39ms
step:4657/4740 train_time:1030989ms step_avg:221.38ms
step:4658/4740 train_time:1031311ms step_avg:221.41ms
step:4659/4740 train_time:1031493ms step_avg:221.40ms
step:4660/4740 train_time:1031813ms step_avg:221.42ms
step:4661/4740 train_time:1031998ms step_avg:221.41ms
step:4662/4740 train_time:1032320ms step_avg:221.43ms
step:4663/4740 train_time:1032500ms step_avg:221.42ms
step:4664/4740 train_time:1032824ms step_avg:221.45ms
step:4665/4740 train_time:1033007ms step_avg:221.44ms
step:4666/4740 train_time:1033325ms step_avg:221.46ms
step:4667/4740 train_time:1033508ms step_avg:221.45ms
step:4668/4740 train_time:1033832ms step_avg:221.47ms
step:4669/4740 train_time:1034012ms step_avg:221.46ms
step:4670/4740 train_time:1034337ms step_avg:221.49ms
step:4671/4740 train_time:1034519ms step_avg:221.48ms
step:4672/4740 train_time:1034844ms step_avg:221.50ms
step:4673/4740 train_time:1035028ms step_avg:221.49ms
step:4674/4740 train_time:1035349ms step_avg:221.51ms
step:4675/4740 train_time:1035535ms step_avg:221.50ms
step:4676/4740 train_time:1035856ms step_avg:221.53ms
step:4677/4740 train_time:1036036ms step_avg:221.52ms
step:4678/4740 train_time:1036357ms step_avg:221.54ms
step:4679/4740 train_time:1036542ms step_avg:221.53ms
step:4680/4740 train_time:1036866ms step_avg:221.55ms
step:4681/4740 train_time:1037043ms step_avg:221.54ms
step:4682/4740 train_time:1037369ms step_avg:221.57ms
step:4683/4740 train_time:1037554ms step_avg:221.56ms
step:4684/4740 train_time:1037877ms step_avg:221.58ms
step:4685/4740 train_time:1038062ms step_avg:221.57ms
step:4686/4740 train_time:1038386ms step_avg:221.59ms
step:4687/4740 train_time:1038573ms step_avg:221.59ms
step:4688/4740 train_time:1038897ms step_avg:221.61ms
step:4689/4740 train_time:1039081ms step_avg:221.60ms
step:4690/4740 train_time:1039402ms step_avg:221.62ms
step:4691/4740 train_time:1039582ms step_avg:221.61ms
step:4692/4740 train_time:1039902ms step_avg:221.63ms
step:4693/4740 train_time:1040086ms step_avg:221.62ms
step:4694/4740 train_time:1040411ms step_avg:221.65ms
step:4695/4740 train_time:1040588ms step_avg:221.64ms
step:4696/4740 train_time:1040911ms step_avg:221.66ms
step:4697/4740 train_time:1041092ms step_avg:221.65ms
step:4698/4740 train_time:1041416ms step_avg:221.67ms
step:4699/4740 train_time:1041597ms step_avg:221.66ms
step:4700/4740 train_time:1041914ms step_avg:221.68ms
step:4701/4740 train_time:1042101ms step_avg:221.68ms
step:4702/4740 train_time:1042425ms step_avg:221.70ms
step:4703/4740 train_time:1042607ms step_avg:221.69ms
step:4704/4740 train_time:1042930ms step_avg:221.71ms
step:4705/4740 train_time:1043117ms step_avg:221.70ms
step:4706/4740 train_time:1043441ms step_avg:221.73ms
step:4707/4740 train_time:1043626ms step_avg:221.72ms
step:4708/4740 train_time:1043949ms step_avg:221.74ms
step:4709/4740 train_time:1044133ms step_avg:221.73ms
step:4710/4740 train_time:1044461ms step_avg:221.75ms
step:4711/4740 train_time:1044640ms step_avg:221.74ms
step:4712/4740 train_time:1044964ms step_avg:221.77ms
step:4713/4740 train_time:1045146ms step_avg:221.76ms
step:4714/4740 train_time:1045471ms step_avg:221.78ms
step:4715/4740 train_time:1045653ms step_avg:221.77ms
step:4716/4740 train_time:1045982ms step_avg:221.79ms
step:4717/4740 train_time:1046163ms step_avg:221.79ms
step:4718/4740 train_time:1046488ms step_avg:221.81ms
step:4719/4740 train_time:1046668ms step_avg:221.80ms
step:4720/4740 train_time:1046992ms step_avg:221.82ms
step:4721/4740 train_time:1047176ms step_avg:221.81ms
step:4722/4740 train_time:1047501ms step_avg:221.83ms
step:4723/4740 train_time:1047685ms step_avg:221.83ms
step:4724/4740 train_time:1048006ms step_avg:221.85ms
step:4725/4740 train_time:1048192ms step_avg:221.84ms
step:4726/4740 train_time:1048513ms step_avg:221.86ms
step:4727/4740 train_time:1048696ms step_avg:221.85ms
step:4728/4740 train_time:1049022ms step_avg:221.87ms
step:4729/4740 train_time:1049203ms step_avg:221.87ms
step:4730/4740 train_time:1049522ms step_avg:221.89ms
step:4731/4740 train_time:1049708ms step_avg:221.88ms
step:4732/4740 train_time:1050031ms step_avg:221.90ms
step:4733/4740 train_time:1050217ms step_avg:221.89ms
step:4734/4740 train_time:1050540ms step_avg:221.91ms
step:4735/4740 train_time:1050721ms step_avg:221.91ms
step:4736/4740 train_time:1051046ms step_avg:221.93ms
step:4737/4740 train_time:1051228ms step_avg:221.92ms
step:4738/4740 train_time:1051549ms step_avg:221.94ms
step:4739/4740 train_time:1051733ms step_avg:221.93ms
step:4740/4740 train_time:1052055ms step_avg:221.95ms
step:4740/4740 val_loss:2.9165 train_time:1052183ms step_avg:221.98ms
peak memory allocated: 57397 MiB reserved: 61852 MiB
