W0208 08:51:26.738000 1899008 torch/distributed/run.py:852] 
W0208 08:51:26.738000 1899008 torch/distributed/run.py:852] *****************************************
W0208 08:51:26.738000 1899008 torch/distributed/run.py:852] Setting OMP_NUM_THREADS environment variable for each process to be 1 in default, to avoid your system being overloaded, please further tune the variable for optimal performance in your application as needed. 
W0208 08:51:26.738000 1899008 torch/distributed/run.py:852] *****************************************
Fetching 4 files:   0%|          | 0/4 [00:00<?, ?it/s]Fetching 4 files: 100%|██████████| 4/4 [00:00<00:00, 59493.67it/s]
Fetching 4 files:   0%|          | 0/4 [00:00<?, ?it/s]Fetching 4 files: 100%|██████████| 4/4 [00:00<00:00, 71392.41it/s]
Fetching 4 files:   0%|          | 0/4 [00:00<?, ?it/s]Fetching 4 files: 100%|██████████| 4/4 [00:00<00:00, 67108.86it/s]
Fetching 4 files:   0%|          | 0/4 [00:00<?, ?it/s]Fetching 4 files: 100%|██████████| 4/4 [00:00<00:00, 60133.39it/s]
Fetching 4 files:   0%|          | 0/4 [00:00<?, ?it/s]Fetching 4 files: 100%|██████████| 4/4 [00:00<00:00, 66841.50it/s]
Fetching 4 files:   0%|          | 0/4 [00:00<?, ?it/s]Fetching 4 files: 100%|██████████| 4/4 [00:00<00:00, 11475.52it/s]
Fetching 4 files:   0%|          | 0/4 [00:00<?, ?it/s]Fetching 4 files: 100%|██████████| 4/4 [00:00<00:00, 69905.07it/s]
Fetching 4 files:   0%|          | 0/4 [00:00<?, ?it/s]Fetching 4 files: 100%|██████████| 4/4 [00:00<00:00, 83886.08it/s]
logs/sweep_muon0.017_adam0.006.txt
74
Compiling model and warming up kernels (~7 minutes on first execution)
Sampling steps [0, 1, 391, 392, 393, 783, 784, 785, 1174, 1175, 1176, 1566, 1567, 1568, 1958, 1959, 1960, 2349, 2350, 2351, 2741, 2742, 2743, 3133, 3134, 3135] for warmup
Resetting Model
step:0/4740 val_loss:10.8309 train_time:1ms step_avg:0.83ms
step:1/4740 train_time:91ms step_avg:91.13ms
step:2/4740 train_time:156ms step_avg:77.90ms
step:3/4740 train_time:214ms step_avg:71.25ms
step:4/4740 train_time:300ms step_avg:74.99ms
step:5/4740 train_time:359ms step_avg:71.73ms
step:6/4740 train_time:444ms step_avg:74.03ms
step:7/4740 train_time:503ms step_avg:71.84ms
step:8/4740 train_time:588ms step_avg:73.51ms
step:9/4740 train_time:647ms step_avg:71.92ms
step:10/4740 train_time:733ms step_avg:73.29ms
step:11/4740 train_time:792ms step_avg:71.99ms
step:12/4740 train_time:877ms step_avg:73.12ms
step:13/4740 train_time:936ms step_avg:72.02ms
step:14/4740 train_time:1022ms step_avg:73.04ms
step:15/4740 train_time:1084ms step_avg:72.25ms
step:16/4740 train_time:1171ms step_avg:73.16ms
step:17/4740 train_time:1232ms step_avg:72.45ms
step:18/4740 train_time:1319ms step_avg:73.26ms
step:19/4740 train_time:1378ms step_avg:72.53ms
step:20/4740 train_time:1464ms step_avg:73.22ms
step:21/4740 train_time:1524ms step_avg:72.57ms
step:22/4740 train_time:1610ms step_avg:73.18ms
step:23/4740 train_time:1669ms step_avg:72.57ms
step:24/4740 train_time:1755ms step_avg:73.13ms
step:25/4740 train_time:1815ms step_avg:72.59ms
step:26/4740 train_time:1901ms step_avg:73.11ms
step:27/4740 train_time:1960ms step_avg:72.61ms
step:28/4740 train_time:2047ms step_avg:73.10ms
step:29/4740 train_time:2106ms step_avg:72.62ms
step:30/4740 train_time:2192ms step_avg:73.07ms
step:31/4740 train_time:2253ms step_avg:72.67ms
step:32/4740 train_time:2340ms step_avg:73.11ms
step:33/4740 train_time:2399ms step_avg:72.70ms
step:34/4740 train_time:2486ms step_avg:73.11ms
step:35/4740 train_time:2545ms step_avg:72.73ms
step:36/4740 train_time:2632ms step_avg:73.10ms
step:37/4740 train_time:2691ms step_avg:72.74ms
step:38/4740 train_time:2778ms step_avg:73.10ms
step:39/4740 train_time:2837ms step_avg:72.74ms
step:40/4740 train_time:2923ms step_avg:73.07ms
step:41/4740 train_time:2983ms step_avg:72.74ms
step:42/4740 train_time:3069ms step_avg:73.06ms
step:43/4740 train_time:3129ms step_avg:72.77ms
step:44/4740 train_time:3215ms step_avg:73.07ms
step:45/4740 train_time:3275ms step_avg:72.78ms
step:46/4740 train_time:3362ms step_avg:73.08ms
step:47/4740 train_time:3422ms step_avg:72.81ms
step:48/4740 train_time:3508ms step_avg:73.08ms
step:49/4740 train_time:3567ms step_avg:72.80ms
step:50/4740 train_time:3654ms step_avg:73.07ms
step:51/4740 train_time:3713ms step_avg:72.81ms
step:52/4740 train_time:3800ms step_avg:73.08ms
step:53/4740 train_time:3860ms step_avg:72.83ms
step:54/4740 train_time:3946ms step_avg:73.07ms
step:55/4740 train_time:4006ms step_avg:72.83ms
step:56/4740 train_time:4092ms step_avg:73.07ms
step:57/4740 train_time:4151ms step_avg:72.83ms
step:58/4740 train_time:4238ms step_avg:73.07ms
step:59/4740 train_time:4298ms step_avg:72.85ms
step:60/4740 train_time:4385ms step_avg:73.08ms
step:61/4740 train_time:4445ms step_avg:72.86ms
step:62/4740 train_time:4531ms step_avg:73.08ms
step:63/4740 train_time:4592ms step_avg:72.89ms
step:64/4740 train_time:4679ms step_avg:73.11ms
step:65/4740 train_time:4738ms step_avg:72.89ms
step:66/4740 train_time:4824ms step_avg:73.09ms
step:67/4740 train_time:4884ms step_avg:72.90ms
step:68/4740 train_time:4970ms step_avg:73.09ms
step:69/4740 train_time:5030ms step_avg:72.89ms
step:70/4740 train_time:5116ms step_avg:73.08ms
step:71/4740 train_time:5175ms step_avg:72.89ms
step:72/4740 train_time:5261ms step_avg:73.08ms
step:73/4740 train_time:5322ms step_avg:72.90ms
step:74/4740 train_time:5408ms step_avg:73.08ms
step:75/4740 train_time:5468ms step_avg:72.90ms
step:76/4740 train_time:5554ms step_avg:73.07ms
step:77/4740 train_time:5614ms step_avg:72.91ms
step:78/4740 train_time:5700ms step_avg:73.08ms
step:79/4740 train_time:5760ms step_avg:72.91ms
step:80/4740 train_time:5846ms step_avg:73.07ms
step:81/4740 train_time:5906ms step_avg:72.91ms
step:82/4740 train_time:5992ms step_avg:73.07ms
step:83/4740 train_time:6051ms step_avg:72.90ms
step:84/4740 train_time:6138ms step_avg:73.07ms
step:85/4740 train_time:6197ms step_avg:72.91ms
step:86/4740 train_time:6284ms step_avg:73.06ms
step:87/4740 train_time:6343ms step_avg:72.91ms
step:88/4740 train_time:6429ms step_avg:73.06ms
step:89/4740 train_time:6489ms step_avg:72.91ms
step:90/4740 train_time:6576ms step_avg:73.06ms
step:91/4740 train_time:6635ms step_avg:72.91ms
step:92/4740 train_time:6721ms step_avg:73.06ms
step:93/4740 train_time:6781ms step_avg:72.91ms
step:94/4740 train_time:6867ms step_avg:73.06ms
step:95/4740 train_time:6927ms step_avg:72.92ms
step:96/4740 train_time:7014ms step_avg:73.06ms
step:97/4740 train_time:7074ms step_avg:72.93ms
step:98/4740 train_time:7160ms step_avg:73.06ms
step:99/4740 train_time:7220ms step_avg:72.93ms
step:100/4740 train_time:7306ms step_avg:73.06ms
step:101/4740 train_time:7365ms step_avg:72.92ms
step:102/4740 train_time:7451ms step_avg:73.05ms
step:103/4740 train_time:7511ms step_avg:72.93ms
step:104/4740 train_time:7598ms step_avg:73.06ms
step:105/4740 train_time:7657ms step_avg:72.93ms
step:106/4740 train_time:7743ms step_avg:73.05ms
step:107/4740 train_time:7803ms step_avg:72.93ms
step:108/4740 train_time:7889ms step_avg:73.05ms
step:109/4740 train_time:7949ms step_avg:72.92ms
step:110/4740 train_time:8035ms step_avg:73.04ms
step:111/4740 train_time:8094ms step_avg:72.92ms
step:112/4740 train_time:8180ms step_avg:73.04ms
step:113/4740 train_time:8239ms step_avg:72.92ms
step:114/4740 train_time:8325ms step_avg:73.03ms
step:115/4740 train_time:8385ms step_avg:72.91ms
step:116/4740 train_time:8471ms step_avg:73.03ms
step:117/4740 train_time:8530ms step_avg:72.91ms
step:118/4740 train_time:8617ms step_avg:73.03ms
step:119/4740 train_time:8677ms step_avg:72.91ms
step:120/4740 train_time:8763ms step_avg:73.02ms
step:121/4740 train_time:8822ms step_avg:72.91ms
step:122/4740 train_time:8908ms step_avg:73.01ms
step:123/4740 train_time:8968ms step_avg:72.91ms
step:124/4740 train_time:9055ms step_avg:73.02ms
step:125/4740 train_time:9114ms step_avg:72.91ms
step:126/4740 train_time:9201ms step_avg:73.02ms
step:127/4740 train_time:9260ms step_avg:72.91ms
step:128/4740 train_time:9346ms step_avg:73.02ms
step:129/4740 train_time:9406ms step_avg:72.92ms
step:130/4740 train_time:9493ms step_avg:73.02ms
step:131/4740 train_time:9552ms step_avg:72.92ms
step:132/4740 train_time:9638ms step_avg:73.02ms
step:133/4740 train_time:9698ms step_avg:72.91ms
step:134/4740 train_time:9785ms step_avg:73.02ms
step:135/4740 train_time:9844ms step_avg:72.92ms
step:136/4740 train_time:9930ms step_avg:73.02ms
step:137/4740 train_time:9991ms step_avg:72.92ms
step:138/4740 train_time:10077ms step_avg:73.02ms
step:139/4740 train_time:10136ms step_avg:72.92ms
step:140/4740 train_time:10223ms step_avg:73.02ms
step:141/4740 train_time:10283ms step_avg:72.93ms
step:142/4740 train_time:10369ms step_avg:73.02ms
step:143/4740 train_time:10429ms step_avg:72.93ms
step:144/4740 train_time:10515ms step_avg:73.02ms
step:145/4740 train_time:10574ms step_avg:72.93ms
step:146/4740 train_time:10661ms step_avg:73.02ms
step:147/4740 train_time:10721ms step_avg:72.93ms
step:148/4740 train_time:10807ms step_avg:73.02ms
step:149/4740 train_time:10866ms step_avg:72.93ms
step:150/4740 train_time:10952ms step_avg:73.01ms
step:151/4740 train_time:11011ms step_avg:72.92ms
step:152/4740 train_time:11098ms step_avg:73.01ms
step:153/4740 train_time:11157ms step_avg:72.92ms
step:154/4740 train_time:11242ms step_avg:73.00ms
step:155/4740 train_time:11302ms step_avg:72.92ms
step:156/4740 train_time:11388ms step_avg:73.00ms
step:157/4740 train_time:11447ms step_avg:72.91ms
step:158/4740 train_time:11534ms step_avg:73.00ms
step:159/4740 train_time:11594ms step_avg:72.92ms
step:160/4740 train_time:11679ms step_avg:73.00ms
step:161/4740 train_time:11738ms step_avg:72.91ms
step:162/4740 train_time:11823ms step_avg:72.98ms
step:163/4740 train_time:11883ms step_avg:72.90ms
step:164/4740 train_time:11968ms step_avg:72.98ms
step:165/4740 train_time:12028ms step_avg:72.90ms
step:166/4740 train_time:12115ms step_avg:72.98ms
step:167/4740 train_time:12174ms step_avg:72.90ms
step:168/4740 train_time:12260ms step_avg:72.98ms
step:169/4740 train_time:12319ms step_avg:72.89ms
step:170/4740 train_time:12405ms step_avg:72.97ms
step:171/4740 train_time:12466ms step_avg:72.90ms
step:172/4740 train_time:12551ms step_avg:72.97ms
step:173/4740 train_time:12611ms step_avg:72.90ms
step:174/4740 train_time:12698ms step_avg:72.98ms
step:175/4740 train_time:12757ms step_avg:72.90ms
step:176/4740 train_time:12842ms step_avg:72.97ms
step:177/4740 train_time:12902ms step_avg:72.89ms
step:178/4740 train_time:12988ms step_avg:72.96ms
step:179/4740 train_time:13048ms step_avg:72.89ms
step:180/4740 train_time:13134ms step_avg:72.96ms
step:181/4740 train_time:13194ms step_avg:72.89ms
step:182/4740 train_time:13281ms step_avg:72.97ms
step:183/4740 train_time:13340ms step_avg:72.90ms
step:184/4740 train_time:13426ms step_avg:72.96ms
step:185/4740 train_time:13485ms step_avg:72.89ms
step:186/4740 train_time:13571ms step_avg:72.96ms
step:187/4740 train_time:13630ms step_avg:72.89ms
step:188/4740 train_time:13716ms step_avg:72.96ms
step:189/4740 train_time:13776ms step_avg:72.89ms
step:190/4740 train_time:13862ms step_avg:72.96ms
step:191/4740 train_time:13921ms step_avg:72.89ms
step:192/4740 train_time:14007ms step_avg:72.95ms
step:193/4740 train_time:14066ms step_avg:72.88ms
step:194/4740 train_time:14153ms step_avg:72.95ms
step:195/4740 train_time:14212ms step_avg:72.88ms
step:196/4740 train_time:14298ms step_avg:72.95ms
step:197/4740 train_time:14358ms step_avg:72.88ms
step:198/4740 train_time:14444ms step_avg:72.95ms
step:199/4740 train_time:14504ms step_avg:72.88ms
step:200/4740 train_time:14591ms step_avg:72.95ms
step:201/4740 train_time:14651ms step_avg:72.89ms
step:202/4740 train_time:14737ms step_avg:72.95ms
step:203/4740 train_time:14796ms step_avg:72.89ms
step:204/4740 train_time:14882ms step_avg:72.95ms
step:205/4740 train_time:14941ms step_avg:72.88ms
step:206/4740 train_time:15026ms step_avg:72.94ms
step:207/4740 train_time:15087ms step_avg:72.88ms
step:208/4740 train_time:15172ms step_avg:72.94ms
step:209/4740 train_time:15232ms step_avg:72.88ms
step:210/4740 train_time:15318ms step_avg:72.94ms
step:211/4740 train_time:15378ms step_avg:72.88ms
step:212/4740 train_time:15463ms step_avg:72.94ms
step:213/4740 train_time:15522ms step_avg:72.88ms
step:214/4740 train_time:15608ms step_avg:72.94ms
step:215/4740 train_time:15667ms step_avg:72.87ms
step:216/4740 train_time:15754ms step_avg:72.93ms
step:217/4740 train_time:15813ms step_avg:72.87ms
step:218/4740 train_time:15899ms step_avg:72.93ms
step:219/4740 train_time:15958ms step_avg:72.87ms
step:220/4740 train_time:16044ms step_avg:72.93ms
step:221/4740 train_time:16104ms step_avg:72.87ms
step:222/4740 train_time:16191ms step_avg:72.93ms
step:223/4740 train_time:16250ms step_avg:72.87ms
step:224/4740 train_time:16336ms step_avg:72.93ms
step:225/4740 train_time:16396ms step_avg:72.87ms
step:226/4740 train_time:16481ms step_avg:72.93ms
step:227/4740 train_time:16540ms step_avg:72.86ms
step:228/4740 train_time:16625ms step_avg:72.92ms
step:229/4740 train_time:16684ms step_avg:72.86ms
step:230/4740 train_time:16770ms step_avg:72.91ms
step:231/4740 train_time:16829ms step_avg:72.85ms
step:232/4740 train_time:16915ms step_avg:72.91ms
step:233/4740 train_time:16974ms step_avg:72.85ms
step:234/4740 train_time:17060ms step_avg:72.90ms
step:235/4740 train_time:17119ms step_avg:72.85ms
step:236/4740 train_time:17206ms step_avg:72.91ms
step:237/4740 train_time:17265ms step_avg:72.85ms
step:238/4740 train_time:17351ms step_avg:72.90ms
step:239/4740 train_time:17411ms step_avg:72.85ms
step:240/4740 train_time:17497ms step_avg:72.90ms
step:241/4740 train_time:17556ms step_avg:72.85ms
step:242/4740 train_time:17641ms step_avg:72.90ms
step:243/4740 train_time:17701ms step_avg:72.84ms
step:244/4740 train_time:17786ms step_avg:72.90ms
step:245/4740 train_time:17846ms step_avg:72.84ms
step:246/4740 train_time:17931ms step_avg:72.89ms
step:247/4740 train_time:17991ms step_avg:72.84ms
step:248/4740 train_time:18077ms step_avg:72.89ms
step:249/4740 train_time:18136ms step_avg:72.84ms
step:250/4740 train_time:18222ms step_avg:72.89ms
step:250/4740 val_loss:4.5452 train_time:18267ms step_avg:73.07ms
step:251/4740 train_time:18299ms step_avg:72.91ms
step:252/4740 train_time:18369ms step_avg:72.89ms
step:253/4740 train_time:18428ms step_avg:72.84ms
step:254/4740 train_time:18513ms step_avg:72.89ms
step:255/4740 train_time:18576ms step_avg:72.85ms
step:256/4740 train_time:18663ms step_avg:72.90ms
step:257/4740 train_time:18723ms step_avg:72.85ms
step:258/4740 train_time:18808ms step_avg:72.90ms
step:259/4740 train_time:18867ms step_avg:72.85ms
step:260/4740 train_time:18953ms step_avg:72.89ms
step:261/4740 train_time:19012ms step_avg:72.84ms
step:262/4740 train_time:19097ms step_avg:72.89ms
step:263/4740 train_time:19156ms step_avg:72.84ms
step:264/4740 train_time:19242ms step_avg:72.89ms
step:265/4740 train_time:19301ms step_avg:72.83ms
step:266/4740 train_time:19387ms step_avg:72.88ms
step:267/4740 train_time:19446ms step_avg:72.83ms
step:268/4740 train_time:19531ms step_avg:72.88ms
step:269/4740 train_time:19591ms step_avg:72.83ms
step:270/4740 train_time:19678ms step_avg:72.88ms
step:271/4740 train_time:19738ms step_avg:72.83ms
step:272/4740 train_time:19823ms step_avg:72.88ms
step:273/4740 train_time:19882ms step_avg:72.83ms
step:274/4740 train_time:19968ms step_avg:72.87ms
step:275/4740 train_time:20027ms step_avg:72.83ms
step:276/4740 train_time:20112ms step_avg:72.87ms
step:277/4740 train_time:20172ms step_avg:72.82ms
step:278/4740 train_time:20258ms step_avg:72.87ms
step:279/4740 train_time:20318ms step_avg:72.82ms
step:280/4740 train_time:20403ms step_avg:72.87ms
step:281/4740 train_time:20463ms step_avg:72.82ms
step:282/4740 train_time:20548ms step_avg:72.87ms
step:283/4740 train_time:20607ms step_avg:72.82ms
step:284/4740 train_time:20693ms step_avg:72.86ms
step:285/4740 train_time:20754ms step_avg:72.82ms
step:286/4740 train_time:20840ms step_avg:72.87ms
step:287/4740 train_time:20899ms step_avg:72.82ms
step:288/4740 train_time:20984ms step_avg:72.86ms
step:289/4740 train_time:21043ms step_avg:72.81ms
step:290/4740 train_time:21129ms step_avg:72.86ms
step:291/4740 train_time:21188ms step_avg:72.81ms
step:292/4740 train_time:21274ms step_avg:72.86ms
step:293/4740 train_time:21332ms step_avg:72.81ms
step:294/4740 train_time:21418ms step_avg:72.85ms
step:295/4740 train_time:21477ms step_avg:72.80ms
step:296/4740 train_time:21564ms step_avg:72.85ms
step:297/4740 train_time:21623ms step_avg:72.80ms
step:298/4740 train_time:21708ms step_avg:72.85ms
step:299/4740 train_time:21768ms step_avg:72.80ms
step:300/4740 train_time:21854ms step_avg:72.85ms
step:301/4740 train_time:21912ms step_avg:72.80ms
step:302/4740 train_time:21998ms step_avg:72.84ms
step:303/4740 train_time:22057ms step_avg:72.80ms
step:304/4740 train_time:22144ms step_avg:72.84ms
step:305/4740 train_time:22202ms step_avg:72.79ms
step:306/4740 train_time:22288ms step_avg:72.84ms
step:307/4740 train_time:22347ms step_avg:72.79ms
step:308/4740 train_time:22433ms step_avg:72.83ms
step:309/4740 train_time:22492ms step_avg:72.79ms
step:310/4740 train_time:22578ms step_avg:72.83ms
step:311/4740 train_time:22637ms step_avg:72.79ms
step:312/4740 train_time:22723ms step_avg:72.83ms
step:313/4740 train_time:22782ms step_avg:72.79ms
step:314/4740 train_time:22868ms step_avg:72.83ms
step:315/4740 train_time:22927ms step_avg:72.78ms
step:316/4740 train_time:23013ms step_avg:72.83ms
step:317/4740 train_time:23072ms step_avg:72.78ms
step:318/4740 train_time:23158ms step_avg:72.82ms
step:319/4740 train_time:23218ms step_avg:72.78ms
step:320/4740 train_time:23303ms step_avg:72.82ms
step:321/4740 train_time:23363ms step_avg:72.78ms
step:322/4740 train_time:23448ms step_avg:72.82ms
step:323/4740 train_time:23507ms step_avg:72.78ms
step:324/4740 train_time:23593ms step_avg:72.82ms
step:325/4740 train_time:23653ms step_avg:72.78ms
step:326/4740 train_time:23739ms step_avg:72.82ms
step:327/4740 train_time:23798ms step_avg:72.78ms
step:328/4740 train_time:23883ms step_avg:72.81ms
step:329/4740 train_time:23943ms step_avg:72.77ms
step:330/4740 train_time:24029ms step_avg:72.81ms
step:331/4740 train_time:24089ms step_avg:72.78ms
step:332/4740 train_time:24175ms step_avg:72.81ms
step:333/4740 train_time:24234ms step_avg:72.78ms
step:334/4740 train_time:24320ms step_avg:72.81ms
step:335/4740 train_time:24379ms step_avg:72.77ms
step:336/4740 train_time:24464ms step_avg:72.81ms
step:337/4740 train_time:24524ms step_avg:72.77ms
step:338/4740 train_time:24609ms step_avg:72.81ms
step:339/4740 train_time:24668ms step_avg:72.77ms
step:340/4740 train_time:24755ms step_avg:72.81ms
step:341/4740 train_time:24814ms step_avg:72.77ms
step:342/4740 train_time:24899ms step_avg:72.81ms
step:343/4740 train_time:24959ms step_avg:72.77ms
step:344/4740 train_time:25045ms step_avg:72.81ms
step:345/4740 train_time:25104ms step_avg:72.76ms
step:346/4740 train_time:25189ms step_avg:72.80ms
step:347/4740 train_time:25248ms step_avg:72.76ms
step:348/4740 train_time:25334ms step_avg:72.80ms
step:349/4740 train_time:25393ms step_avg:72.76ms
step:350/4740 train_time:25478ms step_avg:72.80ms
step:351/4740 train_time:25537ms step_avg:72.76ms
step:352/4740 train_time:25623ms step_avg:72.79ms
step:353/4740 train_time:25681ms step_avg:72.75ms
step:354/4740 train_time:25767ms step_avg:72.79ms
step:355/4740 train_time:25826ms step_avg:72.75ms
step:356/4740 train_time:25911ms step_avg:72.78ms
step:357/4740 train_time:25971ms step_avg:72.75ms
step:358/4740 train_time:26057ms step_avg:72.79ms
step:359/4740 train_time:26116ms step_avg:72.75ms
step:360/4740 train_time:26202ms step_avg:72.78ms
step:361/4740 train_time:26260ms step_avg:72.74ms
step:362/4740 train_time:26346ms step_avg:72.78ms
step:363/4740 train_time:26405ms step_avg:72.74ms
step:364/4740 train_time:26490ms step_avg:72.77ms
step:365/4740 train_time:26549ms step_avg:72.74ms
step:366/4740 train_time:26635ms step_avg:72.77ms
step:367/4740 train_time:26694ms step_avg:72.74ms
step:368/4740 train_time:26780ms step_avg:72.77ms
step:369/4740 train_time:26838ms step_avg:72.73ms
step:370/4740 train_time:26924ms step_avg:72.77ms
step:371/4740 train_time:26983ms step_avg:72.73ms
step:372/4740 train_time:27068ms step_avg:72.76ms
step:373/4740 train_time:27128ms step_avg:72.73ms
step:374/4740 train_time:27214ms step_avg:72.76ms
step:375/4740 train_time:27272ms step_avg:72.73ms
step:376/4740 train_time:27358ms step_avg:72.76ms
step:377/4740 train_time:27417ms step_avg:72.72ms
step:378/4740 train_time:27502ms step_avg:72.76ms
step:379/4740 train_time:27561ms step_avg:72.72ms
step:380/4740 train_time:27648ms step_avg:72.76ms
step:381/4740 train_time:27706ms step_avg:72.72ms
step:382/4740 train_time:27792ms step_avg:72.75ms
step:383/4740 train_time:27851ms step_avg:72.72ms
step:384/4740 train_time:27937ms step_avg:72.75ms
step:385/4740 train_time:27997ms step_avg:72.72ms
step:386/4740 train_time:28082ms step_avg:72.75ms
step:387/4740 train_time:28140ms step_avg:72.71ms
step:388/4740 train_time:28226ms step_avg:72.75ms
step:389/4740 train_time:28285ms step_avg:72.71ms
step:390/4740 train_time:28370ms step_avg:72.74ms
step:391/4740 train_time:28430ms step_avg:72.71ms
step:392/4740 train_time:28515ms step_avg:72.74ms
step:393/4740 train_time:28589ms step_avg:72.74ms
step:394/4740 train_time:28746ms step_avg:72.96ms
step:395/4740 train_time:28847ms step_avg:73.03ms
step:396/4740 train_time:29006ms step_avg:73.25ms
step:397/4740 train_time:29109ms step_avg:73.32ms
step:398/4740 train_time:29266ms step_avg:73.53ms
step:399/4740 train_time:29368ms step_avg:73.60ms
step:400/4740 train_time:29527ms step_avg:73.82ms
step:401/4740 train_time:29628ms step_avg:73.88ms
step:402/4740 train_time:29786ms step_avg:74.10ms
step:403/4740 train_time:29888ms step_avg:74.16ms
step:404/4740 train_time:30047ms step_avg:74.37ms
step:405/4740 train_time:30150ms step_avg:74.44ms
step:406/4740 train_time:30309ms step_avg:74.65ms
step:407/4740 train_time:30410ms step_avg:74.72ms
step:408/4740 train_time:30570ms step_avg:74.93ms
step:409/4740 train_time:30672ms step_avg:74.99ms
step:410/4740 train_time:30831ms step_avg:75.20ms
step:411/4740 train_time:30932ms step_avg:75.26ms
step:412/4740 train_time:31093ms step_avg:75.47ms
step:413/4740 train_time:31194ms step_avg:75.53ms
step:414/4740 train_time:31353ms step_avg:75.73ms
step:415/4740 train_time:31454ms step_avg:75.79ms
step:416/4740 train_time:31614ms step_avg:75.99ms
step:417/4740 train_time:31714ms step_avg:76.05ms
step:418/4740 train_time:31874ms step_avg:76.25ms
step:419/4740 train_time:31974ms step_avg:76.31ms
step:420/4740 train_time:32134ms step_avg:76.51ms
step:421/4740 train_time:32235ms step_avg:76.57ms
step:422/4740 train_time:32394ms step_avg:76.76ms
step:423/4740 train_time:32495ms step_avg:76.82ms
step:424/4740 train_time:32653ms step_avg:77.01ms
step:425/4740 train_time:32755ms step_avg:77.07ms
step:426/4740 train_time:32914ms step_avg:77.26ms
step:427/4740 train_time:33015ms step_avg:77.32ms
step:428/4740 train_time:33174ms step_avg:77.51ms
step:429/4740 train_time:33276ms step_avg:77.57ms
step:430/4740 train_time:33435ms step_avg:77.76ms
step:431/4740 train_time:33535ms step_avg:77.81ms
step:432/4740 train_time:33695ms step_avg:78.00ms
step:433/4740 train_time:33796ms step_avg:78.05ms
step:434/4740 train_time:33955ms step_avg:78.24ms
step:435/4740 train_time:34057ms step_avg:78.29ms
step:436/4740 train_time:34216ms step_avg:78.48ms
step:437/4740 train_time:34317ms step_avg:78.53ms
step:438/4740 train_time:34476ms step_avg:78.71ms
step:439/4740 train_time:34577ms step_avg:78.76ms
step:440/4740 train_time:34735ms step_avg:78.94ms
step:441/4740 train_time:34837ms step_avg:79.00ms
step:442/4740 train_time:34996ms step_avg:79.18ms
step:443/4740 train_time:35097ms step_avg:79.23ms
step:444/4740 train_time:35255ms step_avg:79.40ms
step:445/4740 train_time:35358ms step_avg:79.46ms
step:446/4740 train_time:35517ms step_avg:79.63ms
step:447/4740 train_time:35617ms step_avg:79.68ms
step:448/4740 train_time:35776ms step_avg:79.86ms
step:449/4740 train_time:35877ms step_avg:79.90ms
step:450/4740 train_time:36036ms step_avg:80.08ms
step:451/4740 train_time:36136ms step_avg:80.13ms
step:452/4740 train_time:36295ms step_avg:80.30ms
step:453/4740 train_time:36396ms step_avg:80.35ms
step:454/4740 train_time:36555ms step_avg:80.52ms
step:455/4740 train_time:36657ms step_avg:80.56ms
step:456/4740 train_time:36815ms step_avg:80.74ms
step:457/4740 train_time:36917ms step_avg:80.78ms
step:458/4740 train_time:37076ms step_avg:80.95ms
step:459/4740 train_time:37176ms step_avg:80.99ms
step:460/4740 train_time:37335ms step_avg:81.16ms
step:461/4740 train_time:37437ms step_avg:81.21ms
step:462/4740 train_time:37598ms step_avg:81.38ms
step:463/4740 train_time:37698ms step_avg:81.42ms
step:464/4740 train_time:37858ms step_avg:81.59ms
step:465/4740 train_time:37958ms step_avg:81.63ms
step:466/4740 train_time:38117ms step_avg:81.80ms
step:467/4740 train_time:38219ms step_avg:81.84ms
step:468/4740 train_time:38377ms step_avg:82.00ms
step:469/4740 train_time:38478ms step_avg:82.04ms
step:470/4740 train_time:38638ms step_avg:82.21ms
step:471/4740 train_time:38739ms step_avg:82.25ms
step:472/4740 train_time:38898ms step_avg:82.41ms
step:473/4740 train_time:39000ms step_avg:82.45ms
step:474/4740 train_time:39158ms step_avg:82.61ms
step:475/4740 train_time:39258ms step_avg:82.65ms
step:476/4740 train_time:39417ms step_avg:82.81ms
step:477/4740 train_time:39517ms step_avg:82.85ms
step:478/4740 train_time:39675ms step_avg:83.00ms
step:479/4740 train_time:39777ms step_avg:83.04ms
step:480/4740 train_time:39936ms step_avg:83.20ms
step:481/4740 train_time:40037ms step_avg:83.24ms
step:482/4740 train_time:40194ms step_avg:83.39ms
step:483/4740 train_time:40295ms step_avg:83.43ms
step:484/4740 train_time:40454ms step_avg:83.58ms
step:485/4740 train_time:40554ms step_avg:83.62ms
step:486/4740 train_time:40713ms step_avg:83.77ms
step:487/4740 train_time:40814ms step_avg:83.81ms
step:488/4740 train_time:40973ms step_avg:83.96ms
step:489/4740 train_time:41073ms step_avg:83.99ms
step:490/4740 train_time:41232ms step_avg:84.15ms
step:491/4740 train_time:41333ms step_avg:84.18ms
step:492/4740 train_time:41492ms step_avg:84.33ms
step:493/4740 train_time:41593ms step_avg:84.37ms
step:494/4740 train_time:41753ms step_avg:84.52ms
step:495/4740 train_time:41854ms step_avg:84.55ms
step:496/4740 train_time:42014ms step_avg:84.71ms
step:497/4740 train_time:42115ms step_avg:84.74ms
step:498/4740 train_time:42274ms step_avg:84.89ms
step:499/4740 train_time:42374ms step_avg:84.92ms
step:500/4740 train_time:42532ms step_avg:85.06ms
step:500/4740 val_loss:4.0777 train_time:42605ms step_avg:85.21ms
step:501/4740 train_time:42637ms step_avg:85.10ms
step:502/4740 train_time:42794ms step_avg:85.25ms
step:503/4740 train_time:42897ms step_avg:85.28ms
step:504/4740 train_time:43061ms step_avg:85.44ms
step:505/4740 train_time:43163ms step_avg:85.47ms
step:506/4740 train_time:43319ms step_avg:85.61ms
step:507/4740 train_time:43419ms step_avg:85.64ms
step:508/4740 train_time:43578ms step_avg:85.78ms
step:509/4740 train_time:43683ms step_avg:85.82ms
step:510/4740 train_time:43840ms step_avg:85.96ms
step:511/4740 train_time:43946ms step_avg:86.00ms
step:512/4740 train_time:44104ms step_avg:86.14ms
step:513/4740 train_time:44205ms step_avg:86.17ms
step:514/4740 train_time:44362ms step_avg:86.31ms
step:515/4740 train_time:44463ms step_avg:86.34ms
step:516/4740 train_time:44622ms step_avg:86.48ms
step:517/4740 train_time:44722ms step_avg:86.50ms
step:518/4740 train_time:44882ms step_avg:86.64ms
step:519/4740 train_time:44985ms step_avg:86.68ms
step:520/4740 train_time:45144ms step_avg:86.82ms
step:521/4740 train_time:45245ms step_avg:86.84ms
step:522/4740 train_time:45402ms step_avg:86.98ms
step:523/4740 train_time:45501ms step_avg:87.00ms
step:524/4740 train_time:45660ms step_avg:87.14ms
step:525/4740 train_time:45762ms step_avg:87.17ms
step:526/4740 train_time:45921ms step_avg:87.30ms
step:527/4740 train_time:46021ms step_avg:87.33ms
step:528/4740 train_time:46181ms step_avg:87.46ms
step:529/4740 train_time:46283ms step_avg:87.49ms
step:530/4740 train_time:46441ms step_avg:87.62ms
step:531/4740 train_time:46542ms step_avg:87.65ms
step:532/4740 train_time:46700ms step_avg:87.78ms
step:533/4740 train_time:46801ms step_avg:87.81ms
step:534/4740 train_time:46961ms step_avg:87.94ms
step:535/4740 train_time:47061ms step_avg:87.96ms
step:536/4740 train_time:47219ms step_avg:88.10ms
step:537/4740 train_time:47320ms step_avg:88.12ms
step:538/4740 train_time:47478ms step_avg:88.25ms
step:539/4740 train_time:47579ms step_avg:88.27ms
step:540/4740 train_time:47737ms step_avg:88.40ms
step:541/4740 train_time:47838ms step_avg:88.43ms
step:542/4740 train_time:47996ms step_avg:88.55ms
step:543/4740 train_time:48099ms step_avg:88.58ms
step:544/4740 train_time:48257ms step_avg:88.71ms
step:545/4740 train_time:48358ms step_avg:88.73ms
step:546/4740 train_time:48518ms step_avg:88.86ms
step:547/4740 train_time:48619ms step_avg:88.88ms
step:548/4740 train_time:48777ms step_avg:89.01ms
step:549/4740 train_time:48879ms step_avg:89.03ms
step:550/4740 train_time:49039ms step_avg:89.16ms
step:551/4740 train_time:49141ms step_avg:89.18ms
step:552/4740 train_time:49298ms step_avg:89.31ms
step:553/4740 train_time:49400ms step_avg:89.33ms
step:554/4740 train_time:49558ms step_avg:89.46ms
step:555/4740 train_time:49659ms step_avg:89.48ms
step:556/4740 train_time:49817ms step_avg:89.60ms
step:557/4740 train_time:49919ms step_avg:89.62ms
step:558/4740 train_time:50078ms step_avg:89.75ms
step:559/4740 train_time:50180ms step_avg:89.77ms
step:560/4740 train_time:50337ms step_avg:89.89ms
step:561/4740 train_time:50440ms step_avg:89.91ms
step:562/4740 train_time:50597ms step_avg:90.03ms
step:563/4740 train_time:50699ms step_avg:90.05ms
step:564/4740 train_time:50858ms step_avg:90.17ms
step:565/4740 train_time:50959ms step_avg:90.19ms
step:566/4740 train_time:51119ms step_avg:90.32ms
step:567/4740 train_time:51220ms step_avg:90.34ms
step:568/4740 train_time:51378ms step_avg:90.45ms
step:569/4740 train_time:51480ms step_avg:90.47ms
step:570/4740 train_time:51637ms step_avg:90.59ms
step:571/4740 train_time:51739ms step_avg:90.61ms
step:572/4740 train_time:51898ms step_avg:90.73ms
step:573/4740 train_time:51999ms step_avg:90.75ms
step:574/4740 train_time:52156ms step_avg:90.86ms
step:575/4740 train_time:52259ms step_avg:90.88ms
step:576/4740 train_time:52417ms step_avg:91.00ms
step:577/4740 train_time:52519ms step_avg:91.02ms
step:578/4740 train_time:52677ms step_avg:91.14ms
step:579/4740 train_time:52779ms step_avg:91.16ms
step:580/4740 train_time:52937ms step_avg:91.27ms
step:581/4740 train_time:53038ms step_avg:91.29ms
step:582/4740 train_time:53197ms step_avg:91.40ms
step:583/4740 train_time:53298ms step_avg:91.42ms
step:584/4740 train_time:53457ms step_avg:91.54ms
step:585/4740 train_time:53558ms step_avg:91.55ms
step:586/4740 train_time:53716ms step_avg:91.67ms
step:587/4740 train_time:53818ms step_avg:91.68ms
step:588/4740 train_time:53976ms step_avg:91.80ms
step:589/4740 train_time:54076ms step_avg:91.81ms
step:590/4740 train_time:54234ms step_avg:91.92ms
step:591/4740 train_time:54336ms step_avg:91.94ms
step:592/4740 train_time:54495ms step_avg:92.05ms
step:593/4740 train_time:54597ms step_avg:92.07ms
step:594/4740 train_time:54756ms step_avg:92.18ms
step:595/4740 train_time:54857ms step_avg:92.20ms
step:596/4740 train_time:55016ms step_avg:92.31ms
step:597/4740 train_time:55117ms step_avg:92.32ms
step:598/4740 train_time:55276ms step_avg:92.43ms
step:599/4740 train_time:55377ms step_avg:92.45ms
step:600/4740 train_time:55537ms step_avg:92.56ms
step:601/4740 train_time:55638ms step_avg:92.58ms
step:602/4740 train_time:55798ms step_avg:92.69ms
step:603/4740 train_time:55899ms step_avg:92.70ms
step:604/4740 train_time:56057ms step_avg:92.81ms
step:605/4740 train_time:56158ms step_avg:92.82ms
step:606/4740 train_time:56316ms step_avg:92.93ms
step:607/4740 train_time:56418ms step_avg:92.95ms
step:608/4740 train_time:56578ms step_avg:93.06ms
step:609/4740 train_time:56679ms step_avg:93.07ms
step:610/4740 train_time:56837ms step_avg:93.17ms
step:611/4740 train_time:56939ms step_avg:93.19ms
step:612/4740 train_time:57098ms step_avg:93.30ms
step:613/4740 train_time:57200ms step_avg:93.31ms
step:614/4740 train_time:57359ms step_avg:93.42ms
step:615/4740 train_time:57461ms step_avg:93.43ms
step:616/4740 train_time:57619ms step_avg:93.54ms
step:617/4740 train_time:57720ms step_avg:93.55ms
step:618/4740 train_time:57878ms step_avg:93.65ms
step:619/4740 train_time:57979ms step_avg:93.66ms
step:620/4740 train_time:58136ms step_avg:93.77ms
step:621/4740 train_time:58238ms step_avg:93.78ms
step:622/4740 train_time:58396ms step_avg:93.88ms
step:623/4740 train_time:58497ms step_avg:93.89ms
step:624/4740 train_time:58657ms step_avg:94.00ms
step:625/4740 train_time:58757ms step_avg:94.01ms
step:626/4740 train_time:58917ms step_avg:94.12ms
step:627/4740 train_time:59018ms step_avg:94.13ms
step:628/4740 train_time:59177ms step_avg:94.23ms
step:629/4740 train_time:59278ms step_avg:94.24ms
step:630/4740 train_time:59436ms step_avg:94.34ms
step:631/4740 train_time:59537ms step_avg:94.35ms
step:632/4740 train_time:59696ms step_avg:94.46ms
step:633/4740 train_time:59797ms step_avg:94.47ms
step:634/4740 train_time:59956ms step_avg:94.57ms
step:635/4740 train_time:60057ms step_avg:94.58ms
step:636/4740 train_time:60215ms step_avg:94.68ms
step:637/4740 train_time:60315ms step_avg:94.69ms
step:638/4740 train_time:60474ms step_avg:94.79ms
step:639/4740 train_time:60574ms step_avg:94.79ms
step:640/4740 train_time:60733ms step_avg:94.90ms
step:641/4740 train_time:60835ms step_avg:94.91ms
step:642/4740 train_time:60993ms step_avg:95.00ms
step:643/4740 train_time:61094ms step_avg:95.01ms
step:644/4740 train_time:61252ms step_avg:95.11ms
step:645/4740 train_time:61355ms step_avg:95.12ms
step:646/4740 train_time:61514ms step_avg:95.22ms
step:647/4740 train_time:61617ms step_avg:95.23ms
step:648/4740 train_time:61774ms step_avg:95.33ms
step:649/4740 train_time:61875ms step_avg:95.34ms
step:650/4740 train_time:62034ms step_avg:95.44ms
step:651/4740 train_time:62134ms step_avg:95.44ms
step:652/4740 train_time:62293ms step_avg:95.54ms
step:653/4740 train_time:62394ms step_avg:95.55ms
step:654/4740 train_time:62554ms step_avg:95.65ms
step:655/4740 train_time:62656ms step_avg:95.66ms
step:656/4740 train_time:62814ms step_avg:95.75ms
step:657/4740 train_time:62916ms step_avg:95.76ms
step:658/4740 train_time:63075ms step_avg:95.86ms
step:659/4740 train_time:63175ms step_avg:95.87ms
step:660/4740 train_time:63334ms step_avg:95.96ms
step:661/4740 train_time:63434ms step_avg:95.97ms
step:662/4740 train_time:63593ms step_avg:96.06ms
step:663/4740 train_time:63694ms step_avg:96.07ms
step:664/4740 train_time:63853ms step_avg:96.16ms
step:665/4740 train_time:63954ms step_avg:96.17ms
step:666/4740 train_time:64115ms step_avg:96.27ms
step:667/4740 train_time:64214ms step_avg:96.27ms
step:668/4740 train_time:64374ms step_avg:96.37ms
step:669/4740 train_time:64474ms step_avg:96.37ms
step:670/4740 train_time:64633ms step_avg:96.47ms
step:671/4740 train_time:64733ms step_avg:96.47ms
step:672/4740 train_time:64892ms step_avg:96.57ms
step:673/4740 train_time:64993ms step_avg:96.57ms
step:674/4740 train_time:65151ms step_avg:96.66ms
step:675/4740 train_time:65252ms step_avg:96.67ms
step:676/4740 train_time:65410ms step_avg:96.76ms
step:677/4740 train_time:65510ms step_avg:96.77ms
step:678/4740 train_time:65669ms step_avg:96.86ms
step:679/4740 train_time:65769ms step_avg:96.86ms
step:680/4740 train_time:65929ms step_avg:96.95ms
step:681/4740 train_time:66030ms step_avg:96.96ms
step:682/4740 train_time:66189ms step_avg:97.05ms
step:683/4740 train_time:66289ms step_avg:97.06ms
step:684/4740 train_time:66449ms step_avg:97.15ms
step:685/4740 train_time:66549ms step_avg:97.15ms
step:686/4740 train_time:66709ms step_avg:97.24ms
step:687/4740 train_time:66808ms step_avg:97.25ms
step:688/4740 train_time:66968ms step_avg:97.34ms
step:689/4740 train_time:67069ms step_avg:97.34ms
step:690/4740 train_time:67228ms step_avg:97.43ms
step:691/4740 train_time:67328ms step_avg:97.44ms
step:692/4740 train_time:67488ms step_avg:97.53ms
step:693/4740 train_time:67589ms step_avg:97.53ms
step:694/4740 train_time:67749ms step_avg:97.62ms
step:695/4740 train_time:67849ms step_avg:97.62ms
step:696/4740 train_time:68010ms step_avg:97.72ms
step:697/4740 train_time:68111ms step_avg:97.72ms
step:698/4740 train_time:68269ms step_avg:97.81ms
step:699/4740 train_time:68369ms step_avg:97.81ms
step:700/4740 train_time:68529ms step_avg:97.90ms
step:701/4740 train_time:68630ms step_avg:97.90ms
step:702/4740 train_time:68788ms step_avg:97.99ms
step:703/4740 train_time:68889ms step_avg:97.99ms
step:704/4740 train_time:69048ms step_avg:98.08ms
step:705/4740 train_time:69149ms step_avg:98.08ms
step:706/4740 train_time:69310ms step_avg:98.17ms
step:707/4740 train_time:69410ms step_avg:98.17ms
step:708/4740 train_time:69568ms step_avg:98.26ms
step:709/4740 train_time:69668ms step_avg:98.26ms
step:710/4740 train_time:69828ms step_avg:98.35ms
step:711/4740 train_time:69928ms step_avg:98.35ms
step:712/4740 train_time:70088ms step_avg:98.44ms
step:713/4740 train_time:70189ms step_avg:98.44ms
step:714/4740 train_time:70348ms step_avg:98.53ms
step:715/4740 train_time:70448ms step_avg:98.53ms
step:716/4740 train_time:70608ms step_avg:98.62ms
step:717/4740 train_time:70708ms step_avg:98.62ms
step:718/4740 train_time:70866ms step_avg:98.70ms
step:719/4740 train_time:70969ms step_avg:98.71ms
step:720/4740 train_time:71128ms step_avg:98.79ms
step:721/4740 train_time:71229ms step_avg:98.79ms
step:722/4740 train_time:71389ms step_avg:98.88ms
step:723/4740 train_time:71490ms step_avg:98.88ms
step:724/4740 train_time:71649ms step_avg:98.96ms
step:725/4740 train_time:71750ms step_avg:98.97ms
step:726/4740 train_time:71909ms step_avg:99.05ms
step:727/4740 train_time:72010ms step_avg:99.05ms
step:728/4740 train_time:72169ms step_avg:99.13ms
step:729/4740 train_time:72271ms step_avg:99.14ms
step:730/4740 train_time:72431ms step_avg:99.22ms
step:731/4740 train_time:72531ms step_avg:99.22ms
step:732/4740 train_time:72690ms step_avg:99.30ms
step:733/4740 train_time:72790ms step_avg:99.30ms
step:734/4740 train_time:72949ms step_avg:99.39ms
step:735/4740 train_time:73051ms step_avg:99.39ms
step:736/4740 train_time:73211ms step_avg:99.47ms
step:737/4740 train_time:73312ms step_avg:99.47ms
step:738/4740 train_time:73472ms step_avg:99.56ms
step:739/4740 train_time:73572ms step_avg:99.56ms
step:740/4740 train_time:73730ms step_avg:99.64ms
step:741/4740 train_time:73830ms step_avg:99.64ms
step:742/4740 train_time:73989ms step_avg:99.72ms
step:743/4740 train_time:74090ms step_avg:99.72ms
step:744/4740 train_time:74249ms step_avg:99.80ms
step:745/4740 train_time:74350ms step_avg:99.80ms
step:746/4740 train_time:74510ms step_avg:99.88ms
step:747/4740 train_time:74610ms step_avg:99.88ms
step:748/4740 train_time:74769ms step_avg:99.96ms
step:749/4740 train_time:74869ms step_avg:99.96ms
step:750/4740 train_time:75028ms step_avg:100.04ms
step:750/4740 val_loss:3.6801 train_time:75101ms step_avg:100.14ms
step:751/4740 train_time:75134ms step_avg:100.04ms
step:752/4740 train_time:75288ms step_avg:100.12ms
step:753/4740 train_time:75392ms step_avg:100.12ms
step:754/4740 train_time:75555ms step_avg:100.21ms
step:755/4740 train_time:75658ms step_avg:100.21ms
step:756/4740 train_time:75816ms step_avg:100.29ms
step:757/4740 train_time:75915ms step_avg:100.28ms
step:758/4740 train_time:76076ms step_avg:100.36ms
step:759/4740 train_time:76176ms step_avg:100.36ms
step:760/4740 train_time:76334ms step_avg:100.44ms
step:761/4740 train_time:76438ms step_avg:100.44ms
step:762/4740 train_time:76597ms step_avg:100.52ms
step:763/4740 train_time:76700ms step_avg:100.52ms
step:764/4740 train_time:76858ms step_avg:100.60ms
step:765/4740 train_time:76959ms step_avg:100.60ms
step:766/4740 train_time:77116ms step_avg:100.67ms
step:767/4740 train_time:77218ms step_avg:100.68ms
step:768/4740 train_time:77377ms step_avg:100.75ms
step:769/4740 train_time:77480ms step_avg:100.75ms
step:770/4740 train_time:77639ms step_avg:100.83ms
step:771/4740 train_time:77740ms step_avg:100.83ms
step:772/4740 train_time:77898ms step_avg:100.90ms
step:773/4740 train_time:77999ms step_avg:100.90ms
step:774/4740 train_time:78157ms step_avg:100.98ms
step:775/4740 train_time:78258ms step_avg:100.98ms
step:776/4740 train_time:78416ms step_avg:101.05ms
step:777/4740 train_time:78517ms step_avg:101.05ms
step:778/4740 train_time:78675ms step_avg:101.13ms
step:779/4740 train_time:78779ms step_avg:101.13ms
step:780/4740 train_time:78937ms step_avg:101.20ms
step:781/4740 train_time:79038ms step_avg:101.20ms
step:782/4740 train_time:79196ms step_avg:101.27ms
step:783/4740 train_time:79296ms step_avg:101.27ms
step:784/4740 train_time:79454ms step_avg:101.34ms
step:785/4740 train_time:79569ms step_avg:101.36ms
step:786/4740 train_time:79805ms step_avg:101.53ms
step:787/4740 train_time:79948ms step_avg:101.59ms
step:788/4740 train_time:80189ms step_avg:101.76ms
step:789/4740 train_time:80330ms step_avg:101.81ms
step:790/4740 train_time:80573ms step_avg:101.99ms
step:791/4740 train_time:80711ms step_avg:102.04ms
step:792/4740 train_time:80954ms step_avg:102.21ms
step:793/4740 train_time:81094ms step_avg:102.26ms
step:794/4740 train_time:81337ms step_avg:102.44ms
step:795/4740 train_time:81478ms step_avg:102.49ms
step:796/4740 train_time:81719ms step_avg:102.66ms
step:797/4740 train_time:81860ms step_avg:102.71ms
step:798/4740 train_time:82102ms step_avg:102.88ms
step:799/4740 train_time:82240ms step_avg:102.93ms
step:800/4740 train_time:82483ms step_avg:103.10ms
step:801/4740 train_time:82623ms step_avg:103.15ms
step:802/4740 train_time:82864ms step_avg:103.32ms
step:803/4740 train_time:83005ms step_avg:103.37ms
step:804/4740 train_time:83249ms step_avg:103.54ms
step:805/4740 train_time:83386ms step_avg:103.59ms
step:806/4740 train_time:83630ms step_avg:103.76ms
step:807/4740 train_time:83768ms step_avg:103.80ms
step:808/4740 train_time:84011ms step_avg:103.97ms
step:809/4740 train_time:84154ms step_avg:104.02ms
step:810/4740 train_time:84396ms step_avg:104.19ms
step:811/4740 train_time:84535ms step_avg:104.24ms
step:812/4740 train_time:84774ms step_avg:104.40ms
step:813/4740 train_time:84915ms step_avg:104.45ms
step:814/4740 train_time:85158ms step_avg:104.62ms
step:815/4740 train_time:85297ms step_avg:104.66ms
step:816/4740 train_time:85541ms step_avg:104.83ms
step:817/4740 train_time:85679ms step_avg:104.87ms
step:818/4740 train_time:85921ms step_avg:105.04ms
step:819/4740 train_time:86063ms step_avg:105.08ms
step:820/4740 train_time:86304ms step_avg:105.25ms
step:821/4740 train_time:86445ms step_avg:105.29ms
step:822/4740 train_time:86685ms step_avg:105.46ms
step:823/4740 train_time:86823ms step_avg:105.50ms
step:824/4740 train_time:87067ms step_avg:105.66ms
step:825/4740 train_time:87209ms step_avg:105.71ms
step:826/4740 train_time:87450ms step_avg:105.87ms
step:827/4740 train_time:87593ms step_avg:105.92ms
step:828/4740 train_time:87834ms step_avg:106.08ms
step:829/4740 train_time:87971ms step_avg:106.12ms
step:830/4740 train_time:88216ms step_avg:106.28ms
step:831/4740 train_time:88357ms step_avg:106.33ms
step:832/4740 train_time:88603ms step_avg:106.49ms
step:833/4740 train_time:88739ms step_avg:106.53ms
step:834/4740 train_time:88985ms step_avg:106.70ms
step:835/4740 train_time:89123ms step_avg:106.73ms
step:836/4740 train_time:89367ms step_avg:106.90ms
step:837/4740 train_time:89503ms step_avg:106.93ms
step:838/4740 train_time:89745ms step_avg:107.09ms
step:839/4740 train_time:89885ms step_avg:107.13ms
step:840/4740 train_time:90125ms step_avg:107.29ms
step:841/4740 train_time:90264ms step_avg:107.33ms
step:842/4740 train_time:90508ms step_avg:107.49ms
step:843/4740 train_time:90645ms step_avg:107.53ms
step:844/4740 train_time:90887ms step_avg:107.69ms
step:845/4740 train_time:91025ms step_avg:107.72ms
step:846/4740 train_time:91266ms step_avg:107.88ms
step:847/4740 train_time:91408ms step_avg:107.92ms
step:848/4740 train_time:91651ms step_avg:108.08ms
step:849/4740 train_time:91790ms step_avg:108.12ms
step:850/4740 train_time:92031ms step_avg:108.27ms
step:851/4740 train_time:92171ms step_avg:108.31ms
step:852/4740 train_time:92413ms step_avg:108.47ms
step:853/4740 train_time:92554ms step_avg:108.50ms
step:854/4740 train_time:92797ms step_avg:108.66ms
step:855/4740 train_time:92933ms step_avg:108.69ms
step:856/4740 train_time:93172ms step_avg:108.85ms
step:857/4740 train_time:93312ms step_avg:108.88ms
step:858/4740 train_time:93558ms step_avg:109.04ms
step:859/4740 train_time:93697ms step_avg:109.08ms
step:860/4740 train_time:93940ms step_avg:109.23ms
step:861/4740 train_time:94078ms step_avg:109.27ms
step:862/4740 train_time:94318ms step_avg:109.42ms
step:863/4740 train_time:94458ms step_avg:109.45ms
step:864/4740 train_time:94702ms step_avg:109.61ms
step:865/4740 train_time:94840ms step_avg:109.64ms
step:866/4740 train_time:95084ms step_avg:109.80ms
step:867/4740 train_time:95222ms step_avg:109.83ms
step:868/4740 train_time:95465ms step_avg:109.98ms
step:869/4740 train_time:95604ms step_avg:110.02ms
step:870/4740 train_time:95846ms step_avg:110.17ms
step:871/4740 train_time:95985ms step_avg:110.20ms
step:872/4740 train_time:96227ms step_avg:110.35ms
step:873/4740 train_time:96366ms step_avg:110.39ms
step:874/4740 train_time:96607ms step_avg:110.53ms
step:875/4740 train_time:96748ms step_avg:110.57ms
step:876/4740 train_time:96990ms step_avg:110.72ms
step:877/4740 train_time:97131ms step_avg:110.75ms
step:878/4740 train_time:97374ms step_avg:110.90ms
step:879/4740 train_time:97514ms step_avg:110.94ms
step:880/4740 train_time:97753ms step_avg:111.08ms
step:881/4740 train_time:97894ms step_avg:111.12ms
step:882/4740 train_time:98136ms step_avg:111.27ms
step:883/4740 train_time:98278ms step_avg:111.30ms
step:884/4740 train_time:98519ms step_avg:111.45ms
step:885/4740 train_time:98659ms step_avg:111.48ms
step:886/4740 train_time:98902ms step_avg:111.63ms
step:887/4740 train_time:99041ms step_avg:111.66ms
step:888/4740 train_time:99285ms step_avg:111.81ms
step:889/4740 train_time:99422ms step_avg:111.84ms
step:890/4740 train_time:99663ms step_avg:111.98ms
step:891/4740 train_time:99804ms step_avg:112.01ms
step:892/4740 train_time:100046ms step_avg:112.16ms
step:893/4740 train_time:100186ms step_avg:112.19ms
step:894/4740 train_time:100427ms step_avg:112.33ms
step:895/4740 train_time:100566ms step_avg:112.36ms
step:896/4740 train_time:100805ms step_avg:112.51ms
step:897/4740 train_time:100946ms step_avg:112.54ms
step:898/4740 train_time:101187ms step_avg:112.68ms
step:899/4740 train_time:101327ms step_avg:112.71ms
step:900/4740 train_time:101566ms step_avg:112.85ms
step:901/4740 train_time:101708ms step_avg:112.88ms
step:902/4740 train_time:101948ms step_avg:113.02ms
step:903/4740 train_time:102087ms step_avg:113.05ms
step:904/4740 train_time:102330ms step_avg:113.20ms
step:905/4740 train_time:102470ms step_avg:113.23ms
step:906/4740 train_time:102710ms step_avg:113.37ms
step:907/4740 train_time:102851ms step_avg:113.40ms
step:908/4740 train_time:103094ms step_avg:113.54ms
step:909/4740 train_time:103235ms step_avg:113.57ms
step:910/4740 train_time:103476ms step_avg:113.71ms
step:911/4740 train_time:103614ms step_avg:113.74ms
step:912/4740 train_time:103857ms step_avg:113.88ms
step:913/4740 train_time:103996ms step_avg:113.91ms
step:914/4740 train_time:104239ms step_avg:114.05ms
step:915/4740 train_time:104378ms step_avg:114.07ms
step:916/4740 train_time:104618ms step_avg:114.21ms
step:917/4740 train_time:104756ms step_avg:114.24ms
step:918/4740 train_time:104998ms step_avg:114.38ms
step:919/4740 train_time:105141ms step_avg:114.41ms
step:920/4740 train_time:105383ms step_avg:114.55ms
step:921/4740 train_time:105522ms step_avg:114.57ms
step:922/4740 train_time:105765ms step_avg:114.71ms
step:923/4740 train_time:105904ms step_avg:114.74ms
step:924/4740 train_time:106145ms step_avg:114.88ms
step:925/4740 train_time:106285ms step_avg:114.90ms
step:926/4740 train_time:106527ms step_avg:115.04ms
step:927/4740 train_time:106667ms step_avg:115.07ms
step:928/4740 train_time:106909ms step_avg:115.20ms
step:929/4740 train_time:107050ms step_avg:115.23ms
step:930/4740 train_time:107295ms step_avg:115.37ms
step:931/4740 train_time:107435ms step_avg:115.40ms
step:932/4740 train_time:107676ms step_avg:115.53ms
step:933/4740 train_time:107815ms step_avg:115.56ms
step:934/4740 train_time:108054ms step_avg:115.69ms
step:935/4740 train_time:108196ms step_avg:115.72ms
step:936/4740 train_time:108439ms step_avg:115.85ms
step:937/4740 train_time:108578ms step_avg:115.88ms
step:938/4740 train_time:108820ms step_avg:116.01ms
step:939/4740 train_time:108960ms step_avg:116.04ms
step:940/4740 train_time:109201ms step_avg:116.17ms
step:941/4740 train_time:109344ms step_avg:116.20ms
step:942/4740 train_time:109587ms step_avg:116.33ms
step:943/4740 train_time:109728ms step_avg:116.36ms
step:944/4740 train_time:109971ms step_avg:116.49ms
step:945/4740 train_time:110112ms step_avg:116.52ms
step:946/4740 train_time:110353ms step_avg:116.65ms
step:947/4740 train_time:110495ms step_avg:116.68ms
step:948/4740 train_time:110736ms step_avg:116.81ms
step:949/4740 train_time:110874ms step_avg:116.83ms
step:950/4740 train_time:111115ms step_avg:116.96ms
step:951/4740 train_time:111255ms step_avg:116.99ms
step:952/4740 train_time:111499ms step_avg:117.12ms
step:953/4740 train_time:111638ms step_avg:117.14ms
step:954/4740 train_time:111881ms step_avg:117.28ms
step:955/4740 train_time:112021ms step_avg:117.30ms
step:956/4740 train_time:112263ms step_avg:117.43ms
step:957/4740 train_time:112400ms step_avg:117.45ms
step:958/4740 train_time:112643ms step_avg:117.58ms
step:959/4740 train_time:112780ms step_avg:117.60ms
step:960/4740 train_time:113024ms step_avg:117.73ms
step:961/4740 train_time:113163ms step_avg:117.75ms
step:962/4740 train_time:113406ms step_avg:117.89ms
step:963/4740 train_time:113545ms step_avg:117.91ms
step:964/4740 train_time:113788ms step_avg:118.04ms
step:965/4740 train_time:113926ms step_avg:118.06ms
step:966/4740 train_time:114167ms step_avg:118.19ms
step:967/4740 train_time:114310ms step_avg:118.21ms
step:968/4740 train_time:114553ms step_avg:118.34ms
step:969/4740 train_time:114693ms step_avg:118.36ms
step:970/4740 train_time:114936ms step_avg:118.49ms
step:971/4740 train_time:115077ms step_avg:118.51ms
step:972/4740 train_time:115318ms step_avg:118.64ms
step:973/4740 train_time:115459ms step_avg:118.66ms
step:974/4740 train_time:115702ms step_avg:118.79ms
step:975/4740 train_time:115841ms step_avg:118.81ms
step:976/4740 train_time:116085ms step_avg:118.94ms
step:977/4740 train_time:116223ms step_avg:118.96ms
step:978/4740 train_time:116466ms step_avg:119.09ms
step:979/4740 train_time:116606ms step_avg:119.11ms
step:980/4740 train_time:116847ms step_avg:119.23ms
step:981/4740 train_time:116986ms step_avg:119.25ms
step:982/4740 train_time:117228ms step_avg:119.38ms
step:983/4740 train_time:117368ms step_avg:119.40ms
step:984/4740 train_time:117610ms step_avg:119.52ms
step:985/4740 train_time:117752ms step_avg:119.55ms
step:986/4740 train_time:117995ms step_avg:119.67ms
step:987/4740 train_time:118134ms step_avg:119.69ms
step:988/4740 train_time:118375ms step_avg:119.81ms
step:989/4740 train_time:118515ms step_avg:119.83ms
step:990/4740 train_time:118756ms step_avg:119.96ms
step:991/4740 train_time:118895ms step_avg:119.98ms
step:992/4740 train_time:119137ms step_avg:120.10ms
step:993/4740 train_time:119274ms step_avg:120.11ms
step:994/4740 train_time:119520ms step_avg:120.24ms
step:995/4740 train_time:119658ms step_avg:120.26ms
step:996/4740 train_time:119900ms step_avg:120.38ms
step:997/4740 train_time:120039ms step_avg:120.40ms
step:998/4740 train_time:120281ms step_avg:120.52ms
step:999/4740 train_time:120420ms step_avg:120.54ms
step:1000/4740 train_time:120667ms step_avg:120.67ms
step:1000/4740 val_loss:3.5155 train_time:120766ms step_avg:120.77ms
step:1001/4740 train_time:120808ms step_avg:120.69ms
step:1002/4740 train_time:121050ms step_avg:120.81ms
step:1003/4740 train_time:121195ms step_avg:120.83ms
step:1004/4740 train_time:121435ms step_avg:120.95ms
step:1005/4740 train_time:121574ms step_avg:120.97ms
step:1006/4740 train_time:121818ms step_avg:121.09ms
step:1007/4740 train_time:121956ms step_avg:121.11ms
step:1008/4740 train_time:122202ms step_avg:121.23ms
step:1009/4740 train_time:122343ms step_avg:121.25ms
step:1010/4740 train_time:122582ms step_avg:121.37ms
step:1011/4740 train_time:122722ms step_avg:121.39ms
step:1012/4740 train_time:122963ms step_avg:121.51ms
step:1013/4740 train_time:123104ms step_avg:121.52ms
step:1014/4740 train_time:123349ms step_avg:121.65ms
step:1015/4740 train_time:123488ms step_avg:121.66ms
step:1016/4740 train_time:123727ms step_avg:121.78ms
step:1017/4740 train_time:123867ms step_avg:121.80ms
step:1018/4740 train_time:124111ms step_avg:121.92ms
step:1019/4740 train_time:124252ms step_avg:121.94ms
step:1020/4740 train_time:124495ms step_avg:122.05ms
step:1021/4740 train_time:124634ms step_avg:122.07ms
step:1022/4740 train_time:124877ms step_avg:122.19ms
step:1023/4740 train_time:125015ms step_avg:122.20ms
step:1024/4740 train_time:125258ms step_avg:122.32ms
step:1025/4740 train_time:125397ms step_avg:122.34ms
step:1026/4740 train_time:125638ms step_avg:122.45ms
step:1027/4740 train_time:125776ms step_avg:122.47ms
step:1028/4740 train_time:126019ms step_avg:122.59ms
step:1029/4740 train_time:126157ms step_avg:122.60ms
step:1030/4740 train_time:126403ms step_avg:122.72ms
step:1031/4740 train_time:126543ms step_avg:122.74ms
step:1032/4740 train_time:126783ms step_avg:122.85ms
step:1033/4740 train_time:126923ms step_avg:122.87ms
step:1034/4740 train_time:127163ms step_avg:122.98ms
step:1035/4740 train_time:127306ms step_avg:123.00ms
step:1036/4740 train_time:127550ms step_avg:123.12ms
step:1037/4740 train_time:127690ms step_avg:123.13ms
step:1038/4740 train_time:127931ms step_avg:123.25ms
step:1039/4740 train_time:128070ms step_avg:123.26ms
step:1040/4740 train_time:128313ms step_avg:123.38ms
step:1041/4740 train_time:128453ms step_avg:123.39ms
step:1042/4740 train_time:128696ms step_avg:123.51ms
step:1043/4740 train_time:128834ms step_avg:123.52ms
step:1044/4740 train_time:129075ms step_avg:123.63ms
step:1045/4740 train_time:129215ms step_avg:123.65ms
step:1046/4740 train_time:129458ms step_avg:123.77ms
step:1047/4740 train_time:129597ms step_avg:123.78ms
step:1048/4740 train_time:129841ms step_avg:123.89ms
step:1049/4740 train_time:129979ms step_avg:123.91ms
step:1050/4740 train_time:130220ms step_avg:124.02ms
step:1051/4740 train_time:130359ms step_avg:124.03ms
step:1052/4740 train_time:130604ms step_avg:124.15ms
step:1053/4740 train_time:130741ms step_avg:124.16ms
step:1054/4740 train_time:130981ms step_avg:124.27ms
step:1055/4740 train_time:131123ms step_avg:124.29ms
step:1056/4740 train_time:131363ms step_avg:124.40ms
step:1057/4740 train_time:131505ms step_avg:124.41ms
step:1058/4740 train_time:131746ms step_avg:124.52ms
step:1059/4740 train_time:131884ms step_avg:124.54ms
step:1060/4740 train_time:132127ms step_avg:124.65ms
step:1061/4740 train_time:132268ms step_avg:124.66ms
step:1062/4740 train_time:132512ms step_avg:124.78ms
step:1063/4740 train_time:132650ms step_avg:124.79ms
step:1064/4740 train_time:132893ms step_avg:124.90ms
step:1065/4740 train_time:133032ms step_avg:124.91ms
step:1066/4740 train_time:133272ms step_avg:125.02ms
step:1067/4740 train_time:133414ms step_avg:125.04ms
step:1068/4740 train_time:133656ms step_avg:125.15ms
step:1069/4740 train_time:133794ms step_avg:125.16ms
step:1070/4740 train_time:134037ms step_avg:125.27ms
step:1071/4740 train_time:134175ms step_avg:125.28ms
step:1072/4740 train_time:134418ms step_avg:125.39ms
step:1073/4740 train_time:134555ms step_avg:125.40ms
step:1074/4740 train_time:134805ms step_avg:125.52ms
step:1075/4740 train_time:134940ms step_avg:125.53ms
step:1076/4740 train_time:135181ms step_avg:125.63ms
step:1077/4740 train_time:135322ms step_avg:125.65ms
step:1078/4740 train_time:135563ms step_avg:125.75ms
step:1079/4740 train_time:135703ms step_avg:125.77ms
step:1080/4740 train_time:135945ms step_avg:125.88ms
step:1081/4740 train_time:136086ms step_avg:125.89ms
step:1082/4740 train_time:136326ms step_avg:125.99ms
step:1083/4740 train_time:136467ms step_avg:126.01ms
step:1084/4740 train_time:136711ms step_avg:126.12ms
step:1085/4740 train_time:136850ms step_avg:126.13ms
step:1086/4740 train_time:137091ms step_avg:126.23ms
step:1087/4740 train_time:137230ms step_avg:126.25ms
step:1088/4740 train_time:137473ms step_avg:126.35ms
step:1089/4740 train_time:137611ms step_avg:126.36ms
step:1090/4740 train_time:137852ms step_avg:126.47ms
step:1091/4740 train_time:137993ms step_avg:126.48ms
step:1092/4740 train_time:138236ms step_avg:126.59ms
step:1093/4740 train_time:138375ms step_avg:126.60ms
step:1094/4740 train_time:138618ms step_avg:126.71ms
step:1095/4740 train_time:138756ms step_avg:126.72ms
step:1096/4740 train_time:138998ms step_avg:126.82ms
step:1097/4740 train_time:139138ms step_avg:126.84ms
step:1098/4740 train_time:139380ms step_avg:126.94ms
step:1099/4740 train_time:139519ms step_avg:126.95ms
step:1100/4740 train_time:139762ms step_avg:127.06ms
step:1101/4740 train_time:139901ms step_avg:127.07ms
step:1102/4740 train_time:140142ms step_avg:127.17ms
step:1103/4740 train_time:140284ms step_avg:127.18ms
step:1104/4740 train_time:140521ms step_avg:127.28ms
step:1105/4740 train_time:140663ms step_avg:127.30ms
step:1106/4740 train_time:140904ms step_avg:127.40ms
step:1107/4740 train_time:141044ms step_avg:127.41ms
step:1108/4740 train_time:141285ms step_avg:127.51ms
step:1109/4740 train_time:141423ms step_avg:127.52ms
step:1110/4740 train_time:141663ms step_avg:127.62ms
step:1111/4740 train_time:141806ms step_avg:127.64ms
step:1112/4740 train_time:142046ms step_avg:127.74ms
step:1113/4740 train_time:142188ms step_avg:127.75ms
step:1114/4740 train_time:142431ms step_avg:127.86ms
step:1115/4740 train_time:142572ms step_avg:127.87ms
step:1116/4740 train_time:142815ms step_avg:127.97ms
step:1117/4740 train_time:142954ms step_avg:127.98ms
step:1118/4740 train_time:143196ms step_avg:128.08ms
step:1119/4740 train_time:143335ms step_avg:128.09ms
step:1120/4740 train_time:143577ms step_avg:128.19ms
step:1121/4740 train_time:143717ms step_avg:128.20ms
step:1122/4740 train_time:143961ms step_avg:128.31ms
step:1123/4740 train_time:144100ms step_avg:128.32ms
step:1124/4740 train_time:144340ms step_avg:128.42ms
step:1125/4740 train_time:144482ms step_avg:128.43ms
step:1126/4740 train_time:144721ms step_avg:128.53ms
step:1127/4740 train_time:144863ms step_avg:128.54ms
step:1128/4740 train_time:145102ms step_avg:128.64ms
step:1129/4740 train_time:145243ms step_avg:128.65ms
step:1130/4740 train_time:145488ms step_avg:128.75ms
step:1131/4740 train_time:145627ms step_avg:128.76ms
step:1132/4740 train_time:145870ms step_avg:128.86ms
step:1133/4740 train_time:146014ms step_avg:128.87ms
step:1134/4740 train_time:146255ms step_avg:128.97ms
step:1135/4740 train_time:146396ms step_avg:128.98ms
step:1136/4740 train_time:146640ms step_avg:129.08ms
step:1137/4740 train_time:146781ms step_avg:129.09ms
step:1138/4740 train_time:147024ms step_avg:129.20ms
step:1139/4740 train_time:147162ms step_avg:129.20ms
step:1140/4740 train_time:147402ms step_avg:129.30ms
step:1141/4740 train_time:147544ms step_avg:129.31ms
step:1142/4740 train_time:147787ms step_avg:129.41ms
step:1143/4740 train_time:147926ms step_avg:129.42ms
step:1144/4740 train_time:148168ms step_avg:129.52ms
step:1145/4740 train_time:148308ms step_avg:129.53ms
step:1146/4740 train_time:148550ms step_avg:129.62ms
step:1147/4740 train_time:148688ms step_avg:129.63ms
step:1148/4740 train_time:148929ms step_avg:129.73ms
step:1149/4740 train_time:149072ms step_avg:129.74ms
step:1150/4740 train_time:149313ms step_avg:129.84ms
step:1151/4740 train_time:149451ms step_avg:129.84ms
step:1152/4740 train_time:149695ms step_avg:129.94ms
step:1153/4740 train_time:149832ms step_avg:129.95ms
step:1154/4740 train_time:150077ms step_avg:130.05ms
step:1155/4740 train_time:150215ms step_avg:130.06ms
step:1156/4740 train_time:150459ms step_avg:130.15ms
step:1157/4740 train_time:150598ms step_avg:130.16ms
step:1158/4740 train_time:150840ms step_avg:130.26ms
step:1159/4740 train_time:150978ms step_avg:130.27ms
step:1160/4740 train_time:151220ms step_avg:130.36ms
step:1161/4740 train_time:151360ms step_avg:130.37ms
step:1162/4740 train_time:151601ms step_avg:130.47ms
step:1163/4740 train_time:151741ms step_avg:130.47ms
step:1164/4740 train_time:151981ms step_avg:130.57ms
step:1165/4740 train_time:152121ms step_avg:130.58ms
step:1166/4740 train_time:152363ms step_avg:130.67ms
step:1167/4740 train_time:152507ms step_avg:130.68ms
step:1168/4740 train_time:152748ms step_avg:130.78ms
step:1169/4740 train_time:152885ms step_avg:130.78ms
step:1170/4740 train_time:153123ms step_avg:130.87ms
step:1171/4740 train_time:153265ms step_avg:130.88ms
step:1172/4740 train_time:153510ms step_avg:130.98ms
step:1173/4740 train_time:153652ms step_avg:130.99ms
step:1174/4740 train_time:153894ms step_avg:131.09ms
step:1175/4740 train_time:154031ms step_avg:131.09ms
step:1176/4740 train_time:154308ms step_avg:131.21ms
step:1177/4740 train_time:154486ms step_avg:131.25ms
step:1178/4740 train_time:154807ms step_avg:131.42ms
step:1179/4740 train_time:154989ms step_avg:131.46ms
step:1180/4740 train_time:155306ms step_avg:131.62ms
step:1181/4740 train_time:155487ms step_avg:131.66ms
step:1182/4740 train_time:155808ms step_avg:131.82ms
step:1183/4740 train_time:155987ms step_avg:131.86ms
step:1184/4740 train_time:156303ms step_avg:132.01ms
step:1185/4740 train_time:156484ms step_avg:132.05ms
step:1186/4740 train_time:156799ms step_avg:132.21ms
step:1187/4740 train_time:156979ms step_avg:132.25ms
step:1188/4740 train_time:157298ms step_avg:132.41ms
step:1189/4740 train_time:157478ms step_avg:132.45ms
step:1190/4740 train_time:157795ms step_avg:132.60ms
step:1191/4740 train_time:157975ms step_avg:132.64ms
step:1192/4740 train_time:158294ms step_avg:132.80ms
step:1193/4740 train_time:158472ms step_avg:132.83ms
step:1194/4740 train_time:158794ms step_avg:132.99ms
step:1195/4740 train_time:158972ms step_avg:133.03ms
step:1196/4740 train_time:159290ms step_avg:133.19ms
step:1197/4740 train_time:159472ms step_avg:133.23ms
step:1198/4740 train_time:159790ms step_avg:133.38ms
step:1199/4740 train_time:159970ms step_avg:133.42ms
step:1200/4740 train_time:160289ms step_avg:133.57ms
step:1201/4740 train_time:160471ms step_avg:133.61ms
step:1202/4740 train_time:160792ms step_avg:133.77ms
step:1203/4740 train_time:160972ms step_avg:133.81ms
step:1204/4740 train_time:161288ms step_avg:133.96ms
step:1205/4740 train_time:161469ms step_avg:134.00ms
step:1206/4740 train_time:161789ms step_avg:134.15ms
step:1207/4740 train_time:161967ms step_avg:134.19ms
step:1208/4740 train_time:162283ms step_avg:134.34ms
step:1209/4740 train_time:162463ms step_avg:134.38ms
step:1210/4740 train_time:162781ms step_avg:134.53ms
step:1211/4740 train_time:162963ms step_avg:134.57ms
step:1212/4740 train_time:163281ms step_avg:134.72ms
step:1213/4740 train_time:163462ms step_avg:134.76ms
step:1214/4740 train_time:163785ms step_avg:134.91ms
step:1215/4740 train_time:163964ms step_avg:134.95ms
step:1216/4740 train_time:164282ms step_avg:135.10ms
step:1217/4740 train_time:164462ms step_avg:135.14ms
step:1218/4740 train_time:164780ms step_avg:135.29ms
step:1219/4740 train_time:164958ms step_avg:135.32ms
step:1220/4740 train_time:165274ms step_avg:135.47ms
step:1221/4740 train_time:165455ms step_avg:135.51ms
step:1222/4740 train_time:165774ms step_avg:135.66ms
step:1223/4740 train_time:165952ms step_avg:135.69ms
step:1224/4740 train_time:166270ms step_avg:135.84ms
step:1225/4740 train_time:166449ms step_avg:135.88ms
step:1226/4740 train_time:166768ms step_avg:136.03ms
step:1227/4740 train_time:166947ms step_avg:136.06ms
step:1228/4740 train_time:167267ms step_avg:136.21ms
step:1229/4740 train_time:167447ms step_avg:136.25ms
step:1230/4740 train_time:167765ms step_avg:136.39ms
step:1231/4740 train_time:167942ms step_avg:136.43ms
step:1232/4740 train_time:168258ms step_avg:136.57ms
step:1233/4740 train_time:168439ms step_avg:136.61ms
step:1234/4740 train_time:168757ms step_avg:136.76ms
step:1235/4740 train_time:168936ms step_avg:136.79ms
step:1236/4740 train_time:169254ms step_avg:136.94ms
step:1237/4740 train_time:169432ms step_avg:136.97ms
step:1238/4740 train_time:169752ms step_avg:137.12ms
step:1239/4740 train_time:169928ms step_avg:137.15ms
step:1240/4740 train_time:170245ms step_avg:137.29ms
step:1241/4740 train_time:170427ms step_avg:137.33ms
step:1242/4740 train_time:170748ms step_avg:137.48ms
step:1243/4740 train_time:170926ms step_avg:137.51ms
step:1244/4740 train_time:171246ms step_avg:137.66ms
step:1245/4740 train_time:171425ms step_avg:137.69ms
step:1246/4740 train_time:171741ms step_avg:137.83ms
step:1247/4740 train_time:171921ms step_avg:137.87ms
step:1248/4740 train_time:172237ms step_avg:138.01ms
step:1249/4740 train_time:172419ms step_avg:138.05ms
step:1250/4740 train_time:172735ms step_avg:138.19ms
step:1250/4740 val_loss:3.4447 train_time:172865ms step_avg:138.29ms
step:1251/4740 train_time:172920ms step_avg:138.23ms
step:1252/4740 train_time:173240ms step_avg:138.37ms
step:1253/4740 train_time:173425ms step_avg:138.41ms
step:1254/4740 train_time:173740ms step_avg:138.55ms
step:1255/4740 train_time:173920ms step_avg:138.58ms
step:1256/4740 train_time:174238ms step_avg:138.72ms
step:1257/4740 train_time:174423ms step_avg:138.76ms
step:1258/4740 train_time:174736ms step_avg:138.90ms
step:1259/4740 train_time:174916ms step_avg:138.93ms
step:1260/4740 train_time:175236ms step_avg:139.08ms
step:1261/4740 train_time:175421ms step_avg:139.11ms
step:1262/4740 train_time:175735ms step_avg:139.25ms
step:1263/4740 train_time:175917ms step_avg:139.29ms
step:1264/4740 train_time:176236ms step_avg:139.43ms
step:1265/4740 train_time:176420ms step_avg:139.46ms
step:1266/4740 train_time:176740ms step_avg:139.60ms
step:1267/4740 train_time:176919ms step_avg:139.64ms
step:1268/4740 train_time:177236ms step_avg:139.78ms
step:1269/4740 train_time:177421ms step_avg:139.81ms
step:1270/4740 train_time:177738ms step_avg:139.95ms
step:1271/4740 train_time:177917ms step_avg:139.98ms
step:1272/4740 train_time:178237ms step_avg:140.12ms
step:1273/4740 train_time:178420ms step_avg:140.16ms
step:1274/4740 train_time:178735ms step_avg:140.29ms
step:1275/4740 train_time:178916ms step_avg:140.33ms
step:1276/4740 train_time:179235ms step_avg:140.47ms
step:1277/4740 train_time:179417ms step_avg:140.50ms
step:1278/4740 train_time:179737ms step_avg:140.64ms
step:1279/4740 train_time:179915ms step_avg:140.67ms
step:1280/4740 train_time:180234ms step_avg:140.81ms
step:1281/4740 train_time:180417ms step_avg:140.84ms
step:1282/4740 train_time:180735ms step_avg:140.98ms
step:1283/4740 train_time:180915ms step_avg:141.01ms
step:1284/4740 train_time:181232ms step_avg:141.15ms
step:1285/4740 train_time:181414ms step_avg:141.18ms
step:1286/4740 train_time:181732ms step_avg:141.32ms
step:1287/4740 train_time:181911ms step_avg:141.34ms
step:1288/4740 train_time:182230ms step_avg:141.48ms
step:1289/4740 train_time:182409ms step_avg:141.51ms
step:1290/4740 train_time:182728ms step_avg:141.65ms
step:1291/4740 train_time:182908ms step_avg:141.68ms
step:1292/4740 train_time:183229ms step_avg:141.82ms
step:1293/4740 train_time:183406ms step_avg:141.85ms
step:1294/4740 train_time:183727ms step_avg:141.98ms
step:1295/4740 train_time:183905ms step_avg:142.01ms
step:1296/4740 train_time:184225ms step_avg:142.15ms
step:1297/4740 train_time:184403ms step_avg:142.18ms
step:1298/4740 train_time:184724ms step_avg:142.31ms
step:1299/4740 train_time:184903ms step_avg:142.34ms
step:1300/4740 train_time:185224ms step_avg:142.48ms
step:1301/4740 train_time:185404ms step_avg:142.51ms
step:1302/4740 train_time:185721ms step_avg:142.64ms
step:1303/4740 train_time:185902ms step_avg:142.67ms
step:1304/4740 train_time:186222ms step_avg:142.81ms
step:1305/4740 train_time:186401ms step_avg:142.84ms
step:1306/4740 train_time:186720ms step_avg:142.97ms
step:1307/4740 train_time:186902ms step_avg:143.00ms
step:1308/4740 train_time:187217ms step_avg:143.13ms
step:1309/4740 train_time:187400ms step_avg:143.16ms
step:1310/4740 train_time:187715ms step_avg:143.29ms
step:1311/4740 train_time:187900ms step_avg:143.33ms
step:1312/4740 train_time:188217ms step_avg:143.46ms
step:1313/4740 train_time:188399ms step_avg:143.49ms
step:1314/4740 train_time:188713ms step_avg:143.62ms
step:1315/4740 train_time:188895ms step_avg:143.65ms
step:1316/4740 train_time:189212ms step_avg:143.78ms
step:1317/4740 train_time:189393ms step_avg:143.81ms
step:1318/4740 train_time:189711ms step_avg:143.94ms
step:1319/4740 train_time:189889ms step_avg:143.96ms
step:1320/4740 train_time:190207ms step_avg:144.10ms
step:1321/4740 train_time:190387ms step_avg:144.12ms
step:1322/4740 train_time:190705ms step_avg:144.26ms
step:1323/4740 train_time:190886ms step_avg:144.28ms
step:1324/4740 train_time:191205ms step_avg:144.41ms
step:1325/4740 train_time:191384ms step_avg:144.44ms
step:1326/4740 train_time:191703ms step_avg:144.57ms
step:1327/4740 train_time:191883ms step_avg:144.60ms
step:1328/4740 train_time:192203ms step_avg:144.73ms
step:1329/4740 train_time:192383ms step_avg:144.76ms
step:1330/4740 train_time:192703ms step_avg:144.89ms
step:1331/4740 train_time:192881ms step_avg:144.91ms
step:1332/4740 train_time:193199ms step_avg:145.04ms
step:1333/4740 train_time:193381ms step_avg:145.07ms
step:1334/4740 train_time:193696ms step_avg:145.20ms
step:1335/4740 train_time:193877ms step_avg:145.23ms
step:1336/4740 train_time:194196ms step_avg:145.36ms
step:1337/4740 train_time:194374ms step_avg:145.38ms
step:1338/4740 train_time:194692ms step_avg:145.51ms
step:1339/4740 train_time:194873ms step_avg:145.54ms
step:1340/4740 train_time:195191ms step_avg:145.66ms
step:1341/4740 train_time:195368ms step_avg:145.69ms
step:1342/4740 train_time:195685ms step_avg:145.82ms
step:1343/4740 train_time:195868ms step_avg:145.84ms
step:1344/4740 train_time:196183ms step_avg:145.97ms
step:1345/4740 train_time:196365ms step_avg:146.00ms
step:1346/4740 train_time:196686ms step_avg:146.13ms
step:1347/4740 train_time:196863ms step_avg:146.15ms
step:1348/4740 train_time:197182ms step_avg:146.28ms
step:1349/4740 train_time:197363ms step_avg:146.30ms
step:1350/4740 train_time:197681ms step_avg:146.43ms
step:1351/4740 train_time:197861ms step_avg:146.46ms
step:1352/4740 train_time:198179ms step_avg:146.58ms
step:1353/4740 train_time:198362ms step_avg:146.61ms
step:1354/4740 train_time:198680ms step_avg:146.74ms
step:1355/4740 train_time:198858ms step_avg:146.76ms
step:1356/4740 train_time:199179ms step_avg:146.89ms
step:1357/4740 train_time:199363ms step_avg:146.91ms
step:1358/4740 train_time:199679ms step_avg:147.04ms
step:1359/4740 train_time:199860ms step_avg:147.06ms
step:1360/4740 train_time:200177ms step_avg:147.19ms
step:1361/4740 train_time:200359ms step_avg:147.21ms
step:1362/4740 train_time:200675ms step_avg:147.34ms
step:1363/4740 train_time:200854ms step_avg:147.36ms
step:1364/4740 train_time:201173ms step_avg:147.49ms
step:1365/4740 train_time:201356ms step_avg:147.51ms
step:1366/4740 train_time:201673ms step_avg:147.64ms
step:1367/4740 train_time:201852ms step_avg:147.66ms
step:1368/4740 train_time:202169ms step_avg:147.78ms
step:1369/4740 train_time:202348ms step_avg:147.81ms
step:1370/4740 train_time:202670ms step_avg:147.93ms
step:1371/4740 train_time:202846ms step_avg:147.95ms
step:1372/4740 train_time:203168ms step_avg:148.08ms
step:1373/4740 train_time:203342ms step_avg:148.10ms
step:1374/4740 train_time:203663ms step_avg:148.23ms
step:1375/4740 train_time:203841ms step_avg:148.25ms
step:1376/4740 train_time:204158ms step_avg:148.37ms
step:1377/4740 train_time:204336ms step_avg:148.39ms
step:1378/4740 train_time:204654ms step_avg:148.52ms
step:1379/4740 train_time:204833ms step_avg:148.54ms
step:1380/4740 train_time:205151ms step_avg:148.66ms
step:1381/4740 train_time:205332ms step_avg:148.68ms
step:1382/4740 train_time:205649ms step_avg:148.81ms
step:1383/4740 train_time:205829ms step_avg:148.83ms
step:1384/4740 train_time:206145ms step_avg:148.95ms
step:1385/4740 train_time:206324ms step_avg:148.97ms
step:1386/4740 train_time:206643ms step_avg:149.09ms
step:1387/4740 train_time:206822ms step_avg:149.11ms
step:1388/4740 train_time:207140ms step_avg:149.24ms
step:1389/4740 train_time:207319ms step_avg:149.26ms
step:1390/4740 train_time:207637ms step_avg:149.38ms
step:1391/4740 train_time:207819ms step_avg:149.40ms
step:1392/4740 train_time:208135ms step_avg:149.52ms
step:1393/4740 train_time:208318ms step_avg:149.55ms
step:1394/4740 train_time:208635ms step_avg:149.67ms
step:1395/4740 train_time:208815ms step_avg:149.69ms
step:1396/4740 train_time:209133ms step_avg:149.81ms
step:1397/4740 train_time:209314ms step_avg:149.83ms
step:1398/4740 train_time:209630ms step_avg:149.95ms
step:1399/4740 train_time:209812ms step_avg:149.97ms
step:1400/4740 train_time:210128ms step_avg:150.09ms
step:1401/4740 train_time:210308ms step_avg:150.11ms
step:1402/4740 train_time:210627ms step_avg:150.23ms
step:1403/4740 train_time:210807ms step_avg:150.25ms
step:1404/4740 train_time:211126ms step_avg:150.37ms
step:1405/4740 train_time:211303ms step_avg:150.39ms
step:1406/4740 train_time:211626ms step_avg:150.52ms
step:1407/4740 train_time:211802ms step_avg:150.53ms
step:1408/4740 train_time:212122ms step_avg:150.65ms
step:1409/4740 train_time:212299ms step_avg:150.67ms
step:1410/4740 train_time:212620ms step_avg:150.79ms
step:1411/4740 train_time:212800ms step_avg:150.82ms
step:1412/4740 train_time:213118ms step_avg:150.93ms
step:1413/4740 train_time:213300ms step_avg:150.96ms
step:1414/4740 train_time:213616ms step_avg:151.07ms
step:1415/4740 train_time:213797ms step_avg:151.09ms
step:1416/4740 train_time:214112ms step_avg:151.21ms
step:1417/4740 train_time:214299ms step_avg:151.23ms
step:1418/4740 train_time:214616ms step_avg:151.35ms
step:1419/4740 train_time:214799ms step_avg:151.37ms
step:1420/4740 train_time:215115ms step_avg:151.49ms
step:1421/4740 train_time:215298ms step_avg:151.51ms
step:1422/4740 train_time:215614ms step_avg:151.63ms
step:1423/4740 train_time:215798ms step_avg:151.65ms
step:1424/4740 train_time:216113ms step_avg:151.76ms
step:1425/4740 train_time:216293ms step_avg:151.78ms
step:1426/4740 train_time:216611ms step_avg:151.90ms
step:1427/4740 train_time:216789ms step_avg:151.92ms
step:1428/4740 train_time:217106ms step_avg:152.03ms
step:1429/4740 train_time:217289ms step_avg:152.06ms
step:1430/4740 train_time:217603ms step_avg:152.17ms
step:1431/4740 train_time:217786ms step_avg:152.19ms
step:1432/4740 train_time:218104ms step_avg:152.31ms
step:1433/4740 train_time:218286ms step_avg:152.33ms
step:1434/4740 train_time:218605ms step_avg:152.44ms
step:1435/4740 train_time:218784ms step_avg:152.46ms
step:1436/4740 train_time:219102ms step_avg:152.58ms
step:1437/4740 train_time:219284ms step_avg:152.60ms
step:1438/4740 train_time:219604ms step_avg:152.71ms
step:1439/4740 train_time:219783ms step_avg:152.73ms
step:1440/4740 train_time:220104ms step_avg:152.85ms
step:1441/4740 train_time:220285ms step_avg:152.87ms
step:1442/4740 train_time:220604ms step_avg:152.98ms
step:1443/4740 train_time:220783ms step_avg:153.00ms
step:1444/4740 train_time:221102ms step_avg:153.12ms
step:1445/4740 train_time:221283ms step_avg:153.14ms
step:1446/4740 train_time:221601ms step_avg:153.25ms
step:1447/4740 train_time:221776ms step_avg:153.27ms
step:1448/4740 train_time:222096ms step_avg:153.38ms
step:1449/4740 train_time:222278ms step_avg:153.40ms
step:1450/4740 train_time:222594ms step_avg:153.51ms
step:1451/4740 train_time:222774ms step_avg:153.53ms
step:1452/4740 train_time:223092ms step_avg:153.64ms
step:1453/4740 train_time:223272ms step_avg:153.66ms
step:1454/4740 train_time:223592ms step_avg:153.78ms
step:1455/4740 train_time:223771ms step_avg:153.79ms
step:1456/4740 train_time:224089ms step_avg:153.91ms
step:1457/4740 train_time:224271ms step_avg:153.93ms
step:1458/4740 train_time:224588ms step_avg:154.04ms
step:1459/4740 train_time:224767ms step_avg:154.06ms
step:1460/4740 train_time:225086ms step_avg:154.17ms
step:1461/4740 train_time:225268ms step_avg:154.19ms
step:1462/4740 train_time:225581ms step_avg:154.30ms
step:1463/4740 train_time:225763ms step_avg:154.32ms
step:1464/4740 train_time:226076ms step_avg:154.42ms
step:1465/4740 train_time:226260ms step_avg:154.44ms
step:1466/4740 train_time:226577ms step_avg:154.55ms
step:1467/4740 train_time:226758ms step_avg:154.57ms
step:1468/4740 train_time:227075ms step_avg:154.68ms
step:1469/4740 train_time:227261ms step_avg:154.70ms
step:1470/4740 train_time:227577ms step_avg:154.81ms
step:1471/4740 train_time:227758ms step_avg:154.83ms
step:1472/4740 train_time:228076ms step_avg:154.94ms
step:1473/4740 train_time:228259ms step_avg:154.96ms
step:1474/4740 train_time:228575ms step_avg:155.07ms
step:1475/4740 train_time:228756ms step_avg:155.09ms
step:1476/4740 train_time:229074ms step_avg:155.20ms
step:1477/4740 train_time:229249ms step_avg:155.21ms
step:1478/4740 train_time:229567ms step_avg:155.32ms
step:1479/4740 train_time:229747ms step_avg:155.34ms
step:1480/4740 train_time:230063ms step_avg:155.45ms
step:1481/4740 train_time:230245ms step_avg:155.47ms
step:1482/4740 train_time:230562ms step_avg:155.58ms
step:1483/4740 train_time:230741ms step_avg:155.59ms
step:1484/4740 train_time:231062ms step_avg:155.70ms
step:1485/4740 train_time:231240ms step_avg:155.72ms
step:1486/4740 train_time:231561ms step_avg:155.83ms
step:1487/4740 train_time:231738ms step_avg:155.84ms
step:1488/4740 train_time:232055ms step_avg:155.95ms
step:1489/4740 train_time:232232ms step_avg:155.97ms
step:1490/4740 train_time:232554ms step_avg:156.08ms
step:1491/4740 train_time:232731ms step_avg:156.09ms
step:1492/4740 train_time:233049ms step_avg:156.20ms
step:1493/4740 train_time:233229ms step_avg:156.21ms
step:1494/4740 train_time:233544ms step_avg:156.32ms
step:1495/4740 train_time:233726ms step_avg:156.34ms
step:1496/4740 train_time:234043ms step_avg:156.45ms
step:1497/4740 train_time:234226ms step_avg:156.46ms
step:1498/4740 train_time:234543ms step_avg:156.57ms
step:1499/4740 train_time:234721ms step_avg:156.58ms
step:1500/4740 train_time:235038ms step_avg:156.69ms
step:1500/4740 val_loss:3.3751 train_time:235167ms step_avg:156.78ms
step:1501/4740 train_time:235223ms step_avg:156.71ms
step:1502/4740 train_time:235546ms step_avg:156.82ms
step:1503/4740 train_time:235725ms step_avg:156.84ms
step:1504/4740 train_time:236041ms step_avg:156.94ms
step:1505/4740 train_time:236221ms step_avg:156.96ms
step:1506/4740 train_time:236545ms step_avg:157.07ms
step:1507/4740 train_time:236722ms step_avg:157.08ms
step:1508/4740 train_time:237041ms step_avg:157.19ms
step:1509/4740 train_time:237219ms step_avg:157.20ms
step:1510/4740 train_time:237542ms step_avg:157.31ms
step:1511/4740 train_time:237722ms step_avg:157.33ms
step:1512/4740 train_time:238042ms step_avg:157.44ms
step:1513/4740 train_time:238218ms step_avg:157.45ms
step:1514/4740 train_time:238538ms step_avg:157.55ms
step:1515/4740 train_time:238720ms step_avg:157.57ms
step:1516/4740 train_time:239038ms step_avg:157.68ms
step:1517/4740 train_time:239219ms step_avg:157.69ms
step:1518/4740 train_time:239537ms step_avg:157.80ms
step:1519/4740 train_time:239718ms step_avg:157.81ms
step:1520/4740 train_time:240037ms step_avg:157.92ms
step:1521/4740 train_time:240216ms step_avg:157.93ms
step:1522/4740 train_time:240531ms step_avg:158.04ms
step:1523/4740 train_time:240713ms step_avg:158.05ms
step:1524/4740 train_time:241031ms step_avg:158.16ms
step:1525/4740 train_time:241211ms step_avg:158.17ms
step:1526/4740 train_time:241527ms step_avg:158.27ms
step:1527/4740 train_time:241708ms step_avg:158.29ms
step:1528/4740 train_time:242024ms step_avg:158.39ms
step:1529/4740 train_time:242208ms step_avg:158.41ms
step:1530/4740 train_time:242523ms step_avg:158.51ms
step:1531/4740 train_time:242703ms step_avg:158.53ms
step:1532/4740 train_time:243021ms step_avg:158.63ms
step:1533/4740 train_time:243199ms step_avg:158.64ms
step:1534/4740 train_time:243520ms step_avg:158.75ms
step:1535/4740 train_time:243698ms step_avg:158.76ms
step:1536/4740 train_time:244016ms step_avg:158.86ms
step:1537/4740 train_time:244197ms step_avg:158.88ms
step:1538/4740 train_time:244513ms step_avg:158.98ms
step:1539/4740 train_time:244692ms step_avg:158.99ms
step:1540/4740 train_time:245008ms step_avg:159.10ms
step:1541/4740 train_time:245189ms step_avg:159.11ms
step:1542/4740 train_time:245506ms step_avg:159.21ms
step:1543/4740 train_time:245686ms step_avg:159.23ms
step:1544/4740 train_time:246001ms step_avg:159.33ms
step:1545/4740 train_time:246181ms step_avg:159.34ms
step:1546/4740 train_time:246500ms step_avg:159.44ms
step:1547/4740 train_time:246678ms step_avg:159.46ms
step:1548/4740 train_time:246997ms step_avg:159.56ms
step:1549/4740 train_time:247177ms step_avg:159.57ms
step:1550/4740 train_time:247491ms step_avg:159.67ms
step:1551/4740 train_time:247672ms step_avg:159.69ms
step:1552/4740 train_time:247988ms step_avg:159.79ms
step:1553/4740 train_time:248171ms step_avg:159.80ms
step:1554/4740 train_time:248490ms step_avg:159.90ms
step:1555/4740 train_time:248668ms step_avg:159.91ms
step:1556/4740 train_time:248986ms step_avg:160.02ms
step:1557/4740 train_time:249163ms step_avg:160.03ms
step:1558/4740 train_time:249484ms step_avg:160.13ms
step:1559/4740 train_time:249661ms step_avg:160.14ms
step:1560/4740 train_time:249985ms step_avg:160.25ms
step:1561/4740 train_time:250160ms step_avg:160.26ms
step:1562/4740 train_time:250479ms step_avg:160.36ms
step:1563/4740 train_time:250657ms step_avg:160.37ms
step:1564/4740 train_time:250979ms step_avg:160.47ms
step:1565/4740 train_time:251155ms step_avg:160.48ms
step:1566/4740 train_time:251476ms step_avg:160.58ms
step:1567/4740 train_time:251654ms step_avg:160.60ms
step:1568/4740 train_time:251972ms step_avg:160.70ms
step:1569/4740 train_time:252152ms step_avg:160.71ms
step:1570/4740 train_time:252470ms step_avg:160.81ms
step:1571/4740 train_time:252651ms step_avg:160.82ms
step:1572/4740 train_time:252970ms step_avg:160.92ms
step:1573/4740 train_time:253150ms step_avg:160.93ms
step:1574/4740 train_time:253469ms step_avg:161.03ms
step:1575/4740 train_time:253651ms step_avg:161.05ms
step:1576/4740 train_time:253968ms step_avg:161.15ms
step:1577/4740 train_time:254149ms step_avg:161.16ms
step:1578/4740 train_time:254468ms step_avg:161.26ms
step:1579/4740 train_time:254650ms step_avg:161.27ms
step:1580/4740 train_time:254968ms step_avg:161.37ms
step:1581/4740 train_time:255149ms step_avg:161.38ms
step:1582/4740 train_time:255470ms step_avg:161.49ms
step:1583/4740 train_time:255654ms step_avg:161.50ms
step:1584/4740 train_time:255972ms step_avg:161.60ms
step:1585/4740 train_time:256153ms step_avg:161.61ms
step:1586/4740 train_time:256472ms step_avg:161.71ms
step:1587/4740 train_time:256654ms step_avg:161.72ms
step:1588/4740 train_time:256974ms step_avg:161.82ms
step:1589/4740 train_time:257153ms step_avg:161.83ms
step:1590/4740 train_time:257471ms step_avg:161.93ms
step:1591/4740 train_time:257653ms step_avg:161.94ms
step:1592/4740 train_time:257970ms step_avg:162.04ms
step:1593/4740 train_time:258152ms step_avg:162.05ms
step:1594/4740 train_time:258474ms step_avg:162.15ms
step:1595/4740 train_time:258651ms step_avg:162.16ms
step:1596/4740 train_time:258969ms step_avg:162.26ms
step:1597/4740 train_time:259150ms step_avg:162.27ms
step:1598/4740 train_time:259465ms step_avg:162.37ms
step:1599/4740 train_time:259646ms step_avg:162.38ms
step:1600/4740 train_time:259966ms step_avg:162.48ms
step:1601/4740 train_time:260148ms step_avg:162.49ms
step:1602/4740 train_time:260468ms step_avg:162.59ms
step:1603/4740 train_time:260646ms step_avg:162.60ms
step:1604/4740 train_time:260967ms step_avg:162.70ms
step:1605/4740 train_time:261147ms step_avg:162.71ms
step:1606/4740 train_time:261464ms step_avg:162.80ms
step:1607/4740 train_time:261647ms step_avg:162.82ms
step:1608/4740 train_time:261967ms step_avg:162.91ms
step:1609/4740 train_time:262148ms step_avg:162.93ms
step:1610/4740 train_time:262464ms step_avg:163.02ms
step:1611/4740 train_time:262646ms step_avg:163.03ms
step:1612/4740 train_time:262964ms step_avg:163.13ms
step:1613/4740 train_time:263145ms step_avg:163.14ms
step:1614/4740 train_time:263464ms step_avg:163.24ms
step:1615/4740 train_time:263643ms step_avg:163.25ms
step:1616/4740 train_time:263961ms step_avg:163.34ms
step:1617/4740 train_time:264141ms step_avg:163.35ms
step:1618/4740 train_time:264461ms step_avg:163.45ms
step:1619/4740 train_time:264640ms step_avg:163.46ms
step:1620/4740 train_time:264961ms step_avg:163.56ms
step:1621/4740 train_time:265140ms step_avg:163.57ms
step:1622/4740 train_time:265457ms step_avg:163.66ms
step:1623/4740 train_time:265640ms step_avg:163.67ms
step:1624/4740 train_time:265958ms step_avg:163.77ms
step:1625/4740 train_time:266140ms step_avg:163.78ms
step:1626/4740 train_time:266457ms step_avg:163.87ms
step:1627/4740 train_time:266640ms step_avg:163.88ms
step:1628/4740 train_time:266958ms step_avg:163.98ms
step:1629/4740 train_time:267137ms step_avg:163.99ms
step:1630/4740 train_time:267456ms step_avg:164.08ms
step:1631/4740 train_time:267638ms step_avg:164.09ms
step:1632/4740 train_time:267955ms step_avg:164.19ms
step:1633/4740 train_time:268140ms step_avg:164.20ms
step:1634/4740 train_time:268460ms step_avg:164.30ms
step:1635/4740 train_time:268638ms step_avg:164.30ms
step:1636/4740 train_time:268959ms step_avg:164.40ms
step:1637/4740 train_time:269137ms step_avg:164.41ms
step:1638/4740 train_time:269458ms step_avg:164.50ms
step:1639/4740 train_time:269638ms step_avg:164.51ms
step:1640/4740 train_time:269955ms step_avg:164.61ms
step:1641/4740 train_time:270137ms step_avg:164.62ms
step:1642/4740 train_time:270457ms step_avg:164.71ms
step:1643/4740 train_time:270637ms step_avg:164.72ms
step:1644/4740 train_time:270955ms step_avg:164.81ms
step:1645/4740 train_time:271136ms step_avg:164.82ms
step:1646/4740 train_time:271457ms step_avg:164.92ms
step:1647/4740 train_time:271637ms step_avg:164.93ms
step:1648/4740 train_time:271953ms step_avg:165.02ms
step:1649/4740 train_time:272135ms step_avg:165.03ms
step:1650/4740 train_time:272455ms step_avg:165.12ms
step:1651/4740 train_time:272635ms step_avg:165.13ms
step:1652/4740 train_time:272953ms step_avg:165.23ms
step:1653/4740 train_time:273137ms step_avg:165.24ms
step:1654/4740 train_time:273452ms step_avg:165.33ms
step:1655/4740 train_time:273631ms step_avg:165.34ms
step:1656/4740 train_time:273955ms step_avg:165.43ms
step:1657/4740 train_time:274134ms step_avg:165.44ms
step:1658/4740 train_time:274453ms step_avg:165.53ms
step:1659/4740 train_time:274635ms step_avg:165.54ms
step:1660/4740 train_time:274954ms step_avg:165.64ms
step:1661/4740 train_time:275139ms step_avg:165.65ms
step:1662/4740 train_time:275457ms step_avg:165.74ms
step:1663/4740 train_time:275636ms step_avg:165.75ms
step:1664/4740 train_time:275956ms step_avg:165.84ms
step:1665/4740 train_time:276139ms step_avg:165.85ms
step:1666/4740 train_time:276458ms step_avg:165.94ms
step:1667/4740 train_time:276638ms step_avg:165.95ms
step:1668/4740 train_time:276958ms step_avg:166.04ms
step:1669/4740 train_time:277139ms step_avg:166.05ms
step:1670/4740 train_time:277456ms step_avg:166.14ms
step:1671/4740 train_time:277638ms step_avg:166.15ms
step:1672/4740 train_time:277958ms step_avg:166.24ms
step:1673/4740 train_time:278141ms step_avg:166.25ms
step:1674/4740 train_time:278459ms step_avg:166.34ms
step:1675/4740 train_time:278641ms step_avg:166.35ms
step:1676/4740 train_time:278961ms step_avg:166.44ms
step:1677/4740 train_time:279143ms step_avg:166.45ms
step:1678/4740 train_time:279460ms step_avg:166.54ms
step:1679/4740 train_time:279641ms step_avg:166.55ms
step:1680/4740 train_time:279959ms step_avg:166.64ms
step:1681/4740 train_time:280141ms step_avg:166.65ms
step:1682/4740 train_time:280460ms step_avg:166.74ms
step:1683/4740 train_time:280641ms step_avg:166.75ms
step:1684/4740 train_time:280963ms step_avg:166.84ms
step:1685/4740 train_time:281143ms step_avg:166.85ms
step:1686/4740 train_time:281465ms step_avg:166.94ms
step:1687/4740 train_time:281646ms step_avg:166.95ms
step:1688/4740 train_time:281965ms step_avg:167.04ms
step:1689/4740 train_time:282145ms step_avg:167.05ms
step:1690/4740 train_time:282463ms step_avg:167.14ms
step:1691/4740 train_time:282642ms step_avg:167.14ms
step:1692/4740 train_time:282958ms step_avg:167.23ms
step:1693/4740 train_time:283142ms step_avg:167.24ms
step:1694/4740 train_time:283461ms step_avg:167.33ms
step:1695/4740 train_time:283643ms step_avg:167.34ms
step:1696/4740 train_time:283959ms step_avg:167.43ms
step:1697/4740 train_time:284141ms step_avg:167.44ms
step:1698/4740 train_time:284460ms step_avg:167.53ms
step:1699/4740 train_time:284643ms step_avg:167.54ms
step:1700/4740 train_time:284963ms step_avg:167.63ms
step:1701/4740 train_time:285143ms step_avg:167.63ms
step:1702/4740 train_time:285459ms step_avg:167.72ms
step:1703/4740 train_time:285643ms step_avg:167.73ms
step:1704/4740 train_time:285962ms step_avg:167.82ms
step:1705/4740 train_time:286141ms step_avg:167.82ms
step:1706/4740 train_time:286461ms step_avg:167.91ms
step:1707/4740 train_time:286641ms step_avg:167.92ms
step:1708/4740 train_time:286959ms step_avg:168.01ms
step:1709/4740 train_time:287142ms step_avg:168.02ms
step:1710/4740 train_time:287458ms step_avg:168.10ms
step:1711/4740 train_time:287641ms step_avg:168.11ms
step:1712/4740 train_time:287957ms step_avg:168.20ms
step:1713/4740 train_time:288141ms step_avg:168.21ms
step:1714/4740 train_time:288457ms step_avg:168.29ms
step:1715/4740 train_time:288639ms step_avg:168.30ms
step:1716/4740 train_time:288959ms step_avg:168.39ms
step:1717/4740 train_time:289140ms step_avg:168.40ms
step:1718/4740 train_time:289458ms step_avg:168.49ms
step:1719/4740 train_time:289638ms step_avg:168.49ms
step:1720/4740 train_time:289957ms step_avg:168.58ms
step:1721/4740 train_time:290138ms step_avg:168.59ms
step:1722/4740 train_time:290459ms step_avg:168.68ms
step:1723/4740 train_time:290640ms step_avg:168.68ms
step:1724/4740 train_time:290957ms step_avg:168.77ms
step:1725/4740 train_time:291139ms step_avg:168.78ms
step:1726/4740 train_time:291458ms step_avg:168.86ms
step:1727/4740 train_time:291638ms step_avg:168.87ms
step:1728/4740 train_time:291955ms step_avg:168.96ms
step:1729/4740 train_time:292139ms step_avg:168.96ms
step:1730/4740 train_time:292458ms step_avg:169.05ms
step:1731/4740 train_time:292639ms step_avg:169.06ms
step:1732/4740 train_time:292958ms step_avg:169.14ms
step:1733/4740 train_time:293137ms step_avg:169.15ms
step:1734/4740 train_time:293456ms step_avg:169.24ms
step:1735/4740 train_time:293638ms step_avg:169.24ms
step:1736/4740 train_time:293957ms step_avg:169.33ms
step:1737/4740 train_time:294138ms step_avg:169.34ms
step:1738/4740 train_time:294453ms step_avg:169.42ms
step:1739/4740 train_time:294633ms step_avg:169.43ms
step:1740/4740 train_time:294953ms step_avg:169.51ms
step:1741/4740 train_time:295132ms step_avg:169.52ms
step:1742/4740 train_time:295449ms step_avg:169.60ms
step:1743/4740 train_time:295629ms step_avg:169.61ms
step:1744/4740 train_time:295949ms step_avg:169.70ms
step:1745/4740 train_time:296128ms step_avg:169.70ms
step:1746/4740 train_time:296446ms step_avg:169.79ms
step:1747/4740 train_time:296627ms step_avg:169.79ms
step:1748/4740 train_time:296948ms step_avg:169.88ms
step:1749/4740 train_time:297126ms step_avg:169.88ms
step:1750/4740 train_time:297447ms step_avg:169.97ms
step:1750/4740 val_loss:3.3235 train_time:297573ms step_avg:170.04ms
step:1751/4740 train_time:297629ms step_avg:169.98ms
step:1752/4740 train_time:297952ms step_avg:170.06ms
step:1753/4740 train_time:298141ms step_avg:170.07ms
step:1754/4740 train_time:298455ms step_avg:170.16ms
step:1755/4740 train_time:298636ms step_avg:170.16ms
step:1756/4740 train_time:298958ms step_avg:170.25ms
step:1757/4740 train_time:299144ms step_avg:170.26ms
step:1758/4740 train_time:299458ms step_avg:170.34ms
step:1759/4740 train_time:299639ms step_avg:170.35ms
step:1760/4740 train_time:299961ms step_avg:170.43ms
step:1761/4740 train_time:300147ms step_avg:170.44ms
step:1762/4740 train_time:300464ms step_avg:170.52ms
step:1763/4740 train_time:300642ms step_avg:170.53ms
step:1764/4740 train_time:300964ms step_avg:170.61ms
step:1765/4740 train_time:301146ms step_avg:170.62ms
step:1766/4740 train_time:301464ms step_avg:170.70ms
step:1767/4740 train_time:301644ms step_avg:170.71ms
step:1768/4740 train_time:301965ms step_avg:170.79ms
step:1769/4740 train_time:302146ms step_avg:170.80ms
step:1770/4740 train_time:302464ms step_avg:170.88ms
step:1771/4740 train_time:302645ms step_avg:170.89ms
step:1772/4740 train_time:302965ms step_avg:170.97ms
step:1773/4740 train_time:303146ms step_avg:170.98ms
step:1774/4740 train_time:303464ms step_avg:171.06ms
step:1775/4740 train_time:303645ms step_avg:171.07ms
step:1776/4740 train_time:303963ms step_avg:171.15ms
step:1777/4740 train_time:304147ms step_avg:171.16ms
step:1778/4740 train_time:304464ms step_avg:171.24ms
step:1779/4740 train_time:304647ms step_avg:171.25ms
step:1780/4740 train_time:304966ms step_avg:171.33ms
step:1781/4740 train_time:305147ms step_avg:171.33ms
step:1782/4740 train_time:305464ms step_avg:171.42ms
step:1783/4740 train_time:305646ms step_avg:171.42ms
step:1784/4740 train_time:305967ms step_avg:171.51ms
step:1785/4740 train_time:306147ms step_avg:171.51ms
step:1786/4740 train_time:306466ms step_avg:171.59ms
step:1787/4740 train_time:306647ms step_avg:171.60ms
step:1788/4740 train_time:306969ms step_avg:171.68ms
step:1789/4740 train_time:307150ms step_avg:171.69ms
step:1790/4740 train_time:307468ms step_avg:171.77ms
step:1791/4740 train_time:307650ms step_avg:171.78ms
step:1792/4740 train_time:307969ms step_avg:171.86ms
step:1793/4740 train_time:308150ms step_avg:171.86ms
step:1794/4740 train_time:308468ms step_avg:171.94ms
step:1795/4740 train_time:308648ms step_avg:171.95ms
step:1796/4740 train_time:308968ms step_avg:172.03ms
step:1797/4740 train_time:309147ms step_avg:172.04ms
step:1798/4740 train_time:309467ms step_avg:172.12ms
step:1799/4740 train_time:309646ms step_avg:172.12ms
step:1800/4740 train_time:309964ms step_avg:172.20ms
step:1801/4740 train_time:310147ms step_avg:172.21ms
step:1802/4740 train_time:310464ms step_avg:172.29ms
step:1803/4740 train_time:310647ms step_avg:172.29ms
step:1804/4740 train_time:310962ms step_avg:172.37ms
step:1805/4740 train_time:311146ms step_avg:172.38ms
step:1806/4740 train_time:311464ms step_avg:172.46ms
step:1807/4740 train_time:311646ms step_avg:172.47ms
step:1808/4740 train_time:311966ms step_avg:172.55ms
step:1809/4740 train_time:312148ms step_avg:172.55ms
step:1810/4740 train_time:312464ms step_avg:172.63ms
step:1811/4740 train_time:312645ms step_avg:172.64ms
step:1812/4740 train_time:312965ms step_avg:172.72ms
step:1813/4740 train_time:313146ms step_avg:172.72ms
step:1814/4740 train_time:313465ms step_avg:172.80ms
step:1815/4740 train_time:313647ms step_avg:172.81ms
step:1816/4740 train_time:313965ms step_avg:172.89ms
step:1817/4740 train_time:314147ms step_avg:172.89ms
step:1818/4740 train_time:314465ms step_avg:172.97ms
step:1819/4740 train_time:314647ms step_avg:172.98ms
step:1820/4740 train_time:314966ms step_avg:173.06ms
step:1821/4740 train_time:315149ms step_avg:173.06ms
step:1822/4740 train_time:315471ms step_avg:173.15ms
step:1823/4740 train_time:315650ms step_avg:173.15ms
step:1824/4740 train_time:315967ms step_avg:173.23ms
step:1825/4740 train_time:316148ms step_avg:173.23ms
step:1826/4740 train_time:316465ms step_avg:173.31ms
step:1827/4740 train_time:316647ms step_avg:173.32ms
step:1828/4740 train_time:316965ms step_avg:173.39ms
step:1829/4740 train_time:317145ms step_avg:173.40ms
step:1830/4740 train_time:317464ms step_avg:173.48ms
step:1831/4740 train_time:317646ms step_avg:173.48ms
step:1832/4740 train_time:317961ms step_avg:173.56ms
step:1833/4740 train_time:318146ms step_avg:173.57ms
step:1834/4740 train_time:318464ms step_avg:173.64ms
step:1835/4740 train_time:318645ms step_avg:173.65ms
step:1836/4740 train_time:318962ms step_avg:173.73ms
step:1837/4740 train_time:319143ms step_avg:173.73ms
step:1838/4740 train_time:319462ms step_avg:173.81ms
step:1839/4740 train_time:319643ms step_avg:173.81ms
step:1840/4740 train_time:319963ms step_avg:173.89ms
step:1841/4740 train_time:320143ms step_avg:173.90ms
step:1842/4740 train_time:320461ms step_avg:173.97ms
step:1843/4740 train_time:320645ms step_avg:173.98ms
step:1844/4740 train_time:320963ms step_avg:174.06ms
step:1845/4740 train_time:321142ms step_avg:174.06ms
step:1846/4740 train_time:321459ms step_avg:174.14ms
step:1847/4740 train_time:321644ms step_avg:174.14ms
step:1848/4740 train_time:321962ms step_avg:174.22ms
step:1849/4740 train_time:322143ms step_avg:174.23ms
step:1850/4740 train_time:322462ms step_avg:174.30ms
step:1851/4740 train_time:322643ms step_avg:174.31ms
step:1852/4740 train_time:322959ms step_avg:174.38ms
step:1853/4740 train_time:323142ms step_avg:174.39ms
step:1854/4740 train_time:323462ms step_avg:174.47ms
step:1855/4740 train_time:323643ms step_avg:174.47ms
step:1856/4740 train_time:323959ms step_avg:174.55ms
step:1857/4740 train_time:324140ms step_avg:174.55ms
step:1858/4740 train_time:324460ms step_avg:174.63ms
step:1859/4740 train_time:324643ms step_avg:174.63ms
step:1860/4740 train_time:324957ms step_avg:174.71ms
step:1861/4740 train_time:325140ms step_avg:174.71ms
step:1862/4740 train_time:325460ms step_avg:174.79ms
step:1863/4740 train_time:325638ms step_avg:174.79ms
step:1864/4740 train_time:325954ms step_avg:174.87ms
step:1865/4740 train_time:326134ms step_avg:174.87ms
step:1866/4740 train_time:326454ms step_avg:174.95ms
step:1867/4740 train_time:326633ms step_avg:174.95ms
step:1868/4740 train_time:326953ms step_avg:175.03ms
step:1869/4740 train_time:327132ms step_avg:175.03ms
step:1870/4740 train_time:327452ms step_avg:175.11ms
step:1871/4740 train_time:327631ms step_avg:175.11ms
step:1872/4740 train_time:327953ms step_avg:175.19ms
step:1873/4740 train_time:328129ms step_avg:175.19ms
step:1874/4740 train_time:328451ms step_avg:175.27ms
step:1875/4740 train_time:328630ms step_avg:175.27ms
step:1876/4740 train_time:328952ms step_avg:175.35ms
step:1877/4740 train_time:329131ms step_avg:175.35ms
step:1878/4740 train_time:329450ms step_avg:175.43ms
step:1879/4740 train_time:329630ms step_avg:175.43ms
step:1880/4740 train_time:329952ms step_avg:175.51ms
step:1881/4740 train_time:330131ms step_avg:175.51ms
step:1882/4740 train_time:330452ms step_avg:175.59ms
step:1883/4740 train_time:330627ms step_avg:175.59ms
step:1884/4740 train_time:330950ms step_avg:175.66ms
step:1885/4740 train_time:331126ms step_avg:175.66ms
step:1886/4740 train_time:331445ms step_avg:175.74ms
step:1887/4740 train_time:331629ms step_avg:175.74ms
step:1888/4740 train_time:331944ms step_avg:175.82ms
step:1889/4740 train_time:332125ms step_avg:175.82ms
step:1890/4740 train_time:332443ms step_avg:175.90ms
step:1891/4740 train_time:332627ms step_avg:175.90ms
step:1892/4740 train_time:332943ms step_avg:175.97ms
step:1893/4740 train_time:333128ms step_avg:175.98ms
step:1894/4740 train_time:333448ms step_avg:176.05ms
step:1895/4740 train_time:333629ms step_avg:176.06ms
step:1896/4740 train_time:333949ms step_avg:176.13ms
step:1897/4740 train_time:334128ms step_avg:176.13ms
step:1898/4740 train_time:334450ms step_avg:176.21ms
step:1899/4740 train_time:334629ms step_avg:176.21ms
step:1900/4740 train_time:334949ms step_avg:176.29ms
step:1901/4740 train_time:335129ms step_avg:176.29ms
step:1902/4740 train_time:335451ms step_avg:176.37ms
step:1903/4740 train_time:335630ms step_avg:176.37ms
step:1904/4740 train_time:335950ms step_avg:176.44ms
step:1905/4740 train_time:336128ms step_avg:176.45ms
step:1906/4740 train_time:336448ms step_avg:176.52ms
step:1907/4740 train_time:336629ms step_avg:176.52ms
step:1908/4740 train_time:336949ms step_avg:176.60ms
step:1909/4740 train_time:337130ms step_avg:176.60ms
step:1910/4740 train_time:337453ms step_avg:176.68ms
step:1911/4740 train_time:337633ms step_avg:176.68ms
step:1912/4740 train_time:337956ms step_avg:176.76ms
step:1913/4740 train_time:338137ms step_avg:176.76ms
step:1914/4740 train_time:338456ms step_avg:176.83ms
step:1915/4740 train_time:338637ms step_avg:176.83ms
step:1916/4740 train_time:338958ms step_avg:176.91ms
step:1917/4740 train_time:339136ms step_avg:176.91ms
step:1918/4740 train_time:339457ms step_avg:176.98ms
step:1919/4740 train_time:339633ms step_avg:176.98ms
step:1920/4740 train_time:339954ms step_avg:177.06ms
step:1921/4740 train_time:340138ms step_avg:177.06ms
step:1922/4740 train_time:340457ms step_avg:177.14ms
step:1923/4740 train_time:340641ms step_avg:177.14ms
step:1924/4740 train_time:340961ms step_avg:177.21ms
step:1925/4740 train_time:341143ms step_avg:177.22ms
step:1926/4740 train_time:341465ms step_avg:177.29ms
step:1927/4740 train_time:341643ms step_avg:177.29ms
step:1928/4740 train_time:341961ms step_avg:177.37ms
step:1929/4740 train_time:342144ms step_avg:177.37ms
step:1930/4740 train_time:342461ms step_avg:177.44ms
step:1931/4740 train_time:342641ms step_avg:177.44ms
step:1932/4740 train_time:342958ms step_avg:177.51ms
step:1933/4740 train_time:343138ms step_avg:177.52ms
step:1934/4740 train_time:343455ms step_avg:177.59ms
step:1935/4740 train_time:343634ms step_avg:177.59ms
step:1936/4740 train_time:343953ms step_avg:177.66ms
step:1937/4740 train_time:344131ms step_avg:177.66ms
step:1938/4740 train_time:344449ms step_avg:177.73ms
step:1939/4740 train_time:344629ms step_avg:177.74ms
step:1940/4740 train_time:344950ms step_avg:177.81ms
step:1941/4740 train_time:345128ms step_avg:177.81ms
step:1942/4740 train_time:345448ms step_avg:177.88ms
step:1943/4740 train_time:345627ms step_avg:177.88ms
step:1944/4740 train_time:345948ms step_avg:177.96ms
step:1945/4740 train_time:346126ms step_avg:177.96ms
step:1946/4740 train_time:346447ms step_avg:178.03ms
step:1947/4740 train_time:346626ms step_avg:178.03ms
step:1948/4740 train_time:346952ms step_avg:178.11ms
step:1949/4740 train_time:347129ms step_avg:178.11ms
step:1950/4740 train_time:347450ms step_avg:178.18ms
step:1951/4740 train_time:347631ms step_avg:178.18ms
step:1952/4740 train_time:347953ms step_avg:178.25ms
step:1953/4740 train_time:348132ms step_avg:178.26ms
step:1954/4740 train_time:348456ms step_avg:178.33ms
step:1955/4740 train_time:348636ms step_avg:178.33ms
step:1956/4740 train_time:348954ms step_avg:178.40ms
step:1957/4740 train_time:349136ms step_avg:178.40ms
step:1958/4740 train_time:349455ms step_avg:178.48ms
step:1959/4740 train_time:349634ms step_avg:178.48ms
step:1960/4740 train_time:349955ms step_avg:178.55ms
step:1961/4740 train_time:350136ms step_avg:178.55ms
step:1962/4740 train_time:350456ms step_avg:178.62ms
step:1963/4740 train_time:350636ms step_avg:178.62ms
step:1964/4740 train_time:350957ms step_avg:178.69ms
step:1965/4740 train_time:351142ms step_avg:178.70ms
step:1966/4740 train_time:351462ms step_avg:178.77ms
step:1967/4740 train_time:351641ms step_avg:178.77ms
step:1968/4740 train_time:351963ms step_avg:178.84ms
step:1969/4740 train_time:352144ms step_avg:178.84ms
step:1970/4740 train_time:352464ms step_avg:178.92ms
step:1971/4740 train_time:352643ms step_avg:178.92ms
step:1972/4740 train_time:352965ms step_avg:178.99ms
step:1973/4740 train_time:353145ms step_avg:178.99ms
step:1974/4740 train_time:353463ms step_avg:179.06ms
step:1975/4740 train_time:353645ms step_avg:179.06ms
step:1976/4740 train_time:353964ms step_avg:179.13ms
step:1977/4740 train_time:354144ms step_avg:179.13ms
step:1978/4740 train_time:354464ms step_avg:179.20ms
step:1979/4740 train_time:354647ms step_avg:179.21ms
step:1980/4740 train_time:354966ms step_avg:179.28ms
step:1981/4740 train_time:355149ms step_avg:179.28ms
step:1982/4740 train_time:355468ms step_avg:179.35ms
step:1983/4740 train_time:355650ms step_avg:179.35ms
step:1984/4740 train_time:355968ms step_avg:179.42ms
step:1985/4740 train_time:356150ms step_avg:179.42ms
step:1986/4740 train_time:356468ms step_avg:179.49ms
step:1987/4740 train_time:356651ms step_avg:179.49ms
step:1988/4740 train_time:356972ms step_avg:179.56ms
step:1989/4740 train_time:357152ms step_avg:179.56ms
step:1990/4740 train_time:357473ms step_avg:179.63ms
step:1991/4740 train_time:357654ms step_avg:179.64ms
step:1992/4740 train_time:357976ms step_avg:179.71ms
step:1993/4740 train_time:358155ms step_avg:179.71ms
step:1994/4740 train_time:358474ms step_avg:179.78ms
step:1995/4740 train_time:358654ms step_avg:179.78ms
step:1996/4740 train_time:358978ms step_avg:179.85ms
step:1997/4740 train_time:359161ms step_avg:179.85ms
step:1998/4740 train_time:359482ms step_avg:179.92ms
step:1999/4740 train_time:359663ms step_avg:179.92ms
step:2000/4740 train_time:359985ms step_avg:179.99ms
step:2000/4740 val_loss:3.2713 train_time:360111ms step_avg:180.06ms
step:2001/4740 train_time:360166ms step_avg:179.99ms
step:2002/4740 train_time:360490ms step_avg:180.07ms
step:2003/4740 train_time:360677ms step_avg:180.07ms
step:2004/4740 train_time:360992ms step_avg:180.14ms
step:2005/4740 train_time:361175ms step_avg:180.14ms
step:2006/4740 train_time:361497ms step_avg:180.21ms
step:2007/4740 train_time:361683ms step_avg:180.21ms
step:2008/4740 train_time:362001ms step_avg:180.28ms
step:2009/4740 train_time:362182ms step_avg:180.28ms
step:2010/4740 train_time:362505ms step_avg:180.35ms
step:2011/4740 train_time:362687ms step_avg:180.35ms
step:2012/4740 train_time:363004ms step_avg:180.42ms
step:2013/4740 train_time:363185ms step_avg:180.42ms
step:2014/4740 train_time:363506ms step_avg:180.49ms
step:2015/4740 train_time:363688ms step_avg:180.49ms
step:2016/4740 train_time:364005ms step_avg:180.56ms
step:2017/4740 train_time:364189ms step_avg:180.56ms
step:2018/4740 train_time:364508ms step_avg:180.63ms
step:2019/4740 train_time:364689ms step_avg:180.63ms
step:2020/4740 train_time:365009ms step_avg:180.70ms
step:2021/4740 train_time:365189ms step_avg:180.70ms
step:2022/4740 train_time:365511ms step_avg:180.77ms
step:2023/4740 train_time:365690ms step_avg:180.77ms
step:2024/4740 train_time:366008ms step_avg:180.83ms
step:2025/4740 train_time:366190ms step_avg:180.83ms
step:2026/4740 train_time:366508ms step_avg:180.90ms
step:2027/4740 train_time:366689ms step_avg:180.90ms
step:2028/4740 train_time:367008ms step_avg:180.97ms
step:2029/4740 train_time:367192ms step_avg:180.97ms
step:2030/4740 train_time:367513ms step_avg:181.04ms
step:2031/4740 train_time:367694ms step_avg:181.04ms
step:2032/4740 train_time:368015ms step_avg:181.11ms
step:2033/4740 train_time:368194ms step_avg:181.11ms
step:2034/4740 train_time:368516ms step_avg:181.18ms
step:2035/4740 train_time:368696ms step_avg:181.18ms
step:2036/4740 train_time:369015ms step_avg:181.25ms
step:2037/4740 train_time:369195ms step_avg:181.24ms
step:2038/4740 train_time:369521ms step_avg:181.32ms
step:2039/4740 train_time:369700ms step_avg:181.31ms
step:2040/4740 train_time:370021ms step_avg:181.38ms
step:2041/4740 train_time:370201ms step_avg:181.38ms
step:2042/4740 train_time:370522ms step_avg:181.45ms
step:2043/4740 train_time:370703ms step_avg:181.45ms
step:2044/4740 train_time:371022ms step_avg:181.52ms
step:2045/4740 train_time:371202ms step_avg:181.52ms
step:2046/4740 train_time:371522ms step_avg:181.58ms
step:2047/4740 train_time:371704ms step_avg:181.58ms
step:2048/4740 train_time:372022ms step_avg:181.65ms
step:2049/4740 train_time:372202ms step_avg:181.65ms
step:2050/4740 train_time:372522ms step_avg:181.72ms
step:2051/4740 train_time:372708ms step_avg:181.72ms
step:2052/4740 train_time:373028ms step_avg:181.79ms
step:2053/4740 train_time:373210ms step_avg:181.79ms
step:2054/4740 train_time:373527ms step_avg:181.85ms
step:2055/4740 train_time:373712ms step_avg:181.86ms
step:2056/4740 train_time:374031ms step_avg:181.92ms
step:2057/4740 train_time:374210ms step_avg:181.92ms
step:2058/4740 train_time:374533ms step_avg:181.99ms
step:2059/4740 train_time:374715ms step_avg:181.99ms
step:2060/4740 train_time:375035ms step_avg:182.06ms
step:2061/4740 train_time:375213ms step_avg:182.05ms
step:2062/4740 train_time:375536ms step_avg:182.12ms
step:2063/4740 train_time:375718ms step_avg:182.12ms
step:2064/4740 train_time:376035ms step_avg:182.19ms
step:2065/4740 train_time:376219ms step_avg:182.19ms
step:2066/4740 train_time:376538ms step_avg:182.25ms
step:2067/4740 train_time:376717ms step_avg:182.25ms
step:2068/4740 train_time:377033ms step_avg:182.32ms
step:2069/4740 train_time:377219ms step_avg:182.32ms
step:2070/4740 train_time:377534ms step_avg:182.38ms
step:2071/4740 train_time:377720ms step_avg:182.39ms
step:2072/4740 train_time:378039ms step_avg:182.45ms
step:2073/4740 train_time:378224ms step_avg:182.45ms
step:2074/4740 train_time:378544ms step_avg:182.52ms
step:2075/4740 train_time:378730ms step_avg:182.52ms
step:2076/4740 train_time:379052ms step_avg:182.59ms
step:2077/4740 train_time:379228ms step_avg:182.58ms
step:2078/4740 train_time:379547ms step_avg:182.65ms
step:2079/4740 train_time:379730ms step_avg:182.65ms
step:2080/4740 train_time:380048ms step_avg:182.72ms
step:2081/4740 train_time:380229ms step_avg:182.71ms
step:2082/4740 train_time:380549ms step_avg:182.78ms
step:2083/4740 train_time:380728ms step_avg:182.78ms
step:2084/4740 train_time:381048ms step_avg:182.84ms
step:2085/4740 train_time:381227ms step_avg:182.84ms
step:2086/4740 train_time:381546ms step_avg:182.91ms
step:2087/4740 train_time:381727ms step_avg:182.91ms
step:2088/4740 train_time:382051ms step_avg:182.97ms
step:2089/4740 train_time:382232ms step_avg:182.97ms
step:2090/4740 train_time:382553ms step_avg:183.04ms
step:2091/4740 train_time:382731ms step_avg:183.04ms
step:2092/4740 train_time:383052ms step_avg:183.10ms
step:2093/4740 train_time:383231ms step_avg:183.10ms
step:2094/4740 train_time:383554ms step_avg:183.17ms
step:2095/4740 train_time:383734ms step_avg:183.17ms
step:2096/4740 train_time:384054ms step_avg:183.23ms
step:2097/4740 train_time:384233ms step_avg:183.23ms
step:2098/4740 train_time:384556ms step_avg:183.30ms
step:2099/4740 train_time:384741ms step_avg:183.30ms
step:2100/4740 train_time:385062ms step_avg:183.36ms
step:2101/4740 train_time:385243ms step_avg:183.36ms
step:2102/4740 train_time:385562ms step_avg:183.43ms
step:2103/4740 train_time:385744ms step_avg:183.43ms
step:2104/4740 train_time:386066ms step_avg:183.49ms
step:2105/4740 train_time:386245ms step_avg:183.49ms
step:2106/4740 train_time:386564ms step_avg:183.55ms
step:2107/4740 train_time:386747ms step_avg:183.55ms
step:2108/4740 train_time:387065ms step_avg:183.62ms
step:2109/4740 train_time:387249ms step_avg:183.62ms
step:2110/4740 train_time:387568ms step_avg:183.68ms
step:2111/4740 train_time:387749ms step_avg:183.68ms
step:2112/4740 train_time:388068ms step_avg:183.74ms
step:2113/4740 train_time:388250ms step_avg:183.74ms
step:2114/4740 train_time:388570ms step_avg:183.81ms
step:2115/4740 train_time:388752ms step_avg:183.81ms
step:2116/4740 train_time:389069ms step_avg:183.87ms
step:2117/4740 train_time:389253ms step_avg:183.87ms
step:2118/4740 train_time:389573ms step_avg:183.93ms
step:2119/4740 train_time:389753ms step_avg:183.93ms
step:2120/4740 train_time:390075ms step_avg:184.00ms
step:2121/4740 train_time:390257ms step_avg:184.00ms
step:2122/4740 train_time:390579ms step_avg:184.06ms
step:2123/4740 train_time:390760ms step_avg:184.06ms
step:2124/4740 train_time:391083ms step_avg:184.13ms
step:2125/4740 train_time:391260ms step_avg:184.12ms
step:2126/4740 train_time:391580ms step_avg:184.19ms
step:2127/4740 train_time:391760ms step_avg:184.18ms
step:2128/4740 train_time:392081ms step_avg:184.25ms
step:2129/4740 train_time:392261ms step_avg:184.25ms
step:2130/4740 train_time:392582ms step_avg:184.31ms
step:2131/4740 train_time:392760ms step_avg:184.31ms
step:2132/4740 train_time:393076ms step_avg:184.37ms
step:2133/4740 train_time:393260ms step_avg:184.37ms
step:2134/4740 train_time:393582ms step_avg:184.43ms
step:2135/4740 train_time:393761ms step_avg:184.43ms
step:2136/4740 train_time:394082ms step_avg:184.50ms
step:2137/4740 train_time:394261ms step_avg:184.49ms
step:2138/4740 train_time:394585ms step_avg:184.56ms
step:2139/4740 train_time:394767ms step_avg:184.56ms
step:2140/4740 train_time:395087ms step_avg:184.62ms
step:2141/4740 train_time:395267ms step_avg:184.62ms
step:2142/4740 train_time:395587ms step_avg:184.68ms
step:2143/4740 train_time:395768ms step_avg:184.68ms
step:2144/4740 train_time:396087ms step_avg:184.74ms
step:2145/4740 train_time:396269ms step_avg:184.74ms
step:2146/4740 train_time:396592ms step_avg:184.81ms
step:2147/4740 train_time:396769ms step_avg:184.80ms
step:2148/4740 train_time:397089ms step_avg:184.86ms
step:2149/4740 train_time:397268ms step_avg:184.86ms
step:2150/4740 train_time:397590ms step_avg:184.93ms
step:2151/4740 train_time:397767ms step_avg:184.92ms
step:2152/4740 train_time:398086ms step_avg:184.98ms
step:2153/4740 train_time:398271ms step_avg:184.98ms
step:2154/4740 train_time:398593ms step_avg:185.05ms
step:2155/4740 train_time:398770ms step_avg:185.04ms
step:2156/4740 train_time:399091ms step_avg:185.11ms
step:2157/4740 train_time:399271ms step_avg:185.10ms
step:2158/4740 train_time:399591ms step_avg:185.17ms
step:2159/4740 train_time:399769ms step_avg:185.16ms
step:2160/4740 train_time:400091ms step_avg:185.23ms
step:2161/4740 train_time:400272ms step_avg:185.23ms
step:2162/4740 train_time:400595ms step_avg:185.29ms
step:2163/4740 train_time:400774ms step_avg:185.29ms
step:2164/4740 train_time:401093ms step_avg:185.35ms
step:2165/4740 train_time:401273ms step_avg:185.35ms
step:2166/4740 train_time:401594ms step_avg:185.41ms
step:2167/4740 train_time:401777ms step_avg:185.41ms
step:2168/4740 train_time:402097ms step_avg:185.47ms
step:2169/4740 train_time:402278ms step_avg:185.47ms
step:2170/4740 train_time:402598ms step_avg:185.53ms
step:2171/4740 train_time:402781ms step_avg:185.53ms
step:2172/4740 train_time:403101ms step_avg:185.59ms
step:2173/4740 train_time:403282ms step_avg:185.59ms
step:2174/4740 train_time:403602ms step_avg:185.65ms
step:2175/4740 train_time:403789ms step_avg:185.65ms
step:2176/4740 train_time:404109ms step_avg:185.71ms
step:2177/4740 train_time:404292ms step_avg:185.71ms
step:2178/4740 train_time:404612ms step_avg:185.77ms
step:2179/4740 train_time:404793ms step_avg:185.77ms
step:2180/4740 train_time:405112ms step_avg:185.83ms
step:2181/4740 train_time:405291ms step_avg:185.83ms
step:2182/4740 train_time:405612ms step_avg:185.89ms
step:2183/4740 train_time:405793ms step_avg:185.89ms
step:2184/4740 train_time:406113ms step_avg:185.95ms
step:2185/4740 train_time:406294ms step_avg:185.95ms
step:2186/4740 train_time:406614ms step_avg:186.01ms
step:2187/4740 train_time:406796ms step_avg:186.01ms
step:2188/4740 train_time:407116ms step_avg:186.07ms
step:2189/4740 train_time:407294ms step_avg:186.06ms
step:2190/4740 train_time:407610ms step_avg:186.12ms
step:2191/4740 train_time:407797ms step_avg:186.12ms
step:2192/4740 train_time:408117ms step_avg:186.18ms
step:2193/4740 train_time:408299ms step_avg:186.18ms
step:2194/4740 train_time:408616ms step_avg:186.24ms
step:2195/4740 train_time:408801ms step_avg:186.24ms
step:2196/4740 train_time:409122ms step_avg:186.30ms
step:2197/4740 train_time:409302ms step_avg:186.30ms
step:2198/4740 train_time:409623ms step_avg:186.36ms
step:2199/4740 train_time:409806ms step_avg:186.36ms
step:2200/4740 train_time:410125ms step_avg:186.42ms
step:2201/4740 train_time:410304ms step_avg:186.42ms
step:2202/4740 train_time:410625ms step_avg:186.48ms
step:2203/4740 train_time:410807ms step_avg:186.48ms
step:2204/4740 train_time:411126ms step_avg:186.54ms
step:2205/4740 train_time:411309ms step_avg:186.53ms
step:2206/4740 train_time:411626ms step_avg:186.59ms
step:2207/4740 train_time:411808ms step_avg:186.59ms
step:2208/4740 train_time:412127ms step_avg:186.65ms
step:2209/4740 train_time:412308ms step_avg:186.65ms
step:2210/4740 train_time:412625ms step_avg:186.71ms
step:2211/4740 train_time:412811ms step_avg:186.71ms
step:2212/4740 train_time:413129ms step_avg:186.77ms
step:2213/4740 train_time:413311ms step_avg:186.77ms
step:2214/4740 train_time:413627ms step_avg:186.82ms
step:2215/4740 train_time:413811ms step_avg:186.82ms
step:2216/4740 train_time:414124ms step_avg:186.88ms
step:2217/4740 train_time:414313ms step_avg:186.88ms
step:2218/4740 train_time:414631ms step_avg:186.94ms
step:2219/4740 train_time:414813ms step_avg:186.94ms
step:2220/4740 train_time:415136ms step_avg:187.00ms
step:2221/4740 train_time:415320ms step_avg:187.00ms
step:2222/4740 train_time:415642ms step_avg:187.06ms
step:2223/4740 train_time:415821ms step_avg:187.05ms
step:2224/4740 train_time:416143ms step_avg:187.11ms
step:2225/4740 train_time:416323ms step_avg:187.11ms
step:2226/4740 train_time:416642ms step_avg:187.17ms
step:2227/4740 train_time:416823ms step_avg:187.17ms
step:2228/4740 train_time:417146ms step_avg:187.23ms
step:2229/4740 train_time:417324ms step_avg:187.22ms
step:2230/4740 train_time:417645ms step_avg:187.28ms
step:2231/4740 train_time:417825ms step_avg:187.28ms
step:2232/4740 train_time:418149ms step_avg:187.34ms
step:2233/4740 train_time:418326ms step_avg:187.34ms
step:2234/4740 train_time:418647ms step_avg:187.40ms
step:2235/4740 train_time:418830ms step_avg:187.40ms
step:2236/4740 train_time:419147ms step_avg:187.45ms
step:2237/4740 train_time:419327ms step_avg:187.45ms
step:2238/4740 train_time:419648ms step_avg:187.51ms
step:2239/4740 train_time:419833ms step_avg:187.51ms
step:2240/4740 train_time:420152ms step_avg:187.57ms
step:2241/4740 train_time:420335ms step_avg:187.57ms
step:2242/4740 train_time:420656ms step_avg:187.63ms
step:2243/4740 train_time:420837ms step_avg:187.62ms
step:2244/4740 train_time:421157ms step_avg:187.68ms
step:2245/4740 train_time:421336ms step_avg:187.68ms
step:2246/4740 train_time:421655ms step_avg:187.74ms
step:2247/4740 train_time:421837ms step_avg:187.73ms
step:2248/4740 train_time:422158ms step_avg:187.79ms
step:2249/4740 train_time:422339ms step_avg:187.79ms
step:2250/4740 train_time:422660ms step_avg:187.85ms
step:2250/4740 val_loss:3.2334 train_time:422791ms step_avg:187.91ms
step:2251/4740 train_time:422847ms step_avg:187.85ms
step:2252/4740 train_time:423171ms step_avg:187.91ms
step:2253/4740 train_time:423355ms step_avg:187.91ms
step:2254/4740 train_time:423672ms step_avg:187.96ms
step:2255/4740 train_time:423854ms step_avg:187.96ms
step:2256/4740 train_time:424175ms step_avg:188.02ms
step:2257/4740 train_time:424357ms step_avg:188.02ms
step:2258/4740 train_time:424676ms step_avg:188.08ms
step:2259/4740 train_time:424855ms step_avg:188.07ms
step:2260/4740 train_time:425175ms step_avg:188.13ms
step:2261/4740 train_time:425359ms step_avg:188.13ms
step:2262/4740 train_time:425678ms step_avg:188.19ms
step:2263/4740 train_time:425860ms step_avg:188.18ms
step:2264/4740 train_time:426184ms step_avg:188.24ms
step:2265/4740 train_time:426364ms step_avg:188.24ms
step:2266/4740 train_time:426682ms step_avg:188.30ms
step:2267/4740 train_time:426863ms step_avg:188.29ms
step:2268/4740 train_time:427185ms step_avg:188.35ms
step:2269/4740 train_time:427370ms step_avg:188.35ms
step:2270/4740 train_time:427685ms step_avg:188.41ms
step:2271/4740 train_time:427868ms step_avg:188.41ms
step:2272/4740 train_time:428190ms step_avg:188.46ms
step:2273/4740 train_time:428368ms step_avg:188.46ms
step:2274/4740 train_time:428688ms step_avg:188.52ms
step:2275/4740 train_time:428866ms step_avg:188.51ms
step:2276/4740 train_time:429190ms step_avg:188.57ms
step:2277/4740 train_time:429368ms step_avg:188.57ms
step:2278/4740 train_time:429691ms step_avg:188.63ms
step:2279/4740 train_time:429868ms step_avg:188.62ms
step:2280/4740 train_time:430191ms step_avg:188.68ms
step:2281/4740 train_time:430373ms step_avg:188.68ms
step:2282/4740 train_time:430696ms step_avg:188.74ms
step:2283/4740 train_time:430873ms step_avg:188.73ms
step:2284/4740 train_time:431194ms step_avg:188.79ms
step:2285/4740 train_time:431373ms step_avg:188.78ms
step:2286/4740 train_time:431695ms step_avg:188.84ms
step:2287/4740 train_time:431874ms step_avg:188.84ms
step:2288/4740 train_time:432195ms step_avg:188.90ms
step:2289/4740 train_time:432374ms step_avg:188.89ms
step:2290/4740 train_time:432696ms step_avg:188.95ms
step:2291/4740 train_time:432876ms step_avg:188.95ms
step:2292/4740 train_time:433198ms step_avg:189.00ms
step:2293/4740 train_time:433380ms step_avg:189.00ms
step:2294/4740 train_time:433701ms step_avg:189.06ms
step:2295/4740 train_time:433883ms step_avg:189.06ms
step:2296/4740 train_time:434203ms step_avg:189.11ms
step:2297/4740 train_time:434381ms step_avg:189.11ms
step:2298/4740 train_time:434700ms step_avg:189.16ms
step:2299/4740 train_time:434884ms step_avg:189.16ms
step:2300/4740 train_time:435203ms step_avg:189.22ms
step:2301/4740 train_time:435386ms step_avg:189.22ms
step:2302/4740 train_time:435705ms step_avg:189.27ms
step:2303/4740 train_time:435891ms step_avg:189.27ms
step:2304/4740 train_time:436213ms step_avg:189.33ms
step:2305/4740 train_time:436396ms step_avg:189.33ms
step:2306/4740 train_time:436713ms step_avg:189.38ms
step:2307/4740 train_time:436898ms step_avg:189.38ms
step:2308/4740 train_time:437220ms step_avg:189.44ms
step:2309/4740 train_time:437400ms step_avg:189.43ms
step:2310/4740 train_time:437719ms step_avg:189.49ms
step:2311/4740 train_time:437901ms step_avg:189.49ms
step:2312/4740 train_time:438222ms step_avg:189.54ms
step:2313/4740 train_time:438403ms step_avg:189.54ms
step:2314/4740 train_time:438723ms step_avg:189.60ms
step:2315/4740 train_time:438904ms step_avg:189.59ms
step:2316/4740 train_time:439223ms step_avg:189.65ms
step:2317/4740 train_time:439405ms step_avg:189.64ms
step:2318/4740 train_time:439721ms step_avg:189.70ms
step:2319/4740 train_time:439906ms step_avg:189.70ms
step:2320/4740 train_time:440226ms step_avg:189.75ms
step:2321/4740 train_time:440407ms step_avg:189.75ms
step:2322/4740 train_time:440727ms step_avg:189.80ms
step:2323/4740 train_time:440906ms step_avg:189.80ms
step:2324/4740 train_time:441227ms step_avg:189.86ms
step:2325/4740 train_time:441409ms step_avg:189.85ms
step:2326/4740 train_time:441729ms step_avg:189.91ms
step:2327/4740 train_time:441911ms step_avg:189.91ms
step:2328/4740 train_time:442231ms step_avg:189.96ms
step:2329/4740 train_time:442412ms step_avg:189.96ms
step:2330/4740 train_time:442730ms step_avg:190.01ms
step:2331/4740 train_time:442908ms step_avg:190.01ms
step:2332/4740 train_time:443228ms step_avg:190.06ms
step:2333/4740 train_time:443409ms step_avg:190.06ms
step:2334/4740 train_time:443728ms step_avg:190.11ms
step:2335/4740 train_time:443910ms step_avg:190.11ms
step:2336/4740 train_time:444230ms step_avg:190.17ms
step:2337/4740 train_time:444410ms step_avg:190.16ms
step:2338/4740 train_time:444732ms step_avg:190.22ms
step:2339/4740 train_time:444913ms step_avg:190.22ms
step:2340/4740 train_time:445237ms step_avg:190.27ms
step:2341/4740 train_time:445418ms step_avg:190.27ms
step:2342/4740 train_time:445737ms step_avg:190.32ms
step:2343/4740 train_time:445917ms step_avg:190.32ms
step:2344/4740 train_time:446237ms step_avg:190.37ms
step:2345/4740 train_time:446420ms step_avg:190.37ms
step:2346/4740 train_time:446743ms step_avg:190.43ms
step:2347/4740 train_time:446920ms step_avg:190.42ms
step:2348/4740 train_time:447240ms step_avg:190.48ms
step:2349/4740 train_time:447422ms step_avg:190.47ms
step:2350/4740 train_time:447743ms step_avg:190.53ms
step:2351/4740 train_time:447923ms step_avg:190.52ms
step:2352/4740 train_time:448242ms step_avg:190.58ms
step:2353/4740 train_time:448424ms step_avg:190.58ms
step:2354/4740 train_time:448745ms step_avg:190.63ms
step:2355/4740 train_time:448926ms step_avg:190.63ms
step:2356/4740 train_time:449245ms step_avg:190.68ms
step:2357/4740 train_time:449427ms step_avg:190.68ms
step:2358/4740 train_time:449748ms step_avg:190.73ms
step:2359/4740 train_time:449934ms step_avg:190.73ms
step:2360/4740 train_time:450254ms step_avg:190.79ms
step:2361/4740 train_time:450437ms step_avg:190.78ms
step:2362/4740 train_time:450755ms step_avg:190.84ms
step:2363/4740 train_time:450936ms step_avg:190.83ms
step:2364/4740 train_time:451257ms step_avg:190.89ms
step:2365/4740 train_time:451438ms step_avg:190.88ms
step:2366/4740 train_time:451761ms step_avg:190.94ms
step:2367/4740 train_time:451943ms step_avg:190.94ms
step:2368/4740 train_time:452265ms step_avg:190.99ms
step:2369/4740 train_time:452446ms step_avg:190.99ms
step:2370/4740 train_time:452769ms step_avg:191.04ms
step:2371/4740 train_time:452951ms step_avg:191.04ms
step:2372/4740 train_time:453270ms step_avg:191.09ms
step:2373/4740 train_time:453452ms step_avg:191.09ms
step:2374/4740 train_time:453771ms step_avg:191.14ms
step:2375/4740 train_time:453956ms step_avg:191.14ms
step:2376/4740 train_time:454276ms step_avg:191.19ms
step:2377/4740 train_time:454460ms step_avg:191.19ms
step:2378/4740 train_time:454780ms step_avg:191.24ms
step:2379/4740 train_time:454964ms step_avg:191.24ms
step:2380/4740 train_time:455285ms step_avg:191.30ms
step:2381/4740 train_time:455467ms step_avg:191.29ms
step:2382/4740 train_time:455788ms step_avg:191.35ms
step:2383/4740 train_time:455973ms step_avg:191.34ms
step:2384/4740 train_time:456296ms step_avg:191.40ms
step:2385/4740 train_time:456477ms step_avg:191.40ms
step:2386/4740 train_time:456800ms step_avg:191.45ms
step:2387/4740 train_time:456980ms step_avg:191.45ms
step:2388/4740 train_time:457297ms step_avg:191.50ms
step:2389/4740 train_time:457482ms step_avg:191.50ms
step:2390/4740 train_time:457802ms step_avg:191.55ms
step:2391/4740 train_time:457984ms step_avg:191.54ms
step:2392/4740 train_time:458304ms step_avg:191.60ms
step:2393/4740 train_time:458486ms step_avg:191.59ms
step:2394/4740 train_time:458807ms step_avg:191.65ms
step:2395/4740 train_time:458986ms step_avg:191.64ms
step:2396/4740 train_time:459310ms step_avg:191.70ms
step:2397/4740 train_time:459489ms step_avg:191.69ms
step:2398/4740 train_time:459808ms step_avg:191.75ms
step:2399/4740 train_time:459994ms step_avg:191.74ms
step:2400/4740 train_time:460312ms step_avg:191.80ms
step:2401/4740 train_time:460491ms step_avg:191.79ms
step:2402/4740 train_time:460809ms step_avg:191.84ms
step:2403/4740 train_time:460993ms step_avg:191.84ms
step:2404/4740 train_time:461317ms step_avg:191.90ms
step:2405/4740 train_time:461502ms step_avg:191.89ms
step:2406/4740 train_time:461821ms step_avg:191.95ms
step:2407/4740 train_time:462004ms step_avg:191.94ms
step:2408/4740 train_time:462324ms step_avg:191.99ms
step:2409/4740 train_time:462509ms step_avg:191.99ms
step:2410/4740 train_time:462825ms step_avg:192.04ms
step:2411/4740 train_time:463010ms step_avg:192.04ms
step:2412/4740 train_time:463329ms step_avg:192.09ms
step:2413/4740 train_time:463513ms step_avg:192.09ms
step:2414/4740 train_time:463829ms step_avg:192.14ms
step:2415/4740 train_time:464012ms step_avg:192.14ms
step:2416/4740 train_time:464336ms step_avg:192.19ms
step:2417/4740 train_time:464520ms step_avg:192.19ms
step:2418/4740 train_time:464839ms step_avg:192.24ms
step:2419/4740 train_time:465020ms step_avg:192.24ms
step:2420/4740 train_time:465340ms step_avg:192.29ms
step:2421/4740 train_time:465525ms step_avg:192.29ms
step:2422/4740 train_time:465844ms step_avg:192.34ms
step:2423/4740 train_time:466027ms step_avg:192.33ms
step:2424/4740 train_time:466349ms step_avg:192.39ms
step:2425/4740 train_time:466538ms step_avg:192.39ms
step:2426/4740 train_time:466861ms step_avg:192.44ms
step:2427/4740 train_time:467041ms step_avg:192.44ms
step:2428/4740 train_time:467364ms step_avg:192.49ms
step:2429/4740 train_time:467546ms step_avg:192.49ms
step:2430/4740 train_time:467864ms step_avg:192.54ms
step:2431/4740 train_time:468049ms step_avg:192.53ms
step:2432/4740 train_time:468370ms step_avg:192.59ms
step:2433/4740 train_time:468550ms step_avg:192.58ms
step:2434/4740 train_time:468870ms step_avg:192.63ms
step:2435/4740 train_time:469052ms step_avg:192.63ms
step:2436/4740 train_time:469377ms step_avg:192.68ms
step:2437/4740 train_time:469558ms step_avg:192.68ms
step:2438/4740 train_time:469883ms step_avg:192.73ms
step:2439/4740 train_time:470062ms step_avg:192.73ms
step:2440/4740 train_time:470386ms step_avg:192.78ms
step:2441/4740 train_time:470564ms step_avg:192.78ms
step:2442/4740 train_time:470887ms step_avg:192.83ms
step:2443/4740 train_time:471066ms step_avg:192.82ms
step:2444/4740 train_time:471389ms step_avg:192.88ms
step:2445/4740 train_time:471570ms step_avg:192.87ms
step:2446/4740 train_time:471891ms step_avg:192.92ms
step:2447/4740 train_time:472069ms step_avg:192.92ms
step:2448/4740 train_time:472394ms step_avg:192.97ms
step:2449/4740 train_time:472573ms step_avg:192.97ms
step:2450/4740 train_time:472898ms step_avg:193.02ms
step:2451/4740 train_time:473079ms step_avg:193.01ms
step:2452/4740 train_time:473405ms step_avg:193.07ms
step:2453/4740 train_time:473586ms step_avg:193.06ms
step:2454/4740 train_time:473912ms step_avg:193.12ms
step:2455/4740 train_time:474092ms step_avg:193.11ms
step:2456/4740 train_time:474411ms step_avg:193.16ms
step:2457/4740 train_time:474591ms step_avg:193.16ms
step:2458/4740 train_time:474913ms step_avg:193.21ms
step:2459/4740 train_time:475094ms step_avg:193.21ms
step:2460/4740 train_time:475415ms step_avg:193.26ms
step:2461/4740 train_time:475596ms step_avg:193.25ms
step:2462/4740 train_time:475916ms step_avg:193.30ms
step:2463/4740 train_time:476099ms step_avg:193.30ms
step:2464/4740 train_time:476422ms step_avg:193.35ms
step:2465/4740 train_time:476602ms step_avg:193.35ms
step:2466/4740 train_time:476924ms step_avg:193.40ms
step:2467/4740 train_time:477106ms step_avg:193.40ms
step:2468/4740 train_time:477428ms step_avg:193.45ms
step:2469/4740 train_time:477610ms step_avg:193.44ms
step:2470/4740 train_time:477927ms step_avg:193.49ms
step:2471/4740 train_time:478113ms step_avg:193.49ms
step:2472/4740 train_time:478431ms step_avg:193.54ms
step:2473/4740 train_time:478614ms step_avg:193.54ms
step:2474/4740 train_time:478929ms step_avg:193.58ms
step:2475/4740 train_time:479117ms step_avg:193.58ms
step:2476/4740 train_time:479435ms step_avg:193.63ms
step:2477/4740 train_time:479617ms step_avg:193.63ms
step:2478/4740 train_time:479935ms step_avg:193.68ms
step:2479/4740 train_time:480118ms step_avg:193.67ms
step:2480/4740 train_time:480440ms step_avg:193.73ms
step:2481/4740 train_time:480623ms step_avg:193.72ms
step:2482/4740 train_time:480946ms step_avg:193.77ms
step:2483/4740 train_time:481127ms step_avg:193.77ms
step:2484/4740 train_time:481444ms step_avg:193.82ms
step:2485/4740 train_time:481632ms step_avg:193.82ms
step:2486/4740 train_time:481952ms step_avg:193.87ms
step:2487/4740 train_time:482135ms step_avg:193.86ms
step:2488/4740 train_time:482454ms step_avg:193.91ms
step:2489/4740 train_time:482635ms step_avg:193.91ms
step:2490/4740 train_time:482955ms step_avg:193.96ms
step:2491/4740 train_time:483138ms step_avg:193.95ms
step:2492/4740 train_time:483457ms step_avg:194.00ms
step:2493/4740 train_time:483640ms step_avg:194.00ms
step:2494/4740 train_time:483956ms step_avg:194.05ms
step:2495/4740 train_time:484141ms step_avg:194.04ms
step:2496/4740 train_time:484462ms step_avg:194.10ms
step:2497/4740 train_time:484643ms step_avg:194.09ms
step:2498/4740 train_time:484964ms step_avg:194.14ms
step:2499/4740 train_time:485147ms step_avg:194.14ms
step:2500/4740 train_time:485468ms step_avg:194.19ms
step:2500/4740 val_loss:3.1941 train_time:485595ms step_avg:194.24ms
step:2501/4740 train_time:485652ms step_avg:194.18ms
step:2502/4740 train_time:485979ms step_avg:194.24ms
step:2503/4740 train_time:486162ms step_avg:194.23ms
step:2504/4740 train_time:486481ms step_avg:194.28ms
step:2505/4740 train_time:486663ms step_avg:194.28ms
step:2506/4740 train_time:486987ms step_avg:194.33ms
step:2507/4740 train_time:487173ms step_avg:194.33ms
step:2508/4740 train_time:487494ms step_avg:194.38ms
step:2509/4740 train_time:487674ms step_avg:194.37ms
step:2510/4740 train_time:487995ms step_avg:194.42ms
step:2511/4740 train_time:488176ms step_avg:194.42ms
step:2512/4740 train_time:488495ms step_avg:194.46ms
step:2513/4740 train_time:488674ms step_avg:194.46ms
step:2514/4740 train_time:488994ms step_avg:194.51ms
step:2515/4740 train_time:489179ms step_avg:194.50ms
step:2516/4740 train_time:489498ms step_avg:194.55ms
step:2517/4740 train_time:489681ms step_avg:194.55ms
step:2518/4740 train_time:490003ms step_avg:194.60ms
step:2519/4740 train_time:490182ms step_avg:194.59ms
step:2520/4740 train_time:490503ms step_avg:194.64ms
step:2521/4740 train_time:490684ms step_avg:194.64ms
step:2522/4740 train_time:491004ms step_avg:194.69ms
step:2523/4740 train_time:491190ms step_avg:194.68ms
step:2524/4740 train_time:491509ms step_avg:194.73ms
step:2525/4740 train_time:491691ms step_avg:194.73ms
step:2526/4740 train_time:492012ms step_avg:194.78ms
step:2527/4740 train_time:492193ms step_avg:194.77ms
step:2528/4740 train_time:492514ms step_avg:194.82ms
step:2529/4740 train_time:492694ms step_avg:194.82ms
step:2530/4740 train_time:493016ms step_avg:194.87ms
step:2531/4740 train_time:493203ms step_avg:194.86ms
step:2532/4740 train_time:493524ms step_avg:194.91ms
step:2533/4740 train_time:493705ms step_avg:194.91ms
step:2534/4740 train_time:494025ms step_avg:194.96ms
step:2535/4740 train_time:494209ms step_avg:194.95ms
step:2536/4740 train_time:494532ms step_avg:195.00ms
step:2537/4740 train_time:494716ms step_avg:195.00ms
step:2538/4740 train_time:495035ms step_avg:195.05ms
step:2539/4740 train_time:495217ms step_avg:195.04ms
step:2540/4740 train_time:495539ms step_avg:195.09ms
step:2541/4740 train_time:495722ms step_avg:195.09ms
step:2542/4740 train_time:496043ms step_avg:195.14ms
step:2543/4740 train_time:496224ms step_avg:195.13ms
step:2544/4740 train_time:496541ms step_avg:195.18ms
step:2545/4740 train_time:496723ms step_avg:195.18ms
step:2546/4740 train_time:497045ms step_avg:195.23ms
step:2547/4740 train_time:497229ms step_avg:195.22ms
step:2548/4740 train_time:497551ms step_avg:195.27ms
step:2549/4740 train_time:497731ms step_avg:195.27ms
step:2550/4740 train_time:498054ms step_avg:195.32ms
step:2551/4740 train_time:498234ms step_avg:195.31ms
step:2552/4740 train_time:498555ms step_avg:195.36ms
step:2553/4740 train_time:498737ms step_avg:195.35ms
step:2554/4740 train_time:499058ms step_avg:195.40ms
step:2555/4740 train_time:499242ms step_avg:195.40ms
step:2556/4740 train_time:499560ms step_avg:195.45ms
step:2557/4740 train_time:499739ms step_avg:195.44ms
step:2558/4740 train_time:500063ms step_avg:195.49ms
step:2559/4740 train_time:500247ms step_avg:195.49ms
step:2560/4740 train_time:500568ms step_avg:195.53ms
step:2561/4740 train_time:500750ms step_avg:195.53ms
step:2562/4740 train_time:501071ms step_avg:195.58ms
step:2563/4740 train_time:501255ms step_avg:195.57ms
step:2564/4740 train_time:501576ms step_avg:195.62ms
step:2565/4740 train_time:501761ms step_avg:195.62ms
step:2566/4740 train_time:502083ms step_avg:195.67ms
step:2567/4740 train_time:502265ms step_avg:195.66ms
step:2568/4740 train_time:502585ms step_avg:195.71ms
step:2569/4740 train_time:502762ms step_avg:195.70ms
step:2570/4740 train_time:503084ms step_avg:195.75ms
step:2571/4740 train_time:503266ms step_avg:195.75ms
step:2572/4740 train_time:503591ms step_avg:195.80ms
step:2573/4740 train_time:503771ms step_avg:195.79ms
step:2574/4740 train_time:504092ms step_avg:195.84ms
step:2575/4740 train_time:504275ms step_avg:195.84ms
step:2576/4740 train_time:504597ms step_avg:195.88ms
step:2577/4740 train_time:504780ms step_avg:195.88ms
step:2578/4740 train_time:505099ms step_avg:195.93ms
step:2579/4740 train_time:505285ms step_avg:195.92ms
step:2580/4740 train_time:505605ms step_avg:195.97ms
step:2581/4740 train_time:505784ms step_avg:195.96ms
step:2582/4740 train_time:506105ms step_avg:196.01ms
step:2583/4740 train_time:506284ms step_avg:196.01ms
step:2584/4740 train_time:506603ms step_avg:196.05ms
step:2585/4740 train_time:506788ms step_avg:196.05ms
step:2586/4740 train_time:507109ms step_avg:196.10ms
step:2587/4740 train_time:507291ms step_avg:196.09ms
step:2588/4740 train_time:507613ms step_avg:196.14ms
step:2589/4740 train_time:507793ms step_avg:196.13ms
step:2590/4740 train_time:508117ms step_avg:196.18ms
step:2591/4740 train_time:508297ms step_avg:196.18ms
step:2592/4740 train_time:508619ms step_avg:196.23ms
step:2593/4740 train_time:508801ms step_avg:196.22ms
step:2594/4740 train_time:509122ms step_avg:196.27ms
step:2595/4740 train_time:509306ms step_avg:196.26ms
step:2596/4740 train_time:509623ms step_avg:196.31ms
step:2597/4740 train_time:509807ms step_avg:196.31ms
step:2598/4740 train_time:510125ms step_avg:196.35ms
step:2599/4740 train_time:510310ms step_avg:196.35ms
step:2600/4740 train_time:510628ms step_avg:196.40ms
step:2601/4740 train_time:510808ms step_avg:196.39ms
step:2602/4740 train_time:511127ms step_avg:196.44ms
step:2603/4740 train_time:511310ms step_avg:196.43ms
step:2604/4740 train_time:511629ms step_avg:196.48ms
step:2605/4740 train_time:511813ms step_avg:196.47ms
step:2606/4740 train_time:512133ms step_avg:196.52ms
step:2607/4740 train_time:512317ms step_avg:196.52ms
step:2608/4740 train_time:512638ms step_avg:196.56ms
step:2609/4740 train_time:512821ms step_avg:196.56ms
step:2610/4740 train_time:513142ms step_avg:196.61ms
step:2611/4740 train_time:513326ms step_avg:196.60ms
step:2612/4740 train_time:513645ms step_avg:196.65ms
step:2613/4740 train_time:513825ms step_avg:196.64ms
step:2614/4740 train_time:514145ms step_avg:196.69ms
step:2615/4740 train_time:514326ms step_avg:196.68ms
step:2616/4740 train_time:514647ms step_avg:196.73ms
step:2617/4740 train_time:514829ms step_avg:196.72ms
step:2618/4740 train_time:515149ms step_avg:196.77ms
step:2619/4740 train_time:515331ms step_avg:196.77ms
step:2620/4740 train_time:515650ms step_avg:196.81ms
step:2621/4740 train_time:515830ms step_avg:196.81ms
step:2622/4740 train_time:516148ms step_avg:196.85ms
step:2623/4740 train_time:516329ms step_avg:196.85ms
step:2624/4740 train_time:516649ms step_avg:196.89ms
step:2625/4740 train_time:516832ms step_avg:196.89ms
step:2626/4740 train_time:517149ms step_avg:196.93ms
step:2627/4740 train_time:517333ms step_avg:196.93ms
step:2628/4740 train_time:517654ms step_avg:196.98ms
step:2629/4740 train_time:517836ms step_avg:196.97ms
step:2630/4740 train_time:518159ms step_avg:197.02ms
step:2631/4740 train_time:518341ms step_avg:197.01ms
step:2632/4740 train_time:518659ms step_avg:197.06ms
step:2633/4740 train_time:518839ms step_avg:197.05ms
step:2634/4740 train_time:519158ms step_avg:197.10ms
step:2635/4740 train_time:519345ms step_avg:197.09ms
step:2636/4740 train_time:519663ms step_avg:197.14ms
step:2637/4740 train_time:519842ms step_avg:197.13ms
step:2638/4740 train_time:520163ms step_avg:197.18ms
step:2639/4740 train_time:520346ms step_avg:197.18ms
step:2640/4740 train_time:520663ms step_avg:197.22ms
step:2641/4740 train_time:520845ms step_avg:197.22ms
step:2642/4740 train_time:521167ms step_avg:197.26ms
step:2643/4740 train_time:521348ms step_avg:197.26ms
step:2644/4740 train_time:521670ms step_avg:197.30ms
step:2645/4740 train_time:521849ms step_avg:197.30ms
step:2646/4740 train_time:522172ms step_avg:197.34ms
step:2647/4740 train_time:522357ms step_avg:197.34ms
step:2648/4740 train_time:522678ms step_avg:197.39ms
step:2649/4740 train_time:522861ms step_avg:197.38ms
step:2650/4740 train_time:523183ms step_avg:197.43ms
step:2651/4740 train_time:523367ms step_avg:197.42ms
step:2652/4740 train_time:523686ms step_avg:197.47ms
step:2653/4740 train_time:523865ms step_avg:197.46ms
step:2654/4740 train_time:524184ms step_avg:197.51ms
step:2655/4740 train_time:524370ms step_avg:197.50ms
step:2656/4740 train_time:524691ms step_avg:197.55ms
step:2657/4740 train_time:524873ms step_avg:197.54ms
step:2658/4740 train_time:525194ms step_avg:197.59ms
step:2659/4740 train_time:525376ms step_avg:197.58ms
step:2660/4740 train_time:525695ms step_avg:197.63ms
step:2661/4740 train_time:525877ms step_avg:197.62ms
step:2662/4740 train_time:526199ms step_avg:197.67ms
step:2663/4740 train_time:526381ms step_avg:197.66ms
step:2664/4740 train_time:526703ms step_avg:197.71ms
step:2665/4740 train_time:526887ms step_avg:197.71ms
step:2666/4740 train_time:527210ms step_avg:197.75ms
step:2667/4740 train_time:527390ms step_avg:197.75ms
step:2668/4740 train_time:527710ms step_avg:197.79ms
step:2669/4740 train_time:527891ms step_avg:197.79ms
step:2670/4740 train_time:528211ms step_avg:197.83ms
step:2671/4740 train_time:528394ms step_avg:197.83ms
step:2672/4740 train_time:528714ms step_avg:197.87ms
step:2673/4740 train_time:528897ms step_avg:197.87ms
step:2674/4740 train_time:529220ms step_avg:197.91ms
step:2675/4740 train_time:529403ms step_avg:197.91ms
step:2676/4740 train_time:529723ms step_avg:197.95ms
step:2677/4740 train_time:529906ms step_avg:197.95ms
step:2678/4740 train_time:530225ms step_avg:197.99ms
step:2679/4740 train_time:530412ms step_avg:197.99ms
step:2680/4740 train_time:530732ms step_avg:198.03ms
step:2681/4740 train_time:530914ms step_avg:198.03ms
step:2682/4740 train_time:531233ms step_avg:198.07ms
step:2683/4740 train_time:531415ms step_avg:198.07ms
step:2684/4740 train_time:531739ms step_avg:198.11ms
step:2685/4740 train_time:531921ms step_avg:198.11ms
step:2686/4740 train_time:532242ms step_avg:198.15ms
step:2687/4740 train_time:532423ms step_avg:198.15ms
step:2688/4740 train_time:532746ms step_avg:198.19ms
step:2689/4740 train_time:532930ms step_avg:198.19ms
step:2690/4740 train_time:533251ms step_avg:198.23ms
step:2691/4740 train_time:533430ms step_avg:198.23ms
step:2692/4740 train_time:533753ms step_avg:198.27ms
step:2693/4740 train_time:533931ms step_avg:198.27ms
step:2694/4740 train_time:534256ms step_avg:198.31ms
step:2695/4740 train_time:534435ms step_avg:198.31ms
step:2696/4740 train_time:534755ms step_avg:198.35ms
step:2697/4740 train_time:534936ms step_avg:198.34ms
step:2698/4740 train_time:535259ms step_avg:198.39ms
step:2699/4740 train_time:535437ms step_avg:198.38ms
step:2700/4740 train_time:535755ms step_avg:198.43ms
step:2701/4740 train_time:535939ms step_avg:198.42ms
step:2702/4740 train_time:536261ms step_avg:198.47ms
step:2703/4740 train_time:536442ms step_avg:198.46ms
step:2704/4740 train_time:536760ms step_avg:198.51ms
step:2705/4740 train_time:536945ms step_avg:198.50ms
step:2706/4740 train_time:537268ms step_avg:198.55ms
step:2707/4740 train_time:537448ms step_avg:198.54ms
step:2708/4740 train_time:537768ms step_avg:198.58ms
step:2709/4740 train_time:537949ms step_avg:198.58ms
step:2710/4740 train_time:538270ms step_avg:198.62ms
step:2711/4740 train_time:538452ms step_avg:198.62ms
step:2712/4740 train_time:538770ms step_avg:198.66ms
step:2713/4740 train_time:538950ms step_avg:198.65ms
step:2714/4740 train_time:539273ms step_avg:198.70ms
step:2715/4740 train_time:539457ms step_avg:198.70ms
step:2716/4740 train_time:539779ms step_avg:198.74ms
step:2717/4740 train_time:539958ms step_avg:198.73ms
step:2718/4740 train_time:540283ms step_avg:198.78ms
step:2719/4740 train_time:540462ms step_avg:198.77ms
step:2720/4740 train_time:540783ms step_avg:198.82ms
step:2721/4740 train_time:540964ms step_avg:198.81ms
step:2722/4740 train_time:541285ms step_avg:198.86ms
step:2723/4740 train_time:541466ms step_avg:198.85ms
step:2724/4740 train_time:541785ms step_avg:198.89ms
step:2725/4740 train_time:541963ms step_avg:198.89ms
step:2726/4740 train_time:542288ms step_avg:198.93ms
step:2727/4740 train_time:542469ms step_avg:198.93ms
step:2728/4740 train_time:542792ms step_avg:198.97ms
step:2729/4740 train_time:542975ms step_avg:198.96ms
step:2730/4740 train_time:543294ms step_avg:199.01ms
step:2731/4740 train_time:543476ms step_avg:199.00ms
step:2732/4740 train_time:543799ms step_avg:199.05ms
step:2733/4740 train_time:543978ms step_avg:199.04ms
step:2734/4740 train_time:544300ms step_avg:199.09ms
step:2735/4740 train_time:544480ms step_avg:199.08ms
step:2736/4740 train_time:544800ms step_avg:199.12ms
step:2737/4740 train_time:544981ms step_avg:199.12ms
step:2738/4740 train_time:545302ms step_avg:199.16ms
step:2739/4740 train_time:545482ms step_avg:199.15ms
step:2740/4740 train_time:545802ms step_avg:199.20ms
step:2741/4740 train_time:545983ms step_avg:199.19ms
step:2742/4740 train_time:546304ms step_avg:199.24ms
step:2743/4740 train_time:546487ms step_avg:199.23ms
step:2744/4740 train_time:546804ms step_avg:199.27ms
step:2745/4740 train_time:546988ms step_avg:199.27ms
step:2746/4740 train_time:547312ms step_avg:199.31ms
step:2747/4740 train_time:547495ms step_avg:199.31ms
step:2748/4740 train_time:547816ms step_avg:199.35ms
step:2749/4740 train_time:548000ms step_avg:199.35ms
step:2750/4740 train_time:548321ms step_avg:199.39ms
step:2750/4740 val_loss:3.1595 train_time:548449ms step_avg:199.44ms
step:2751/4740 train_time:548505ms step_avg:199.38ms
step:2752/4740 train_time:548833ms step_avg:199.43ms
step:2753/4740 train_time:549014ms step_avg:199.42ms
step:2754/4740 train_time:549332ms step_avg:199.47ms
step:2755/4740 train_time:549515ms step_avg:199.46ms
step:2756/4740 train_time:549845ms step_avg:199.51ms
step:2757/4740 train_time:550032ms step_avg:199.50ms
step:2758/4740 train_time:550350ms step_avg:199.55ms
step:2759/4740 train_time:550534ms step_avg:199.54ms
step:2760/4740 train_time:550859ms step_avg:199.59ms
step:2761/4740 train_time:551040ms step_avg:199.58ms
step:2762/4740 train_time:551362ms step_avg:199.62ms
step:2763/4740 train_time:551545ms step_avg:199.62ms
step:2764/4740 train_time:551875ms step_avg:199.67ms
step:2765/4740 train_time:552056ms step_avg:199.66ms
step:2766/4740 train_time:552376ms step_avg:199.70ms
step:2767/4740 train_time:552561ms step_avg:199.70ms
step:2768/4740 train_time:552884ms step_avg:199.74ms
step:2769/4740 train_time:553063ms step_avg:199.73ms
step:2770/4740 train_time:553387ms step_avg:199.78ms
step:2771/4740 train_time:553568ms step_avg:199.77ms
step:2772/4740 train_time:553891ms step_avg:199.82ms
step:2773/4740 train_time:554077ms step_avg:199.81ms
step:2774/4740 train_time:554399ms step_avg:199.86ms
step:2775/4740 train_time:554580ms step_avg:199.85ms
step:2776/4740 train_time:554904ms step_avg:199.89ms
step:2777/4740 train_time:555086ms step_avg:199.89ms
step:2778/4740 train_time:555407ms step_avg:199.93ms
step:2779/4740 train_time:555589ms step_avg:199.92ms
step:2780/4740 train_time:555911ms step_avg:199.97ms
step:2781/4740 train_time:556093ms step_avg:199.96ms
step:2782/4740 train_time:556413ms step_avg:200.00ms
step:2783/4740 train_time:556596ms step_avg:200.00ms
step:2784/4740 train_time:556917ms step_avg:200.04ms
step:2785/4740 train_time:557104ms step_avg:200.04ms
step:2786/4740 train_time:557422ms step_avg:200.08ms
step:2787/4740 train_time:557608ms step_avg:200.07ms
step:2788/4740 train_time:557926ms step_avg:200.12ms
step:2789/4740 train_time:558110ms step_avg:200.11ms
step:2790/4740 train_time:558432ms step_avg:200.15ms
step:2791/4740 train_time:558618ms step_avg:200.15ms
step:2792/4740 train_time:558943ms step_avg:200.19ms
step:2793/4740 train_time:559125ms step_avg:200.19ms
step:2794/4740 train_time:559446ms step_avg:200.23ms
step:2795/4740 train_time:559629ms step_avg:200.23ms
step:2796/4740 train_time:559953ms step_avg:200.27ms
step:2797/4740 train_time:560134ms step_avg:200.26ms
step:2798/4740 train_time:560457ms step_avg:200.31ms
step:2799/4740 train_time:560643ms step_avg:200.30ms
step:2800/4740 train_time:560967ms step_avg:200.35ms
step:2801/4740 train_time:561149ms step_avg:200.34ms
step:2802/4740 train_time:561473ms step_avg:200.38ms
step:2803/4740 train_time:561655ms step_avg:200.38ms
step:2804/4740 train_time:561977ms step_avg:200.42ms
step:2805/4740 train_time:562157ms step_avg:200.41ms
step:2806/4740 train_time:562479ms step_avg:200.46ms
step:2807/4740 train_time:562661ms step_avg:200.45ms
step:2808/4740 train_time:562984ms step_avg:200.49ms
step:2809/4740 train_time:563165ms step_avg:200.49ms
step:2810/4740 train_time:563490ms step_avg:200.53ms
step:2811/4740 train_time:563670ms step_avg:200.52ms
step:2812/4740 train_time:563989ms step_avg:200.57ms
step:2813/4740 train_time:564172ms step_avg:200.56ms
step:2814/4740 train_time:564495ms step_avg:200.60ms
step:2815/4740 train_time:564677ms step_avg:200.60ms
step:2816/4740 train_time:565000ms step_avg:200.64ms
step:2817/4740 train_time:565179ms step_avg:200.63ms
step:2818/4740 train_time:565499ms step_avg:200.67ms
step:2819/4740 train_time:565682ms step_avg:200.67ms
step:2820/4740 train_time:566004ms step_avg:200.71ms
step:2821/4740 train_time:566186ms step_avg:200.70ms
step:2822/4740 train_time:566507ms step_avg:200.75ms
step:2823/4740 train_time:566691ms step_avg:200.74ms
step:2824/4740 train_time:567013ms step_avg:200.78ms
step:2825/4740 train_time:567192ms step_avg:200.78ms
step:2826/4740 train_time:567513ms step_avg:200.82ms
step:2827/4740 train_time:567698ms step_avg:200.81ms
step:2828/4740 train_time:568021ms step_avg:200.86ms
step:2829/4740 train_time:568205ms step_avg:200.85ms
step:2830/4740 train_time:568526ms step_avg:200.89ms
step:2831/4740 train_time:568709ms step_avg:200.89ms
step:2832/4740 train_time:569028ms step_avg:200.93ms
step:2833/4740 train_time:569212ms step_avg:200.92ms
step:2834/4740 train_time:569534ms step_avg:200.96ms
step:2835/4740 train_time:569718ms step_avg:200.96ms
step:2836/4740 train_time:570040ms step_avg:201.00ms
step:2837/4740 train_time:570222ms step_avg:200.99ms
step:2838/4740 train_time:570543ms step_avg:201.04ms
step:2839/4740 train_time:570725ms step_avg:201.03ms
step:2840/4740 train_time:571047ms step_avg:201.07ms
step:2841/4740 train_time:571228ms step_avg:201.07ms
step:2842/4740 train_time:571551ms step_avg:201.11ms
step:2843/4740 train_time:571736ms step_avg:201.10ms
step:2844/4740 train_time:572058ms step_avg:201.15ms
step:2845/4740 train_time:572239ms step_avg:201.14ms
step:2846/4740 train_time:572560ms step_avg:201.18ms
step:2847/4740 train_time:572742ms step_avg:201.17ms
step:2848/4740 train_time:573062ms step_avg:201.22ms
step:2849/4740 train_time:573245ms step_avg:201.21ms
step:2850/4740 train_time:573569ms step_avg:201.25ms
step:2851/4740 train_time:573754ms step_avg:201.25ms
step:2852/4740 train_time:574075ms step_avg:201.29ms
step:2853/4740 train_time:574256ms step_avg:201.28ms
step:2854/4740 train_time:574576ms step_avg:201.32ms
step:2855/4740 train_time:574760ms step_avg:201.32ms
step:2856/4740 train_time:575079ms step_avg:201.36ms
step:2857/4740 train_time:575261ms step_avg:201.35ms
step:2858/4740 train_time:575586ms step_avg:201.39ms
step:2859/4740 train_time:575767ms step_avg:201.39ms
step:2860/4740 train_time:576087ms step_avg:201.43ms
step:2861/4740 train_time:576270ms step_avg:201.42ms
step:2862/4740 train_time:576592ms step_avg:201.46ms
step:2863/4740 train_time:576774ms step_avg:201.46ms
step:2864/4740 train_time:577094ms step_avg:201.50ms
step:2865/4740 train_time:577276ms step_avg:201.49ms
step:2866/4740 train_time:577599ms step_avg:201.53ms
step:2867/4740 train_time:577782ms step_avg:201.53ms
step:2868/4740 train_time:578101ms step_avg:201.57ms
step:2869/4740 train_time:578282ms step_avg:201.56ms
step:2870/4740 train_time:578604ms step_avg:201.60ms
step:2871/4740 train_time:578788ms step_avg:201.60ms
step:2872/4740 train_time:579114ms step_avg:201.64ms
step:2873/4740 train_time:579294ms step_avg:201.63ms
step:2874/4740 train_time:579614ms step_avg:201.67ms
step:2875/4740 train_time:579794ms step_avg:201.67ms
step:2876/4740 train_time:580114ms step_avg:201.71ms
step:2877/4740 train_time:580297ms step_avg:201.70ms
step:2878/4740 train_time:580617ms step_avg:201.74ms
step:2879/4740 train_time:580802ms step_avg:201.74ms
step:2880/4740 train_time:581123ms step_avg:201.78ms
step:2881/4740 train_time:581304ms step_avg:201.77ms
step:2882/4740 train_time:581632ms step_avg:201.82ms
step:2883/4740 train_time:581812ms step_avg:201.81ms
step:2884/4740 train_time:582134ms step_avg:201.85ms
step:2885/4740 train_time:582318ms step_avg:201.84ms
step:2886/4740 train_time:582642ms step_avg:201.89ms
step:2887/4740 train_time:582820ms step_avg:201.88ms
step:2888/4740 train_time:583146ms step_avg:201.92ms
step:2889/4740 train_time:583328ms step_avg:201.91ms
step:2890/4740 train_time:583647ms step_avg:201.95ms
step:2891/4740 train_time:583832ms step_avg:201.95ms
step:2892/4740 train_time:584156ms step_avg:201.99ms
step:2893/4740 train_time:584339ms step_avg:201.98ms
step:2894/4740 train_time:584655ms step_avg:202.02ms
step:2895/4740 train_time:584842ms step_avg:202.02ms
step:2896/4740 train_time:585160ms step_avg:202.06ms
step:2897/4740 train_time:585341ms step_avg:202.05ms
step:2898/4740 train_time:585662ms step_avg:202.09ms
step:2899/4740 train_time:585847ms step_avg:202.09ms
step:2900/4740 train_time:586163ms step_avg:202.13ms
step:2901/4740 train_time:586345ms step_avg:202.12ms
step:2902/4740 train_time:586666ms step_avg:202.16ms
step:2903/4740 train_time:586849ms step_avg:202.15ms
step:2904/4740 train_time:587168ms step_avg:202.19ms
step:2905/4740 train_time:587350ms step_avg:202.19ms
step:2906/4740 train_time:587671ms step_avg:202.23ms
step:2907/4740 train_time:587855ms step_avg:202.22ms
step:2908/4740 train_time:588180ms step_avg:202.26ms
step:2909/4740 train_time:588360ms step_avg:202.26ms
step:2910/4740 train_time:588685ms step_avg:202.30ms
step:2911/4740 train_time:588868ms step_avg:202.29ms
step:2912/4740 train_time:589188ms step_avg:202.33ms
step:2913/4740 train_time:589368ms step_avg:202.32ms
step:2914/4740 train_time:589694ms step_avg:202.37ms
step:2915/4740 train_time:589877ms step_avg:202.36ms
step:2916/4740 train_time:590199ms step_avg:202.40ms
step:2917/4740 train_time:590380ms step_avg:202.39ms
step:2918/4740 train_time:590703ms step_avg:202.43ms
step:2919/4740 train_time:590887ms step_avg:202.43ms
step:2920/4740 train_time:591208ms step_avg:202.47ms
step:2921/4740 train_time:591389ms step_avg:202.46ms
step:2922/4740 train_time:591711ms step_avg:202.50ms
step:2923/4740 train_time:591894ms step_avg:202.50ms
step:2924/4740 train_time:592217ms step_avg:202.54ms
step:2925/4740 train_time:592398ms step_avg:202.53ms
step:2926/4740 train_time:592720ms step_avg:202.57ms
step:2927/4740 train_time:592902ms step_avg:202.56ms
step:2928/4740 train_time:593224ms step_avg:202.60ms
step:2929/4740 train_time:593406ms step_avg:202.60ms
step:2930/4740 train_time:593725ms step_avg:202.64ms
step:2931/4740 train_time:593907ms step_avg:202.63ms
step:2932/4740 train_time:594227ms step_avg:202.67ms
step:2933/4740 train_time:594411ms step_avg:202.66ms
step:2934/4740 train_time:594730ms step_avg:202.70ms
step:2935/4740 train_time:594915ms step_avg:202.70ms
step:2936/4740 train_time:595239ms step_avg:202.74ms
step:2937/4740 train_time:595419ms step_avg:202.73ms
step:2938/4740 train_time:595739ms step_avg:202.77ms
step:2939/4740 train_time:595923ms step_avg:202.76ms
step:2940/4740 train_time:596243ms step_avg:202.80ms
step:2941/4740 train_time:596422ms step_avg:202.80ms
step:2942/4740 train_time:596748ms step_avg:202.84ms
step:2943/4740 train_time:596932ms step_avg:202.83ms
step:2944/4740 train_time:597254ms step_avg:202.87ms
step:2945/4740 train_time:597433ms step_avg:202.86ms
step:2946/4740 train_time:597755ms step_avg:202.90ms
step:2947/4740 train_time:597934ms step_avg:202.90ms
step:2948/4740 train_time:598257ms step_avg:202.94ms
step:2949/4740 train_time:598443ms step_avg:202.93ms
step:2950/4740 train_time:598763ms step_avg:202.97ms
step:2951/4740 train_time:598944ms step_avg:202.96ms
step:2952/4740 train_time:599268ms step_avg:203.00ms
step:2953/4740 train_time:599450ms step_avg:203.00ms
step:2954/4740 train_time:599773ms step_avg:203.04ms
step:2955/4740 train_time:599951ms step_avg:203.03ms
step:2956/4740 train_time:600275ms step_avg:203.07ms
step:2957/4740 train_time:600456ms step_avg:203.06ms
step:2958/4740 train_time:600777ms step_avg:203.10ms
step:2959/4740 train_time:600962ms step_avg:203.10ms
step:2960/4740 train_time:601285ms step_avg:203.14ms
step:2961/4740 train_time:601463ms step_avg:203.13ms
step:2962/4740 train_time:601788ms step_avg:203.17ms
step:2963/4740 train_time:601970ms step_avg:203.16ms
step:2964/4740 train_time:602290ms step_avg:203.20ms
step:2965/4740 train_time:602471ms step_avg:203.19ms
step:2966/4740 train_time:602793ms step_avg:203.23ms
step:2967/4740 train_time:602976ms step_avg:203.23ms
step:2968/4740 train_time:603300ms step_avg:203.27ms
step:2969/4740 train_time:603481ms step_avg:203.26ms
step:2970/4740 train_time:603803ms step_avg:203.30ms
step:2971/4740 train_time:603986ms step_avg:203.29ms
step:2972/4740 train_time:604305ms step_avg:203.33ms
step:2973/4740 train_time:604486ms step_avg:203.33ms
step:2974/4740 train_time:604806ms step_avg:203.36ms
step:2975/4740 train_time:604989ms step_avg:203.36ms
step:2976/4740 train_time:605312ms step_avg:203.40ms
step:2977/4740 train_time:605495ms step_avg:203.39ms
step:2978/4740 train_time:605815ms step_avg:203.43ms
step:2979/4740 train_time:605999ms step_avg:203.42ms
step:2980/4740 train_time:606322ms step_avg:203.46ms
step:2981/4740 train_time:606500ms step_avg:203.46ms
step:2982/4740 train_time:606822ms step_avg:203.49ms
step:2983/4740 train_time:607004ms step_avg:203.49ms
step:2984/4740 train_time:607326ms step_avg:203.53ms
step:2985/4740 train_time:607512ms step_avg:203.52ms
step:2986/4740 train_time:607836ms step_avg:203.56ms
step:2987/4740 train_time:608018ms step_avg:203.55ms
step:2988/4740 train_time:608337ms step_avg:203.59ms
step:2989/4740 train_time:608521ms step_avg:203.59ms
step:2990/4740 train_time:608841ms step_avg:203.63ms
step:2991/4740 train_time:609025ms step_avg:203.62ms
step:2992/4740 train_time:609343ms step_avg:203.66ms
step:2993/4740 train_time:609524ms step_avg:203.65ms
step:2994/4740 train_time:609846ms step_avg:203.69ms
step:2995/4740 train_time:610031ms step_avg:203.68ms
step:2996/4740 train_time:610352ms step_avg:203.72ms
step:2997/4740 train_time:610532ms step_avg:203.71ms
step:2998/4740 train_time:610853ms step_avg:203.75ms
step:2999/4740 train_time:611036ms step_avg:203.75ms
step:3000/4740 train_time:611358ms step_avg:203.79ms
step:3000/4740 val_loss:3.1289 train_time:611485ms step_avg:203.83ms
step:3001/4740 train_time:611541ms step_avg:203.78ms
step:3002/4740 train_time:611870ms step_avg:203.82ms
step:3003/4740 train_time:612051ms step_avg:203.81ms
step:3004/4740 train_time:612370ms step_avg:203.85ms
step:3005/4740 train_time:612553ms step_avg:203.84ms
step:3006/4740 train_time:612878ms step_avg:203.88ms
step:3007/4740 train_time:613058ms step_avg:203.88ms
step:3008/4740 train_time:613377ms step_avg:203.92ms
step:3009/4740 train_time:613559ms step_avg:203.91ms
step:3010/4740 train_time:613883ms step_avg:203.95ms
step:3011/4740 train_time:614066ms step_avg:203.94ms
step:3012/4740 train_time:614389ms step_avg:203.98ms
step:3013/4740 train_time:614572ms step_avg:203.97ms
step:3014/4740 train_time:614897ms step_avg:204.01ms
step:3015/4740 train_time:615078ms step_avg:204.01ms
step:3016/4740 train_time:615396ms step_avg:204.04ms
step:3017/4740 train_time:615580ms step_avg:204.04ms
step:3018/4740 train_time:615902ms step_avg:204.08ms
step:3019/4740 train_time:616081ms step_avg:204.07ms
step:3020/4740 train_time:616401ms step_avg:204.11ms
step:3021/4740 train_time:616583ms step_avg:204.10ms
step:3022/4740 train_time:616908ms step_avg:204.14ms
step:3023/4740 train_time:617091ms step_avg:204.13ms
step:3024/4740 train_time:617415ms step_avg:204.17ms
step:3025/4740 train_time:617596ms step_avg:204.16ms
step:3026/4740 train_time:617914ms step_avg:204.20ms
step:3027/4740 train_time:618099ms step_avg:204.20ms
step:3028/4740 train_time:618417ms step_avg:204.23ms
step:3029/4740 train_time:618602ms step_avg:204.23ms
step:3030/4740 train_time:618927ms step_avg:204.27ms
step:3031/4740 train_time:619109ms step_avg:204.26ms
step:3032/4740 train_time:619432ms step_avg:204.30ms
step:3033/4740 train_time:619611ms step_avg:204.29ms
step:3034/4740 train_time:619931ms step_avg:204.33ms
step:3035/4740 train_time:620117ms step_avg:204.32ms
step:3036/4740 train_time:620440ms step_avg:204.36ms
step:3037/4740 train_time:620620ms step_avg:204.35ms
step:3038/4740 train_time:620941ms step_avg:204.39ms
step:3039/4740 train_time:621123ms step_avg:204.38ms
step:3040/4740 train_time:621441ms step_avg:204.42ms
step:3041/4740 train_time:621625ms step_avg:204.41ms
step:3042/4740 train_time:621947ms step_avg:204.45ms
step:3043/4740 train_time:622128ms step_avg:204.45ms
step:3044/4740 train_time:622447ms step_avg:204.48ms
step:3045/4740 train_time:622632ms step_avg:204.48ms
step:3046/4740 train_time:622952ms step_avg:204.51ms
step:3047/4740 train_time:623134ms step_avg:204.51ms
step:3048/4740 train_time:623453ms step_avg:204.55ms
step:3049/4740 train_time:623636ms step_avg:204.54ms
step:3050/4740 train_time:623960ms step_avg:204.58ms
step:3051/4740 train_time:624142ms step_avg:204.57ms
step:3052/4740 train_time:624461ms step_avg:204.61ms
step:3053/4740 train_time:624645ms step_avg:204.60ms
step:3054/4740 train_time:624964ms step_avg:204.64ms
step:3055/4740 train_time:625147ms step_avg:204.63ms
step:3056/4740 train_time:625470ms step_avg:204.67ms
step:3057/4740 train_time:625651ms step_avg:204.66ms
step:3058/4740 train_time:625972ms step_avg:204.70ms
step:3059/4740 train_time:626153ms step_avg:204.69ms
step:3060/4740 train_time:626474ms step_avg:204.73ms
step:3061/4740 train_time:626657ms step_avg:204.72ms
step:3062/4740 train_time:626979ms step_avg:204.76ms
step:3063/4740 train_time:627158ms step_avg:204.75ms
step:3064/4740 train_time:627480ms step_avg:204.79ms
step:3065/4740 train_time:627660ms step_avg:204.78ms
step:3066/4740 train_time:627981ms step_avg:204.82ms
step:3067/4740 train_time:628163ms step_avg:204.81ms
step:3068/4740 train_time:628484ms step_avg:204.85ms
step:3069/4740 train_time:628667ms step_avg:204.84ms
step:3070/4740 train_time:628986ms step_avg:204.88ms
step:3071/4740 train_time:629174ms step_avg:204.88ms
step:3072/4740 train_time:629489ms step_avg:204.91ms
step:3073/4740 train_time:629673ms step_avg:204.90ms
step:3074/4740 train_time:629989ms step_avg:204.94ms
step:3075/4740 train_time:630175ms step_avg:204.93ms
step:3076/4740 train_time:630492ms step_avg:204.97ms
step:3077/4740 train_time:630675ms step_avg:204.96ms
step:3078/4740 train_time:631000ms step_avg:205.00ms
step:3079/4740 train_time:631183ms step_avg:205.00ms
step:3080/4740 train_time:631503ms step_avg:205.03ms
step:3081/4740 train_time:631684ms step_avg:205.03ms
step:3082/4740 train_time:632004ms step_avg:205.06ms
step:3083/4740 train_time:632186ms step_avg:205.06ms
step:3084/4740 train_time:632511ms step_avg:205.09ms
step:3085/4740 train_time:632690ms step_avg:205.09ms
step:3086/4740 train_time:633012ms step_avg:205.12ms
step:3087/4740 train_time:633194ms step_avg:205.12ms
step:3088/4740 train_time:633518ms step_avg:205.15ms
step:3089/4740 train_time:633700ms step_avg:205.15ms
step:3090/4740 train_time:634022ms step_avg:205.19ms
step:3091/4740 train_time:634206ms step_avg:205.18ms
step:3092/4740 train_time:634530ms step_avg:205.22ms
step:3093/4740 train_time:634714ms step_avg:205.21ms
step:3094/4740 train_time:635034ms step_avg:205.25ms
step:3095/4740 train_time:635212ms step_avg:205.24ms
step:3096/4740 train_time:635534ms step_avg:205.28ms
step:3097/4740 train_time:635716ms step_avg:205.27ms
step:3098/4740 train_time:636041ms step_avg:205.31ms
step:3099/4740 train_time:636220ms step_avg:205.30ms
step:3100/4740 train_time:636541ms step_avg:205.34ms
step:3101/4740 train_time:636722ms step_avg:205.33ms
step:3102/4740 train_time:637044ms step_avg:205.37ms
step:3103/4740 train_time:637224ms step_avg:205.36ms
step:3104/4740 train_time:637548ms step_avg:205.40ms
step:3105/4740 train_time:637727ms step_avg:205.39ms
step:3106/4740 train_time:638049ms step_avg:205.42ms
step:3107/4740 train_time:638233ms step_avg:205.42ms
step:3108/4740 train_time:638556ms step_avg:205.46ms
step:3109/4740 train_time:638736ms step_avg:205.45ms
step:3110/4740 train_time:639058ms step_avg:205.48ms
step:3111/4740 train_time:639241ms step_avg:205.48ms
step:3112/4740 train_time:639563ms step_avg:205.52ms
step:3113/4740 train_time:639743ms step_avg:205.51ms
step:3114/4740 train_time:640064ms step_avg:205.54ms
step:3115/4740 train_time:640249ms step_avg:205.54ms
step:3116/4740 train_time:640571ms step_avg:205.57ms
step:3117/4740 train_time:640752ms step_avg:205.57ms
step:3118/4740 train_time:641077ms step_avg:205.61ms
step:3119/4740 train_time:641254ms step_avg:205.60ms
step:3120/4740 train_time:641577ms step_avg:205.63ms
step:3121/4740 train_time:641755ms step_avg:205.62ms
step:3122/4740 train_time:642080ms step_avg:205.66ms
step:3123/4740 train_time:642257ms step_avg:205.65ms
step:3124/4740 train_time:642579ms step_avg:205.69ms
step:3125/4740 train_time:642763ms step_avg:205.68ms
step:3126/4740 train_time:643084ms step_avg:205.72ms
step:3127/4740 train_time:643267ms step_avg:205.71ms
step:3128/4740 train_time:643592ms step_avg:205.75ms
step:3129/4740 train_time:643777ms step_avg:205.75ms
step:3130/4740 train_time:644100ms step_avg:205.78ms
step:3131/4740 train_time:644281ms step_avg:205.77ms
step:3132/4740 train_time:644606ms step_avg:205.81ms
step:3133/4740 train_time:644788ms step_avg:205.81ms
step:3134/4740 train_time:645113ms step_avg:205.84ms
step:3135/4740 train_time:645296ms step_avg:205.84ms
step:3136/4740 train_time:645617ms step_avg:205.87ms
step:3137/4740 train_time:645799ms step_avg:205.87ms
step:3138/4740 train_time:646120ms step_avg:205.90ms
step:3139/4740 train_time:646304ms step_avg:205.89ms
step:3140/4740 train_time:646625ms step_avg:205.93ms
step:3141/4740 train_time:646808ms step_avg:205.92ms
step:3142/4740 train_time:647133ms step_avg:205.96ms
step:3143/4740 train_time:647315ms step_avg:205.95ms
step:3144/4740 train_time:647635ms step_avg:205.99ms
step:3145/4740 train_time:647822ms step_avg:205.98ms
step:3146/4740 train_time:648148ms step_avg:206.02ms
step:3147/4740 train_time:648325ms step_avg:206.01ms
step:3148/4740 train_time:648647ms step_avg:206.05ms
step:3149/4740 train_time:648827ms step_avg:206.04ms
step:3150/4740 train_time:649150ms step_avg:206.08ms
step:3151/4740 train_time:649331ms step_avg:206.07ms
step:3152/4740 train_time:649653ms step_avg:206.11ms
step:3153/4740 train_time:649834ms step_avg:206.10ms
step:3154/4740 train_time:650157ms step_avg:206.14ms
step:3155/4740 train_time:650340ms step_avg:206.13ms
step:3156/4740 train_time:650660ms step_avg:206.17ms
step:3157/4740 train_time:650844ms step_avg:206.16ms
step:3158/4740 train_time:651166ms step_avg:206.20ms
step:3159/4740 train_time:651351ms step_avg:206.19ms
step:3160/4740 train_time:651671ms step_avg:206.23ms
step:3161/4740 train_time:651858ms step_avg:206.22ms
step:3162/4740 train_time:652182ms step_avg:206.26ms
step:3163/4740 train_time:652363ms step_avg:206.25ms
step:3164/4740 train_time:652687ms step_avg:206.29ms
step:3165/4740 train_time:652872ms step_avg:206.28ms
step:3166/4740 train_time:653194ms step_avg:206.32ms
step:3167/4740 train_time:653376ms step_avg:206.31ms
step:3168/4740 train_time:653697ms step_avg:206.34ms
step:3169/4740 train_time:653880ms step_avg:206.34ms
step:3170/4740 train_time:654204ms step_avg:206.37ms
step:3171/4740 train_time:654383ms step_avg:206.36ms
step:3172/4740 train_time:654704ms step_avg:206.40ms
step:3173/4740 train_time:654887ms step_avg:206.39ms
step:3174/4740 train_time:655207ms step_avg:206.43ms
step:3175/4740 train_time:655391ms step_avg:206.42ms
step:3176/4740 train_time:655715ms step_avg:206.46ms
step:3177/4740 train_time:655896ms step_avg:206.45ms
step:3178/4740 train_time:656221ms step_avg:206.49ms
step:3179/4740 train_time:656402ms step_avg:206.48ms
step:3180/4740 train_time:656727ms step_avg:206.52ms
step:3181/4740 train_time:656907ms step_avg:206.51ms
step:3182/4740 train_time:657231ms step_avg:206.55ms
step:3183/4740 train_time:657413ms step_avg:206.54ms
step:3184/4740 train_time:657738ms step_avg:206.58ms
step:3185/4740 train_time:657919ms step_avg:206.57ms
step:3186/4740 train_time:658240ms step_avg:206.60ms
step:3187/4740 train_time:658422ms step_avg:206.60ms
step:3188/4740 train_time:658749ms step_avg:206.63ms
step:3189/4740 train_time:658934ms step_avg:206.63ms
step:3190/4740 train_time:659257ms step_avg:206.66ms
step:3191/4740 train_time:659438ms step_avg:206.66ms
step:3192/4740 train_time:659760ms step_avg:206.69ms
step:3193/4740 train_time:659941ms step_avg:206.68ms
step:3194/4740 train_time:660263ms step_avg:206.72ms
step:3195/4740 train_time:660446ms step_avg:206.71ms
step:3196/4740 train_time:660771ms step_avg:206.75ms
step:3197/4740 train_time:660955ms step_avg:206.74ms
step:3198/4740 train_time:661279ms step_avg:206.78ms
step:3199/4740 train_time:661459ms step_avg:206.77ms
step:3200/4740 train_time:661781ms step_avg:206.81ms
step:3201/4740 train_time:661964ms step_avg:206.80ms
step:3202/4740 train_time:662284ms step_avg:206.83ms
step:3203/4740 train_time:662466ms step_avg:206.83ms
step:3204/4740 train_time:662789ms step_avg:206.86ms
step:3205/4740 train_time:662971ms step_avg:206.86ms
step:3206/4740 train_time:663293ms step_avg:206.89ms
step:3207/4740 train_time:663478ms step_avg:206.88ms
step:3208/4740 train_time:663798ms step_avg:206.92ms
step:3209/4740 train_time:663984ms step_avg:206.91ms
step:3210/4740 train_time:664310ms step_avg:206.95ms
step:3211/4740 train_time:664488ms step_avg:206.94ms
step:3212/4740 train_time:664812ms step_avg:206.98ms
step:3213/4740 train_time:664993ms step_avg:206.97ms
step:3214/4740 train_time:665313ms step_avg:207.00ms
step:3215/4740 train_time:665496ms step_avg:207.00ms
step:3216/4740 train_time:665815ms step_avg:207.03ms
step:3217/4740 train_time:666000ms step_avg:207.03ms
step:3218/4740 train_time:666319ms step_avg:207.06ms
step:3219/4740 train_time:666509ms step_avg:207.05ms
step:3220/4740 train_time:666829ms step_avg:207.09ms
step:3221/4740 train_time:667013ms step_avg:207.08ms
step:3222/4740 train_time:667335ms step_avg:207.12ms
step:3223/4740 train_time:667516ms step_avg:207.11ms
step:3224/4740 train_time:667838ms step_avg:207.15ms
step:3225/4740 train_time:668023ms step_avg:207.14ms
step:3226/4740 train_time:668348ms step_avg:207.18ms
step:3227/4740 train_time:668530ms step_avg:207.17ms
step:3228/4740 train_time:668852ms step_avg:207.20ms
step:3229/4740 train_time:669034ms step_avg:207.20ms
step:3230/4740 train_time:669360ms step_avg:207.23ms
step:3231/4740 train_time:669539ms step_avg:207.22ms
step:3232/4740 train_time:669861ms step_avg:207.26ms
step:3233/4740 train_time:670045ms step_avg:207.25ms
step:3234/4740 train_time:670368ms step_avg:207.29ms
step:3235/4740 train_time:670551ms step_avg:207.28ms
step:3236/4740 train_time:670872ms step_avg:207.32ms
step:3237/4740 train_time:671052ms step_avg:207.31ms
step:3238/4740 train_time:671375ms step_avg:207.34ms
step:3239/4740 train_time:671560ms step_avg:207.34ms
step:3240/4740 train_time:671883ms step_avg:207.37ms
step:3241/4740 train_time:672065ms step_avg:207.36ms
step:3242/4740 train_time:672389ms step_avg:207.40ms
step:3243/4740 train_time:672573ms step_avg:207.39ms
step:3244/4740 train_time:672894ms step_avg:207.43ms
step:3245/4740 train_time:673079ms step_avg:207.42ms
step:3246/4740 train_time:673400ms step_avg:207.46ms
step:3247/4740 train_time:673584ms step_avg:207.45ms
step:3248/4740 train_time:673905ms step_avg:207.48ms
step:3249/4740 train_time:674088ms step_avg:207.48ms
step:3250/4740 train_time:674415ms step_avg:207.51ms
step:3250/4740 val_loss:3.0954 train_time:674540ms step_avg:207.55ms
step:3251/4740 train_time:674596ms step_avg:207.50ms
step:3252/4740 train_time:674919ms step_avg:207.54ms
step:3253/4740 train_time:675102ms step_avg:207.53ms
step:3254/4740 train_time:675418ms step_avg:207.57ms
step:3255/4740 train_time:675600ms step_avg:207.56ms
step:3256/4740 train_time:675925ms step_avg:207.59ms
step:3257/4740 train_time:676111ms step_avg:207.59ms
step:3258/4740 train_time:676430ms step_avg:207.62ms
step:3259/4740 train_time:676610ms step_avg:207.61ms
step:3260/4740 train_time:676932ms step_avg:207.65ms
step:3261/4740 train_time:677114ms step_avg:207.64ms
step:3262/4740 train_time:677432ms step_avg:207.67ms
step:3263/4740 train_time:677614ms step_avg:207.67ms
step:3264/4740 train_time:677940ms step_avg:207.70ms
step:3265/4740 train_time:678122ms step_avg:207.69ms
step:3266/4740 train_time:678440ms step_avg:207.73ms
step:3267/4740 train_time:678622ms step_avg:207.72ms
step:3268/4740 train_time:678943ms step_avg:207.75ms
step:3269/4740 train_time:679128ms step_avg:207.75ms
step:3270/4740 train_time:679446ms step_avg:207.78ms
step:3271/4740 train_time:679629ms step_avg:207.77ms
step:3272/4740 train_time:679948ms step_avg:207.81ms
step:3273/4740 train_time:680134ms step_avg:207.80ms
step:3274/4740 train_time:680454ms step_avg:207.84ms
step:3275/4740 train_time:680636ms step_avg:207.83ms
step:3276/4740 train_time:680963ms step_avg:207.86ms
step:3277/4740 train_time:681142ms step_avg:207.86ms
step:3278/4740 train_time:681465ms step_avg:207.89ms
step:3279/4740 train_time:681648ms step_avg:207.88ms
step:3280/4740 train_time:681972ms step_avg:207.92ms
step:3281/4740 train_time:682151ms step_avg:207.91ms
step:3282/4740 train_time:682475ms step_avg:207.94ms
step:3283/4740 train_time:682656ms step_avg:207.94ms
step:3284/4740 train_time:682983ms step_avg:207.97ms
step:3285/4740 train_time:683163ms step_avg:207.96ms
step:3286/4740 train_time:683483ms step_avg:208.00ms
step:3287/4740 train_time:683665ms step_avg:207.99ms
step:3288/4740 train_time:683989ms step_avg:208.03ms
step:3289/4740 train_time:684171ms step_avg:208.02ms
step:3290/4740 train_time:684491ms step_avg:208.05ms
step:3291/4740 train_time:684671ms step_avg:208.04ms
step:3292/4740 train_time:684994ms step_avg:208.08ms
step:3293/4740 train_time:685177ms step_avg:208.07ms
step:3294/4740 train_time:685493ms step_avg:208.10ms
step:3295/4740 train_time:685677ms step_avg:208.10ms
step:3296/4740 train_time:685999ms step_avg:208.13ms
step:3297/4740 train_time:686185ms step_avg:208.12ms
step:3298/4740 train_time:686502ms step_avg:208.16ms
step:3299/4740 train_time:686686ms step_avg:208.15ms
step:3300/4740 train_time:687006ms step_avg:208.18ms
step:3301/4740 train_time:687189ms step_avg:208.18ms
step:3302/4740 train_time:687510ms step_avg:208.21ms
step:3303/4740 train_time:687689ms step_avg:208.20ms
step:3304/4740 train_time:688009ms step_avg:208.24ms
step:3305/4740 train_time:688192ms step_avg:208.23ms
step:3306/4740 train_time:688518ms step_avg:208.26ms
step:3307/4740 train_time:688698ms step_avg:208.25ms
step:3308/4740 train_time:689023ms step_avg:208.29ms
step:3309/4740 train_time:689201ms step_avg:208.28ms
step:3310/4740 train_time:689523ms step_avg:208.32ms
step:3311/4740 train_time:689706ms step_avg:208.31ms
step:3312/4740 train_time:690027ms step_avg:208.34ms
step:3313/4740 train_time:690206ms step_avg:208.33ms
step:3314/4740 train_time:690528ms step_avg:208.37ms
step:3315/4740 train_time:690710ms step_avg:208.36ms
step:3316/4740 train_time:691035ms step_avg:208.39ms
step:3317/4740 train_time:691219ms step_avg:208.39ms
step:3318/4740 train_time:691542ms step_avg:208.42ms
step:3319/4740 train_time:691724ms step_avg:208.41ms
step:3320/4740 train_time:692043ms step_avg:208.45ms
step:3321/4740 train_time:692228ms step_avg:208.44ms
step:3322/4740 train_time:692549ms step_avg:208.47ms
step:3323/4740 train_time:692734ms step_avg:208.47ms
step:3324/4740 train_time:693054ms step_avg:208.50ms
step:3325/4740 train_time:693240ms step_avg:208.49ms
step:3326/4740 train_time:693564ms step_avg:208.53ms
step:3327/4740 train_time:693743ms step_avg:208.52ms
step:3328/4740 train_time:694067ms step_avg:208.55ms
step:3329/4740 train_time:694249ms step_avg:208.55ms
step:3330/4740 train_time:694567ms step_avg:208.58ms
step:3331/4740 train_time:694749ms step_avg:208.57ms
step:3332/4740 train_time:695074ms step_avg:208.61ms
step:3333/4740 train_time:695259ms step_avg:208.60ms
step:3334/4740 train_time:695582ms step_avg:208.63ms
step:3335/4740 train_time:695762ms step_avg:208.62ms
step:3336/4740 train_time:696083ms step_avg:208.66ms
step:3337/4740 train_time:696264ms step_avg:208.65ms
step:3338/4740 train_time:696588ms step_avg:208.68ms
step:3339/4740 train_time:696769ms step_avg:208.68ms
step:3340/4740 train_time:697093ms step_avg:208.71ms
step:3341/4740 train_time:697276ms step_avg:208.70ms
step:3342/4740 train_time:697597ms step_avg:208.74ms
step:3343/4740 train_time:697782ms step_avg:208.73ms
step:3344/4740 train_time:698107ms step_avg:208.76ms
step:3345/4740 train_time:698286ms step_avg:208.76ms
step:3346/4740 train_time:698606ms step_avg:208.79ms
step:3347/4740 train_time:698790ms step_avg:208.78ms
step:3348/4740 train_time:699109ms step_avg:208.81ms
step:3349/4740 train_time:699299ms step_avg:208.81ms
step:3350/4740 train_time:699624ms step_avg:208.84ms
step:3351/4740 train_time:699808ms step_avg:208.84ms
step:3352/4740 train_time:700134ms step_avg:208.87ms
step:3353/4740 train_time:700314ms step_avg:208.86ms
step:3354/4740 train_time:700637ms step_avg:208.90ms
step:3355/4740 train_time:700820ms step_avg:208.89ms
step:3356/4740 train_time:701140ms step_avg:208.92ms
step:3357/4740 train_time:701324ms step_avg:208.91ms
step:3358/4740 train_time:701646ms step_avg:208.95ms
step:3359/4740 train_time:701826ms step_avg:208.94ms
step:3360/4740 train_time:702148ms step_avg:208.97ms
step:3361/4740 train_time:702331ms step_avg:208.96ms
step:3362/4740 train_time:702656ms step_avg:209.00ms
step:3363/4740 train_time:702839ms step_avg:208.99ms
step:3364/4740 train_time:703164ms step_avg:209.03ms
step:3365/4740 train_time:703346ms step_avg:209.02ms
step:3366/4740 train_time:703665ms step_avg:209.05ms
step:3367/4740 train_time:703844ms step_avg:209.04ms
step:3368/4740 train_time:704168ms step_avg:209.08ms
step:3369/4740 train_time:704349ms step_avg:209.07ms
step:3370/4740 train_time:704673ms step_avg:209.10ms
step:3371/4740 train_time:704854ms step_avg:209.09ms
step:3372/4740 train_time:705176ms step_avg:209.13ms
step:3373/4740 train_time:705358ms step_avg:209.12ms
step:3374/4740 train_time:705681ms step_avg:209.15ms
step:3375/4740 train_time:705865ms step_avg:209.15ms
step:3376/4740 train_time:706183ms step_avg:209.18ms
step:3377/4740 train_time:706368ms step_avg:209.17ms
step:3378/4740 train_time:706690ms step_avg:209.20ms
step:3379/4740 train_time:706875ms step_avg:209.20ms
step:3380/4740 train_time:707198ms step_avg:209.23ms
step:3381/4740 train_time:707382ms step_avg:209.22ms
step:3382/4740 train_time:707703ms step_avg:209.26ms
step:3383/4740 train_time:707886ms step_avg:209.25ms
step:3384/4740 train_time:708206ms step_avg:209.28ms
step:3385/4740 train_time:708389ms step_avg:209.27ms
step:3386/4740 train_time:708710ms step_avg:209.31ms
step:3387/4740 train_time:708897ms step_avg:209.30ms
step:3388/4740 train_time:709218ms step_avg:209.33ms
step:3389/4740 train_time:709403ms step_avg:209.33ms
step:3390/4740 train_time:709726ms step_avg:209.36ms
step:3391/4740 train_time:709907ms step_avg:209.35ms
step:3392/4740 train_time:710227ms step_avg:209.38ms
step:3393/4740 train_time:710407ms step_avg:209.37ms
step:3394/4740 train_time:710733ms step_avg:209.41ms
step:3395/4740 train_time:710918ms step_avg:209.40ms
step:3396/4740 train_time:711241ms step_avg:209.43ms
step:3397/4740 train_time:711422ms step_avg:209.43ms
step:3398/4740 train_time:711742ms step_avg:209.46ms
step:3399/4740 train_time:711924ms step_avg:209.45ms
step:3400/4740 train_time:712246ms step_avg:209.48ms
step:3401/4740 train_time:712431ms step_avg:209.48ms
step:3402/4740 train_time:712753ms step_avg:209.51ms
step:3403/4740 train_time:712937ms step_avg:209.50ms
step:3404/4740 train_time:713263ms step_avg:209.54ms
step:3405/4740 train_time:713440ms step_avg:209.53ms
step:3406/4740 train_time:713763ms step_avg:209.56ms
step:3407/4740 train_time:713942ms step_avg:209.55ms
step:3408/4740 train_time:714267ms step_avg:209.59ms
step:3409/4740 train_time:714448ms step_avg:209.58ms
step:3410/4740 train_time:714770ms step_avg:209.61ms
step:3411/4740 train_time:714952ms step_avg:209.60ms
step:3412/4740 train_time:715282ms step_avg:209.64ms
step:3413/4740 train_time:715460ms step_avg:209.63ms
step:3414/4740 train_time:715787ms step_avg:209.66ms
step:3415/4740 train_time:715965ms step_avg:209.65ms
step:3416/4740 train_time:716289ms step_avg:209.69ms
step:3417/4740 train_time:716472ms step_avg:209.68ms
step:3418/4740 train_time:716792ms step_avg:209.71ms
step:3419/4740 train_time:716974ms step_avg:209.70ms
step:3420/4740 train_time:717299ms step_avg:209.74ms
step:3421/4740 train_time:717485ms step_avg:209.73ms
step:3422/4740 train_time:717803ms step_avg:209.76ms
step:3423/4740 train_time:717989ms step_avg:209.75ms
step:3424/4740 train_time:718307ms step_avg:209.79ms
step:3425/4740 train_time:718490ms step_avg:209.78ms
step:3426/4740 train_time:718811ms step_avg:209.81ms
step:3427/4740 train_time:718992ms step_avg:209.80ms
step:3428/4740 train_time:719314ms step_avg:209.83ms
step:3429/4740 train_time:719500ms step_avg:209.83ms
step:3430/4740 train_time:719821ms step_avg:209.86ms
step:3431/4740 train_time:720009ms step_avg:209.85ms
step:3432/4740 train_time:720330ms step_avg:209.89ms
step:3433/4740 train_time:720512ms step_avg:209.88ms
step:3434/4740 train_time:720834ms step_avg:209.91ms
step:3435/4740 train_time:721017ms step_avg:209.90ms
step:3436/4740 train_time:721336ms step_avg:209.93ms
step:3437/4740 train_time:721520ms step_avg:209.93ms
step:3438/4740 train_time:721839ms step_avg:209.96ms
step:3439/4740 train_time:722023ms step_avg:209.95ms
step:3440/4740 train_time:722343ms step_avg:209.98ms
step:3441/4740 train_time:722531ms step_avg:209.98ms
step:3442/4740 train_time:722849ms step_avg:210.01ms
step:3443/4740 train_time:723030ms step_avg:210.00ms
step:3444/4740 train_time:723356ms step_avg:210.03ms
step:3445/4740 train_time:723539ms step_avg:210.03ms
step:3446/4740 train_time:723862ms step_avg:210.06ms
step:3447/4740 train_time:724040ms step_avg:210.05ms
step:3448/4740 train_time:724363ms step_avg:210.08ms
step:3449/4740 train_time:724545ms step_avg:210.07ms
step:3450/4740 train_time:724864ms step_avg:210.11ms
step:3451/4740 train_time:725051ms step_avg:210.10ms
step:3452/4740 train_time:725375ms step_avg:210.13ms
step:3453/4740 train_time:725558ms step_avg:210.12ms
step:3454/4740 train_time:725877ms step_avg:210.16ms
step:3455/4740 train_time:726062ms step_avg:210.15ms
step:3456/4740 train_time:726385ms step_avg:210.18ms
step:3457/4740 train_time:726563ms step_avg:210.17ms
step:3458/4740 train_time:726886ms step_avg:210.20ms
step:3459/4740 train_time:727069ms step_avg:210.20ms
step:3460/4740 train_time:727392ms step_avg:210.23ms
step:3461/4740 train_time:727574ms step_avg:210.22ms
step:3462/4740 train_time:727896ms step_avg:210.25ms
step:3463/4740 train_time:728080ms step_avg:210.25ms
step:3464/4740 train_time:728403ms step_avg:210.28ms
step:3465/4740 train_time:728587ms step_avg:210.27ms
step:3466/4740 train_time:728910ms step_avg:210.30ms
step:3467/4740 train_time:729092ms step_avg:210.29ms
step:3468/4740 train_time:729413ms step_avg:210.33ms
step:3469/4740 train_time:729602ms step_avg:210.32ms
step:3470/4740 train_time:729921ms step_avg:210.35ms
step:3471/4740 train_time:730102ms step_avg:210.34ms
step:3472/4740 train_time:730425ms step_avg:210.38ms
step:3473/4740 train_time:730607ms step_avg:210.37ms
step:3474/4740 train_time:730926ms step_avg:210.40ms
step:3475/4740 train_time:731108ms step_avg:210.39ms
step:3476/4740 train_time:731428ms step_avg:210.42ms
step:3477/4740 train_time:731609ms step_avg:210.41ms
step:3478/4740 train_time:731933ms step_avg:210.45ms
step:3479/4740 train_time:732120ms step_avg:210.44ms
step:3480/4740 train_time:732443ms step_avg:210.47ms
step:3481/4740 train_time:732621ms step_avg:210.46ms
step:3482/4740 train_time:732946ms step_avg:210.50ms
step:3483/4740 train_time:733126ms step_avg:210.49ms
step:3484/4740 train_time:733449ms step_avg:210.52ms
step:3485/4740 train_time:733630ms step_avg:210.51ms
step:3486/4740 train_time:733952ms step_avg:210.54ms
step:3487/4740 train_time:734135ms step_avg:210.53ms
step:3488/4740 train_time:734461ms step_avg:210.57ms
step:3489/4740 train_time:734641ms step_avg:210.56ms
step:3490/4740 train_time:734965ms step_avg:210.59ms
step:3491/4740 train_time:735145ms step_avg:210.58ms
step:3492/4740 train_time:735468ms step_avg:210.62ms
step:3493/4740 train_time:735647ms step_avg:210.61ms
step:3494/4740 train_time:735974ms step_avg:210.64ms
step:3495/4740 train_time:736154ms step_avg:210.63ms
step:3496/4740 train_time:736474ms step_avg:210.66ms
step:3497/4740 train_time:736657ms step_avg:210.65ms
step:3498/4740 train_time:736979ms step_avg:210.69ms
step:3499/4740 train_time:737164ms step_avg:210.68ms
step:3500/4740 train_time:737486ms step_avg:210.71ms
step:3500/4740 val_loss:3.0608 train_time:737610ms step_avg:210.75ms
step:3501/4740 train_time:737666ms step_avg:210.70ms
step:3502/4740 train_time:737988ms step_avg:210.73ms
step:3503/4740 train_time:738174ms step_avg:210.73ms
step:3504/4740 train_time:738491ms step_avg:210.76ms
step:3505/4740 train_time:738676ms step_avg:210.75ms
step:3506/4740 train_time:738998ms step_avg:210.78ms
step:3507/4740 train_time:739184ms step_avg:210.77ms
step:3508/4740 train_time:739502ms step_avg:210.80ms
step:3509/4740 train_time:739679ms step_avg:210.79ms
step:3510/4740 train_time:740007ms step_avg:210.83ms
step:3511/4740 train_time:740191ms step_avg:210.82ms
step:3512/4740 train_time:740510ms step_avg:210.85ms
step:3513/4740 train_time:740693ms step_avg:210.84ms
step:3514/4740 train_time:741016ms step_avg:210.88ms
step:3515/4740 train_time:741199ms step_avg:210.87ms
step:3516/4740 train_time:741521ms step_avg:210.90ms
step:3517/4740 train_time:741702ms step_avg:210.89ms
step:3518/4740 train_time:742023ms step_avg:210.92ms
step:3519/4740 train_time:742206ms step_avg:210.91ms
step:3520/4740 train_time:742534ms step_avg:210.95ms
step:3521/4740 train_time:742712ms step_avg:210.94ms
step:3522/4740 train_time:743034ms step_avg:210.97ms
step:3523/4740 train_time:743216ms step_avg:210.96ms
step:3524/4740 train_time:743540ms step_avg:210.99ms
step:3525/4740 train_time:743721ms step_avg:210.98ms
step:3526/4740 train_time:744040ms step_avg:211.02ms
step:3527/4740 train_time:744225ms step_avg:211.01ms
step:3528/4740 train_time:744546ms step_avg:211.04ms
step:3529/4740 train_time:744734ms step_avg:211.03ms
step:3530/4740 train_time:745056ms step_avg:211.06ms
step:3531/4740 train_time:745238ms step_avg:211.06ms
step:3532/4740 train_time:745562ms step_avg:211.09ms
step:3533/4740 train_time:745743ms step_avg:211.08ms
step:3534/4740 train_time:746063ms step_avg:211.11ms
step:3535/4740 train_time:746248ms step_avg:211.10ms
step:3536/4740 train_time:746573ms step_avg:211.13ms
step:3537/4740 train_time:746756ms step_avg:211.13ms
step:3538/4740 train_time:747077ms step_avg:211.16ms
step:3539/4740 train_time:747261ms step_avg:211.15ms
step:3540/4740 train_time:747582ms step_avg:211.18ms
step:3541/4740 train_time:747764ms step_avg:211.17ms
step:3542/4740 train_time:748088ms step_avg:211.20ms
step:3543/4740 train_time:748269ms step_avg:211.20ms
step:3544/4740 train_time:748590ms step_avg:211.23ms
step:3545/4740 train_time:748773ms step_avg:211.22ms
step:3546/4740 train_time:749097ms step_avg:211.25ms
step:3547/4740 train_time:749279ms step_avg:211.24ms
step:3548/4740 train_time:749601ms step_avg:211.27ms
step:3549/4740 train_time:749783ms step_avg:211.27ms
step:3550/4740 train_time:750106ms step_avg:211.30ms
step:3551/4740 train_time:750286ms step_avg:211.29ms
step:3552/4740 train_time:750611ms step_avg:211.32ms
step:3553/4740 train_time:750792ms step_avg:211.31ms
step:3554/4740 train_time:751115ms step_avg:211.34ms
step:3555/4740 train_time:751299ms step_avg:211.34ms
step:3556/4740 train_time:751625ms step_avg:211.37ms
step:3557/4740 train_time:751807ms step_avg:211.36ms
step:3558/4740 train_time:752132ms step_avg:211.39ms
step:3559/4740 train_time:752313ms step_avg:211.38ms
step:3560/4740 train_time:752634ms step_avg:211.41ms
step:3561/4740 train_time:752817ms step_avg:211.41ms
step:3562/4740 train_time:753138ms step_avg:211.44ms
step:3563/4740 train_time:753318ms step_avg:211.43ms
step:3564/4740 train_time:753638ms step_avg:211.46ms
step:3565/4740 train_time:753821ms step_avg:211.45ms
step:3566/4740 train_time:754142ms step_avg:211.48ms
step:3567/4740 train_time:754324ms step_avg:211.47ms
step:3568/4740 train_time:754641ms step_avg:211.50ms
step:3569/4740 train_time:754823ms step_avg:211.49ms
step:3570/4740 train_time:755142ms step_avg:211.52ms
step:3571/4740 train_time:755327ms step_avg:211.52ms
step:3572/4740 train_time:755647ms step_avg:211.55ms
step:3573/4740 train_time:755831ms step_avg:211.54ms
step:3574/4740 train_time:756156ms step_avg:211.57ms
step:3575/4740 train_time:756338ms step_avg:211.56ms
step:3576/4740 train_time:756660ms step_avg:211.59ms
step:3577/4740 train_time:756842ms step_avg:211.59ms
step:3578/4740 train_time:757167ms step_avg:211.62ms
step:3579/4740 train_time:757348ms step_avg:211.61ms
step:3580/4740 train_time:757671ms step_avg:211.64ms
step:3581/4740 train_time:757858ms step_avg:211.63ms
step:3582/4740 train_time:758179ms step_avg:211.66ms
step:3583/4740 train_time:758363ms step_avg:211.66ms
step:3584/4740 train_time:758684ms step_avg:211.69ms
step:3585/4740 train_time:758867ms step_avg:211.68ms
step:3586/4740 train_time:759188ms step_avg:211.71ms
step:3587/4740 train_time:759373ms step_avg:211.70ms
step:3588/4740 train_time:759695ms step_avg:211.73ms
step:3589/4740 train_time:759883ms step_avg:211.73ms
step:3590/4740 train_time:760200ms step_avg:211.75ms
step:3591/4740 train_time:760385ms step_avg:211.75ms
step:3592/4740 train_time:760703ms step_avg:211.78ms
step:3593/4740 train_time:760888ms step_avg:211.77ms
step:3594/4740 train_time:761211ms step_avg:211.80ms
step:3595/4740 train_time:761392ms step_avg:211.79ms
step:3596/4740 train_time:761715ms step_avg:211.82ms
step:3597/4740 train_time:761900ms step_avg:211.82ms
step:3598/4740 train_time:762221ms step_avg:211.85ms
step:3599/4740 train_time:762406ms step_avg:211.84ms
step:3600/4740 train_time:762727ms step_avg:211.87ms
step:3601/4740 train_time:762907ms step_avg:211.86ms
step:3602/4740 train_time:763228ms step_avg:211.89ms
step:3603/4740 train_time:763416ms step_avg:211.88ms
step:3604/4740 train_time:763738ms step_avg:211.91ms
step:3605/4740 train_time:763920ms step_avg:211.91ms
step:3606/4740 train_time:764241ms step_avg:211.94ms
step:3607/4740 train_time:764423ms step_avg:211.93ms
step:3608/4740 train_time:764744ms step_avg:211.96ms
step:3609/4740 train_time:764927ms step_avg:211.95ms
step:3610/4740 train_time:765249ms step_avg:211.98ms
step:3611/4740 train_time:765430ms step_avg:211.97ms
step:3612/4740 train_time:765752ms step_avg:212.00ms
step:3613/4740 train_time:765937ms step_avg:211.99ms
step:3614/4740 train_time:766262ms step_avg:212.03ms
step:3615/4740 train_time:766441ms step_avg:212.02ms
step:3616/4740 train_time:766764ms step_avg:212.05ms
step:3617/4740 train_time:766953ms step_avg:212.04ms
step:3618/4740 train_time:767277ms step_avg:212.07ms
step:3619/4740 train_time:767458ms step_avg:212.06ms
step:3620/4740 train_time:767783ms step_avg:212.09ms
step:3621/4740 train_time:767961ms step_avg:212.09ms
step:3622/4740 train_time:768285ms step_avg:212.12ms
step:3623/4740 train_time:768468ms step_avg:212.11ms
step:3624/4740 train_time:768792ms step_avg:212.14ms
step:3625/4740 train_time:768976ms step_avg:212.13ms
step:3626/4740 train_time:769297ms step_avg:212.16ms
step:3627/4740 train_time:769485ms step_avg:212.15ms
step:3628/4740 train_time:769809ms step_avg:212.19ms
step:3629/4740 train_time:769997ms step_avg:212.18ms
step:3630/4740 train_time:770321ms step_avg:212.21ms
step:3631/4740 train_time:770502ms step_avg:212.20ms
step:3632/4740 train_time:770826ms step_avg:212.23ms
step:3633/4740 train_time:771007ms step_avg:212.22ms
step:3634/4740 train_time:771327ms step_avg:212.25ms
step:3635/4740 train_time:771510ms step_avg:212.24ms
step:3636/4740 train_time:771835ms step_avg:212.28ms
step:3637/4740 train_time:772015ms step_avg:212.27ms
step:3638/4740 train_time:772337ms step_avg:212.30ms
step:3639/4740 train_time:772516ms step_avg:212.29ms
step:3640/4740 train_time:772837ms step_avg:212.32ms
step:3641/4740 train_time:773019ms step_avg:212.31ms
step:3642/4740 train_time:773340ms step_avg:212.34ms
step:3643/4740 train_time:773523ms step_avg:212.33ms
step:3644/4740 train_time:773846ms step_avg:212.36ms
step:3645/4740 train_time:774032ms step_avg:212.35ms
step:3646/4740 train_time:774356ms step_avg:212.39ms
step:3647/4740 train_time:774537ms step_avg:212.38ms
step:3648/4740 train_time:774864ms step_avg:212.41ms
step:3649/4740 train_time:775045ms step_avg:212.40ms
step:3650/4740 train_time:775369ms step_avg:212.43ms
step:3651/4740 train_time:775555ms step_avg:212.42ms
step:3652/4740 train_time:775878ms step_avg:212.45ms
step:3653/4740 train_time:776059ms step_avg:212.44ms
step:3654/4740 train_time:776380ms step_avg:212.47ms
step:3655/4740 train_time:776562ms step_avg:212.47ms
step:3656/4740 train_time:776882ms step_avg:212.50ms
step:3657/4740 train_time:777061ms step_avg:212.49ms
step:3658/4740 train_time:777383ms step_avg:212.52ms
step:3659/4740 train_time:777565ms step_avg:212.51ms
step:3660/4740 train_time:777885ms step_avg:212.54ms
step:3661/4740 train_time:778070ms step_avg:212.53ms
step:3662/4740 train_time:778394ms step_avg:212.56ms
step:3663/4740 train_time:778577ms step_avg:212.55ms
step:3664/4740 train_time:778903ms step_avg:212.58ms
step:3665/4740 train_time:779087ms step_avg:212.57ms
step:3666/4740 train_time:779407ms step_avg:212.60ms
step:3667/4740 train_time:779591ms step_avg:212.60ms
step:3668/4740 train_time:779916ms step_avg:212.63ms
step:3669/4740 train_time:780093ms step_avg:212.62ms
step:3670/4740 train_time:780415ms step_avg:212.65ms
step:3671/4740 train_time:780599ms step_avg:212.64ms
step:3672/4740 train_time:780919ms step_avg:212.67ms
step:3673/4740 train_time:781101ms step_avg:212.66ms
step:3674/4740 train_time:781420ms step_avg:212.69ms
step:3675/4740 train_time:781601ms step_avg:212.68ms
step:3676/4740 train_time:781923ms step_avg:212.71ms
step:3677/4740 train_time:782105ms step_avg:212.70ms
step:3678/4740 train_time:782429ms step_avg:212.73ms
step:3679/4740 train_time:782613ms step_avg:212.72ms
step:3680/4740 train_time:782937ms step_avg:212.75ms
step:3681/4740 train_time:783122ms step_avg:212.75ms
step:3682/4740 train_time:783442ms step_avg:212.78ms
step:3683/4740 train_time:783624ms step_avg:212.77ms
step:3684/4740 train_time:783947ms step_avg:212.80ms
step:3685/4740 train_time:784127ms step_avg:212.79ms
step:3686/4740 train_time:784449ms step_avg:212.82ms
step:3687/4740 train_time:784634ms step_avg:212.81ms
step:3688/4740 train_time:784955ms step_avg:212.84ms
step:3689/4740 train_time:785136ms step_avg:212.83ms
step:3690/4740 train_time:785460ms step_avg:212.86ms
step:3691/4740 train_time:785641ms step_avg:212.85ms
step:3692/4740 train_time:785964ms step_avg:212.88ms
step:3693/4740 train_time:786146ms step_avg:212.87ms
step:3694/4740 train_time:786471ms step_avg:212.91ms
step:3695/4740 train_time:786654ms step_avg:212.90ms
step:3696/4740 train_time:786974ms step_avg:212.93ms
step:3697/4740 train_time:787159ms step_avg:212.92ms
step:3698/4740 train_time:787479ms step_avg:212.95ms
step:3699/4740 train_time:787659ms step_avg:212.94ms
step:3700/4740 train_time:787981ms step_avg:212.97ms
step:3701/4740 train_time:788168ms step_avg:212.96ms
step:3702/4740 train_time:788488ms step_avg:212.99ms
step:3703/4740 train_time:788674ms step_avg:212.98ms
step:3704/4740 train_time:788996ms step_avg:213.01ms
step:3705/4740 train_time:789181ms step_avg:213.00ms
step:3706/4740 train_time:789500ms step_avg:213.03ms
step:3707/4740 train_time:789686ms step_avg:213.03ms
step:3708/4740 train_time:790008ms step_avg:213.05ms
step:3709/4740 train_time:790187ms step_avg:213.05ms
step:3710/4740 train_time:790507ms step_avg:213.07ms
step:3711/4740 train_time:790693ms step_avg:213.07ms
step:3712/4740 train_time:791015ms step_avg:213.10ms
step:3713/4740 train_time:791197ms step_avg:213.09ms
step:3714/4740 train_time:791522ms step_avg:213.12ms
step:3715/4740 train_time:791700ms step_avg:213.11ms
step:3716/4740 train_time:792024ms step_avg:213.14ms
step:3717/4740 train_time:792206ms step_avg:213.13ms
step:3718/4740 train_time:792529ms step_avg:213.16ms
step:3719/4740 train_time:792713ms step_avg:213.15ms
step:3720/4740 train_time:793036ms step_avg:213.18ms
step:3721/4740 train_time:793219ms step_avg:213.17ms
step:3722/4740 train_time:793540ms step_avg:213.20ms
step:3723/4740 train_time:793725ms step_avg:213.20ms
step:3724/4740 train_time:794047ms step_avg:213.22ms
step:3725/4740 train_time:794225ms step_avg:213.21ms
step:3726/4740 train_time:794548ms step_avg:213.24ms
step:3727/4740 train_time:794737ms step_avg:213.24ms
step:3728/4740 train_time:795059ms step_avg:213.27ms
step:3729/4740 train_time:795237ms step_avg:213.26ms
step:3730/4740 train_time:795560ms step_avg:213.29ms
step:3731/4740 train_time:795745ms step_avg:213.28ms
step:3732/4740 train_time:796067ms step_avg:213.31ms
step:3733/4740 train_time:796252ms step_avg:213.30ms
step:3734/4740 train_time:796572ms step_avg:213.33ms
step:3735/4740 train_time:796758ms step_avg:213.32ms
step:3736/4740 train_time:797078ms step_avg:213.35ms
step:3737/4740 train_time:797263ms step_avg:213.34ms
step:3738/4740 train_time:797579ms step_avg:213.37ms
step:3739/4740 train_time:797767ms step_avg:213.36ms
step:3740/4740 train_time:798091ms step_avg:213.39ms
step:3741/4740 train_time:798276ms step_avg:213.39ms
step:3742/4740 train_time:798598ms step_avg:213.41ms
step:3743/4740 train_time:798781ms step_avg:213.41ms
step:3744/4740 train_time:799104ms step_avg:213.44ms
step:3745/4740 train_time:799285ms step_avg:213.43ms
step:3746/4740 train_time:799609ms step_avg:213.46ms
step:3747/4740 train_time:799795ms step_avg:213.45ms
step:3748/4740 train_time:800119ms step_avg:213.48ms
step:3749/4740 train_time:800298ms step_avg:213.47ms
step:3750/4740 train_time:800620ms step_avg:213.50ms
step:3750/4740 val_loss:3.0299 train_time:800748ms step_avg:213.53ms
step:3751/4740 train_time:800803ms step_avg:213.49ms
step:3752/4740 train_time:801130ms step_avg:213.52ms
step:3753/4740 train_time:801315ms step_avg:213.51ms
step:3754/4740 train_time:801632ms step_avg:213.54ms
step:3755/4740 train_time:801818ms step_avg:213.53ms
step:3756/4740 train_time:802143ms step_avg:213.56ms
step:3757/4740 train_time:802329ms step_avg:213.56ms
step:3758/4740 train_time:802649ms step_avg:213.58ms
step:3759/4740 train_time:802828ms step_avg:213.57ms
step:3760/4740 train_time:803154ms step_avg:213.60ms
step:3761/4740 train_time:803337ms step_avg:213.60ms
step:3762/4740 train_time:803658ms step_avg:213.63ms
step:3763/4740 train_time:803837ms step_avg:213.62ms
step:3764/4740 train_time:804162ms step_avg:213.65ms
step:3765/4740 train_time:804342ms step_avg:213.64ms
step:3766/4740 train_time:804662ms step_avg:213.66ms
step:3767/4740 train_time:804842ms step_avg:213.66ms
step:3768/4740 train_time:805165ms step_avg:213.68ms
step:3769/4740 train_time:805345ms step_avg:213.68ms
step:3770/4740 train_time:805668ms step_avg:213.70ms
step:3771/4740 train_time:805848ms step_avg:213.70ms
step:3772/4740 train_time:806169ms step_avg:213.72ms
step:3773/4740 train_time:806349ms step_avg:213.72ms
step:3774/4740 train_time:806670ms step_avg:213.74ms
step:3775/4740 train_time:806853ms step_avg:213.74ms
step:3776/4740 train_time:807177ms step_avg:213.77ms
step:3777/4740 train_time:807360ms step_avg:213.76ms
step:3778/4740 train_time:807682ms step_avg:213.79ms
step:3779/4740 train_time:807864ms step_avg:213.78ms
step:3780/4740 train_time:808184ms step_avg:213.81ms
step:3781/4740 train_time:808371ms step_avg:213.80ms
step:3782/4740 train_time:808693ms step_avg:213.83ms
step:3783/4740 train_time:808876ms step_avg:213.82ms
step:3784/4740 train_time:809198ms step_avg:213.85ms
step:3785/4740 train_time:809379ms step_avg:213.84ms
step:3786/4740 train_time:809699ms step_avg:213.87ms
step:3787/4740 train_time:809884ms step_avg:213.86ms
step:3788/4740 train_time:810201ms step_avg:213.89ms
step:3789/4740 train_time:810391ms step_avg:213.88ms
step:3790/4740 train_time:810714ms step_avg:213.91ms
step:3791/4740 train_time:810900ms step_avg:213.90ms
step:3792/4740 train_time:811221ms step_avg:213.93ms
step:3793/4740 train_time:811406ms step_avg:213.92ms
step:3794/4740 train_time:811728ms step_avg:213.95ms
step:3795/4740 train_time:811909ms step_avg:213.94ms
step:3796/4740 train_time:812228ms step_avg:213.97ms
step:3797/4740 train_time:812411ms step_avg:213.96ms
step:3798/4740 train_time:812738ms step_avg:213.99ms
step:3799/4740 train_time:812918ms step_avg:213.98ms
step:3800/4740 train_time:813242ms step_avg:214.01ms
step:3801/4740 train_time:813421ms step_avg:214.00ms
step:3802/4740 train_time:813747ms step_avg:214.03ms
step:3803/4740 train_time:813923ms step_avg:214.02ms
step:3804/4740 train_time:814250ms step_avg:214.05ms
step:3805/4740 train_time:814430ms step_avg:214.04ms
step:3806/4740 train_time:814750ms step_avg:214.07ms
step:3807/4740 train_time:814933ms step_avg:214.06ms
step:3808/4740 train_time:815258ms step_avg:214.09ms
step:3809/4740 train_time:815441ms step_avg:214.08ms
step:3810/4740 train_time:815764ms step_avg:214.11ms
step:3811/4740 train_time:815944ms step_avg:214.10ms
step:3812/4740 train_time:816263ms step_avg:214.13ms
step:3813/4740 train_time:816449ms step_avg:214.12ms
step:3814/4740 train_time:816773ms step_avg:214.15ms
step:3815/4740 train_time:816952ms step_avg:214.14ms
step:3816/4740 train_time:817271ms step_avg:214.17ms
step:3817/4740 train_time:817455ms step_avg:214.16ms
step:3818/4740 train_time:817779ms step_avg:214.19ms
step:3819/4740 train_time:817960ms step_avg:214.18ms
step:3820/4740 train_time:818283ms step_avg:214.21ms
step:3821/4740 train_time:818462ms step_avg:214.20ms
step:3822/4740 train_time:818783ms step_avg:214.23ms
step:3823/4740 train_time:818966ms step_avg:214.22ms
step:3824/4740 train_time:819290ms step_avg:214.25ms
step:3825/4740 train_time:819470ms step_avg:214.24ms
step:3826/4740 train_time:819794ms step_avg:214.27ms
step:3827/4740 train_time:819981ms step_avg:214.26ms
step:3828/4740 train_time:820304ms step_avg:214.29ms
step:3829/4740 train_time:820485ms step_avg:214.28ms
step:3830/4740 train_time:820805ms step_avg:214.31ms
step:3831/4740 train_time:820989ms step_avg:214.30ms
step:3832/4740 train_time:821312ms step_avg:214.33ms
step:3833/4740 train_time:821492ms step_avg:214.32ms
step:3834/4740 train_time:821813ms step_avg:214.35ms
step:3835/4740 train_time:821994ms step_avg:214.34ms
step:3836/4740 train_time:822317ms step_avg:214.37ms
step:3837/4740 train_time:822500ms step_avg:214.36ms
step:3838/4740 train_time:822822ms step_avg:214.39ms
step:3839/4740 train_time:823002ms step_avg:214.38ms
step:3840/4740 train_time:823323ms step_avg:214.41ms
step:3841/4740 train_time:823510ms step_avg:214.40ms
step:3842/4740 train_time:823829ms step_avg:214.43ms
step:3843/4740 train_time:824011ms step_avg:214.42ms
step:3844/4740 train_time:824335ms step_avg:214.45ms
step:3845/4740 train_time:824519ms step_avg:214.44ms
step:3846/4740 train_time:824842ms step_avg:214.47ms
step:3847/4740 train_time:825022ms step_avg:214.46ms
step:3848/4740 train_time:825348ms step_avg:214.49ms
step:3849/4740 train_time:825528ms step_avg:214.48ms
step:3850/4740 train_time:825851ms step_avg:214.51ms
step:3851/4740 train_time:826031ms step_avg:214.50ms
step:3852/4740 train_time:826354ms step_avg:214.53ms
step:3853/4740 train_time:826537ms step_avg:214.52ms
step:3854/4740 train_time:826860ms step_avg:214.55ms
step:3855/4740 train_time:827044ms step_avg:214.54ms
step:3856/4740 train_time:827365ms step_avg:214.57ms
step:3857/4740 train_time:827548ms step_avg:214.56ms
step:3858/4740 train_time:827869ms step_avg:214.58ms
step:3859/4740 train_time:828056ms step_avg:214.58ms
step:3860/4740 train_time:828379ms step_avg:214.61ms
step:3861/4740 train_time:828562ms step_avg:214.60ms
step:3862/4740 train_time:828882ms step_avg:214.63ms
step:3863/4740 train_time:829069ms step_avg:214.62ms
step:3864/4740 train_time:829387ms step_avg:214.64ms
step:3865/4740 train_time:829572ms step_avg:214.64ms
step:3866/4740 train_time:829894ms step_avg:214.66ms
step:3867/4740 train_time:830076ms step_avg:214.66ms
step:3868/4740 train_time:830396ms step_avg:214.68ms
step:3869/4740 train_time:830578ms step_avg:214.68ms
step:3870/4740 train_time:830901ms step_avg:214.70ms
step:3871/4740 train_time:831084ms step_avg:214.69ms
step:3872/4740 train_time:831407ms step_avg:214.72ms
step:3873/4740 train_time:831590ms step_avg:214.71ms
step:3874/4740 train_time:831912ms step_avg:214.74ms
step:3875/4740 train_time:832099ms step_avg:214.74ms
step:3876/4740 train_time:832421ms step_avg:214.76ms
step:3877/4740 train_time:832602ms step_avg:214.75ms
step:3878/4740 train_time:832925ms step_avg:214.78ms
step:3879/4740 train_time:833105ms step_avg:214.77ms
step:3880/4740 train_time:833426ms step_avg:214.80ms
step:3881/4740 train_time:833611ms step_avg:214.79ms
step:3882/4740 train_time:833933ms step_avg:214.82ms
step:3883/4740 train_time:834118ms step_avg:214.81ms
step:3884/4740 train_time:834440ms step_avg:214.84ms
step:3885/4740 train_time:834620ms step_avg:214.83ms
step:3886/4740 train_time:834943ms step_avg:214.86ms
step:3887/4740 train_time:835123ms step_avg:214.85ms
step:3888/4740 train_time:835452ms step_avg:214.88ms
step:3889/4740 train_time:835630ms step_avg:214.87ms
step:3890/4740 train_time:835953ms step_avg:214.90ms
step:3891/4740 train_time:836136ms step_avg:214.89ms
step:3892/4740 train_time:836461ms step_avg:214.92ms
step:3893/4740 train_time:836642ms step_avg:214.91ms
step:3894/4740 train_time:836961ms step_avg:214.94ms
step:3895/4740 train_time:837145ms step_avg:214.93ms
step:3896/4740 train_time:837468ms step_avg:214.96ms
step:3897/4740 train_time:837647ms step_avg:214.95ms
step:3898/4740 train_time:837968ms step_avg:214.97ms
step:3899/4740 train_time:838150ms step_avg:214.97ms
step:3900/4740 train_time:838476ms step_avg:214.99ms
step:3901/4740 train_time:838659ms step_avg:214.99ms
step:3902/4740 train_time:838981ms step_avg:215.01ms
step:3903/4740 train_time:839166ms step_avg:215.01ms
step:3904/4740 train_time:839490ms step_avg:215.03ms
step:3905/4740 train_time:839675ms step_avg:215.03ms
step:3906/4740 train_time:839995ms step_avg:215.05ms
step:3907/4740 train_time:840181ms step_avg:215.04ms
step:3908/4740 train_time:840504ms step_avg:215.07ms
step:3909/4740 train_time:840683ms step_avg:215.06ms
step:3910/4740 train_time:841005ms step_avg:215.09ms
step:3911/4740 train_time:841187ms step_avg:215.08ms
step:3912/4740 train_time:841506ms step_avg:215.11ms
step:3913/4740 train_time:841690ms step_avg:215.10ms
step:3914/4740 train_time:842011ms step_avg:215.13ms
step:3915/4740 train_time:842198ms step_avg:215.12ms
step:3916/4740 train_time:842522ms step_avg:215.15ms
step:3917/4740 train_time:842706ms step_avg:215.14ms
step:3918/4740 train_time:843024ms step_avg:215.17ms
step:3919/4740 train_time:843209ms step_avg:215.16ms
step:3920/4740 train_time:843534ms step_avg:215.19ms
step:3921/4740 train_time:843715ms step_avg:215.18ms
step:3922/4740 train_time:844034ms step_avg:215.20ms
step:3923/4740 train_time:844219ms step_avg:215.20ms
step:3924/4740 train_time:844543ms step_avg:215.23ms
step:3925/4740 train_time:844722ms step_avg:215.22ms
step:3926/4740 train_time:845044ms step_avg:215.24ms
step:3927/4740 train_time:845225ms step_avg:215.23ms
step:3928/4740 train_time:845549ms step_avg:215.26ms
step:3929/4740 train_time:845732ms step_avg:215.25ms
step:3930/4740 train_time:846057ms step_avg:215.28ms
step:3931/4740 train_time:846241ms step_avg:215.27ms
step:3932/4740 train_time:846561ms step_avg:215.30ms
step:3933/4740 train_time:846742ms step_avg:215.29ms
step:3934/4740 train_time:847065ms step_avg:215.32ms
step:3935/4740 train_time:847253ms step_avg:215.31ms
step:3936/4740 train_time:847574ms step_avg:215.34ms
step:3937/4740 train_time:847760ms step_avg:215.33ms
step:3938/4740 train_time:848082ms step_avg:215.36ms
step:3939/4740 train_time:848266ms step_avg:215.35ms
step:3940/4740 train_time:848589ms step_avg:215.38ms
step:3941/4740 train_time:848775ms step_avg:215.37ms
step:3942/4740 train_time:849101ms step_avg:215.40ms
step:3943/4740 train_time:849284ms step_avg:215.39ms
step:3944/4740 train_time:849602ms step_avg:215.42ms
step:3945/4740 train_time:849782ms step_avg:215.41ms
step:3946/4740 train_time:850105ms step_avg:215.43ms
step:3947/4740 train_time:850288ms step_avg:215.43ms
step:3948/4740 train_time:850610ms step_avg:215.45ms
step:3949/4740 train_time:850789ms step_avg:215.44ms
step:3950/4740 train_time:851112ms step_avg:215.47ms
step:3951/4740 train_time:851292ms step_avg:215.46ms
step:3952/4740 train_time:851617ms step_avg:215.49ms
step:3953/4740 train_time:851799ms step_avg:215.48ms
step:3954/4740 train_time:852119ms step_avg:215.51ms
step:3955/4740 train_time:852300ms step_avg:215.50ms
step:3956/4740 train_time:852624ms step_avg:215.53ms
step:3957/4740 train_time:852807ms step_avg:215.52ms
step:3958/4740 train_time:853127ms step_avg:215.54ms
step:3959/4740 train_time:853311ms step_avg:215.54ms
step:3960/4740 train_time:853633ms step_avg:215.56ms
step:3961/4740 train_time:853818ms step_avg:215.56ms
step:3962/4740 train_time:854142ms step_avg:215.58ms
step:3963/4740 train_time:854321ms step_avg:215.57ms
step:3964/4740 train_time:854643ms step_avg:215.60ms
step:3965/4740 train_time:854826ms step_avg:215.59ms
step:3966/4740 train_time:855149ms step_avg:215.62ms
step:3967/4740 train_time:855328ms step_avg:215.61ms
step:3968/4740 train_time:855652ms step_avg:215.64ms
step:3969/4740 train_time:855837ms step_avg:215.63ms
step:3970/4740 train_time:856158ms step_avg:215.66ms
step:3971/4740 train_time:856343ms step_avg:215.65ms
step:3972/4740 train_time:856664ms step_avg:215.68ms
step:3973/4740 train_time:856844ms step_avg:215.67ms
step:3974/4740 train_time:857163ms step_avg:215.69ms
step:3975/4740 train_time:857348ms step_avg:215.68ms
step:3976/4740 train_time:857670ms step_avg:215.71ms
step:3977/4740 train_time:857854ms step_avg:215.70ms
step:3978/4740 train_time:858178ms step_avg:215.73ms
step:3979/4740 train_time:858356ms step_avg:215.72ms
step:3980/4740 train_time:858679ms step_avg:215.75ms
step:3981/4740 train_time:858865ms step_avg:215.74ms
step:3982/4740 train_time:859182ms step_avg:215.77ms
step:3983/4740 train_time:859361ms step_avg:215.76ms
step:3984/4740 train_time:859684ms step_avg:215.78ms
step:3985/4740 train_time:859867ms step_avg:215.78ms
step:3986/4740 train_time:860185ms step_avg:215.80ms
step:3987/4740 train_time:860372ms step_avg:215.79ms
step:3988/4740 train_time:860696ms step_avg:215.82ms
step:3989/4740 train_time:860882ms step_avg:215.81ms
step:3990/4740 train_time:861203ms step_avg:215.84ms
step:3991/4740 train_time:861384ms step_avg:215.83ms
step:3992/4740 train_time:861705ms step_avg:215.86ms
step:3993/4740 train_time:861888ms step_avg:215.85ms
step:3994/4740 train_time:862213ms step_avg:215.88ms
step:3995/4740 train_time:862398ms step_avg:215.87ms
step:3996/4740 train_time:862721ms step_avg:215.90ms
step:3997/4740 train_time:862904ms step_avg:215.89ms
step:3998/4740 train_time:863227ms step_avg:215.91ms
step:3999/4740 train_time:863408ms step_avg:215.91ms
step:4000/4740 train_time:863730ms step_avg:215.93ms
step:4000/4740 val_loss:3.0003 train_time:863856ms step_avg:215.96ms
step:4001/4740 train_time:863912ms step_avg:215.92ms
step:4002/4740 train_time:864241ms step_avg:215.95ms
step:4003/4740 train_time:864428ms step_avg:215.94ms
step:4004/4740 train_time:864748ms step_avg:215.97ms
step:4005/4740 train_time:864928ms step_avg:215.96ms
step:4006/4740 train_time:865254ms step_avg:215.99ms
step:4007/4740 train_time:865438ms step_avg:215.98ms
step:4008/4740 train_time:865759ms step_avg:216.01ms
step:4009/4740 train_time:865938ms step_avg:216.00ms
step:4010/4740 train_time:866263ms step_avg:216.03ms
step:4011/4740 train_time:866448ms step_avg:216.02ms
step:4012/4740 train_time:866767ms step_avg:216.04ms
step:4013/4740 train_time:866947ms step_avg:216.03ms
step:4014/4740 train_time:867269ms step_avg:216.06ms
step:4015/4740 train_time:867454ms step_avg:216.05ms
step:4016/4740 train_time:867773ms step_avg:216.08ms
step:4017/4740 train_time:867956ms step_avg:216.07ms
step:4018/4740 train_time:868279ms step_avg:216.10ms
step:4019/4740 train_time:868464ms step_avg:216.09ms
step:4020/4740 train_time:868785ms step_avg:216.12ms
step:4021/4740 train_time:868965ms step_avg:216.11ms
step:4022/4740 train_time:869288ms step_avg:216.13ms
step:4023/4740 train_time:869471ms step_avg:216.13ms
step:4024/4740 train_time:869792ms step_avg:216.15ms
step:4025/4740 train_time:869974ms step_avg:216.14ms
step:4026/4740 train_time:870292ms step_avg:216.17ms
step:4027/4740 train_time:870473ms step_avg:216.16ms
step:4028/4740 train_time:870797ms step_avg:216.19ms
step:4029/4740 train_time:870982ms step_avg:216.18ms
step:4030/4740 train_time:871306ms step_avg:216.20ms
step:4031/4740 train_time:871489ms step_avg:216.20ms
step:4032/4740 train_time:871811ms step_avg:216.22ms
step:4033/4740 train_time:871994ms step_avg:216.21ms
step:4034/4740 train_time:872313ms step_avg:216.24ms
step:4035/4740 train_time:872496ms step_avg:216.23ms
step:4036/4740 train_time:872822ms step_avg:216.26ms
step:4037/4740 train_time:873007ms step_avg:216.25ms
step:4038/4740 train_time:873328ms step_avg:216.28ms
step:4039/4740 train_time:873513ms step_avg:216.27ms
step:4040/4740 train_time:873834ms step_avg:216.30ms
step:4041/4740 train_time:874017ms step_avg:216.29ms
step:4042/4740 train_time:874338ms step_avg:216.31ms
step:4043/4740 train_time:874525ms step_avg:216.31ms
step:4044/4740 train_time:874847ms step_avg:216.33ms
step:4045/4740 train_time:875030ms step_avg:216.32ms
step:4046/4740 train_time:875350ms step_avg:216.35ms
step:4047/4740 train_time:875534ms step_avg:216.34ms
step:4048/4740 train_time:875857ms step_avg:216.37ms
step:4049/4740 train_time:876040ms step_avg:216.36ms
step:4050/4740 train_time:876364ms step_avg:216.39ms
step:4051/4740 train_time:876545ms step_avg:216.38ms
step:4052/4740 train_time:876864ms step_avg:216.40ms
step:4053/4740 train_time:877051ms step_avg:216.40ms
step:4054/4740 train_time:877367ms step_avg:216.42ms
step:4055/4740 train_time:877554ms step_avg:216.41ms
step:4056/4740 train_time:877873ms step_avg:216.44ms
step:4057/4740 train_time:878060ms step_avg:216.43ms
step:4058/4740 train_time:878384ms step_avg:216.46ms
step:4059/4740 train_time:878567ms step_avg:216.45ms
step:4060/4740 train_time:878891ms step_avg:216.48ms
step:4061/4740 train_time:879071ms step_avg:216.47ms
step:4062/4740 train_time:879394ms step_avg:216.49ms
step:4063/4740 train_time:879576ms step_avg:216.48ms
step:4064/4740 train_time:879895ms step_avg:216.51ms
step:4065/4740 train_time:880079ms step_avg:216.50ms
step:4066/4740 train_time:880405ms step_avg:216.53ms
step:4067/4740 train_time:880583ms step_avg:216.52ms
step:4068/4740 train_time:880904ms step_avg:216.54ms
step:4069/4740 train_time:881086ms step_avg:216.54ms
step:4070/4740 train_time:881407ms step_avg:216.56ms
step:4071/4740 train_time:881590ms step_avg:216.55ms
step:4072/4740 train_time:881911ms step_avg:216.58ms
step:4073/4740 train_time:882094ms step_avg:216.57ms
step:4074/4740 train_time:882417ms step_avg:216.60ms
step:4075/4740 train_time:882602ms step_avg:216.59ms
step:4076/4740 train_time:882925ms step_avg:216.62ms
step:4077/4740 train_time:883107ms step_avg:216.61ms
step:4078/4740 train_time:883434ms step_avg:216.63ms
step:4079/4740 train_time:883612ms step_avg:216.62ms
step:4080/4740 train_time:883934ms step_avg:216.65ms
step:4081/4740 train_time:884116ms step_avg:216.64ms
step:4082/4740 train_time:884439ms step_avg:216.67ms
step:4083/4740 train_time:884623ms step_avg:216.66ms
step:4084/4740 train_time:884943ms step_avg:216.69ms
step:4085/4740 train_time:885124ms step_avg:216.68ms
step:4086/4740 train_time:885449ms step_avg:216.70ms
step:4087/4740 train_time:885629ms step_avg:216.69ms
step:4088/4740 train_time:885950ms step_avg:216.72ms
step:4089/4740 train_time:886133ms step_avg:216.71ms
step:4090/4740 train_time:886453ms step_avg:216.74ms
step:4091/4740 train_time:886637ms step_avg:216.73ms
step:4092/4740 train_time:886957ms step_avg:216.75ms
step:4093/4740 train_time:887142ms step_avg:216.75ms
step:4094/4740 train_time:887468ms step_avg:216.77ms
step:4095/4740 train_time:887649ms step_avg:216.76ms
step:4096/4740 train_time:887976ms step_avg:216.79ms
step:4097/4740 train_time:888157ms step_avg:216.78ms
step:4098/4740 train_time:888478ms step_avg:216.81ms
step:4099/4740 train_time:888659ms step_avg:216.80ms
step:4100/4740 train_time:888982ms step_avg:216.82ms
step:4101/4740 train_time:889165ms step_avg:216.82ms
step:4102/4740 train_time:889488ms step_avg:216.84ms
step:4103/4740 train_time:889671ms step_avg:216.83ms
step:4104/4740 train_time:889994ms step_avg:216.86ms
step:4105/4740 train_time:890178ms step_avg:216.85ms
step:4106/4740 train_time:890497ms step_avg:216.88ms
step:4107/4740 train_time:890680ms step_avg:216.87ms
step:4108/4740 train_time:891003ms step_avg:216.89ms
step:4109/4740 train_time:891188ms step_avg:216.89ms
step:4110/4740 train_time:891509ms step_avg:216.91ms
step:4111/4740 train_time:891689ms step_avg:216.90ms
step:4112/4740 train_time:892008ms step_avg:216.93ms
step:4113/4740 train_time:892193ms step_avg:216.92ms
step:4114/4740 train_time:892516ms step_avg:216.95ms
step:4115/4740 train_time:892700ms step_avg:216.94ms
step:4116/4740 train_time:893018ms step_avg:216.96ms
step:4117/4740 train_time:893202ms step_avg:216.95ms
step:4118/4740 train_time:893525ms step_avg:216.98ms
step:4119/4740 train_time:893709ms step_avg:216.97ms
step:4120/4740 train_time:894028ms step_avg:217.00ms
step:4121/4740 train_time:894214ms step_avg:216.99ms
step:4122/4740 train_time:894535ms step_avg:217.01ms
step:4123/4740 train_time:894718ms step_avg:217.01ms
step:4124/4740 train_time:895040ms step_avg:217.03ms
step:4125/4740 train_time:895221ms step_avg:217.02ms
step:4126/4740 train_time:895546ms step_avg:217.05ms
step:4127/4740 train_time:895729ms step_avg:217.04ms
step:4128/4740 train_time:896049ms step_avg:217.07ms
step:4129/4740 train_time:896233ms step_avg:217.06ms
step:4130/4740 train_time:896555ms step_avg:217.08ms
step:4131/4740 train_time:896739ms step_avg:217.08ms
step:4132/4740 train_time:897061ms step_avg:217.10ms
step:4133/4740 train_time:897247ms step_avg:217.09ms
step:4134/4740 train_time:897570ms step_avg:217.12ms
step:4135/4740 train_time:897753ms step_avg:217.11ms
step:4136/4740 train_time:898071ms step_avg:217.14ms
step:4137/4740 train_time:898253ms step_avg:217.13ms
step:4138/4740 train_time:898578ms step_avg:217.15ms
step:4139/4740 train_time:898760ms step_avg:217.14ms
step:4140/4740 train_time:899083ms step_avg:217.17ms
step:4141/4740 train_time:899261ms step_avg:217.16ms
step:4142/4740 train_time:899585ms step_avg:217.19ms
step:4143/4740 train_time:899768ms step_avg:217.18ms
step:4144/4740 train_time:900090ms step_avg:217.20ms
step:4145/4740 train_time:900271ms step_avg:217.19ms
step:4146/4740 train_time:900592ms step_avg:217.22ms
step:4147/4740 train_time:900774ms step_avg:217.21ms
step:4148/4740 train_time:901098ms step_avg:217.24ms
step:4149/4740 train_time:901279ms step_avg:217.23ms
step:4150/4740 train_time:901603ms step_avg:217.25ms
step:4151/4740 train_time:901787ms step_avg:217.25ms
step:4152/4740 train_time:902110ms step_avg:217.27ms
step:4153/4740 train_time:902291ms step_avg:217.26ms
step:4154/4740 train_time:902617ms step_avg:217.29ms
step:4155/4740 train_time:902799ms step_avg:217.28ms
step:4156/4740 train_time:903125ms step_avg:217.31ms
step:4157/4740 train_time:903306ms step_avg:217.30ms
step:4158/4740 train_time:903625ms step_avg:217.32ms
step:4159/4740 train_time:903809ms step_avg:217.31ms
step:4160/4740 train_time:904135ms step_avg:217.34ms
step:4161/4740 train_time:904314ms step_avg:217.33ms
step:4162/4740 train_time:904640ms step_avg:217.36ms
step:4163/4740 train_time:904827ms step_avg:217.35ms
step:4164/4740 train_time:905145ms step_avg:217.37ms
step:4165/4740 train_time:905330ms step_avg:217.37ms
step:4166/4740 train_time:905652ms step_avg:217.39ms
step:4167/4740 train_time:905835ms step_avg:217.38ms
step:4168/4740 train_time:906156ms step_avg:217.41ms
step:4169/4740 train_time:906340ms step_avg:217.40ms
step:4170/4740 train_time:906660ms step_avg:217.42ms
step:4171/4740 train_time:906847ms step_avg:217.42ms
step:4172/4740 train_time:907171ms step_avg:217.44ms
step:4173/4740 train_time:907350ms step_avg:217.43ms
step:4174/4740 train_time:907671ms step_avg:217.46ms
step:4175/4740 train_time:907858ms step_avg:217.45ms
step:4176/4740 train_time:908183ms step_avg:217.48ms
step:4177/4740 train_time:908362ms step_avg:217.47ms
step:4178/4740 train_time:908684ms step_avg:217.49ms
step:4179/4740 train_time:908864ms step_avg:217.48ms
step:4180/4740 train_time:909187ms step_avg:217.51ms
step:4181/4740 train_time:909372ms step_avg:217.50ms
step:4182/4740 train_time:909695ms step_avg:217.53ms
step:4183/4740 train_time:909875ms step_avg:217.52ms
step:4184/4740 train_time:910203ms step_avg:217.54ms
step:4185/4740 train_time:910383ms step_avg:217.53ms
step:4186/4740 train_time:910705ms step_avg:217.56ms
step:4187/4740 train_time:910886ms step_avg:217.55ms
step:4188/4740 train_time:911207ms step_avg:217.58ms
step:4189/4740 train_time:911389ms step_avg:217.57ms
step:4190/4740 train_time:911714ms step_avg:217.59ms
step:4191/4740 train_time:911892ms step_avg:217.58ms
step:4192/4740 train_time:912210ms step_avg:217.61ms
step:4193/4740 train_time:912395ms step_avg:217.60ms
step:4194/4740 train_time:912714ms step_avg:217.62ms
step:4195/4740 train_time:912897ms step_avg:217.62ms
step:4196/4740 train_time:913222ms step_avg:217.64ms
step:4197/4740 train_time:913405ms step_avg:217.63ms
step:4198/4740 train_time:913729ms step_avg:217.66ms
step:4199/4740 train_time:913914ms step_avg:217.65ms
step:4200/4740 train_time:914236ms step_avg:217.68ms
step:4201/4740 train_time:914419ms step_avg:217.67ms
step:4202/4740 train_time:914742ms step_avg:217.69ms
step:4203/4740 train_time:914927ms step_avg:217.68ms
step:4204/4740 train_time:915248ms step_avg:217.71ms
step:4205/4740 train_time:915430ms step_avg:217.70ms
step:4206/4740 train_time:915748ms step_avg:217.72ms
step:4207/4740 train_time:915934ms step_avg:217.72ms
step:4208/4740 train_time:916258ms step_avg:217.74ms
step:4209/4740 train_time:916443ms step_avg:217.73ms
step:4210/4740 train_time:916766ms step_avg:217.76ms
step:4211/4740 train_time:916949ms step_avg:217.75ms
step:4212/4740 train_time:917267ms step_avg:217.77ms
step:4213/4740 train_time:917449ms step_avg:217.77ms
step:4214/4740 train_time:917772ms step_avg:217.79ms
step:4215/4740 train_time:917956ms step_avg:217.78ms
step:4216/4740 train_time:918274ms step_avg:217.81ms
step:4217/4740 train_time:918460ms step_avg:217.80ms
step:4218/4740 train_time:918785ms step_avg:217.82ms
step:4219/4740 train_time:918970ms step_avg:217.82ms
step:4220/4740 train_time:919293ms step_avg:217.84ms
step:4221/4740 train_time:919474ms step_avg:217.83ms
step:4222/4740 train_time:919797ms step_avg:217.86ms
step:4223/4740 train_time:919979ms step_avg:217.85ms
step:4224/4740 train_time:920304ms step_avg:217.87ms
step:4225/4740 train_time:920485ms step_avg:217.87ms
step:4226/4740 train_time:920810ms step_avg:217.89ms
step:4227/4740 train_time:920989ms step_avg:217.88ms
step:4228/4740 train_time:921312ms step_avg:217.91ms
step:4229/4740 train_time:921494ms step_avg:217.90ms
step:4230/4740 train_time:921814ms step_avg:217.92ms
step:4231/4740 train_time:921998ms step_avg:217.92ms
step:4232/4740 train_time:922323ms step_avg:217.94ms
step:4233/4740 train_time:922506ms step_avg:217.93ms
step:4234/4740 train_time:922829ms step_avg:217.96ms
step:4235/4740 train_time:923009ms step_avg:217.95ms
step:4236/4740 train_time:923330ms step_avg:217.97ms
step:4237/4740 train_time:923508ms step_avg:217.96ms
step:4238/4740 train_time:923831ms step_avg:217.99ms
step:4239/4740 train_time:924015ms step_avg:217.98ms
step:4240/4740 train_time:924337ms step_avg:218.00ms
step:4241/4740 train_time:924519ms step_avg:218.00ms
step:4242/4740 train_time:924841ms step_avg:218.02ms
step:4243/4740 train_time:925021ms step_avg:218.01ms
step:4244/4740 train_time:925342ms step_avg:218.04ms
step:4245/4740 train_time:925528ms step_avg:218.03ms
step:4246/4740 train_time:925850ms step_avg:218.05ms
step:4247/4740 train_time:926035ms step_avg:218.04ms
step:4248/4740 train_time:926356ms step_avg:218.07ms
step:4249/4740 train_time:926539ms step_avg:218.06ms
step:4250/4740 train_time:926861ms step_avg:218.08ms
step:4250/4740 val_loss:2.9711 train_time:926989ms step_avg:218.12ms
step:4251/4740 train_time:927045ms step_avg:218.08ms
step:4252/4740 train_time:927372ms step_avg:218.10ms
step:4253/4740 train_time:927559ms step_avg:218.10ms
step:4254/4740 train_time:927877ms step_avg:218.12ms
step:4255/4740 train_time:928062ms step_avg:218.11ms
step:4256/4740 train_time:928386ms step_avg:218.14ms
step:4257/4740 train_time:928567ms step_avg:218.13ms
step:4258/4740 train_time:928887ms step_avg:218.15ms
step:4259/4740 train_time:929068ms step_avg:218.14ms
step:4260/4740 train_time:929394ms step_avg:218.17ms
step:4261/4740 train_time:929579ms step_avg:218.16ms
step:4262/4740 train_time:929896ms step_avg:218.18ms
step:4263/4740 train_time:930080ms step_avg:218.17ms
step:4264/4740 train_time:930403ms step_avg:218.20ms
step:4265/4740 train_time:930586ms step_avg:218.19ms
step:4266/4740 train_time:930908ms step_avg:218.22ms
step:4267/4740 train_time:931090ms step_avg:218.21ms
step:4268/4740 train_time:931411ms step_avg:218.23ms
step:4269/4740 train_time:931595ms step_avg:218.22ms
step:4270/4740 train_time:931921ms step_avg:218.25ms
step:4271/4740 train_time:932101ms step_avg:218.24ms
step:4272/4740 train_time:932423ms step_avg:218.26ms
step:4273/4740 train_time:932609ms step_avg:218.26ms
step:4274/4740 train_time:932928ms step_avg:218.28ms
step:4275/4740 train_time:933113ms step_avg:218.27ms
step:4276/4740 train_time:933438ms step_avg:218.30ms
step:4277/4740 train_time:933617ms step_avg:218.29ms
step:4278/4740 train_time:933939ms step_avg:218.31ms
step:4279/4740 train_time:934123ms step_avg:218.30ms
step:4280/4740 train_time:934445ms step_avg:218.33ms
step:4281/4740 train_time:934624ms step_avg:218.32ms
step:4282/4740 train_time:934945ms step_avg:218.34ms
step:4283/4740 train_time:935124ms step_avg:218.33ms
step:4284/4740 train_time:935448ms step_avg:218.36ms
step:4285/4740 train_time:935631ms step_avg:218.35ms
step:4286/4740 train_time:935952ms step_avg:218.37ms
step:4287/4740 train_time:936134ms step_avg:218.37ms
step:4288/4740 train_time:936457ms step_avg:218.39ms
step:4289/4740 train_time:936637ms step_avg:218.38ms
step:4290/4740 train_time:936956ms step_avg:218.40ms
step:4291/4740 train_time:937139ms step_avg:218.40ms
step:4292/4740 train_time:937465ms step_avg:218.42ms
step:4293/4740 train_time:937651ms step_avg:218.41ms
step:4294/4740 train_time:937978ms step_avg:218.44ms
step:4295/4740 train_time:938157ms step_avg:218.43ms
step:4296/4740 train_time:938484ms step_avg:218.46ms
step:4297/4740 train_time:938663ms step_avg:218.45ms
step:4298/4740 train_time:938986ms step_avg:218.47ms
step:4299/4740 train_time:939170ms step_avg:218.46ms
step:4300/4740 train_time:939494ms step_avg:218.49ms
step:4301/4740 train_time:939677ms step_avg:218.48ms
step:4302/4740 train_time:939997ms step_avg:218.50ms
step:4303/4740 train_time:940181ms step_avg:218.49ms
step:4304/4740 train_time:940504ms step_avg:218.52ms
step:4305/4740 train_time:940689ms step_avg:218.51ms
step:4306/4740 train_time:941014ms step_avg:218.54ms
step:4307/4740 train_time:941198ms step_avg:218.53ms
step:4308/4740 train_time:941522ms step_avg:218.55ms
step:4309/4740 train_time:941702ms step_avg:218.54ms
step:4310/4740 train_time:942024ms step_avg:218.57ms
step:4311/4740 train_time:942203ms step_avg:218.56ms
step:4312/4740 train_time:942528ms step_avg:218.58ms
step:4313/4740 train_time:942712ms step_avg:218.57ms
step:4314/4740 train_time:943031ms step_avg:218.60ms
step:4315/4740 train_time:943212ms step_avg:218.59ms
step:4316/4740 train_time:943535ms step_avg:218.61ms
step:4317/4740 train_time:943722ms step_avg:218.61ms
step:4318/4740 train_time:944042ms step_avg:218.63ms
step:4319/4740 train_time:944221ms step_avg:218.62ms
step:4320/4740 train_time:944542ms step_avg:218.64ms
step:4321/4740 train_time:944732ms step_avg:218.64ms
step:4322/4740 train_time:945055ms step_avg:218.66ms
step:4323/4740 train_time:945237ms step_avg:218.65ms
step:4324/4740 train_time:945560ms step_avg:218.68ms
step:4325/4740 train_time:945744ms step_avg:218.67ms
step:4326/4740 train_time:946064ms step_avg:218.69ms
step:4327/4740 train_time:946247ms step_avg:218.68ms
step:4328/4740 train_time:946566ms step_avg:218.71ms
step:4329/4740 train_time:946747ms step_avg:218.70ms
step:4330/4740 train_time:947066ms step_avg:218.72ms
step:4331/4740 train_time:947252ms step_avg:218.71ms
step:4332/4740 train_time:947575ms step_avg:218.74ms
step:4333/4740 train_time:947755ms step_avg:218.73ms
step:4334/4740 train_time:948077ms step_avg:218.75ms
step:4335/4740 train_time:948262ms step_avg:218.75ms
step:4336/4740 train_time:948583ms step_avg:218.77ms
step:4337/4740 train_time:948768ms step_avg:218.76ms
step:4338/4740 train_time:949090ms step_avg:218.79ms
step:4339/4740 train_time:949277ms step_avg:218.78ms
step:4340/4740 train_time:949597ms step_avg:218.80ms
step:4341/4740 train_time:949782ms step_avg:218.79ms
step:4342/4740 train_time:950102ms step_avg:218.82ms
step:4343/4740 train_time:950285ms step_avg:218.81ms
step:4344/4740 train_time:950609ms step_avg:218.83ms
step:4345/4740 train_time:950788ms step_avg:218.82ms
step:4346/4740 train_time:951113ms step_avg:218.85ms
step:4347/4740 train_time:951298ms step_avg:218.84ms
step:4348/4740 train_time:951620ms step_avg:218.86ms
step:4349/4740 train_time:951800ms step_avg:218.85ms
step:4350/4740 train_time:952125ms step_avg:218.88ms
step:4351/4740 train_time:952305ms step_avg:218.87ms
step:4352/4740 train_time:952626ms step_avg:218.89ms
step:4353/4740 train_time:952803ms step_avg:218.88ms
step:4354/4740 train_time:953127ms step_avg:218.91ms
step:4355/4740 train_time:953309ms step_avg:218.90ms
step:4356/4740 train_time:953631ms step_avg:218.92ms
step:4357/4740 train_time:953815ms step_avg:218.92ms
step:4358/4740 train_time:954142ms step_avg:218.94ms
step:4359/4740 train_time:954330ms step_avg:218.93ms
step:4360/4740 train_time:954651ms step_avg:218.96ms
step:4361/4740 train_time:954833ms step_avg:218.95ms
step:4362/4740 train_time:955159ms step_avg:218.97ms
step:4363/4740 train_time:955342ms step_avg:218.96ms
step:4364/4740 train_time:955664ms step_avg:218.99ms
step:4365/4740 train_time:955844ms step_avg:218.98ms
step:4366/4740 train_time:956168ms step_avg:219.00ms
step:4367/4740 train_time:956350ms step_avg:218.99ms
step:4368/4740 train_time:956675ms step_avg:219.02ms
step:4369/4740 train_time:956857ms step_avg:219.01ms
step:4370/4740 train_time:957180ms step_avg:219.03ms
step:4371/4740 train_time:957362ms step_avg:219.03ms
step:4372/4740 train_time:957682ms step_avg:219.05ms
step:4373/4740 train_time:957862ms step_avg:219.04ms
step:4374/4740 train_time:958183ms step_avg:219.06ms
step:4375/4740 train_time:958363ms step_avg:219.05ms
step:4376/4740 train_time:958690ms step_avg:219.08ms
step:4377/4740 train_time:958873ms step_avg:219.07ms
step:4378/4740 train_time:959196ms step_avg:219.09ms
step:4379/4740 train_time:959380ms step_avg:219.09ms
step:4380/4740 train_time:959701ms step_avg:219.11ms
step:4381/4740 train_time:959883ms step_avg:219.10ms
step:4382/4740 train_time:960206ms step_avg:219.12ms
step:4383/4740 train_time:960388ms step_avg:219.12ms
step:4384/4740 train_time:960713ms step_avg:219.14ms
step:4385/4740 train_time:960894ms step_avg:219.13ms
step:4386/4740 train_time:961217ms step_avg:219.16ms
step:4387/4740 train_time:961397ms step_avg:219.15ms
step:4388/4740 train_time:961722ms step_avg:219.17ms
step:4389/4740 train_time:961901ms step_avg:219.16ms
step:4390/4740 train_time:962223ms step_avg:219.19ms
step:4391/4740 train_time:962408ms step_avg:219.18ms
step:4392/4740 train_time:962734ms step_avg:219.20ms
step:4393/4740 train_time:962915ms step_avg:219.19ms
step:4394/4740 train_time:963232ms step_avg:219.22ms
step:4395/4740 train_time:963420ms step_avg:219.21ms
step:4396/4740 train_time:963742ms step_avg:219.23ms
step:4397/4740 train_time:963924ms step_avg:219.22ms
step:4398/4740 train_time:964245ms step_avg:219.25ms
step:4399/4740 train_time:964426ms step_avg:219.24ms
step:4400/4740 train_time:964752ms step_avg:219.26ms
step:4401/4740 train_time:964933ms step_avg:219.25ms
step:4402/4740 train_time:965255ms step_avg:219.28ms
step:4403/4740 train_time:965440ms step_avg:219.27ms
step:4404/4740 train_time:965761ms step_avg:219.29ms
step:4405/4740 train_time:965941ms step_avg:219.28ms
step:4406/4740 train_time:966264ms step_avg:219.31ms
step:4407/4740 train_time:966450ms step_avg:219.30ms
step:4408/4740 train_time:966775ms step_avg:219.32ms
step:4409/4740 train_time:966956ms step_avg:219.31ms
step:4410/4740 train_time:967277ms step_avg:219.34ms
step:4411/4740 train_time:967457ms step_avg:219.33ms
step:4412/4740 train_time:967782ms step_avg:219.35ms
step:4413/4740 train_time:967963ms step_avg:219.34ms
step:4414/4740 train_time:968285ms step_avg:219.37ms
step:4415/4740 train_time:968464ms step_avg:219.36ms
step:4416/4740 train_time:968786ms step_avg:219.38ms
step:4417/4740 train_time:968972ms step_avg:219.37ms
step:4418/4740 train_time:969292ms step_avg:219.40ms
step:4419/4740 train_time:969477ms step_avg:219.39ms
step:4420/4740 train_time:969796ms step_avg:219.41ms
step:4421/4740 train_time:969980ms step_avg:219.40ms
step:4422/4740 train_time:970300ms step_avg:219.43ms
step:4423/4740 train_time:970483ms step_avg:219.42ms
step:4424/4740 train_time:970810ms step_avg:219.44ms
step:4425/4740 train_time:970991ms step_avg:219.43ms
step:4426/4740 train_time:971313ms step_avg:219.46ms
step:4427/4740 train_time:971497ms step_avg:219.45ms
step:4428/4740 train_time:971820ms step_avg:219.47ms
step:4429/4740 train_time:972002ms step_avg:219.46ms
step:4430/4740 train_time:972323ms step_avg:219.49ms
step:4431/4740 train_time:972507ms step_avg:219.48ms
step:4432/4740 train_time:972828ms step_avg:219.50ms
step:4433/4740 train_time:973012ms step_avg:219.49ms
step:4434/4740 train_time:973330ms step_avg:219.52ms
step:4435/4740 train_time:973516ms step_avg:219.51ms
step:4436/4740 train_time:973841ms step_avg:219.53ms
step:4437/4740 train_time:974023ms step_avg:219.52ms
step:4438/4740 train_time:974348ms step_avg:219.55ms
step:4439/4740 train_time:974533ms step_avg:219.54ms
step:4440/4740 train_time:974850ms step_avg:219.56ms
step:4441/4740 train_time:975034ms step_avg:219.55ms
step:4442/4740 train_time:975360ms step_avg:219.58ms
step:4443/4740 train_time:975538ms step_avg:219.57ms
step:4444/4740 train_time:975859ms step_avg:219.59ms
step:4445/4740 train_time:976041ms step_avg:219.58ms
step:4446/4740 train_time:976364ms step_avg:219.61ms
step:4447/4740 train_time:976549ms step_avg:219.60ms
step:4448/4740 train_time:976867ms step_avg:219.62ms
step:4449/4740 train_time:977052ms step_avg:219.61ms
step:4450/4740 train_time:977373ms step_avg:219.63ms
step:4451/4740 train_time:977557ms step_avg:219.63ms
step:4452/4740 train_time:977879ms step_avg:219.65ms
step:4453/4740 train_time:978059ms step_avg:219.64ms
step:4454/4740 train_time:978387ms step_avg:219.66ms
step:4455/4740 train_time:978569ms step_avg:219.66ms
step:4456/4740 train_time:978889ms step_avg:219.68ms
step:4457/4740 train_time:979072ms step_avg:219.67ms
step:4458/4740 train_time:979395ms step_avg:219.69ms
step:4459/4740 train_time:979579ms step_avg:219.69ms
step:4460/4740 train_time:979898ms step_avg:219.71ms
step:4461/4740 train_time:980083ms step_avg:219.70ms
step:4462/4740 train_time:980404ms step_avg:219.72ms
step:4463/4740 train_time:980591ms step_avg:219.72ms
step:4464/4740 train_time:980916ms step_avg:219.74ms
step:4465/4740 train_time:981096ms step_avg:219.73ms
step:4466/4740 train_time:981418ms step_avg:219.75ms
step:4467/4740 train_time:981603ms step_avg:219.75ms
step:4468/4740 train_time:981924ms step_avg:219.77ms
step:4469/4740 train_time:982107ms step_avg:219.76ms
step:4470/4740 train_time:982431ms step_avg:219.78ms
step:4471/4740 train_time:982613ms step_avg:219.77ms
step:4472/4740 train_time:982932ms step_avg:219.80ms
step:4473/4740 train_time:983123ms step_avg:219.79ms
step:4474/4740 train_time:983444ms step_avg:219.81ms
step:4475/4740 train_time:983625ms step_avg:219.80ms
step:4476/4740 train_time:983946ms step_avg:219.83ms
step:4477/4740 train_time:984132ms step_avg:219.82ms
step:4478/4740 train_time:984457ms step_avg:219.84ms
step:4479/4740 train_time:984640ms step_avg:219.83ms
step:4480/4740 train_time:984964ms step_avg:219.86ms
step:4481/4740 train_time:985145ms step_avg:219.85ms
step:4482/4740 train_time:985464ms step_avg:219.87ms
step:4483/4740 train_time:985647ms step_avg:219.86ms
step:4484/4740 train_time:985968ms step_avg:219.89ms
step:4485/4740 train_time:986151ms step_avg:219.88ms
step:4486/4740 train_time:986474ms step_avg:219.90ms
step:4487/4740 train_time:986654ms step_avg:219.89ms
step:4488/4740 train_time:986977ms step_avg:219.91ms
step:4489/4740 train_time:987157ms step_avg:219.91ms
step:4490/4740 train_time:987480ms step_avg:219.93ms
step:4491/4740 train_time:987662ms step_avg:219.92ms
step:4492/4740 train_time:987982ms step_avg:219.94ms
step:4493/4740 train_time:988168ms step_avg:219.93ms
step:4494/4740 train_time:988492ms step_avg:219.96ms
step:4495/4740 train_time:988674ms step_avg:219.95ms
step:4496/4740 train_time:988996ms step_avg:219.97ms
step:4497/4740 train_time:989175ms step_avg:219.96ms
step:4498/4740 train_time:989500ms step_avg:219.99ms
step:4499/4740 train_time:989679ms step_avg:219.98ms
step:4500/4740 train_time:990003ms step_avg:220.00ms
step:4500/4740 val_loss:2.9458 train_time:990131ms step_avg:220.03ms
step:4501/4740 train_time:990187ms step_avg:219.99ms
step:4502/4740 train_time:990516ms step_avg:220.02ms
step:4503/4740 train_time:990702ms step_avg:220.01ms
step:4504/4740 train_time:991023ms step_avg:220.03ms
step:4505/4740 train_time:991206ms step_avg:220.02ms
step:4506/4740 train_time:991531ms step_avg:220.05ms
step:4507/4740 train_time:991719ms step_avg:220.04ms
step:4508/4740 train_time:992039ms step_avg:220.06ms
step:4509/4740 train_time:992219ms step_avg:220.05ms
step:4510/4740 train_time:992544ms step_avg:220.08ms
step:4511/4740 train_time:992729ms step_avg:220.07ms
step:4512/4740 train_time:993050ms step_avg:220.09ms
step:4513/4740 train_time:993233ms step_avg:220.08ms
step:4514/4740 train_time:993558ms step_avg:220.11ms
step:4515/4740 train_time:993738ms step_avg:220.10ms
step:4516/4740 train_time:994062ms step_avg:220.12ms
step:4517/4740 train_time:994242ms step_avg:220.11ms
step:4518/4740 train_time:994568ms step_avg:220.13ms
step:4519/4740 train_time:994748ms step_avg:220.13ms
step:4520/4740 train_time:995071ms step_avg:220.15ms
step:4521/4740 train_time:995252ms step_avg:220.14ms
step:4522/4740 train_time:995577ms step_avg:220.16ms
step:4523/4740 train_time:995760ms step_avg:220.15ms
step:4524/4740 train_time:996083ms step_avg:220.18ms
step:4525/4740 train_time:996267ms step_avg:220.17ms
step:4526/4740 train_time:996591ms step_avg:220.19ms
step:4527/4740 train_time:996774ms step_avg:220.18ms
step:4528/4740 train_time:997094ms step_avg:220.21ms
step:4529/4740 train_time:997276ms step_avg:220.20ms
step:4530/4740 train_time:997596ms step_avg:220.22ms
step:4531/4740 train_time:997781ms step_avg:220.21ms
step:4532/4740 train_time:998104ms step_avg:220.23ms
step:4533/4740 train_time:998285ms step_avg:220.23ms
step:4534/4740 train_time:998608ms step_avg:220.25ms
step:4535/4740 train_time:998788ms step_avg:220.24ms
step:4536/4740 train_time:999113ms step_avg:220.26ms
step:4537/4740 train_time:999298ms step_avg:220.26ms
step:4538/4740 train_time:999623ms step_avg:220.28ms
step:4539/4740 train_time:999805ms step_avg:220.27ms
step:4540/4740 train_time:1000130ms step_avg:220.29ms
step:4541/4740 train_time:1000309ms step_avg:220.28ms
step:4542/4740 train_time:1000632ms step_avg:220.31ms
step:4543/4740 train_time:1000819ms step_avg:220.30ms
step:4544/4740 train_time:1001143ms step_avg:220.32ms
step:4545/4740 train_time:1001323ms step_avg:220.31ms
step:4546/4740 train_time:1001650ms step_avg:220.34ms
step:4547/4740 train_time:1001833ms step_avg:220.33ms
step:4548/4740 train_time:1002153ms step_avg:220.35ms
step:4549/4740 train_time:1002338ms step_avg:220.34ms
step:4550/4740 train_time:1002662ms step_avg:220.37ms
step:4551/4740 train_time:1002845ms step_avg:220.36ms
step:4552/4740 train_time:1003167ms step_avg:220.38ms
step:4553/4740 train_time:1003347ms step_avg:220.37ms
step:4554/4740 train_time:1003671ms step_avg:220.39ms
step:4555/4740 train_time:1003851ms step_avg:220.38ms
step:4556/4740 train_time:1004176ms step_avg:220.41ms
step:4557/4740 train_time:1004361ms step_avg:220.40ms
step:4558/4740 train_time:1004681ms step_avg:220.42ms
step:4559/4740 train_time:1004870ms step_avg:220.41ms
step:4560/4740 train_time:1005195ms step_avg:220.44ms
step:4561/4740 train_time:1005378ms step_avg:220.43ms
step:4562/4740 train_time:1005700ms step_avg:220.45ms
step:4563/4740 train_time:1005884ms step_avg:220.44ms
step:4564/4740 train_time:1006211ms step_avg:220.47ms
step:4565/4740 train_time:1006394ms step_avg:220.46ms
step:4566/4740 train_time:1006715ms step_avg:220.48ms
step:4567/4740 train_time:1006898ms step_avg:220.47ms
step:4568/4740 train_time:1007223ms step_avg:220.50ms
step:4569/4740 train_time:1007405ms step_avg:220.49ms
step:4570/4740 train_time:1007730ms step_avg:220.51ms
step:4571/4740 train_time:1007909ms step_avg:220.50ms
step:4572/4740 train_time:1008234ms step_avg:220.52ms
step:4573/4740 train_time:1008415ms step_avg:220.51ms
step:4574/4740 train_time:1008739ms step_avg:220.54ms
step:4575/4740 train_time:1008917ms step_avg:220.53ms
step:4576/4740 train_time:1009240ms step_avg:220.55ms
step:4577/4740 train_time:1009423ms step_avg:220.54ms
step:4578/4740 train_time:1009745ms step_avg:220.56ms
step:4579/4740 train_time:1009928ms step_avg:220.56ms
step:4580/4740 train_time:1010251ms step_avg:220.58ms
step:4581/4740 train_time:1010435ms step_avg:220.57ms
step:4582/4740 train_time:1010757ms step_avg:220.59ms
step:4583/4740 train_time:1010941ms step_avg:220.59ms
step:4584/4740 train_time:1011264ms step_avg:220.61ms
step:4585/4740 train_time:1011445ms step_avg:220.60ms
step:4586/4740 train_time:1011766ms step_avg:220.62ms
step:4587/4740 train_time:1011946ms step_avg:220.61ms
step:4588/4740 train_time:1012268ms step_avg:220.63ms
step:4589/4740 train_time:1012451ms step_avg:220.63ms
step:4590/4740 train_time:1012777ms step_avg:220.65ms
step:4591/4740 train_time:1012957ms step_avg:220.64ms
step:4592/4740 train_time:1013279ms step_avg:220.66ms
step:4593/4740 train_time:1013466ms step_avg:220.65ms
step:4594/4740 train_time:1013790ms step_avg:220.68ms
step:4595/4740 train_time:1013971ms step_avg:220.67ms
step:4596/4740 train_time:1014294ms step_avg:220.69ms
step:4597/4740 train_time:1014479ms step_avg:220.68ms
step:4598/4740 train_time:1014802ms step_avg:220.71ms
step:4599/4740 train_time:1014983ms step_avg:220.70ms
step:4600/4740 train_time:1015307ms step_avg:220.72ms
step:4601/4740 train_time:1015491ms step_avg:220.71ms
step:4602/4740 train_time:1015818ms step_avg:220.73ms
step:4603/4740 train_time:1015996ms step_avg:220.72ms
step:4604/4740 train_time:1016318ms step_avg:220.75ms
step:4605/4740 train_time:1016502ms step_avg:220.74ms
step:4606/4740 train_time:1016825ms step_avg:220.76ms
step:4607/4740 train_time:1017004ms step_avg:220.75ms
step:4608/4740 train_time:1017327ms step_avg:220.77ms
step:4609/4740 train_time:1017511ms step_avg:220.77ms
step:4610/4740 train_time:1017837ms step_avg:220.79ms
step:4611/4740 train_time:1018016ms step_avg:220.78ms
step:4612/4740 train_time:1018335ms step_avg:220.80ms
step:4613/4740 train_time:1018520ms step_avg:220.79ms
step:4614/4740 train_time:1018844ms step_avg:220.82ms
step:4615/4740 train_time:1019024ms step_avg:220.81ms
step:4616/4740 train_time:1019348ms step_avg:220.83ms
step:4617/4740 train_time:1019530ms step_avg:220.82ms
step:4618/4740 train_time:1019854ms step_avg:220.84ms
step:4619/4740 train_time:1020036ms step_avg:220.83ms
step:4620/4740 train_time:1020359ms step_avg:220.86ms
step:4621/4740 train_time:1020541ms step_avg:220.85ms
step:4622/4740 train_time:1020864ms step_avg:220.87ms
step:4623/4740 train_time:1021048ms step_avg:220.86ms
step:4624/4740 train_time:1021369ms step_avg:220.88ms
step:4625/4740 train_time:1021551ms step_avg:220.88ms
step:4626/4740 train_time:1021870ms step_avg:220.90ms
step:4627/4740 train_time:1022059ms step_avg:220.89ms
step:4628/4740 train_time:1022383ms step_avg:220.91ms
step:4629/4740 train_time:1022565ms step_avg:220.90ms
step:4630/4740 train_time:1022886ms step_avg:220.93ms
step:4631/4740 train_time:1023071ms step_avg:220.92ms
step:4632/4740 train_time:1023392ms step_avg:220.94ms
step:4633/4740 train_time:1023577ms step_avg:220.93ms
step:4634/4740 train_time:1023905ms step_avg:220.95ms
step:4635/4740 train_time:1024084ms step_avg:220.95ms
step:4636/4740 train_time:1024408ms step_avg:220.97ms
step:4637/4740 train_time:1024590ms step_avg:220.96ms
step:4638/4740 train_time:1024913ms step_avg:220.98ms
step:4639/4740 train_time:1025097ms step_avg:220.97ms
step:4640/4740 train_time:1025421ms step_avg:221.00ms
step:4641/4740 train_time:1025602ms step_avg:220.99ms
step:4642/4740 train_time:1025919ms step_avg:221.01ms
step:4643/4740 train_time:1026106ms step_avg:221.00ms
step:4644/4740 train_time:1026426ms step_avg:221.02ms
step:4645/4740 train_time:1026610ms step_avg:221.01ms
step:4646/4740 train_time:1026933ms step_avg:221.04ms
step:4647/4740 train_time:1027113ms step_avg:221.03ms
step:4648/4740 train_time:1027432ms step_avg:221.05ms
step:4649/4740 train_time:1027614ms step_avg:221.04ms
step:4650/4740 train_time:1027938ms step_avg:221.06ms
step:4651/4740 train_time:1028125ms step_avg:221.05ms
step:4652/4740 train_time:1028449ms step_avg:221.08ms
step:4653/4740 train_time:1028630ms step_avg:221.07ms
step:4654/4740 train_time:1028951ms step_avg:221.09ms
step:4655/4740 train_time:1029135ms step_avg:221.08ms
step:4656/4740 train_time:1029460ms step_avg:221.10ms
step:4657/4740 train_time:1029646ms step_avg:221.10ms
step:4658/4740 train_time:1029969ms step_avg:221.12ms
step:4659/4740 train_time:1030153ms step_avg:221.11ms
step:4660/4740 train_time:1030477ms step_avg:221.13ms
step:4661/4740 train_time:1030656ms step_avg:221.12ms
step:4662/4740 train_time:1030980ms step_avg:221.15ms
step:4663/4740 train_time:1031158ms step_avg:221.14ms
step:4664/4740 train_time:1031480ms step_avg:221.16ms
step:4665/4740 train_time:1031661ms step_avg:221.15ms
step:4666/4740 train_time:1031981ms step_avg:221.17ms
step:4667/4740 train_time:1032164ms step_avg:221.16ms
step:4668/4740 train_time:1032486ms step_avg:221.18ms
step:4669/4740 train_time:1032667ms step_avg:221.18ms
step:4670/4740 train_time:1032991ms step_avg:221.20ms
step:4671/4740 train_time:1033174ms step_avg:221.19ms
step:4672/4740 train_time:1033499ms step_avg:221.21ms
step:4673/4740 train_time:1033682ms step_avg:221.20ms
step:4674/4740 train_time:1034008ms step_avg:221.23ms
step:4675/4740 train_time:1034187ms step_avg:221.22ms
step:4676/4740 train_time:1034507ms step_avg:221.24ms
step:4677/4740 train_time:1034689ms step_avg:221.23ms
step:4678/4740 train_time:1035014ms step_avg:221.25ms
step:4679/4740 train_time:1035195ms step_avg:221.24ms
step:4680/4740 train_time:1035522ms step_avg:221.27ms
step:4681/4740 train_time:1035699ms step_avg:221.26ms
step:4682/4740 train_time:1036024ms step_avg:221.28ms
step:4683/4740 train_time:1036207ms step_avg:221.27ms
step:4684/4740 train_time:1036529ms step_avg:221.29ms
step:4685/4740 train_time:1036712ms step_avg:221.28ms
step:4686/4740 train_time:1037038ms step_avg:221.31ms
step:4687/4740 train_time:1037225ms step_avg:221.30ms
step:4688/4740 train_time:1037544ms step_avg:221.32ms
step:4689/4740 train_time:1037729ms step_avg:221.31ms
step:4690/4740 train_time:1038048ms step_avg:221.33ms
step:4691/4740 train_time:1038231ms step_avg:221.32ms
step:4692/4740 train_time:1038551ms step_avg:221.34ms
step:4693/4740 train_time:1038733ms step_avg:221.34ms
step:4694/4740 train_time:1039058ms step_avg:221.36ms
step:4695/4740 train_time:1039238ms step_avg:221.35ms
step:4696/4740 train_time:1039556ms step_avg:221.37ms
step:4697/4740 train_time:1039740ms step_avg:221.36ms
step:4698/4740 train_time:1040061ms step_avg:221.38ms
step:4699/4740 train_time:1040242ms step_avg:221.38ms
step:4700/4740 train_time:1040563ms step_avg:221.40ms
step:4701/4740 train_time:1040745ms step_avg:221.39ms
step:4702/4740 train_time:1041068ms step_avg:221.41ms
step:4703/4740 train_time:1041252ms step_avg:221.40ms
step:4704/4740 train_time:1041573ms step_avg:221.42ms
step:4705/4740 train_time:1041760ms step_avg:221.42ms
step:4706/4740 train_time:1042083ms step_avg:221.44ms
step:4707/4740 train_time:1042268ms step_avg:221.43ms
step:4708/4740 train_time:1042587ms step_avg:221.45ms
step:4709/4740 train_time:1042771ms step_avg:221.44ms
step:4710/4740 train_time:1043099ms step_avg:221.46ms
step:4711/4740 train_time:1043281ms step_avg:221.46ms
step:4712/4740 train_time:1043604ms step_avg:221.48ms
step:4713/4740 train_time:1043785ms step_avg:221.47ms
step:4714/4740 train_time:1044107ms step_avg:221.49ms
step:4715/4740 train_time:1044288ms step_avg:221.48ms
step:4716/4740 train_time:1044611ms step_avg:221.50ms
step:4717/4740 train_time:1044796ms step_avg:221.50ms
step:4718/4740 train_time:1045120ms step_avg:221.52ms
step:4719/4740 train_time:1045300ms step_avg:221.51ms
step:4720/4740 train_time:1045624ms step_avg:221.53ms
step:4721/4740 train_time:1045806ms step_avg:221.52ms
step:4722/4740 train_time:1046131ms step_avg:221.54ms
step:4723/4740 train_time:1046320ms step_avg:221.54ms
step:4724/4740 train_time:1046641ms step_avg:221.56ms
step:4725/4740 train_time:1046826ms step_avg:221.55ms
step:4726/4740 train_time:1047147ms step_avg:221.57ms
step:4727/4740 train_time:1047329ms step_avg:221.56ms
step:4728/4740 train_time:1047649ms step_avg:221.58ms
step:4729/4740 train_time:1047834ms step_avg:221.58ms
step:4730/4740 train_time:1048157ms step_avg:221.60ms
step:4731/4740 train_time:1048342ms step_avg:221.59ms
step:4732/4740 train_time:1048663ms step_avg:221.61ms
step:4733/4740 train_time:1048850ms step_avg:221.60ms
step:4734/4740 train_time:1049172ms step_avg:221.62ms
step:4735/4740 train_time:1049350ms step_avg:221.62ms
step:4736/4740 train_time:1049674ms step_avg:221.64ms
step:4737/4740 train_time:1049856ms step_avg:221.63ms
step:4738/4740 train_time:1050179ms step_avg:221.65ms
step:4739/4740 train_time:1050361ms step_avg:221.64ms
step:4740/4740 train_time:1050681ms step_avg:221.66ms
step:4740/4740 val_loss:2.9259 train_time:1050809ms step_avg:221.69ms
peak memory allocated: 57397 MiB reserved: 61912 MiB
