W0208 09:59:14.118000 1923994 torch/distributed/run.py:852] 
W0208 09:59:14.118000 1923994 torch/distributed/run.py:852] *****************************************
W0208 09:59:14.118000 1923994 torch/distributed/run.py:852] Setting OMP_NUM_THREADS environment variable for each process to be 1 in default, to avoid your system being overloaded, please further tune the variable for optimal performance in your application as needed. 
W0208 09:59:14.118000 1923994 torch/distributed/run.py:852] *****************************************
Fetching 4 files:   0%|          | 0/4 [00:00<?, ?it/s]Fetching 4 files: 100%|██████████| 4/4 [00:00<00:00, 9921.48it/s]
Fetching 4 files:   0%|          | 0/4 [00:00<?, ?it/s]Fetching 4 files: 100%|██████████| 4/4 [00:00<00:00, 10901.37it/s]
Fetching 4 files:   0%|          | 0/4 [00:00<?, ?it/s]Fetching 4 files: 100%|██████████| 4/4 [00:00<00:00, 13992.67it/s]
Fetching 4 files:   0%|          | 0/4 [00:00<?, ?it/s]Fetching 4 files: 100%|██████████| 4/4 [00:00<00:00, 64776.90it/s]
Fetching 4 files:   0%|          | 0/4 [00:00<?, ?it/s]Fetching 4 files: 100%|██████████| 4/4 [00:00<00:00, 13981.01it/s]
Fetching 4 files:   0%|          | 0/4 [00:00<?, ?it/s]Fetching 4 files: 100%|██████████| 4/4 [00:00<00:00, 82646.38it/s]
Fetching 4 files:   0%|          | 0/4 [00:00<?, ?it/s]Fetching 4 files: 100%|██████████| 4/4 [00:00<00:00, 66052.03it/s]
Fetching 4 files:   0%|          | 0/4 [00:00<?, ?it/s]Fetching 4 files: 100%|██████████| 4/4 [00:00<00:00, 14122.24it/s]
logs/sweep_muon0.019_adam0.006.txt
74
Compiling model and warming up kernels (~7 minutes on first execution)
Sampling steps [0, 1, 391, 392, 393, 783, 784, 785, 1174, 1175, 1176, 1566, 1567, 1568, 1958, 1959, 1960, 2349, 2350, 2351, 2741, 2742, 2743, 3133, 3134, 3135] for warmup
Resetting Model
step:0/4740 val_loss:10.8286 train_time:1ms step_avg:0.84ms
step:1/4740 train_time:90ms step_avg:90.32ms
step:2/4740 train_time:156ms step_avg:78.03ms
step:3/4740 train_time:214ms step_avg:71.42ms
step:4/4740 train_time:300ms step_avg:75.04ms
step:5/4740 train_time:359ms step_avg:71.80ms
step:6/4740 train_time:445ms step_avg:74.09ms
step:7/4740 train_time:504ms step_avg:71.94ms
step:8/4740 train_time:589ms step_avg:73.61ms
step:9/4740 train_time:648ms step_avg:71.95ms
step:10/4740 train_time:733ms step_avg:73.30ms
step:11/4740 train_time:792ms step_avg:72.02ms
step:12/4740 train_time:878ms step_avg:73.16ms
step:13/4740 train_time:937ms step_avg:72.08ms
step:14/4740 train_time:1023ms step_avg:73.09ms
step:15/4740 train_time:1084ms step_avg:72.24ms
step:16/4740 train_time:1172ms step_avg:73.23ms
step:17/4740 train_time:1233ms step_avg:72.53ms
step:18/4740 train_time:1320ms step_avg:73.31ms
step:19/4740 train_time:1379ms step_avg:72.57ms
step:20/4740 train_time:1465ms step_avg:73.25ms
step:21/4740 train_time:1524ms step_avg:72.58ms
step:22/4740 train_time:1610ms step_avg:73.19ms
step:23/4740 train_time:1669ms step_avg:72.56ms
step:24/4740 train_time:1755ms step_avg:73.12ms
step:25/4740 train_time:1814ms step_avg:72.57ms
step:26/4740 train_time:1900ms step_avg:73.08ms
step:27/4740 train_time:1960ms step_avg:72.58ms
step:28/4740 train_time:2046ms step_avg:73.07ms
step:29/4740 train_time:2105ms step_avg:72.58ms
step:30/4740 train_time:2192ms step_avg:73.06ms
step:31/4740 train_time:2252ms step_avg:72.65ms
step:32/4740 train_time:2338ms step_avg:73.08ms
step:33/4740 train_time:2398ms step_avg:72.67ms
step:34/4740 train_time:2485ms step_avg:73.10ms
step:35/4740 train_time:2545ms step_avg:72.71ms
step:36/4740 train_time:2631ms step_avg:73.09ms
step:37/4740 train_time:2691ms step_avg:72.73ms
step:38/4740 train_time:2777ms step_avg:73.09ms
step:39/4740 train_time:2837ms step_avg:72.75ms
step:40/4740 train_time:2923ms step_avg:73.09ms
step:41/4740 train_time:2983ms step_avg:72.77ms
step:42/4740 train_time:3070ms step_avg:73.09ms
step:43/4740 train_time:3129ms step_avg:72.77ms
step:44/4740 train_time:3216ms step_avg:73.08ms
step:45/4740 train_time:3276ms step_avg:72.79ms
step:46/4740 train_time:3363ms step_avg:73.10ms
step:47/4740 train_time:3423ms step_avg:72.82ms
step:48/4740 train_time:3508ms step_avg:73.09ms
step:49/4740 train_time:3567ms step_avg:72.80ms
step:50/4740 train_time:3654ms step_avg:73.09ms
step:51/4740 train_time:3715ms step_avg:72.84ms
step:52/4740 train_time:3802ms step_avg:73.11ms
step:53/4740 train_time:3861ms step_avg:72.85ms
step:54/4740 train_time:3947ms step_avg:73.09ms
step:55/4740 train_time:4006ms step_avg:72.84ms
step:56/4740 train_time:4093ms step_avg:73.08ms
step:57/4740 train_time:4152ms step_avg:72.84ms
step:58/4740 train_time:4238ms step_avg:73.07ms
step:59/4740 train_time:4299ms step_avg:72.86ms
step:60/4740 train_time:4385ms step_avg:73.08ms
step:61/4740 train_time:4444ms step_avg:72.85ms
step:62/4740 train_time:4530ms step_avg:73.07ms
step:63/4740 train_time:4589ms step_avg:72.85ms
step:64/4740 train_time:4676ms step_avg:73.06ms
step:65/4740 train_time:4736ms step_avg:72.86ms
step:66/4740 train_time:4822ms step_avg:73.06ms
step:67/4740 train_time:4882ms step_avg:72.86ms
step:68/4740 train_time:4968ms step_avg:73.07ms
step:69/4740 train_time:5028ms step_avg:72.87ms
step:70/4740 train_time:5115ms step_avg:73.07ms
step:71/4740 train_time:5175ms step_avg:72.88ms
step:72/4740 train_time:5260ms step_avg:73.06ms
step:73/4740 train_time:5320ms step_avg:72.87ms
step:74/4740 train_time:5406ms step_avg:73.05ms
step:75/4740 train_time:5464ms step_avg:72.86ms
step:76/4740 train_time:5551ms step_avg:73.04ms
step:77/4740 train_time:5611ms step_avg:72.86ms
step:78/4740 train_time:5697ms step_avg:73.04ms
step:79/4740 train_time:5756ms step_avg:72.86ms
step:80/4740 train_time:5842ms step_avg:73.03ms
step:81/4740 train_time:5902ms step_avg:72.86ms
step:82/4740 train_time:5988ms step_avg:73.03ms
step:83/4740 train_time:6048ms step_avg:72.86ms
step:84/4740 train_time:6134ms step_avg:73.02ms
step:85/4740 train_time:6194ms step_avg:72.87ms
step:86/4740 train_time:6281ms step_avg:73.03ms
step:87/4740 train_time:6340ms step_avg:72.88ms
step:88/4740 train_time:6426ms step_avg:73.03ms
step:89/4740 train_time:6486ms step_avg:72.88ms
step:90/4740 train_time:6573ms step_avg:73.04ms
step:91/4740 train_time:6632ms step_avg:72.88ms
step:92/4740 train_time:6719ms step_avg:73.03ms
step:93/4740 train_time:6779ms step_avg:72.89ms
step:94/4740 train_time:6865ms step_avg:73.03ms
step:95/4740 train_time:6925ms step_avg:72.89ms
step:96/4740 train_time:7011ms step_avg:73.03ms
step:97/4740 train_time:7072ms step_avg:72.91ms
step:98/4740 train_time:7158ms step_avg:73.04ms
step:99/4740 train_time:7217ms step_avg:72.90ms
step:100/4740 train_time:7303ms step_avg:73.03ms
step:101/4740 train_time:7362ms step_avg:72.89ms
step:102/4740 train_time:7448ms step_avg:73.02ms
step:103/4740 train_time:7507ms step_avg:72.88ms
step:104/4740 train_time:7593ms step_avg:73.01ms
step:105/4740 train_time:7653ms step_avg:72.89ms
step:106/4740 train_time:7739ms step_avg:73.01ms
step:107/4740 train_time:7799ms step_avg:72.88ms
step:108/4740 train_time:7884ms step_avg:73.00ms
step:109/4740 train_time:7944ms step_avg:72.88ms
step:110/4740 train_time:8030ms step_avg:73.00ms
step:111/4740 train_time:8090ms step_avg:72.89ms
step:112/4740 train_time:8176ms step_avg:73.00ms
step:113/4740 train_time:8236ms step_avg:72.89ms
step:114/4740 train_time:8322ms step_avg:73.00ms
step:115/4740 train_time:8381ms step_avg:72.88ms
step:116/4740 train_time:8468ms step_avg:73.00ms
step:117/4740 train_time:8527ms step_avg:72.88ms
step:118/4740 train_time:8613ms step_avg:73.00ms
step:119/4740 train_time:8674ms step_avg:72.89ms
step:120/4740 train_time:8760ms step_avg:73.00ms
step:121/4740 train_time:8819ms step_avg:72.88ms
step:122/4740 train_time:8905ms step_avg:72.99ms
step:123/4740 train_time:8965ms step_avg:72.88ms
step:124/4740 train_time:9050ms step_avg:72.99ms
step:125/4740 train_time:9110ms step_avg:72.88ms
step:126/4740 train_time:9196ms step_avg:72.99ms
step:127/4740 train_time:9256ms step_avg:72.89ms
step:128/4740 train_time:9342ms step_avg:72.99ms
step:129/4740 train_time:9402ms step_avg:72.88ms
step:130/4740 train_time:9489ms step_avg:72.99ms
step:131/4740 train_time:9549ms step_avg:72.89ms
step:132/4740 train_time:9635ms step_avg:72.99ms
step:133/4740 train_time:9695ms step_avg:72.89ms
step:134/4740 train_time:9781ms step_avg:72.99ms
step:135/4740 train_time:9841ms step_avg:72.90ms
step:136/4740 train_time:9927ms step_avg:72.99ms
step:137/4740 train_time:9986ms step_avg:72.89ms
step:138/4740 train_time:10071ms step_avg:72.98ms
step:139/4740 train_time:10131ms step_avg:72.88ms
step:140/4740 train_time:10217ms step_avg:72.98ms
step:141/4740 train_time:10276ms step_avg:72.88ms
step:142/4740 train_time:10362ms step_avg:72.97ms
step:143/4740 train_time:10421ms step_avg:72.87ms
step:144/4740 train_time:10507ms step_avg:72.96ms
step:145/4740 train_time:10566ms step_avg:72.87ms
step:146/4740 train_time:10653ms step_avg:72.97ms
step:147/4740 train_time:10712ms step_avg:72.87ms
step:148/4740 train_time:10798ms step_avg:72.96ms
step:149/4740 train_time:10858ms step_avg:72.87ms
step:150/4740 train_time:10944ms step_avg:72.96ms
step:151/4740 train_time:11003ms step_avg:72.87ms
step:152/4740 train_time:11088ms step_avg:72.95ms
step:153/4740 train_time:11147ms step_avg:72.86ms
step:154/4740 train_time:11233ms step_avg:72.94ms
step:155/4740 train_time:11293ms step_avg:72.86ms
step:156/4740 train_time:11379ms step_avg:72.94ms
step:157/4740 train_time:11438ms step_avg:72.85ms
step:158/4740 train_time:11524ms step_avg:72.94ms
step:159/4740 train_time:11583ms step_avg:72.85ms
step:160/4740 train_time:11669ms step_avg:72.93ms
step:161/4740 train_time:11729ms step_avg:72.85ms
step:162/4740 train_time:11815ms step_avg:72.93ms
step:163/4740 train_time:11875ms step_avg:72.85ms
step:164/4740 train_time:11961ms step_avg:72.93ms
step:165/4740 train_time:12019ms step_avg:72.84ms
step:166/4740 train_time:12106ms step_avg:72.93ms
step:167/4740 train_time:12165ms step_avg:72.85ms
step:168/4740 train_time:12251ms step_avg:72.92ms
step:169/4740 train_time:12310ms step_avg:72.84ms
step:170/4740 train_time:12397ms step_avg:72.92ms
step:171/4740 train_time:12457ms step_avg:72.85ms
step:172/4740 train_time:12543ms step_avg:72.92ms
step:173/4740 train_time:12602ms step_avg:72.84ms
step:174/4740 train_time:12688ms step_avg:72.92ms
step:175/4740 train_time:12747ms step_avg:72.84ms
step:176/4740 train_time:12834ms step_avg:72.92ms
step:177/4740 train_time:12893ms step_avg:72.84ms
step:178/4740 train_time:12979ms step_avg:72.92ms
step:179/4740 train_time:13039ms step_avg:72.85ms
step:180/4740 train_time:13125ms step_avg:72.92ms
step:181/4740 train_time:13185ms step_avg:72.85ms
step:182/4740 train_time:13271ms step_avg:72.92ms
step:183/4740 train_time:13331ms step_avg:72.85ms
step:184/4740 train_time:13416ms step_avg:72.91ms
step:185/4740 train_time:13476ms step_avg:72.84ms
step:186/4740 train_time:13562ms step_avg:72.91ms
step:187/4740 train_time:13621ms step_avg:72.84ms
step:188/4740 train_time:13706ms step_avg:72.91ms
step:189/4740 train_time:13765ms step_avg:72.83ms
step:190/4740 train_time:13850ms step_avg:72.90ms
step:191/4740 train_time:13911ms step_avg:72.83ms
step:192/4740 train_time:13997ms step_avg:72.90ms
step:193/4740 train_time:14057ms step_avg:72.83ms
step:194/4740 train_time:14143ms step_avg:72.90ms
step:195/4740 train_time:14202ms step_avg:72.83ms
step:196/4740 train_time:14288ms step_avg:72.90ms
step:197/4740 train_time:14347ms step_avg:72.83ms
step:198/4740 train_time:14433ms step_avg:72.90ms
step:199/4740 train_time:14493ms step_avg:72.83ms
step:200/4740 train_time:14580ms step_avg:72.90ms
step:201/4740 train_time:14640ms step_avg:72.83ms
step:202/4740 train_time:14726ms step_avg:72.90ms
step:203/4740 train_time:14785ms step_avg:72.83ms
step:204/4740 train_time:14871ms step_avg:72.90ms
step:205/4740 train_time:14932ms step_avg:72.84ms
step:206/4740 train_time:15017ms step_avg:72.90ms
step:207/4740 train_time:15077ms step_avg:72.83ms
step:208/4740 train_time:15162ms step_avg:72.89ms
step:209/4740 train_time:15221ms step_avg:72.83ms
step:210/4740 train_time:15306ms step_avg:72.89ms
step:211/4740 train_time:15365ms step_avg:72.82ms
step:212/4740 train_time:15451ms step_avg:72.88ms
step:213/4740 train_time:15511ms step_avg:72.82ms
step:214/4740 train_time:15596ms step_avg:72.88ms
step:215/4740 train_time:15656ms step_avg:72.82ms
step:216/4740 train_time:15742ms step_avg:72.88ms
step:217/4740 train_time:15801ms step_avg:72.81ms
step:218/4740 train_time:15887ms step_avg:72.87ms
step:219/4740 train_time:15945ms step_avg:72.81ms
step:220/4740 train_time:16031ms step_avg:72.87ms
step:221/4740 train_time:16090ms step_avg:72.81ms
step:222/4740 train_time:16176ms step_avg:72.87ms
step:223/4740 train_time:16236ms step_avg:72.81ms
step:224/4740 train_time:16321ms step_avg:72.86ms
step:225/4740 train_time:16380ms step_avg:72.80ms
step:226/4740 train_time:16466ms step_avg:72.86ms
step:227/4740 train_time:16525ms step_avg:72.80ms
step:228/4740 train_time:16611ms step_avg:72.86ms
step:229/4740 train_time:16670ms step_avg:72.80ms
step:230/4740 train_time:16757ms step_avg:72.86ms
step:231/4740 train_time:16816ms step_avg:72.80ms
step:232/4740 train_time:16902ms step_avg:72.85ms
step:233/4740 train_time:16962ms step_avg:72.80ms
step:234/4740 train_time:17047ms step_avg:72.85ms
step:235/4740 train_time:17106ms step_avg:72.79ms
step:236/4740 train_time:17192ms step_avg:72.85ms
step:237/4740 train_time:17251ms step_avg:72.79ms
step:238/4740 train_time:17337ms step_avg:72.84ms
step:239/4740 train_time:17396ms step_avg:72.79ms
step:240/4740 train_time:17481ms step_avg:72.84ms
step:241/4740 train_time:17540ms step_avg:72.78ms
step:242/4740 train_time:17626ms step_avg:72.83ms
step:243/4740 train_time:17685ms step_avg:72.78ms
step:244/4740 train_time:17770ms step_avg:72.83ms
step:245/4740 train_time:17829ms step_avg:72.77ms
step:246/4740 train_time:17915ms step_avg:72.83ms
step:247/4740 train_time:17974ms step_avg:72.77ms
step:248/4740 train_time:18059ms step_avg:72.82ms
step:249/4740 train_time:18119ms step_avg:72.77ms
step:250/4740 train_time:18204ms step_avg:72.82ms
step:250/4740 val_loss:4.5481 train_time:18249ms step_avg:73.00ms
step:251/4740 train_time:18280ms step_avg:72.83ms
step:252/4740 train_time:18351ms step_avg:72.82ms
step:253/4740 train_time:18410ms step_avg:72.77ms
step:254/4740 train_time:18497ms step_avg:72.82ms
step:255/4740 train_time:18559ms step_avg:72.78ms
step:256/4740 train_time:18646ms step_avg:72.84ms
step:257/4740 train_time:18705ms step_avg:72.78ms
step:258/4740 train_time:18791ms step_avg:72.83ms
step:259/4740 train_time:18849ms step_avg:72.78ms
step:260/4740 train_time:18936ms step_avg:72.83ms
step:261/4740 train_time:18994ms step_avg:72.78ms
step:262/4740 train_time:19080ms step_avg:72.83ms
step:263/4740 train_time:19140ms step_avg:72.77ms
step:264/4740 train_time:19225ms step_avg:72.82ms
step:265/4740 train_time:19285ms step_avg:72.77ms
step:266/4740 train_time:19371ms step_avg:72.82ms
step:267/4740 train_time:19430ms step_avg:72.77ms
step:268/4740 train_time:19516ms step_avg:72.82ms
step:269/4740 train_time:19577ms step_avg:72.78ms
step:270/4740 train_time:19663ms step_avg:72.82ms
step:271/4740 train_time:19722ms step_avg:72.77ms
step:272/4740 train_time:19808ms step_avg:72.82ms
step:273/4740 train_time:19867ms step_avg:72.77ms
step:274/4740 train_time:19952ms step_avg:72.82ms
step:275/4740 train_time:20010ms step_avg:72.76ms
step:276/4740 train_time:20096ms step_avg:72.81ms
step:277/4740 train_time:20154ms step_avg:72.76ms
step:278/4740 train_time:20240ms step_avg:72.81ms
step:279/4740 train_time:20300ms step_avg:72.76ms
step:280/4740 train_time:20386ms step_avg:72.81ms
step:281/4740 train_time:20445ms step_avg:72.76ms
step:282/4740 train_time:20530ms step_avg:72.80ms
step:283/4740 train_time:20590ms step_avg:72.75ms
step:284/4740 train_time:20677ms step_avg:72.80ms
step:285/4740 train_time:20736ms step_avg:72.76ms
step:286/4740 train_time:20822ms step_avg:72.80ms
step:287/4740 train_time:20881ms step_avg:72.76ms
step:288/4740 train_time:20967ms step_avg:72.80ms
step:289/4740 train_time:21026ms step_avg:72.75ms
step:290/4740 train_time:21111ms step_avg:72.80ms
step:291/4740 train_time:21170ms step_avg:72.75ms
step:292/4740 train_time:21255ms step_avg:72.79ms
step:293/4740 train_time:21314ms step_avg:72.75ms
step:294/4740 train_time:21400ms step_avg:72.79ms
step:295/4740 train_time:21460ms step_avg:72.75ms
step:296/4740 train_time:21547ms step_avg:72.79ms
step:297/4740 train_time:21606ms step_avg:72.75ms
step:298/4740 train_time:21691ms step_avg:72.79ms
step:299/4740 train_time:21750ms step_avg:72.74ms
step:300/4740 train_time:21836ms step_avg:72.79ms
step:301/4740 train_time:21896ms step_avg:72.74ms
step:302/4740 train_time:21982ms step_avg:72.79ms
step:303/4740 train_time:22041ms step_avg:72.74ms
step:304/4740 train_time:22127ms step_avg:72.79ms
step:305/4740 train_time:22186ms step_avg:72.74ms
step:306/4740 train_time:22271ms step_avg:72.78ms
step:307/4740 train_time:22330ms step_avg:72.74ms
step:308/4740 train_time:22416ms step_avg:72.78ms
step:309/4740 train_time:22475ms step_avg:72.73ms
step:310/4740 train_time:22560ms step_avg:72.77ms
step:311/4740 train_time:22620ms step_avg:72.73ms
step:312/4740 train_time:22705ms step_avg:72.77ms
step:313/4740 train_time:22765ms step_avg:72.73ms
step:314/4740 train_time:22851ms step_avg:72.77ms
step:315/4740 train_time:22910ms step_avg:72.73ms
step:316/4740 train_time:22996ms step_avg:72.77ms
step:317/4740 train_time:23056ms step_avg:72.73ms
step:318/4740 train_time:23141ms step_avg:72.77ms
step:319/4740 train_time:23200ms step_avg:72.73ms
step:320/4740 train_time:23285ms step_avg:72.77ms
step:321/4740 train_time:23345ms step_avg:72.72ms
step:322/4740 train_time:23430ms step_avg:72.76ms
step:323/4740 train_time:23489ms step_avg:72.72ms
step:324/4740 train_time:23574ms step_avg:72.76ms
step:325/4740 train_time:23634ms step_avg:72.72ms
step:326/4740 train_time:23719ms step_avg:72.76ms
step:327/4740 train_time:23778ms step_avg:72.72ms
step:328/4740 train_time:23864ms step_avg:72.76ms
step:329/4740 train_time:23923ms step_avg:72.71ms
step:330/4740 train_time:24008ms step_avg:72.75ms
step:331/4740 train_time:24067ms step_avg:72.71ms
step:332/4740 train_time:24153ms step_avg:72.75ms
step:333/4740 train_time:24212ms step_avg:72.71ms
step:334/4740 train_time:24297ms step_avg:72.75ms
step:335/4740 train_time:24356ms step_avg:72.70ms
step:336/4740 train_time:24441ms step_avg:72.74ms
step:337/4740 train_time:24501ms step_avg:72.70ms
step:338/4740 train_time:24587ms step_avg:72.74ms
step:339/4740 train_time:24646ms step_avg:72.70ms
step:340/4740 train_time:24732ms step_avg:72.74ms
step:341/4740 train_time:24791ms step_avg:72.70ms
step:342/4740 train_time:24877ms step_avg:72.74ms
step:343/4740 train_time:24937ms step_avg:72.70ms
step:344/4740 train_time:25022ms step_avg:72.74ms
step:345/4740 train_time:25082ms step_avg:72.70ms
step:346/4740 train_time:25168ms step_avg:72.74ms
step:347/4740 train_time:25227ms step_avg:72.70ms
step:348/4740 train_time:25313ms step_avg:72.74ms
step:349/4740 train_time:25372ms step_avg:72.70ms
step:350/4740 train_time:25457ms step_avg:72.73ms
step:351/4740 train_time:25516ms step_avg:72.70ms
step:352/4740 train_time:25602ms step_avg:72.73ms
step:353/4740 train_time:25661ms step_avg:72.70ms
step:354/4740 train_time:25748ms step_avg:72.74ms
step:355/4740 train_time:25807ms step_avg:72.70ms
step:356/4740 train_time:25894ms step_avg:72.74ms
step:357/4740 train_time:25954ms step_avg:72.70ms
step:358/4740 train_time:26040ms step_avg:72.74ms
step:359/4740 train_time:26099ms step_avg:72.70ms
step:360/4740 train_time:26184ms step_avg:72.73ms
step:361/4740 train_time:26243ms step_avg:72.70ms
step:362/4740 train_time:26329ms step_avg:72.73ms
step:363/4740 train_time:26387ms step_avg:72.69ms
step:364/4740 train_time:26472ms step_avg:72.73ms
step:365/4740 train_time:26531ms step_avg:72.69ms
step:366/4740 train_time:26617ms step_avg:72.72ms
step:367/4740 train_time:26677ms step_avg:72.69ms
step:368/4740 train_time:26763ms step_avg:72.72ms
step:369/4740 train_time:26822ms step_avg:72.69ms
step:370/4740 train_time:26907ms step_avg:72.72ms
step:371/4740 train_time:26966ms step_avg:72.68ms
step:372/4740 train_time:27052ms step_avg:72.72ms
step:373/4740 train_time:27112ms step_avg:72.69ms
step:374/4740 train_time:27198ms step_avg:72.72ms
step:375/4740 train_time:27257ms step_avg:72.69ms
step:376/4740 train_time:27343ms step_avg:72.72ms
step:377/4740 train_time:27402ms step_avg:72.68ms
step:378/4740 train_time:27487ms step_avg:72.72ms
step:379/4740 train_time:27546ms step_avg:72.68ms
step:380/4740 train_time:27632ms step_avg:72.72ms
step:381/4740 train_time:27690ms step_avg:72.68ms
step:382/4740 train_time:27777ms step_avg:72.71ms
step:383/4740 train_time:27836ms step_avg:72.68ms
step:384/4740 train_time:27921ms step_avg:72.71ms
step:385/4740 train_time:27979ms step_avg:72.67ms
step:386/4740 train_time:28064ms step_avg:72.71ms
step:387/4740 train_time:28123ms step_avg:72.67ms
step:388/4740 train_time:28209ms step_avg:72.70ms
step:389/4740 train_time:28269ms step_avg:72.67ms
step:390/4740 train_time:28355ms step_avg:72.71ms
step:391/4740 train_time:28414ms step_avg:72.67ms
step:392/4740 train_time:28500ms step_avg:72.70ms
step:393/4740 train_time:28574ms step_avg:72.71ms
step:394/4740 train_time:28732ms step_avg:72.92ms
step:395/4740 train_time:28835ms step_avg:73.00ms
step:396/4740 train_time:28993ms step_avg:73.22ms
step:397/4740 train_time:29094ms step_avg:73.28ms
step:398/4740 train_time:29251ms step_avg:73.50ms
step:399/4740 train_time:29355ms step_avg:73.57ms
step:400/4740 train_time:29512ms step_avg:73.78ms
step:401/4740 train_time:29613ms step_avg:73.85ms
step:402/4740 train_time:29771ms step_avg:74.06ms
step:403/4740 train_time:29875ms step_avg:74.13ms
step:404/4740 train_time:30034ms step_avg:74.34ms
step:405/4740 train_time:30136ms step_avg:74.41ms
step:406/4740 train_time:30294ms step_avg:74.62ms
step:407/4740 train_time:30396ms step_avg:74.68ms
step:408/4740 train_time:30554ms step_avg:74.89ms
step:409/4740 train_time:30655ms step_avg:74.95ms
step:410/4740 train_time:30814ms step_avg:75.15ms
step:411/4740 train_time:30915ms step_avg:75.22ms
step:412/4740 train_time:31074ms step_avg:75.42ms
step:413/4740 train_time:31175ms step_avg:75.48ms
step:414/4740 train_time:31333ms step_avg:75.68ms
step:415/4740 train_time:31435ms step_avg:75.75ms
step:416/4740 train_time:31593ms step_avg:75.94ms
step:417/4740 train_time:31695ms step_avg:76.01ms
step:418/4740 train_time:31852ms step_avg:76.20ms
step:419/4740 train_time:31954ms step_avg:76.26ms
step:420/4740 train_time:32112ms step_avg:76.46ms
step:421/4740 train_time:32214ms step_avg:76.52ms
step:422/4740 train_time:32372ms step_avg:76.71ms
step:423/4740 train_time:32474ms step_avg:76.77ms
step:424/4740 train_time:32631ms step_avg:76.96ms
step:425/4740 train_time:32734ms step_avg:77.02ms
step:426/4740 train_time:32893ms step_avg:77.21ms
step:427/4740 train_time:32995ms step_avg:77.27ms
step:428/4740 train_time:33153ms step_avg:77.46ms
step:429/4740 train_time:33254ms step_avg:77.52ms
step:430/4740 train_time:33413ms step_avg:77.70ms
step:431/4740 train_time:33514ms step_avg:77.76ms
step:432/4740 train_time:33673ms step_avg:77.95ms
step:433/4740 train_time:33774ms step_avg:78.00ms
step:434/4740 train_time:33934ms step_avg:78.19ms
step:435/4740 train_time:34036ms step_avg:78.24ms
step:436/4740 train_time:34193ms step_avg:78.42ms
step:437/4740 train_time:34296ms step_avg:78.48ms
step:438/4740 train_time:34453ms step_avg:78.66ms
step:439/4740 train_time:34555ms step_avg:78.71ms
step:440/4740 train_time:34712ms step_avg:78.89ms
step:441/4740 train_time:34814ms step_avg:78.94ms
step:442/4740 train_time:34972ms step_avg:79.12ms
step:443/4740 train_time:35075ms step_avg:79.18ms
step:444/4740 train_time:35233ms step_avg:79.35ms
step:445/4740 train_time:35334ms step_avg:79.40ms
step:446/4740 train_time:35492ms step_avg:79.58ms
step:447/4740 train_time:35594ms step_avg:79.63ms
step:448/4740 train_time:35752ms step_avg:79.80ms
step:449/4740 train_time:35856ms step_avg:79.86ms
step:450/4740 train_time:36014ms step_avg:80.03ms
step:451/4740 train_time:36117ms step_avg:80.08ms
step:452/4740 train_time:36275ms step_avg:80.25ms
step:453/4740 train_time:36377ms step_avg:80.30ms
step:454/4740 train_time:36535ms step_avg:80.47ms
step:455/4740 train_time:36636ms step_avg:80.52ms
step:456/4740 train_time:36794ms step_avg:80.69ms
step:457/4740 train_time:36897ms step_avg:80.74ms
step:458/4740 train_time:37056ms step_avg:80.91ms
step:459/4740 train_time:37158ms step_avg:80.95ms
step:460/4740 train_time:37316ms step_avg:81.12ms
step:461/4740 train_time:37418ms step_avg:81.17ms
step:462/4740 train_time:37576ms step_avg:81.33ms
step:463/4740 train_time:37676ms step_avg:81.37ms
step:464/4740 train_time:37834ms step_avg:81.54ms
step:465/4740 train_time:37936ms step_avg:81.58ms
step:466/4740 train_time:38094ms step_avg:81.75ms
step:467/4740 train_time:38196ms step_avg:81.79ms
step:468/4740 train_time:38354ms step_avg:81.95ms
step:469/4740 train_time:38457ms step_avg:82.00ms
step:470/4740 train_time:38614ms step_avg:82.16ms
step:471/4740 train_time:38716ms step_avg:82.20ms
step:472/4740 train_time:38873ms step_avg:82.36ms
step:473/4740 train_time:38976ms step_avg:82.40ms
step:474/4740 train_time:39133ms step_avg:82.56ms
step:475/4740 train_time:39236ms step_avg:82.60ms
step:476/4740 train_time:39393ms step_avg:82.76ms
step:477/4740 train_time:39494ms step_avg:82.80ms
step:478/4740 train_time:39651ms step_avg:82.95ms
step:479/4740 train_time:39754ms step_avg:82.99ms
step:480/4740 train_time:39912ms step_avg:83.15ms
step:481/4740 train_time:40014ms step_avg:83.19ms
step:482/4740 train_time:40172ms step_avg:83.34ms
step:483/4740 train_time:40275ms step_avg:83.38ms
step:484/4740 train_time:40433ms step_avg:83.54ms
step:485/4740 train_time:40534ms step_avg:83.58ms
step:486/4740 train_time:40692ms step_avg:83.73ms
step:487/4740 train_time:40793ms step_avg:83.76ms
step:488/4740 train_time:40951ms step_avg:83.92ms
step:489/4740 train_time:41053ms step_avg:83.95ms
step:490/4740 train_time:41210ms step_avg:84.10ms
step:491/4740 train_time:41313ms step_avg:84.14ms
step:492/4740 train_time:41472ms step_avg:84.29ms
step:493/4740 train_time:41573ms step_avg:84.33ms
step:494/4740 train_time:41732ms step_avg:84.48ms
step:495/4740 train_time:41833ms step_avg:84.51ms
step:496/4740 train_time:41992ms step_avg:84.66ms
step:497/4740 train_time:42093ms step_avg:84.70ms
step:498/4740 train_time:42251ms step_avg:84.84ms
step:499/4740 train_time:42353ms step_avg:84.88ms
step:500/4740 train_time:42510ms step_avg:85.02ms
step:500/4740 val_loss:4.0703 train_time:42584ms step_avg:85.17ms
step:501/4740 train_time:42614ms step_avg:85.06ms
step:502/4740 train_time:42770ms step_avg:85.20ms
step:503/4740 train_time:42875ms step_avg:85.24ms
step:504/4740 train_time:43037ms step_avg:85.39ms
step:505/4740 train_time:43138ms step_avg:85.42ms
step:506/4740 train_time:43296ms step_avg:85.57ms
step:507/4740 train_time:43396ms step_avg:85.59ms
step:508/4740 train_time:43558ms step_avg:85.74ms
step:509/4740 train_time:43658ms step_avg:85.77ms
step:510/4740 train_time:43817ms step_avg:85.91ms
step:511/4740 train_time:43918ms step_avg:85.94ms
step:512/4740 train_time:44077ms step_avg:86.09ms
step:513/4740 train_time:44178ms step_avg:86.12ms
step:514/4740 train_time:44338ms step_avg:86.26ms
step:515/4740 train_time:44437ms step_avg:86.29ms
step:516/4740 train_time:44596ms step_avg:86.43ms
step:517/4740 train_time:44697ms step_avg:86.45ms
step:518/4740 train_time:44855ms step_avg:86.59ms
step:519/4740 train_time:44956ms step_avg:86.62ms
step:520/4740 train_time:45117ms step_avg:86.76ms
step:521/4740 train_time:45218ms step_avg:86.79ms
step:522/4740 train_time:45376ms step_avg:86.93ms
step:523/4740 train_time:45475ms step_avg:86.95ms
step:524/4740 train_time:45635ms step_avg:87.09ms
step:525/4740 train_time:45735ms step_avg:87.11ms
step:526/4740 train_time:45895ms step_avg:87.25ms
step:527/4740 train_time:45995ms step_avg:87.28ms
step:528/4740 train_time:46155ms step_avg:87.41ms
step:529/4740 train_time:46255ms step_avg:87.44ms
step:530/4740 train_time:46414ms step_avg:87.57ms
step:531/4740 train_time:46513ms step_avg:87.59ms
step:532/4740 train_time:46673ms step_avg:87.73ms
step:533/4740 train_time:46774ms step_avg:87.76ms
step:534/4740 train_time:46933ms step_avg:87.89ms
step:535/4740 train_time:47033ms step_avg:87.91ms
step:536/4740 train_time:47193ms step_avg:88.05ms
step:537/4740 train_time:47293ms step_avg:88.07ms
step:538/4740 train_time:47451ms step_avg:88.20ms
step:539/4740 train_time:47551ms step_avg:88.22ms
step:540/4740 train_time:47709ms step_avg:88.35ms
step:541/4740 train_time:47811ms step_avg:88.38ms
step:542/4740 train_time:47970ms step_avg:88.50ms
step:543/4740 train_time:48072ms step_avg:88.53ms
step:544/4740 train_time:48229ms step_avg:88.66ms
step:545/4740 train_time:48331ms step_avg:88.68ms
step:546/4740 train_time:48490ms step_avg:88.81ms
step:547/4740 train_time:48592ms step_avg:88.83ms
step:548/4740 train_time:48751ms step_avg:88.96ms
step:549/4740 train_time:48852ms step_avg:88.98ms
step:550/4740 train_time:49012ms step_avg:89.11ms
step:551/4740 train_time:49113ms step_avg:89.13ms
step:552/4740 train_time:49271ms step_avg:89.26ms
step:553/4740 train_time:49371ms step_avg:89.28ms
step:554/4740 train_time:49530ms step_avg:89.40ms
step:555/4740 train_time:49632ms step_avg:89.43ms
step:556/4740 train_time:49790ms step_avg:89.55ms
step:557/4740 train_time:49892ms step_avg:89.57ms
step:558/4740 train_time:50050ms step_avg:89.69ms
step:559/4740 train_time:50152ms step_avg:89.72ms
step:560/4740 train_time:50309ms step_avg:89.84ms
step:561/4740 train_time:50410ms step_avg:89.86ms
step:562/4740 train_time:50570ms step_avg:89.98ms
step:563/4740 train_time:50671ms step_avg:90.00ms
step:564/4740 train_time:50830ms step_avg:90.12ms
step:565/4740 train_time:50932ms step_avg:90.15ms
step:566/4740 train_time:51090ms step_avg:90.26ms
step:567/4740 train_time:51192ms step_avg:90.28ms
step:568/4740 train_time:51349ms step_avg:90.40ms
step:569/4740 train_time:51451ms step_avg:90.42ms
step:570/4740 train_time:51612ms step_avg:90.55ms
step:571/4740 train_time:51713ms step_avg:90.57ms
step:572/4740 train_time:51872ms step_avg:90.68ms
step:573/4740 train_time:51972ms step_avg:90.70ms
step:574/4740 train_time:52129ms step_avg:90.82ms
step:575/4740 train_time:52232ms step_avg:90.84ms
step:576/4740 train_time:52390ms step_avg:90.95ms
step:577/4740 train_time:52491ms step_avg:90.97ms
step:578/4740 train_time:52650ms step_avg:91.09ms
step:579/4740 train_time:52751ms step_avg:91.11ms
step:580/4740 train_time:52909ms step_avg:91.22ms
step:581/4740 train_time:53010ms step_avg:91.24ms
step:582/4740 train_time:53170ms step_avg:91.36ms
step:583/4740 train_time:53270ms step_avg:91.37ms
step:584/4740 train_time:53428ms step_avg:91.49ms
step:585/4740 train_time:53530ms step_avg:91.50ms
step:586/4740 train_time:53689ms step_avg:91.62ms
step:587/4740 train_time:53790ms step_avg:91.63ms
step:588/4740 train_time:53948ms step_avg:91.75ms
step:589/4740 train_time:54049ms step_avg:91.76ms
step:590/4740 train_time:54207ms step_avg:91.88ms
step:591/4740 train_time:54310ms step_avg:91.89ms
step:592/4740 train_time:54469ms step_avg:92.01ms
step:593/4740 train_time:54570ms step_avg:92.02ms
step:594/4740 train_time:54729ms step_avg:92.14ms
step:595/4740 train_time:54829ms step_avg:92.15ms
step:596/4740 train_time:54988ms step_avg:92.26ms
step:597/4740 train_time:55089ms step_avg:92.28ms
step:598/4740 train_time:55247ms step_avg:92.39ms
step:599/4740 train_time:55348ms step_avg:92.40ms
step:600/4740 train_time:55506ms step_avg:92.51ms
step:601/4740 train_time:55607ms step_avg:92.52ms
step:602/4740 train_time:55766ms step_avg:92.63ms
step:603/4740 train_time:55869ms step_avg:92.65ms
step:604/4740 train_time:56026ms step_avg:92.76ms
step:605/4740 train_time:56128ms step_avg:92.77ms
step:606/4740 train_time:56286ms step_avg:92.88ms
step:607/4740 train_time:56390ms step_avg:92.90ms
step:608/4740 train_time:56547ms step_avg:93.00ms
step:609/4740 train_time:56648ms step_avg:93.02ms
step:610/4740 train_time:56806ms step_avg:93.12ms
step:611/4740 train_time:56908ms step_avg:93.14ms
step:612/4740 train_time:57068ms step_avg:93.25ms
step:613/4740 train_time:57170ms step_avg:93.26ms
step:614/4740 train_time:57329ms step_avg:93.37ms
step:615/4740 train_time:57430ms step_avg:93.38ms
step:616/4740 train_time:57589ms step_avg:93.49ms
step:617/4740 train_time:57690ms step_avg:93.50ms
step:618/4740 train_time:57847ms step_avg:93.60ms
step:619/4740 train_time:57949ms step_avg:93.62ms
step:620/4740 train_time:58108ms step_avg:93.72ms
step:621/4740 train_time:58209ms step_avg:93.73ms
step:622/4740 train_time:58368ms step_avg:93.84ms
step:623/4740 train_time:58469ms step_avg:93.85ms
step:624/4740 train_time:58628ms step_avg:93.95ms
step:625/4740 train_time:58729ms step_avg:93.97ms
step:626/4740 train_time:58887ms step_avg:94.07ms
step:627/4740 train_time:58990ms step_avg:94.08ms
step:628/4740 train_time:59147ms step_avg:94.18ms
step:629/4740 train_time:59249ms step_avg:94.20ms
step:630/4740 train_time:59408ms step_avg:94.30ms
step:631/4740 train_time:59509ms step_avg:94.31ms
step:632/4740 train_time:59669ms step_avg:94.41ms
step:633/4740 train_time:59769ms step_avg:94.42ms
step:634/4740 train_time:59928ms step_avg:94.52ms
step:635/4740 train_time:60030ms step_avg:94.54ms
step:636/4740 train_time:60188ms step_avg:94.64ms
step:637/4740 train_time:60290ms step_avg:94.65ms
step:638/4740 train_time:60449ms step_avg:94.75ms
step:639/4740 train_time:60551ms step_avg:94.76ms
step:640/4740 train_time:60712ms step_avg:94.86ms
step:641/4740 train_time:60812ms step_avg:94.87ms
step:642/4740 train_time:60970ms step_avg:94.97ms
step:643/4740 train_time:61073ms step_avg:94.98ms
step:644/4740 train_time:61230ms step_avg:95.08ms
step:645/4740 train_time:61333ms step_avg:95.09ms
step:646/4740 train_time:61491ms step_avg:95.19ms
step:647/4740 train_time:61592ms step_avg:95.20ms
step:648/4740 train_time:61751ms step_avg:95.29ms
step:649/4740 train_time:61851ms step_avg:95.30ms
step:650/4740 train_time:62010ms step_avg:95.40ms
step:651/4740 train_time:62111ms step_avg:95.41ms
step:652/4740 train_time:62270ms step_avg:95.51ms
step:653/4740 train_time:62372ms step_avg:95.52ms
step:654/4740 train_time:62530ms step_avg:95.61ms
step:655/4740 train_time:62632ms step_avg:95.62ms
step:656/4740 train_time:62791ms step_avg:95.72ms
step:657/4740 train_time:62892ms step_avg:95.73ms
step:658/4740 train_time:63051ms step_avg:95.82ms
step:659/4740 train_time:63153ms step_avg:95.83ms
step:660/4740 train_time:63312ms step_avg:95.93ms
step:661/4740 train_time:63413ms step_avg:95.94ms
step:662/4740 train_time:63573ms step_avg:96.03ms
step:663/4740 train_time:63674ms step_avg:96.04ms
step:664/4740 train_time:63833ms step_avg:96.13ms
step:665/4740 train_time:63933ms step_avg:96.14ms
step:666/4740 train_time:64092ms step_avg:96.23ms
step:667/4740 train_time:64193ms step_avg:96.24ms
step:668/4740 train_time:64353ms step_avg:96.34ms
step:669/4740 train_time:64453ms step_avg:96.34ms
step:670/4740 train_time:64611ms step_avg:96.43ms
step:671/4740 train_time:64713ms step_avg:96.44ms
step:672/4740 train_time:64873ms step_avg:96.54ms
step:673/4740 train_time:64973ms step_avg:96.54ms
step:674/4740 train_time:65133ms step_avg:96.64ms
step:675/4740 train_time:65234ms step_avg:96.64ms
step:676/4740 train_time:65393ms step_avg:96.74ms
step:677/4740 train_time:65493ms step_avg:96.74ms
step:678/4740 train_time:65651ms step_avg:96.83ms
step:679/4740 train_time:65752ms step_avg:96.84ms
step:680/4740 train_time:65910ms step_avg:96.93ms
step:681/4740 train_time:66011ms step_avg:96.93ms
step:682/4740 train_time:66170ms step_avg:97.02ms
step:683/4740 train_time:66272ms step_avg:97.03ms
step:684/4740 train_time:66431ms step_avg:97.12ms
step:685/4740 train_time:66533ms step_avg:97.13ms
step:686/4740 train_time:66692ms step_avg:97.22ms
step:687/4740 train_time:66793ms step_avg:97.22ms
step:688/4740 train_time:66951ms step_avg:97.31ms
step:689/4740 train_time:67052ms step_avg:97.32ms
step:690/4740 train_time:67212ms step_avg:97.41ms
step:691/4740 train_time:67313ms step_avg:97.41ms
step:692/4740 train_time:67472ms step_avg:97.50ms
step:693/4740 train_time:67574ms step_avg:97.51ms
step:694/4740 train_time:67733ms step_avg:97.60ms
step:695/4740 train_time:67833ms step_avg:97.60ms
step:696/4740 train_time:67991ms step_avg:97.69ms
step:697/4740 train_time:68092ms step_avg:97.69ms
step:698/4740 train_time:68251ms step_avg:97.78ms
step:699/4740 train_time:68351ms step_avg:97.78ms
step:700/4740 train_time:68510ms step_avg:97.87ms
step:701/4740 train_time:68613ms step_avg:97.88ms
step:702/4740 train_time:68771ms step_avg:97.96ms
step:703/4740 train_time:68871ms step_avg:97.97ms
step:704/4740 train_time:69030ms step_avg:98.05ms
step:705/4740 train_time:69132ms step_avg:98.06ms
step:706/4740 train_time:69290ms step_avg:98.14ms
step:707/4740 train_time:69392ms step_avg:98.15ms
step:708/4740 train_time:69551ms step_avg:98.24ms
step:709/4740 train_time:69653ms step_avg:98.24ms
step:710/4740 train_time:69812ms step_avg:98.33ms
step:711/4740 train_time:69913ms step_avg:98.33ms
step:712/4740 train_time:70071ms step_avg:98.41ms
step:713/4740 train_time:70172ms step_avg:98.42ms
step:714/4740 train_time:70331ms step_avg:98.50ms
step:715/4740 train_time:70433ms step_avg:98.51ms
step:716/4740 train_time:70593ms step_avg:98.59ms
step:717/4740 train_time:70694ms step_avg:98.60ms
step:718/4740 train_time:70854ms step_avg:98.68ms
step:719/4740 train_time:70953ms step_avg:98.68ms
step:720/4740 train_time:71111ms step_avg:98.76ms
step:721/4740 train_time:71212ms step_avg:98.77ms
step:722/4740 train_time:71371ms step_avg:98.85ms
step:723/4740 train_time:71474ms step_avg:98.86ms
step:724/4740 train_time:71632ms step_avg:98.94ms
step:725/4740 train_time:71734ms step_avg:98.94ms
step:726/4740 train_time:71894ms step_avg:99.03ms
step:727/4740 train_time:71993ms step_avg:99.03ms
step:728/4740 train_time:72154ms step_avg:99.11ms
step:729/4740 train_time:72254ms step_avg:99.11ms
step:730/4740 train_time:72414ms step_avg:99.20ms
step:731/4740 train_time:72513ms step_avg:99.20ms
step:732/4740 train_time:72671ms step_avg:99.28ms
step:733/4740 train_time:72773ms step_avg:99.28ms
step:734/4740 train_time:72931ms step_avg:99.36ms
step:735/4740 train_time:73032ms step_avg:99.36ms
step:736/4740 train_time:73190ms step_avg:99.44ms
step:737/4740 train_time:73292ms step_avg:99.45ms
step:738/4740 train_time:73451ms step_avg:99.53ms
step:739/4740 train_time:73551ms step_avg:99.53ms
step:740/4740 train_time:73710ms step_avg:99.61ms
step:741/4740 train_time:73809ms step_avg:99.61ms
step:742/4740 train_time:73969ms step_avg:99.69ms
step:743/4740 train_time:74071ms step_avg:99.69ms
step:744/4740 train_time:74228ms step_avg:99.77ms
step:745/4740 train_time:74330ms step_avg:99.77ms
step:746/4740 train_time:74489ms step_avg:99.85ms
step:747/4740 train_time:74590ms step_avg:99.85ms
step:748/4740 train_time:74749ms step_avg:99.93ms
step:749/4740 train_time:74851ms step_avg:99.93ms
step:750/4740 train_time:75010ms step_avg:100.01ms
step:750/4740 val_loss:3.6884 train_time:75083ms step_avg:100.11ms
step:751/4740 train_time:75114ms step_avg:100.02ms
step:752/4740 train_time:75269ms step_avg:100.09ms
step:753/4740 train_time:75373ms step_avg:100.10ms
step:754/4740 train_time:75534ms step_avg:100.18ms
step:755/4740 train_time:75634ms step_avg:100.18ms
step:756/4740 train_time:75793ms step_avg:100.26ms
step:757/4740 train_time:75892ms step_avg:100.25ms
step:758/4740 train_time:76055ms step_avg:100.34ms
step:759/4740 train_time:76156ms step_avg:100.34ms
step:760/4740 train_time:76315ms step_avg:100.41ms
step:761/4740 train_time:76418ms step_avg:100.42ms
step:762/4740 train_time:76577ms step_avg:100.50ms
step:763/4740 train_time:76679ms step_avg:100.50ms
step:764/4740 train_time:76836ms step_avg:100.57ms
step:765/4740 train_time:76937ms step_avg:100.57ms
step:766/4740 train_time:77096ms step_avg:100.65ms
step:767/4740 train_time:77197ms step_avg:100.65ms
step:768/4740 train_time:77356ms step_avg:100.72ms
step:769/4740 train_time:77458ms step_avg:100.73ms
step:770/4740 train_time:77617ms step_avg:100.80ms
step:771/4740 train_time:77718ms step_avg:100.80ms
step:772/4740 train_time:77875ms step_avg:100.87ms
step:773/4740 train_time:77975ms step_avg:100.87ms
step:774/4740 train_time:78135ms step_avg:100.95ms
step:775/4740 train_time:78235ms step_avg:100.95ms
step:776/4740 train_time:78394ms step_avg:101.02ms
step:777/4740 train_time:78495ms step_avg:101.02ms
step:778/4740 train_time:78655ms step_avg:101.10ms
step:779/4740 train_time:78755ms step_avg:101.10ms
step:780/4740 train_time:78915ms step_avg:101.17ms
step:781/4740 train_time:79014ms step_avg:101.17ms
step:782/4740 train_time:79174ms step_avg:101.25ms
step:783/4740 train_time:79273ms step_avg:101.24ms
step:784/4740 train_time:79433ms step_avg:101.32ms
step:785/4740 train_time:79546ms step_avg:101.33ms
step:786/4740 train_time:79784ms step_avg:101.51ms
step:787/4740 train_time:79928ms step_avg:101.56ms
step:788/4740 train_time:80170ms step_avg:101.74ms
step:789/4740 train_time:80307ms step_avg:101.78ms
step:790/4740 train_time:80549ms step_avg:101.96ms
step:791/4740 train_time:80688ms step_avg:102.01ms
step:792/4740 train_time:80932ms step_avg:102.19ms
step:793/4740 train_time:81069ms step_avg:102.23ms
step:794/4740 train_time:81311ms step_avg:102.41ms
step:795/4740 train_time:81448ms step_avg:102.45ms
step:796/4740 train_time:81694ms step_avg:102.63ms
step:797/4740 train_time:81833ms step_avg:102.68ms
step:798/4740 train_time:82073ms step_avg:102.85ms
step:799/4740 train_time:82214ms step_avg:102.90ms
step:800/4740 train_time:82453ms step_avg:103.07ms
step:801/4740 train_time:82593ms step_avg:103.11ms
step:802/4740 train_time:82834ms step_avg:103.28ms
step:803/4740 train_time:82977ms step_avg:103.33ms
step:804/4740 train_time:83220ms step_avg:103.51ms
step:805/4740 train_time:83362ms step_avg:103.56ms
step:806/4740 train_time:83607ms step_avg:103.73ms
step:807/4740 train_time:83745ms step_avg:103.77ms
step:808/4740 train_time:83989ms step_avg:103.95ms
step:809/4740 train_time:84128ms step_avg:103.99ms
step:810/4740 train_time:84371ms step_avg:104.16ms
step:811/4740 train_time:84509ms step_avg:104.20ms
step:812/4740 train_time:84751ms step_avg:104.37ms
step:813/4740 train_time:84889ms step_avg:104.41ms
step:814/4740 train_time:85134ms step_avg:104.59ms
step:815/4740 train_time:85274ms step_avg:104.63ms
step:816/4740 train_time:85514ms step_avg:104.80ms
step:817/4740 train_time:85657ms step_avg:104.84ms
step:818/4740 train_time:85902ms step_avg:105.01ms
step:819/4740 train_time:86041ms step_avg:105.06ms
step:820/4740 train_time:86286ms step_avg:105.23ms
step:821/4740 train_time:86424ms step_avg:105.27ms
step:822/4740 train_time:86666ms step_avg:105.43ms
step:823/4740 train_time:86807ms step_avg:105.48ms
step:824/4740 train_time:87050ms step_avg:105.64ms
step:825/4740 train_time:87189ms step_avg:105.68ms
step:826/4740 train_time:87431ms step_avg:105.85ms
step:827/4740 train_time:87571ms step_avg:105.89ms
step:828/4740 train_time:87812ms step_avg:106.05ms
step:829/4740 train_time:87952ms step_avg:106.09ms
step:830/4740 train_time:88192ms step_avg:106.26ms
step:831/4740 train_time:88333ms step_avg:106.30ms
step:832/4740 train_time:88572ms step_avg:106.46ms
step:833/4740 train_time:88714ms step_avg:106.50ms
step:834/4740 train_time:88956ms step_avg:106.66ms
step:835/4740 train_time:89100ms step_avg:106.71ms
step:836/4740 train_time:89340ms step_avg:106.87ms
step:837/4740 train_time:89480ms step_avg:106.91ms
step:838/4740 train_time:89722ms step_avg:107.07ms
step:839/4740 train_time:89863ms step_avg:107.11ms
step:840/4740 train_time:90108ms step_avg:107.27ms
step:841/4740 train_time:90247ms step_avg:107.31ms
step:842/4740 train_time:90491ms step_avg:107.47ms
step:843/4740 train_time:90628ms step_avg:107.51ms
step:844/4740 train_time:90870ms step_avg:107.67ms
step:845/4740 train_time:91009ms step_avg:107.70ms
step:846/4740 train_time:91251ms step_avg:107.86ms
step:847/4740 train_time:91392ms step_avg:107.90ms
step:848/4740 train_time:91635ms step_avg:108.06ms
step:849/4740 train_time:91773ms step_avg:108.10ms
step:850/4740 train_time:92013ms step_avg:108.25ms
step:851/4740 train_time:92154ms step_avg:108.29ms
step:852/4740 train_time:92394ms step_avg:108.44ms
step:853/4740 train_time:92537ms step_avg:108.48ms
step:854/4740 train_time:92780ms step_avg:108.64ms
step:855/4740 train_time:92919ms step_avg:108.68ms
step:856/4740 train_time:93164ms step_avg:108.84ms
step:857/4740 train_time:93303ms step_avg:108.87ms
step:858/4740 train_time:93547ms step_avg:109.03ms
step:859/4740 train_time:93685ms step_avg:109.06ms
step:860/4740 train_time:93929ms step_avg:109.22ms
step:861/4740 train_time:94067ms step_avg:109.25ms
step:862/4740 train_time:94309ms step_avg:109.41ms
step:863/4740 train_time:94448ms step_avg:109.44ms
step:864/4740 train_time:94689ms step_avg:109.59ms
step:865/4740 train_time:94826ms step_avg:109.63ms
step:866/4740 train_time:95068ms step_avg:109.78ms
step:867/4740 train_time:95207ms step_avg:109.81ms
step:868/4740 train_time:95448ms step_avg:109.96ms
step:869/4740 train_time:95587ms step_avg:110.00ms
step:870/4740 train_time:95829ms step_avg:110.15ms
step:871/4740 train_time:95965ms step_avg:110.18ms
step:872/4740 train_time:96208ms step_avg:110.33ms
step:873/4740 train_time:96348ms step_avg:110.36ms
step:874/4740 train_time:96593ms step_avg:110.52ms
step:875/4740 train_time:96730ms step_avg:110.55ms
step:876/4740 train_time:96971ms step_avg:110.70ms
step:877/4740 train_time:97111ms step_avg:110.73ms
step:878/4740 train_time:97350ms step_avg:110.88ms
step:879/4740 train_time:97493ms step_avg:110.91ms
step:880/4740 train_time:97734ms step_avg:111.06ms
step:881/4740 train_time:97873ms step_avg:111.09ms
step:882/4740 train_time:98114ms step_avg:111.24ms
step:883/4740 train_time:98253ms step_avg:111.27ms
step:884/4740 train_time:98494ms step_avg:111.42ms
step:885/4740 train_time:98633ms step_avg:111.45ms
step:886/4740 train_time:98872ms step_avg:111.59ms
step:887/4740 train_time:99011ms step_avg:111.63ms
step:888/4740 train_time:99252ms step_avg:111.77ms
step:889/4740 train_time:99390ms step_avg:111.80ms
step:890/4740 train_time:99630ms step_avg:111.94ms
step:891/4740 train_time:99770ms step_avg:111.98ms
step:892/4740 train_time:100013ms step_avg:112.12ms
step:893/4740 train_time:100153ms step_avg:112.15ms
step:894/4740 train_time:100395ms step_avg:112.30ms
step:895/4740 train_time:100533ms step_avg:112.33ms
step:896/4740 train_time:100772ms step_avg:112.47ms
step:897/4740 train_time:100914ms step_avg:112.50ms
step:898/4740 train_time:101154ms step_avg:112.64ms
step:899/4740 train_time:101296ms step_avg:112.68ms
step:900/4740 train_time:101537ms step_avg:112.82ms
step:901/4740 train_time:101678ms step_avg:112.85ms
step:902/4740 train_time:101917ms step_avg:112.99ms
step:903/4740 train_time:102059ms step_avg:113.02ms
step:904/4740 train_time:102302ms step_avg:113.17ms
step:905/4740 train_time:102442ms step_avg:113.20ms
step:906/4740 train_time:102682ms step_avg:113.33ms
step:907/4740 train_time:102822ms step_avg:113.36ms
step:908/4740 train_time:103067ms step_avg:113.51ms
step:909/4740 train_time:103205ms step_avg:113.54ms
step:910/4740 train_time:103448ms step_avg:113.68ms
step:911/4740 train_time:103586ms step_avg:113.71ms
step:912/4740 train_time:103829ms step_avg:113.85ms
step:913/4740 train_time:103968ms step_avg:113.88ms
step:914/4740 train_time:104210ms step_avg:114.02ms
step:915/4740 train_time:104349ms step_avg:114.04ms
step:916/4740 train_time:104593ms step_avg:114.18ms
step:917/4740 train_time:104735ms step_avg:114.21ms
step:918/4740 train_time:104973ms step_avg:114.35ms
step:919/4740 train_time:105112ms step_avg:114.38ms
step:920/4740 train_time:105351ms step_avg:114.51ms
step:921/4740 train_time:105494ms step_avg:114.54ms
step:922/4740 train_time:105735ms step_avg:114.68ms
step:923/4740 train_time:105874ms step_avg:114.71ms
step:924/4740 train_time:106114ms step_avg:114.84ms
step:925/4740 train_time:106254ms step_avg:114.87ms
step:926/4740 train_time:106494ms step_avg:115.00ms
step:927/4740 train_time:106636ms step_avg:115.03ms
step:928/4740 train_time:106875ms step_avg:115.17ms
step:929/4740 train_time:107015ms step_avg:115.19ms
step:930/4740 train_time:107256ms step_avg:115.33ms
step:931/4740 train_time:107397ms step_avg:115.36ms
step:932/4740 train_time:107641ms step_avg:115.49ms
step:933/4740 train_time:107780ms step_avg:115.52ms
step:934/4740 train_time:108023ms step_avg:115.66ms
step:935/4740 train_time:108161ms step_avg:115.68ms
step:936/4740 train_time:108404ms step_avg:115.82ms
step:937/4740 train_time:108544ms step_avg:115.84ms
step:938/4740 train_time:108790ms step_avg:115.98ms
step:939/4740 train_time:108926ms step_avg:116.00ms
step:940/4740 train_time:109169ms step_avg:116.14ms
step:941/4740 train_time:109308ms step_avg:116.16ms
step:942/4740 train_time:109550ms step_avg:116.29ms
step:943/4740 train_time:109689ms step_avg:116.32ms
step:944/4740 train_time:109930ms step_avg:116.45ms
step:945/4740 train_time:110068ms step_avg:116.47ms
step:946/4740 train_time:110309ms step_avg:116.61ms
step:947/4740 train_time:110450ms step_avg:116.63ms
step:948/4740 train_time:110692ms step_avg:116.76ms
step:949/4740 train_time:110830ms step_avg:116.79ms
step:950/4740 train_time:111071ms step_avg:116.92ms
step:951/4740 train_time:111208ms step_avg:116.94ms
step:952/4740 train_time:111450ms step_avg:117.07ms
step:953/4740 train_time:111592ms step_avg:117.10ms
step:954/4740 train_time:111834ms step_avg:117.23ms
step:955/4740 train_time:111978ms step_avg:117.25ms
step:956/4740 train_time:112218ms step_avg:117.38ms
step:957/4740 train_time:112359ms step_avg:117.41ms
step:958/4740 train_time:112603ms step_avg:117.54ms
step:959/4740 train_time:112741ms step_avg:117.56ms
step:960/4740 train_time:112987ms step_avg:117.70ms
step:961/4740 train_time:113122ms step_avg:117.71ms
step:962/4740 train_time:113364ms step_avg:117.84ms
step:963/4740 train_time:113503ms step_avg:117.86ms
step:964/4740 train_time:113747ms step_avg:118.00ms
step:965/4740 train_time:113888ms step_avg:118.02ms
step:966/4740 train_time:114132ms step_avg:118.15ms
step:967/4740 train_time:114269ms step_avg:118.17ms
step:968/4740 train_time:114512ms step_avg:118.30ms
step:969/4740 train_time:114653ms step_avg:118.32ms
step:970/4740 train_time:114893ms step_avg:118.45ms
step:971/4740 train_time:115033ms step_avg:118.47ms
step:972/4740 train_time:115273ms step_avg:118.59ms
step:973/4740 train_time:115415ms step_avg:118.62ms
step:974/4740 train_time:115653ms step_avg:118.74ms
step:975/4740 train_time:115797ms step_avg:118.77ms
step:976/4740 train_time:116038ms step_avg:118.89ms
step:977/4740 train_time:116180ms step_avg:118.91ms
step:978/4740 train_time:116423ms step_avg:119.04ms
step:979/4740 train_time:116561ms step_avg:119.06ms
step:980/4740 train_time:116805ms step_avg:119.19ms
step:981/4740 train_time:116945ms step_avg:119.21ms
step:982/4740 train_time:117188ms step_avg:119.34ms
step:983/4740 train_time:117326ms step_avg:119.35ms
step:984/4740 train_time:117569ms step_avg:119.48ms
step:985/4740 train_time:117709ms step_avg:119.50ms
step:986/4740 train_time:117952ms step_avg:119.63ms
step:987/4740 train_time:118091ms step_avg:119.65ms
step:988/4740 train_time:118331ms step_avg:119.77ms
step:989/4740 train_time:118471ms step_avg:119.79ms
step:990/4740 train_time:118712ms step_avg:119.91ms
step:991/4740 train_time:118854ms step_avg:119.93ms
step:992/4740 train_time:119096ms step_avg:120.06ms
step:993/4740 train_time:119235ms step_avg:120.08ms
step:994/4740 train_time:119474ms step_avg:120.20ms
step:995/4740 train_time:119613ms step_avg:120.21ms
step:996/4740 train_time:119855ms step_avg:120.34ms
step:997/4740 train_time:119995ms step_avg:120.36ms
step:998/4740 train_time:120236ms step_avg:120.48ms
step:999/4740 train_time:120375ms step_avg:120.50ms
step:1000/4740 train_time:120615ms step_avg:120.62ms
step:1000/4740 val_loss:3.5254 train_time:120720ms step_avg:120.72ms
step:1001/4740 train_time:120762ms step_avg:120.64ms
step:1002/4740 train_time:121005ms step_avg:120.76ms
step:1003/4740 train_time:121153ms step_avg:120.79ms
step:1004/4740 train_time:121394ms step_avg:120.91ms
step:1005/4740 train_time:121535ms step_avg:120.93ms
step:1006/4740 train_time:121774ms step_avg:121.05ms
step:1007/4740 train_time:121911ms step_avg:121.06ms
step:1008/4740 train_time:122155ms step_avg:121.19ms
step:1009/4740 train_time:122297ms step_avg:121.21ms
step:1010/4740 train_time:122537ms step_avg:121.32ms
step:1011/4740 train_time:122679ms step_avg:121.34ms
step:1012/4740 train_time:122924ms step_avg:121.47ms
step:1013/4740 train_time:123063ms step_avg:121.48ms
step:1014/4740 train_time:123308ms step_avg:121.61ms
step:1015/4740 train_time:123447ms step_avg:121.62ms
step:1016/4740 train_time:123687ms step_avg:121.74ms
step:1017/4740 train_time:123825ms step_avg:121.75ms
step:1018/4740 train_time:124067ms step_avg:121.87ms
step:1019/4740 train_time:124209ms step_avg:121.89ms
step:1020/4740 train_time:124450ms step_avg:122.01ms
step:1021/4740 train_time:124590ms step_avg:122.03ms
step:1022/4740 train_time:124830ms step_avg:122.14ms
step:1023/4740 train_time:124973ms step_avg:122.16ms
step:1024/4740 train_time:125214ms step_avg:122.28ms
step:1025/4740 train_time:125353ms step_avg:122.30ms
step:1026/4740 train_time:125594ms step_avg:122.41ms
step:1027/4740 train_time:125735ms step_avg:122.43ms
step:1028/4740 train_time:125976ms step_avg:122.54ms
step:1029/4740 train_time:126117ms step_avg:122.56ms
step:1030/4740 train_time:126360ms step_avg:122.68ms
step:1031/4740 train_time:126498ms step_avg:122.69ms
step:1032/4740 train_time:126740ms step_avg:122.81ms
step:1033/4740 train_time:126880ms step_avg:122.83ms
step:1034/4740 train_time:127127ms step_avg:122.95ms
step:1035/4740 train_time:127267ms step_avg:122.96ms
step:1036/4740 train_time:127509ms step_avg:123.08ms
step:1037/4740 train_time:127648ms step_avg:123.09ms
step:1038/4740 train_time:127889ms step_avg:123.21ms
step:1039/4740 train_time:128031ms step_avg:123.22ms
step:1040/4740 train_time:128272ms step_avg:123.34ms
step:1041/4740 train_time:128411ms step_avg:123.35ms
step:1042/4740 train_time:128650ms step_avg:123.46ms
step:1043/4740 train_time:128789ms step_avg:123.48ms
step:1044/4740 train_time:129031ms step_avg:123.59ms
step:1045/4740 train_time:129176ms step_avg:123.61ms
step:1046/4740 train_time:129416ms step_avg:123.72ms
step:1047/4740 train_time:129559ms step_avg:123.74ms
step:1048/4740 train_time:129799ms step_avg:123.85ms
step:1049/4740 train_time:129940ms step_avg:123.87ms
step:1050/4740 train_time:130186ms step_avg:123.99ms
step:1051/4740 train_time:130326ms step_avg:124.00ms
step:1052/4740 train_time:130569ms step_avg:124.11ms
step:1053/4740 train_time:130708ms step_avg:124.13ms
step:1054/4740 train_time:130949ms step_avg:124.24ms
step:1055/4740 train_time:131089ms step_avg:124.26ms
step:1056/4740 train_time:131331ms step_avg:124.37ms
step:1057/4740 train_time:131474ms step_avg:124.38ms
step:1058/4740 train_time:131714ms step_avg:124.49ms
step:1059/4740 train_time:131856ms step_avg:124.51ms
step:1060/4740 train_time:132102ms step_avg:124.62ms
step:1061/4740 train_time:132241ms step_avg:124.64ms
step:1062/4740 train_time:132481ms step_avg:124.75ms
step:1063/4740 train_time:132622ms step_avg:124.76ms
step:1064/4740 train_time:132864ms step_avg:124.87ms
step:1065/4740 train_time:133003ms step_avg:124.89ms
step:1066/4740 train_time:133247ms step_avg:125.00ms
step:1067/4740 train_time:133383ms step_avg:125.01ms
step:1068/4740 train_time:133628ms step_avg:125.12ms
step:1069/4740 train_time:133766ms step_avg:125.13ms
step:1070/4740 train_time:134008ms step_avg:125.24ms
step:1071/4740 train_time:134148ms step_avg:125.26ms
step:1072/4740 train_time:134391ms step_avg:125.36ms
step:1073/4740 train_time:134530ms step_avg:125.38ms
step:1074/4740 train_time:134772ms step_avg:125.49ms
step:1075/4740 train_time:134912ms step_avg:125.50ms
step:1076/4740 train_time:135154ms step_avg:125.61ms
step:1077/4740 train_time:135296ms step_avg:125.62ms
step:1078/4740 train_time:135536ms step_avg:125.73ms
step:1079/4740 train_time:135678ms step_avg:125.74ms
step:1080/4740 train_time:135921ms step_avg:125.85ms
step:1081/4740 train_time:136062ms step_avg:125.87ms
step:1082/4740 train_time:136306ms step_avg:125.98ms
step:1083/4740 train_time:136445ms step_avg:125.99ms
step:1084/4740 train_time:136686ms step_avg:126.09ms
step:1085/4740 train_time:136824ms step_avg:126.11ms
step:1086/4740 train_time:137067ms step_avg:126.21ms
step:1087/4740 train_time:137207ms step_avg:126.23ms
step:1088/4740 train_time:137448ms step_avg:126.33ms
step:1089/4740 train_time:137586ms step_avg:126.34ms
step:1090/4740 train_time:137830ms step_avg:126.45ms
step:1091/4740 train_time:137970ms step_avg:126.46ms
step:1092/4740 train_time:138211ms step_avg:126.57ms
step:1093/4740 train_time:138352ms step_avg:126.58ms
step:1094/4740 train_time:138592ms step_avg:126.68ms
step:1095/4740 train_time:138734ms step_avg:126.70ms
step:1096/4740 train_time:138976ms step_avg:126.80ms
step:1097/4740 train_time:139115ms step_avg:126.81ms
step:1098/4740 train_time:139360ms step_avg:126.92ms
step:1099/4740 train_time:139498ms step_avg:126.93ms
step:1100/4740 train_time:139742ms step_avg:127.04ms
step:1101/4740 train_time:139882ms step_avg:127.05ms
step:1102/4740 train_time:140126ms step_avg:127.16ms
step:1103/4740 train_time:140266ms step_avg:127.17ms
step:1104/4740 train_time:140509ms step_avg:127.27ms
step:1105/4740 train_time:140647ms step_avg:127.28ms
step:1106/4740 train_time:140888ms step_avg:127.39ms
step:1107/4740 train_time:141028ms step_avg:127.40ms
step:1108/4740 train_time:141270ms step_avg:127.50ms
step:1109/4740 train_time:141409ms step_avg:127.51ms
step:1110/4740 train_time:141651ms step_avg:127.61ms
step:1111/4740 train_time:141792ms step_avg:127.63ms
step:1112/4740 train_time:142032ms step_avg:127.73ms
step:1113/4740 train_time:142174ms step_avg:127.74ms
step:1114/4740 train_time:142415ms step_avg:127.84ms
step:1115/4740 train_time:142556ms step_avg:127.85ms
step:1116/4740 train_time:142797ms step_avg:127.95ms
step:1117/4740 train_time:142939ms step_avg:127.97ms
step:1118/4740 train_time:143180ms step_avg:128.07ms
step:1119/4740 train_time:143319ms step_avg:128.08ms
step:1120/4740 train_time:143563ms step_avg:128.18ms
step:1121/4740 train_time:143703ms step_avg:128.19ms
step:1122/4740 train_time:143949ms step_avg:128.30ms
step:1123/4740 train_time:144085ms step_avg:128.30ms
step:1124/4740 train_time:144327ms step_avg:128.40ms
step:1125/4740 train_time:144466ms step_avg:128.41ms
step:1126/4740 train_time:144708ms step_avg:128.51ms
step:1127/4740 train_time:144849ms step_avg:128.53ms
step:1128/4740 train_time:145089ms step_avg:128.63ms
step:1129/4740 train_time:145228ms step_avg:128.63ms
step:1130/4740 train_time:145469ms step_avg:128.73ms
step:1131/4740 train_time:145611ms step_avg:128.74ms
step:1132/4740 train_time:145852ms step_avg:128.84ms
step:1133/4740 train_time:145989ms step_avg:128.85ms
step:1134/4740 train_time:146231ms step_avg:128.95ms
step:1135/4740 train_time:146374ms step_avg:128.96ms
step:1136/4740 train_time:146615ms step_avg:129.06ms
step:1137/4740 train_time:146756ms step_avg:129.07ms
step:1138/4740 train_time:146995ms step_avg:129.17ms
step:1139/4740 train_time:147135ms step_avg:129.18ms
step:1140/4740 train_time:147377ms step_avg:129.28ms
step:1141/4740 train_time:147518ms step_avg:129.29ms
step:1142/4740 train_time:147763ms step_avg:129.39ms
step:1143/4740 train_time:147902ms step_avg:129.40ms
step:1144/4740 train_time:148143ms step_avg:129.50ms
step:1145/4740 train_time:148282ms step_avg:129.50ms
step:1146/4740 train_time:148526ms step_avg:129.60ms
step:1147/4740 train_time:148665ms step_avg:129.61ms
step:1148/4740 train_time:148907ms step_avg:129.71ms
step:1149/4740 train_time:149046ms step_avg:129.72ms
step:1150/4740 train_time:149287ms step_avg:129.81ms
step:1151/4740 train_time:149425ms step_avg:129.82ms
step:1152/4740 train_time:149668ms step_avg:129.92ms
step:1153/4740 train_time:149809ms step_avg:129.93ms
step:1154/4740 train_time:150051ms step_avg:130.03ms
step:1155/4740 train_time:150189ms step_avg:130.03ms
step:1156/4740 train_time:150429ms step_avg:130.13ms
step:1157/4740 train_time:150570ms step_avg:130.14ms
step:1158/4740 train_time:150811ms step_avg:130.23ms
step:1159/4740 train_time:150953ms step_avg:130.24ms
step:1160/4740 train_time:151194ms step_avg:130.34ms
step:1161/4740 train_time:151332ms step_avg:130.35ms
step:1162/4740 train_time:151574ms step_avg:130.44ms
step:1163/4740 train_time:151714ms step_avg:130.45ms
step:1164/4740 train_time:151958ms step_avg:130.55ms
step:1165/4740 train_time:152097ms step_avg:130.56ms
step:1166/4740 train_time:152338ms step_avg:130.65ms
step:1167/4740 train_time:152477ms step_avg:130.66ms
step:1168/4740 train_time:152723ms step_avg:130.76ms
step:1169/4740 train_time:152863ms step_avg:130.76ms
step:1170/4740 train_time:153107ms step_avg:130.86ms
step:1171/4740 train_time:153245ms step_avg:130.87ms
step:1172/4740 train_time:153487ms step_avg:130.96ms
step:1173/4740 train_time:153624ms step_avg:130.97ms
step:1174/4740 train_time:153868ms step_avg:131.06ms
step:1175/4740 train_time:154008ms step_avg:131.07ms
step:1176/4740 train_time:154281ms step_avg:131.19ms
step:1177/4740 train_time:154459ms step_avg:131.23ms
step:1178/4740 train_time:154778ms step_avg:131.39ms
step:1179/4740 train_time:154959ms step_avg:131.43ms
step:1180/4740 train_time:155277ms step_avg:131.59ms
step:1181/4740 train_time:155457ms step_avg:131.63ms
step:1182/4740 train_time:155773ms step_avg:131.79ms
step:1183/4740 train_time:155956ms step_avg:131.83ms
step:1184/4740 train_time:156275ms step_avg:131.99ms
step:1185/4740 train_time:156457ms step_avg:132.03ms
step:1186/4740 train_time:156772ms step_avg:132.19ms
step:1187/4740 train_time:156954ms step_avg:132.23ms
step:1188/4740 train_time:157274ms step_avg:132.39ms
step:1189/4740 train_time:157454ms step_avg:132.43ms
step:1190/4740 train_time:157770ms step_avg:132.58ms
step:1191/4740 train_time:157954ms step_avg:132.62ms
step:1192/4740 train_time:158268ms step_avg:132.78ms
step:1193/4740 train_time:158451ms step_avg:132.82ms
step:1194/4740 train_time:158768ms step_avg:132.97ms
step:1195/4740 train_time:158949ms step_avg:133.01ms
step:1196/4740 train_time:159266ms step_avg:133.17ms
step:1197/4740 train_time:159445ms step_avg:133.20ms
step:1198/4740 train_time:159764ms step_avg:133.36ms
step:1199/4740 train_time:159942ms step_avg:133.40ms
step:1200/4740 train_time:160264ms step_avg:133.55ms
step:1201/4740 train_time:160441ms step_avg:133.59ms
step:1202/4740 train_time:160763ms step_avg:133.75ms
step:1203/4740 train_time:160939ms step_avg:133.78ms
step:1204/4740 train_time:161258ms step_avg:133.94ms
step:1205/4740 train_time:161436ms step_avg:133.97ms
step:1206/4740 train_time:161757ms step_avg:134.13ms
step:1207/4740 train_time:161934ms step_avg:134.16ms
step:1208/4740 train_time:162249ms step_avg:134.31ms
step:1209/4740 train_time:162427ms step_avg:134.35ms
step:1210/4740 train_time:162746ms step_avg:134.50ms
step:1211/4740 train_time:162927ms step_avg:134.54ms
step:1212/4740 train_time:163244ms step_avg:134.69ms
step:1213/4740 train_time:163425ms step_avg:134.73ms
step:1214/4740 train_time:163746ms step_avg:134.88ms
step:1215/4740 train_time:163930ms step_avg:134.92ms
step:1216/4740 train_time:164250ms step_avg:135.07ms
step:1217/4740 train_time:164429ms step_avg:135.11ms
step:1218/4740 train_time:164747ms step_avg:135.26ms
step:1219/4740 train_time:164929ms step_avg:135.30ms
step:1220/4740 train_time:165245ms step_avg:135.45ms
step:1221/4740 train_time:165422ms step_avg:135.48ms
step:1222/4740 train_time:165743ms step_avg:135.63ms
step:1223/4740 train_time:165922ms step_avg:135.67ms
step:1224/4740 train_time:166240ms step_avg:135.82ms
step:1225/4740 train_time:166417ms step_avg:135.85ms
step:1226/4740 train_time:166737ms step_avg:136.00ms
step:1227/4740 train_time:166917ms step_avg:136.04ms
step:1228/4740 train_time:167235ms step_avg:136.18ms
step:1229/4740 train_time:167413ms step_avg:136.22ms
step:1230/4740 train_time:167733ms step_avg:136.37ms
step:1231/4740 train_time:167913ms step_avg:136.40ms
step:1232/4740 train_time:168230ms step_avg:136.55ms
step:1233/4740 train_time:168411ms step_avg:136.59ms
step:1234/4740 train_time:168729ms step_avg:136.73ms
step:1235/4740 train_time:168909ms step_avg:136.77ms
step:1236/4740 train_time:169226ms step_avg:136.91ms
step:1237/4740 train_time:169406ms step_avg:136.95ms
step:1238/4740 train_time:169723ms step_avg:137.09ms
step:1239/4740 train_time:169901ms step_avg:137.13ms
step:1240/4740 train_time:170222ms step_avg:137.28ms
step:1241/4740 train_time:170399ms step_avg:137.31ms
step:1242/4740 train_time:170715ms step_avg:137.45ms
step:1243/4740 train_time:170901ms step_avg:137.49ms
step:1244/4740 train_time:171219ms step_avg:137.64ms
step:1245/4740 train_time:171399ms step_avg:137.67ms
step:1246/4740 train_time:171717ms step_avg:137.81ms
step:1247/4740 train_time:171896ms step_avg:137.85ms
step:1248/4740 train_time:172214ms step_avg:137.99ms
step:1249/4740 train_time:172393ms step_avg:138.02ms
step:1250/4740 train_time:172710ms step_avg:138.17ms
step:1250/4740 val_loss:3.4543 train_time:172839ms step_avg:138.27ms
step:1251/4740 train_time:172894ms step_avg:138.20ms
step:1252/4740 train_time:173215ms step_avg:138.35ms
step:1253/4740 train_time:173401ms step_avg:138.39ms
step:1254/4740 train_time:173717ms step_avg:138.53ms
step:1255/4740 train_time:173895ms step_avg:138.56ms
step:1256/4740 train_time:174213ms step_avg:138.70ms
step:1257/4740 train_time:174402ms step_avg:138.74ms
step:1258/4740 train_time:174715ms step_avg:138.88ms
step:1259/4740 train_time:174892ms step_avg:138.91ms
step:1260/4740 train_time:175211ms step_avg:139.06ms
step:1261/4740 train_time:175396ms step_avg:139.09ms
step:1262/4740 train_time:175711ms step_avg:139.23ms
step:1263/4740 train_time:175887ms step_avg:139.26ms
step:1264/4740 train_time:176203ms step_avg:139.40ms
step:1265/4740 train_time:176385ms step_avg:139.43ms
step:1266/4740 train_time:176705ms step_avg:139.58ms
step:1267/4740 train_time:176884ms step_avg:139.61ms
step:1268/4740 train_time:177201ms step_avg:139.75ms
step:1269/4740 train_time:177385ms step_avg:139.78ms
step:1270/4740 train_time:177701ms step_avg:139.92ms
step:1271/4740 train_time:177881ms step_avg:139.95ms
step:1272/4740 train_time:178200ms step_avg:140.09ms
step:1273/4740 train_time:178380ms step_avg:140.13ms
step:1274/4740 train_time:178697ms step_avg:140.26ms
step:1275/4740 train_time:178877ms step_avg:140.30ms
step:1276/4740 train_time:179192ms step_avg:140.43ms
step:1277/4740 train_time:179378ms step_avg:140.47ms
step:1278/4740 train_time:179694ms step_avg:140.61ms
step:1279/4740 train_time:179873ms step_avg:140.64ms
step:1280/4740 train_time:180193ms step_avg:140.78ms
step:1281/4740 train_time:180374ms step_avg:140.81ms
step:1282/4740 train_time:180694ms step_avg:140.95ms
step:1283/4740 train_time:180873ms step_avg:140.98ms
step:1284/4740 train_time:181190ms step_avg:141.11ms
step:1285/4740 train_time:181371ms step_avg:141.14ms
step:1286/4740 train_time:181690ms step_avg:141.28ms
step:1287/4740 train_time:181868ms step_avg:141.31ms
step:1288/4740 train_time:182185ms step_avg:141.45ms
step:1289/4740 train_time:182366ms step_avg:141.48ms
step:1290/4740 train_time:182685ms step_avg:141.62ms
step:1291/4740 train_time:182867ms step_avg:141.65ms
step:1292/4740 train_time:183186ms step_avg:141.78ms
step:1293/4740 train_time:183367ms step_avg:141.82ms
step:1294/4740 train_time:183687ms step_avg:141.95ms
step:1295/4740 train_time:183869ms step_avg:141.98ms
step:1296/4740 train_time:184186ms step_avg:142.12ms
step:1297/4740 train_time:184366ms step_avg:142.15ms
step:1298/4740 train_time:184683ms step_avg:142.28ms
step:1299/4740 train_time:184864ms step_avg:142.31ms
step:1300/4740 train_time:185182ms step_avg:142.45ms
step:1301/4740 train_time:185361ms step_avg:142.48ms
step:1302/4740 train_time:185680ms step_avg:142.61ms
step:1303/4740 train_time:185860ms step_avg:142.64ms
step:1304/4740 train_time:186178ms step_avg:142.77ms
step:1305/4740 train_time:186355ms step_avg:142.80ms
step:1306/4740 train_time:186675ms step_avg:142.94ms
step:1307/4740 train_time:186854ms step_avg:142.96ms
step:1308/4740 train_time:187174ms step_avg:143.10ms
step:1309/4740 train_time:187351ms step_avg:143.13ms
step:1310/4740 train_time:187670ms step_avg:143.26ms
step:1311/4740 train_time:187851ms step_avg:143.29ms
step:1312/4740 train_time:188175ms step_avg:143.43ms
step:1313/4740 train_time:188351ms step_avg:143.45ms
step:1314/4740 train_time:188667ms step_avg:143.58ms
step:1315/4740 train_time:188847ms step_avg:143.61ms
step:1316/4740 train_time:189169ms step_avg:143.75ms
step:1317/4740 train_time:189347ms step_avg:143.77ms
step:1318/4740 train_time:189662ms step_avg:143.90ms
step:1319/4740 train_time:189843ms step_avg:143.93ms
step:1320/4740 train_time:190161ms step_avg:144.06ms
step:1321/4740 train_time:190344ms step_avg:144.09ms
step:1322/4740 train_time:190661ms step_avg:144.22ms
step:1323/4740 train_time:190843ms step_avg:144.25ms
step:1324/4740 train_time:191158ms step_avg:144.38ms
step:1325/4740 train_time:191338ms step_avg:144.41ms
step:1326/4740 train_time:191654ms step_avg:144.54ms
step:1327/4740 train_time:191833ms step_avg:144.56ms
step:1328/4740 train_time:192153ms step_avg:144.69ms
step:1329/4740 train_time:192331ms step_avg:144.72ms
step:1330/4740 train_time:192648ms step_avg:144.85ms
step:1331/4740 train_time:192829ms step_avg:144.88ms
step:1332/4740 train_time:193145ms step_avg:145.00ms
step:1333/4740 train_time:193327ms step_avg:145.03ms
step:1334/4740 train_time:193646ms step_avg:145.16ms
step:1335/4740 train_time:193825ms step_avg:145.19ms
step:1336/4740 train_time:194144ms step_avg:145.32ms
step:1337/4740 train_time:194325ms step_avg:145.34ms
step:1338/4740 train_time:194641ms step_avg:145.47ms
step:1339/4740 train_time:194823ms step_avg:145.50ms
step:1340/4740 train_time:195141ms step_avg:145.63ms
step:1341/4740 train_time:195320ms step_avg:145.65ms
step:1342/4740 train_time:195639ms step_avg:145.78ms
step:1343/4740 train_time:195818ms step_avg:145.81ms
step:1344/4740 train_time:196135ms step_avg:145.93ms
step:1345/4740 train_time:196315ms step_avg:145.96ms
step:1346/4740 train_time:196637ms step_avg:146.09ms
step:1347/4740 train_time:196814ms step_avg:146.11ms
step:1348/4740 train_time:197133ms step_avg:146.24ms
step:1349/4740 train_time:197311ms step_avg:146.26ms
step:1350/4740 train_time:197629ms step_avg:146.39ms
step:1351/4740 train_time:197811ms step_avg:146.42ms
step:1352/4740 train_time:198132ms step_avg:146.55ms
step:1353/4740 train_time:198314ms step_avg:146.57ms
step:1354/4740 train_time:198634ms step_avg:146.70ms
step:1355/4740 train_time:198813ms step_avg:146.73ms
step:1356/4740 train_time:199133ms step_avg:146.85ms
step:1357/4740 train_time:199315ms step_avg:146.88ms
step:1358/4740 train_time:199634ms step_avg:147.01ms
step:1359/4740 train_time:199815ms step_avg:147.03ms
step:1360/4740 train_time:200136ms step_avg:147.16ms
step:1361/4740 train_time:200315ms step_avg:147.18ms
step:1362/4740 train_time:200633ms step_avg:147.31ms
step:1363/4740 train_time:200811ms step_avg:147.33ms
step:1364/4740 train_time:201130ms step_avg:147.46ms
step:1365/4740 train_time:201312ms step_avg:147.48ms
step:1366/4740 train_time:201626ms step_avg:147.60ms
step:1367/4740 train_time:201808ms step_avg:147.63ms
step:1368/4740 train_time:202126ms step_avg:147.75ms
step:1369/4740 train_time:202306ms step_avg:147.78ms
step:1370/4740 train_time:202622ms step_avg:147.90ms
step:1371/4740 train_time:202805ms step_avg:147.92ms
step:1372/4740 train_time:203121ms step_avg:148.05ms
step:1373/4740 train_time:203302ms step_avg:148.07ms
step:1374/4740 train_time:203616ms step_avg:148.19ms
step:1375/4740 train_time:203798ms step_avg:148.22ms
step:1376/4740 train_time:204113ms step_avg:148.34ms
step:1377/4740 train_time:204293ms step_avg:148.36ms
step:1378/4740 train_time:204610ms step_avg:148.48ms
step:1379/4740 train_time:204789ms step_avg:148.51ms
step:1380/4740 train_time:205110ms step_avg:148.63ms
step:1381/4740 train_time:205288ms step_avg:148.65ms
step:1382/4740 train_time:205604ms step_avg:148.77ms
step:1383/4740 train_time:205788ms step_avg:148.80ms
step:1384/4740 train_time:206104ms step_avg:148.92ms
step:1385/4740 train_time:206285ms step_avg:148.94ms
step:1386/4740 train_time:206604ms step_avg:149.06ms
step:1387/4740 train_time:206785ms step_avg:149.09ms
step:1388/4740 train_time:207102ms step_avg:149.21ms
step:1389/4740 train_time:207284ms step_avg:149.23ms
step:1390/4740 train_time:207599ms step_avg:149.35ms
step:1391/4740 train_time:207782ms step_avg:149.38ms
step:1392/4740 train_time:208102ms step_avg:149.50ms
step:1393/4740 train_time:208284ms step_avg:149.52ms
step:1394/4740 train_time:208597ms step_avg:149.64ms
step:1395/4740 train_time:208780ms step_avg:149.66ms
step:1396/4740 train_time:209095ms step_avg:149.78ms
step:1397/4740 train_time:209276ms step_avg:149.80ms
step:1398/4740 train_time:209595ms step_avg:149.92ms
step:1399/4740 train_time:209776ms step_avg:149.95ms
step:1400/4740 train_time:210090ms step_avg:150.06ms
step:1401/4740 train_time:210272ms step_avg:150.09ms
step:1402/4740 train_time:210592ms step_avg:150.21ms
step:1403/4740 train_time:210772ms step_avg:150.23ms
step:1404/4740 train_time:211091ms step_avg:150.35ms
step:1405/4740 train_time:211271ms step_avg:150.37ms
step:1406/4740 train_time:211590ms step_avg:150.49ms
step:1407/4740 train_time:211770ms step_avg:150.51ms
step:1408/4740 train_time:212085ms step_avg:150.63ms
step:1409/4740 train_time:212266ms step_avg:150.65ms
step:1410/4740 train_time:212583ms step_avg:150.77ms
step:1411/4740 train_time:212766ms step_avg:150.79ms
step:1412/4740 train_time:213084ms step_avg:150.91ms
step:1413/4740 train_time:213267ms step_avg:150.93ms
step:1414/4740 train_time:213583ms step_avg:151.05ms
step:1415/4740 train_time:213764ms step_avg:151.07ms
step:1416/4740 train_time:214081ms step_avg:151.19ms
step:1417/4740 train_time:214268ms step_avg:151.21ms
step:1418/4740 train_time:214583ms step_avg:151.33ms
step:1419/4740 train_time:214767ms step_avg:151.35ms
step:1420/4740 train_time:215084ms step_avg:151.47ms
step:1421/4740 train_time:215267ms step_avg:151.49ms
step:1422/4740 train_time:215584ms step_avg:151.61ms
step:1423/4740 train_time:215767ms step_avg:151.63ms
step:1424/4740 train_time:216082ms step_avg:151.74ms
step:1425/4740 train_time:216266ms step_avg:151.77ms
step:1426/4740 train_time:216583ms step_avg:151.88ms
step:1427/4740 train_time:216763ms step_avg:151.90ms
step:1428/4740 train_time:217080ms step_avg:152.02ms
step:1429/4740 train_time:217263ms step_avg:152.04ms
step:1430/4740 train_time:217580ms step_avg:152.15ms
step:1431/4740 train_time:217760ms step_avg:152.17ms
step:1432/4740 train_time:218081ms step_avg:152.29ms
step:1433/4740 train_time:218264ms step_avg:152.31ms
step:1434/4740 train_time:218579ms step_avg:152.43ms
step:1435/4740 train_time:218761ms step_avg:152.45ms
step:1436/4740 train_time:219080ms step_avg:152.56ms
step:1437/4740 train_time:219260ms step_avg:152.58ms
step:1438/4740 train_time:219578ms step_avg:152.70ms
step:1439/4740 train_time:219754ms step_avg:152.71ms
step:1440/4740 train_time:220075ms step_avg:152.83ms
step:1441/4740 train_time:220257ms step_avg:152.85ms
step:1442/4740 train_time:220576ms step_avg:152.97ms
step:1443/4740 train_time:220755ms step_avg:152.98ms
step:1444/4740 train_time:221076ms step_avg:153.10ms
step:1445/4740 train_time:221253ms step_avg:153.12ms
step:1446/4740 train_time:221573ms step_avg:153.23ms
step:1447/4740 train_time:221749ms step_avg:153.25ms
step:1448/4740 train_time:222069ms step_avg:153.36ms
step:1449/4740 train_time:222248ms step_avg:153.38ms
step:1450/4740 train_time:222566ms step_avg:153.49ms
step:1451/4740 train_time:222745ms step_avg:153.51ms
step:1452/4740 train_time:223061ms step_avg:153.62ms
step:1453/4740 train_time:223241ms step_avg:153.64ms
step:1454/4740 train_time:223560ms step_avg:153.76ms
step:1455/4740 train_time:223740ms step_avg:153.77ms
step:1456/4740 train_time:224059ms step_avg:153.89ms
step:1457/4740 train_time:224244ms step_avg:153.91ms
step:1458/4740 train_time:224561ms step_avg:154.02ms
step:1459/4740 train_time:224741ms step_avg:154.04ms
step:1460/4740 train_time:225058ms step_avg:154.15ms
step:1461/4740 train_time:225239ms step_avg:154.17ms
step:1462/4740 train_time:225555ms step_avg:154.28ms
step:1463/4740 train_time:225733ms step_avg:154.29ms
step:1464/4740 train_time:226053ms step_avg:154.41ms
step:1465/4740 train_time:226233ms step_avg:154.43ms
step:1466/4740 train_time:226552ms step_avg:154.54ms
step:1467/4740 train_time:226731ms step_avg:154.55ms
step:1468/4740 train_time:227048ms step_avg:154.66ms
step:1469/4740 train_time:227231ms step_avg:154.68ms
step:1470/4740 train_time:227551ms step_avg:154.80ms
step:1471/4740 train_time:227731ms step_avg:154.81ms
step:1472/4740 train_time:228047ms step_avg:154.92ms
step:1473/4740 train_time:228228ms step_avg:154.94ms
step:1474/4740 train_time:228546ms step_avg:155.05ms
step:1475/4740 train_time:228727ms step_avg:155.07ms
step:1476/4740 train_time:229046ms step_avg:155.18ms
step:1477/4740 train_time:229222ms step_avg:155.19ms
step:1478/4740 train_time:229542ms step_avg:155.31ms
step:1479/4740 train_time:229721ms step_avg:155.32ms
step:1480/4740 train_time:230040ms step_avg:155.43ms
step:1481/4740 train_time:230221ms step_avg:155.45ms
step:1482/4740 train_time:230538ms step_avg:155.56ms
step:1483/4740 train_time:230718ms step_avg:155.58ms
step:1484/4740 train_time:231036ms step_avg:155.68ms
step:1485/4740 train_time:231217ms step_avg:155.70ms
step:1486/4740 train_time:231537ms step_avg:155.81ms
step:1487/4740 train_time:231716ms step_avg:155.83ms
step:1488/4740 train_time:232038ms step_avg:155.94ms
step:1489/4740 train_time:232214ms step_avg:155.95ms
step:1490/4740 train_time:232535ms step_avg:156.06ms
step:1491/4740 train_time:232713ms step_avg:156.08ms
step:1492/4740 train_time:233033ms step_avg:156.19ms
step:1493/4740 train_time:233211ms step_avg:156.20ms
step:1494/4740 train_time:233530ms step_avg:156.31ms
step:1495/4740 train_time:233712ms step_avg:156.33ms
step:1496/4740 train_time:234030ms step_avg:156.44ms
step:1497/4740 train_time:234209ms step_avg:156.45ms
step:1498/4740 train_time:234527ms step_avg:156.56ms
step:1499/4740 train_time:234707ms step_avg:156.58ms
step:1500/4740 train_time:235024ms step_avg:156.68ms
step:1500/4740 val_loss:3.3963 train_time:235153ms step_avg:156.77ms
step:1501/4740 train_time:235209ms step_avg:156.70ms
step:1502/4740 train_time:235529ms step_avg:156.81ms
step:1503/4740 train_time:235714ms step_avg:156.83ms
step:1504/4740 train_time:236026ms step_avg:156.93ms
step:1505/4740 train_time:236209ms step_avg:156.95ms
step:1506/4740 train_time:236528ms step_avg:157.06ms
step:1507/4740 train_time:236710ms step_avg:157.07ms
step:1508/4740 train_time:237028ms step_avg:157.18ms
step:1509/4740 train_time:237207ms step_avg:157.19ms
step:1510/4740 train_time:237527ms step_avg:157.30ms
step:1511/4740 train_time:237706ms step_avg:157.32ms
step:1512/4740 train_time:238026ms step_avg:157.42ms
step:1513/4740 train_time:238204ms step_avg:157.44ms
step:1514/4740 train_time:238522ms step_avg:157.54ms
step:1515/4740 train_time:238705ms step_avg:157.56ms
step:1516/4740 train_time:239025ms step_avg:157.67ms
step:1517/4740 train_time:239206ms step_avg:157.68ms
step:1518/4740 train_time:239519ms step_avg:157.79ms
step:1519/4740 train_time:239702ms step_avg:157.80ms
step:1520/4740 train_time:240021ms step_avg:157.91ms
step:1521/4740 train_time:240202ms step_avg:157.92ms
step:1522/4740 train_time:240518ms step_avg:158.03ms
step:1523/4740 train_time:240698ms step_avg:158.04ms
step:1524/4740 train_time:241017ms step_avg:158.15ms
step:1525/4740 train_time:241196ms step_avg:158.16ms
step:1526/4740 train_time:241515ms step_avg:158.27ms
step:1527/4740 train_time:241693ms step_avg:158.28ms
step:1528/4740 train_time:242013ms step_avg:158.39ms
step:1529/4740 train_time:242196ms step_avg:158.40ms
step:1530/4740 train_time:242512ms step_avg:158.50ms
step:1531/4740 train_time:242688ms step_avg:158.52ms
step:1532/4740 train_time:243008ms step_avg:158.62ms
step:1533/4740 train_time:243187ms step_avg:158.63ms
step:1534/4740 train_time:243507ms step_avg:158.74ms
step:1535/4740 train_time:243685ms step_avg:158.75ms
step:1536/4740 train_time:244002ms step_avg:158.86ms
step:1537/4740 train_time:244185ms step_avg:158.87ms
step:1538/4740 train_time:244500ms step_avg:158.97ms
step:1539/4740 train_time:244680ms step_avg:158.99ms
step:1540/4740 train_time:244996ms step_avg:159.09ms
step:1541/4740 train_time:245180ms step_avg:159.10ms
step:1542/4740 train_time:245497ms step_avg:159.21ms
step:1543/4740 train_time:245677ms step_avg:159.22ms
step:1544/4740 train_time:245993ms step_avg:159.32ms
step:1545/4740 train_time:246171ms step_avg:159.33ms
step:1546/4740 train_time:246492ms step_avg:159.44ms
step:1547/4740 train_time:246666ms step_avg:159.45ms
step:1548/4740 train_time:246989ms step_avg:159.55ms
step:1549/4740 train_time:247166ms step_avg:159.56ms
step:1550/4740 train_time:247484ms step_avg:159.67ms
step:1551/4740 train_time:247662ms step_avg:159.68ms
step:1552/4740 train_time:247981ms step_avg:159.78ms
step:1553/4740 train_time:248159ms step_avg:159.79ms
step:1554/4740 train_time:248475ms step_avg:159.89ms
step:1555/4740 train_time:248656ms step_avg:159.91ms
step:1556/4740 train_time:248973ms step_avg:160.01ms
step:1557/4740 train_time:249152ms step_avg:160.02ms
step:1558/4740 train_time:249469ms step_avg:160.12ms
step:1559/4740 train_time:249650ms step_avg:160.13ms
step:1560/4740 train_time:249969ms step_avg:160.24ms
step:1561/4740 train_time:250145ms step_avg:160.25ms
step:1562/4740 train_time:250462ms step_avg:160.35ms
step:1563/4740 train_time:250643ms step_avg:160.36ms
step:1564/4740 train_time:250960ms step_avg:160.46ms
step:1565/4740 train_time:251142ms step_avg:160.47ms
step:1566/4740 train_time:251465ms step_avg:160.58ms
step:1567/4740 train_time:251642ms step_avg:160.59ms
step:1568/4740 train_time:251960ms step_avg:160.69ms
step:1569/4740 train_time:252140ms step_avg:160.70ms
step:1570/4740 train_time:252460ms step_avg:160.80ms
step:1571/4740 train_time:252640ms step_avg:160.81ms
step:1572/4740 train_time:252962ms step_avg:160.92ms
step:1573/4740 train_time:253143ms step_avg:160.93ms
step:1574/4740 train_time:253458ms step_avg:161.03ms
step:1575/4740 train_time:253639ms step_avg:161.04ms
step:1576/4740 train_time:253959ms step_avg:161.14ms
step:1577/4740 train_time:254138ms step_avg:161.15ms
step:1578/4740 train_time:254456ms step_avg:161.25ms
step:1579/4740 train_time:254639ms step_avg:161.27ms
step:1580/4740 train_time:254958ms step_avg:161.37ms
step:1581/4740 train_time:255138ms step_avg:161.38ms
step:1582/4740 train_time:255456ms step_avg:161.48ms
step:1583/4740 train_time:255640ms step_avg:161.49ms
step:1584/4740 train_time:255958ms step_avg:161.59ms
step:1585/4740 train_time:256141ms step_avg:161.60ms
step:1586/4740 train_time:256460ms step_avg:161.70ms
step:1587/4740 train_time:256641ms step_avg:161.71ms
step:1588/4740 train_time:256959ms step_avg:161.81ms
step:1589/4740 train_time:257140ms step_avg:161.83ms
step:1590/4740 train_time:257458ms step_avg:161.92ms
step:1591/4740 train_time:257641ms step_avg:161.94ms
step:1592/4740 train_time:257958ms step_avg:162.03ms
step:1593/4740 train_time:258142ms step_avg:162.05ms
step:1594/4740 train_time:258460ms step_avg:162.15ms
step:1595/4740 train_time:258640ms step_avg:162.16ms
step:1596/4740 train_time:258959ms step_avg:162.25ms
step:1597/4740 train_time:259142ms step_avg:162.27ms
step:1598/4740 train_time:259458ms step_avg:162.36ms
step:1599/4740 train_time:259641ms step_avg:162.38ms
step:1600/4740 train_time:259959ms step_avg:162.47ms
step:1601/4740 train_time:260140ms step_avg:162.49ms
step:1602/4740 train_time:260457ms step_avg:162.58ms
step:1603/4740 train_time:260639ms step_avg:162.59ms
step:1604/4740 train_time:260959ms step_avg:162.69ms
step:1605/4740 train_time:261140ms step_avg:162.70ms
step:1606/4740 train_time:261457ms step_avg:162.80ms
step:1607/4740 train_time:261640ms step_avg:162.81ms
step:1608/4740 train_time:261960ms step_avg:162.91ms
step:1609/4740 train_time:262145ms step_avg:162.92ms
step:1610/4740 train_time:262461ms step_avg:163.02ms
step:1611/4740 train_time:262644ms step_avg:163.03ms
step:1612/4740 train_time:262962ms step_avg:163.13ms
step:1613/4740 train_time:263144ms step_avg:163.14ms
step:1614/4740 train_time:263462ms step_avg:163.24ms
step:1615/4740 train_time:263644ms step_avg:163.25ms
step:1616/4740 train_time:263962ms step_avg:163.34ms
step:1617/4740 train_time:264143ms step_avg:163.35ms
step:1618/4740 train_time:264462ms step_avg:163.45ms
step:1619/4740 train_time:264640ms step_avg:163.46ms
step:1620/4740 train_time:264959ms step_avg:163.55ms
step:1621/4740 train_time:265141ms step_avg:163.57ms
step:1622/4740 train_time:265460ms step_avg:163.66ms
step:1623/4740 train_time:265642ms step_avg:163.67ms
step:1624/4740 train_time:265958ms step_avg:163.77ms
step:1625/4740 train_time:266140ms step_avg:163.78ms
step:1626/4740 train_time:266460ms step_avg:163.87ms
step:1627/4740 train_time:266641ms step_avg:163.89ms
step:1628/4740 train_time:266956ms step_avg:163.98ms
step:1629/4740 train_time:267139ms step_avg:163.99ms
step:1630/4740 train_time:267457ms step_avg:164.08ms
step:1631/4740 train_time:267640ms step_avg:164.10ms
step:1632/4740 train_time:267953ms step_avg:164.19ms
step:1633/4740 train_time:268139ms step_avg:164.20ms
step:1634/4740 train_time:268458ms step_avg:164.29ms
step:1635/4740 train_time:268638ms step_avg:164.30ms
step:1636/4740 train_time:268958ms step_avg:164.40ms
step:1637/4740 train_time:269136ms step_avg:164.41ms
step:1638/4740 train_time:269456ms step_avg:164.50ms
step:1639/4740 train_time:269638ms step_avg:164.51ms
step:1640/4740 train_time:269955ms step_avg:164.61ms
step:1641/4740 train_time:270133ms step_avg:164.61ms
step:1642/4740 train_time:270454ms step_avg:164.71ms
step:1643/4740 train_time:270637ms step_avg:164.72ms
step:1644/4740 train_time:270952ms step_avg:164.81ms
step:1645/4740 train_time:271133ms step_avg:164.82ms
step:1646/4740 train_time:271452ms step_avg:164.92ms
step:1647/4740 train_time:271636ms step_avg:164.93ms
step:1648/4740 train_time:271954ms step_avg:165.02ms
step:1649/4740 train_time:272133ms step_avg:165.03ms
step:1650/4740 train_time:272454ms step_avg:165.12ms
step:1651/4740 train_time:272635ms step_avg:165.13ms
step:1652/4740 train_time:272953ms step_avg:165.23ms
step:1653/4740 train_time:273132ms step_avg:165.23ms
step:1654/4740 train_time:273451ms step_avg:165.33ms
step:1655/4740 train_time:273629ms step_avg:165.33ms
step:1656/4740 train_time:273951ms step_avg:165.43ms
step:1657/4740 train_time:274129ms step_avg:165.44ms
step:1658/4740 train_time:274450ms step_avg:165.53ms
step:1659/4740 train_time:274634ms step_avg:165.54ms
step:1660/4740 train_time:274954ms step_avg:165.64ms
step:1661/4740 train_time:275133ms step_avg:165.64ms
step:1662/4740 train_time:275452ms step_avg:165.73ms
step:1663/4740 train_time:275634ms step_avg:165.75ms
step:1664/4740 train_time:275958ms step_avg:165.84ms
step:1665/4740 train_time:276138ms step_avg:165.85ms
step:1666/4740 train_time:276458ms step_avg:165.94ms
step:1667/4740 train_time:276638ms step_avg:165.95ms
step:1668/4740 train_time:276960ms step_avg:166.04ms
step:1669/4740 train_time:277142ms step_avg:166.05ms
step:1670/4740 train_time:277459ms step_avg:166.14ms
step:1671/4740 train_time:277641ms step_avg:166.15ms
step:1672/4740 train_time:277963ms step_avg:166.25ms
step:1673/4740 train_time:278142ms step_avg:166.25ms
step:1674/4740 train_time:278461ms step_avg:166.34ms
step:1675/4740 train_time:278643ms step_avg:166.35ms
step:1676/4740 train_time:278965ms step_avg:166.45ms
step:1677/4740 train_time:279146ms step_avg:166.46ms
step:1678/4740 train_time:279463ms step_avg:166.55ms
step:1679/4740 train_time:279641ms step_avg:166.55ms
step:1680/4740 train_time:279964ms step_avg:166.65ms
step:1681/4740 train_time:280143ms step_avg:166.65ms
step:1682/4740 train_time:280465ms step_avg:166.74ms
step:1683/4740 train_time:280648ms step_avg:166.75ms
step:1684/4740 train_time:280968ms step_avg:166.85ms
step:1685/4740 train_time:281148ms step_avg:166.85ms
step:1686/4740 train_time:281468ms step_avg:166.94ms
step:1687/4740 train_time:281647ms step_avg:166.95ms
step:1688/4740 train_time:281967ms step_avg:167.04ms
step:1689/4740 train_time:282147ms step_avg:167.05ms
step:1690/4740 train_time:282464ms step_avg:167.14ms
step:1691/4740 train_time:282643ms step_avg:167.15ms
step:1692/4740 train_time:282963ms step_avg:167.24ms
step:1693/4740 train_time:283144ms step_avg:167.24ms
step:1694/4740 train_time:283462ms step_avg:167.33ms
step:1695/4740 train_time:283644ms step_avg:167.34ms
step:1696/4740 train_time:283962ms step_avg:167.43ms
step:1697/4740 train_time:284145ms step_avg:167.44ms
step:1698/4740 train_time:284462ms step_avg:167.53ms
step:1699/4740 train_time:284646ms step_avg:167.54ms
step:1700/4740 train_time:284966ms step_avg:167.63ms
step:1701/4740 train_time:285146ms step_avg:167.63ms
step:1702/4740 train_time:285464ms step_avg:167.72ms
step:1703/4740 train_time:285643ms step_avg:167.73ms
step:1704/4740 train_time:285966ms step_avg:167.82ms
step:1705/4740 train_time:286144ms step_avg:167.83ms
step:1706/4740 train_time:286463ms step_avg:167.91ms
step:1707/4740 train_time:286642ms step_avg:167.92ms
step:1708/4740 train_time:286961ms step_avg:168.01ms
step:1709/4740 train_time:287142ms step_avg:168.02ms
step:1710/4740 train_time:287460ms step_avg:168.10ms
step:1711/4740 train_time:287644ms step_avg:168.11ms
step:1712/4740 train_time:287962ms step_avg:168.20ms
step:1713/4740 train_time:288144ms step_avg:168.21ms
step:1714/4740 train_time:288462ms step_avg:168.30ms
step:1715/4740 train_time:288645ms step_avg:168.31ms
step:1716/4740 train_time:288962ms step_avg:168.39ms
step:1717/4740 train_time:289143ms step_avg:168.40ms
step:1718/4740 train_time:289462ms step_avg:168.49ms
step:1719/4740 train_time:289642ms step_avg:168.49ms
step:1720/4740 train_time:289962ms step_avg:168.58ms
step:1721/4740 train_time:290142ms step_avg:168.59ms
step:1722/4740 train_time:290461ms step_avg:168.68ms
step:1723/4740 train_time:290641ms step_avg:168.68ms
step:1724/4740 train_time:290957ms step_avg:168.77ms
step:1725/4740 train_time:291139ms step_avg:168.78ms
step:1726/4740 train_time:291458ms step_avg:168.86ms
step:1727/4740 train_time:291639ms step_avg:168.87ms
step:1728/4740 train_time:291959ms step_avg:168.96ms
step:1729/4740 train_time:292142ms step_avg:168.97ms
step:1730/4740 train_time:292459ms step_avg:169.05ms
step:1731/4740 train_time:292644ms step_avg:169.06ms
step:1732/4740 train_time:292963ms step_avg:169.15ms
step:1733/4740 train_time:293142ms step_avg:169.15ms
step:1734/4740 train_time:293461ms step_avg:169.24ms
step:1735/4740 train_time:293643ms step_avg:169.25ms
step:1736/4740 train_time:293960ms step_avg:169.33ms
step:1737/4740 train_time:294141ms step_avg:169.34ms
step:1738/4740 train_time:294458ms step_avg:169.42ms
step:1739/4740 train_time:294640ms step_avg:169.43ms
step:1740/4740 train_time:294957ms step_avg:169.52ms
step:1741/4740 train_time:295139ms step_avg:169.52ms
step:1742/4740 train_time:295457ms step_avg:169.61ms
step:1743/4740 train_time:295640ms step_avg:169.62ms
step:1744/4740 train_time:295956ms step_avg:169.70ms
step:1745/4740 train_time:296138ms step_avg:169.71ms
step:1746/4740 train_time:296458ms step_avg:169.79ms
step:1747/4740 train_time:296642ms step_avg:169.80ms
step:1748/4740 train_time:296959ms step_avg:169.89ms
step:1749/4740 train_time:297140ms step_avg:169.89ms
step:1750/4740 train_time:297460ms step_avg:169.98ms
step:1750/4740 val_loss:3.3456 train_time:297588ms step_avg:170.05ms
step:1751/4740 train_time:297644ms step_avg:169.99ms
step:1752/4740 train_time:297970ms step_avg:170.07ms
step:1753/4740 train_time:298156ms step_avg:170.08ms
step:1754/4740 train_time:298472ms step_avg:170.17ms
step:1755/4740 train_time:298655ms step_avg:170.17ms
step:1756/4740 train_time:298976ms step_avg:170.26ms
step:1757/4740 train_time:299157ms step_avg:170.27ms
step:1758/4740 train_time:299474ms step_avg:170.35ms
step:1759/4740 train_time:299655ms step_avg:170.36ms
step:1760/4740 train_time:299974ms step_avg:170.44ms
step:1761/4740 train_time:300155ms step_avg:170.45ms
step:1762/4740 train_time:300474ms step_avg:170.53ms
step:1763/4740 train_time:300657ms step_avg:170.54ms
step:1764/4740 train_time:300976ms step_avg:170.62ms
step:1765/4740 train_time:301160ms step_avg:170.63ms
step:1766/4740 train_time:301481ms step_avg:170.71ms
step:1767/4740 train_time:301659ms step_avg:170.72ms
step:1768/4740 train_time:301978ms step_avg:170.80ms
step:1769/4740 train_time:302159ms step_avg:170.81ms
step:1770/4740 train_time:302477ms step_avg:170.89ms
step:1771/4740 train_time:302656ms step_avg:170.90ms
step:1772/4740 train_time:302975ms step_avg:170.98ms
step:1773/4740 train_time:303156ms step_avg:170.98ms
step:1774/4740 train_time:303477ms step_avg:171.07ms
step:1775/4740 train_time:303657ms step_avg:171.07ms
step:1776/4740 train_time:303976ms step_avg:171.16ms
step:1777/4740 train_time:304157ms step_avg:171.16ms
step:1778/4740 train_time:304476ms step_avg:171.25ms
step:1779/4740 train_time:304657ms step_avg:171.25ms
step:1780/4740 train_time:304976ms step_avg:171.33ms
step:1781/4740 train_time:305155ms step_avg:171.34ms
step:1782/4740 train_time:305474ms step_avg:171.42ms
step:1783/4740 train_time:305652ms step_avg:171.43ms
step:1784/4740 train_time:305973ms step_avg:171.51ms
step:1785/4740 train_time:306151ms step_avg:171.51ms
step:1786/4740 train_time:306472ms step_avg:171.60ms
step:1787/4740 train_time:306650ms step_avg:171.60ms
step:1788/4740 train_time:306972ms step_avg:171.68ms
step:1789/4740 train_time:307152ms step_avg:171.69ms
step:1790/4740 train_time:307472ms step_avg:171.77ms
step:1791/4740 train_time:307653ms step_avg:171.78ms
step:1792/4740 train_time:307973ms step_avg:171.86ms
step:1793/4740 train_time:308152ms step_avg:171.86ms
step:1794/4740 train_time:308472ms step_avg:171.95ms
step:1795/4740 train_time:308652ms step_avg:171.95ms
step:1796/4740 train_time:308972ms step_avg:172.03ms
step:1797/4740 train_time:309149ms step_avg:172.04ms
step:1798/4740 train_time:309471ms step_avg:172.12ms
step:1799/4740 train_time:309650ms step_avg:172.12ms
step:1800/4740 train_time:309970ms step_avg:172.21ms
step:1801/4740 train_time:310149ms step_avg:172.21ms
step:1802/4740 train_time:310470ms step_avg:172.29ms
step:1803/4740 train_time:310649ms step_avg:172.30ms
step:1804/4740 train_time:310970ms step_avg:172.38ms
step:1805/4740 train_time:311151ms step_avg:172.38ms
step:1806/4740 train_time:311468ms step_avg:172.46ms
step:1807/4740 train_time:311650ms step_avg:172.47ms
step:1808/4740 train_time:311971ms step_avg:172.55ms
step:1809/4740 train_time:312151ms step_avg:172.55ms
step:1810/4740 train_time:312469ms step_avg:172.63ms
step:1811/4740 train_time:312650ms step_avg:172.64ms
step:1812/4740 train_time:312968ms step_avg:172.72ms
step:1813/4740 train_time:313149ms step_avg:172.72ms
step:1814/4740 train_time:313467ms step_avg:172.80ms
step:1815/4740 train_time:313648ms step_avg:172.81ms
step:1816/4740 train_time:313968ms step_avg:172.89ms
step:1817/4740 train_time:314149ms step_avg:172.89ms
step:1818/4740 train_time:314471ms step_avg:172.98ms
step:1819/4740 train_time:314648ms step_avg:172.98ms
step:1820/4740 train_time:314966ms step_avg:173.06ms
step:1821/4740 train_time:315147ms step_avg:173.06ms
step:1822/4740 train_time:315466ms step_avg:173.14ms
step:1823/4740 train_time:315647ms step_avg:173.15ms
step:1824/4740 train_time:315962ms step_avg:173.22ms
step:1825/4740 train_time:316143ms step_avg:173.23ms
step:1826/4740 train_time:316462ms step_avg:173.31ms
step:1827/4740 train_time:316646ms step_avg:173.31ms
step:1828/4740 train_time:316964ms step_avg:173.39ms
step:1829/4740 train_time:317144ms step_avg:173.40ms
step:1830/4740 train_time:317464ms step_avg:173.48ms
step:1831/4740 train_time:317645ms step_avg:173.48ms
step:1832/4740 train_time:317961ms step_avg:173.56ms
step:1833/4740 train_time:318146ms step_avg:173.57ms
step:1834/4740 train_time:318464ms step_avg:173.64ms
step:1835/4740 train_time:318646ms step_avg:173.65ms
step:1836/4740 train_time:318964ms step_avg:173.73ms
step:1837/4740 train_time:319146ms step_avg:173.73ms
step:1838/4740 train_time:319465ms step_avg:173.81ms
step:1839/4740 train_time:319646ms step_avg:173.82ms
step:1840/4740 train_time:319964ms step_avg:173.89ms
step:1841/4740 train_time:320145ms step_avg:173.90ms
step:1842/4740 train_time:320468ms step_avg:173.98ms
step:1843/4740 train_time:320651ms step_avg:173.98ms
step:1844/4740 train_time:320970ms step_avg:174.06ms
step:1845/4740 train_time:321150ms step_avg:174.06ms
step:1846/4740 train_time:321472ms step_avg:174.15ms
step:1847/4740 train_time:321654ms step_avg:174.15ms
step:1848/4740 train_time:321972ms step_avg:174.23ms
step:1849/4740 train_time:322150ms step_avg:174.23ms
step:1850/4740 train_time:322471ms step_avg:174.31ms
step:1851/4740 train_time:322650ms step_avg:174.31ms
step:1852/4740 train_time:322970ms step_avg:174.39ms
step:1853/4740 train_time:323150ms step_avg:174.39ms
step:1854/4740 train_time:323471ms step_avg:174.47ms
step:1855/4740 train_time:323649ms step_avg:174.47ms
step:1856/4740 train_time:323967ms step_avg:174.55ms
step:1857/4740 train_time:324147ms step_avg:174.55ms
step:1858/4740 train_time:324466ms step_avg:174.63ms
step:1859/4740 train_time:324648ms step_avg:174.64ms
step:1860/4740 train_time:324963ms step_avg:174.71ms
step:1861/4740 train_time:325146ms step_avg:174.72ms
step:1862/4740 train_time:325461ms step_avg:174.79ms
step:1863/4740 train_time:325643ms step_avg:174.79ms
step:1864/4740 train_time:325959ms step_avg:174.87ms
step:1865/4740 train_time:326143ms step_avg:174.88ms
step:1866/4740 train_time:326458ms step_avg:174.95ms
step:1867/4740 train_time:326640ms step_avg:174.95ms
step:1868/4740 train_time:326962ms step_avg:175.03ms
step:1869/4740 train_time:327141ms step_avg:175.04ms
step:1870/4740 train_time:327458ms step_avg:175.11ms
step:1871/4740 train_time:327640ms step_avg:175.11ms
step:1872/4740 train_time:327960ms step_avg:175.19ms
step:1873/4740 train_time:328140ms step_avg:175.19ms
step:1874/4740 train_time:328456ms step_avg:175.27ms
step:1875/4740 train_time:328639ms step_avg:175.27ms
step:1876/4740 train_time:328961ms step_avg:175.35ms
step:1877/4740 train_time:329145ms step_avg:175.36ms
step:1878/4740 train_time:329465ms step_avg:175.43ms
step:1879/4740 train_time:329645ms step_avg:175.44ms
step:1880/4740 train_time:329963ms step_avg:175.51ms
step:1881/4740 train_time:330146ms step_avg:175.52ms
step:1882/4740 train_time:330463ms step_avg:175.59ms
step:1883/4740 train_time:330643ms step_avg:175.59ms
step:1884/4740 train_time:330962ms step_avg:175.67ms
step:1885/4740 train_time:331143ms step_avg:175.67ms
step:1886/4740 train_time:331460ms step_avg:175.75ms
step:1887/4740 train_time:331643ms step_avg:175.75ms
step:1888/4740 train_time:331960ms step_avg:175.83ms
step:1889/4740 train_time:332142ms step_avg:175.83ms
step:1890/4740 train_time:332461ms step_avg:175.91ms
step:1891/4740 train_time:332643ms step_avg:175.91ms
step:1892/4740 train_time:332960ms step_avg:175.98ms
step:1893/4740 train_time:333148ms step_avg:175.99ms
step:1894/4740 train_time:333466ms step_avg:176.06ms
step:1895/4740 train_time:333647ms step_avg:176.07ms
step:1896/4740 train_time:333968ms step_avg:176.14ms
step:1897/4740 train_time:334151ms step_avg:176.15ms
step:1898/4740 train_time:334469ms step_avg:176.22ms
step:1899/4740 train_time:334652ms step_avg:176.23ms
step:1900/4740 train_time:334970ms step_avg:176.30ms
step:1901/4740 train_time:335151ms step_avg:176.30ms
step:1902/4740 train_time:335471ms step_avg:176.38ms
step:1903/4740 train_time:335651ms step_avg:176.38ms
step:1904/4740 train_time:335970ms step_avg:176.45ms
step:1905/4740 train_time:336148ms step_avg:176.46ms
step:1906/4740 train_time:336469ms step_avg:176.53ms
step:1907/4740 train_time:336650ms step_avg:176.53ms
step:1908/4740 train_time:336968ms step_avg:176.61ms
step:1909/4740 train_time:337149ms step_avg:176.61ms
step:1910/4740 train_time:337467ms step_avg:176.68ms
step:1911/4740 train_time:337652ms step_avg:176.69ms
step:1912/4740 train_time:337973ms step_avg:176.76ms
step:1913/4740 train_time:338153ms step_avg:176.77ms
step:1914/4740 train_time:338471ms step_avg:176.84ms
step:1915/4740 train_time:338654ms step_avg:176.84ms
step:1916/4740 train_time:338974ms step_avg:176.92ms
step:1917/4740 train_time:339152ms step_avg:176.92ms
step:1918/4740 train_time:339471ms step_avg:176.99ms
step:1919/4740 train_time:339652ms step_avg:176.99ms
step:1920/4740 train_time:339971ms step_avg:177.07ms
step:1921/4740 train_time:340152ms step_avg:177.07ms
step:1922/4740 train_time:340472ms step_avg:177.14ms
step:1923/4740 train_time:340652ms step_avg:177.15ms
step:1924/4740 train_time:340970ms step_avg:177.22ms
step:1925/4740 train_time:341151ms step_avg:177.22ms
step:1926/4740 train_time:341472ms step_avg:177.30ms
step:1927/4740 train_time:341651ms step_avg:177.30ms
step:1928/4740 train_time:341973ms step_avg:177.37ms
step:1929/4740 train_time:342152ms step_avg:177.37ms
step:1930/4740 train_time:342472ms step_avg:177.45ms
step:1931/4740 train_time:342653ms step_avg:177.45ms
step:1932/4740 train_time:342972ms step_avg:177.52ms
step:1933/4740 train_time:343150ms step_avg:177.52ms
step:1934/4740 train_time:343470ms step_avg:177.60ms
step:1935/4740 train_time:343651ms step_avg:177.60ms
step:1936/4740 train_time:343972ms step_avg:177.67ms
step:1937/4740 train_time:344148ms step_avg:177.67ms
step:1938/4740 train_time:344466ms step_avg:177.74ms
step:1939/4740 train_time:344647ms step_avg:177.74ms
step:1940/4740 train_time:344966ms step_avg:177.82ms
step:1941/4740 train_time:345144ms step_avg:177.82ms
step:1942/4740 train_time:345465ms step_avg:177.89ms
step:1943/4740 train_time:345648ms step_avg:177.89ms
step:1944/4740 train_time:345964ms step_avg:177.96ms
step:1945/4740 train_time:346144ms step_avg:177.97ms
step:1946/4740 train_time:346464ms step_avg:178.04ms
step:1947/4740 train_time:346646ms step_avg:178.04ms
step:1948/4740 train_time:346969ms step_avg:178.12ms
step:1949/4740 train_time:347147ms step_avg:178.12ms
step:1950/4740 train_time:347462ms step_avg:178.19ms
step:1951/4740 train_time:347649ms step_avg:178.19ms
step:1952/4740 train_time:347968ms step_avg:178.26ms
step:1953/4740 train_time:348152ms step_avg:178.27ms
step:1954/4740 train_time:348473ms step_avg:178.34ms
step:1955/4740 train_time:348656ms step_avg:178.34ms
step:1956/4740 train_time:348975ms step_avg:178.41ms
step:1957/4740 train_time:349157ms step_avg:178.41ms
step:1958/4740 train_time:349474ms step_avg:178.49ms
step:1959/4740 train_time:349657ms step_avg:178.49ms
step:1960/4740 train_time:349974ms step_avg:178.56ms
step:1961/4740 train_time:350157ms step_avg:178.56ms
step:1962/4740 train_time:350476ms step_avg:178.63ms
step:1963/4740 train_time:350656ms step_avg:178.63ms
step:1964/4740 train_time:350976ms step_avg:178.70ms
step:1965/4740 train_time:351161ms step_avg:178.71ms
step:1966/4740 train_time:351479ms step_avg:178.78ms
step:1967/4740 train_time:351658ms step_avg:178.78ms
step:1968/4740 train_time:351982ms step_avg:178.85ms
step:1969/4740 train_time:352163ms step_avg:178.85ms
step:1970/4740 train_time:352483ms step_avg:178.93ms
step:1971/4740 train_time:352663ms step_avg:178.93ms
step:1972/4740 train_time:352985ms step_avg:179.00ms
step:1973/4740 train_time:353165ms step_avg:179.00ms
step:1974/4740 train_time:353480ms step_avg:179.07ms
step:1975/4740 train_time:353665ms step_avg:179.07ms
step:1976/4740 train_time:353983ms step_avg:179.14ms
step:1977/4740 train_time:354163ms step_avg:179.14ms
step:1978/4740 train_time:354482ms step_avg:179.21ms
step:1979/4740 train_time:354664ms step_avg:179.21ms
step:1980/4740 train_time:354985ms step_avg:179.29ms
step:1981/4740 train_time:355168ms step_avg:179.29ms
step:1982/4740 train_time:355493ms step_avg:179.36ms
step:1983/4740 train_time:355672ms step_avg:179.36ms
step:1984/4740 train_time:355993ms step_avg:179.43ms
step:1985/4740 train_time:356175ms step_avg:179.43ms
step:1986/4740 train_time:356495ms step_avg:179.50ms
step:1987/4740 train_time:356674ms step_avg:179.50ms
step:1988/4740 train_time:356997ms step_avg:179.58ms
step:1989/4740 train_time:357175ms step_avg:179.57ms
step:1990/4740 train_time:357497ms step_avg:179.65ms
step:1991/4740 train_time:357677ms step_avg:179.65ms
step:1992/4740 train_time:358000ms step_avg:179.72ms
step:1993/4740 train_time:358175ms step_avg:179.72ms
step:1994/4740 train_time:358500ms step_avg:179.79ms
step:1995/4740 train_time:358675ms step_avg:179.79ms
step:1996/4740 train_time:358997ms step_avg:179.86ms
step:1997/4740 train_time:359183ms step_avg:179.86ms
step:1998/4740 train_time:359505ms step_avg:179.93ms
step:1999/4740 train_time:359684ms step_avg:179.93ms
step:2000/4740 train_time:360006ms step_avg:180.00ms
step:2000/4740 val_loss:3.2857 train_time:360137ms step_avg:180.07ms
step:2001/4740 train_time:360192ms step_avg:180.01ms
step:2002/4740 train_time:360512ms step_avg:180.08ms
step:2003/4740 train_time:360699ms step_avg:180.08ms
step:2004/4740 train_time:361013ms step_avg:180.15ms
step:2005/4740 train_time:361196ms step_avg:180.15ms
step:2006/4740 train_time:361517ms step_avg:180.22ms
step:2007/4740 train_time:361702ms step_avg:180.22ms
step:2008/4740 train_time:362021ms step_avg:180.29ms
step:2009/4740 train_time:362204ms step_avg:180.29ms
step:2010/4740 train_time:362529ms step_avg:180.36ms
step:2011/4740 train_time:362713ms step_avg:180.36ms
step:2012/4740 train_time:363030ms step_avg:180.43ms
step:2013/4740 train_time:363213ms step_avg:180.43ms
step:2014/4740 train_time:363532ms step_avg:180.50ms
step:2015/4740 train_time:363718ms step_avg:180.51ms
step:2016/4740 train_time:364035ms step_avg:180.57ms
step:2017/4740 train_time:364217ms step_avg:180.57ms
step:2018/4740 train_time:364537ms step_avg:180.64ms
step:2019/4740 train_time:364719ms step_avg:180.64ms
step:2020/4740 train_time:365037ms step_avg:180.71ms
step:2021/4740 train_time:365217ms step_avg:180.71ms
step:2022/4740 train_time:365537ms step_avg:180.78ms
step:2023/4740 train_time:365716ms step_avg:180.78ms
step:2024/4740 train_time:366037ms step_avg:180.85ms
step:2025/4740 train_time:366216ms step_avg:180.85ms
step:2026/4740 train_time:366536ms step_avg:180.92ms
step:2027/4740 train_time:366718ms step_avg:180.92ms
step:2028/4740 train_time:367036ms step_avg:180.98ms
step:2029/4740 train_time:367219ms step_avg:180.99ms
step:2030/4740 train_time:367541ms step_avg:181.05ms
step:2031/4740 train_time:367722ms step_avg:181.05ms
step:2032/4740 train_time:368042ms step_avg:181.12ms
step:2033/4740 train_time:368222ms step_avg:181.12ms
step:2034/4740 train_time:368546ms step_avg:181.19ms
step:2035/4740 train_time:368725ms step_avg:181.19ms
step:2036/4740 train_time:369042ms step_avg:181.26ms
step:2037/4740 train_time:369222ms step_avg:181.26ms
step:2038/4740 train_time:369543ms step_avg:181.33ms
step:2039/4740 train_time:369724ms step_avg:181.33ms
step:2040/4740 train_time:370044ms step_avg:181.39ms
step:2041/4740 train_time:370226ms step_avg:181.39ms
step:2042/4740 train_time:370547ms step_avg:181.46ms
step:2043/4740 train_time:370728ms step_avg:181.46ms
step:2044/4740 train_time:371045ms step_avg:181.53ms
step:2045/4740 train_time:371229ms step_avg:181.53ms
step:2046/4740 train_time:371553ms step_avg:181.60ms
step:2047/4740 train_time:371731ms step_avg:181.60ms
step:2048/4740 train_time:372052ms step_avg:181.67ms
step:2049/4740 train_time:372230ms step_avg:181.66ms
step:2050/4740 train_time:372548ms step_avg:181.73ms
step:2051/4740 train_time:372736ms step_avg:181.73ms
step:2052/4740 train_time:373053ms step_avg:181.80ms
step:2053/4740 train_time:373237ms step_avg:181.80ms
step:2054/4740 train_time:373558ms step_avg:181.87ms
step:2055/4740 train_time:373739ms step_avg:181.87ms
step:2056/4740 train_time:374061ms step_avg:181.94ms
step:2057/4740 train_time:374241ms step_avg:181.94ms
step:2058/4740 train_time:374565ms step_avg:182.00ms
step:2059/4740 train_time:374747ms step_avg:182.00ms
step:2060/4740 train_time:375068ms step_avg:182.07ms
step:2061/4740 train_time:375248ms step_avg:182.07ms
step:2062/4740 train_time:375572ms step_avg:182.14ms
step:2063/4740 train_time:375750ms step_avg:182.14ms
step:2064/4740 train_time:376073ms step_avg:182.21ms
step:2065/4740 train_time:376253ms step_avg:182.20ms
step:2066/4740 train_time:376574ms step_avg:182.27ms
step:2067/4740 train_time:376752ms step_avg:182.27ms
step:2068/4740 train_time:377073ms step_avg:182.34ms
step:2069/4740 train_time:377255ms step_avg:182.34ms
step:2070/4740 train_time:377574ms step_avg:182.40ms
step:2071/4740 train_time:377754ms step_avg:182.40ms
step:2072/4740 train_time:378075ms step_avg:182.47ms
step:2073/4740 train_time:378260ms step_avg:182.47ms
step:2074/4740 train_time:378579ms step_avg:182.54ms
step:2075/4740 train_time:378764ms step_avg:182.54ms
step:2076/4740 train_time:379081ms step_avg:182.60ms
step:2077/4740 train_time:379262ms step_avg:182.60ms
step:2078/4740 train_time:379581ms step_avg:182.67ms
step:2079/4740 train_time:379764ms step_avg:182.67ms
step:2080/4740 train_time:380080ms step_avg:182.73ms
step:2081/4740 train_time:380261ms step_avg:182.73ms
step:2082/4740 train_time:380580ms step_avg:182.80ms
step:2083/4740 train_time:380759ms step_avg:182.79ms
step:2084/4740 train_time:381079ms step_avg:182.86ms
step:2085/4740 train_time:381258ms step_avg:182.86ms
step:2086/4740 train_time:381578ms step_avg:182.92ms
step:2087/4740 train_time:381761ms step_avg:182.92ms
step:2088/4740 train_time:382080ms step_avg:182.99ms
step:2089/4740 train_time:382265ms step_avg:182.99ms
step:2090/4740 train_time:382584ms step_avg:183.05ms
step:2091/4740 train_time:382764ms step_avg:183.05ms
step:2092/4740 train_time:383083ms step_avg:183.12ms
step:2093/4740 train_time:383264ms step_avg:183.12ms
step:2094/4740 train_time:383591ms step_avg:183.19ms
step:2095/4740 train_time:383769ms step_avg:183.18ms
step:2096/4740 train_time:384089ms step_avg:183.25ms
step:2097/4740 train_time:384268ms step_avg:183.25ms
step:2098/4740 train_time:384591ms step_avg:183.31ms
step:2099/4740 train_time:384774ms step_avg:183.31ms
step:2100/4740 train_time:385093ms step_avg:183.38ms
step:2101/4740 train_time:385272ms step_avg:183.38ms
step:2102/4740 train_time:385594ms step_avg:183.44ms
step:2103/4740 train_time:385775ms step_avg:183.44ms
step:2104/4740 train_time:386099ms step_avg:183.51ms
step:2105/4740 train_time:386276ms step_avg:183.50ms
step:2106/4740 train_time:386598ms step_avg:183.57ms
step:2107/4740 train_time:386777ms step_avg:183.57ms
step:2108/4740 train_time:387098ms step_avg:183.63ms
step:2109/4740 train_time:387279ms step_avg:183.63ms
step:2110/4740 train_time:387600ms step_avg:183.70ms
step:2111/4740 train_time:387779ms step_avg:183.69ms
step:2112/4740 train_time:388105ms step_avg:183.76ms
step:2113/4740 train_time:388286ms step_avg:183.76ms
step:2114/4740 train_time:388608ms step_avg:183.83ms
step:2115/4740 train_time:388788ms step_avg:183.82ms
step:2116/4740 train_time:389108ms step_avg:183.89ms
step:2117/4740 train_time:389290ms step_avg:183.89ms
step:2118/4740 train_time:389612ms step_avg:183.95ms
step:2119/4740 train_time:389794ms step_avg:183.95ms
step:2120/4740 train_time:390111ms step_avg:184.01ms
step:2121/4740 train_time:390296ms step_avg:184.02ms
step:2122/4740 train_time:390617ms step_avg:184.08ms
step:2123/4740 train_time:390799ms step_avg:184.08ms
step:2124/4740 train_time:391116ms step_avg:184.14ms
step:2125/4740 train_time:391297ms step_avg:184.14ms
step:2126/4740 train_time:391618ms step_avg:184.20ms
step:2127/4740 train_time:391799ms step_avg:184.20ms
step:2128/4740 train_time:392116ms step_avg:184.27ms
step:2129/4740 train_time:392296ms step_avg:184.26ms
step:2130/4740 train_time:392622ms step_avg:184.33ms
step:2131/4740 train_time:392800ms step_avg:184.33ms
step:2132/4740 train_time:393120ms step_avg:184.39ms
step:2133/4740 train_time:393297ms step_avg:184.39ms
step:2134/4740 train_time:393618ms step_avg:184.45ms
step:2135/4740 train_time:393798ms step_avg:184.45ms
step:2136/4740 train_time:394120ms step_avg:184.51ms
step:2137/4740 train_time:394298ms step_avg:184.51ms
step:2138/4740 train_time:394619ms step_avg:184.57ms
step:2139/4740 train_time:394803ms step_avg:184.57ms
step:2140/4740 train_time:395124ms step_avg:184.64ms
step:2141/4740 train_time:395304ms step_avg:184.64ms
step:2142/4740 train_time:395627ms step_avg:184.70ms
step:2143/4740 train_time:395805ms step_avg:184.70ms
step:2144/4740 train_time:396125ms step_avg:184.76ms
step:2145/4740 train_time:396303ms step_avg:184.76ms
step:2146/4740 train_time:396622ms step_avg:184.82ms
step:2147/4740 train_time:396804ms step_avg:184.82ms
step:2148/4740 train_time:397123ms step_avg:184.88ms
step:2149/4740 train_time:397305ms step_avg:184.88ms
step:2150/4740 train_time:397625ms step_avg:184.94ms
step:2151/4740 train_time:397806ms step_avg:184.94ms
step:2152/4740 train_time:398127ms step_avg:185.00ms
step:2153/4740 train_time:398309ms step_avg:185.00ms
step:2154/4740 train_time:398629ms step_avg:185.06ms
step:2155/4740 train_time:398811ms step_avg:185.06ms
step:2156/4740 train_time:399133ms step_avg:185.13ms
step:2157/4740 train_time:399314ms step_avg:185.12ms
step:2158/4740 train_time:399633ms step_avg:185.19ms
step:2159/4740 train_time:399812ms step_avg:185.18ms
step:2160/4740 train_time:400132ms step_avg:185.25ms
step:2161/4740 train_time:400315ms step_avg:185.25ms
step:2162/4740 train_time:400633ms step_avg:185.31ms
step:2163/4740 train_time:400818ms step_avg:185.31ms
step:2164/4740 train_time:401137ms step_avg:185.37ms
step:2165/4740 train_time:401317ms step_avg:185.37ms
step:2166/4740 train_time:401640ms step_avg:185.43ms
step:2167/4740 train_time:401824ms step_avg:185.43ms
step:2168/4740 train_time:402143ms step_avg:185.49ms
step:2169/4740 train_time:402323ms step_avg:185.49ms
step:2170/4740 train_time:402644ms step_avg:185.55ms
step:2171/4740 train_time:402826ms step_avg:185.55ms
step:2172/4740 train_time:403145ms step_avg:185.61ms
step:2173/4740 train_time:403328ms step_avg:185.61ms
step:2174/4740 train_time:403647ms step_avg:185.67ms
step:2175/4740 train_time:403832ms step_avg:185.67ms
step:2176/4740 train_time:404154ms step_avg:185.73ms
step:2177/4740 train_time:404335ms step_avg:185.73ms
step:2178/4740 train_time:404655ms step_avg:185.79ms
step:2179/4740 train_time:404837ms step_avg:185.79ms
step:2180/4740 train_time:405157ms step_avg:185.85ms
step:2181/4740 train_time:405337ms step_avg:185.85ms
step:2182/4740 train_time:405657ms step_avg:185.91ms
step:2183/4740 train_time:405836ms step_avg:185.91ms
step:2184/4740 train_time:406157ms step_avg:185.97ms
step:2185/4740 train_time:406341ms step_avg:185.97ms
step:2186/4740 train_time:406657ms step_avg:186.03ms
step:2187/4740 train_time:406838ms step_avg:186.03ms
step:2188/4740 train_time:407156ms step_avg:186.09ms
step:2189/4740 train_time:407337ms step_avg:186.08ms
step:2190/4740 train_time:407656ms step_avg:186.14ms
step:2191/4740 train_time:407837ms step_avg:186.14ms
step:2192/4740 train_time:408160ms step_avg:186.20ms
step:2193/4740 train_time:408340ms step_avg:186.20ms
step:2194/4740 train_time:408664ms step_avg:186.26ms
step:2195/4740 train_time:408842ms step_avg:186.26ms
step:2196/4740 train_time:409162ms step_avg:186.32ms
step:2197/4740 train_time:409345ms step_avg:186.32ms
step:2198/4740 train_time:409668ms step_avg:186.38ms
step:2199/4740 train_time:409847ms step_avg:186.38ms
step:2200/4740 train_time:410171ms step_avg:186.44ms
step:2201/4740 train_time:410348ms step_avg:186.44ms
step:2202/4740 train_time:410671ms step_avg:186.50ms
step:2203/4740 train_time:410849ms step_avg:186.50ms
step:2204/4740 train_time:411169ms step_avg:186.56ms
step:2205/4740 train_time:411350ms step_avg:186.55ms
step:2206/4740 train_time:411673ms step_avg:186.62ms
step:2207/4740 train_time:411852ms step_avg:186.61ms
step:2208/4740 train_time:412169ms step_avg:186.67ms
step:2209/4740 train_time:412352ms step_avg:186.67ms
step:2210/4740 train_time:412669ms step_avg:186.73ms
step:2211/4740 train_time:412853ms step_avg:186.73ms
step:2212/4740 train_time:413175ms step_avg:186.79ms
step:2213/4740 train_time:413355ms step_avg:186.78ms
step:2214/4740 train_time:413674ms step_avg:186.84ms
step:2215/4740 train_time:413855ms step_avg:186.84ms
step:2216/4740 train_time:414174ms step_avg:186.90ms
step:2217/4740 train_time:414357ms step_avg:186.90ms
step:2218/4740 train_time:414677ms step_avg:186.96ms
step:2219/4740 train_time:414857ms step_avg:186.96ms
step:2220/4740 train_time:415181ms step_avg:187.02ms
step:2221/4740 train_time:415365ms step_avg:187.02ms
step:2222/4740 train_time:415684ms step_avg:187.08ms
step:2223/4740 train_time:415866ms step_avg:187.07ms
step:2224/4740 train_time:416187ms step_avg:187.13ms
step:2225/4740 train_time:416367ms step_avg:187.13ms
step:2226/4740 train_time:416687ms step_avg:187.19ms
step:2227/4740 train_time:416866ms step_avg:187.19ms
step:2228/4740 train_time:417189ms step_avg:187.25ms
step:2229/4740 train_time:417368ms step_avg:187.24ms
step:2230/4740 train_time:417690ms step_avg:187.31ms
step:2231/4740 train_time:417869ms step_avg:187.30ms
step:2232/4740 train_time:418194ms step_avg:187.36ms
step:2233/4740 train_time:418373ms step_avg:187.36ms
step:2234/4740 train_time:418694ms step_avg:187.42ms
step:2235/4740 train_time:418875ms step_avg:187.42ms
step:2236/4740 train_time:419193ms step_avg:187.47ms
step:2237/4740 train_time:419372ms step_avg:187.47ms
step:2238/4740 train_time:419696ms step_avg:187.53ms
step:2239/4740 train_time:419878ms step_avg:187.53ms
step:2240/4740 train_time:420199ms step_avg:187.59ms
step:2241/4740 train_time:420380ms step_avg:187.59ms
step:2242/4740 train_time:420702ms step_avg:187.65ms
step:2243/4740 train_time:420883ms step_avg:187.64ms
step:2244/4740 train_time:421204ms step_avg:187.70ms
step:2245/4740 train_time:421386ms step_avg:187.70ms
step:2246/4740 train_time:421706ms step_avg:187.76ms
step:2247/4740 train_time:421884ms step_avg:187.75ms
step:2248/4740 train_time:422206ms step_avg:187.81ms
step:2249/4740 train_time:422387ms step_avg:187.81ms
step:2250/4740 train_time:422708ms step_avg:187.87ms
step:2250/4740 val_loss:3.2513 train_time:422839ms step_avg:187.93ms
step:2251/4740 train_time:422894ms step_avg:187.87ms
step:2252/4740 train_time:423214ms step_avg:187.93ms
step:2253/4740 train_time:423395ms step_avg:187.92ms
step:2254/4740 train_time:423711ms step_avg:187.98ms
step:2255/4740 train_time:423897ms step_avg:187.98ms
step:2256/4740 train_time:424214ms step_avg:188.04ms
step:2257/4740 train_time:424396ms step_avg:188.04ms
step:2258/4740 train_time:424715ms step_avg:188.09ms
step:2259/4740 train_time:424898ms step_avg:188.09ms
step:2260/4740 train_time:425217ms step_avg:188.15ms
step:2261/4740 train_time:425400ms step_avg:188.15ms
step:2262/4740 train_time:425724ms step_avg:188.21ms
step:2263/4740 train_time:425905ms step_avg:188.20ms
step:2264/4740 train_time:426226ms step_avg:188.26ms
step:2265/4740 train_time:426406ms step_avg:188.26ms
step:2266/4740 train_time:426723ms step_avg:188.32ms
step:2267/4740 train_time:426905ms step_avg:188.31ms
step:2268/4740 train_time:427227ms step_avg:188.37ms
step:2269/4740 train_time:427411ms step_avg:188.37ms
step:2270/4740 train_time:427731ms step_avg:188.43ms
step:2271/4740 train_time:427914ms step_avg:188.43ms
step:2272/4740 train_time:428236ms step_avg:188.48ms
step:2273/4740 train_time:428415ms step_avg:188.48ms
step:2274/4740 train_time:428735ms step_avg:188.54ms
step:2275/4740 train_time:428914ms step_avg:188.53ms
step:2276/4740 train_time:429234ms step_avg:188.59ms
step:2277/4740 train_time:429414ms step_avg:188.59ms
step:2278/4740 train_time:429733ms step_avg:188.64ms
step:2279/4740 train_time:429914ms step_avg:188.64ms
step:2280/4740 train_time:430235ms step_avg:188.70ms
step:2281/4740 train_time:430416ms step_avg:188.70ms
step:2282/4740 train_time:430736ms step_avg:188.75ms
step:2283/4740 train_time:430916ms step_avg:188.75ms
step:2284/4740 train_time:431239ms step_avg:188.81ms
step:2285/4740 train_time:431416ms step_avg:188.80ms
step:2286/4740 train_time:431738ms step_avg:188.86ms
step:2287/4740 train_time:431919ms step_avg:188.86ms
step:2288/4740 train_time:432238ms step_avg:188.92ms
step:2289/4740 train_time:432419ms step_avg:188.91ms
step:2290/4740 train_time:432740ms step_avg:188.97ms
step:2291/4740 train_time:432924ms step_avg:188.97ms
step:2292/4740 train_time:433241ms step_avg:189.02ms
step:2293/4740 train_time:433422ms step_avg:189.02ms
step:2294/4740 train_time:433747ms step_avg:189.08ms
step:2295/4740 train_time:433927ms step_avg:189.07ms
step:2296/4740 train_time:434245ms step_avg:189.13ms
step:2297/4740 train_time:434422ms step_avg:189.13ms
step:2298/4740 train_time:434742ms step_avg:189.18ms
step:2299/4740 train_time:434925ms step_avg:189.18ms
step:2300/4740 train_time:435245ms step_avg:189.24ms
step:2301/4740 train_time:435428ms step_avg:189.23ms
step:2302/4740 train_time:435747ms step_avg:189.29ms
step:2303/4740 train_time:435932ms step_avg:189.29ms
step:2304/4740 train_time:436255ms step_avg:189.35ms
step:2305/4740 train_time:436437ms step_avg:189.34ms
step:2306/4740 train_time:436757ms step_avg:189.40ms
step:2307/4740 train_time:436937ms step_avg:189.40ms
step:2308/4740 train_time:437259ms step_avg:189.45ms
step:2309/4740 train_time:437440ms step_avg:189.45ms
step:2310/4740 train_time:437759ms step_avg:189.51ms
step:2311/4740 train_time:437940ms step_avg:189.50ms
step:2312/4740 train_time:438263ms step_avg:189.56ms
step:2313/4740 train_time:438445ms step_avg:189.56ms
step:2314/4740 train_time:438763ms step_avg:189.61ms
step:2315/4740 train_time:438945ms step_avg:189.61ms
step:2316/4740 train_time:439265ms step_avg:189.67ms
step:2317/4740 train_time:439444ms step_avg:189.66ms
step:2318/4740 train_time:439764ms step_avg:189.72ms
step:2319/4740 train_time:439946ms step_avg:189.71ms
step:2320/4740 train_time:440268ms step_avg:189.77ms
step:2321/4740 train_time:440449ms step_avg:189.77ms
step:2322/4740 train_time:440768ms step_avg:189.82ms
step:2323/4740 train_time:440949ms step_avg:189.82ms
step:2324/4740 train_time:441271ms step_avg:189.88ms
step:2325/4740 train_time:441458ms step_avg:189.87ms
step:2326/4740 train_time:441775ms step_avg:189.93ms
step:2327/4740 train_time:441961ms step_avg:189.93ms
step:2328/4740 train_time:442278ms step_avg:189.98ms
step:2329/4740 train_time:442461ms step_avg:189.98ms
step:2330/4740 train_time:442777ms step_avg:190.03ms
step:2331/4740 train_time:442957ms step_avg:190.03ms
step:2332/4740 train_time:443278ms step_avg:190.08ms
step:2333/4740 train_time:443460ms step_avg:190.08ms
step:2334/4740 train_time:443780ms step_avg:190.14ms
step:2335/4740 train_time:443963ms step_avg:190.13ms
step:2336/4740 train_time:444282ms step_avg:190.19ms
step:2337/4740 train_time:444461ms step_avg:190.18ms
step:2338/4740 train_time:444781ms step_avg:190.24ms
step:2339/4740 train_time:444966ms step_avg:190.24ms
step:2340/4740 train_time:445289ms step_avg:190.29ms
step:2341/4740 train_time:445467ms step_avg:190.29ms
step:2342/4740 train_time:445788ms step_avg:190.35ms
step:2343/4740 train_time:445968ms step_avg:190.34ms
step:2344/4740 train_time:446288ms step_avg:190.40ms
step:2345/4740 train_time:446468ms step_avg:190.39ms
step:2346/4740 train_time:446791ms step_avg:190.45ms
step:2347/4740 train_time:446968ms step_avg:190.44ms
step:2348/4740 train_time:447291ms step_avg:190.50ms
step:2349/4740 train_time:447470ms step_avg:190.49ms
step:2350/4740 train_time:447790ms step_avg:190.55ms
step:2351/4740 train_time:447968ms step_avg:190.54ms
step:2352/4740 train_time:448292ms step_avg:190.60ms
step:2353/4740 train_time:448471ms step_avg:190.60ms
step:2354/4740 train_time:448794ms step_avg:190.65ms
step:2355/4740 train_time:448971ms step_avg:190.65ms
step:2356/4740 train_time:449294ms step_avg:190.70ms
step:2357/4740 train_time:449473ms step_avg:190.70ms
step:2358/4740 train_time:449799ms step_avg:190.75ms
step:2359/4740 train_time:449983ms step_avg:190.75ms
step:2360/4740 train_time:450305ms step_avg:190.81ms
step:2361/4740 train_time:450486ms step_avg:190.80ms
step:2362/4740 train_time:450802ms step_avg:190.86ms
step:2363/4740 train_time:450988ms step_avg:190.85ms
step:2364/4740 train_time:451307ms step_avg:190.91ms
step:2365/4740 train_time:451490ms step_avg:190.90ms
step:2366/4740 train_time:451814ms step_avg:190.96ms
step:2367/4740 train_time:451999ms step_avg:190.96ms
step:2368/4740 train_time:452318ms step_avg:191.01ms
step:2369/4740 train_time:452499ms step_avg:191.01ms
step:2370/4740 train_time:452824ms step_avg:191.07ms
step:2371/4740 train_time:453005ms step_avg:191.06ms
step:2372/4740 train_time:453325ms step_avg:191.12ms
step:2373/4740 train_time:453508ms step_avg:191.11ms
step:2374/4740 train_time:453831ms step_avg:191.17ms
step:2375/4740 train_time:454013ms step_avg:191.16ms
step:2376/4740 train_time:454335ms step_avg:191.22ms
step:2377/4740 train_time:454512ms step_avg:191.21ms
step:2378/4740 train_time:454831ms step_avg:191.27ms
step:2379/4740 train_time:455018ms step_avg:191.26ms
step:2380/4740 train_time:455341ms step_avg:191.32ms
step:2381/4740 train_time:455523ms step_avg:191.32ms
step:2382/4740 train_time:455839ms step_avg:191.37ms
step:2383/4740 train_time:456029ms step_avg:191.37ms
step:2384/4740 train_time:456349ms step_avg:191.42ms
step:2385/4740 train_time:456527ms step_avg:191.42ms
step:2386/4740 train_time:456846ms step_avg:191.47ms
step:2387/4740 train_time:457031ms step_avg:191.47ms
step:2388/4740 train_time:457352ms step_avg:191.52ms
step:2389/4740 train_time:457531ms step_avg:191.52ms
step:2390/4740 train_time:457852ms step_avg:191.57ms
step:2391/4740 train_time:458033ms step_avg:191.57ms
step:2392/4740 train_time:458356ms step_avg:191.62ms
step:2393/4740 train_time:458536ms step_avg:191.62ms
step:2394/4740 train_time:458857ms step_avg:191.67ms
step:2395/4740 train_time:459034ms step_avg:191.66ms
step:2396/4740 train_time:459358ms step_avg:191.72ms
step:2397/4740 train_time:459536ms step_avg:191.71ms
step:2398/4740 train_time:459862ms step_avg:191.77ms
step:2399/4740 train_time:460041ms step_avg:191.76ms
step:2400/4740 train_time:460361ms step_avg:191.82ms
step:2401/4740 train_time:460540ms step_avg:191.81ms
step:2402/4740 train_time:460861ms step_avg:191.87ms
step:2403/4740 train_time:461046ms step_avg:191.86ms
step:2404/4740 train_time:461371ms step_avg:191.92ms
step:2405/4740 train_time:461553ms step_avg:191.91ms
step:2406/4740 train_time:461875ms step_avg:191.97ms
step:2407/4740 train_time:462056ms step_avg:191.96ms
step:2408/4740 train_time:462373ms step_avg:192.02ms
step:2409/4740 train_time:462557ms step_avg:192.01ms
step:2410/4740 train_time:462878ms step_avg:192.07ms
step:2411/4740 train_time:463060ms step_avg:192.06ms
step:2412/4740 train_time:463378ms step_avg:192.11ms
step:2413/4740 train_time:463561ms step_avg:192.11ms
step:2414/4740 train_time:463878ms step_avg:192.16ms
step:2415/4740 train_time:464061ms step_avg:192.16ms
step:2416/4740 train_time:464382ms step_avg:192.21ms
step:2417/4740 train_time:464566ms step_avg:192.21ms
step:2418/4740 train_time:464884ms step_avg:192.26ms
step:2419/4740 train_time:465064ms step_avg:192.25ms
step:2420/4740 train_time:465387ms step_avg:192.31ms
step:2421/4740 train_time:465571ms step_avg:192.31ms
step:2422/4740 train_time:465894ms step_avg:192.36ms
step:2423/4740 train_time:466077ms step_avg:192.36ms
step:2424/4740 train_time:466402ms step_avg:192.41ms
step:2425/4740 train_time:466588ms step_avg:192.41ms
step:2426/4740 train_time:466911ms step_avg:192.46ms
step:2427/4740 train_time:467093ms step_avg:192.46ms
step:2428/4740 train_time:467417ms step_avg:192.51ms
step:2429/4740 train_time:467596ms step_avg:192.51ms
step:2430/4740 train_time:467916ms step_avg:192.56ms
step:2431/4740 train_time:468098ms step_avg:192.55ms
step:2432/4740 train_time:468422ms step_avg:192.61ms
step:2433/4740 train_time:468600ms step_avg:192.60ms
step:2434/4740 train_time:468921ms step_avg:192.65ms
step:2435/4740 train_time:469104ms step_avg:192.65ms
step:2436/4740 train_time:469426ms step_avg:192.70ms
step:2437/4740 train_time:469608ms step_avg:192.70ms
step:2438/4740 train_time:469933ms step_avg:192.75ms
step:2439/4740 train_time:470115ms step_avg:192.75ms
step:2440/4740 train_time:470434ms step_avg:192.80ms
step:2441/4740 train_time:470616ms step_avg:192.80ms
step:2442/4740 train_time:470935ms step_avg:192.85ms
step:2443/4740 train_time:471118ms step_avg:192.84ms
step:2444/4740 train_time:471438ms step_avg:192.90ms
step:2445/4740 train_time:471621ms step_avg:192.89ms
step:2446/4740 train_time:471939ms step_avg:192.94ms
step:2447/4740 train_time:472123ms step_avg:192.94ms
step:2448/4740 train_time:472443ms step_avg:192.99ms
step:2449/4740 train_time:472624ms step_avg:192.99ms
step:2450/4740 train_time:472948ms step_avg:193.04ms
step:2451/4740 train_time:473130ms step_avg:193.04ms
step:2452/4740 train_time:473454ms step_avg:193.09ms
step:2453/4740 train_time:473637ms step_avg:193.08ms
step:2454/4740 train_time:473961ms step_avg:193.14ms
step:2455/4740 train_time:474144ms step_avg:193.13ms
step:2456/4740 train_time:474464ms step_avg:193.19ms
step:2457/4740 train_time:474646ms step_avg:193.18ms
step:2458/4740 train_time:474966ms step_avg:193.23ms
step:2459/4740 train_time:475143ms step_avg:193.23ms
step:2460/4740 train_time:475465ms step_avg:193.28ms
step:2461/4740 train_time:475645ms step_avg:193.27ms
step:2462/4740 train_time:475965ms step_avg:193.32ms
step:2463/4740 train_time:476147ms step_avg:193.32ms
step:2464/4740 train_time:476468ms step_avg:193.37ms
step:2465/4740 train_time:476650ms step_avg:193.37ms
step:2466/4740 train_time:476972ms step_avg:193.42ms
step:2467/4740 train_time:477152ms step_avg:193.41ms
step:2468/4740 train_time:477471ms step_avg:193.46ms
step:2469/4740 train_time:477653ms step_avg:193.46ms
step:2470/4740 train_time:477974ms step_avg:193.51ms
step:2471/4740 train_time:478155ms step_avg:193.51ms
step:2472/4740 train_time:478474ms step_avg:193.56ms
step:2473/4740 train_time:478657ms step_avg:193.55ms
step:2474/4740 train_time:478980ms step_avg:193.61ms
step:2475/4740 train_time:479161ms step_avg:193.60ms
step:2476/4740 train_time:479483ms step_avg:193.65ms
step:2477/4740 train_time:479665ms step_avg:193.65ms
step:2478/4740 train_time:479986ms step_avg:193.70ms
step:2479/4740 train_time:480165ms step_avg:193.69ms
step:2480/4740 train_time:480492ms step_avg:193.75ms
step:2481/4740 train_time:480671ms step_avg:193.74ms
step:2482/4740 train_time:480995ms step_avg:193.79ms
step:2483/4740 train_time:481173ms step_avg:193.79ms
step:2484/4740 train_time:481495ms step_avg:193.84ms
step:2485/4740 train_time:481680ms step_avg:193.83ms
step:2486/4740 train_time:482002ms step_avg:193.89ms
step:2487/4740 train_time:482185ms step_avg:193.88ms
step:2488/4740 train_time:482504ms step_avg:193.93ms
step:2489/4740 train_time:482686ms step_avg:193.93ms
step:2490/4740 train_time:483005ms step_avg:193.98ms
step:2491/4740 train_time:483187ms step_avg:193.97ms
step:2492/4740 train_time:483507ms step_avg:194.02ms
step:2493/4740 train_time:483692ms step_avg:194.02ms
step:2494/4740 train_time:484009ms step_avg:194.07ms
step:2495/4740 train_time:484191ms step_avg:194.06ms
step:2496/4740 train_time:484511ms step_avg:194.11ms
step:2497/4740 train_time:484695ms step_avg:194.11ms
step:2498/4740 train_time:485015ms step_avg:194.16ms
step:2499/4740 train_time:485197ms step_avg:194.16ms
step:2500/4740 train_time:485517ms step_avg:194.21ms
step:2500/4740 val_loss:3.2099 train_time:485645ms step_avg:194.26ms
step:2501/4740 train_time:485700ms step_avg:194.20ms
step:2502/4740 train_time:486024ms step_avg:194.25ms
step:2503/4740 train_time:486214ms step_avg:194.25ms
step:2504/4740 train_time:486530ms step_avg:194.30ms
step:2505/4740 train_time:486711ms step_avg:194.30ms
step:2506/4740 train_time:487028ms step_avg:194.34ms
step:2507/4740 train_time:487221ms step_avg:194.34ms
step:2508/4740 train_time:487542ms step_avg:194.39ms
step:2509/4740 train_time:487720ms step_avg:194.39ms
step:2510/4740 train_time:488040ms step_avg:194.44ms
step:2511/4740 train_time:488225ms step_avg:194.43ms
step:2512/4740 train_time:488547ms step_avg:194.49ms
step:2513/4740 train_time:488726ms step_avg:194.48ms
step:2514/4740 train_time:489046ms step_avg:194.53ms
step:2515/4740 train_time:489228ms step_avg:194.52ms
step:2516/4740 train_time:489547ms step_avg:194.57ms
step:2517/4740 train_time:489729ms step_avg:194.57ms
step:2518/4740 train_time:490051ms step_avg:194.62ms
step:2519/4740 train_time:490232ms step_avg:194.61ms
step:2520/4740 train_time:490553ms step_avg:194.66ms
step:2521/4740 train_time:490734ms step_avg:194.66ms
step:2522/4740 train_time:491057ms step_avg:194.71ms
step:2523/4740 train_time:491237ms step_avg:194.70ms
step:2524/4740 train_time:491561ms step_avg:194.75ms
step:2525/4740 train_time:491742ms step_avg:194.75ms
step:2526/4740 train_time:492064ms step_avg:194.80ms
step:2527/4740 train_time:492245ms step_avg:194.79ms
step:2528/4740 train_time:492567ms step_avg:194.84ms
step:2529/4740 train_time:492746ms step_avg:194.84ms
step:2530/4740 train_time:493068ms step_avg:194.89ms
step:2531/4740 train_time:493251ms step_avg:194.88ms
step:2532/4740 train_time:493574ms step_avg:194.93ms
step:2533/4740 train_time:493754ms step_avg:194.93ms
step:2534/4740 train_time:494074ms step_avg:194.98ms
step:2535/4740 train_time:494260ms step_avg:194.97ms
step:2536/4740 train_time:494584ms step_avg:195.03ms
step:2537/4740 train_time:494766ms step_avg:195.02ms
step:2538/4740 train_time:495087ms step_avg:195.07ms
step:2539/4740 train_time:495268ms step_avg:195.06ms
step:2540/4740 train_time:495591ms step_avg:195.11ms
step:2541/4740 train_time:495773ms step_avg:195.11ms
step:2542/4740 train_time:496093ms step_avg:195.16ms
step:2543/4740 train_time:496274ms step_avg:195.15ms
step:2544/4740 train_time:496592ms step_avg:195.20ms
step:2545/4740 train_time:496777ms step_avg:195.20ms
step:2546/4740 train_time:497096ms step_avg:195.25ms
step:2547/4740 train_time:497283ms step_avg:195.24ms
step:2548/4740 train_time:497604ms step_avg:195.29ms
step:2549/4740 train_time:497785ms step_avg:195.29ms
step:2550/4740 train_time:498108ms step_avg:195.34ms
step:2551/4740 train_time:498290ms step_avg:195.33ms
step:2552/4740 train_time:498612ms step_avg:195.38ms
step:2553/4740 train_time:498793ms step_avg:195.38ms
step:2554/4740 train_time:499116ms step_avg:195.43ms
step:2555/4740 train_time:499298ms step_avg:195.42ms
step:2556/4740 train_time:499618ms step_avg:195.47ms
step:2557/4740 train_time:499798ms step_avg:195.46ms
step:2558/4740 train_time:500121ms step_avg:195.51ms
step:2559/4740 train_time:500305ms step_avg:195.51ms
step:2560/4740 train_time:500625ms step_avg:195.56ms
step:2561/4740 train_time:500808ms step_avg:195.55ms
step:2562/4740 train_time:501129ms step_avg:195.60ms
step:2563/4740 train_time:501312ms step_avg:195.60ms
step:2564/4740 train_time:501631ms step_avg:195.64ms
step:2565/4740 train_time:501819ms step_avg:195.64ms
step:2566/4740 train_time:502137ms step_avg:195.69ms
step:2567/4740 train_time:502319ms step_avg:195.68ms
step:2568/4740 train_time:502643ms step_avg:195.73ms
step:2569/4740 train_time:502824ms step_avg:195.73ms
step:2570/4740 train_time:503143ms step_avg:195.78ms
step:2571/4740 train_time:503328ms step_avg:195.77ms
step:2572/4740 train_time:503651ms step_avg:195.82ms
step:2573/4740 train_time:503833ms step_avg:195.82ms
step:2574/4740 train_time:504156ms step_avg:195.86ms
step:2575/4740 train_time:504335ms step_avg:195.86ms
step:2576/4740 train_time:504657ms step_avg:195.91ms
step:2577/4740 train_time:504838ms step_avg:195.90ms
step:2578/4740 train_time:505157ms step_avg:195.95ms
step:2579/4740 train_time:505343ms step_avg:195.95ms
step:2580/4740 train_time:505666ms step_avg:195.99ms
step:2581/4740 train_time:505846ms step_avg:195.99ms
step:2582/4740 train_time:506168ms step_avg:196.04ms
step:2583/4740 train_time:506345ms step_avg:196.03ms
step:2584/4740 train_time:506663ms step_avg:196.08ms
step:2585/4740 train_time:506848ms step_avg:196.07ms
step:2586/4740 train_time:507169ms step_avg:196.12ms
step:2587/4740 train_time:507348ms step_avg:196.11ms
step:2588/4740 train_time:507670ms step_avg:196.16ms
step:2589/4740 train_time:507851ms step_avg:196.16ms
step:2590/4740 train_time:508171ms step_avg:196.20ms
step:2591/4740 train_time:508353ms step_avg:196.20ms
step:2592/4740 train_time:508674ms step_avg:196.25ms
step:2593/4740 train_time:508859ms step_avg:196.24ms
step:2594/4740 train_time:509179ms step_avg:196.29ms
step:2595/4740 train_time:509363ms step_avg:196.29ms
step:2596/4740 train_time:509681ms step_avg:196.33ms
step:2597/4740 train_time:509864ms step_avg:196.33ms
step:2598/4740 train_time:510186ms step_avg:196.38ms
step:2599/4740 train_time:510369ms step_avg:196.37ms
step:2600/4740 train_time:510692ms step_avg:196.42ms
step:2601/4740 train_time:510870ms step_avg:196.41ms
step:2602/4740 train_time:511189ms step_avg:196.46ms
step:2603/4740 train_time:511369ms step_avg:196.45ms
step:2604/4740 train_time:511692ms step_avg:196.50ms
step:2605/4740 train_time:511871ms step_avg:196.50ms
step:2606/4740 train_time:512193ms step_avg:196.54ms
step:2607/4740 train_time:512373ms step_avg:196.54ms
step:2608/4740 train_time:512698ms step_avg:196.59ms
step:2609/4740 train_time:512877ms step_avg:196.58ms
step:2610/4740 train_time:513200ms step_avg:196.63ms
step:2611/4740 train_time:513383ms step_avg:196.62ms
step:2612/4740 train_time:513700ms step_avg:196.67ms
step:2613/4740 train_time:513884ms step_avg:196.66ms
step:2614/4740 train_time:514204ms step_avg:196.71ms
step:2615/4740 train_time:514389ms step_avg:196.71ms
step:2616/4740 train_time:514709ms step_avg:196.75ms
step:2617/4740 train_time:514891ms step_avg:196.75ms
step:2618/4740 train_time:515212ms step_avg:196.80ms
step:2619/4740 train_time:515393ms step_avg:196.79ms
step:2620/4740 train_time:515711ms step_avg:196.84ms
step:2621/4740 train_time:515891ms step_avg:196.83ms
step:2622/4740 train_time:516214ms step_avg:196.88ms
step:2623/4740 train_time:516396ms step_avg:196.87ms
step:2624/4740 train_time:516716ms step_avg:196.92ms
step:2625/4740 train_time:516898ms step_avg:196.91ms
step:2626/4740 train_time:517215ms step_avg:196.96ms
step:2627/4740 train_time:517398ms step_avg:196.95ms
step:2628/4740 train_time:517718ms step_avg:197.00ms
step:2629/4740 train_time:517899ms step_avg:196.99ms
step:2630/4740 train_time:518225ms step_avg:197.04ms
step:2631/4740 train_time:518408ms step_avg:197.04ms
step:2632/4740 train_time:518725ms step_avg:197.08ms
step:2633/4740 train_time:518908ms step_avg:197.08ms
step:2634/4740 train_time:519229ms step_avg:197.13ms
step:2635/4740 train_time:519413ms step_avg:197.12ms
step:2636/4740 train_time:519730ms step_avg:197.17ms
step:2637/4740 train_time:519914ms step_avg:197.16ms
step:2638/4740 train_time:520233ms step_avg:197.21ms
step:2639/4740 train_time:520415ms step_avg:197.20ms
step:2640/4740 train_time:520730ms step_avg:197.25ms
step:2641/4740 train_time:520919ms step_avg:197.24ms
step:2642/4740 train_time:521241ms step_avg:197.29ms
step:2643/4740 train_time:521422ms step_avg:197.28ms
step:2644/4740 train_time:521742ms step_avg:197.33ms
step:2645/4740 train_time:521925ms step_avg:197.33ms
step:2646/4740 train_time:522246ms step_avg:197.37ms
step:2647/4740 train_time:522430ms step_avg:197.37ms
step:2648/4740 train_time:522750ms step_avg:197.41ms
step:2649/4740 train_time:522935ms step_avg:197.41ms
step:2650/4740 train_time:523257ms step_avg:197.46ms
step:2651/4740 train_time:523438ms step_avg:197.45ms
step:2652/4740 train_time:523758ms step_avg:197.50ms
step:2653/4740 train_time:523940ms step_avg:197.49ms
step:2654/4740 train_time:524262ms step_avg:197.54ms
step:2655/4740 train_time:524445ms step_avg:197.53ms
step:2656/4740 train_time:524767ms step_avg:197.58ms
step:2657/4740 train_time:524950ms step_avg:197.57ms
step:2658/4740 train_time:525267ms step_avg:197.62ms
step:2659/4740 train_time:525452ms step_avg:197.61ms
step:2660/4740 train_time:525769ms step_avg:197.66ms
step:2661/4740 train_time:525952ms step_avg:197.65ms
step:2662/4740 train_time:526274ms step_avg:197.70ms
step:2663/4740 train_time:526452ms step_avg:197.69ms
step:2664/4740 train_time:526774ms step_avg:197.74ms
step:2665/4740 train_time:526957ms step_avg:197.73ms
step:2666/4740 train_time:527285ms step_avg:197.78ms
step:2667/4740 train_time:527462ms step_avg:197.77ms
step:2668/4740 train_time:527785ms step_avg:197.82ms
step:2669/4740 train_time:527965ms step_avg:197.81ms
step:2670/4740 train_time:528288ms step_avg:197.86ms
step:2671/4740 train_time:528471ms step_avg:197.86ms
step:2672/4740 train_time:528794ms step_avg:197.90ms
step:2673/4740 train_time:528974ms step_avg:197.90ms
step:2674/4740 train_time:529297ms step_avg:197.94ms
step:2675/4740 train_time:529480ms step_avg:197.94ms
step:2676/4740 train_time:529802ms step_avg:197.98ms
step:2677/4740 train_time:529985ms step_avg:197.98ms
step:2678/4740 train_time:530305ms step_avg:198.02ms
step:2679/4740 train_time:530488ms step_avg:198.02ms
step:2680/4740 train_time:530810ms step_avg:198.06ms
step:2681/4740 train_time:530994ms step_avg:198.06ms
step:2682/4740 train_time:531316ms step_avg:198.10ms
step:2683/4740 train_time:531496ms step_avg:198.10ms
step:2684/4740 train_time:531817ms step_avg:198.14ms
step:2685/4740 train_time:532000ms step_avg:198.14ms
step:2686/4740 train_time:532321ms step_avg:198.18ms
step:2687/4740 train_time:532504ms step_avg:198.18ms
step:2688/4740 train_time:532830ms step_avg:198.23ms
step:2689/4740 train_time:533008ms step_avg:198.22ms
step:2690/4740 train_time:533330ms step_avg:198.26ms
step:2691/4740 train_time:533510ms step_avg:198.26ms
step:2692/4740 train_time:533832ms step_avg:198.30ms
step:2693/4740 train_time:534011ms step_avg:198.30ms
step:2694/4740 train_time:534335ms step_avg:198.34ms
step:2695/4740 train_time:534517ms step_avg:198.34ms
step:2696/4740 train_time:534838ms step_avg:198.38ms
step:2697/4740 train_time:535020ms step_avg:198.38ms
step:2698/4740 train_time:535343ms step_avg:198.42ms
step:2699/4740 train_time:535523ms step_avg:198.42ms
step:2700/4740 train_time:535843ms step_avg:198.46ms
step:2701/4740 train_time:536026ms step_avg:198.45ms
step:2702/4740 train_time:536347ms step_avg:198.50ms
step:2703/4740 train_time:536526ms step_avg:198.49ms
step:2704/4740 train_time:536846ms step_avg:198.54ms
step:2705/4740 train_time:537028ms step_avg:198.53ms
step:2706/4740 train_time:537353ms step_avg:198.58ms
step:2707/4740 train_time:537533ms step_avg:198.57ms
step:2708/4740 train_time:537853ms step_avg:198.62ms
step:2709/4740 train_time:538036ms step_avg:198.61ms
step:2710/4740 train_time:538357ms step_avg:198.66ms
step:2711/4740 train_time:538535ms step_avg:198.65ms
step:2712/4740 train_time:538857ms step_avg:198.69ms
step:2713/4740 train_time:539035ms step_avg:198.69ms
step:2714/4740 train_time:539357ms step_avg:198.73ms
step:2715/4740 train_time:539540ms step_avg:198.73ms
step:2716/4740 train_time:539859ms step_avg:198.77ms
step:2717/4740 train_time:540041ms step_avg:198.76ms
step:2718/4740 train_time:540362ms step_avg:198.81ms
step:2719/4740 train_time:540547ms step_avg:198.80ms
step:2720/4740 train_time:540866ms step_avg:198.85ms
step:2721/4740 train_time:541049ms step_avg:198.84ms
step:2722/4740 train_time:541369ms step_avg:198.89ms
step:2723/4740 train_time:541550ms step_avg:198.88ms
step:2724/4740 train_time:541870ms step_avg:198.92ms
step:2725/4740 train_time:542054ms step_avg:198.92ms
step:2726/4740 train_time:542371ms step_avg:198.96ms
step:2727/4740 train_time:542558ms step_avg:198.96ms
step:2728/4740 train_time:542878ms step_avg:199.00ms
step:2729/4740 train_time:543062ms step_avg:199.00ms
step:2730/4740 train_time:543383ms step_avg:199.04ms
step:2731/4740 train_time:543564ms step_avg:199.03ms
step:2732/4740 train_time:543888ms step_avg:199.08ms
step:2733/4740 train_time:544065ms step_avg:199.07ms
step:2734/4740 train_time:544390ms step_avg:199.12ms
step:2735/4740 train_time:544569ms step_avg:199.11ms
step:2736/4740 train_time:544892ms step_avg:199.16ms
step:2737/4740 train_time:545073ms step_avg:199.15ms
step:2738/4740 train_time:545394ms step_avg:199.19ms
step:2739/4740 train_time:545575ms step_avg:199.19ms
step:2740/4740 train_time:545895ms step_avg:199.23ms
step:2741/4740 train_time:546076ms step_avg:199.23ms
step:2742/4740 train_time:546396ms step_avg:199.27ms
step:2743/4740 train_time:546582ms step_avg:199.26ms
step:2744/4740 train_time:546904ms step_avg:199.31ms
step:2745/4740 train_time:547086ms step_avg:199.30ms
step:2746/4740 train_time:547407ms step_avg:199.35ms
step:2747/4740 train_time:547590ms step_avg:199.34ms
step:2748/4740 train_time:547913ms step_avg:199.39ms
step:2749/4740 train_time:548097ms step_avg:199.38ms
step:2750/4740 train_time:548418ms step_avg:199.42ms
step:2750/4740 val_loss:3.1769 train_time:548546ms step_avg:199.47ms
step:2751/4740 train_time:548602ms step_avg:199.42ms
step:2752/4740 train_time:548923ms step_avg:199.46ms
step:2753/4740 train_time:549110ms step_avg:199.46ms
step:2754/4740 train_time:549427ms step_avg:199.50ms
step:2755/4740 train_time:549608ms step_avg:199.49ms
step:2756/4740 train_time:549937ms step_avg:199.54ms
step:2757/4740 train_time:550123ms step_avg:199.54ms
step:2758/4740 train_time:550440ms step_avg:199.58ms
step:2759/4740 train_time:550622ms step_avg:199.57ms
step:2760/4740 train_time:550949ms step_avg:199.62ms
step:2761/4740 train_time:551131ms step_avg:199.61ms
step:2762/4740 train_time:551450ms step_avg:199.66ms
step:2763/4740 train_time:551633ms step_avg:199.65ms
step:2764/4740 train_time:551957ms step_avg:199.70ms
step:2765/4740 train_time:552139ms step_avg:199.69ms
step:2766/4740 train_time:552461ms step_avg:199.73ms
step:2767/4740 train_time:552643ms step_avg:199.73ms
step:2768/4740 train_time:552962ms step_avg:199.77ms
step:2769/4740 train_time:553143ms step_avg:199.76ms
step:2770/4740 train_time:553465ms step_avg:199.81ms
step:2771/4740 train_time:553647ms step_avg:199.80ms
step:2772/4740 train_time:553972ms step_avg:199.85ms
step:2773/4740 train_time:554154ms step_avg:199.84ms
step:2774/4740 train_time:554480ms step_avg:199.88ms
step:2775/4740 train_time:554656ms step_avg:199.88ms
step:2776/4740 train_time:554980ms step_avg:199.92ms
step:2777/4740 train_time:555162ms step_avg:199.91ms
step:2778/4740 train_time:555484ms step_avg:199.96ms
step:2779/4740 train_time:555663ms step_avg:199.95ms
step:2780/4740 train_time:555983ms step_avg:199.99ms
step:2781/4740 train_time:556165ms step_avg:199.99ms
step:2782/4740 train_time:556488ms step_avg:200.03ms
step:2783/4740 train_time:556668ms step_avg:200.02ms
step:2784/4740 train_time:556991ms step_avg:200.07ms
step:2785/4740 train_time:557177ms step_avg:200.06ms
step:2786/4740 train_time:557496ms step_avg:200.11ms
step:2787/4740 train_time:557683ms step_avg:200.10ms
step:2788/4740 train_time:558003ms step_avg:200.14ms
step:2789/4740 train_time:558187ms step_avg:200.14ms
step:2790/4740 train_time:558508ms step_avg:200.18ms
step:2791/4740 train_time:558692ms step_avg:200.18ms
step:2792/4740 train_time:559016ms step_avg:200.22ms
step:2793/4740 train_time:559204ms step_avg:200.22ms
step:2794/4740 train_time:559522ms step_avg:200.26ms
step:2795/4740 train_time:559705ms step_avg:200.25ms
step:2796/4740 train_time:560023ms step_avg:200.29ms
step:2797/4740 train_time:560208ms step_avg:200.29ms
step:2798/4740 train_time:560530ms step_avg:200.33ms
step:2799/4740 train_time:560715ms step_avg:200.33ms
step:2800/4740 train_time:561039ms step_avg:200.37ms
step:2801/4740 train_time:561218ms step_avg:200.36ms
step:2802/4740 train_time:561541ms step_avg:200.41ms
step:2803/4740 train_time:561723ms step_avg:200.40ms
step:2804/4740 train_time:562048ms step_avg:200.44ms
step:2805/4740 train_time:562226ms step_avg:200.44ms
step:2806/4740 train_time:562548ms step_avg:200.48ms
step:2807/4740 train_time:562731ms step_avg:200.47ms
step:2808/4740 train_time:563049ms step_avg:200.52ms
step:2809/4740 train_time:563236ms step_avg:200.51ms
step:2810/4740 train_time:563558ms step_avg:200.55ms
step:2811/4740 train_time:563736ms step_avg:200.55ms
step:2812/4740 train_time:564058ms step_avg:200.59ms
step:2813/4740 train_time:564239ms step_avg:200.58ms
step:2814/4740 train_time:564564ms step_avg:200.63ms
step:2815/4740 train_time:564746ms step_avg:200.62ms
step:2816/4740 train_time:565066ms step_avg:200.66ms
step:2817/4740 train_time:565247ms step_avg:200.66ms
step:2818/4740 train_time:565566ms step_avg:200.70ms
step:2819/4740 train_time:565752ms step_avg:200.69ms
step:2820/4740 train_time:566077ms step_avg:200.74ms
step:2821/4740 train_time:566254ms step_avg:200.73ms
step:2822/4740 train_time:566577ms step_avg:200.77ms
step:2823/4740 train_time:566759ms step_avg:200.76ms
step:2824/4740 train_time:567079ms step_avg:200.81ms
step:2825/4740 train_time:567259ms step_avg:200.80ms
step:2826/4740 train_time:567581ms step_avg:200.84ms
step:2827/4740 train_time:567765ms step_avg:200.84ms
step:2828/4740 train_time:568087ms step_avg:200.88ms
step:2829/4740 train_time:568272ms step_avg:200.87ms
step:2830/4740 train_time:568593ms step_avg:200.92ms
step:2831/4740 train_time:568776ms step_avg:200.91ms
step:2832/4740 train_time:569098ms step_avg:200.95ms
step:2833/4740 train_time:569278ms step_avg:200.95ms
step:2834/4740 train_time:569603ms step_avg:200.99ms
step:2835/4740 train_time:569785ms step_avg:200.98ms
step:2836/4740 train_time:570110ms step_avg:201.03ms
step:2837/4740 train_time:570292ms step_avg:201.02ms
step:2838/4740 train_time:570615ms step_avg:201.06ms
step:2839/4740 train_time:570797ms step_avg:201.06ms
step:2840/4740 train_time:571120ms step_avg:201.10ms
step:2841/4740 train_time:571301ms step_avg:201.09ms
step:2842/4740 train_time:571623ms step_avg:201.13ms
step:2843/4740 train_time:571808ms step_avg:201.13ms
step:2844/4740 train_time:572126ms step_avg:201.17ms
step:2845/4740 train_time:572313ms step_avg:201.16ms
step:2846/4740 train_time:572639ms step_avg:201.21ms
step:2847/4740 train_time:572818ms step_avg:201.20ms
step:2848/4740 train_time:573139ms step_avg:201.24ms
step:2849/4740 train_time:573320ms step_avg:201.24ms
step:2850/4740 train_time:573645ms step_avg:201.28ms
step:2851/4740 train_time:573825ms step_avg:201.27ms
step:2852/4740 train_time:574147ms step_avg:201.31ms
step:2853/4740 train_time:574328ms step_avg:201.31ms
step:2854/4740 train_time:574652ms step_avg:201.35ms
step:2855/4740 train_time:574834ms step_avg:201.34ms
step:2856/4740 train_time:575154ms step_avg:201.38ms
step:2857/4740 train_time:575333ms step_avg:201.38ms
step:2858/4740 train_time:575657ms step_avg:201.42ms
step:2859/4740 train_time:575838ms step_avg:201.41ms
step:2860/4740 train_time:576160ms step_avg:201.45ms
step:2861/4740 train_time:576343ms step_avg:201.45ms
step:2862/4740 train_time:576659ms step_avg:201.49ms
step:2863/4740 train_time:576846ms step_avg:201.48ms
step:2864/4740 train_time:577162ms step_avg:201.52ms
step:2865/4740 train_time:577347ms step_avg:201.52ms
step:2866/4740 train_time:577665ms step_avg:201.56ms
step:2867/4740 train_time:577849ms step_avg:201.55ms
step:2868/4740 train_time:578169ms step_avg:201.59ms
step:2869/4740 train_time:578353ms step_avg:201.59ms
step:2870/4740 train_time:578676ms step_avg:201.63ms
step:2871/4740 train_time:578858ms step_avg:201.62ms
step:2872/4740 train_time:579183ms step_avg:201.67ms
step:2873/4740 train_time:579364ms step_avg:201.66ms
step:2874/4740 train_time:579679ms step_avg:201.70ms
step:2875/4740 train_time:579865ms step_avg:201.69ms
step:2876/4740 train_time:580181ms step_avg:201.73ms
step:2877/4740 train_time:580368ms step_avg:201.73ms
step:2878/4740 train_time:580686ms step_avg:201.77ms
step:2879/4740 train_time:580872ms step_avg:201.76ms
step:2880/4740 train_time:581192ms step_avg:201.80ms
step:2881/4740 train_time:581376ms step_avg:201.80ms
step:2882/4740 train_time:581700ms step_avg:201.84ms
step:2883/4740 train_time:581880ms step_avg:201.83ms
step:2884/4740 train_time:582201ms step_avg:201.87ms
step:2885/4740 train_time:582387ms step_avg:201.87ms
step:2886/4740 train_time:582708ms step_avg:201.91ms
step:2887/4740 train_time:582888ms step_avg:201.90ms
step:2888/4740 train_time:583212ms step_avg:201.94ms
step:2889/4740 train_time:583396ms step_avg:201.94ms
step:2890/4740 train_time:583718ms step_avg:201.98ms
step:2891/4740 train_time:583902ms step_avg:201.97ms
step:2892/4740 train_time:584223ms step_avg:202.01ms
step:2893/4740 train_time:584409ms step_avg:202.01ms
step:2894/4740 train_time:584728ms step_avg:202.05ms
step:2895/4740 train_time:584916ms step_avg:202.04ms
step:2896/4740 train_time:585239ms step_avg:202.09ms
step:2897/4740 train_time:585416ms step_avg:202.08ms
step:2898/4740 train_time:585734ms step_avg:202.12ms
step:2899/4740 train_time:585921ms step_avg:202.11ms
step:2900/4740 train_time:586241ms step_avg:202.15ms
step:2901/4740 train_time:586419ms step_avg:202.14ms
step:2902/4740 train_time:586741ms step_avg:202.19ms
step:2903/4740 train_time:586922ms step_avg:202.18ms
step:2904/4740 train_time:587243ms step_avg:202.22ms
step:2905/4740 train_time:587424ms step_avg:202.21ms
step:2906/4740 train_time:587747ms step_avg:202.25ms
step:2907/4740 train_time:587930ms step_avg:202.25ms
step:2908/4740 train_time:588255ms step_avg:202.29ms
step:2909/4740 train_time:588433ms step_avg:202.28ms
step:2910/4740 train_time:588756ms step_avg:202.32ms
step:2911/4740 train_time:588938ms step_avg:202.31ms
step:2912/4740 train_time:589259ms step_avg:202.36ms
step:2913/4740 train_time:589439ms step_avg:202.35ms
step:2914/4740 train_time:589763ms step_avg:202.39ms
step:2915/4740 train_time:589946ms step_avg:202.38ms
step:2916/4740 train_time:590265ms step_avg:202.42ms
step:2917/4740 train_time:590447ms step_avg:202.42ms
step:2918/4740 train_time:590769ms step_avg:202.46ms
step:2919/4740 train_time:590953ms step_avg:202.45ms
step:2920/4740 train_time:591271ms step_avg:202.49ms
step:2921/4740 train_time:591457ms step_avg:202.48ms
step:2922/4740 train_time:591778ms step_avg:202.53ms
step:2923/4740 train_time:591960ms step_avg:202.52ms
step:2924/4740 train_time:592285ms step_avg:202.56ms
step:2925/4740 train_time:592468ms step_avg:202.55ms
step:2926/4740 train_time:592786ms step_avg:202.59ms
step:2927/4740 train_time:592971ms step_avg:202.59ms
step:2928/4740 train_time:593293ms step_avg:202.63ms
step:2929/4740 train_time:593478ms step_avg:202.62ms
step:2930/4740 train_time:593800ms step_avg:202.66ms
step:2931/4740 train_time:593980ms step_avg:202.65ms
step:2932/4740 train_time:594301ms step_avg:202.69ms
step:2933/4740 train_time:594484ms step_avg:202.69ms
step:2934/4740 train_time:594802ms step_avg:202.73ms
step:2935/4740 train_time:594989ms step_avg:202.72ms
step:2936/4740 train_time:595311ms step_avg:202.76ms
step:2937/4740 train_time:595494ms step_avg:202.76ms
step:2938/4740 train_time:595816ms step_avg:202.80ms
step:2939/4740 train_time:596000ms step_avg:202.79ms
step:2940/4740 train_time:596321ms step_avg:202.83ms
step:2941/4740 train_time:596501ms step_avg:202.82ms
step:2942/4740 train_time:596824ms step_avg:202.86ms
step:2943/4740 train_time:597011ms step_avg:202.86ms
step:2944/4740 train_time:597332ms step_avg:202.90ms
step:2945/4740 train_time:597514ms step_avg:202.89ms
step:2946/4740 train_time:597837ms step_avg:202.93ms
step:2947/4740 train_time:598017ms step_avg:202.92ms
step:2948/4740 train_time:598340ms step_avg:202.96ms
step:2949/4740 train_time:598524ms step_avg:202.96ms
step:2950/4740 train_time:598845ms step_avg:203.00ms
step:2951/4740 train_time:599024ms step_avg:202.99ms
step:2952/4740 train_time:599348ms step_avg:203.03ms
step:2953/4740 train_time:599529ms step_avg:203.02ms
step:2954/4740 train_time:599854ms step_avg:203.06ms
step:2955/4740 train_time:600033ms step_avg:203.06ms
step:2956/4740 train_time:600354ms step_avg:203.10ms
step:2957/4740 train_time:600537ms step_avg:203.09ms
step:2958/4740 train_time:600858ms step_avg:203.13ms
step:2959/4740 train_time:601042ms step_avg:203.12ms
step:2960/4740 train_time:601361ms step_avg:203.16ms
step:2961/4740 train_time:601541ms step_avg:203.15ms
step:2962/4740 train_time:601863ms step_avg:203.19ms
step:2963/4740 train_time:602047ms step_avg:203.19ms
step:2964/4740 train_time:602366ms step_avg:203.23ms
step:2965/4740 train_time:602550ms step_avg:203.22ms
step:2966/4740 train_time:602871ms step_avg:203.26ms
step:2967/4740 train_time:603056ms step_avg:203.25ms
step:2968/4740 train_time:603376ms step_avg:203.29ms
step:2969/4740 train_time:603561ms step_avg:203.29ms
step:2970/4740 train_time:603887ms step_avg:203.33ms
step:2971/4740 train_time:604069ms step_avg:203.32ms
step:2972/4740 train_time:604386ms step_avg:203.36ms
step:2973/4740 train_time:604569ms step_avg:203.35ms
step:2974/4740 train_time:604891ms step_avg:203.39ms
step:2975/4740 train_time:605073ms step_avg:203.39ms
step:2976/4740 train_time:605393ms step_avg:203.42ms
step:2977/4740 train_time:605577ms step_avg:203.42ms
step:2978/4740 train_time:605898ms step_avg:203.46ms
step:2979/4740 train_time:606081ms step_avg:203.45ms
step:2980/4740 train_time:606402ms step_avg:203.49ms
step:2981/4740 train_time:606581ms step_avg:203.48ms
step:2982/4740 train_time:606905ms step_avg:203.52ms
step:2983/4740 train_time:607088ms step_avg:203.52ms
step:2984/4740 train_time:607410ms step_avg:203.56ms
step:2985/4740 train_time:607594ms step_avg:203.55ms
step:2986/4740 train_time:607916ms step_avg:203.59ms
step:2987/4740 train_time:608100ms step_avg:203.58ms
step:2988/4740 train_time:608420ms step_avg:203.62ms
step:2989/4740 train_time:608605ms step_avg:203.61ms
step:2990/4740 train_time:608925ms step_avg:203.65ms
step:2991/4740 train_time:609107ms step_avg:203.65ms
step:2992/4740 train_time:609428ms step_avg:203.69ms
step:2993/4740 train_time:609609ms step_avg:203.68ms
step:2994/4740 train_time:609930ms step_avg:203.72ms
step:2995/4740 train_time:610114ms step_avg:203.71ms
step:2996/4740 train_time:610437ms step_avg:203.75ms
step:2997/4740 train_time:610617ms step_avg:203.74ms
step:2998/4740 train_time:610938ms step_avg:203.78ms
step:2999/4740 train_time:611120ms step_avg:203.77ms
step:3000/4740 train_time:611444ms step_avg:203.81ms
step:3000/4740 val_loss:3.1445 train_time:611569ms step_avg:203.86ms
step:3001/4740 train_time:611625ms step_avg:203.81ms
step:3002/4740 train_time:611948ms step_avg:203.85ms
step:3003/4740 train_time:612133ms step_avg:203.84ms
step:3004/4740 train_time:612452ms step_avg:203.88ms
step:3005/4740 train_time:612633ms step_avg:203.87ms
step:3006/4740 train_time:612954ms step_avg:203.91ms
step:3007/4740 train_time:613137ms step_avg:203.90ms
step:3008/4740 train_time:613457ms step_avg:203.94ms
step:3009/4740 train_time:613639ms step_avg:203.93ms
step:3010/4740 train_time:613965ms step_avg:203.98ms
step:3011/4740 train_time:614148ms step_avg:203.97ms
step:3012/4740 train_time:614470ms step_avg:204.01ms
step:3013/4740 train_time:614651ms step_avg:204.00ms
step:3014/4740 train_time:614976ms step_avg:204.04ms
step:3015/4740 train_time:615158ms step_avg:204.03ms
step:3016/4740 train_time:615482ms step_avg:204.07ms
step:3017/4740 train_time:615665ms step_avg:204.07ms
step:3018/4740 train_time:615983ms step_avg:204.10ms
step:3019/4740 train_time:616166ms step_avg:204.10ms
step:3020/4740 train_time:616487ms step_avg:204.13ms
step:3021/4740 train_time:616664ms step_avg:204.13ms
step:3022/4740 train_time:616984ms step_avg:204.16ms
step:3023/4740 train_time:617168ms step_avg:204.16ms
step:3024/4740 train_time:617493ms step_avg:204.20ms
step:3025/4740 train_time:617673ms step_avg:204.19ms
step:3026/4740 train_time:617990ms step_avg:204.23ms
step:3027/4740 train_time:618172ms step_avg:204.22ms
step:3028/4740 train_time:618493ms step_avg:204.26ms
step:3029/4740 train_time:618674ms step_avg:204.25ms
step:3030/4740 train_time:618999ms step_avg:204.29ms
step:3031/4740 train_time:619180ms step_avg:204.28ms
step:3032/4740 train_time:619505ms step_avg:204.32ms
step:3033/4740 train_time:619683ms step_avg:204.31ms
step:3034/4740 train_time:620001ms step_avg:204.35ms
step:3035/4740 train_time:620186ms step_avg:204.34ms
step:3036/4740 train_time:620506ms step_avg:204.38ms
step:3037/4740 train_time:620688ms step_avg:204.38ms
step:3038/4740 train_time:621007ms step_avg:204.41ms
step:3039/4740 train_time:621191ms step_avg:204.41ms
step:3040/4740 train_time:621510ms step_avg:204.44ms
step:3041/4740 train_time:621690ms step_avg:204.44ms
step:3042/4740 train_time:622009ms step_avg:204.47ms
step:3043/4740 train_time:622190ms step_avg:204.47ms
step:3044/4740 train_time:622511ms step_avg:204.50ms
step:3045/4740 train_time:622695ms step_avg:204.50ms
step:3046/4740 train_time:623015ms step_avg:204.54ms
step:3047/4740 train_time:623196ms step_avg:204.53ms
step:3048/4740 train_time:623519ms step_avg:204.57ms
step:3049/4740 train_time:623701ms step_avg:204.56ms
step:3050/4740 train_time:624024ms step_avg:204.60ms
step:3051/4740 train_time:624206ms step_avg:204.59ms
step:3052/4740 train_time:624528ms step_avg:204.63ms
step:3053/4740 train_time:624709ms step_avg:204.62ms
step:3054/4740 train_time:625030ms step_avg:204.66ms
step:3055/4740 train_time:625210ms step_avg:204.65ms
step:3056/4740 train_time:625533ms step_avg:204.69ms
step:3057/4740 train_time:625713ms step_avg:204.68ms
step:3058/4740 train_time:626036ms step_avg:204.72ms
step:3059/4740 train_time:626215ms step_avg:204.71ms
step:3060/4740 train_time:626537ms step_avg:204.75ms
step:3061/4740 train_time:626719ms step_avg:204.74ms
step:3062/4740 train_time:627042ms step_avg:204.78ms
step:3063/4740 train_time:627223ms step_avg:204.77ms
step:3064/4740 train_time:627545ms step_avg:204.81ms
step:3065/4740 train_time:627725ms step_avg:204.80ms
step:3066/4740 train_time:628048ms step_avg:204.84ms
step:3067/4740 train_time:628231ms step_avg:204.84ms
step:3068/4740 train_time:628551ms step_avg:204.87ms
step:3069/4740 train_time:628732ms step_avg:204.87ms
step:3070/4740 train_time:629055ms step_avg:204.90ms
step:3071/4740 train_time:629239ms step_avg:204.90ms
step:3072/4740 train_time:629559ms step_avg:204.93ms
step:3073/4740 train_time:629740ms step_avg:204.93ms
step:3074/4740 train_time:630063ms step_avg:204.97ms
step:3075/4740 train_time:630244ms step_avg:204.96ms
step:3076/4740 train_time:630564ms step_avg:204.99ms
step:3077/4740 train_time:630746ms step_avg:204.99ms
step:3078/4740 train_time:631072ms step_avg:205.03ms
step:3079/4740 train_time:631250ms step_avg:205.02ms
step:3080/4740 train_time:631574ms step_avg:205.06ms
step:3081/4740 train_time:631755ms step_avg:205.05ms
step:3082/4740 train_time:632079ms step_avg:205.09ms
step:3083/4740 train_time:632259ms step_avg:205.08ms
step:3084/4740 train_time:632582ms step_avg:205.12ms
step:3085/4740 train_time:632763ms step_avg:205.11ms
step:3086/4740 train_time:633085ms step_avg:205.15ms
step:3087/4740 train_time:633267ms step_avg:205.14ms
step:3088/4740 train_time:633589ms step_avg:205.18ms
step:3089/4740 train_time:633771ms step_avg:205.17ms
step:3090/4740 train_time:634096ms step_avg:205.21ms
step:3091/4740 train_time:634279ms step_avg:205.20ms
step:3092/4740 train_time:634604ms step_avg:205.24ms
step:3093/4740 train_time:634787ms step_avg:205.23ms
step:3094/4740 train_time:635108ms step_avg:205.27ms
step:3095/4740 train_time:635285ms step_avg:205.26ms
step:3096/4740 train_time:635607ms step_avg:205.30ms
step:3097/4740 train_time:635788ms step_avg:205.29ms
step:3098/4740 train_time:636110ms step_avg:205.33ms
step:3099/4740 train_time:636294ms step_avg:205.32ms
step:3100/4740 train_time:636613ms step_avg:205.36ms
step:3101/4740 train_time:636796ms step_avg:205.35ms
step:3102/4740 train_time:637116ms step_avg:205.39ms
step:3103/4740 train_time:637298ms step_avg:205.38ms
step:3104/4740 train_time:637618ms step_avg:205.42ms
step:3105/4740 train_time:637802ms step_avg:205.41ms
step:3106/4740 train_time:638126ms step_avg:205.45ms
step:3107/4740 train_time:638310ms step_avg:205.44ms
step:3108/4740 train_time:638634ms step_avg:205.48ms
step:3109/4740 train_time:638817ms step_avg:205.47ms
step:3110/4740 train_time:639140ms step_avg:205.51ms
step:3111/4740 train_time:639325ms step_avg:205.50ms
step:3112/4740 train_time:639645ms step_avg:205.54ms
step:3113/4740 train_time:639825ms step_avg:205.53ms
step:3114/4740 train_time:640145ms step_avg:205.57ms
step:3115/4740 train_time:640330ms step_avg:205.56ms
step:3116/4740 train_time:640649ms step_avg:205.60ms
step:3117/4740 train_time:640831ms step_avg:205.59ms
step:3118/4740 train_time:641153ms step_avg:205.63ms
step:3119/4740 train_time:641333ms step_avg:205.62ms
step:3120/4740 train_time:641654ms step_avg:205.66ms
step:3121/4740 train_time:641831ms step_avg:205.65ms
step:3122/4740 train_time:642153ms step_avg:205.69ms
step:3123/4740 train_time:642334ms step_avg:205.68ms
step:3124/4740 train_time:642659ms step_avg:205.72ms
step:3125/4740 train_time:642841ms step_avg:205.71ms
step:3126/4740 train_time:643163ms step_avg:205.75ms
step:3127/4740 train_time:643342ms step_avg:205.74ms
step:3128/4740 train_time:643667ms step_avg:205.78ms
step:3129/4740 train_time:643850ms step_avg:205.77ms
step:3130/4740 train_time:644175ms step_avg:205.81ms
step:3131/4740 train_time:644355ms step_avg:205.80ms
step:3132/4740 train_time:644678ms step_avg:205.84ms
step:3133/4740 train_time:644861ms step_avg:205.83ms
step:3134/4740 train_time:645184ms step_avg:205.87ms
step:3135/4740 train_time:645367ms step_avg:205.86ms
step:3136/4740 train_time:645689ms step_avg:205.90ms
step:3137/4740 train_time:645871ms step_avg:205.89ms
step:3138/4740 train_time:646193ms step_avg:205.93ms
step:3139/4740 train_time:646374ms step_avg:205.92ms
step:3140/4740 train_time:646698ms step_avg:205.95ms
step:3141/4740 train_time:646878ms step_avg:205.95ms
step:3142/4740 train_time:647206ms step_avg:205.99ms
step:3143/4740 train_time:647386ms step_avg:205.98ms
step:3144/4740 train_time:647708ms step_avg:206.01ms
step:3145/4740 train_time:647893ms step_avg:206.01ms
step:3146/4740 train_time:648215ms step_avg:206.04ms
step:3147/4740 train_time:648392ms step_avg:206.04ms
step:3148/4740 train_time:648715ms step_avg:206.07ms
step:3149/4740 train_time:648893ms step_avg:206.06ms
step:3150/4740 train_time:649215ms step_avg:206.10ms
step:3151/4740 train_time:649394ms step_avg:206.09ms
step:3152/4740 train_time:649717ms step_avg:206.13ms
step:3153/4740 train_time:649898ms step_avg:206.12ms
step:3154/4740 train_time:650225ms step_avg:206.16ms
step:3155/4740 train_time:650404ms step_avg:206.15ms
step:3156/4740 train_time:650726ms step_avg:206.19ms
step:3157/4740 train_time:650906ms step_avg:206.18ms
step:3158/4740 train_time:651228ms step_avg:206.22ms
step:3159/4740 train_time:651411ms step_avg:206.21ms
step:3160/4740 train_time:651732ms step_avg:206.24ms
step:3161/4740 train_time:651916ms step_avg:206.24ms
step:3162/4740 train_time:652242ms step_avg:206.28ms
step:3163/4740 train_time:652425ms step_avg:206.27ms
step:3164/4740 train_time:652747ms step_avg:206.30ms
step:3165/4740 train_time:652926ms step_avg:206.30ms
step:3166/4740 train_time:653248ms step_avg:206.33ms
step:3167/4740 train_time:653433ms step_avg:206.33ms
step:3168/4740 train_time:653754ms step_avg:206.36ms
step:3169/4740 train_time:653935ms step_avg:206.35ms
step:3170/4740 train_time:654254ms step_avg:206.39ms
step:3171/4740 train_time:654437ms step_avg:206.38ms
step:3172/4740 train_time:654758ms step_avg:206.42ms
step:3173/4740 train_time:654940ms step_avg:206.41ms
step:3174/4740 train_time:655264ms step_avg:206.45ms
step:3175/4740 train_time:655442ms step_avg:206.44ms
step:3176/4740 train_time:655766ms step_avg:206.48ms
step:3177/4740 train_time:655947ms step_avg:206.47ms
step:3178/4740 train_time:656277ms step_avg:206.51ms
step:3179/4740 train_time:656454ms step_avg:206.50ms
step:3180/4740 train_time:656774ms step_avg:206.53ms
step:3181/4740 train_time:656958ms step_avg:206.53ms
step:3182/4740 train_time:657283ms step_avg:206.56ms
step:3183/4740 train_time:657467ms step_avg:206.56ms
step:3184/4740 train_time:657791ms step_avg:206.59ms
step:3185/4740 train_time:657969ms step_avg:206.58ms
step:3186/4740 train_time:658291ms step_avg:206.62ms
step:3187/4740 train_time:658476ms step_avg:206.61ms
step:3188/4740 train_time:658800ms step_avg:206.65ms
step:3189/4740 train_time:658982ms step_avg:206.64ms
step:3190/4740 train_time:659308ms step_avg:206.68ms
step:3191/4740 train_time:659489ms step_avg:206.67ms
step:3192/4740 train_time:659809ms step_avg:206.71ms
step:3193/4740 train_time:659990ms step_avg:206.70ms
step:3194/4740 train_time:660315ms step_avg:206.74ms
step:3195/4740 train_time:660500ms step_avg:206.73ms
step:3196/4740 train_time:660827ms step_avg:206.77ms
step:3197/4740 train_time:661007ms step_avg:206.76ms
step:3198/4740 train_time:661331ms step_avg:206.80ms
step:3199/4740 train_time:661514ms step_avg:206.79ms
step:3200/4740 train_time:661836ms step_avg:206.82ms
step:3201/4740 train_time:662015ms step_avg:206.82ms
step:3202/4740 train_time:662334ms step_avg:206.85ms
step:3203/4740 train_time:662517ms step_avg:206.84ms
step:3204/4740 train_time:662837ms step_avg:206.88ms
step:3205/4740 train_time:663018ms step_avg:206.87ms
step:3206/4740 train_time:663341ms step_avg:206.91ms
step:3207/4740 train_time:663524ms step_avg:206.90ms
step:3208/4740 train_time:663846ms step_avg:206.93ms
step:3209/4740 train_time:664030ms step_avg:206.93ms
step:3210/4740 train_time:664352ms step_avg:206.96ms
step:3211/4740 train_time:664531ms step_avg:206.95ms
step:3212/4740 train_time:664853ms step_avg:206.99ms
step:3213/4740 train_time:665032ms step_avg:206.98ms
step:3214/4740 train_time:665356ms step_avg:207.02ms
step:3215/4740 train_time:665538ms step_avg:207.01ms
step:3216/4740 train_time:665863ms step_avg:207.05ms
step:3217/4740 train_time:666042ms step_avg:207.04ms
step:3218/4740 train_time:666365ms step_avg:207.07ms
step:3219/4740 train_time:666547ms step_avg:207.07ms
step:3220/4740 train_time:666874ms step_avg:207.10ms
step:3221/4740 train_time:667053ms step_avg:207.09ms
step:3222/4740 train_time:667375ms step_avg:207.13ms
step:3223/4740 train_time:667557ms step_avg:207.12ms
step:3224/4740 train_time:667879ms step_avg:207.16ms
step:3225/4740 train_time:668066ms step_avg:207.15ms
step:3226/4740 train_time:668391ms step_avg:207.19ms
step:3227/4740 train_time:668573ms step_avg:207.18ms
step:3228/4740 train_time:668894ms step_avg:207.22ms
step:3229/4740 train_time:669078ms step_avg:207.21ms
step:3230/4740 train_time:669404ms step_avg:207.25ms
step:3231/4740 train_time:669583ms step_avg:207.24ms
step:3232/4740 train_time:669905ms step_avg:207.27ms
step:3233/4740 train_time:670089ms step_avg:207.27ms
step:3234/4740 train_time:670411ms step_avg:207.30ms
step:3235/4740 train_time:670597ms step_avg:207.29ms
step:3236/4740 train_time:670916ms step_avg:207.33ms
step:3237/4740 train_time:671100ms step_avg:207.32ms
step:3238/4740 train_time:671419ms step_avg:207.36ms
step:3239/4740 train_time:671606ms step_avg:207.35ms
step:3240/4740 train_time:671928ms step_avg:207.39ms
step:3241/4740 train_time:672112ms step_avg:207.38ms
step:3242/4740 train_time:672436ms step_avg:207.41ms
step:3243/4740 train_time:672617ms step_avg:207.41ms
step:3244/4740 train_time:672938ms step_avg:207.44ms
step:3245/4740 train_time:673121ms step_avg:207.43ms
step:3246/4740 train_time:673442ms step_avg:207.47ms
step:3247/4740 train_time:673628ms step_avg:207.46ms
step:3248/4740 train_time:673947ms step_avg:207.50ms
step:3249/4740 train_time:674128ms step_avg:207.49ms
step:3250/4740 train_time:674455ms step_avg:207.52ms
step:3250/4740 val_loss:3.1092 train_time:674582ms step_avg:207.56ms
step:3251/4740 train_time:674638ms step_avg:207.52ms
step:3252/4740 train_time:674961ms step_avg:207.55ms
step:3253/4740 train_time:675141ms step_avg:207.54ms
step:3254/4740 train_time:675460ms step_avg:207.58ms
step:3255/4740 train_time:675643ms step_avg:207.57ms
step:3256/4740 train_time:675965ms step_avg:207.61ms
step:3257/4740 train_time:676153ms step_avg:207.60ms
step:3258/4740 train_time:676473ms step_avg:207.63ms
step:3259/4740 train_time:676654ms step_avg:207.63ms
step:3260/4740 train_time:676975ms step_avg:207.66ms
step:3261/4740 train_time:677158ms step_avg:207.65ms
step:3262/4740 train_time:677477ms step_avg:207.69ms
step:3263/4740 train_time:677659ms step_avg:207.68ms
step:3264/4740 train_time:677983ms step_avg:207.72ms
step:3265/4740 train_time:678168ms step_avg:207.71ms
step:3266/4740 train_time:678486ms step_avg:207.74ms
step:3267/4740 train_time:678670ms step_avg:207.74ms
step:3268/4740 train_time:678991ms step_avg:207.77ms
step:3269/4740 train_time:679173ms step_avg:207.76ms
step:3270/4740 train_time:679492ms step_avg:207.80ms
step:3271/4740 train_time:679676ms step_avg:207.79ms
step:3272/4740 train_time:679995ms step_avg:207.82ms
step:3273/4740 train_time:680181ms step_avg:207.82ms
step:3274/4740 train_time:680496ms step_avg:207.85ms
step:3275/4740 train_time:680681ms step_avg:207.84ms
step:3276/4740 train_time:681007ms step_avg:207.88ms
step:3277/4740 train_time:681190ms step_avg:207.87ms
step:3278/4740 train_time:681510ms step_avg:207.90ms
step:3279/4740 train_time:681691ms step_avg:207.90ms
step:3280/4740 train_time:682011ms step_avg:207.93ms
step:3281/4740 train_time:682193ms step_avg:207.92ms
step:3282/4740 train_time:682516ms step_avg:207.96ms
step:3283/4740 train_time:682699ms step_avg:207.95ms
step:3284/4740 train_time:683024ms step_avg:207.99ms
step:3285/4740 train_time:683203ms step_avg:207.98ms
step:3286/4740 train_time:683524ms step_avg:208.01ms
step:3287/4740 train_time:683709ms step_avg:208.00ms
step:3288/4740 train_time:684032ms step_avg:208.04ms
step:3289/4740 train_time:684211ms step_avg:208.03ms
step:3290/4740 train_time:684533ms step_avg:208.06ms
step:3291/4740 train_time:684714ms step_avg:208.06ms
step:3292/4740 train_time:685037ms step_avg:208.09ms
step:3293/4740 train_time:685216ms step_avg:208.08ms
step:3294/4740 train_time:685535ms step_avg:208.12ms
step:3295/4740 train_time:685718ms step_avg:208.11ms
step:3296/4740 train_time:686041ms step_avg:208.14ms
step:3297/4740 train_time:686222ms step_avg:208.14ms
step:3298/4740 train_time:686545ms step_avg:208.17ms
step:3299/4740 train_time:686726ms step_avg:208.16ms
step:3300/4740 train_time:687047ms step_avg:208.20ms
step:3301/4740 train_time:687230ms step_avg:208.19ms
step:3302/4740 train_time:687554ms step_avg:208.22ms
step:3303/4740 train_time:687731ms step_avg:208.21ms
step:3304/4740 train_time:688053ms step_avg:208.25ms
step:3305/4740 train_time:688233ms step_avg:208.24ms
step:3306/4740 train_time:688557ms step_avg:208.27ms
step:3307/4740 train_time:688741ms step_avg:208.27ms
step:3308/4740 train_time:689064ms step_avg:208.30ms
step:3309/4740 train_time:689244ms step_avg:208.29ms
step:3310/4740 train_time:689569ms step_avg:208.33ms
step:3311/4740 train_time:689750ms step_avg:208.32ms
step:3312/4740 train_time:690072ms step_avg:208.36ms
step:3313/4740 train_time:690251ms step_avg:208.35ms
step:3314/4740 train_time:690574ms step_avg:208.38ms
step:3315/4740 train_time:690759ms step_avg:208.37ms
step:3316/4740 train_time:691082ms step_avg:208.41ms
step:3317/4740 train_time:691268ms step_avg:208.40ms
step:3318/4740 train_time:691593ms step_avg:208.44ms
step:3319/4740 train_time:691772ms step_avg:208.43ms
step:3320/4740 train_time:692093ms step_avg:208.46ms
step:3321/4740 train_time:692276ms step_avg:208.45ms
step:3322/4740 train_time:692597ms step_avg:208.49ms
step:3323/4740 train_time:692782ms step_avg:208.48ms
step:3324/4740 train_time:693100ms step_avg:208.51ms
step:3325/4740 train_time:693283ms step_avg:208.51ms
step:3326/4740 train_time:693604ms step_avg:208.54ms
step:3327/4740 train_time:693792ms step_avg:208.53ms
step:3328/4740 train_time:694112ms step_avg:208.57ms
step:3329/4740 train_time:694293ms step_avg:208.56ms
step:3330/4740 train_time:694614ms step_avg:208.59ms
step:3331/4740 train_time:694794ms step_avg:208.58ms
step:3332/4740 train_time:695114ms step_avg:208.62ms
step:3333/4740 train_time:695303ms step_avg:208.61ms
step:3334/4740 train_time:695625ms step_avg:208.65ms
step:3335/4740 train_time:695807ms step_avg:208.64ms
step:3336/4740 train_time:696127ms step_avg:208.67ms
step:3337/4740 train_time:696308ms step_avg:208.66ms
step:3338/4740 train_time:696629ms step_avg:208.70ms
step:3339/4740 train_time:696810ms step_avg:208.69ms
step:3340/4740 train_time:697131ms step_avg:208.72ms
step:3341/4740 train_time:697314ms step_avg:208.71ms
step:3342/4740 train_time:697638ms step_avg:208.75ms
step:3343/4740 train_time:697821ms step_avg:208.74ms
step:3344/4740 train_time:698142ms step_avg:208.77ms
step:3345/4740 train_time:698324ms step_avg:208.77ms
step:3346/4740 train_time:698646ms step_avg:208.80ms
step:3347/4740 train_time:698831ms step_avg:208.79ms
step:3348/4740 train_time:699154ms step_avg:208.83ms
step:3349/4740 train_time:699336ms step_avg:208.82ms
step:3350/4740 train_time:699663ms step_avg:208.85ms
step:3351/4740 train_time:699847ms step_avg:208.85ms
step:3352/4740 train_time:700172ms step_avg:208.88ms
step:3353/4740 train_time:700353ms step_avg:208.87ms
step:3354/4740 train_time:700677ms step_avg:208.91ms
step:3355/4740 train_time:700858ms step_avg:208.90ms
step:3356/4740 train_time:701183ms step_avg:208.93ms
step:3357/4740 train_time:701365ms step_avg:208.93ms
step:3358/4740 train_time:701692ms step_avg:208.96ms
step:3359/4740 train_time:701871ms step_avg:208.95ms
step:3360/4740 train_time:702194ms step_avg:208.99ms
step:3361/4740 train_time:702373ms step_avg:208.98ms
step:3362/4740 train_time:702698ms step_avg:209.01ms
step:3363/4740 train_time:702885ms step_avg:209.01ms
step:3364/4740 train_time:703210ms step_avg:209.04ms
step:3365/4740 train_time:703391ms step_avg:209.03ms
step:3366/4740 train_time:703714ms step_avg:209.07ms
step:3367/4740 train_time:703893ms step_avg:209.06ms
step:3368/4740 train_time:704217ms step_avg:209.09ms
step:3369/4740 train_time:704400ms step_avg:209.08ms
step:3370/4740 train_time:704725ms step_avg:209.12ms
step:3371/4740 train_time:704903ms step_avg:209.11ms
step:3372/4740 train_time:705227ms step_avg:209.14ms
step:3373/4740 train_time:705410ms step_avg:209.13ms
step:3374/4740 train_time:705731ms step_avg:209.17ms
step:3375/4740 train_time:705913ms step_avg:209.16ms
step:3376/4740 train_time:706235ms step_avg:209.19ms
step:3377/4740 train_time:706419ms step_avg:209.19ms
step:3378/4740 train_time:706739ms step_avg:209.22ms
step:3379/4740 train_time:706923ms step_avg:209.21ms
step:3380/4740 train_time:707244ms step_avg:209.24ms
step:3381/4740 train_time:707429ms step_avg:209.24ms
step:3382/4740 train_time:707745ms step_avg:209.27ms
step:3383/4740 train_time:707929ms step_avg:209.26ms
step:3384/4740 train_time:708254ms step_avg:209.29ms
step:3385/4740 train_time:708435ms step_avg:209.29ms
step:3386/4740 train_time:708763ms step_avg:209.32ms
step:3387/4740 train_time:708946ms step_avg:209.31ms
step:3388/4740 train_time:709264ms step_avg:209.35ms
step:3389/4740 train_time:709450ms step_avg:209.34ms
step:3390/4740 train_time:709775ms step_avg:209.37ms
step:3391/4740 train_time:709955ms step_avg:209.36ms
step:3392/4740 train_time:710275ms step_avg:209.40ms
step:3393/4740 train_time:710458ms step_avg:209.39ms
step:3394/4740 train_time:710785ms step_avg:209.42ms
step:3395/4740 train_time:710969ms step_avg:209.42ms
step:3396/4740 train_time:711290ms step_avg:209.45ms
step:3397/4740 train_time:711475ms step_avg:209.44ms
step:3398/4740 train_time:711800ms step_avg:209.48ms
step:3399/4740 train_time:711982ms step_avg:209.47ms
step:3400/4740 train_time:712303ms step_avg:209.50ms
step:3401/4740 train_time:712486ms step_avg:209.49ms
step:3402/4740 train_time:712812ms step_avg:209.53ms
step:3403/4740 train_time:712994ms step_avg:209.52ms
step:3404/4740 train_time:713317ms step_avg:209.55ms
step:3405/4740 train_time:713499ms step_avg:209.54ms
step:3406/4740 train_time:713822ms step_avg:209.58ms
step:3407/4740 train_time:714002ms step_avg:209.57ms
step:3408/4740 train_time:714324ms step_avg:209.60ms
step:3409/4740 train_time:714505ms step_avg:209.59ms
step:3410/4740 train_time:714829ms step_avg:209.63ms
step:3411/4740 train_time:715009ms step_avg:209.62ms
step:3412/4740 train_time:715333ms step_avg:209.65ms
step:3413/4740 train_time:715512ms step_avg:209.64ms
step:3414/4740 train_time:715836ms step_avg:209.68ms
step:3415/4740 train_time:716017ms step_avg:209.67ms
step:3416/4740 train_time:716338ms step_avg:209.70ms
step:3417/4740 train_time:716522ms step_avg:209.69ms
step:3418/4740 train_time:716842ms step_avg:209.73ms
step:3419/4740 train_time:717023ms step_avg:209.72ms
step:3420/4740 train_time:717347ms step_avg:209.75ms
step:3421/4740 train_time:717532ms step_avg:209.74ms
step:3422/4740 train_time:717854ms step_avg:209.78ms
step:3423/4740 train_time:718037ms step_avg:209.77ms
step:3424/4740 train_time:718355ms step_avg:209.80ms
step:3425/4740 train_time:718542ms step_avg:209.79ms
step:3426/4740 train_time:718864ms step_avg:209.83ms
step:3427/4740 train_time:719045ms step_avg:209.82ms
step:3428/4740 train_time:719368ms step_avg:209.85ms
step:3429/4740 train_time:719551ms step_avg:209.84ms
step:3430/4740 train_time:719871ms step_avg:209.87ms
step:3431/4740 train_time:720055ms step_avg:209.87ms
step:3432/4740 train_time:720379ms step_avg:209.90ms
step:3433/4740 train_time:720560ms step_avg:209.89ms
step:3434/4740 train_time:720878ms step_avg:209.92ms
step:3435/4740 train_time:721063ms step_avg:209.92ms
step:3436/4740 train_time:721382ms step_avg:209.95ms
step:3437/4740 train_time:721563ms step_avg:209.94ms
step:3438/4740 train_time:721883ms step_avg:209.97ms
step:3439/4740 train_time:722067ms step_avg:209.96ms
step:3440/4740 train_time:722389ms step_avg:210.00ms
step:3441/4740 train_time:722574ms step_avg:209.99ms
step:3442/4740 train_time:722893ms step_avg:210.02ms
step:3443/4740 train_time:723072ms step_avg:210.01ms
step:3444/4740 train_time:723394ms step_avg:210.04ms
step:3445/4740 train_time:723578ms step_avg:210.04ms
step:3446/4740 train_time:723896ms step_avg:210.07ms
step:3447/4740 train_time:724081ms step_avg:210.06ms
step:3448/4740 train_time:724402ms step_avg:210.09ms
step:3449/4740 train_time:724583ms step_avg:210.08ms
step:3450/4740 train_time:724905ms step_avg:210.12ms
step:3451/4740 train_time:725092ms step_avg:210.11ms
step:3452/4740 train_time:725414ms step_avg:210.14ms
step:3453/4740 train_time:725595ms step_avg:210.13ms
step:3454/4740 train_time:725914ms step_avg:210.17ms
step:3455/4740 train_time:726101ms step_avg:210.16ms
step:3456/4740 train_time:726425ms step_avg:210.19ms
step:3457/4740 train_time:726604ms step_avg:210.18ms
step:3458/4740 train_time:726925ms step_avg:210.22ms
step:3459/4740 train_time:727113ms step_avg:210.21ms
step:3460/4740 train_time:727433ms step_avg:210.24ms
step:3461/4740 train_time:727616ms step_avg:210.23ms
step:3462/4740 train_time:727937ms step_avg:210.26ms
step:3463/4740 train_time:728120ms step_avg:210.26ms
step:3464/4740 train_time:728440ms step_avg:210.29ms
step:3465/4740 train_time:728624ms step_avg:210.28ms
step:3466/4740 train_time:728950ms step_avg:210.31ms
step:3467/4740 train_time:729130ms step_avg:210.31ms
step:3468/4740 train_time:729448ms step_avg:210.34ms
step:3469/4740 train_time:729632ms step_avg:210.33ms
step:3470/4740 train_time:729955ms step_avg:210.36ms
step:3471/4740 train_time:730134ms step_avg:210.35ms
step:3472/4740 train_time:730455ms step_avg:210.38ms
step:3473/4740 train_time:730642ms step_avg:210.38ms
step:3474/4740 train_time:730962ms step_avg:210.41ms
step:3475/4740 train_time:731144ms step_avg:210.40ms
step:3476/4740 train_time:731468ms step_avg:210.43ms
step:3477/4740 train_time:731650ms step_avg:210.43ms
step:3478/4740 train_time:731974ms step_avg:210.46ms
step:3479/4740 train_time:732158ms step_avg:210.45ms
step:3480/4740 train_time:732481ms step_avg:210.48ms
step:3481/4740 train_time:732661ms step_avg:210.47ms
step:3482/4740 train_time:732985ms step_avg:210.51ms
step:3483/4740 train_time:733167ms step_avg:210.50ms
step:3484/4740 train_time:733489ms step_avg:210.53ms
step:3485/4740 train_time:733674ms step_avg:210.52ms
step:3486/4740 train_time:733992ms step_avg:210.55ms
step:3487/4740 train_time:734174ms step_avg:210.55ms
step:3488/4740 train_time:734498ms step_avg:210.58ms
step:3489/4740 train_time:734678ms step_avg:210.57ms
step:3490/4740 train_time:734998ms step_avg:210.60ms
step:3491/4740 train_time:735183ms step_avg:210.59ms
step:3492/4740 train_time:735504ms step_avg:210.63ms
step:3493/4740 train_time:735686ms step_avg:210.62ms
step:3494/4740 train_time:736009ms step_avg:210.65ms
step:3495/4740 train_time:736193ms step_avg:210.64ms
step:3496/4740 train_time:736513ms step_avg:210.67ms
step:3497/4740 train_time:736695ms step_avg:210.66ms
step:3498/4740 train_time:737016ms step_avg:210.70ms
step:3499/4740 train_time:737200ms step_avg:210.69ms
step:3500/4740 train_time:737520ms step_avg:210.72ms
step:3500/4740 val_loss:3.0731 train_time:737645ms step_avg:210.76ms
step:3501/4740 train_time:737702ms step_avg:210.71ms
step:3502/4740 train_time:738023ms step_avg:210.74ms
step:3503/4740 train_time:738208ms step_avg:210.74ms
step:3504/4740 train_time:738526ms step_avg:210.77ms
step:3505/4740 train_time:738707ms step_avg:210.76ms
step:3506/4740 train_time:739034ms step_avg:210.79ms
step:3507/4740 train_time:739219ms step_avg:210.78ms
step:3508/4740 train_time:739542ms step_avg:210.82ms
step:3509/4740 train_time:739719ms step_avg:210.81ms
step:3510/4740 train_time:740045ms step_avg:210.84ms
step:3511/4740 train_time:740229ms step_avg:210.83ms
step:3512/4740 train_time:740552ms step_avg:210.86ms
step:3513/4740 train_time:740730ms step_avg:210.85ms
step:3514/4740 train_time:741056ms step_avg:210.89ms
step:3515/4740 train_time:741239ms step_avg:210.88ms
step:3516/4740 train_time:741559ms step_avg:210.91ms
step:3517/4740 train_time:741743ms step_avg:210.90ms
step:3518/4740 train_time:742060ms step_avg:210.93ms
step:3519/4740 train_time:742245ms step_avg:210.93ms
step:3520/4740 train_time:742567ms step_avg:210.96ms
step:3521/4740 train_time:742748ms step_avg:210.95ms
step:3522/4740 train_time:743070ms step_avg:210.98ms
step:3523/4740 train_time:743255ms step_avg:210.97ms
step:3524/4740 train_time:743579ms step_avg:211.00ms
step:3525/4740 train_time:743758ms step_avg:211.00ms
step:3526/4740 train_time:744081ms step_avg:211.03ms
step:3527/4740 train_time:744262ms step_avg:211.02ms
step:3528/4740 train_time:744584ms step_avg:211.05ms
step:3529/4740 train_time:744769ms step_avg:211.04ms
step:3530/4740 train_time:745088ms step_avg:211.07ms
step:3531/4740 train_time:745273ms step_avg:211.07ms
step:3532/4740 train_time:745596ms step_avg:211.10ms
step:3533/4740 train_time:745776ms step_avg:211.09ms
step:3534/4740 train_time:746098ms step_avg:211.12ms
step:3535/4740 train_time:746279ms step_avg:211.11ms
step:3536/4740 train_time:746605ms step_avg:211.14ms
step:3537/4740 train_time:746785ms step_avg:211.14ms
step:3538/4740 train_time:747103ms step_avg:211.17ms
step:3539/4740 train_time:747287ms step_avg:211.16ms
step:3540/4740 train_time:747608ms step_avg:211.19ms
step:3541/4740 train_time:747790ms step_avg:211.18ms
step:3542/4740 train_time:748113ms step_avg:211.21ms
step:3543/4740 train_time:748293ms step_avg:211.20ms
step:3544/4740 train_time:748612ms step_avg:211.23ms
step:3545/4740 train_time:748794ms step_avg:211.23ms
step:3546/4740 train_time:749116ms step_avg:211.26ms
step:3547/4740 train_time:749302ms step_avg:211.25ms
step:3548/4740 train_time:749618ms step_avg:211.28ms
step:3549/4740 train_time:749802ms step_avg:211.27ms
step:3550/4740 train_time:750126ms step_avg:211.30ms
step:3551/4740 train_time:750308ms step_avg:211.29ms
step:3552/4740 train_time:750630ms step_avg:211.33ms
step:3553/4740 train_time:750814ms step_avg:211.32ms
step:3554/4740 train_time:751136ms step_avg:211.35ms
step:3555/4740 train_time:751318ms step_avg:211.34ms
step:3556/4740 train_time:751646ms step_avg:211.37ms
step:3557/4740 train_time:751826ms step_avg:211.37ms
step:3558/4740 train_time:752151ms step_avg:211.40ms
step:3559/4740 train_time:752332ms step_avg:211.39ms
step:3560/4740 train_time:752655ms step_avg:211.42ms
step:3561/4740 train_time:752837ms step_avg:211.41ms
step:3562/4740 train_time:753161ms step_avg:211.44ms
step:3563/4740 train_time:753340ms step_avg:211.43ms
step:3564/4740 train_time:753661ms step_avg:211.46ms
step:3565/4740 train_time:753841ms step_avg:211.46ms
step:3566/4740 train_time:754162ms step_avg:211.49ms
step:3567/4740 train_time:754346ms step_avg:211.48ms
step:3568/4740 train_time:754663ms step_avg:211.51ms
step:3569/4740 train_time:754847ms step_avg:211.50ms
step:3570/4740 train_time:755170ms step_avg:211.53ms
step:3571/4740 train_time:755353ms step_avg:211.52ms
step:3572/4740 train_time:755677ms step_avg:211.56ms
step:3573/4740 train_time:755854ms step_avg:211.55ms
step:3574/4740 train_time:756178ms step_avg:211.58ms
step:3575/4740 train_time:756360ms step_avg:211.57ms
step:3576/4740 train_time:756679ms step_avg:211.60ms
step:3577/4740 train_time:756864ms step_avg:211.59ms
step:3578/4740 train_time:757183ms step_avg:211.62ms
step:3579/4740 train_time:757367ms step_avg:211.61ms
step:3580/4740 train_time:757689ms step_avg:211.65ms
step:3581/4740 train_time:757874ms step_avg:211.64ms
step:3582/4740 train_time:758198ms step_avg:211.67ms
step:3583/4740 train_time:758383ms step_avg:211.66ms
step:3584/4740 train_time:758703ms step_avg:211.69ms
step:3585/4740 train_time:758884ms step_avg:211.68ms
step:3586/4740 train_time:759205ms step_avg:211.71ms
step:3587/4740 train_time:759387ms step_avg:211.71ms
step:3588/4740 train_time:759708ms step_avg:211.74ms
step:3589/4740 train_time:759892ms step_avg:211.73ms
step:3590/4740 train_time:760212ms step_avg:211.76ms
step:3591/4740 train_time:760396ms step_avg:211.75ms
step:3592/4740 train_time:760717ms step_avg:211.78ms
step:3593/4740 train_time:760903ms step_avg:211.77ms
step:3594/4740 train_time:761220ms step_avg:211.80ms
step:3595/4740 train_time:761403ms step_avg:211.80ms
step:3596/4740 train_time:761726ms step_avg:211.83ms
step:3597/4740 train_time:761908ms step_avg:211.82ms
step:3598/4740 train_time:762227ms step_avg:211.85ms
step:3599/4740 train_time:762413ms step_avg:211.84ms
step:3600/4740 train_time:762732ms step_avg:211.87ms
step:3601/4740 train_time:762915ms step_avg:211.86ms
step:3602/4740 train_time:763237ms step_avg:211.89ms
step:3603/4740 train_time:763421ms step_avg:211.88ms
step:3604/4740 train_time:763744ms step_avg:211.92ms
step:3605/4740 train_time:763926ms step_avg:211.91ms
step:3606/4740 train_time:764246ms step_avg:211.94ms
step:3607/4740 train_time:764427ms step_avg:211.93ms
step:3608/4740 train_time:764749ms step_avg:211.96ms
step:3609/4740 train_time:764933ms step_avg:211.95ms
step:3610/4740 train_time:765253ms step_avg:211.98ms
step:3611/4740 train_time:765436ms step_avg:211.97ms
step:3612/4740 train_time:765760ms step_avg:212.00ms
step:3613/4740 train_time:765941ms step_avg:212.00ms
step:3614/4740 train_time:766264ms step_avg:212.03ms
step:3615/4740 train_time:766446ms step_avg:212.02ms
step:3616/4740 train_time:766771ms step_avg:212.05ms
step:3617/4740 train_time:766958ms step_avg:212.04ms
step:3618/4740 train_time:767280ms step_avg:212.07ms
step:3619/4740 train_time:767461ms step_avg:212.06ms
step:3620/4740 train_time:767786ms step_avg:212.10ms
step:3621/4740 train_time:767965ms step_avg:212.09ms
step:3622/4740 train_time:768287ms step_avg:212.12ms
step:3623/4740 train_time:768472ms step_avg:212.11ms
step:3624/4740 train_time:768792ms step_avg:212.14ms
step:3625/4740 train_time:768975ms step_avg:212.13ms
step:3626/4740 train_time:769293ms step_avg:212.16ms
step:3627/4740 train_time:769481ms step_avg:212.15ms
step:3628/4740 train_time:769806ms step_avg:212.18ms
step:3629/4740 train_time:769988ms step_avg:212.18ms
step:3630/4740 train_time:770309ms step_avg:212.21ms
step:3631/4740 train_time:770493ms step_avg:212.20ms
step:3632/4740 train_time:770817ms step_avg:212.23ms
step:3633/4740 train_time:770997ms step_avg:212.22ms
step:3634/4740 train_time:771320ms step_avg:212.25ms
step:3635/4740 train_time:771501ms step_avg:212.24ms
step:3636/4740 train_time:771823ms step_avg:212.27ms
step:3637/4740 train_time:772008ms step_avg:212.26ms
step:3638/4740 train_time:772328ms step_avg:212.29ms
step:3639/4740 train_time:772509ms step_avg:212.29ms
step:3640/4740 train_time:772829ms step_avg:212.32ms
step:3641/4740 train_time:773010ms step_avg:212.31ms
step:3642/4740 train_time:773330ms step_avg:212.34ms
step:3643/4740 train_time:773514ms step_avg:212.33ms
step:3644/4740 train_time:773837ms step_avg:212.36ms
step:3645/4740 train_time:774022ms step_avg:212.35ms
step:3646/4740 train_time:774344ms step_avg:212.38ms
step:3647/4740 train_time:774526ms step_avg:212.37ms
step:3648/4740 train_time:774850ms step_avg:212.40ms
step:3649/4740 train_time:775035ms step_avg:212.40ms
step:3650/4740 train_time:775357ms step_avg:212.43ms
step:3651/4740 train_time:775541ms step_avg:212.42ms
step:3652/4740 train_time:775861ms step_avg:212.45ms
step:3653/4740 train_time:776047ms step_avg:212.44ms
step:3654/4740 train_time:776365ms step_avg:212.47ms
step:3655/4740 train_time:776549ms step_avg:212.46ms
step:3656/4740 train_time:776869ms step_avg:212.49ms
step:3657/4740 train_time:777052ms step_avg:212.48ms
step:3658/4740 train_time:777373ms step_avg:212.51ms
step:3659/4740 train_time:777556ms step_avg:212.51ms
step:3660/4740 train_time:777874ms step_avg:212.53ms
step:3661/4740 train_time:778063ms step_avg:212.53ms
step:3662/4740 train_time:778384ms step_avg:212.56ms
step:3663/4740 train_time:778569ms step_avg:212.55ms
step:3664/4740 train_time:778889ms step_avg:212.58ms
step:3665/4740 train_time:779077ms step_avg:212.57ms
step:3666/4740 train_time:779397ms step_avg:212.60ms
step:3667/4740 train_time:779583ms step_avg:212.59ms
step:3668/4740 train_time:779904ms step_avg:212.62ms
step:3669/4740 train_time:780085ms step_avg:212.62ms
step:3670/4740 train_time:780405ms step_avg:212.64ms
step:3671/4740 train_time:780586ms step_avg:212.64ms
step:3672/4740 train_time:780912ms step_avg:212.67ms
step:3673/4740 train_time:781089ms step_avg:212.66ms
step:3674/4740 train_time:781409ms step_avg:212.69ms
step:3675/4740 train_time:781590ms step_avg:212.68ms
step:3676/4740 train_time:781915ms step_avg:212.71ms
step:3677/4740 train_time:782095ms step_avg:212.70ms
step:3678/4740 train_time:782421ms step_avg:212.73ms
step:3679/4740 train_time:782603ms step_avg:212.72ms
step:3680/4740 train_time:782925ms step_avg:212.75ms
step:3681/4740 train_time:783110ms step_avg:212.74ms
step:3682/4740 train_time:783434ms step_avg:212.77ms
step:3683/4740 train_time:783612ms step_avg:212.76ms
step:3684/4740 train_time:783936ms step_avg:212.79ms
step:3685/4740 train_time:784117ms step_avg:212.79ms
step:3686/4740 train_time:784436ms step_avg:212.82ms
step:3687/4740 train_time:784624ms step_avg:212.81ms
step:3688/4740 train_time:784943ms step_avg:212.84ms
step:3689/4740 train_time:785124ms step_avg:212.83ms
step:3690/4740 train_time:785449ms step_avg:212.86ms
step:3691/4740 train_time:785630ms step_avg:212.85ms
step:3692/4740 train_time:785953ms step_avg:212.88ms
step:3693/4740 train_time:786135ms step_avg:212.87ms
step:3694/4740 train_time:786461ms step_avg:212.90ms
step:3695/4740 train_time:786643ms step_avg:212.89ms
step:3696/4740 train_time:786961ms step_avg:212.92ms
step:3697/4740 train_time:787145ms step_avg:212.91ms
step:3698/4740 train_time:787465ms step_avg:212.94ms
step:3699/4740 train_time:787644ms step_avg:212.93ms
step:3700/4740 train_time:787966ms step_avg:212.96ms
step:3701/4740 train_time:788151ms step_avg:212.96ms
step:3702/4740 train_time:788472ms step_avg:212.99ms
step:3703/4740 train_time:788656ms step_avg:212.98ms
step:3704/4740 train_time:788978ms step_avg:213.01ms
step:3705/4740 train_time:789162ms step_avg:213.00ms
step:3706/4740 train_time:789485ms step_avg:213.03ms
step:3707/4740 train_time:789667ms step_avg:213.02ms
step:3708/4740 train_time:789991ms step_avg:213.05ms
step:3709/4740 train_time:790173ms step_avg:213.04ms
step:3710/4740 train_time:790494ms step_avg:213.07ms
step:3711/4740 train_time:790678ms step_avg:213.06ms
step:3712/4740 train_time:790999ms step_avg:213.09ms
step:3713/4740 train_time:791180ms step_avg:213.08ms
step:3714/4740 train_time:791504ms step_avg:213.11ms
step:3715/4740 train_time:791683ms step_avg:213.10ms
step:3716/4740 train_time:792008ms step_avg:213.13ms
step:3717/4740 train_time:792189ms step_avg:213.13ms
step:3718/4740 train_time:792512ms step_avg:213.16ms
step:3719/4740 train_time:792693ms step_avg:213.15ms
step:3720/4740 train_time:793016ms step_avg:213.18ms
step:3721/4740 train_time:793198ms step_avg:213.17ms
step:3722/4740 train_time:793520ms step_avg:213.20ms
step:3723/4740 train_time:793705ms step_avg:213.19ms
step:3724/4740 train_time:794027ms step_avg:213.22ms
step:3725/4740 train_time:794209ms step_avg:213.21ms
step:3726/4740 train_time:794534ms step_avg:213.24ms
step:3727/4740 train_time:794717ms step_avg:213.23ms
step:3728/4740 train_time:795041ms step_avg:213.26ms
step:3729/4740 train_time:795219ms step_avg:213.25ms
step:3730/4740 train_time:795541ms step_avg:213.28ms
step:3731/4740 train_time:795726ms step_avg:213.27ms
step:3732/4740 train_time:796048ms step_avg:213.30ms
step:3733/4740 train_time:796231ms step_avg:213.30ms
step:3734/4740 train_time:796551ms step_avg:213.32ms
step:3735/4740 train_time:796738ms step_avg:213.32ms
step:3736/4740 train_time:797058ms step_avg:213.35ms
step:3737/4740 train_time:797242ms step_avg:213.34ms
step:3738/4740 train_time:797562ms step_avg:213.37ms
step:3739/4740 train_time:797750ms step_avg:213.36ms
step:3740/4740 train_time:798068ms step_avg:213.39ms
step:3741/4740 train_time:798252ms step_avg:213.38ms
step:3742/4740 train_time:798577ms step_avg:213.41ms
step:3743/4740 train_time:798762ms step_avg:213.40ms
step:3744/4740 train_time:799082ms step_avg:213.43ms
step:3745/4740 train_time:799264ms step_avg:213.42ms
step:3746/4740 train_time:799586ms step_avg:213.45ms
step:3747/4740 train_time:799772ms step_avg:213.44ms
step:3748/4740 train_time:800088ms step_avg:213.47ms
step:3749/4740 train_time:800272ms step_avg:213.46ms
step:3750/4740 train_time:800599ms step_avg:213.49ms
step:3750/4740 val_loss:3.0399 train_time:800723ms step_avg:213.53ms
step:3751/4740 train_time:800778ms step_avg:213.48ms
step:3752/4740 train_time:801105ms step_avg:213.51ms
step:3753/4740 train_time:801293ms step_avg:213.51ms
step:3754/4740 train_time:801609ms step_avg:213.53ms
step:3755/4740 train_time:801795ms step_avg:213.53ms
step:3756/4740 train_time:802117ms step_avg:213.56ms
step:3757/4740 train_time:802306ms step_avg:213.55ms
step:3758/4740 train_time:802627ms step_avg:213.58ms
step:3759/4740 train_time:802806ms step_avg:213.57ms
step:3760/4740 train_time:803130ms step_avg:213.60ms
step:3761/4740 train_time:803312ms step_avg:213.59ms
step:3762/4740 train_time:803629ms step_avg:213.62ms
step:3763/4740 train_time:803810ms step_avg:213.61ms
step:3764/4740 train_time:804132ms step_avg:213.64ms
step:3765/4740 train_time:804314ms step_avg:213.63ms
step:3766/4740 train_time:804637ms step_avg:213.66ms
step:3767/4740 train_time:804820ms step_avg:213.65ms
step:3768/4740 train_time:805144ms step_avg:213.68ms
step:3769/4740 train_time:805325ms step_avg:213.67ms
step:3770/4740 train_time:805649ms step_avg:213.70ms
step:3771/4740 train_time:805831ms step_avg:213.69ms
step:3772/4740 train_time:806149ms step_avg:213.72ms
step:3773/4740 train_time:806335ms step_avg:213.71ms
step:3774/4740 train_time:806654ms step_avg:213.74ms
step:3775/4740 train_time:806838ms step_avg:213.73ms
step:3776/4740 train_time:807163ms step_avg:213.76ms
step:3777/4740 train_time:807344ms step_avg:213.75ms
step:3778/4740 train_time:807665ms step_avg:213.78ms
step:3779/4740 train_time:807847ms step_avg:213.77ms
step:3780/4740 train_time:808169ms step_avg:213.80ms
step:3781/4740 train_time:808357ms step_avg:213.79ms
step:3782/4740 train_time:808672ms step_avg:213.82ms
step:3783/4740 train_time:808856ms step_avg:213.81ms
step:3784/4740 train_time:809177ms step_avg:213.84ms
step:3785/4740 train_time:809361ms step_avg:213.83ms
step:3786/4740 train_time:809681ms step_avg:213.86ms
step:3787/4740 train_time:809866ms step_avg:213.85ms
step:3788/4740 train_time:810188ms step_avg:213.88ms
step:3789/4740 train_time:810371ms step_avg:213.87ms
step:3790/4740 train_time:810695ms step_avg:213.90ms
step:3791/4740 train_time:810883ms step_avg:213.90ms
step:3792/4740 train_time:811205ms step_avg:213.93ms
step:3793/4740 train_time:811386ms step_avg:213.92ms
step:3794/4740 train_time:811706ms step_avg:213.94ms
step:3795/4740 train_time:811891ms step_avg:213.94ms
step:3796/4740 train_time:812210ms step_avg:213.96ms
step:3797/4740 train_time:812394ms step_avg:213.96ms
step:3798/4740 train_time:812716ms step_avg:213.99ms
step:3799/4740 train_time:812899ms step_avg:213.98ms
step:3800/4740 train_time:813222ms step_avg:214.01ms
step:3801/4740 train_time:813406ms step_avg:214.00ms
step:3802/4740 train_time:813730ms step_avg:214.03ms
step:3803/4740 train_time:813910ms step_avg:214.02ms
step:3804/4740 train_time:814233ms step_avg:214.05ms
step:3805/4740 train_time:814417ms step_avg:214.04ms
step:3806/4740 train_time:814739ms step_avg:214.07ms
step:3807/4740 train_time:814922ms step_avg:214.06ms
step:3808/4740 train_time:815246ms step_avg:214.09ms
step:3809/4740 train_time:815428ms step_avg:214.08ms
step:3810/4740 train_time:815750ms step_avg:214.11ms
step:3811/4740 train_time:815933ms step_avg:214.10ms
step:3812/4740 train_time:816251ms step_avg:214.13ms
step:3813/4740 train_time:816435ms step_avg:214.12ms
step:3814/4740 train_time:816760ms step_avg:214.15ms
step:3815/4740 train_time:816941ms step_avg:214.14ms
step:3816/4740 train_time:817261ms step_avg:214.17ms
step:3817/4740 train_time:817442ms step_avg:214.16ms
step:3818/4740 train_time:817765ms step_avg:214.19ms
step:3819/4740 train_time:817949ms step_avg:214.18ms
step:3820/4740 train_time:818269ms step_avg:214.21ms
step:3821/4740 train_time:818449ms step_avg:214.20ms
step:3822/4740 train_time:818771ms step_avg:214.23ms
step:3823/4740 train_time:818954ms step_avg:214.22ms
step:3824/4740 train_time:819275ms step_avg:214.25ms
step:3825/4740 train_time:819456ms step_avg:214.24ms
step:3826/4740 train_time:819778ms step_avg:214.27ms
step:3827/4740 train_time:819963ms step_avg:214.26ms
step:3828/4740 train_time:820285ms step_avg:214.29ms
step:3829/4740 train_time:820471ms step_avg:214.28ms
step:3830/4740 train_time:820790ms step_avg:214.31ms
step:3831/4740 train_time:820973ms step_avg:214.30ms
step:3832/4740 train_time:821298ms step_avg:214.33ms
step:3833/4740 train_time:821478ms step_avg:214.32ms
step:3834/4740 train_time:821799ms step_avg:214.34ms
step:3835/4740 train_time:821981ms step_avg:214.34ms
step:3836/4740 train_time:822303ms step_avg:214.36ms
step:3837/4740 train_time:822487ms step_avg:214.36ms
step:3838/4740 train_time:822808ms step_avg:214.38ms
step:3839/4740 train_time:822988ms step_avg:214.38ms
step:3840/4740 train_time:823308ms step_avg:214.40ms
step:3841/4740 train_time:823491ms step_avg:214.39ms
step:3842/4740 train_time:823813ms step_avg:214.42ms
step:3843/4740 train_time:823996ms step_avg:214.41ms
step:3844/4740 train_time:824319ms step_avg:214.44ms
step:3845/4740 train_time:824500ms step_avg:214.43ms
step:3846/4740 train_time:824820ms step_avg:214.46ms
step:3847/4740 train_time:825004ms step_avg:214.45ms
step:3848/4740 train_time:825331ms step_avg:214.48ms
step:3849/4740 train_time:825510ms step_avg:214.47ms
step:3850/4740 train_time:825832ms step_avg:214.50ms
step:3851/4740 train_time:826015ms step_avg:214.49ms
step:3852/4740 train_time:826338ms step_avg:214.52ms
step:3853/4740 train_time:826519ms step_avg:214.51ms
step:3854/4740 train_time:826840ms step_avg:214.54ms
step:3855/4740 train_time:827023ms step_avg:214.53ms
step:3856/4740 train_time:827347ms step_avg:214.56ms
step:3857/4740 train_time:827531ms step_avg:214.55ms
step:3858/4740 train_time:827849ms step_avg:214.58ms
step:3859/4740 train_time:828034ms step_avg:214.57ms
step:3860/4740 train_time:828355ms step_avg:214.60ms
step:3861/4740 train_time:828541ms step_avg:214.59ms
step:3862/4740 train_time:828861ms step_avg:214.62ms
step:3863/4740 train_time:829050ms step_avg:214.61ms
step:3864/4740 train_time:829371ms step_avg:214.64ms
step:3865/4740 train_time:829558ms step_avg:214.63ms
step:3866/4740 train_time:829878ms step_avg:214.66ms
step:3867/4740 train_time:830061ms step_avg:214.65ms
step:3868/4740 train_time:830380ms step_avg:214.68ms
step:3869/4740 train_time:830563ms step_avg:214.67ms
step:3870/4740 train_time:830883ms step_avg:214.70ms
step:3871/4740 train_time:831068ms step_avg:214.69ms
step:3872/4740 train_time:831392ms step_avg:214.72ms
step:3873/4740 train_time:831572ms step_avg:214.71ms
step:3874/4740 train_time:831895ms step_avg:214.74ms
step:3875/4740 train_time:832083ms step_avg:214.73ms
step:3876/4740 train_time:832404ms step_avg:214.76ms
step:3877/4740 train_time:832584ms step_avg:214.75ms
step:3878/4740 train_time:832908ms step_avg:214.78ms
step:3879/4740 train_time:833089ms step_avg:214.77ms
step:3880/4740 train_time:833409ms step_avg:214.80ms
step:3881/4740 train_time:833597ms step_avg:214.79ms
step:3882/4740 train_time:833918ms step_avg:214.82ms
step:3883/4740 train_time:834100ms step_avg:214.81ms
step:3884/4740 train_time:834424ms step_avg:214.84ms
step:3885/4740 train_time:834604ms step_avg:214.83ms
step:3886/4740 train_time:834927ms step_avg:214.86ms
step:3887/4740 train_time:835112ms step_avg:214.85ms
step:3888/4740 train_time:835437ms step_avg:214.88ms
step:3889/4740 train_time:835618ms step_avg:214.87ms
step:3890/4740 train_time:835938ms step_avg:214.89ms
step:3891/4740 train_time:836123ms step_avg:214.89ms
step:3892/4740 train_time:836446ms step_avg:214.91ms
step:3893/4740 train_time:836629ms step_avg:214.91ms
step:3894/4740 train_time:836949ms step_avg:214.93ms
step:3895/4740 train_time:837131ms step_avg:214.92ms
step:3896/4740 train_time:837451ms step_avg:214.95ms
step:3897/4740 train_time:837633ms step_avg:214.94ms
step:3898/4740 train_time:837955ms step_avg:214.97ms
step:3899/4740 train_time:838138ms step_avg:214.96ms
step:3900/4740 train_time:838460ms step_avg:214.99ms
step:3901/4740 train_time:838642ms step_avg:214.98ms
step:3902/4740 train_time:838968ms step_avg:215.01ms
step:3903/4740 train_time:839153ms step_avg:215.00ms
step:3904/4740 train_time:839476ms step_avg:215.03ms
step:3905/4740 train_time:839661ms step_avg:215.02ms
step:3906/4740 train_time:839983ms step_avg:215.05ms
step:3907/4740 train_time:840168ms step_avg:215.04ms
step:3908/4740 train_time:840490ms step_avg:215.07ms
step:3909/4740 train_time:840670ms step_avg:215.06ms
step:3910/4740 train_time:840991ms step_avg:215.09ms
step:3911/4740 train_time:841173ms step_avg:215.08ms
step:3912/4740 train_time:841495ms step_avg:215.11ms
step:3913/4740 train_time:841677ms step_avg:215.10ms
step:3914/4740 train_time:842001ms step_avg:215.13ms
step:3915/4740 train_time:842185ms step_avg:215.12ms
step:3916/4740 train_time:842509ms step_avg:215.15ms
step:3917/4740 train_time:842692ms step_avg:215.14ms
step:3918/4740 train_time:843015ms step_avg:215.16ms
step:3919/4740 train_time:843202ms step_avg:215.16ms
step:3920/4740 train_time:843523ms step_avg:215.18ms
step:3921/4740 train_time:843704ms step_avg:215.18ms
step:3922/4740 train_time:844029ms step_avg:215.20ms
step:3923/4740 train_time:844210ms step_avg:215.20ms
step:3924/4740 train_time:844534ms step_avg:215.22ms
step:3925/4740 train_time:844714ms step_avg:215.21ms
step:3926/4740 train_time:845037ms step_avg:215.24ms
step:3927/4740 train_time:845218ms step_avg:215.23ms
step:3928/4740 train_time:845540ms step_avg:215.26ms
step:3929/4740 train_time:845723ms step_avg:215.25ms
step:3930/4740 train_time:846047ms step_avg:215.28ms
step:3931/4740 train_time:846232ms step_avg:215.27ms
step:3932/4740 train_time:846555ms step_avg:215.30ms
step:3933/4740 train_time:846734ms step_avg:215.29ms
step:3934/4740 train_time:847056ms step_avg:215.32ms
step:3935/4740 train_time:847244ms step_avg:215.31ms
step:3936/4740 train_time:847567ms step_avg:215.34ms
step:3937/4740 train_time:847750ms step_avg:215.33ms
step:3938/4740 train_time:848071ms step_avg:215.36ms
step:3939/4740 train_time:848256ms step_avg:215.35ms
step:3940/4740 train_time:848577ms step_avg:215.37ms
step:3941/4740 train_time:848764ms step_avg:215.37ms
step:3942/4740 train_time:849086ms step_avg:215.39ms
step:3943/4740 train_time:849272ms step_avg:215.39ms
step:3944/4740 train_time:849592ms step_avg:215.41ms
step:3945/4740 train_time:849772ms step_avg:215.40ms
step:3946/4740 train_time:850099ms step_avg:215.43ms
step:3947/4740 train_time:850282ms step_avg:215.42ms
step:3948/4740 train_time:850605ms step_avg:215.45ms
step:3949/4740 train_time:850784ms step_avg:215.44ms
step:3950/4740 train_time:851107ms step_avg:215.47ms
step:3951/4740 train_time:851288ms step_avg:215.46ms
step:3952/4740 train_time:851610ms step_avg:215.49ms
step:3953/4740 train_time:851790ms step_avg:215.48ms
step:3954/4740 train_time:852113ms step_avg:215.51ms
step:3955/4740 train_time:852293ms step_avg:215.50ms
step:3956/4740 train_time:852612ms step_avg:215.52ms
step:3957/4740 train_time:852798ms step_avg:215.52ms
step:3958/4740 train_time:853123ms step_avg:215.54ms
step:3959/4740 train_time:853305ms step_avg:215.54ms
step:3960/4740 train_time:853630ms step_avg:215.56ms
step:3961/4740 train_time:853812ms step_avg:215.55ms
step:3962/4740 train_time:854131ms step_avg:215.58ms
step:3963/4740 train_time:854315ms step_avg:215.57ms
step:3964/4740 train_time:854638ms step_avg:215.60ms
step:3965/4740 train_time:854822ms step_avg:215.59ms
step:3966/4740 train_time:855143ms step_avg:215.62ms
step:3967/4740 train_time:855323ms step_avg:215.61ms
step:3968/4740 train_time:855649ms step_avg:215.64ms
step:3969/4740 train_time:855832ms step_avg:215.63ms
step:3970/4740 train_time:856152ms step_avg:215.66ms
step:3971/4740 train_time:856337ms step_avg:215.65ms
step:3972/4740 train_time:856661ms step_avg:215.68ms
step:3973/4740 train_time:856841ms step_avg:215.67ms
step:3974/4740 train_time:857161ms step_avg:215.69ms
step:3975/4740 train_time:857347ms step_avg:215.68ms
step:3976/4740 train_time:857669ms step_avg:215.71ms
step:3977/4740 train_time:857851ms step_avg:215.70ms
step:3978/4740 train_time:858171ms step_avg:215.73ms
step:3979/4740 train_time:858352ms step_avg:215.72ms
step:3980/4740 train_time:858672ms step_avg:215.75ms
step:3981/4740 train_time:858856ms step_avg:215.74ms
step:3982/4740 train_time:859174ms step_avg:215.76ms
step:3983/4740 train_time:859355ms step_avg:215.76ms
step:3984/4740 train_time:859678ms step_avg:215.78ms
step:3985/4740 train_time:859859ms step_avg:215.77ms
step:3986/4740 train_time:860180ms step_avg:215.80ms
step:3987/4740 train_time:860365ms step_avg:215.79ms
step:3988/4740 train_time:860687ms step_avg:215.82ms
step:3989/4740 train_time:860871ms step_avg:215.81ms
step:3990/4740 train_time:861192ms step_avg:215.84ms
step:3991/4740 train_time:861376ms step_avg:215.83ms
step:3992/4740 train_time:861699ms step_avg:215.86ms
step:3993/4740 train_time:861879ms step_avg:215.85ms
step:3994/4740 train_time:862204ms step_avg:215.87ms
step:3995/4740 train_time:862388ms step_avg:215.87ms
step:3996/4740 train_time:862709ms step_avg:215.89ms
step:3997/4740 train_time:862890ms step_avg:215.88ms
step:3998/4740 train_time:863212ms step_avg:215.91ms
step:3999/4740 train_time:863396ms step_avg:215.90ms
step:4000/4740 train_time:863715ms step_avg:215.93ms
step:4000/4740 val_loss:3.0085 train_time:863843ms step_avg:215.96ms
step:4001/4740 train_time:863899ms step_avg:215.92ms
step:4002/4740 train_time:864221ms step_avg:215.95ms
step:4003/4740 train_time:864409ms step_avg:215.94ms
step:4004/4740 train_time:864729ms step_avg:215.97ms
step:4005/4740 train_time:864908ms step_avg:215.96ms
step:4006/4740 train_time:865232ms step_avg:215.98ms
step:4007/4740 train_time:865421ms step_avg:215.98ms
step:4008/4740 train_time:865740ms step_avg:216.00ms
step:4009/4740 train_time:865918ms step_avg:215.99ms
step:4010/4740 train_time:866240ms step_avg:216.02ms
step:4011/4740 train_time:866428ms step_avg:216.01ms
step:4012/4740 train_time:866750ms step_avg:216.04ms
step:4013/4740 train_time:866931ms step_avg:216.03ms
step:4014/4740 train_time:867251ms step_avg:216.06ms
step:4015/4740 train_time:867438ms step_avg:216.05ms
step:4016/4740 train_time:867758ms step_avg:216.08ms
step:4017/4740 train_time:867941ms step_avg:216.07ms
step:4018/4740 train_time:868264ms step_avg:216.09ms
step:4019/4740 train_time:868446ms step_avg:216.09ms
step:4020/4740 train_time:868766ms step_avg:216.11ms
step:4021/4740 train_time:868949ms step_avg:216.10ms
step:4022/4740 train_time:869272ms step_avg:216.13ms
step:4023/4740 train_time:869453ms step_avg:216.12ms
step:4024/4740 train_time:869773ms step_avg:216.15ms
step:4025/4740 train_time:869957ms step_avg:216.14ms
step:4026/4740 train_time:870280ms step_avg:216.17ms
step:4027/4740 train_time:870460ms step_avg:216.16ms
step:4028/4740 train_time:870782ms step_avg:216.18ms
step:4029/4740 train_time:870969ms step_avg:216.17ms
step:4030/4740 train_time:871293ms step_avg:216.20ms
step:4031/4740 train_time:871476ms step_avg:216.19ms
step:4032/4740 train_time:871800ms step_avg:216.22ms
step:4033/4740 train_time:871983ms step_avg:216.21ms
step:4034/4740 train_time:872303ms step_avg:216.24ms
step:4035/4740 train_time:872486ms step_avg:216.23ms
step:4036/4740 train_time:872810ms step_avg:216.26ms
step:4037/4740 train_time:872995ms step_avg:216.25ms
step:4038/4740 train_time:873319ms step_avg:216.28ms
step:4039/4740 train_time:873502ms step_avg:216.27ms
step:4040/4740 train_time:873820ms step_avg:216.29ms
step:4041/4740 train_time:874007ms step_avg:216.28ms
step:4042/4740 train_time:874328ms step_avg:216.31ms
step:4043/4740 train_time:874511ms step_avg:216.30ms
step:4044/4740 train_time:874831ms step_avg:216.33ms
step:4045/4740 train_time:875014ms step_avg:216.32ms
step:4046/4740 train_time:875335ms step_avg:216.35ms
step:4047/4740 train_time:875521ms step_avg:216.34ms
step:4048/4740 train_time:875839ms step_avg:216.36ms
step:4049/4740 train_time:876022ms step_avg:216.36ms
step:4050/4740 train_time:876344ms step_avg:216.38ms
step:4051/4740 train_time:876526ms step_avg:216.37ms
step:4052/4740 train_time:876844ms step_avg:216.40ms
step:4053/4740 train_time:877029ms step_avg:216.39ms
step:4054/4740 train_time:877349ms step_avg:216.42ms
step:4055/4740 train_time:877532ms step_avg:216.41ms
step:4056/4740 train_time:877853ms step_avg:216.43ms
step:4057/4740 train_time:878041ms step_avg:216.43ms
step:4058/4740 train_time:878362ms step_avg:216.45ms
step:4059/4740 train_time:878548ms step_avg:216.44ms
step:4060/4740 train_time:878870ms step_avg:216.47ms
step:4061/4740 train_time:879054ms step_avg:216.46ms
step:4062/4740 train_time:879376ms step_avg:216.49ms
step:4063/4740 train_time:879559ms step_avg:216.48ms
step:4064/4740 train_time:879882ms step_avg:216.51ms
step:4065/4740 train_time:880064ms step_avg:216.50ms
step:4066/4740 train_time:880386ms step_avg:216.52ms
step:4067/4740 train_time:880565ms step_avg:216.51ms
step:4068/4740 train_time:880883ms step_avg:216.54ms
step:4069/4740 train_time:881066ms step_avg:216.53ms
step:4070/4740 train_time:881389ms step_avg:216.56ms
step:4071/4740 train_time:881573ms step_avg:216.55ms
step:4072/4740 train_time:881897ms step_avg:216.58ms
step:4073/4740 train_time:882076ms step_avg:216.57ms
step:4074/4740 train_time:882397ms step_avg:216.59ms
step:4075/4740 train_time:882581ms step_avg:216.58ms
step:4076/4740 train_time:882906ms step_avg:216.61ms
step:4077/4740 train_time:883089ms step_avg:216.60ms
step:4078/4740 train_time:883411ms step_avg:216.63ms
step:4079/4740 train_time:883594ms step_avg:216.62ms
step:4080/4740 train_time:883916ms step_avg:216.65ms
step:4081/4740 train_time:884101ms step_avg:216.64ms
step:4082/4740 train_time:884424ms step_avg:216.66ms
step:4083/4740 train_time:884603ms step_avg:216.66ms
step:4084/4740 train_time:884926ms step_avg:216.68ms
step:4085/4740 train_time:885107ms step_avg:216.67ms
step:4086/4740 train_time:885433ms step_avg:216.70ms
step:4087/4740 train_time:885614ms step_avg:216.69ms
step:4088/4740 train_time:885935ms step_avg:216.72ms
step:4089/4740 train_time:886118ms step_avg:216.71ms
step:4090/4740 train_time:886438ms step_avg:216.73ms
step:4091/4740 train_time:886622ms step_avg:216.73ms
step:4092/4740 train_time:886944ms step_avg:216.75ms
step:4093/4740 train_time:887131ms step_avg:216.74ms
step:4094/4740 train_time:887455ms step_avg:216.77ms
step:4095/4740 train_time:887638ms step_avg:216.76ms
step:4096/4740 train_time:887964ms step_avg:216.79ms
step:4097/4740 train_time:888148ms step_avg:216.78ms
step:4098/4740 train_time:888465ms step_avg:216.80ms
step:4099/4740 train_time:888646ms step_avg:216.80ms
step:4100/4740 train_time:888968ms step_avg:216.82ms
step:4101/4740 train_time:889149ms step_avg:216.81ms
step:4102/4740 train_time:889470ms step_avg:216.84ms
step:4103/4740 train_time:889651ms step_avg:216.83ms
step:4104/4740 train_time:889976ms step_avg:216.86ms
step:4105/4740 train_time:890162ms step_avg:216.85ms
step:4106/4740 train_time:890481ms step_avg:216.87ms
step:4107/4740 train_time:890662ms step_avg:216.86ms
step:4108/4740 train_time:890985ms step_avg:216.89ms
step:4109/4740 train_time:891168ms step_avg:216.88ms
step:4110/4740 train_time:891488ms step_avg:216.91ms
step:4111/4740 train_time:891670ms step_avg:216.90ms
step:4112/4740 train_time:891993ms step_avg:216.92ms
step:4113/4740 train_time:892177ms step_avg:216.92ms
step:4114/4740 train_time:892497ms step_avg:216.94ms
step:4115/4740 train_time:892681ms step_avg:216.93ms
step:4116/4740 train_time:893002ms step_avg:216.96ms
step:4117/4740 train_time:893182ms step_avg:216.95ms
step:4118/4740 train_time:893504ms step_avg:216.98ms
step:4119/4740 train_time:893690ms step_avg:216.97ms
step:4120/4740 train_time:894017ms step_avg:216.99ms
step:4121/4740 train_time:894198ms step_avg:216.99ms
step:4122/4740 train_time:894520ms step_avg:217.01ms
step:4123/4740 train_time:894702ms step_avg:217.00ms
step:4124/4740 train_time:895023ms step_avg:217.03ms
step:4125/4740 train_time:895202ms step_avg:217.02ms
step:4126/4740 train_time:895528ms step_avg:217.05ms
step:4127/4740 train_time:895709ms step_avg:217.04ms
step:4128/4740 train_time:896031ms step_avg:217.06ms
step:4129/4740 train_time:896214ms step_avg:217.05ms
step:4130/4740 train_time:896539ms step_avg:217.08ms
step:4131/4740 train_time:896722ms step_avg:217.07ms
step:4132/4740 train_time:897041ms step_avg:217.10ms
step:4133/4740 train_time:897230ms step_avg:217.09ms
step:4134/4740 train_time:897552ms step_avg:217.11ms
step:4135/4740 train_time:897737ms step_avg:217.11ms
step:4136/4740 train_time:898054ms step_avg:217.13ms
step:4137/4740 train_time:898241ms step_avg:217.12ms
step:4138/4740 train_time:898565ms step_avg:217.15ms
step:4139/4740 train_time:898746ms step_avg:217.14ms
step:4140/4740 train_time:899068ms step_avg:217.17ms
step:4141/4740 train_time:899246ms step_avg:217.16ms
step:4142/4740 train_time:899567ms step_avg:217.18ms
step:4143/4740 train_time:899751ms step_avg:217.17ms
step:4144/4740 train_time:900073ms step_avg:217.20ms
step:4145/4740 train_time:900257ms step_avg:217.19ms
step:4146/4740 train_time:900579ms step_avg:217.22ms
step:4147/4740 train_time:900759ms step_avg:217.21ms
step:4148/4740 train_time:901082ms step_avg:217.23ms
step:4149/4740 train_time:901266ms step_avg:217.22ms
step:4150/4740 train_time:901588ms step_avg:217.25ms
step:4151/4740 train_time:901772ms step_avg:217.24ms
step:4152/4740 train_time:902095ms step_avg:217.27ms
step:4153/4740 train_time:902278ms step_avg:217.26ms
step:4154/4740 train_time:902600ms step_avg:217.28ms
step:4155/4740 train_time:902784ms step_avg:217.28ms
step:4156/4740 train_time:903106ms step_avg:217.30ms
step:4157/4740 train_time:903291ms step_avg:217.29ms
step:4158/4740 train_time:903611ms step_avg:217.32ms
step:4159/4740 train_time:903792ms step_avg:217.31ms
step:4160/4740 train_time:904118ms step_avg:217.34ms
step:4161/4740 train_time:904296ms step_avg:217.33ms
step:4162/4740 train_time:904623ms step_avg:217.35ms
step:4163/4740 train_time:904809ms step_avg:217.35ms
step:4164/4740 train_time:905129ms step_avg:217.37ms
step:4165/4740 train_time:905315ms step_avg:217.36ms
step:4166/4740 train_time:905638ms step_avg:217.39ms
step:4167/4740 train_time:905823ms step_avg:217.38ms
step:4168/4740 train_time:906144ms step_avg:217.41ms
step:4169/4740 train_time:906325ms step_avg:217.40ms
step:4170/4740 train_time:906646ms step_avg:217.42ms
step:4171/4740 train_time:906829ms step_avg:217.41ms
step:4172/4740 train_time:907153ms step_avg:217.44ms
step:4173/4740 train_time:907337ms step_avg:217.43ms
step:4174/4740 train_time:907663ms step_avg:217.46ms
step:4175/4740 train_time:907845ms step_avg:217.45ms
step:4176/4740 train_time:908167ms step_avg:217.47ms
step:4177/4740 train_time:908350ms step_avg:217.46ms
step:4178/4740 train_time:908670ms step_avg:217.49ms
step:4179/4740 train_time:908854ms step_avg:217.48ms
step:4180/4740 train_time:909175ms step_avg:217.51ms
step:4181/4740 train_time:909361ms step_avg:217.50ms
step:4182/4740 train_time:909684ms step_avg:217.52ms
step:4183/4740 train_time:909865ms step_avg:217.51ms
step:4184/4740 train_time:910191ms step_avg:217.54ms
step:4185/4740 train_time:910370ms step_avg:217.53ms
step:4186/4740 train_time:910691ms step_avg:217.56ms
step:4187/4740 train_time:910872ms step_avg:217.55ms
step:4188/4740 train_time:911195ms step_avg:217.57ms
step:4189/4740 train_time:911374ms step_avg:217.56ms
step:4190/4740 train_time:911695ms step_avg:217.59ms
step:4191/4740 train_time:911876ms step_avg:217.58ms
step:4192/4740 train_time:912195ms step_avg:217.60ms
step:4193/4740 train_time:912379ms step_avg:217.60ms
step:4194/4740 train_time:912698ms step_avg:217.62ms
step:4195/4740 train_time:912880ms step_avg:217.61ms
step:4196/4740 train_time:913203ms step_avg:217.64ms
step:4197/4740 train_time:913388ms step_avg:217.63ms
step:4198/4740 train_time:913708ms step_avg:217.65ms
step:4199/4740 train_time:913892ms step_avg:217.65ms
step:4200/4740 train_time:914218ms step_avg:217.67ms
step:4201/4740 train_time:914398ms step_avg:217.66ms
step:4202/4740 train_time:914722ms step_avg:217.69ms
step:4203/4740 train_time:914904ms step_avg:217.68ms
step:4204/4740 train_time:915228ms step_avg:217.70ms
step:4205/4740 train_time:915411ms step_avg:217.70ms
step:4206/4740 train_time:915733ms step_avg:217.72ms
step:4207/4740 train_time:915917ms step_avg:217.71ms
step:4208/4740 train_time:916240ms step_avg:217.74ms
step:4209/4740 train_time:916422ms step_avg:217.73ms
step:4210/4740 train_time:916746ms step_avg:217.75ms
step:4211/4740 train_time:916926ms step_avg:217.75ms
step:4212/4740 train_time:917249ms step_avg:217.77ms
step:4213/4740 train_time:917427ms step_avg:217.76ms
step:4214/4740 train_time:917750ms step_avg:217.79ms
step:4215/4740 train_time:917932ms step_avg:217.78ms
step:4216/4740 train_time:918252ms step_avg:217.80ms
step:4217/4740 train_time:918436ms step_avg:217.79ms
step:4218/4740 train_time:918758ms step_avg:217.82ms
step:4219/4740 train_time:918947ms step_avg:217.81ms
step:4220/4740 train_time:919269ms step_avg:217.84ms
step:4221/4740 train_time:919452ms step_avg:217.83ms
step:4222/4740 train_time:919772ms step_avg:217.85ms
step:4223/4740 train_time:919956ms step_avg:217.84ms
step:4224/4740 train_time:920278ms step_avg:217.87ms
step:4225/4740 train_time:920463ms step_avg:217.86ms
step:4226/4740 train_time:920781ms step_avg:217.88ms
step:4227/4740 train_time:920963ms step_avg:217.88ms
step:4228/4740 train_time:921286ms step_avg:217.90ms
step:4229/4740 train_time:921469ms step_avg:217.89ms
step:4230/4740 train_time:921789ms step_avg:217.92ms
step:4231/4740 train_time:921972ms step_avg:217.91ms
step:4232/4740 train_time:922297ms step_avg:217.93ms
step:4233/4740 train_time:922483ms step_avg:217.93ms
step:4234/4740 train_time:922803ms step_avg:217.95ms
step:4235/4740 train_time:922983ms step_avg:217.94ms
step:4236/4740 train_time:923304ms step_avg:217.97ms
step:4237/4740 train_time:923485ms step_avg:217.96ms
step:4238/4740 train_time:923807ms step_avg:217.98ms
step:4239/4740 train_time:923990ms step_avg:217.97ms
step:4240/4740 train_time:924317ms step_avg:218.00ms
step:4241/4740 train_time:924498ms step_avg:217.99ms
step:4242/4740 train_time:924822ms step_avg:218.02ms
step:4243/4740 train_time:925000ms step_avg:218.01ms
step:4244/4740 train_time:925319ms step_avg:218.03ms
step:4245/4740 train_time:925507ms step_avg:218.02ms
step:4246/4740 train_time:925826ms step_avg:218.05ms
step:4247/4740 train_time:926012ms step_avg:218.04ms
step:4248/4740 train_time:926333ms step_avg:218.06ms
step:4249/4740 train_time:926521ms step_avg:218.06ms
step:4250/4740 train_time:926841ms step_avg:218.08ms
step:4250/4740 val_loss:2.9776 train_time:926968ms step_avg:218.11ms
step:4251/4740 train_time:927025ms step_avg:218.07ms
step:4252/4740 train_time:927357ms step_avg:218.10ms
step:4253/4740 train_time:927544ms step_avg:218.09ms
step:4254/4740 train_time:927862ms step_avg:218.12ms
step:4255/4740 train_time:928045ms step_avg:218.11ms
step:4256/4740 train_time:928367ms step_avg:218.13ms
step:4257/4740 train_time:928554ms step_avg:218.12ms
step:4258/4740 train_time:928872ms step_avg:218.15ms
step:4259/4740 train_time:929052ms step_avg:218.14ms
step:4260/4740 train_time:929377ms step_avg:218.16ms
step:4261/4740 train_time:929563ms step_avg:218.16ms
step:4262/4740 train_time:929885ms step_avg:218.18ms
step:4263/4740 train_time:930065ms step_avg:218.17ms
step:4264/4740 train_time:930387ms step_avg:218.20ms
step:4265/4740 train_time:930573ms step_avg:218.19ms
step:4266/4740 train_time:930893ms step_avg:218.21ms
step:4267/4740 train_time:931073ms step_avg:218.20ms
step:4268/4740 train_time:931395ms step_avg:218.23ms
step:4269/4740 train_time:931577ms step_avg:218.22ms
step:4270/4740 train_time:931900ms step_avg:218.24ms
step:4271/4740 train_time:932082ms step_avg:218.23ms
step:4272/4740 train_time:932406ms step_avg:218.26ms
step:4273/4740 train_time:932588ms step_avg:218.25ms
step:4274/4740 train_time:932912ms step_avg:218.28ms
step:4275/4740 train_time:933094ms step_avg:218.27ms
step:4276/4740 train_time:933420ms step_avg:218.29ms
step:4277/4740 train_time:933600ms step_avg:218.28ms
step:4278/4740 train_time:933924ms step_avg:218.31ms
step:4279/4740 train_time:934105ms step_avg:218.30ms
step:4280/4740 train_time:934428ms step_avg:218.32ms
step:4281/4740 train_time:934608ms step_avg:218.32ms
step:4282/4740 train_time:934930ms step_avg:218.34ms
step:4283/4740 train_time:935110ms step_avg:218.33ms
step:4284/4740 train_time:935433ms step_avg:218.35ms
step:4285/4740 train_time:935615ms step_avg:218.35ms
step:4286/4740 train_time:935933ms step_avg:218.37ms
step:4287/4740 train_time:936120ms step_avg:218.36ms
step:4288/4740 train_time:936440ms step_avg:218.39ms
step:4289/4740 train_time:936622ms step_avg:218.38ms
step:4290/4740 train_time:936943ms step_avg:218.40ms
step:4291/4740 train_time:937127ms step_avg:218.39ms
step:4292/4740 train_time:937451ms step_avg:218.42ms
step:4293/4740 train_time:937637ms step_avg:218.41ms
step:4294/4740 train_time:937961ms step_avg:218.44ms
step:4295/4740 train_time:938145ms step_avg:218.43ms
step:4296/4740 train_time:938468ms step_avg:218.45ms
step:4297/4740 train_time:938647ms step_avg:218.44ms
step:4298/4740 train_time:938971ms step_avg:218.47ms
step:4299/4740 train_time:939157ms step_avg:218.46ms
step:4300/4740 train_time:939484ms step_avg:218.48ms
step:4301/4740 train_time:939666ms step_avg:218.48ms
step:4302/4740 train_time:939988ms step_avg:218.50ms
step:4303/4740 train_time:940167ms step_avg:218.49ms
step:4304/4740 train_time:940490ms step_avg:218.52ms
step:4305/4740 train_time:940674ms step_avg:218.51ms
step:4306/4740 train_time:941000ms step_avg:218.53ms
step:4307/4740 train_time:941181ms step_avg:218.52ms
step:4308/4740 train_time:941501ms step_avg:218.55ms
step:4309/4740 train_time:941685ms step_avg:218.54ms
step:4310/4740 train_time:942005ms step_avg:218.56ms
step:4311/4740 train_time:942185ms step_avg:218.55ms
step:4312/4740 train_time:942510ms step_avg:218.58ms
step:4313/4740 train_time:942695ms step_avg:218.57ms
step:4314/4740 train_time:943015ms step_avg:218.59ms
step:4315/4740 train_time:943196ms step_avg:218.59ms
step:4316/4740 train_time:943520ms step_avg:218.61ms
step:4317/4740 train_time:943705ms step_avg:218.60ms
step:4318/4740 train_time:944025ms step_avg:218.63ms
step:4319/4740 train_time:944208ms step_avg:218.62ms
step:4320/4740 train_time:944533ms step_avg:218.64ms
step:4321/4740 train_time:944715ms step_avg:218.63ms
step:4322/4740 train_time:945036ms step_avg:218.66ms
step:4323/4740 train_time:945223ms step_avg:218.65ms
step:4324/4740 train_time:945545ms step_avg:218.67ms
step:4325/4740 train_time:945728ms step_avg:218.67ms
step:4326/4740 train_time:946050ms step_avg:218.69ms
step:4327/4740 train_time:946234ms step_avg:218.68ms
step:4328/4740 train_time:946555ms step_avg:218.70ms
step:4329/4740 train_time:946734ms step_avg:218.70ms
step:4330/4740 train_time:947053ms step_avg:218.72ms
step:4331/4740 train_time:947235ms step_avg:218.71ms
step:4332/4740 train_time:947555ms step_avg:218.73ms
step:4333/4740 train_time:947738ms step_avg:218.73ms
step:4334/4740 train_time:948058ms step_avg:218.75ms
step:4335/4740 train_time:948246ms step_avg:218.74ms
step:4336/4740 train_time:948567ms step_avg:218.77ms
step:4337/4740 train_time:948750ms step_avg:218.76ms
step:4338/4740 train_time:949074ms step_avg:218.78ms
step:4339/4740 train_time:949258ms step_avg:218.77ms
step:4340/4740 train_time:949577ms step_avg:218.80ms
step:4341/4740 train_time:949763ms step_avg:218.79ms
step:4342/4740 train_time:950087ms step_avg:218.81ms
step:4343/4740 train_time:950265ms step_avg:218.80ms
step:4344/4740 train_time:950586ms step_avg:218.83ms
step:4345/4740 train_time:950765ms step_avg:218.82ms
step:4346/4740 train_time:951085ms step_avg:218.84ms
step:4347/4740 train_time:951273ms step_avg:218.83ms
step:4348/4740 train_time:951595ms step_avg:218.86ms
step:4349/4740 train_time:951777ms step_avg:218.85ms
step:4350/4740 train_time:952101ms step_avg:218.87ms
step:4351/4740 train_time:952283ms step_avg:218.87ms
step:4352/4740 train_time:952605ms step_avg:218.89ms
step:4353/4740 train_time:952783ms step_avg:218.88ms
step:4354/4740 train_time:953108ms step_avg:218.90ms
step:4355/4740 train_time:953289ms step_avg:218.90ms
step:4356/4740 train_time:953611ms step_avg:218.92ms
step:4357/4740 train_time:953797ms step_avg:218.91ms
step:4358/4740 train_time:954120ms step_avg:218.94ms
step:4359/4740 train_time:954308ms step_avg:218.93ms
step:4360/4740 train_time:954628ms step_avg:218.95ms
step:4361/4740 train_time:954813ms step_avg:218.94ms
step:4362/4740 train_time:955135ms step_avg:218.97ms
step:4363/4740 train_time:955317ms step_avg:218.96ms
step:4364/4740 train_time:955645ms step_avg:218.98ms
step:4365/4740 train_time:955823ms step_avg:218.97ms
step:4366/4740 train_time:956146ms step_avg:219.00ms
step:4367/4740 train_time:956329ms step_avg:218.99ms
step:4368/4740 train_time:956652ms step_avg:219.01ms
step:4369/4740 train_time:956835ms step_avg:219.01ms
step:4370/4740 train_time:957154ms step_avg:219.03ms
step:4371/4740 train_time:957334ms step_avg:219.02ms
step:4372/4740 train_time:957656ms step_avg:219.04ms
step:4373/4740 train_time:957840ms step_avg:219.03ms
step:4374/4740 train_time:958162ms step_avg:219.06ms
step:4375/4740 train_time:958343ms step_avg:219.05ms
step:4376/4740 train_time:958668ms step_avg:219.07ms
step:4377/4740 train_time:958854ms step_avg:219.07ms
step:4378/4740 train_time:959172ms step_avg:219.09ms
step:4379/4740 train_time:959361ms step_avg:219.08ms
step:4380/4740 train_time:959684ms step_avg:219.11ms
step:4381/4740 train_time:959867ms step_avg:219.10ms
step:4382/4740 train_time:960187ms step_avg:219.12ms
step:4383/4740 train_time:960370ms step_avg:219.11ms
step:4384/4740 train_time:960691ms step_avg:219.14ms
step:4385/4740 train_time:960874ms step_avg:219.13ms
step:4386/4740 train_time:961197ms step_avg:219.15ms
step:4387/4740 train_time:961380ms step_avg:219.14ms
step:4388/4740 train_time:961706ms step_avg:219.17ms
step:4389/4740 train_time:961883ms step_avg:219.16ms
step:4390/4740 train_time:962208ms step_avg:219.18ms
step:4391/4740 train_time:962389ms step_avg:219.17ms
step:4392/4740 train_time:962715ms step_avg:219.20ms
step:4393/4740 train_time:962898ms step_avg:219.19ms
step:4394/4740 train_time:963218ms step_avg:219.21ms
step:4395/4740 train_time:963399ms step_avg:219.20ms
step:4396/4740 train_time:963724ms step_avg:219.23ms
step:4397/4740 train_time:963906ms step_avg:219.22ms
step:4398/4740 train_time:964229ms step_avg:219.24ms
step:4399/4740 train_time:964406ms step_avg:219.23ms
step:4400/4740 train_time:964732ms step_avg:219.26ms
step:4401/4740 train_time:964914ms step_avg:219.25ms
step:4402/4740 train_time:965237ms step_avg:219.27ms
step:4403/4740 train_time:965418ms step_avg:219.26ms
step:4404/4740 train_time:965746ms step_avg:219.29ms
step:4405/4740 train_time:965928ms step_avg:219.28ms
step:4406/4740 train_time:966249ms step_avg:219.30ms
step:4407/4740 train_time:966432ms step_avg:219.29ms
step:4408/4740 train_time:966756ms step_avg:219.32ms
step:4409/4740 train_time:966940ms step_avg:219.31ms
step:4410/4740 train_time:967260ms step_avg:219.33ms
step:4411/4740 train_time:967441ms step_avg:219.32ms
step:4412/4740 train_time:967764ms step_avg:219.35ms
step:4413/4740 train_time:967945ms step_avg:219.34ms
step:4414/4740 train_time:968269ms step_avg:219.36ms
step:4415/4740 train_time:968445ms step_avg:219.35ms
step:4416/4740 train_time:968767ms step_avg:219.38ms
step:4417/4740 train_time:968954ms step_avg:219.37ms
step:4418/4740 train_time:969274ms step_avg:219.39ms
step:4419/4740 train_time:969455ms step_avg:219.38ms
step:4420/4740 train_time:969779ms step_avg:219.41ms
step:4421/4740 train_time:969961ms step_avg:219.40ms
step:4422/4740 train_time:970284ms step_avg:219.42ms
step:4423/4740 train_time:970467ms step_avg:219.41ms
step:4424/4740 train_time:970789ms step_avg:219.44ms
step:4425/4740 train_time:970972ms step_avg:219.43ms
step:4426/4740 train_time:971294ms step_avg:219.45ms
step:4427/4740 train_time:971476ms step_avg:219.44ms
step:4428/4740 train_time:971802ms step_avg:219.47ms
step:4429/4740 train_time:971982ms step_avg:219.46ms
step:4430/4740 train_time:972305ms step_avg:219.48ms
step:4431/4740 train_time:972487ms step_avg:219.47ms
step:4432/4740 train_time:972809ms step_avg:219.50ms
step:4433/4740 train_time:972990ms step_avg:219.49ms
step:4434/4740 train_time:973309ms step_avg:219.51ms
step:4435/4740 train_time:973496ms step_avg:219.50ms
step:4436/4740 train_time:973819ms step_avg:219.53ms
step:4437/4740 train_time:974005ms step_avg:219.52ms
step:4438/4740 train_time:974327ms step_avg:219.54ms
step:4439/4740 train_time:974508ms step_avg:219.53ms
step:4440/4740 train_time:974831ms step_avg:219.56ms
step:4441/4740 train_time:975014ms step_avg:219.55ms
step:4442/4740 train_time:975336ms step_avg:219.57ms
step:4443/4740 train_time:975517ms step_avg:219.56ms
step:4444/4740 train_time:975833ms step_avg:219.58ms
step:4445/4740 train_time:976019ms step_avg:219.58ms
step:4446/4740 train_time:976341ms step_avg:219.60ms
step:4447/4740 train_time:976526ms step_avg:219.59ms
step:4448/4740 train_time:976846ms step_avg:219.61ms
step:4449/4740 train_time:977030ms step_avg:219.61ms
step:4450/4740 train_time:977353ms step_avg:219.63ms
step:4451/4740 train_time:977536ms step_avg:219.62ms
step:4452/4740 train_time:977858ms step_avg:219.64ms
step:4453/4740 train_time:978040ms step_avg:219.64ms
step:4454/4740 train_time:978364ms step_avg:219.66ms
step:4455/4740 train_time:978546ms step_avg:219.65ms
step:4456/4740 train_time:978868ms step_avg:219.67ms
step:4457/4740 train_time:979050ms step_avg:219.67ms
step:4458/4740 train_time:979374ms step_avg:219.69ms
step:4459/4740 train_time:979553ms step_avg:219.68ms
step:4460/4740 train_time:979879ms step_avg:219.70ms
step:4461/4740 train_time:980062ms step_avg:219.70ms
step:4462/4740 train_time:980385ms step_avg:219.72ms
step:4463/4740 train_time:980569ms step_avg:219.71ms
step:4464/4740 train_time:980891ms step_avg:219.73ms
step:4465/4740 train_time:981073ms step_avg:219.73ms
step:4466/4740 train_time:981396ms step_avg:219.75ms
step:4467/4740 train_time:981580ms step_avg:219.74ms
step:4468/4740 train_time:981904ms step_avg:219.76ms
step:4469/4740 train_time:982088ms step_avg:219.76ms
step:4470/4740 train_time:982413ms step_avg:219.78ms
step:4471/4740 train_time:982595ms step_avg:219.77ms
step:4472/4740 train_time:982916ms step_avg:219.79ms
step:4473/4740 train_time:983104ms step_avg:219.79ms
step:4474/4740 train_time:983426ms step_avg:219.81ms
step:4475/4740 train_time:983609ms step_avg:219.80ms
step:4476/4740 train_time:983933ms step_avg:219.82ms
step:4477/4740 train_time:984115ms step_avg:219.82ms
step:4478/4740 train_time:984437ms step_avg:219.84ms
step:4479/4740 train_time:984620ms step_avg:219.83ms
step:4480/4740 train_time:984944ms step_avg:219.85ms
step:4481/4740 train_time:985124ms step_avg:219.84ms
step:4482/4740 train_time:985447ms step_avg:219.87ms
step:4483/4740 train_time:985626ms step_avg:219.86ms
step:4484/4740 train_time:985949ms step_avg:219.88ms
step:4485/4740 train_time:986128ms step_avg:219.87ms
step:4486/4740 train_time:986450ms step_avg:219.90ms
step:4487/4740 train_time:986631ms step_avg:219.89ms
step:4488/4740 train_time:986953ms step_avg:219.91ms
step:4489/4740 train_time:987135ms step_avg:219.90ms
step:4490/4740 train_time:987453ms step_avg:219.92ms
step:4491/4740 train_time:987640ms step_avg:219.92ms
step:4492/4740 train_time:987963ms step_avg:219.94ms
step:4493/4740 train_time:988148ms step_avg:219.93ms
step:4494/4740 train_time:988471ms step_avg:219.95ms
step:4495/4740 train_time:988652ms step_avg:219.94ms
step:4496/4740 train_time:988975ms step_avg:219.97ms
step:4497/4740 train_time:989157ms step_avg:219.96ms
step:4498/4740 train_time:989481ms step_avg:219.98ms
step:4499/4740 train_time:989662ms step_avg:219.97ms
step:4500/4740 train_time:989985ms step_avg:220.00ms
step:4500/4740 val_loss:2.9499 train_time:990116ms step_avg:220.03ms
step:4501/4740 train_time:990172ms step_avg:219.99ms
step:4502/4740 train_time:990499ms step_avg:220.01ms
step:4503/4740 train_time:990685ms step_avg:220.01ms
step:4504/4740 train_time:991005ms step_avg:220.03ms
step:4505/4740 train_time:991188ms step_avg:220.02ms
step:4506/4740 train_time:991513ms step_avg:220.04ms
step:4507/4740 train_time:991703ms step_avg:220.04ms
step:4508/4740 train_time:992022ms step_avg:220.06ms
step:4509/4740 train_time:992202ms step_avg:220.05ms
step:4510/4740 train_time:992526ms step_avg:220.07ms
step:4511/4740 train_time:992713ms step_avg:220.06ms
step:4512/4740 train_time:993034ms step_avg:220.09ms
step:4513/4740 train_time:993215ms step_avg:220.08ms
step:4514/4740 train_time:993541ms step_avg:220.10ms
step:4515/4740 train_time:993721ms step_avg:220.09ms
step:4516/4740 train_time:994044ms step_avg:220.12ms
step:4517/4740 train_time:994224ms step_avg:220.11ms
step:4518/4740 train_time:994550ms step_avg:220.13ms
step:4519/4740 train_time:994734ms step_avg:220.12ms
step:4520/4740 train_time:995052ms step_avg:220.14ms
step:4521/4740 train_time:995237ms step_avg:220.14ms
step:4522/4740 train_time:995560ms step_avg:220.16ms
step:4523/4740 train_time:995745ms step_avg:220.15ms
step:4524/4740 train_time:996067ms step_avg:220.17ms
step:4525/4740 train_time:996249ms step_avg:220.17ms
step:4526/4740 train_time:996570ms step_avg:220.19ms
step:4527/4740 train_time:996754ms step_avg:220.18ms
step:4528/4740 train_time:997075ms step_avg:220.20ms
step:4529/4740 train_time:997260ms step_avg:220.19ms
step:4530/4740 train_time:997582ms step_avg:220.22ms
step:4531/4740 train_time:997765ms step_avg:220.21ms
step:4532/4740 train_time:998088ms step_avg:220.23ms
step:4533/4740 train_time:998272ms step_avg:220.22ms
step:4534/4740 train_time:998595ms step_avg:220.25ms
step:4535/4740 train_time:998775ms step_avg:220.24ms
step:4536/4740 train_time:999100ms step_avg:220.26ms
step:4537/4740 train_time:999283ms step_avg:220.25ms
step:4538/4740 train_time:999610ms step_avg:220.28ms
step:4539/4740 train_time:999791ms step_avg:220.27ms
step:4540/4740 train_time:1000120ms step_avg:220.29ms
step:4541/4740 train_time:1000299ms step_avg:220.28ms
step:4542/4740 train_time:1000623ms step_avg:220.30ms
step:4543/4740 train_time:1000805ms step_avg:220.30ms
step:4544/4740 train_time:1001130ms step_avg:220.32ms
step:4545/4740 train_time:1001313ms step_avg:220.31ms
step:4546/4740 train_time:1001633ms step_avg:220.33ms
step:4547/4740 train_time:1001820ms step_avg:220.33ms
step:4548/4740 train_time:1002140ms step_avg:220.35ms
step:4549/4740 train_time:1002327ms step_avg:220.34ms
step:4550/4740 train_time:1002647ms step_avg:220.36ms
step:4551/4740 train_time:1002833ms step_avg:220.35ms
step:4552/4740 train_time:1003156ms step_avg:220.38ms
step:4553/4740 train_time:1003336ms step_avg:220.37ms
step:4554/4740 train_time:1003660ms step_avg:220.39ms
step:4555/4740 train_time:1003842ms step_avg:220.38ms
step:4556/4740 train_time:1004169ms step_avg:220.41ms
step:4557/4740 train_time:1004350ms step_avg:220.40ms
step:4558/4740 train_time:1004668ms step_avg:220.42ms
step:4559/4740 train_time:1004857ms step_avg:220.41ms
step:4560/4740 train_time:1005181ms step_avg:220.43ms
step:4561/4740 train_time:1005362ms step_avg:220.43ms
step:4562/4740 train_time:1005683ms step_avg:220.45ms
step:4563/4740 train_time:1005867ms step_avg:220.44ms
step:4564/4740 train_time:1006198ms step_avg:220.46ms
step:4565/4740 train_time:1006381ms step_avg:220.46ms
step:4566/4740 train_time:1006699ms step_avg:220.48ms
step:4567/4740 train_time:1006883ms step_avg:220.47ms
step:4568/4740 train_time:1007205ms step_avg:220.49ms
step:4569/4740 train_time:1007388ms step_avg:220.48ms
step:4570/4740 train_time:1007711ms step_avg:220.51ms
step:4571/4740 train_time:1007896ms step_avg:220.50ms
step:4572/4740 train_time:1008218ms step_avg:220.52ms
step:4573/4740 train_time:1008398ms step_avg:220.51ms
step:4574/4740 train_time:1008716ms step_avg:220.53ms
step:4575/4740 train_time:1008896ms step_avg:220.52ms
step:4576/4740 train_time:1009222ms step_avg:220.55ms
step:4577/4740 train_time:1009400ms step_avg:220.54ms
step:4578/4740 train_time:1009721ms step_avg:220.56ms
step:4579/4740 train_time:1009905ms step_avg:220.55ms
step:4580/4740 train_time:1010231ms step_avg:220.57ms
step:4581/4740 train_time:1010415ms step_avg:220.57ms
step:4582/4740 train_time:1010733ms step_avg:220.59ms
step:4583/4740 train_time:1010919ms step_avg:220.58ms
step:4584/4740 train_time:1011241ms step_avg:220.60ms
step:4585/4740 train_time:1011422ms step_avg:220.59ms
step:4586/4740 train_time:1011743ms step_avg:220.62ms
step:4587/4740 train_time:1011924ms step_avg:220.61ms
step:4588/4740 train_time:1012248ms step_avg:220.63ms
step:4589/4740 train_time:1012433ms step_avg:220.62ms
step:4590/4740 train_time:1012755ms step_avg:220.64ms
step:4591/4740 train_time:1012938ms step_avg:220.64ms
step:4592/4740 train_time:1013265ms step_avg:220.66ms
step:4593/4740 train_time:1013450ms step_avg:220.65ms
step:4594/4740 train_time:1013772ms step_avg:220.67ms
step:4595/4740 train_time:1013955ms step_avg:220.66ms
step:4596/4740 train_time:1014279ms step_avg:220.69ms
step:4597/4740 train_time:1014463ms step_avg:220.68ms
step:4598/4740 train_time:1014786ms step_avg:220.70ms
step:4599/4740 train_time:1014970ms step_avg:220.69ms
step:4600/4740 train_time:1015293ms step_avg:220.72ms
step:4601/4740 train_time:1015474ms step_avg:220.71ms
step:4602/4740 train_time:1015798ms step_avg:220.73ms
step:4603/4740 train_time:1015979ms step_avg:220.72ms
step:4604/4740 train_time:1016302ms step_avg:220.74ms
step:4605/4740 train_time:1016480ms step_avg:220.73ms
step:4606/4740 train_time:1016801ms step_avg:220.76ms
step:4607/4740 train_time:1016982ms step_avg:220.75ms
step:4608/4740 train_time:1017304ms step_avg:220.77ms
step:4609/4740 train_time:1017486ms step_avg:220.76ms
step:4610/4740 train_time:1017809ms step_avg:220.78ms
step:4611/4740 train_time:1017989ms step_avg:220.77ms
step:4612/4740 train_time:1018310ms step_avg:220.80ms
step:4613/4740 train_time:1018493ms step_avg:220.79ms
step:4614/4740 train_time:1018819ms step_avg:220.81ms
step:4615/4740 train_time:1018996ms step_avg:220.80ms
step:4616/4740 train_time:1019317ms step_avg:220.82ms
step:4617/4740 train_time:1019502ms step_avg:220.81ms
step:4618/4740 train_time:1019828ms step_avg:220.84ms
step:4619/4740 train_time:1020010ms step_avg:220.83ms
step:4620/4740 train_time:1020332ms step_avg:220.85ms
step:4621/4740 train_time:1020513ms step_avg:220.84ms
step:4622/4740 train_time:1020835ms step_avg:220.86ms
step:4623/4740 train_time:1021024ms step_avg:220.86ms
step:4624/4740 train_time:1021345ms step_avg:220.88ms
step:4625/4740 train_time:1021527ms step_avg:220.87ms
step:4626/4740 train_time:1021850ms step_avg:220.89ms
step:4627/4740 train_time:1022038ms step_avg:220.89ms
step:4628/4740 train_time:1022361ms step_avg:220.91ms
step:4629/4740 train_time:1022539ms step_avg:220.90ms
step:4630/4740 train_time:1022861ms step_avg:220.92ms
step:4631/4740 train_time:1023047ms step_avg:220.91ms
step:4632/4740 train_time:1023368ms step_avg:220.93ms
step:4633/4740 train_time:1023552ms step_avg:220.93ms
step:4634/4740 train_time:1023875ms step_avg:220.95ms
step:4635/4740 train_time:1024058ms step_avg:220.94ms
step:4636/4740 train_time:1024379ms step_avg:220.96ms
step:4637/4740 train_time:1024563ms step_avg:220.95ms
step:4638/4740 train_time:1024880ms step_avg:220.97ms
step:4639/4740 train_time:1025065ms step_avg:220.97ms
step:4640/4740 train_time:1025388ms step_avg:220.99ms
step:4641/4740 train_time:1025570ms step_avg:220.98ms
step:4642/4740 train_time:1025890ms step_avg:221.00ms
step:4643/4740 train_time:1026072ms step_avg:220.99ms
step:4644/4740 train_time:1026391ms step_avg:221.01ms
step:4645/4740 train_time:1026577ms step_avg:221.01ms
step:4646/4740 train_time:1026898ms step_avg:221.03ms
step:4647/4740 train_time:1027079ms step_avg:221.02ms
step:4648/4740 train_time:1027399ms step_avg:221.04ms
step:4649/4740 train_time:1027583ms step_avg:221.03ms
step:4650/4740 train_time:1027906ms step_avg:221.05ms
step:4651/4740 train_time:1028091ms step_avg:221.05ms
step:4652/4740 train_time:1028415ms step_avg:221.07ms
step:4653/4740 train_time:1028598ms step_avg:221.06ms
step:4654/4740 train_time:1028918ms step_avg:221.08ms
step:4655/4740 train_time:1029102ms step_avg:221.07ms
step:4656/4740 train_time:1029426ms step_avg:221.10ms
step:4657/4740 train_time:1029614ms step_avg:221.09ms
step:4658/4740 train_time:1029937ms step_avg:221.11ms
step:4659/4740 train_time:1030119ms step_avg:221.10ms
step:4660/4740 train_time:1030436ms step_avg:221.12ms
step:4661/4740 train_time:1030620ms step_avg:221.12ms
step:4662/4740 train_time:1030940ms step_avg:221.14ms
step:4663/4740 train_time:1031121ms step_avg:221.13ms
step:4664/4740 train_time:1031443ms step_avg:221.15ms
step:4665/4740 train_time:1031626ms step_avg:221.14ms
step:4666/4740 train_time:1031945ms step_avg:221.16ms
step:4667/4740 train_time:1032126ms step_avg:221.15ms
step:4668/4740 train_time:1032453ms step_avg:221.18ms
step:4669/4740 train_time:1032631ms step_avg:221.17ms
step:4670/4740 train_time:1032955ms step_avg:221.19ms
step:4671/4740 train_time:1033134ms step_avg:221.18ms
step:4672/4740 train_time:1033456ms step_avg:221.20ms
step:4673/4740 train_time:1033640ms step_avg:221.19ms
step:4674/4740 train_time:1033964ms step_avg:221.22ms
step:4675/4740 train_time:1034146ms step_avg:221.21ms
step:4676/4740 train_time:1034469ms step_avg:221.23ms
step:4677/4740 train_time:1034649ms step_avg:221.22ms
step:4678/4740 train_time:1034971ms step_avg:221.24ms
step:4679/4740 train_time:1035152ms step_avg:221.23ms
step:4680/4740 train_time:1035477ms step_avg:221.26ms
step:4681/4740 train_time:1035656ms step_avg:221.25ms
step:4682/4740 train_time:1035981ms step_avg:221.27ms
step:4683/4740 train_time:1036166ms step_avg:221.26ms
step:4684/4740 train_time:1036486ms step_avg:221.28ms
step:4685/4740 train_time:1036669ms step_avg:221.27ms
step:4686/4740 train_time:1036992ms step_avg:221.30ms
step:4687/4740 train_time:1037183ms step_avg:221.29ms
step:4688/4740 train_time:1037506ms step_avg:221.31ms
step:4689/4740 train_time:1037686ms step_avg:221.30ms
step:4690/4740 train_time:1038009ms step_avg:221.32ms
step:4691/4740 train_time:1038192ms step_avg:221.32ms
step:4692/4740 train_time:1038514ms step_avg:221.34ms
step:4693/4740 train_time:1038695ms step_avg:221.33ms
step:4694/4740 train_time:1039019ms step_avg:221.35ms
step:4695/4740 train_time:1039200ms step_avg:221.34ms
step:4696/4740 train_time:1039524ms step_avg:221.36ms
step:4697/4740 train_time:1039704ms step_avg:221.35ms
step:4698/4740 train_time:1040025ms step_avg:221.38ms
step:4699/4740 train_time:1040206ms step_avg:221.37ms
step:4700/4740 train_time:1040526ms step_avg:221.39ms
step:4701/4740 train_time:1040712ms step_avg:221.38ms
step:4702/4740 train_time:1041032ms step_avg:221.40ms
step:4703/4740 train_time:1041220ms step_avg:221.39ms
step:4704/4740 train_time:1041542ms step_avg:221.42ms
step:4705/4740 train_time:1041725ms step_avg:221.41ms
step:4706/4740 train_time:1042051ms step_avg:221.43ms
step:4707/4740 train_time:1042235ms step_avg:221.42ms
step:4708/4740 train_time:1042557ms step_avg:221.44ms
step:4709/4740 train_time:1042739ms step_avg:221.44ms
step:4710/4740 train_time:1043065ms step_avg:221.46ms
step:4711/4740 train_time:1043245ms step_avg:221.45ms
step:4712/4740 train_time:1043566ms step_avg:221.47ms
step:4713/4740 train_time:1043749ms step_avg:221.46ms
step:4714/4740 train_time:1044072ms step_avg:221.48ms
step:4715/4740 train_time:1044254ms step_avg:221.47ms
step:4716/4740 train_time:1044578ms step_avg:221.50ms
step:4717/4740 train_time:1044757ms step_avg:221.49ms
step:4718/4740 train_time:1045083ms step_avg:221.51ms
step:4719/4740 train_time:1045265ms step_avg:221.50ms
step:4720/4740 train_time:1045591ms step_avg:221.52ms
step:4721/4740 train_time:1045770ms step_avg:221.51ms
step:4722/4740 train_time:1046094ms step_avg:221.54ms
step:4723/4740 train_time:1046282ms step_avg:221.53ms
step:4724/4740 train_time:1046605ms step_avg:221.55ms
step:4725/4740 train_time:1046787ms step_avg:221.54ms
step:4726/4740 train_time:1047108ms step_avg:221.56ms
step:4727/4740 train_time:1047290ms step_avg:221.55ms
step:4728/4740 train_time:1047612ms step_avg:221.58ms
step:4729/4740 train_time:1047797ms step_avg:221.57ms
step:4730/4740 train_time:1048120ms step_avg:221.59ms
step:4731/4740 train_time:1048302ms step_avg:221.58ms
step:4732/4740 train_time:1048627ms step_avg:221.60ms
step:4733/4740 train_time:1048812ms step_avg:221.60ms
step:4734/4740 train_time:1049136ms step_avg:221.62ms
step:4735/4740 train_time:1049314ms step_avg:221.61ms
step:4736/4740 train_time:1049637ms step_avg:221.63ms
step:4737/4740 train_time:1049821ms step_avg:221.62ms
step:4738/4740 train_time:1050139ms step_avg:221.64ms
step:4739/4740 train_time:1050325ms step_avg:221.63ms
step:4740/4740 train_time:1050651ms step_avg:221.66ms
step:4740/4740 val_loss:2.9282 train_time:1050776ms step_avg:221.68ms
peak memory allocated: 57397 MiB reserved: 61872 MiB
