W0325 09:39:03.729000 624983 torch/distributed/run.py:852] 
W0325 09:39:03.729000 624983 torch/distributed/run.py:852] *****************************************
W0325 09:39:03.729000 624983 torch/distributed/run.py:852] Setting OMP_NUM_THREADS environment variable for each process to be 1 in default, to avoid your system being overloaded, please further tune the variable for optimal performance in your application as needed. 
W0325 09:39:03.729000 624983 torch/distributed/run.py:852] *****************************************
Fetching 4 files:   0%|          | 0/4 [00:00<?, ?it/s]Fetching 4 files: 100%|██████████| 4/4 [00:00<00:00, 68478.43it/s]
Fetching 4 files:   0%|          | 0/4 [00:00<?, ?it/s]Fetching 4 files: 100%|██████████| 4/4 [00:00<00:00, 55188.21it/s]
Fetching 4 files:   0%|          | 0/4 [00:00<?, ?it/s]Fetching 4 files: 100%|██████████| 4/4 [00:00<00:00, 13797.05it/s]
Fetching 4 files:   0%|          | 0/4 [00:00<?, ?it/s]Fetching 4 files: 100%|██████████| 4/4 [00:00<00:00, 15477.14it/s]
Fetching 4 files:   0%|          | 0/4 [00:00<?, ?it/s]Fetching 4 files: 100%|██████████| 4/4 [00:00<00:00, 11343.62it/s]
Fetching 4 files:   0%|          | 0/4 [00:00<?, ?it/s]Fetching 4 files: 100%|██████████| 4/4 [00:00<00:00, 13831.18it/s]
Fetching 4 files:   0%|          | 0/4 [00:00<?, ?it/s]Fetching 4 files:   0%|          | 0/4 [00:00<?, ?it/s]Fetching 4 files: 100%|██████████| 4/4 [00:00<00:00, 68200.07it/s]
Fetching 4 files: 100%|██████████| 4/4 [00:00<00:00, 16008.79it/s]
logs/sweep_muon0.010_stretch2.5_peak3.0.txt
74
Compiling model and warming up kernels (~7 minutes on first execution)
Sampling steps [0, 1, 391, 392, 393, 783, 784, 785, 1174, 1175, 1176, 1566, 1567, 1568, 1958, 1959, 1960, 2349, 2350, 2351, 2741, 2742, 2743, 3133, 3134, 3135] for warmup
Resetting Model
step:0/4740 val_loss:10.8311 train_time:1ms step_avg:0.60ms
step:1/4740 train_time:89ms step_avg:88.99ms
step:2/4740 train_time:157ms step_avg:78.70ms
step:3/4740 train_time:215ms step_avg:71.76ms
step:4/4740 train_time:302ms step_avg:75.39ms
step:5/4740 train_time:360ms step_avg:72.02ms
step:6/4740 train_time:446ms step_avg:74.28ms
step:7/4740 train_time:505ms step_avg:72.08ms
step:8/4740 train_time:590ms step_avg:73.78ms
step:9/4740 train_time:649ms step_avg:72.15ms
step:10/4740 train_time:735ms step_avg:73.49ms
step:11/4740 train_time:794ms step_avg:72.15ms
step:12/4740 train_time:880ms step_avg:73.33ms
step:13/4740 train_time:939ms step_avg:72.20ms
step:14/4740 train_time:1026ms step_avg:73.26ms
step:15/4740 train_time:1086ms step_avg:72.39ms
step:16/4740 train_time:1172ms step_avg:73.24ms
step:17/4740 train_time:1233ms step_avg:72.51ms
step:18/4740 train_time:1319ms step_avg:73.29ms
step:19/4740 train_time:1379ms step_avg:72.57ms
step:20/4740 train_time:1466ms step_avg:73.28ms
step:21/4740 train_time:1524ms step_avg:72.58ms
step:22/4740 train_time:1611ms step_avg:73.21ms
step:23/4740 train_time:1669ms step_avg:72.58ms
step:24/4740 train_time:1755ms step_avg:73.13ms
step:25/4740 train_time:1815ms step_avg:72.58ms
step:26/4740 train_time:1902ms step_avg:73.14ms
step:27/4740 train_time:1960ms step_avg:72.59ms
step:28/4740 train_time:2047ms step_avg:73.12ms
step:29/4740 train_time:2106ms step_avg:72.63ms
step:30/4740 train_time:2193ms step_avg:73.11ms
step:31/4740 train_time:2253ms step_avg:72.67ms
step:32/4740 train_time:2340ms step_avg:73.13ms
step:33/4740 train_time:2400ms step_avg:72.72ms
step:34/4740 train_time:2487ms step_avg:73.14ms
step:35/4740 train_time:2546ms step_avg:72.74ms
step:36/4740 train_time:2632ms step_avg:73.12ms
step:37/4740 train_time:2691ms step_avg:72.74ms
step:38/4740 train_time:2778ms step_avg:73.10ms
step:39/4740 train_time:2838ms step_avg:72.76ms
step:40/4740 train_time:2924ms step_avg:73.10ms
step:41/4740 train_time:2983ms step_avg:72.75ms
step:42/4740 train_time:3070ms step_avg:73.10ms
step:43/4740 train_time:3129ms step_avg:72.77ms
step:44/4740 train_time:3216ms step_avg:73.09ms
step:45/4740 train_time:3276ms step_avg:72.79ms
step:46/4740 train_time:3363ms step_avg:73.11ms
step:47/4740 train_time:3422ms step_avg:72.81ms
step:48/4740 train_time:3508ms step_avg:73.08ms
step:49/4740 train_time:3568ms step_avg:72.82ms
step:50/4740 train_time:3655ms step_avg:73.09ms
step:51/4740 train_time:3714ms step_avg:72.83ms
step:52/4740 train_time:3801ms step_avg:73.10ms
step:53/4740 train_time:3861ms step_avg:72.84ms
step:54/4740 train_time:3948ms step_avg:73.10ms
step:55/4740 train_time:4007ms step_avg:72.85ms
step:56/4740 train_time:4092ms step_avg:73.07ms
step:57/4740 train_time:4151ms step_avg:72.83ms
step:58/4740 train_time:4238ms step_avg:73.07ms
step:59/4740 train_time:4297ms step_avg:72.83ms
step:60/4740 train_time:4384ms step_avg:73.06ms
step:61/4740 train_time:4443ms step_avg:72.84ms
step:62/4740 train_time:4530ms step_avg:73.07ms
step:63/4740 train_time:4590ms step_avg:72.85ms
step:64/4740 train_time:4676ms step_avg:73.07ms
step:65/4740 train_time:4736ms step_avg:72.87ms
step:66/4740 train_time:4823ms step_avg:73.07ms
step:67/4740 train_time:4883ms step_avg:72.87ms
step:68/4740 train_time:4970ms step_avg:73.09ms
step:69/4740 train_time:5030ms step_avg:72.89ms
step:70/4740 train_time:5116ms step_avg:73.09ms
step:71/4740 train_time:5176ms step_avg:72.90ms
step:72/4740 train_time:5263ms step_avg:73.10ms
step:73/4740 train_time:5322ms step_avg:72.90ms
step:74/4740 train_time:5408ms step_avg:73.08ms
step:75/4740 train_time:5467ms step_avg:72.89ms
step:76/4740 train_time:5554ms step_avg:73.08ms
step:77/4740 train_time:5614ms step_avg:72.91ms
step:78/4740 train_time:5701ms step_avg:73.09ms
step:79/4740 train_time:5759ms step_avg:72.90ms
step:80/4740 train_time:5847ms step_avg:73.09ms
step:81/4740 train_time:5906ms step_avg:72.91ms
step:82/4740 train_time:5992ms step_avg:73.07ms
step:83/4740 train_time:6052ms step_avg:72.91ms
step:84/4740 train_time:6139ms step_avg:73.08ms
step:85/4740 train_time:6198ms step_avg:72.92ms
step:86/4740 train_time:6286ms step_avg:73.09ms
step:87/4740 train_time:6344ms step_avg:72.92ms
step:88/4740 train_time:6431ms step_avg:73.07ms
step:89/4740 train_time:6490ms step_avg:72.92ms
step:90/4740 train_time:6576ms step_avg:73.07ms
step:91/4740 train_time:6635ms step_avg:72.91ms
step:92/4740 train_time:6722ms step_avg:73.06ms
step:93/4740 train_time:6781ms step_avg:72.91ms
step:94/4740 train_time:6867ms step_avg:73.05ms
step:95/4740 train_time:6926ms step_avg:72.91ms
step:96/4740 train_time:7012ms step_avg:73.04ms
step:97/4740 train_time:7071ms step_avg:72.90ms
step:98/4740 train_time:7158ms step_avg:73.04ms
step:99/4740 train_time:7219ms step_avg:72.91ms
step:100/4740 train_time:7306ms step_avg:73.06ms
step:101/4740 train_time:7365ms step_avg:72.93ms
step:102/4740 train_time:7452ms step_avg:73.06ms
step:103/4740 train_time:7512ms step_avg:72.93ms
step:104/4740 train_time:7599ms step_avg:73.06ms
step:105/4740 train_time:7658ms step_avg:72.93ms
step:106/4740 train_time:7744ms step_avg:73.06ms
step:107/4740 train_time:7804ms step_avg:72.93ms
step:108/4740 train_time:7890ms step_avg:73.06ms
step:109/4740 train_time:7949ms step_avg:72.93ms
step:110/4740 train_time:8036ms step_avg:73.06ms
step:111/4740 train_time:8095ms step_avg:72.93ms
step:112/4740 train_time:8182ms step_avg:73.05ms
step:113/4740 train_time:8241ms step_avg:72.93ms
step:114/4740 train_time:8328ms step_avg:73.06ms
step:115/4740 train_time:8388ms step_avg:72.94ms
step:116/4740 train_time:8474ms step_avg:73.05ms
step:117/4740 train_time:8533ms step_avg:72.93ms
step:118/4740 train_time:8620ms step_avg:73.05ms
step:119/4740 train_time:8680ms step_avg:72.94ms
step:120/4740 train_time:8767ms step_avg:73.06ms
step:121/4740 train_time:8826ms step_avg:72.95ms
step:122/4740 train_time:8913ms step_avg:73.06ms
step:123/4740 train_time:8973ms step_avg:72.95ms
step:124/4740 train_time:9060ms step_avg:73.06ms
step:125/4740 train_time:9119ms step_avg:72.95ms
step:126/4740 train_time:9206ms step_avg:73.06ms
step:127/4740 train_time:9266ms step_avg:72.96ms
step:128/4740 train_time:9352ms step_avg:73.06ms
step:129/4740 train_time:9412ms step_avg:72.96ms
step:130/4740 train_time:9498ms step_avg:73.06ms
step:131/4740 train_time:9558ms step_avg:72.96ms
step:132/4740 train_time:9645ms step_avg:73.07ms
step:133/4740 train_time:9704ms step_avg:72.96ms
step:134/4740 train_time:9790ms step_avg:73.06ms
step:135/4740 train_time:9849ms step_avg:72.96ms
step:136/4740 train_time:9936ms step_avg:73.06ms
step:137/4740 train_time:9996ms step_avg:72.96ms
step:138/4740 train_time:10082ms step_avg:73.06ms
step:139/4740 train_time:10141ms step_avg:72.96ms
step:140/4740 train_time:10228ms step_avg:73.06ms
step:141/4740 train_time:10287ms step_avg:72.96ms
step:142/4740 train_time:10374ms step_avg:73.06ms
step:143/4740 train_time:10433ms step_avg:72.96ms
step:144/4740 train_time:10520ms step_avg:73.06ms
step:145/4740 train_time:10580ms step_avg:72.97ms
step:146/4740 train_time:10667ms step_avg:73.06ms
step:147/4740 train_time:10726ms step_avg:72.97ms
step:148/4740 train_time:10813ms step_avg:73.06ms
step:149/4740 train_time:10872ms step_avg:72.97ms
step:150/4740 train_time:10959ms step_avg:73.06ms
step:151/4740 train_time:11018ms step_avg:72.97ms
step:152/4740 train_time:11105ms step_avg:73.06ms
step:153/4740 train_time:11164ms step_avg:72.97ms
step:154/4740 train_time:11250ms step_avg:73.05ms
step:155/4740 train_time:11309ms step_avg:72.96ms
step:156/4740 train_time:11395ms step_avg:73.05ms
step:157/4740 train_time:11455ms step_avg:72.96ms
step:158/4740 train_time:11541ms step_avg:73.05ms
step:159/4740 train_time:11600ms step_avg:72.96ms
step:160/4740 train_time:11687ms step_avg:73.05ms
step:161/4740 train_time:11746ms step_avg:72.96ms
step:162/4740 train_time:11833ms step_avg:73.04ms
step:163/4740 train_time:11892ms step_avg:72.96ms
step:164/4740 train_time:11979ms step_avg:73.04ms
step:165/4740 train_time:12037ms step_avg:72.95ms
step:166/4740 train_time:12125ms step_avg:73.05ms
step:167/4740 train_time:12185ms step_avg:72.96ms
step:168/4740 train_time:12271ms step_avg:73.04ms
step:169/4740 train_time:12331ms step_avg:72.96ms
step:170/4740 train_time:12416ms step_avg:73.04ms
step:171/4740 train_time:12475ms step_avg:72.95ms
step:172/4740 train_time:12563ms step_avg:73.04ms
step:173/4740 train_time:12622ms step_avg:72.96ms
step:174/4740 train_time:12708ms step_avg:73.04ms
step:175/4740 train_time:12768ms step_avg:72.96ms
step:176/4740 train_time:12854ms step_avg:73.04ms
step:177/4740 train_time:12914ms step_avg:72.96ms
step:178/4740 train_time:13000ms step_avg:73.03ms
step:179/4740 train_time:13060ms step_avg:72.96ms
step:180/4740 train_time:13147ms step_avg:73.04ms
step:181/4740 train_time:13206ms step_avg:72.96ms
step:182/4740 train_time:13292ms step_avg:73.03ms
step:183/4740 train_time:13352ms step_avg:72.96ms
step:184/4740 train_time:13438ms step_avg:73.03ms
step:185/4740 train_time:13497ms step_avg:72.96ms
step:186/4740 train_time:13584ms step_avg:73.03ms
step:187/4740 train_time:13643ms step_avg:72.96ms
step:188/4740 train_time:13730ms step_avg:73.03ms
step:189/4740 train_time:13789ms step_avg:72.96ms
step:190/4740 train_time:13875ms step_avg:73.03ms
step:191/4740 train_time:13934ms step_avg:72.95ms
step:192/4740 train_time:14022ms step_avg:73.03ms
step:193/4740 train_time:14080ms step_avg:72.96ms
step:194/4740 train_time:14167ms step_avg:73.03ms
step:195/4740 train_time:14227ms step_avg:72.96ms
step:196/4740 train_time:14314ms step_avg:73.03ms
step:197/4740 train_time:14373ms step_avg:72.96ms
step:198/4740 train_time:14459ms step_avg:73.03ms
step:199/4740 train_time:14519ms step_avg:72.96ms
step:200/4740 train_time:14606ms step_avg:73.03ms
step:201/4740 train_time:14666ms step_avg:72.96ms
step:202/4740 train_time:14752ms step_avg:73.03ms
step:203/4740 train_time:14812ms step_avg:72.97ms
step:204/4740 train_time:14898ms step_avg:73.03ms
step:205/4740 train_time:14957ms step_avg:72.96ms
step:206/4740 train_time:15044ms step_avg:73.03ms
step:207/4740 train_time:15104ms step_avg:72.96ms
step:208/4740 train_time:15190ms step_avg:73.03ms
step:209/4740 train_time:15250ms step_avg:72.97ms
step:210/4740 train_time:15336ms step_avg:73.03ms
step:211/4740 train_time:15395ms step_avg:72.96ms
step:212/4740 train_time:15481ms step_avg:73.02ms
step:213/4740 train_time:15540ms step_avg:72.96ms
step:214/4740 train_time:15626ms step_avg:73.02ms
step:215/4740 train_time:15684ms step_avg:72.95ms
step:216/4740 train_time:15771ms step_avg:73.01ms
step:217/4740 train_time:15830ms step_avg:72.95ms
step:218/4740 train_time:15917ms step_avg:73.01ms
step:219/4740 train_time:15976ms step_avg:72.95ms
step:220/4740 train_time:16063ms step_avg:73.01ms
step:221/4740 train_time:16122ms step_avg:72.95ms
step:222/4740 train_time:16208ms step_avg:73.01ms
step:223/4740 train_time:16266ms step_avg:72.94ms
step:224/4740 train_time:16352ms step_avg:73.00ms
step:225/4740 train_time:16411ms step_avg:72.94ms
step:226/4740 train_time:16498ms step_avg:73.00ms
step:227/4740 train_time:16557ms step_avg:72.94ms
step:228/4740 train_time:16643ms step_avg:72.99ms
step:229/4740 train_time:16702ms step_avg:72.93ms
step:230/4740 train_time:16788ms step_avg:72.99ms
step:231/4740 train_time:16847ms step_avg:72.93ms
step:232/4740 train_time:16934ms step_avg:72.99ms
step:233/4740 train_time:16994ms step_avg:72.93ms
step:234/4740 train_time:17081ms step_avg:73.00ms
step:235/4740 train_time:17141ms step_avg:72.94ms
step:236/4740 train_time:17228ms step_avg:73.00ms
step:237/4740 train_time:17288ms step_avg:72.95ms
step:238/4740 train_time:17374ms step_avg:73.00ms
step:239/4740 train_time:17434ms step_avg:72.95ms
step:240/4740 train_time:17521ms step_avg:73.00ms
step:241/4740 train_time:17580ms step_avg:72.95ms
step:242/4740 train_time:17667ms step_avg:73.00ms
step:243/4740 train_time:17727ms step_avg:72.95ms
step:244/4740 train_time:17812ms step_avg:73.00ms
step:245/4740 train_time:17871ms step_avg:72.94ms
step:246/4740 train_time:17957ms step_avg:73.00ms
step:247/4740 train_time:18017ms step_avg:72.94ms
step:248/4740 train_time:18103ms step_avg:73.00ms
step:249/4740 train_time:18163ms step_avg:72.94ms
step:250/4740 train_time:18249ms step_avg:73.00ms
step:250/4740 val_loss:4.5350 train_time:18294ms step_avg:73.18ms
step:251/4740 train_time:18323ms step_avg:73.00ms
step:252/4740 train_time:18396ms step_avg:73.00ms
step:253/4740 train_time:18454ms step_avg:72.94ms
step:254/4740 train_time:18541ms step_avg:73.00ms
step:255/4740 train_time:18602ms step_avg:72.95ms
step:256/4740 train_time:18690ms step_avg:73.01ms
step:257/4740 train_time:18750ms step_avg:72.96ms
step:258/4740 train_time:18836ms step_avg:73.01ms
step:259/4740 train_time:18895ms step_avg:72.96ms
step:260/4740 train_time:18981ms step_avg:73.00ms
step:261/4740 train_time:19040ms step_avg:72.95ms
step:262/4740 train_time:19126ms step_avg:73.00ms
step:263/4740 train_time:19184ms step_avg:72.94ms
step:264/4740 train_time:19270ms step_avg:72.99ms
step:265/4740 train_time:19329ms step_avg:72.94ms
step:266/4740 train_time:19416ms step_avg:72.99ms
step:267/4740 train_time:19475ms step_avg:72.94ms
step:268/4740 train_time:19560ms step_avg:72.99ms
step:269/4740 train_time:19620ms step_avg:72.94ms
step:270/4740 train_time:19706ms step_avg:72.99ms
step:271/4740 train_time:19765ms step_avg:72.93ms
step:272/4740 train_time:19853ms step_avg:72.99ms
step:273/4740 train_time:19912ms step_avg:72.94ms
step:274/4740 train_time:19999ms step_avg:72.99ms
step:275/4740 train_time:20058ms step_avg:72.94ms
step:276/4740 train_time:20144ms step_avg:72.99ms
step:277/4740 train_time:20203ms step_avg:72.94ms
step:278/4740 train_time:20290ms step_avg:72.99ms
step:279/4740 train_time:20350ms step_avg:72.94ms
step:280/4740 train_time:20436ms step_avg:72.98ms
step:281/4740 train_time:20495ms step_avg:72.94ms
step:282/4740 train_time:20581ms step_avg:72.98ms
step:283/4740 train_time:20640ms step_avg:72.93ms
step:284/4740 train_time:20726ms step_avg:72.98ms
step:285/4740 train_time:20786ms step_avg:72.93ms
step:286/4740 train_time:20872ms step_avg:72.98ms
step:287/4740 train_time:20932ms step_avg:72.93ms
step:288/4740 train_time:21018ms step_avg:72.98ms
step:289/4740 train_time:21079ms step_avg:72.94ms
step:290/4740 train_time:21165ms step_avg:72.98ms
step:291/4740 train_time:21224ms step_avg:72.94ms
step:292/4740 train_time:21311ms step_avg:72.98ms
step:293/4740 train_time:21370ms step_avg:72.94ms
step:294/4740 train_time:21457ms step_avg:72.98ms
step:295/4740 train_time:21518ms step_avg:72.94ms
step:296/4740 train_time:21605ms step_avg:72.99ms
step:297/4740 train_time:21664ms step_avg:72.94ms
step:298/4740 train_time:21750ms step_avg:72.99ms
step:299/4740 train_time:21810ms step_avg:72.94ms
step:300/4740 train_time:21896ms step_avg:72.99ms
step:301/4740 train_time:21956ms step_avg:72.94ms
step:302/4740 train_time:22042ms step_avg:72.99ms
step:303/4740 train_time:22101ms step_avg:72.94ms
step:304/4740 train_time:22187ms step_avg:72.99ms
step:305/4740 train_time:22247ms step_avg:72.94ms
step:306/4740 train_time:22334ms step_avg:72.99ms
step:307/4740 train_time:22393ms step_avg:72.94ms
step:308/4740 train_time:22479ms step_avg:72.98ms
step:309/4740 train_time:22538ms step_avg:72.94ms
step:310/4740 train_time:22625ms step_avg:72.98ms
step:311/4740 train_time:22685ms step_avg:72.94ms
step:312/4740 train_time:22771ms step_avg:72.98ms
step:313/4740 train_time:22831ms step_avg:72.94ms
step:314/4740 train_time:22916ms step_avg:72.98ms
step:315/4740 train_time:22976ms step_avg:72.94ms
step:316/4740 train_time:23062ms step_avg:72.98ms
step:317/4740 train_time:23121ms step_avg:72.94ms
step:318/4740 train_time:23207ms step_avg:72.98ms
step:319/4740 train_time:23266ms step_avg:72.93ms
step:320/4740 train_time:23353ms step_avg:72.98ms
step:321/4740 train_time:23412ms step_avg:72.93ms
step:322/4740 train_time:23498ms step_avg:72.97ms
step:323/4740 train_time:23557ms step_avg:72.93ms
step:324/4740 train_time:23644ms step_avg:72.98ms
step:325/4740 train_time:23704ms step_avg:72.93ms
step:326/4740 train_time:23790ms step_avg:72.98ms
step:327/4740 train_time:23850ms step_avg:72.93ms
step:328/4740 train_time:23935ms step_avg:72.97ms
step:329/4740 train_time:23994ms step_avg:72.93ms
step:330/4740 train_time:24080ms step_avg:72.97ms
step:331/4740 train_time:24139ms step_avg:72.93ms
step:332/4740 train_time:24224ms step_avg:72.96ms
step:333/4740 train_time:24284ms step_avg:72.92ms
step:334/4740 train_time:24371ms step_avg:72.97ms
step:335/4740 train_time:24430ms step_avg:72.93ms
step:336/4740 train_time:24517ms step_avg:72.97ms
step:337/4740 train_time:24576ms step_avg:72.93ms
step:338/4740 train_time:24663ms step_avg:72.97ms
step:339/4740 train_time:24722ms step_avg:72.93ms
step:340/4740 train_time:24809ms step_avg:72.97ms
step:341/4740 train_time:24868ms step_avg:72.93ms
step:342/4740 train_time:24954ms step_avg:72.96ms
step:343/4740 train_time:25014ms step_avg:72.93ms
step:344/4740 train_time:25100ms step_avg:72.97ms
step:345/4740 train_time:25160ms step_avg:72.93ms
step:346/4740 train_time:25246ms step_avg:72.96ms
step:347/4740 train_time:25306ms step_avg:72.93ms
step:348/4740 train_time:25391ms step_avg:72.96ms
step:349/4740 train_time:25451ms step_avg:72.93ms
step:350/4740 train_time:25537ms step_avg:72.96ms
step:351/4740 train_time:25596ms step_avg:72.92ms
step:352/4740 train_time:25682ms step_avg:72.96ms
step:353/4740 train_time:25741ms step_avg:72.92ms
step:354/4740 train_time:25829ms step_avg:72.96ms
step:355/4740 train_time:25888ms step_avg:72.92ms
step:356/4740 train_time:25975ms step_avg:72.96ms
step:357/4740 train_time:26034ms step_avg:72.92ms
step:358/4740 train_time:26120ms step_avg:72.96ms
step:359/4740 train_time:26179ms step_avg:72.92ms
step:360/4740 train_time:26265ms step_avg:72.96ms
step:361/4740 train_time:26324ms step_avg:72.92ms
step:362/4740 train_time:26411ms step_avg:72.96ms
step:363/4740 train_time:26469ms step_avg:72.92ms
step:364/4740 train_time:26556ms step_avg:72.96ms
step:365/4740 train_time:26616ms step_avg:72.92ms
step:366/4740 train_time:26702ms step_avg:72.96ms
step:367/4740 train_time:26761ms step_avg:72.92ms
step:368/4740 train_time:26848ms step_avg:72.96ms
step:369/4740 train_time:26907ms step_avg:72.92ms
step:370/4740 train_time:26993ms step_avg:72.95ms
step:371/4740 train_time:27052ms step_avg:72.92ms
step:372/4740 train_time:27138ms step_avg:72.95ms
step:373/4740 train_time:27198ms step_avg:72.92ms
step:374/4740 train_time:27284ms step_avg:72.95ms
step:375/4740 train_time:27342ms step_avg:72.91ms
step:376/4740 train_time:27429ms step_avg:72.95ms
step:377/4740 train_time:27488ms step_avg:72.91ms
step:378/4740 train_time:27574ms step_avg:72.95ms
step:379/4740 train_time:27633ms step_avg:72.91ms
step:380/4740 train_time:27718ms step_avg:72.94ms
step:381/4740 train_time:27777ms step_avg:72.91ms
step:382/4740 train_time:27864ms step_avg:72.94ms
step:383/4740 train_time:27923ms step_avg:72.91ms
step:384/4740 train_time:28010ms step_avg:72.94ms
step:385/4740 train_time:28069ms step_avg:72.91ms
step:386/4740 train_time:28155ms step_avg:72.94ms
step:387/4740 train_time:28214ms step_avg:72.90ms
step:388/4740 train_time:28300ms step_avg:72.94ms
step:389/4740 train_time:28359ms step_avg:72.90ms
step:390/4740 train_time:28445ms step_avg:72.94ms
step:391/4740 train_time:28504ms step_avg:72.90ms
step:392/4740 train_time:28591ms step_avg:72.94ms
step:393/4740 train_time:28664ms step_avg:72.94ms
step:394/4740 train_time:28824ms step_avg:73.16ms
step:395/4740 train_time:28924ms step_avg:73.23ms
step:396/4740 train_time:29083ms step_avg:73.44ms
step:397/4740 train_time:29184ms step_avg:73.51ms
step:398/4740 train_time:29344ms step_avg:73.73ms
step:399/4740 train_time:29445ms step_avg:73.80ms
step:400/4740 train_time:29604ms step_avg:74.01ms
step:401/4740 train_time:29704ms step_avg:74.07ms
step:402/4740 train_time:29862ms step_avg:74.28ms
step:403/4740 train_time:29964ms step_avg:74.35ms
step:404/4740 train_time:30123ms step_avg:74.56ms
step:405/4740 train_time:30225ms step_avg:74.63ms
step:406/4740 train_time:30384ms step_avg:74.84ms
step:407/4740 train_time:30485ms step_avg:74.90ms
step:408/4740 train_time:30644ms step_avg:75.11ms
step:409/4740 train_time:30745ms step_avg:75.17ms
step:410/4740 train_time:30904ms step_avg:75.38ms
step:411/4740 train_time:31004ms step_avg:75.44ms
step:412/4740 train_time:31165ms step_avg:75.64ms
step:413/4740 train_time:31266ms step_avg:75.71ms
step:414/4740 train_time:31425ms step_avg:75.91ms
step:415/4740 train_time:31525ms step_avg:75.96ms
step:416/4740 train_time:31684ms step_avg:76.16ms
step:417/4740 train_time:31783ms step_avg:76.22ms
step:418/4740 train_time:31943ms step_avg:76.42ms
step:419/4740 train_time:32044ms step_avg:76.48ms
step:420/4740 train_time:32205ms step_avg:76.68ms
step:421/4740 train_time:32307ms step_avg:76.74ms
step:422/4740 train_time:32466ms step_avg:76.93ms
step:423/4740 train_time:32567ms step_avg:76.99ms
step:424/4740 train_time:32726ms step_avg:77.19ms
step:425/4740 train_time:32826ms step_avg:77.24ms
step:426/4740 train_time:32987ms step_avg:77.43ms
step:427/4740 train_time:33089ms step_avg:77.49ms
step:428/4740 train_time:33248ms step_avg:77.68ms
step:429/4740 train_time:33349ms step_avg:77.74ms
step:430/4740 train_time:33507ms step_avg:77.92ms
step:431/4740 train_time:33607ms step_avg:77.97ms
step:432/4740 train_time:33767ms step_avg:78.16ms
step:433/4740 train_time:33867ms step_avg:78.22ms
step:434/4740 train_time:34027ms step_avg:78.40ms
step:435/4740 train_time:34128ms step_avg:78.45ms
step:436/4740 train_time:34287ms step_avg:78.64ms
step:437/4740 train_time:34388ms step_avg:78.69ms
step:438/4740 train_time:34546ms step_avg:78.87ms
step:439/4740 train_time:34647ms step_avg:78.92ms
step:440/4740 train_time:34806ms step_avg:79.11ms
step:441/4740 train_time:34907ms step_avg:79.15ms
step:442/4740 train_time:35067ms step_avg:79.34ms
step:443/4740 train_time:35169ms step_avg:79.39ms
step:444/4740 train_time:35329ms step_avg:79.57ms
step:445/4740 train_time:35428ms step_avg:79.61ms
step:446/4740 train_time:35589ms step_avg:79.79ms
step:447/4740 train_time:35689ms step_avg:79.84ms
step:448/4740 train_time:35847ms step_avg:80.02ms
step:449/4740 train_time:35948ms step_avg:80.06ms
step:450/4740 train_time:36108ms step_avg:80.24ms
step:451/4740 train_time:36208ms step_avg:80.28ms
step:452/4740 train_time:36368ms step_avg:80.46ms
step:453/4740 train_time:36468ms step_avg:80.50ms
step:454/4740 train_time:36627ms step_avg:80.68ms
step:455/4740 train_time:36728ms step_avg:80.72ms
step:456/4740 train_time:36888ms step_avg:80.89ms
step:457/4740 train_time:36989ms step_avg:80.94ms
step:458/4740 train_time:37147ms step_avg:81.11ms
step:459/4740 train_time:37248ms step_avg:81.15ms
step:460/4740 train_time:37407ms step_avg:81.32ms
step:461/4740 train_time:37508ms step_avg:81.36ms
step:462/4740 train_time:37668ms step_avg:81.53ms
step:463/4740 train_time:37767ms step_avg:81.57ms
step:464/4740 train_time:37928ms step_avg:81.74ms
step:465/4740 train_time:38029ms step_avg:81.78ms
step:466/4740 train_time:38188ms step_avg:81.95ms
step:467/4740 train_time:38289ms step_avg:81.99ms
step:468/4740 train_time:38448ms step_avg:82.15ms
step:469/4740 train_time:38549ms step_avg:82.19ms
step:470/4740 train_time:38708ms step_avg:82.36ms
step:471/4740 train_time:38808ms step_avg:82.39ms
step:472/4740 train_time:38968ms step_avg:82.56ms
step:473/4740 train_time:39068ms step_avg:82.60ms
step:474/4740 train_time:39227ms step_avg:82.76ms
step:475/4740 train_time:39328ms step_avg:82.80ms
step:476/4740 train_time:39488ms step_avg:82.96ms
step:477/4740 train_time:39587ms step_avg:82.99ms
step:478/4740 train_time:39746ms step_avg:83.15ms
step:479/4740 train_time:39848ms step_avg:83.19ms
step:480/4740 train_time:40007ms step_avg:83.35ms
step:481/4740 train_time:40108ms step_avg:83.38ms
step:482/4740 train_time:40267ms step_avg:83.54ms
step:483/4740 train_time:40368ms step_avg:83.58ms
step:484/4740 train_time:40529ms step_avg:83.74ms
step:485/4740 train_time:40628ms step_avg:83.77ms
step:486/4740 train_time:40788ms step_avg:83.93ms
step:487/4740 train_time:40888ms step_avg:83.96ms
step:488/4740 train_time:41048ms step_avg:84.11ms
step:489/4740 train_time:41149ms step_avg:84.15ms
step:490/4740 train_time:41308ms step_avg:84.30ms
step:491/4740 train_time:41409ms step_avg:84.34ms
step:492/4740 train_time:41568ms step_avg:84.49ms
step:493/4740 train_time:41668ms step_avg:84.52ms
step:494/4740 train_time:41828ms step_avg:84.67ms
step:495/4740 train_time:41928ms step_avg:84.70ms
step:496/4740 train_time:42087ms step_avg:84.85ms
step:497/4740 train_time:42188ms step_avg:84.89ms
step:498/4740 train_time:42347ms step_avg:85.03ms
step:499/4740 train_time:42448ms step_avg:85.07ms
step:500/4740 train_time:42606ms step_avg:85.21ms
step:500/4740 val_loss:3.9674 train_time:42678ms step_avg:85.36ms
step:501/4740 train_time:42711ms step_avg:85.25ms
step:502/4740 train_time:42868ms step_avg:85.39ms
step:503/4740 train_time:42972ms step_avg:85.43ms
step:504/4740 train_time:43135ms step_avg:85.59ms
step:505/4740 train_time:43233ms step_avg:85.61ms
step:506/4740 train_time:43392ms step_avg:85.76ms
step:507/4740 train_time:43492ms step_avg:85.78ms
step:508/4740 train_time:43651ms step_avg:85.93ms
step:509/4740 train_time:43752ms step_avg:85.96ms
step:510/4740 train_time:43912ms step_avg:86.10ms
step:511/4740 train_time:44019ms step_avg:86.14ms
step:512/4740 train_time:44178ms step_avg:86.29ms
step:513/4740 train_time:44278ms step_avg:86.31ms
step:514/4740 train_time:44437ms step_avg:86.45ms
step:515/4740 train_time:44536ms step_avg:86.48ms
step:516/4740 train_time:44694ms step_avg:86.62ms
step:517/4740 train_time:44794ms step_avg:86.64ms
step:518/4740 train_time:44956ms step_avg:86.79ms
step:519/4740 train_time:45058ms step_avg:86.82ms
step:520/4740 train_time:45218ms step_avg:86.96ms
step:521/4740 train_time:45319ms step_avg:86.98ms
step:522/4740 train_time:45477ms step_avg:87.12ms
step:523/4740 train_time:45576ms step_avg:87.14ms
step:524/4740 train_time:45735ms step_avg:87.28ms
step:525/4740 train_time:45837ms step_avg:87.31ms
step:526/4740 train_time:45997ms step_avg:87.45ms
step:527/4740 train_time:46099ms step_avg:87.47ms
step:528/4740 train_time:46258ms step_avg:87.61ms
step:529/4740 train_time:46358ms step_avg:87.63ms
step:530/4740 train_time:46517ms step_avg:87.77ms
step:531/4740 train_time:46618ms step_avg:87.79ms
step:532/4740 train_time:46777ms step_avg:87.93ms
step:533/4740 train_time:46877ms step_avg:87.95ms
step:534/4740 train_time:47038ms step_avg:88.09ms
step:535/4740 train_time:47139ms step_avg:88.11ms
step:536/4740 train_time:47297ms step_avg:88.24ms
step:537/4740 train_time:47399ms step_avg:88.27ms
step:538/4740 train_time:47557ms step_avg:88.40ms
step:539/4740 train_time:47658ms step_avg:88.42ms
step:540/4740 train_time:47816ms step_avg:88.55ms
step:541/4740 train_time:47916ms step_avg:88.57ms
step:542/4740 train_time:48076ms step_avg:88.70ms
step:543/4740 train_time:48176ms step_avg:88.72ms
step:544/4740 train_time:48336ms step_avg:88.85ms
step:545/4740 train_time:48436ms step_avg:88.87ms
step:546/4740 train_time:48595ms step_avg:89.00ms
step:547/4740 train_time:48696ms step_avg:89.02ms
step:548/4740 train_time:48856ms step_avg:89.15ms
step:549/4740 train_time:48958ms step_avg:89.18ms
step:550/4740 train_time:49117ms step_avg:89.30ms
step:551/4740 train_time:49217ms step_avg:89.32ms
step:552/4740 train_time:49377ms step_avg:89.45ms
step:553/4740 train_time:49478ms step_avg:89.47ms
step:554/4740 train_time:49637ms step_avg:89.60ms
step:555/4740 train_time:49736ms step_avg:89.61ms
step:556/4740 train_time:49895ms step_avg:89.74ms
step:557/4740 train_time:49997ms step_avg:89.76ms
step:558/4740 train_time:50156ms step_avg:89.89ms
step:559/4740 train_time:50258ms step_avg:89.91ms
step:560/4740 train_time:50418ms step_avg:90.03ms
step:561/4740 train_time:50517ms step_avg:90.05ms
step:562/4740 train_time:50677ms step_avg:90.17ms
step:563/4740 train_time:50777ms step_avg:90.19ms
step:564/4740 train_time:50936ms step_avg:90.31ms
step:565/4740 train_time:51038ms step_avg:90.33ms
step:566/4740 train_time:51197ms step_avg:90.45ms
step:567/4740 train_time:51299ms step_avg:90.47ms
step:568/4740 train_time:51456ms step_avg:90.59ms
step:569/4740 train_time:51557ms step_avg:90.61ms
step:570/4740 train_time:51716ms step_avg:90.73ms
step:571/4740 train_time:51817ms step_avg:90.75ms
step:572/4740 train_time:51976ms step_avg:90.87ms
step:573/4740 train_time:52077ms step_avg:90.88ms
step:574/4740 train_time:52237ms step_avg:91.00ms
step:575/4740 train_time:52338ms step_avg:91.02ms
step:576/4740 train_time:52496ms step_avg:91.14ms
step:577/4740 train_time:52598ms step_avg:91.16ms
step:578/4740 train_time:52757ms step_avg:91.27ms
step:579/4740 train_time:52858ms step_avg:91.29ms
step:580/4740 train_time:53017ms step_avg:91.41ms
step:581/4740 train_time:53117ms step_avg:91.42ms
step:582/4740 train_time:53277ms step_avg:91.54ms
step:583/4740 train_time:53377ms step_avg:91.56ms
step:584/4740 train_time:53537ms step_avg:91.67ms
step:585/4740 train_time:53637ms step_avg:91.69ms
step:586/4740 train_time:53796ms step_avg:91.80ms
step:587/4740 train_time:53896ms step_avg:91.82ms
step:588/4740 train_time:54055ms step_avg:91.93ms
step:589/4740 train_time:54156ms step_avg:91.95ms
step:590/4740 train_time:54316ms step_avg:92.06ms
step:591/4740 train_time:54418ms step_avg:92.08ms
step:592/4740 train_time:54577ms step_avg:92.19ms
step:593/4740 train_time:54678ms step_avg:92.21ms
step:594/4740 train_time:54837ms step_avg:92.32ms
step:595/4740 train_time:54937ms step_avg:92.33ms
step:596/4740 train_time:55097ms step_avg:92.45ms
step:597/4740 train_time:55197ms step_avg:92.46ms
step:598/4740 train_time:55356ms step_avg:92.57ms
step:599/4740 train_time:55458ms step_avg:92.58ms
step:600/4740 train_time:55616ms step_avg:92.69ms
step:601/4740 train_time:55717ms step_avg:92.71ms
step:602/4740 train_time:55876ms step_avg:92.82ms
step:603/4740 train_time:55977ms step_avg:92.83ms
step:604/4740 train_time:56137ms step_avg:92.94ms
step:605/4740 train_time:56238ms step_avg:92.95ms
step:606/4740 train_time:56398ms step_avg:93.07ms
step:607/4740 train_time:56500ms step_avg:93.08ms
step:608/4740 train_time:56658ms step_avg:93.19ms
step:609/4740 train_time:56758ms step_avg:93.20ms
step:610/4740 train_time:56917ms step_avg:93.31ms
step:611/4740 train_time:57018ms step_avg:93.32ms
step:612/4740 train_time:57178ms step_avg:93.43ms
step:613/4740 train_time:57279ms step_avg:93.44ms
step:614/4740 train_time:57439ms step_avg:93.55ms
step:615/4740 train_time:57540ms step_avg:93.56ms
step:616/4740 train_time:57698ms step_avg:93.67ms
step:617/4740 train_time:57799ms step_avg:93.68ms
step:618/4740 train_time:57957ms step_avg:93.78ms
step:619/4740 train_time:58058ms step_avg:93.79ms
step:620/4740 train_time:58217ms step_avg:93.90ms
step:621/4740 train_time:58319ms step_avg:93.91ms
step:622/4740 train_time:58478ms step_avg:94.02ms
step:623/4740 train_time:58579ms step_avg:94.03ms
step:624/4740 train_time:58738ms step_avg:94.13ms
step:625/4740 train_time:58839ms step_avg:94.14ms
step:626/4740 train_time:58998ms step_avg:94.25ms
step:627/4740 train_time:59100ms step_avg:94.26ms
step:628/4740 train_time:59259ms step_avg:94.36ms
step:629/4740 train_time:59359ms step_avg:94.37ms
step:630/4740 train_time:59518ms step_avg:94.47ms
step:631/4740 train_time:59620ms step_avg:94.48ms
step:632/4740 train_time:59779ms step_avg:94.59ms
step:633/4740 train_time:59879ms step_avg:94.60ms
step:634/4740 train_time:60038ms step_avg:94.70ms
step:635/4740 train_time:60141ms step_avg:94.71ms
step:636/4740 train_time:60300ms step_avg:94.81ms
step:637/4740 train_time:60402ms step_avg:94.82ms
step:638/4740 train_time:60564ms step_avg:94.93ms
step:639/4740 train_time:60664ms step_avg:94.94ms
step:640/4740 train_time:60824ms step_avg:95.04ms
step:641/4740 train_time:60925ms step_avg:95.05ms
step:642/4740 train_time:61082ms step_avg:95.14ms
step:643/4740 train_time:61185ms step_avg:95.16ms
step:644/4740 train_time:61343ms step_avg:95.25ms
step:645/4740 train_time:61445ms step_avg:95.26ms
step:646/4740 train_time:61603ms step_avg:95.36ms
step:647/4740 train_time:61705ms step_avg:95.37ms
step:648/4740 train_time:61863ms step_avg:95.47ms
step:649/4740 train_time:61965ms step_avg:95.48ms
step:650/4740 train_time:62124ms step_avg:95.58ms
step:651/4740 train_time:62226ms step_avg:95.58ms
step:652/4740 train_time:62384ms step_avg:95.68ms
step:653/4740 train_time:62486ms step_avg:95.69ms
step:654/4740 train_time:62643ms step_avg:95.79ms
step:655/4740 train_time:62746ms step_avg:95.79ms
step:656/4740 train_time:62904ms step_avg:95.89ms
step:657/4740 train_time:63006ms step_avg:95.90ms
step:658/4740 train_time:63164ms step_avg:95.99ms
step:659/4740 train_time:63266ms step_avg:96.00ms
step:660/4740 train_time:63425ms step_avg:96.10ms
step:661/4740 train_time:63526ms step_avg:96.11ms
step:662/4740 train_time:63685ms step_avg:96.20ms
step:663/4740 train_time:63789ms step_avg:96.21ms
step:664/4740 train_time:63947ms step_avg:96.31ms
step:665/4740 train_time:64049ms step_avg:96.31ms
step:666/4740 train_time:64209ms step_avg:96.41ms
step:667/4740 train_time:64311ms step_avg:96.42ms
step:668/4740 train_time:64471ms step_avg:96.51ms
step:669/4740 train_time:64570ms step_avg:96.52ms
step:670/4740 train_time:64730ms step_avg:96.61ms
step:671/4740 train_time:64832ms step_avg:96.62ms
step:672/4740 train_time:64992ms step_avg:96.71ms
step:673/4740 train_time:65094ms step_avg:96.72ms
step:674/4740 train_time:65253ms step_avg:96.81ms
step:675/4740 train_time:65356ms step_avg:96.82ms
step:676/4740 train_time:65515ms step_avg:96.92ms
step:677/4740 train_time:65616ms step_avg:96.92ms
step:678/4740 train_time:65774ms step_avg:97.01ms
step:679/4740 train_time:65874ms step_avg:97.02ms
step:680/4740 train_time:66033ms step_avg:97.11ms
step:681/4740 train_time:66134ms step_avg:97.11ms
step:682/4740 train_time:66293ms step_avg:97.20ms
step:683/4740 train_time:66395ms step_avg:97.21ms
step:684/4740 train_time:66554ms step_avg:97.30ms
step:685/4740 train_time:66655ms step_avg:97.31ms
step:686/4740 train_time:66815ms step_avg:97.40ms
step:687/4740 train_time:66916ms step_avg:97.40ms
step:688/4740 train_time:67074ms step_avg:97.49ms
step:689/4740 train_time:67176ms step_avg:97.50ms
step:690/4740 train_time:67336ms step_avg:97.59ms
step:691/4740 train_time:67437ms step_avg:97.59ms
step:692/4740 train_time:67597ms step_avg:97.68ms
step:693/4740 train_time:67698ms step_avg:97.69ms
step:694/4740 train_time:67858ms step_avg:97.78ms
step:695/4740 train_time:67959ms step_avg:97.78ms
step:696/4740 train_time:68118ms step_avg:97.87ms
step:697/4740 train_time:68219ms step_avg:97.88ms
step:698/4740 train_time:68378ms step_avg:97.96ms
step:699/4740 train_time:68478ms step_avg:97.97ms
step:700/4740 train_time:68637ms step_avg:98.05ms
step:701/4740 train_time:68738ms step_avg:98.06ms
step:702/4740 train_time:68897ms step_avg:98.14ms
step:703/4740 train_time:68997ms step_avg:98.15ms
step:704/4740 train_time:69157ms step_avg:98.23ms
step:705/4740 train_time:69258ms step_avg:98.24ms
step:706/4740 train_time:69417ms step_avg:98.32ms
step:707/4740 train_time:69518ms step_avg:98.33ms
step:708/4740 train_time:69678ms step_avg:98.41ms
step:709/4740 train_time:69778ms step_avg:98.42ms
step:710/4740 train_time:69937ms step_avg:98.50ms
step:711/4740 train_time:70038ms step_avg:98.51ms
step:712/4740 train_time:70197ms step_avg:98.59ms
step:713/4740 train_time:70299ms step_avg:98.60ms
step:714/4740 train_time:70456ms step_avg:98.68ms
step:715/4740 train_time:70557ms step_avg:98.68ms
step:716/4740 train_time:70716ms step_avg:98.77ms
step:717/4740 train_time:70818ms step_avg:98.77ms
step:718/4740 train_time:70978ms step_avg:98.85ms
step:719/4740 train_time:71078ms step_avg:98.86ms
step:720/4740 train_time:71237ms step_avg:98.94ms
step:721/4740 train_time:71338ms step_avg:98.94ms
step:722/4740 train_time:71498ms step_avg:99.03ms
step:723/4740 train_time:71600ms step_avg:99.03ms
step:724/4740 train_time:71759ms step_avg:99.11ms
step:725/4740 train_time:71860ms step_avg:99.12ms
step:726/4740 train_time:72020ms step_avg:99.20ms
step:727/4740 train_time:72121ms step_avg:99.20ms
step:728/4740 train_time:72280ms step_avg:99.29ms
step:729/4740 train_time:72381ms step_avg:99.29ms
step:730/4740 train_time:72542ms step_avg:99.37ms
step:731/4740 train_time:72644ms step_avg:99.38ms
step:732/4740 train_time:72802ms step_avg:99.46ms
step:733/4740 train_time:72904ms step_avg:99.46ms
step:734/4740 train_time:73062ms step_avg:99.54ms
step:735/4740 train_time:73163ms step_avg:99.54ms
step:736/4740 train_time:73323ms step_avg:99.62ms
step:737/4740 train_time:73424ms step_avg:99.63ms
step:738/4740 train_time:73584ms step_avg:99.71ms
step:739/4740 train_time:73685ms step_avg:99.71ms
step:740/4740 train_time:73844ms step_avg:99.79ms
step:741/4740 train_time:73947ms step_avg:99.79ms
step:742/4740 train_time:74104ms step_avg:99.87ms
step:743/4740 train_time:74207ms step_avg:99.87ms
step:744/4740 train_time:74364ms step_avg:99.95ms
step:745/4740 train_time:74466ms step_avg:99.95ms
step:746/4740 train_time:74625ms step_avg:100.03ms
step:747/4740 train_time:74726ms step_avg:100.04ms
step:748/4740 train_time:74885ms step_avg:100.11ms
step:749/4740 train_time:74989ms step_avg:100.12ms
step:750/4740 train_time:75148ms step_avg:100.20ms
step:750/4740 val_loss:3.6043 train_time:75221ms step_avg:100.30ms
step:751/4740 train_time:75252ms step_avg:100.20ms
step:752/4740 train_time:75410ms step_avg:100.28ms
step:753/4740 train_time:75515ms step_avg:100.29ms
step:754/4740 train_time:75679ms step_avg:100.37ms
step:755/4740 train_time:75781ms step_avg:100.37ms
step:756/4740 train_time:75939ms step_avg:100.45ms
step:757/4740 train_time:76039ms step_avg:100.45ms
step:758/4740 train_time:76197ms step_avg:100.52ms
step:759/4740 train_time:76297ms step_avg:100.52ms
step:760/4740 train_time:76457ms step_avg:100.60ms
step:761/4740 train_time:76564ms step_avg:100.61ms
step:762/4740 train_time:76727ms step_avg:100.69ms
step:763/4740 train_time:76827ms step_avg:100.69ms
step:764/4740 train_time:76987ms step_avg:100.77ms
step:765/4740 train_time:77087ms step_avg:100.77ms
step:766/4740 train_time:77244ms step_avg:100.84ms
step:767/4740 train_time:77344ms step_avg:100.84ms
step:768/4740 train_time:77504ms step_avg:100.92ms
step:769/4740 train_time:77609ms step_avg:100.92ms
step:770/4740 train_time:77768ms step_avg:101.00ms
step:771/4740 train_time:77869ms step_avg:101.00ms
step:772/4740 train_time:78027ms step_avg:101.07ms
step:773/4740 train_time:78127ms step_avg:101.07ms
step:774/4740 train_time:78285ms step_avg:101.14ms
step:775/4740 train_time:78385ms step_avg:101.14ms
step:776/4740 train_time:78546ms step_avg:101.22ms
step:777/4740 train_time:78648ms step_avg:101.22ms
step:778/4740 train_time:78807ms step_avg:101.29ms
step:779/4740 train_time:78908ms step_avg:101.29ms
step:780/4740 train_time:79066ms step_avg:101.37ms
step:781/4740 train_time:79166ms step_avg:101.37ms
step:782/4740 train_time:79325ms step_avg:101.44ms
step:783/4740 train_time:79425ms step_avg:101.44ms
step:784/4740 train_time:79584ms step_avg:101.51ms
step:785/4740 train_time:79699ms step_avg:101.53ms
step:786/4740 train_time:79936ms step_avg:101.70ms
step:787/4740 train_time:80084ms step_avg:101.76ms
step:788/4740 train_time:80326ms step_avg:101.94ms
step:789/4740 train_time:80465ms step_avg:101.98ms
step:790/4740 train_time:80708ms step_avg:102.16ms
step:791/4740 train_time:80849ms step_avg:102.21ms
step:792/4740 train_time:81090ms step_avg:102.39ms
step:793/4740 train_time:81231ms step_avg:102.44ms
step:794/4740 train_time:81475ms step_avg:102.61ms
step:795/4740 train_time:81618ms step_avg:102.66ms
step:796/4740 train_time:81863ms step_avg:102.84ms
step:797/4740 train_time:82003ms step_avg:102.89ms
step:798/4740 train_time:82246ms step_avg:103.06ms
step:799/4740 train_time:82384ms step_avg:103.11ms
step:800/4740 train_time:82625ms step_avg:103.28ms
step:801/4740 train_time:82767ms step_avg:103.33ms
step:802/4740 train_time:83010ms step_avg:103.50ms
step:803/4740 train_time:83152ms step_avg:103.55ms
step:804/4740 train_time:83396ms step_avg:103.73ms
step:805/4740 train_time:83536ms step_avg:103.77ms
step:806/4740 train_time:83781ms step_avg:103.95ms
step:807/4740 train_time:83922ms step_avg:103.99ms
step:808/4740 train_time:84164ms step_avg:104.16ms
step:809/4740 train_time:84303ms step_avg:104.21ms
step:810/4740 train_time:84547ms step_avg:104.38ms
step:811/4740 train_time:84685ms step_avg:104.42ms
step:812/4740 train_time:84928ms step_avg:104.59ms
step:813/4740 train_time:85067ms step_avg:104.63ms
step:814/4740 train_time:85310ms step_avg:104.80ms
step:815/4740 train_time:85452ms step_avg:104.85ms
step:816/4740 train_time:85695ms step_avg:105.02ms
step:817/4740 train_time:85832ms step_avg:105.06ms
step:818/4740 train_time:86077ms step_avg:105.23ms
step:819/4740 train_time:86217ms step_avg:105.27ms
step:820/4740 train_time:86461ms step_avg:105.44ms
step:821/4740 train_time:86600ms step_avg:105.48ms
step:822/4740 train_time:86843ms step_avg:105.65ms
step:823/4740 train_time:86982ms step_avg:105.69ms
step:824/4740 train_time:87227ms step_avg:105.86ms
step:825/4740 train_time:87366ms step_avg:105.90ms
step:826/4740 train_time:87606ms step_avg:106.06ms
step:827/4740 train_time:87746ms step_avg:106.10ms
step:828/4740 train_time:87988ms step_avg:106.27ms
step:829/4740 train_time:88130ms step_avg:106.31ms
step:830/4740 train_time:88374ms step_avg:106.47ms
step:831/4740 train_time:88515ms step_avg:106.52ms
step:832/4740 train_time:88755ms step_avg:106.68ms
step:833/4740 train_time:88895ms step_avg:106.72ms
step:834/4740 train_time:89141ms step_avg:106.88ms
step:835/4740 train_time:89280ms step_avg:106.92ms
step:836/4740 train_time:89522ms step_avg:107.08ms
step:837/4740 train_time:89663ms step_avg:107.12ms
step:838/4740 train_time:89905ms step_avg:107.29ms
step:839/4740 train_time:90046ms step_avg:107.33ms
step:840/4740 train_time:90290ms step_avg:107.49ms
step:841/4740 train_time:90429ms step_avg:107.53ms
step:842/4740 train_time:90675ms step_avg:107.69ms
step:843/4740 train_time:90813ms step_avg:107.73ms
step:844/4740 train_time:91054ms step_avg:107.88ms
step:845/4740 train_time:91196ms step_avg:107.92ms
step:846/4740 train_time:91440ms step_avg:108.08ms
step:847/4740 train_time:91578ms step_avg:108.12ms
step:848/4740 train_time:91823ms step_avg:108.28ms
step:849/4740 train_time:91962ms step_avg:108.32ms
step:850/4740 train_time:92204ms step_avg:108.48ms
step:851/4740 train_time:92344ms step_avg:108.51ms
step:852/4740 train_time:92586ms step_avg:108.67ms
step:853/4740 train_time:92731ms step_avg:108.71ms
step:854/4740 train_time:92975ms step_avg:108.87ms
step:855/4740 train_time:93113ms step_avg:108.90ms
step:856/4740 train_time:93357ms step_avg:109.06ms
step:857/4740 train_time:93494ms step_avg:109.09ms
step:858/4740 train_time:93739ms step_avg:109.25ms
step:859/4740 train_time:93881ms step_avg:109.29ms
step:860/4740 train_time:94125ms step_avg:109.45ms
step:861/4740 train_time:94263ms step_avg:109.48ms
step:862/4740 train_time:94507ms step_avg:109.64ms
step:863/4740 train_time:94646ms step_avg:109.67ms
step:864/4740 train_time:94889ms step_avg:109.83ms
step:865/4740 train_time:95029ms step_avg:109.86ms
step:866/4740 train_time:95272ms step_avg:110.01ms
step:867/4740 train_time:95413ms step_avg:110.05ms
step:868/4740 train_time:95656ms step_avg:110.20ms
step:869/4740 train_time:95795ms step_avg:110.24ms
step:870/4740 train_time:96039ms step_avg:110.39ms
step:871/4740 train_time:96179ms step_avg:110.42ms
step:872/4740 train_time:96423ms step_avg:110.58ms
step:873/4740 train_time:96562ms step_avg:110.61ms
step:874/4740 train_time:96805ms step_avg:110.76ms
step:875/4740 train_time:96945ms step_avg:110.79ms
step:876/4740 train_time:97187ms step_avg:110.94ms
step:877/4740 train_time:97332ms step_avg:110.98ms
step:878/4740 train_time:97576ms step_avg:111.13ms
step:879/4740 train_time:97720ms step_avg:111.17ms
step:880/4740 train_time:97961ms step_avg:111.32ms
step:881/4740 train_time:98100ms step_avg:111.35ms
step:882/4740 train_time:98344ms step_avg:111.50ms
step:883/4740 train_time:98482ms step_avg:111.53ms
step:884/4740 train_time:98724ms step_avg:111.68ms
step:885/4740 train_time:98864ms step_avg:111.71ms
step:886/4740 train_time:99107ms step_avg:111.86ms
step:887/4740 train_time:99248ms step_avg:111.89ms
step:888/4740 train_time:99491ms step_avg:112.04ms
step:889/4740 train_time:99631ms step_avg:112.07ms
step:890/4740 train_time:99875ms step_avg:112.22ms
step:891/4740 train_time:100014ms step_avg:112.25ms
step:892/4740 train_time:100259ms step_avg:112.40ms
step:893/4740 train_time:100400ms step_avg:112.43ms
step:894/4740 train_time:100643ms step_avg:112.58ms
step:895/4740 train_time:100784ms step_avg:112.61ms
step:896/4740 train_time:101025ms step_avg:112.75ms
step:897/4740 train_time:101166ms step_avg:112.78ms
step:898/4740 train_time:101407ms step_avg:112.93ms
step:899/4740 train_time:101549ms step_avg:112.96ms
step:900/4740 train_time:101792ms step_avg:113.10ms
step:901/4740 train_time:101932ms step_avg:113.13ms
step:902/4740 train_time:102176ms step_avg:113.28ms
step:903/4740 train_time:102315ms step_avg:113.31ms
step:904/4740 train_time:102563ms step_avg:113.45ms
step:905/4740 train_time:102701ms step_avg:113.48ms
step:906/4740 train_time:102942ms step_avg:113.62ms
step:907/4740 train_time:103083ms step_avg:113.65ms
step:908/4740 train_time:103325ms step_avg:113.79ms
step:909/4740 train_time:103466ms step_avg:113.82ms
step:910/4740 train_time:103709ms step_avg:113.97ms
step:911/4740 train_time:103848ms step_avg:113.99ms
step:912/4740 train_time:104088ms step_avg:114.13ms
step:913/4740 train_time:104231ms step_avg:114.16ms
step:914/4740 train_time:104475ms step_avg:114.31ms
step:915/4740 train_time:104616ms step_avg:114.33ms
step:916/4740 train_time:104858ms step_avg:114.47ms
step:917/4740 train_time:104999ms step_avg:114.50ms
step:918/4740 train_time:105243ms step_avg:114.64ms
step:919/4740 train_time:105384ms step_avg:114.67ms
step:920/4740 train_time:105625ms step_avg:114.81ms
step:921/4740 train_time:105766ms step_avg:114.84ms
step:922/4740 train_time:106008ms step_avg:114.98ms
step:923/4740 train_time:106151ms step_avg:115.01ms
step:924/4740 train_time:106393ms step_avg:115.14ms
step:925/4740 train_time:106537ms step_avg:115.17ms
step:926/4740 train_time:106779ms step_avg:115.31ms
step:927/4740 train_time:106919ms step_avg:115.34ms
step:928/4740 train_time:107163ms step_avg:115.48ms
step:929/4740 train_time:107301ms step_avg:115.50ms
step:930/4740 train_time:107544ms step_avg:115.64ms
step:931/4740 train_time:107684ms step_avg:115.67ms
step:932/4740 train_time:107926ms step_avg:115.80ms
step:933/4740 train_time:108068ms step_avg:115.83ms
step:934/4740 train_time:108310ms step_avg:115.96ms
step:935/4740 train_time:108452ms step_avg:115.99ms
step:936/4740 train_time:108696ms step_avg:116.13ms
step:937/4740 train_time:108837ms step_avg:116.15ms
step:938/4740 train_time:109080ms step_avg:116.29ms
step:939/4740 train_time:109221ms step_avg:116.32ms
step:940/4740 train_time:109466ms step_avg:116.45ms
step:941/4740 train_time:109605ms step_avg:116.48ms
step:942/4740 train_time:109848ms step_avg:116.61ms
step:943/4740 train_time:109987ms step_avg:116.64ms
step:944/4740 train_time:110230ms step_avg:116.77ms
step:945/4740 train_time:110374ms step_avg:116.80ms
step:946/4740 train_time:110615ms step_avg:116.93ms
step:947/4740 train_time:110753ms step_avg:116.95ms
step:948/4740 train_time:110997ms step_avg:117.09ms
step:949/4740 train_time:111135ms step_avg:117.11ms
step:950/4740 train_time:111377ms step_avg:117.24ms
step:951/4740 train_time:111520ms step_avg:117.27ms
step:952/4740 train_time:111763ms step_avg:117.40ms
step:953/4740 train_time:111903ms step_avg:117.42ms
step:954/4740 train_time:112148ms step_avg:117.56ms
step:955/4740 train_time:112289ms step_avg:117.58ms
step:956/4740 train_time:112535ms step_avg:117.71ms
step:957/4740 train_time:112672ms step_avg:117.73ms
step:958/4740 train_time:112918ms step_avg:117.87ms
step:959/4740 train_time:113056ms step_avg:117.89ms
step:960/4740 train_time:113299ms step_avg:118.02ms
step:961/4740 train_time:113438ms step_avg:118.04ms
step:962/4740 train_time:113680ms step_avg:118.17ms
step:963/4740 train_time:113819ms step_avg:118.19ms
step:964/4740 train_time:114067ms step_avg:118.33ms
step:965/4740 train_time:114204ms step_avg:118.35ms
step:966/4740 train_time:114445ms step_avg:118.47ms
step:967/4740 train_time:114588ms step_avg:118.50ms
step:968/4740 train_time:114830ms step_avg:118.63ms
step:969/4740 train_time:114972ms step_avg:118.65ms
step:970/4740 train_time:115214ms step_avg:118.78ms
step:971/4740 train_time:115354ms step_avg:118.80ms
step:972/4740 train_time:115599ms step_avg:118.93ms
step:973/4740 train_time:115735ms step_avg:118.95ms
step:974/4740 train_time:115979ms step_avg:119.07ms
step:975/4740 train_time:116120ms step_avg:119.10ms
step:976/4740 train_time:116361ms step_avg:119.22ms
step:977/4740 train_time:116503ms step_avg:119.25ms
step:978/4740 train_time:116744ms step_avg:119.37ms
step:979/4740 train_time:116885ms step_avg:119.39ms
step:980/4740 train_time:117128ms step_avg:119.52ms
step:981/4740 train_time:117270ms step_avg:119.54ms
step:982/4740 train_time:117514ms step_avg:119.67ms
step:983/4740 train_time:117655ms step_avg:119.69ms
step:984/4740 train_time:117896ms step_avg:119.81ms
step:985/4740 train_time:118035ms step_avg:119.83ms
step:986/4740 train_time:118280ms step_avg:119.96ms
step:987/4740 train_time:118419ms step_avg:119.98ms
step:988/4740 train_time:118660ms step_avg:120.10ms
step:989/4740 train_time:118799ms step_avg:120.12ms
step:990/4740 train_time:119043ms step_avg:120.25ms
step:991/4740 train_time:119182ms step_avg:120.26ms
step:992/4740 train_time:119425ms step_avg:120.39ms
step:993/4740 train_time:119565ms step_avg:120.41ms
step:994/4740 train_time:119806ms step_avg:120.53ms
step:995/4740 train_time:119947ms step_avg:120.55ms
step:996/4740 train_time:120190ms step_avg:120.67ms
step:997/4740 train_time:120331ms step_avg:120.69ms
step:998/4740 train_time:120576ms step_avg:120.82ms
step:999/4740 train_time:120715ms step_avg:120.84ms
step:1000/4740 train_time:120959ms step_avg:120.96ms
step:1000/4740 val_loss:3.4805 train_time:121059ms step_avg:121.06ms
step:1001/4740 train_time:121101ms step_avg:120.98ms
step:1002/4740 train_time:121348ms step_avg:121.11ms
step:1003/4740 train_time:121491ms step_avg:121.13ms
step:1004/4740 train_time:121733ms step_avg:121.25ms
step:1005/4740 train_time:121873ms step_avg:121.27ms
step:1006/4740 train_time:122113ms step_avg:121.38ms
step:1007/4740 train_time:122250ms step_avg:121.40ms
step:1008/4740 train_time:122500ms step_avg:121.53ms
step:1009/4740 train_time:122639ms step_avg:121.55ms
step:1010/4740 train_time:122883ms step_avg:121.67ms
step:1011/4740 train_time:123021ms step_avg:121.68ms
step:1012/4740 train_time:123265ms step_avg:121.80ms
step:1013/4740 train_time:123406ms step_avg:121.82ms
step:1014/4740 train_time:123651ms step_avg:121.94ms
step:1015/4740 train_time:123790ms step_avg:121.96ms
step:1016/4740 train_time:124033ms step_avg:122.08ms
step:1017/4740 train_time:124171ms step_avg:122.10ms
step:1018/4740 train_time:124413ms step_avg:122.21ms
step:1019/4740 train_time:124558ms step_avg:122.24ms
step:1020/4740 train_time:124801ms step_avg:122.35ms
step:1021/4740 train_time:124941ms step_avg:122.37ms
step:1022/4740 train_time:125186ms step_avg:122.49ms
step:1023/4740 train_time:125325ms step_avg:122.51ms
step:1024/4740 train_time:125571ms step_avg:122.63ms
step:1025/4740 train_time:125712ms step_avg:122.65ms
step:1026/4740 train_time:125954ms step_avg:122.76ms
step:1027/4740 train_time:126094ms step_avg:122.78ms
step:1028/4740 train_time:126335ms step_avg:122.89ms
step:1029/4740 train_time:126477ms step_avg:122.91ms
step:1030/4740 train_time:126721ms step_avg:123.03ms
step:1031/4740 train_time:126861ms step_avg:123.05ms
step:1032/4740 train_time:127104ms step_avg:123.16ms
step:1033/4740 train_time:127245ms step_avg:123.18ms
step:1034/4740 train_time:127491ms step_avg:123.30ms
step:1035/4740 train_time:127631ms step_avg:123.32ms
step:1036/4740 train_time:127874ms step_avg:123.43ms
step:1037/4740 train_time:128013ms step_avg:123.45ms
step:1038/4740 train_time:128256ms step_avg:123.56ms
step:1039/4740 train_time:128397ms step_avg:123.58ms
step:1040/4740 train_time:128639ms step_avg:123.69ms
step:1041/4740 train_time:128780ms step_avg:123.71ms
step:1042/4740 train_time:129023ms step_avg:123.82ms
step:1043/4740 train_time:129162ms step_avg:123.84ms
step:1044/4740 train_time:129403ms step_avg:123.95ms
step:1045/4740 train_time:129544ms step_avg:123.97ms
step:1046/4740 train_time:129788ms step_avg:124.08ms
step:1047/4740 train_time:129928ms step_avg:124.10ms
step:1048/4740 train_time:130172ms step_avg:124.21ms
step:1049/4740 train_time:130312ms step_avg:124.22ms
step:1050/4740 train_time:130557ms step_avg:124.34ms
step:1051/4740 train_time:130697ms step_avg:124.36ms
step:1052/4740 train_time:130941ms step_avg:124.47ms
step:1053/4740 train_time:131085ms step_avg:124.49ms
step:1054/4740 train_time:131327ms step_avg:124.60ms
step:1055/4740 train_time:131467ms step_avg:124.61ms
step:1056/4740 train_time:131708ms step_avg:124.72ms
step:1057/4740 train_time:131849ms step_avg:124.74ms
step:1058/4740 train_time:132093ms step_avg:124.85ms
step:1059/4740 train_time:132231ms step_avg:124.86ms
step:1060/4740 train_time:132475ms step_avg:124.98ms
step:1061/4740 train_time:132616ms step_avg:124.99ms
step:1062/4740 train_time:132860ms step_avg:125.10ms
step:1063/4740 train_time:133003ms step_avg:125.12ms
step:1064/4740 train_time:133244ms step_avg:125.23ms
step:1065/4740 train_time:133385ms step_avg:125.24ms
step:1066/4740 train_time:133625ms step_avg:125.35ms
step:1067/4740 train_time:133768ms step_avg:125.37ms
step:1068/4740 train_time:134009ms step_avg:125.48ms
step:1069/4740 train_time:134151ms step_avg:125.49ms
step:1070/4740 train_time:134394ms step_avg:125.60ms
step:1071/4740 train_time:134534ms step_avg:125.62ms
step:1072/4740 train_time:134780ms step_avg:125.73ms
step:1073/4740 train_time:134919ms step_avg:125.74ms
step:1074/4740 train_time:135162ms step_avg:125.85ms
step:1075/4740 train_time:135302ms step_avg:125.86ms
step:1076/4740 train_time:135545ms step_avg:125.97ms
step:1077/4740 train_time:135686ms step_avg:125.98ms
step:1078/4740 train_time:135929ms step_avg:126.09ms
step:1079/4740 train_time:136069ms step_avg:126.11ms
step:1080/4740 train_time:136309ms step_avg:126.21ms
step:1081/4740 train_time:136451ms step_avg:126.23ms
step:1082/4740 train_time:136699ms step_avg:126.34ms
step:1083/4740 train_time:136840ms step_avg:126.35ms
step:1084/4740 train_time:137082ms step_avg:126.46ms
step:1085/4740 train_time:137222ms step_avg:126.47ms
step:1086/4740 train_time:137466ms step_avg:126.58ms
step:1087/4740 train_time:137606ms step_avg:126.59ms
step:1088/4740 train_time:137851ms step_avg:126.70ms
step:1089/4740 train_time:137991ms step_avg:126.71ms
step:1090/4740 train_time:138235ms step_avg:126.82ms
step:1091/4740 train_time:138378ms step_avg:126.84ms
step:1092/4740 train_time:138619ms step_avg:126.94ms
step:1093/4740 train_time:138762ms step_avg:126.96ms
step:1094/4740 train_time:139005ms step_avg:127.06ms
step:1095/4740 train_time:139145ms step_avg:127.07ms
step:1096/4740 train_time:139387ms step_avg:127.18ms
step:1097/4740 train_time:139525ms step_avg:127.19ms
step:1098/4740 train_time:139767ms step_avg:127.29ms
step:1099/4740 train_time:139908ms step_avg:127.31ms
step:1100/4740 train_time:140153ms step_avg:127.41ms
step:1101/4740 train_time:140291ms step_avg:127.42ms
step:1102/4740 train_time:140532ms step_avg:127.52ms
step:1103/4740 train_time:140674ms step_avg:127.54ms
step:1104/4740 train_time:140915ms step_avg:127.64ms
step:1105/4740 train_time:141057ms step_avg:127.65ms
step:1106/4740 train_time:141301ms step_avg:127.76ms
step:1107/4740 train_time:141439ms step_avg:127.77ms
step:1108/4740 train_time:141684ms step_avg:127.87ms
step:1109/4740 train_time:141821ms step_avg:127.88ms
step:1110/4740 train_time:142063ms step_avg:127.99ms
step:1111/4740 train_time:142205ms step_avg:128.00ms
step:1112/4740 train_time:142449ms step_avg:128.10ms
step:1113/4740 train_time:142590ms step_avg:128.11ms
step:1114/4740 train_time:142829ms step_avg:128.21ms
step:1115/4740 train_time:142970ms step_avg:128.22ms
step:1116/4740 train_time:143213ms step_avg:128.33ms
step:1117/4740 train_time:143353ms step_avg:128.34ms
step:1118/4740 train_time:143597ms step_avg:128.44ms
step:1119/4740 train_time:143738ms step_avg:128.45ms
step:1120/4740 train_time:143981ms step_avg:128.55ms
step:1121/4740 train_time:144120ms step_avg:128.56ms
step:1122/4740 train_time:144365ms step_avg:128.67ms
step:1123/4740 train_time:144504ms step_avg:128.68ms
step:1124/4740 train_time:144747ms step_avg:128.78ms
step:1125/4740 train_time:144886ms step_avg:128.79ms
step:1126/4740 train_time:145130ms step_avg:128.89ms
step:1127/4740 train_time:145269ms step_avg:128.90ms
step:1128/4740 train_time:145509ms step_avg:129.00ms
step:1129/4740 train_time:145654ms step_avg:129.01ms
step:1130/4740 train_time:145898ms step_avg:129.11ms
step:1131/4740 train_time:146037ms step_avg:129.12ms
step:1132/4740 train_time:146280ms step_avg:129.22ms
step:1133/4740 train_time:146420ms step_avg:129.23ms
step:1134/4740 train_time:146665ms step_avg:129.33ms
step:1135/4740 train_time:146803ms step_avg:129.34ms
step:1136/4740 train_time:147046ms step_avg:129.44ms
step:1137/4740 train_time:147185ms step_avg:129.45ms
step:1138/4740 train_time:147428ms step_avg:129.55ms
step:1139/4740 train_time:147569ms step_avg:129.56ms
step:1140/4740 train_time:147811ms step_avg:129.66ms
step:1141/4740 train_time:147952ms step_avg:129.67ms
step:1142/4740 train_time:148197ms step_avg:129.77ms
step:1143/4740 train_time:148335ms step_avg:129.78ms
step:1144/4740 train_time:148579ms step_avg:129.88ms
step:1145/4740 train_time:148720ms step_avg:129.89ms
step:1146/4740 train_time:148964ms step_avg:129.99ms
step:1147/4740 train_time:149104ms step_avg:129.99ms
step:1148/4740 train_time:149346ms step_avg:130.09ms
step:1149/4740 train_time:149487ms step_avg:130.10ms
step:1150/4740 train_time:149729ms step_avg:130.20ms
step:1151/4740 train_time:149868ms step_avg:130.21ms
step:1152/4740 train_time:150115ms step_avg:130.31ms
step:1153/4740 train_time:150255ms step_avg:130.32ms
step:1154/4740 train_time:150498ms step_avg:130.41ms
step:1155/4740 train_time:150638ms step_avg:130.42ms
step:1156/4740 train_time:150881ms step_avg:130.52ms
step:1157/4740 train_time:151024ms step_avg:130.53ms
step:1158/4740 train_time:151268ms step_avg:130.63ms
step:1159/4740 train_time:151405ms step_avg:130.63ms
step:1160/4740 train_time:151651ms step_avg:130.73ms
step:1161/4740 train_time:151791ms step_avg:130.74ms
step:1162/4740 train_time:152035ms step_avg:130.84ms
step:1163/4740 train_time:152177ms step_avg:130.85ms
step:1164/4740 train_time:152420ms step_avg:130.95ms
step:1165/4740 train_time:152557ms step_avg:130.95ms
step:1166/4740 train_time:152802ms step_avg:131.05ms
step:1167/4740 train_time:152941ms step_avg:131.05ms
step:1168/4740 train_time:153186ms step_avg:131.15ms
step:1169/4740 train_time:153326ms step_avg:131.16ms
step:1170/4740 train_time:153569ms step_avg:131.26ms
step:1171/4740 train_time:153706ms step_avg:131.26ms
step:1172/4740 train_time:153950ms step_avg:131.36ms
step:1173/4740 train_time:154091ms step_avg:131.36ms
step:1174/4740 train_time:154335ms step_avg:131.46ms
step:1175/4740 train_time:154478ms step_avg:131.47ms
step:1176/4740 train_time:154752ms step_avg:131.59ms
step:1177/4740 train_time:154934ms step_avg:131.63ms
step:1178/4740 train_time:155254ms step_avg:131.79ms
step:1179/4740 train_time:155436ms step_avg:131.84ms
step:1180/4740 train_time:155754ms step_avg:131.99ms
step:1181/4740 train_time:155935ms step_avg:132.04ms
step:1182/4740 train_time:156254ms step_avg:132.19ms
step:1183/4740 train_time:156438ms step_avg:132.24ms
step:1184/4740 train_time:156758ms step_avg:132.40ms
step:1185/4740 train_time:156942ms step_avg:132.44ms
step:1186/4740 train_time:157258ms step_avg:132.60ms
step:1187/4740 train_time:157442ms step_avg:132.64ms
step:1188/4740 train_time:157760ms step_avg:132.79ms
step:1189/4740 train_time:157939ms step_avg:132.83ms
step:1190/4740 train_time:158259ms step_avg:132.99ms
step:1191/4740 train_time:158444ms step_avg:133.03ms
step:1192/4740 train_time:158762ms step_avg:133.19ms
step:1193/4740 train_time:158942ms step_avg:133.23ms
step:1194/4740 train_time:159264ms step_avg:133.39ms
step:1195/4740 train_time:159444ms step_avg:133.43ms
step:1196/4740 train_time:159764ms step_avg:133.58ms
step:1197/4740 train_time:159943ms step_avg:133.62ms
step:1198/4740 train_time:160263ms step_avg:133.78ms
step:1199/4740 train_time:160444ms step_avg:133.81ms
step:1200/4740 train_time:160762ms step_avg:133.97ms
step:1201/4740 train_time:160944ms step_avg:134.01ms
step:1202/4740 train_time:161262ms step_avg:134.16ms
step:1203/4740 train_time:161444ms step_avg:134.20ms
step:1204/4740 train_time:161760ms step_avg:134.35ms
step:1205/4740 train_time:161942ms step_avg:134.39ms
step:1206/4740 train_time:162261ms step_avg:134.54ms
step:1207/4740 train_time:162440ms step_avg:134.58ms
step:1208/4740 train_time:162761ms step_avg:134.74ms
step:1209/4740 train_time:162938ms step_avg:134.77ms
step:1210/4740 train_time:163258ms step_avg:134.92ms
step:1211/4740 train_time:163439ms step_avg:134.96ms
step:1212/4740 train_time:163761ms step_avg:135.12ms
step:1213/4740 train_time:163941ms step_avg:135.15ms
step:1214/4740 train_time:164264ms step_avg:135.31ms
step:1215/4740 train_time:164446ms step_avg:135.35ms
step:1216/4740 train_time:164766ms step_avg:135.50ms
step:1217/4740 train_time:164945ms step_avg:135.53ms
step:1218/4740 train_time:165266ms step_avg:135.69ms
step:1219/4740 train_time:165446ms step_avg:135.72ms
step:1220/4740 train_time:165768ms step_avg:135.88ms
step:1221/4740 train_time:165947ms step_avg:135.91ms
step:1222/4740 train_time:166265ms step_avg:136.06ms
step:1223/4740 train_time:166443ms step_avg:136.09ms
step:1224/4740 train_time:166762ms step_avg:136.24ms
step:1225/4740 train_time:166939ms step_avg:136.28ms
step:1226/4740 train_time:167259ms step_avg:136.43ms
step:1227/4740 train_time:167437ms step_avg:136.46ms
step:1228/4740 train_time:167756ms step_avg:136.61ms
step:1229/4740 train_time:167939ms step_avg:136.65ms
step:1230/4740 train_time:168257ms step_avg:136.79ms
step:1231/4740 train_time:168438ms step_avg:136.83ms
step:1232/4740 train_time:168755ms step_avg:136.98ms
step:1233/4740 train_time:168936ms step_avg:137.01ms
step:1234/4740 train_time:169254ms step_avg:137.16ms
step:1235/4740 train_time:169436ms step_avg:137.20ms
step:1236/4740 train_time:169754ms step_avg:137.34ms
step:1237/4740 train_time:169934ms step_avg:137.38ms
step:1238/4740 train_time:170250ms step_avg:137.52ms
step:1239/4740 train_time:170432ms step_avg:137.56ms
step:1240/4740 train_time:170749ms step_avg:137.70ms
step:1241/4740 train_time:170931ms step_avg:137.74ms
step:1242/4740 train_time:171248ms step_avg:137.88ms
step:1243/4740 train_time:171431ms step_avg:137.92ms
step:1244/4740 train_time:171749ms step_avg:138.06ms
step:1245/4740 train_time:171931ms step_avg:138.10ms
step:1246/4740 train_time:172247ms step_avg:138.24ms
step:1247/4740 train_time:172428ms step_avg:138.27ms
step:1248/4740 train_time:172747ms step_avg:138.42ms
step:1249/4740 train_time:172929ms step_avg:138.45ms
step:1250/4740 train_time:173247ms step_avg:138.60ms
step:1250/4740 val_loss:3.3821 train_time:173375ms step_avg:138.70ms
step:1251/4740 train_time:173430ms step_avg:138.63ms
step:1252/4740 train_time:173759ms step_avg:138.78ms
step:1253/4740 train_time:173937ms step_avg:138.82ms
step:1254/4740 train_time:174257ms step_avg:138.96ms
step:1255/4740 train_time:174433ms step_avg:138.99ms
step:1256/4740 train_time:174759ms step_avg:139.14ms
step:1257/4740 train_time:174940ms step_avg:139.17ms
step:1258/4740 train_time:175258ms step_avg:139.31ms
step:1259/4740 train_time:175435ms step_avg:139.34ms
step:1260/4740 train_time:175760ms step_avg:139.49ms
step:1261/4740 train_time:175941ms step_avg:139.53ms
step:1262/4740 train_time:176259ms step_avg:139.67ms
step:1263/4740 train_time:176437ms step_avg:139.70ms
step:1264/4740 train_time:176759ms step_avg:139.84ms
step:1265/4740 train_time:176940ms step_avg:139.87ms
step:1266/4740 train_time:177259ms step_avg:140.01ms
step:1267/4740 train_time:177439ms step_avg:140.05ms
step:1268/4740 train_time:177760ms step_avg:140.19ms
step:1269/4740 train_time:177942ms step_avg:140.22ms
step:1270/4740 train_time:178258ms step_avg:140.36ms
step:1271/4740 train_time:178443ms step_avg:140.40ms
step:1272/4740 train_time:178763ms step_avg:140.54ms
step:1273/4740 train_time:178943ms step_avg:140.57ms
step:1274/4740 train_time:179261ms step_avg:140.71ms
step:1275/4740 train_time:179443ms step_avg:140.74ms
step:1276/4740 train_time:179764ms step_avg:140.88ms
step:1277/4740 train_time:179946ms step_avg:140.91ms
step:1278/4740 train_time:180263ms step_avg:141.05ms
step:1279/4740 train_time:180444ms step_avg:141.08ms
step:1280/4740 train_time:180764ms step_avg:141.22ms
step:1281/4740 train_time:180946ms step_avg:141.25ms
step:1282/4740 train_time:181267ms step_avg:141.39ms
step:1283/4740 train_time:181448ms step_avg:141.43ms
step:1284/4740 train_time:181764ms step_avg:141.56ms
step:1285/4740 train_time:181944ms step_avg:141.59ms
step:1286/4740 train_time:182262ms step_avg:141.73ms
step:1287/4740 train_time:182444ms step_avg:141.76ms
step:1288/4740 train_time:182761ms step_avg:141.89ms
step:1289/4740 train_time:182943ms step_avg:141.93ms
step:1290/4740 train_time:183265ms step_avg:142.07ms
step:1291/4740 train_time:183446ms step_avg:142.10ms
step:1292/4740 train_time:183764ms step_avg:142.23ms
step:1293/4740 train_time:183947ms step_avg:142.26ms
step:1294/4740 train_time:184267ms step_avg:142.40ms
step:1295/4740 train_time:184448ms step_avg:142.43ms
step:1296/4740 train_time:184766ms step_avg:142.57ms
step:1297/4740 train_time:184947ms step_avg:142.60ms
step:1298/4740 train_time:185262ms step_avg:142.73ms
step:1299/4740 train_time:185447ms step_avg:142.76ms
step:1300/4740 train_time:185764ms step_avg:142.90ms
step:1301/4740 train_time:185947ms step_avg:142.93ms
step:1302/4740 train_time:186267ms step_avg:143.06ms
step:1303/4740 train_time:186447ms step_avg:143.09ms
step:1304/4740 train_time:186767ms step_avg:143.23ms
step:1305/4740 train_time:186950ms step_avg:143.26ms
step:1306/4740 train_time:187270ms step_avg:143.39ms
step:1307/4740 train_time:187448ms step_avg:143.42ms
step:1308/4740 train_time:187768ms step_avg:143.55ms
step:1309/4740 train_time:187948ms step_avg:143.58ms
step:1310/4740 train_time:188269ms step_avg:143.72ms
step:1311/4740 train_time:188448ms step_avg:143.74ms
step:1312/4740 train_time:188769ms step_avg:143.88ms
step:1313/4740 train_time:188949ms step_avg:143.91ms
step:1314/4740 train_time:189267ms step_avg:144.04ms
step:1315/4740 train_time:189450ms step_avg:144.07ms
step:1316/4740 train_time:189773ms step_avg:144.20ms
step:1317/4740 train_time:189950ms step_avg:144.23ms
step:1318/4740 train_time:190272ms step_avg:144.36ms
step:1319/4740 train_time:190450ms step_avg:144.39ms
step:1320/4740 train_time:190772ms step_avg:144.52ms
step:1321/4740 train_time:190953ms step_avg:144.55ms
step:1322/4740 train_time:191272ms step_avg:144.68ms
step:1323/4740 train_time:191451ms step_avg:144.71ms
step:1324/4740 train_time:191770ms step_avg:144.84ms
step:1325/4740 train_time:191952ms step_avg:144.87ms
step:1326/4740 train_time:192271ms step_avg:145.00ms
step:1327/4740 train_time:192450ms step_avg:145.03ms
step:1328/4740 train_time:192771ms step_avg:145.16ms
step:1329/4740 train_time:192951ms step_avg:145.18ms
step:1330/4740 train_time:193270ms step_avg:145.32ms
step:1331/4740 train_time:193447ms step_avg:145.34ms
step:1332/4740 train_time:193770ms step_avg:145.47ms
step:1333/4740 train_time:193948ms step_avg:145.50ms
step:1334/4740 train_time:194270ms step_avg:145.63ms
step:1335/4740 train_time:194448ms step_avg:145.65ms
step:1336/4740 train_time:194770ms step_avg:145.79ms
step:1337/4740 train_time:194946ms step_avg:145.81ms
step:1338/4740 train_time:195266ms step_avg:145.94ms
step:1339/4740 train_time:195445ms step_avg:145.96ms
step:1340/4740 train_time:195767ms step_avg:146.09ms
step:1341/4740 train_time:195945ms step_avg:146.12ms
step:1342/4740 train_time:196267ms step_avg:146.25ms
step:1343/4740 train_time:196447ms step_avg:146.27ms
step:1344/4740 train_time:196767ms step_avg:146.40ms
step:1345/4740 train_time:196946ms step_avg:146.43ms
step:1346/4740 train_time:197271ms step_avg:146.56ms
step:1347/4740 train_time:197446ms step_avg:146.58ms
step:1348/4740 train_time:197767ms step_avg:146.71ms
step:1349/4740 train_time:197944ms step_avg:146.73ms
step:1350/4740 train_time:198267ms step_avg:146.86ms
step:1351/4740 train_time:198444ms step_avg:146.89ms
step:1352/4740 train_time:198767ms step_avg:147.02ms
step:1353/4740 train_time:198947ms step_avg:147.04ms
step:1354/4740 train_time:199265ms step_avg:147.17ms
step:1355/4740 train_time:199448ms step_avg:147.19ms
step:1356/4740 train_time:199770ms step_avg:147.32ms
step:1357/4740 train_time:199950ms step_avg:147.35ms
step:1358/4740 train_time:200271ms step_avg:147.48ms
step:1359/4740 train_time:200451ms step_avg:147.50ms
step:1360/4740 train_time:200772ms step_avg:147.63ms
step:1361/4740 train_time:200949ms step_avg:147.65ms
step:1362/4740 train_time:201268ms step_avg:147.77ms
step:1363/4740 train_time:201448ms step_avg:147.80ms
step:1364/4740 train_time:201771ms step_avg:147.93ms
step:1365/4740 train_time:201946ms step_avg:147.95ms
step:1366/4740 train_time:202267ms step_avg:148.07ms
step:1367/4740 train_time:202448ms step_avg:148.10ms
step:1368/4740 train_time:202770ms step_avg:148.22ms
step:1369/4740 train_time:202948ms step_avg:148.25ms
step:1370/4740 train_time:203267ms step_avg:148.37ms
step:1371/4740 train_time:203446ms step_avg:148.39ms
step:1372/4740 train_time:203770ms step_avg:148.52ms
step:1373/4740 train_time:203946ms step_avg:148.54ms
step:1374/4740 train_time:204263ms step_avg:148.66ms
step:1375/4740 train_time:204445ms step_avg:148.69ms
step:1376/4740 train_time:204765ms step_avg:148.81ms
step:1377/4740 train_time:204943ms step_avg:148.83ms
step:1378/4740 train_time:205264ms step_avg:148.96ms
step:1379/4740 train_time:205444ms step_avg:148.98ms
step:1380/4740 train_time:205763ms step_avg:149.10ms
step:1381/4740 train_time:205942ms step_avg:149.13ms
step:1382/4740 train_time:206261ms step_avg:149.25ms
step:1383/4740 train_time:206443ms step_avg:149.27ms
step:1384/4740 train_time:206760ms step_avg:149.39ms
step:1385/4740 train_time:206942ms step_avg:149.42ms
step:1386/4740 train_time:207263ms step_avg:149.54ms
step:1387/4740 train_time:207440ms step_avg:149.56ms
step:1388/4740 train_time:207758ms step_avg:149.68ms
step:1389/4740 train_time:207940ms step_avg:149.71ms
step:1390/4740 train_time:208258ms step_avg:149.83ms
step:1391/4740 train_time:208441ms step_avg:149.85ms
step:1392/4740 train_time:208760ms step_avg:149.97ms
step:1393/4740 train_time:208941ms step_avg:149.99ms
step:1394/4740 train_time:209259ms step_avg:150.11ms
step:1395/4740 train_time:209440ms step_avg:150.14ms
step:1396/4740 train_time:209759ms step_avg:150.26ms
step:1397/4740 train_time:209940ms step_avg:150.28ms
step:1398/4740 train_time:210259ms step_avg:150.40ms
step:1399/4740 train_time:210443ms step_avg:150.42ms
step:1400/4740 train_time:210761ms step_avg:150.54ms
step:1401/4740 train_time:210941ms step_avg:150.56ms
step:1402/4740 train_time:211261ms step_avg:150.69ms
step:1403/4740 train_time:211442ms step_avg:150.71ms
step:1404/4740 train_time:211758ms step_avg:150.82ms
step:1405/4740 train_time:211940ms step_avg:150.85ms
step:1406/4740 train_time:212261ms step_avg:150.97ms
step:1407/4740 train_time:212438ms step_avg:150.99ms
step:1408/4740 train_time:212757ms step_avg:151.11ms
step:1409/4740 train_time:212938ms step_avg:151.13ms
step:1410/4740 train_time:213260ms step_avg:151.25ms
step:1411/4740 train_time:213440ms step_avg:151.27ms
step:1412/4740 train_time:213760ms step_avg:151.39ms
step:1413/4740 train_time:213942ms step_avg:151.41ms
step:1414/4740 train_time:214261ms step_avg:151.53ms
step:1415/4740 train_time:214439ms step_avg:151.55ms
step:1416/4740 train_time:214761ms step_avg:151.67ms
step:1417/4740 train_time:214944ms step_avg:151.69ms
step:1418/4740 train_time:215263ms step_avg:151.81ms
step:1419/4740 train_time:215445ms step_avg:151.83ms
step:1420/4740 train_time:215763ms step_avg:151.95ms
step:1421/4740 train_time:215946ms step_avg:151.97ms
step:1422/4740 train_time:216263ms step_avg:152.08ms
step:1423/4740 train_time:216446ms step_avg:152.11ms
step:1424/4740 train_time:216766ms step_avg:152.22ms
step:1425/4740 train_time:216947ms step_avg:152.24ms
step:1426/4740 train_time:217266ms step_avg:152.36ms
step:1427/4740 train_time:217447ms step_avg:152.38ms
step:1428/4740 train_time:217766ms step_avg:152.50ms
step:1429/4740 train_time:217946ms step_avg:152.52ms
step:1430/4740 train_time:218265ms step_avg:152.63ms
step:1431/4740 train_time:218444ms step_avg:152.65ms
step:1432/4740 train_time:218768ms step_avg:152.77ms
step:1433/4740 train_time:218950ms step_avg:152.79ms
step:1434/4740 train_time:219268ms step_avg:152.91ms
step:1435/4740 train_time:219449ms step_avg:152.93ms
step:1436/4740 train_time:219768ms step_avg:153.04ms
step:1437/4740 train_time:219948ms step_avg:153.06ms
step:1438/4740 train_time:220269ms step_avg:153.18ms
step:1439/4740 train_time:220446ms step_avg:153.19ms
step:1440/4740 train_time:220770ms step_avg:153.31ms
step:1441/4740 train_time:220948ms step_avg:153.33ms
step:1442/4740 train_time:221269ms step_avg:153.45ms
step:1443/4740 train_time:221448ms step_avg:153.46ms
step:1444/4740 train_time:221770ms step_avg:153.58ms
step:1445/4740 train_time:221949ms step_avg:153.60ms
step:1446/4740 train_time:222271ms step_avg:153.71ms
step:1447/4740 train_time:222449ms step_avg:153.73ms
step:1448/4740 train_time:222770ms step_avg:153.85ms
step:1449/4740 train_time:222949ms step_avg:153.86ms
step:1450/4740 train_time:223268ms step_avg:153.98ms
step:1451/4740 train_time:223449ms step_avg:154.00ms
step:1452/4740 train_time:223770ms step_avg:154.11ms
step:1453/4740 train_time:223948ms step_avg:154.13ms
step:1454/4740 train_time:224269ms step_avg:154.24ms
step:1455/4740 train_time:224448ms step_avg:154.26ms
step:1456/4740 train_time:224769ms step_avg:154.37ms
step:1457/4740 train_time:224953ms step_avg:154.39ms
step:1458/4740 train_time:225274ms step_avg:154.51ms
step:1459/4740 train_time:225455ms step_avg:154.53ms
step:1460/4740 train_time:225775ms step_avg:154.64ms
step:1461/4740 train_time:225955ms step_avg:154.66ms
step:1462/4740 train_time:226277ms step_avg:154.77ms
step:1463/4740 train_time:226458ms step_avg:154.79ms
step:1464/4740 train_time:226775ms step_avg:154.90ms
step:1465/4740 train_time:226959ms step_avg:154.92ms
step:1466/4740 train_time:227277ms step_avg:155.03ms
step:1467/4740 train_time:227457ms step_avg:155.05ms
step:1468/4740 train_time:227773ms step_avg:155.16ms
step:1469/4740 train_time:227956ms step_avg:155.18ms
step:1470/4740 train_time:228274ms step_avg:155.29ms
step:1471/4740 train_time:228458ms step_avg:155.31ms
step:1472/4740 train_time:228778ms step_avg:155.42ms
step:1473/4740 train_time:228962ms step_avg:155.44ms
step:1474/4740 train_time:229278ms step_avg:155.55ms
step:1475/4740 train_time:229461ms step_avg:155.57ms
step:1476/4740 train_time:229779ms step_avg:155.68ms
step:1477/4740 train_time:229960ms step_avg:155.69ms
step:1478/4740 train_time:230278ms step_avg:155.80ms
step:1479/4740 train_time:230460ms step_avg:155.82ms
step:1480/4740 train_time:230778ms step_avg:155.93ms
step:1481/4740 train_time:230958ms step_avg:155.95ms
step:1482/4740 train_time:231275ms step_avg:156.06ms
step:1483/4740 train_time:231459ms step_avg:156.07ms
step:1484/4740 train_time:231778ms step_avg:156.18ms
step:1485/4740 train_time:231960ms step_avg:156.20ms
step:1486/4740 train_time:232278ms step_avg:156.31ms
step:1487/4740 train_time:232459ms step_avg:156.33ms
step:1488/4740 train_time:232779ms step_avg:156.44ms
step:1489/4740 train_time:232959ms step_avg:156.45ms
step:1490/4740 train_time:233277ms step_avg:156.56ms
step:1491/4740 train_time:233461ms step_avg:156.58ms
step:1492/4740 train_time:233778ms step_avg:156.69ms
step:1493/4740 train_time:233962ms step_avg:156.71ms
step:1494/4740 train_time:234280ms step_avg:156.81ms
step:1495/4740 train_time:234461ms step_avg:156.83ms
step:1496/4740 train_time:234778ms step_avg:156.94ms
step:1497/4740 train_time:234958ms step_avg:156.95ms
step:1498/4740 train_time:235278ms step_avg:157.06ms
step:1499/4740 train_time:235459ms step_avg:157.08ms
step:1500/4740 train_time:235778ms step_avg:157.19ms
step:1500/4740 val_loss:3.2990 train_time:235908ms step_avg:157.27ms
step:1501/4740 train_time:235964ms step_avg:157.20ms
step:1502/4740 train_time:236293ms step_avg:157.32ms
step:1503/4740 train_time:236471ms step_avg:157.33ms
step:1504/4740 train_time:236784ms step_avg:157.44ms
step:1505/4740 train_time:236964ms step_avg:157.45ms
step:1506/4740 train_time:237291ms step_avg:157.56ms
step:1507/4740 train_time:237473ms step_avg:157.58ms
step:1508/4740 train_time:237792ms step_avg:157.69ms
step:1509/4740 train_time:237971ms step_avg:157.70ms
step:1510/4740 train_time:238295ms step_avg:157.81ms
step:1511/4740 train_time:238478ms step_avg:157.83ms
step:1512/4740 train_time:238798ms step_avg:157.93ms
step:1513/4740 train_time:238975ms step_avg:157.95ms
step:1514/4740 train_time:239295ms step_avg:158.05ms
step:1515/4740 train_time:239477ms step_avg:158.07ms
step:1516/4740 train_time:239797ms step_avg:158.18ms
step:1517/4740 train_time:239977ms step_avg:158.19ms
step:1518/4740 train_time:240298ms step_avg:158.30ms
step:1519/4740 train_time:240477ms step_avg:158.31ms
step:1520/4740 train_time:240794ms step_avg:158.42ms
step:1521/4740 train_time:240977ms step_avg:158.43ms
step:1522/4740 train_time:241297ms step_avg:158.54ms
step:1523/4740 train_time:241477ms step_avg:158.55ms
step:1524/4740 train_time:241798ms step_avg:158.66ms
step:1525/4740 train_time:241976ms step_avg:158.67ms
step:1526/4740 train_time:242298ms step_avg:158.78ms
step:1527/4740 train_time:242477ms step_avg:158.79ms
step:1528/4740 train_time:242796ms step_avg:158.90ms
step:1529/4740 train_time:242976ms step_avg:158.91ms
step:1530/4740 train_time:243296ms step_avg:159.02ms
step:1531/4740 train_time:243476ms step_avg:159.03ms
step:1532/4740 train_time:243797ms step_avg:159.14ms
step:1533/4740 train_time:243977ms step_avg:159.15ms
step:1534/4740 train_time:244298ms step_avg:159.26ms
step:1535/4740 train_time:244478ms step_avg:159.27ms
step:1536/4740 train_time:244798ms step_avg:159.37ms
step:1537/4740 train_time:244977ms step_avg:159.39ms
step:1538/4740 train_time:245295ms step_avg:159.49ms
step:1539/4740 train_time:245475ms step_avg:159.50ms
step:1540/4740 train_time:245794ms step_avg:159.61ms
step:1541/4740 train_time:245976ms step_avg:159.62ms
step:1542/4740 train_time:246298ms step_avg:159.73ms
step:1543/4740 train_time:246475ms step_avg:159.74ms
step:1544/4740 train_time:246796ms step_avg:159.84ms
step:1545/4740 train_time:246975ms step_avg:159.85ms
step:1546/4740 train_time:247291ms step_avg:159.96ms
step:1547/4740 train_time:247474ms step_avg:159.97ms
step:1548/4740 train_time:247793ms step_avg:160.07ms
step:1549/4740 train_time:247974ms step_avg:160.09ms
step:1550/4740 train_time:248291ms step_avg:160.19ms
step:1551/4740 train_time:248470ms step_avg:160.20ms
step:1552/4740 train_time:248791ms step_avg:160.30ms
step:1553/4740 train_time:248970ms step_avg:160.32ms
step:1554/4740 train_time:249290ms step_avg:160.42ms
step:1555/4740 train_time:249468ms step_avg:160.43ms
step:1556/4740 train_time:249791ms step_avg:160.53ms
step:1557/4740 train_time:249967ms step_avg:160.54ms
step:1558/4740 train_time:250287ms step_avg:160.65ms
step:1559/4740 train_time:250467ms step_avg:160.66ms
step:1560/4740 train_time:250789ms step_avg:160.76ms
step:1561/4740 train_time:250971ms step_avg:160.78ms
step:1562/4740 train_time:251287ms step_avg:160.88ms
step:1563/4740 train_time:251468ms step_avg:160.89ms
step:1564/4740 train_time:251788ms step_avg:160.99ms
step:1565/4740 train_time:251966ms step_avg:161.00ms
step:1566/4740 train_time:252288ms step_avg:161.10ms
step:1567/4740 train_time:252470ms step_avg:161.12ms
step:1568/4740 train_time:252791ms step_avg:161.22ms
step:1569/4740 train_time:252972ms step_avg:161.23ms
step:1570/4740 train_time:253293ms step_avg:161.33ms
step:1571/4740 train_time:253473ms step_avg:161.35ms
step:1572/4740 train_time:253794ms step_avg:161.45ms
step:1573/4740 train_time:253975ms step_avg:161.46ms
step:1574/4740 train_time:254292ms step_avg:161.56ms
step:1575/4740 train_time:254477ms step_avg:161.57ms
step:1576/4740 train_time:254796ms step_avg:161.67ms
step:1577/4740 train_time:254978ms step_avg:161.69ms
step:1578/4740 train_time:255297ms step_avg:161.79ms
step:1579/4740 train_time:255479ms step_avg:161.80ms
step:1580/4740 train_time:255800ms step_avg:161.90ms
step:1581/4740 train_time:255979ms step_avg:161.91ms
step:1582/4740 train_time:256301ms step_avg:162.01ms
step:1583/4740 train_time:256484ms step_avg:162.02ms
step:1584/4740 train_time:256807ms step_avg:162.13ms
step:1585/4740 train_time:256990ms step_avg:162.14ms
step:1586/4740 train_time:257308ms step_avg:162.24ms
step:1587/4740 train_time:257492ms step_avg:162.25ms
step:1588/4740 train_time:257809ms step_avg:162.35ms
step:1589/4740 train_time:257990ms step_avg:162.36ms
step:1590/4740 train_time:258308ms step_avg:162.46ms
step:1591/4740 train_time:258491ms step_avg:162.47ms
step:1592/4740 train_time:258812ms step_avg:162.57ms
step:1593/4740 train_time:258994ms step_avg:162.58ms
step:1594/4740 train_time:259315ms step_avg:162.68ms
step:1595/4740 train_time:259493ms step_avg:162.69ms
step:1596/4740 train_time:259816ms step_avg:162.79ms
step:1597/4740 train_time:259996ms step_avg:162.80ms
step:1598/4740 train_time:260317ms step_avg:162.90ms
step:1599/4740 train_time:260497ms step_avg:162.91ms
step:1600/4740 train_time:260819ms step_avg:163.01ms
step:1601/4740 train_time:260996ms step_avg:163.02ms
step:1602/4740 train_time:261317ms step_avg:163.12ms
step:1603/4740 train_time:261498ms step_avg:163.13ms
step:1604/4740 train_time:261820ms step_avg:163.23ms
step:1605/4740 train_time:261998ms step_avg:163.24ms
step:1606/4740 train_time:262319ms step_avg:163.34ms
step:1607/4740 train_time:262500ms step_avg:163.35ms
step:1608/4740 train_time:262822ms step_avg:163.45ms
step:1609/4740 train_time:263001ms step_avg:163.46ms
step:1610/4740 train_time:263321ms step_avg:163.55ms
step:1611/4740 train_time:263501ms step_avg:163.56ms
step:1612/4740 train_time:263818ms step_avg:163.66ms
step:1613/4740 train_time:264000ms step_avg:163.67ms
step:1614/4740 train_time:264319ms step_avg:163.77ms
step:1615/4740 train_time:264500ms step_avg:163.78ms
step:1616/4740 train_time:264820ms step_avg:163.87ms
step:1617/4740 train_time:265000ms step_avg:163.88ms
step:1618/4740 train_time:265320ms step_avg:163.98ms
step:1619/4740 train_time:265500ms step_avg:163.99ms
step:1620/4740 train_time:265820ms step_avg:164.09ms
step:1621/4740 train_time:266001ms step_avg:164.10ms
step:1622/4740 train_time:266320ms step_avg:164.19ms
step:1623/4740 train_time:266503ms step_avg:164.20ms
step:1624/4740 train_time:266821ms step_avg:164.30ms
step:1625/4740 train_time:267001ms step_avg:164.31ms
step:1626/4740 train_time:267318ms step_avg:164.40ms
step:1627/4740 train_time:267503ms step_avg:164.41ms
step:1628/4740 train_time:267822ms step_avg:164.51ms
step:1629/4740 train_time:268000ms step_avg:164.52ms
step:1630/4740 train_time:268318ms step_avg:164.61ms
step:1631/4740 train_time:268501ms step_avg:164.62ms
step:1632/4740 train_time:268821ms step_avg:164.72ms
step:1633/4740 train_time:269003ms step_avg:164.73ms
step:1634/4740 train_time:269323ms step_avg:164.82ms
step:1635/4740 train_time:269504ms step_avg:164.83ms
step:1636/4740 train_time:269827ms step_avg:164.93ms
step:1637/4740 train_time:270006ms step_avg:164.94ms
step:1638/4740 train_time:270324ms step_avg:165.03ms
step:1639/4740 train_time:270505ms step_avg:165.04ms
step:1640/4740 train_time:270824ms step_avg:165.14ms
step:1641/4740 train_time:271004ms step_avg:165.15ms
step:1642/4740 train_time:271325ms step_avg:165.24ms
step:1643/4740 train_time:271507ms step_avg:165.25ms
step:1644/4740 train_time:271826ms step_avg:165.34ms
step:1645/4740 train_time:272008ms step_avg:165.35ms
step:1646/4740 train_time:272329ms step_avg:165.45ms
step:1647/4740 train_time:272511ms step_avg:165.46ms
step:1648/4740 train_time:272830ms step_avg:165.55ms
step:1649/4740 train_time:273010ms step_avg:165.56ms
step:1650/4740 train_time:273329ms step_avg:165.65ms
step:1651/4740 train_time:273512ms step_avg:165.66ms
step:1652/4740 train_time:273828ms step_avg:165.76ms
step:1653/4740 train_time:274012ms step_avg:165.77ms
step:1654/4740 train_time:274332ms step_avg:165.86ms
step:1655/4740 train_time:274512ms step_avg:165.87ms
step:1656/4740 train_time:274832ms step_avg:165.96ms
step:1657/4740 train_time:275014ms step_avg:165.97ms
step:1658/4740 train_time:275334ms step_avg:166.06ms
step:1659/4740 train_time:275519ms step_avg:166.08ms
step:1660/4740 train_time:275839ms step_avg:166.17ms
step:1661/4740 train_time:276021ms step_avg:166.18ms
step:1662/4740 train_time:276340ms step_avg:166.27ms
step:1663/4740 train_time:276522ms step_avg:166.28ms
step:1664/4740 train_time:276843ms step_avg:166.37ms
step:1665/4740 train_time:277027ms step_avg:166.38ms
step:1666/4740 train_time:277350ms step_avg:166.48ms
step:1667/4740 train_time:277528ms step_avg:166.48ms
step:1668/4740 train_time:277849ms step_avg:166.58ms
step:1669/4740 train_time:278029ms step_avg:166.58ms
step:1670/4740 train_time:278349ms step_avg:166.68ms
step:1671/4740 train_time:278531ms step_avg:166.69ms
step:1672/4740 train_time:278853ms step_avg:166.78ms
step:1673/4740 train_time:279035ms step_avg:166.79ms
step:1674/4740 train_time:279354ms step_avg:166.88ms
step:1675/4740 train_time:279535ms step_avg:166.89ms
step:1676/4740 train_time:279855ms step_avg:166.98ms
step:1677/4740 train_time:280039ms step_avg:166.99ms
step:1678/4740 train_time:280357ms step_avg:167.08ms
step:1679/4740 train_time:280534ms step_avg:167.08ms
step:1680/4740 train_time:280856ms step_avg:167.18ms
step:1681/4740 train_time:281038ms step_avg:167.19ms
step:1682/4740 train_time:281362ms step_avg:167.28ms
step:1683/4740 train_time:281540ms step_avg:167.28ms
step:1684/4740 train_time:281860ms step_avg:167.38ms
step:1685/4740 train_time:282040ms step_avg:167.38ms
step:1686/4740 train_time:282362ms step_avg:167.47ms
step:1687/4740 train_time:282543ms step_avg:167.48ms
step:1688/4740 train_time:282863ms step_avg:167.57ms
step:1689/4740 train_time:283046ms step_avg:167.58ms
step:1690/4740 train_time:283365ms step_avg:167.67ms
step:1691/4740 train_time:283545ms step_avg:167.68ms
step:1692/4740 train_time:283865ms step_avg:167.77ms
step:1693/4740 train_time:284049ms step_avg:167.78ms
step:1694/4740 train_time:284369ms step_avg:167.87ms
step:1695/4740 train_time:284549ms step_avg:167.88ms
step:1696/4740 train_time:284869ms step_avg:167.97ms
step:1697/4740 train_time:285052ms step_avg:167.97ms
step:1698/4740 train_time:285372ms step_avg:168.06ms
step:1699/4740 train_time:285555ms step_avg:168.07ms
step:1700/4740 train_time:285873ms step_avg:168.16ms
step:1701/4740 train_time:286055ms step_avg:168.17ms
step:1702/4740 train_time:286375ms step_avg:168.26ms
step:1703/4740 train_time:286556ms step_avg:168.27ms
step:1704/4740 train_time:286876ms step_avg:168.35ms
step:1705/4740 train_time:287055ms step_avg:168.36ms
step:1706/4740 train_time:287376ms step_avg:168.45ms
step:1707/4740 train_time:287556ms step_avg:168.46ms
step:1708/4740 train_time:287875ms step_avg:168.55ms
step:1709/4740 train_time:288055ms step_avg:168.55ms
step:1710/4740 train_time:288374ms step_avg:168.64ms
step:1711/4740 train_time:288554ms step_avg:168.65ms
step:1712/4740 train_time:288878ms step_avg:168.74ms
step:1713/4740 train_time:289058ms step_avg:168.74ms
step:1714/4740 train_time:289381ms step_avg:168.83ms
step:1715/4740 train_time:289558ms step_avg:168.84ms
step:1716/4740 train_time:289880ms step_avg:168.93ms
step:1717/4740 train_time:290059ms step_avg:168.93ms
step:1718/4740 train_time:290379ms step_avg:169.02ms
step:1719/4740 train_time:290559ms step_avg:169.03ms
step:1720/4740 train_time:290882ms step_avg:169.12ms
step:1721/4740 train_time:291059ms step_avg:169.12ms
step:1722/4740 train_time:291383ms step_avg:169.21ms
step:1723/4740 train_time:291561ms step_avg:169.22ms
step:1724/4740 train_time:291880ms step_avg:169.30ms
step:1725/4740 train_time:292060ms step_avg:169.31ms
step:1726/4740 train_time:292384ms step_avg:169.40ms
step:1727/4740 train_time:292565ms step_avg:169.41ms
step:1728/4740 train_time:292886ms step_avg:169.49ms
step:1729/4740 train_time:293066ms step_avg:169.50ms
step:1730/4740 train_time:293385ms step_avg:169.59ms
step:1731/4740 train_time:293570ms step_avg:169.60ms
step:1732/4740 train_time:293891ms step_avg:169.68ms
step:1733/4740 train_time:294067ms step_avg:169.69ms
step:1734/4740 train_time:294389ms step_avg:169.77ms
step:1735/4740 train_time:294570ms step_avg:169.78ms
step:1736/4740 train_time:294892ms step_avg:169.87ms
step:1737/4740 train_time:295070ms step_avg:169.87ms
step:1738/4740 train_time:295389ms step_avg:169.96ms
step:1739/4740 train_time:295571ms step_avg:169.97ms
step:1740/4740 train_time:295892ms step_avg:170.05ms
step:1741/4740 train_time:296071ms step_avg:170.06ms
step:1742/4740 train_time:296390ms step_avg:170.14ms
step:1743/4740 train_time:296575ms step_avg:170.15ms
step:1744/4740 train_time:296893ms step_avg:170.24ms
step:1745/4740 train_time:297075ms step_avg:170.24ms
step:1746/4740 train_time:297396ms step_avg:170.33ms
step:1747/4740 train_time:297578ms step_avg:170.34ms
step:1748/4740 train_time:297899ms step_avg:170.42ms
step:1749/4740 train_time:298077ms step_avg:170.43ms
step:1750/4740 train_time:298400ms step_avg:170.51ms
step:1750/4740 val_loss:3.2379 train_time:298527ms step_avg:170.59ms
step:1751/4740 train_time:298582ms step_avg:170.52ms
step:1752/4740 train_time:298916ms step_avg:170.61ms
step:1753/4740 train_time:299093ms step_avg:170.62ms
step:1754/4740 train_time:299409ms step_avg:170.70ms
step:1755/4740 train_time:299589ms step_avg:170.71ms
step:1756/4740 train_time:299916ms step_avg:170.79ms
step:1757/4740 train_time:300095ms step_avg:170.80ms
step:1758/4740 train_time:300412ms step_avg:170.88ms
step:1759/4740 train_time:300594ms step_avg:170.89ms
step:1760/4740 train_time:300916ms step_avg:170.98ms
step:1761/4740 train_time:301098ms step_avg:170.98ms
step:1762/4740 train_time:301418ms step_avg:171.07ms
step:1763/4740 train_time:301597ms step_avg:171.07ms
step:1764/4740 train_time:301921ms step_avg:171.16ms
step:1765/4740 train_time:302100ms step_avg:171.16ms
step:1766/4740 train_time:302420ms step_avg:171.25ms
step:1767/4740 train_time:302598ms step_avg:171.25ms
step:1768/4740 train_time:302921ms step_avg:171.34ms
step:1769/4740 train_time:303102ms step_avg:171.34ms
step:1770/4740 train_time:303422ms step_avg:171.43ms
step:1771/4740 train_time:303603ms step_avg:171.43ms
step:1772/4740 train_time:303925ms step_avg:171.52ms
step:1773/4740 train_time:304108ms step_avg:171.52ms
step:1774/4740 train_time:304430ms step_avg:171.61ms
step:1775/4740 train_time:304608ms step_avg:171.61ms
step:1776/4740 train_time:304930ms step_avg:171.69ms
step:1777/4740 train_time:305111ms step_avg:171.70ms
step:1778/4740 train_time:305434ms step_avg:171.79ms
step:1779/4740 train_time:305614ms step_avg:171.79ms
step:1780/4740 train_time:305934ms step_avg:171.87ms
step:1781/4740 train_time:306114ms step_avg:171.88ms
step:1782/4740 train_time:306436ms step_avg:171.96ms
step:1783/4740 train_time:306617ms step_avg:171.97ms
step:1784/4740 train_time:306940ms step_avg:172.05ms
step:1785/4740 train_time:307119ms step_avg:172.06ms
step:1786/4740 train_time:307441ms step_avg:172.14ms
step:1787/4740 train_time:307618ms step_avg:172.14ms
step:1788/4740 train_time:307941ms step_avg:172.23ms
step:1789/4740 train_time:308124ms step_avg:172.23ms
step:1790/4740 train_time:308443ms step_avg:172.31ms
step:1791/4740 train_time:308629ms step_avg:172.32ms
step:1792/4740 train_time:308948ms step_avg:172.40ms
step:1793/4740 train_time:309131ms step_avg:172.41ms
step:1794/4740 train_time:309453ms step_avg:172.49ms
step:1795/4740 train_time:309632ms step_avg:172.50ms
step:1796/4740 train_time:309951ms step_avg:172.58ms
step:1797/4740 train_time:310131ms step_avg:172.58ms
step:1798/4740 train_time:310453ms step_avg:172.67ms
step:1799/4740 train_time:310631ms step_avg:172.67ms
step:1800/4740 train_time:310949ms step_avg:172.75ms
step:1801/4740 train_time:311133ms step_avg:172.76ms
step:1802/4740 train_time:311455ms step_avg:172.84ms
step:1803/4740 train_time:311635ms step_avg:172.84ms
step:1804/4740 train_time:311952ms step_avg:172.92ms
step:1805/4740 train_time:312137ms step_avg:172.93ms
step:1806/4740 train_time:312457ms step_avg:173.01ms
step:1807/4740 train_time:312638ms step_avg:173.02ms
step:1808/4740 train_time:312959ms step_avg:173.10ms
step:1809/4740 train_time:313142ms step_avg:173.10ms
step:1810/4740 train_time:313460ms step_avg:173.18ms
step:1811/4740 train_time:313641ms step_avg:173.19ms
step:1812/4740 train_time:313963ms step_avg:173.27ms
step:1813/4740 train_time:314144ms step_avg:173.27ms
step:1814/4740 train_time:314465ms step_avg:173.35ms
step:1815/4740 train_time:314645ms step_avg:173.36ms
step:1816/4740 train_time:314968ms step_avg:173.44ms
step:1817/4740 train_time:315149ms step_avg:173.44ms
step:1818/4740 train_time:315474ms step_avg:173.53ms
step:1819/4740 train_time:315652ms step_avg:173.53ms
step:1820/4740 train_time:315971ms step_avg:173.61ms
step:1821/4740 train_time:316154ms step_avg:173.62ms
step:1822/4740 train_time:316476ms step_avg:173.70ms
step:1823/4740 train_time:316655ms step_avg:173.70ms
step:1824/4740 train_time:316970ms step_avg:173.78ms
step:1825/4740 train_time:317154ms step_avg:173.78ms
step:1826/4740 train_time:317477ms step_avg:173.86ms
step:1827/4740 train_time:317658ms step_avg:173.87ms
step:1828/4740 train_time:317978ms step_avg:173.95ms
step:1829/4740 train_time:318157ms step_avg:173.95ms
step:1830/4740 train_time:318478ms step_avg:174.03ms
step:1831/4740 train_time:318657ms step_avg:174.03ms
step:1832/4740 train_time:318978ms step_avg:174.11ms
step:1833/4740 train_time:319159ms step_avg:174.12ms
step:1834/4740 train_time:319477ms step_avg:174.20ms
step:1835/4740 train_time:319657ms step_avg:174.20ms
step:1836/4740 train_time:319977ms step_avg:174.28ms
step:1837/4740 train_time:320159ms step_avg:174.28ms
step:1838/4740 train_time:320478ms step_avg:174.36ms
step:1839/4740 train_time:320659ms step_avg:174.37ms
step:1840/4740 train_time:320982ms step_avg:174.45ms
step:1841/4740 train_time:321162ms step_avg:174.45ms
step:1842/4740 train_time:321483ms step_avg:174.53ms
step:1843/4740 train_time:321666ms step_avg:174.53ms
step:1844/4740 train_time:321988ms step_avg:174.61ms
step:1845/4740 train_time:322168ms step_avg:174.62ms
step:1846/4740 train_time:322488ms step_avg:174.70ms
step:1847/4740 train_time:322668ms step_avg:174.70ms
step:1848/4740 train_time:322988ms step_avg:174.78ms
step:1849/4740 train_time:323170ms step_avg:174.78ms
step:1850/4740 train_time:323492ms step_avg:174.86ms
step:1851/4740 train_time:323670ms step_avg:174.86ms
step:1852/4740 train_time:323992ms step_avg:174.94ms
step:1853/4740 train_time:324172ms step_avg:174.94ms
step:1854/4740 train_time:324495ms step_avg:175.02ms
step:1855/4740 train_time:324675ms step_avg:175.03ms
step:1856/4740 train_time:324994ms step_avg:175.10ms
step:1857/4740 train_time:325174ms step_avg:175.11ms
step:1858/4740 train_time:325493ms step_avg:175.18ms
step:1859/4740 train_time:325677ms step_avg:175.19ms
step:1860/4740 train_time:325995ms step_avg:175.27ms
step:1861/4740 train_time:326175ms step_avg:175.27ms
step:1862/4740 train_time:326495ms step_avg:175.35ms
step:1863/4740 train_time:326674ms step_avg:175.35ms
step:1864/4740 train_time:326991ms step_avg:175.42ms
step:1865/4740 train_time:327173ms step_avg:175.43ms
step:1866/4740 train_time:327495ms step_avg:175.51ms
step:1867/4740 train_time:327674ms step_avg:175.51ms
step:1868/4740 train_time:327994ms step_avg:175.59ms
step:1869/4740 train_time:328175ms step_avg:175.59ms
step:1870/4740 train_time:328495ms step_avg:175.67ms
step:1871/4740 train_time:328675ms step_avg:175.67ms
step:1872/4740 train_time:328993ms step_avg:175.74ms
step:1873/4740 train_time:329174ms step_avg:175.75ms
step:1874/4740 train_time:329496ms step_avg:175.82ms
step:1875/4740 train_time:329677ms step_avg:175.83ms
step:1876/4740 train_time:330000ms step_avg:175.91ms
step:1877/4740 train_time:330179ms step_avg:175.91ms
step:1878/4740 train_time:330502ms step_avg:175.99ms
step:1879/4740 train_time:330683ms step_avg:175.99ms
step:1880/4740 train_time:331001ms step_avg:176.06ms
step:1881/4740 train_time:331182ms step_avg:176.07ms
step:1882/4740 train_time:331502ms step_avg:176.14ms
step:1883/4740 train_time:331683ms step_avg:176.15ms
step:1884/4740 train_time:332002ms step_avg:176.22ms
step:1885/4740 train_time:332183ms step_avg:176.22ms
step:1886/4740 train_time:332505ms step_avg:176.30ms
step:1887/4740 train_time:332686ms step_avg:176.30ms
step:1888/4740 train_time:333007ms step_avg:176.38ms
step:1889/4740 train_time:333187ms step_avg:176.38ms
step:1890/4740 train_time:333506ms step_avg:176.46ms
step:1891/4740 train_time:333689ms step_avg:176.46ms
step:1892/4740 train_time:334013ms step_avg:176.54ms
step:1893/4740 train_time:334194ms step_avg:176.54ms
step:1894/4740 train_time:334517ms step_avg:176.62ms
step:1895/4740 train_time:334697ms step_avg:176.62ms
step:1896/4740 train_time:335019ms step_avg:176.70ms
step:1897/4740 train_time:335201ms step_avg:176.70ms
step:1898/4740 train_time:335520ms step_avg:176.78ms
step:1899/4740 train_time:335702ms step_avg:176.78ms
step:1900/4740 train_time:336023ms step_avg:176.85ms
step:1901/4740 train_time:336205ms step_avg:176.86ms
step:1902/4740 train_time:336527ms step_avg:176.93ms
step:1903/4740 train_time:336707ms step_avg:176.93ms
step:1904/4740 train_time:337027ms step_avg:177.01ms
step:1905/4740 train_time:337210ms step_avg:177.01ms
step:1906/4740 train_time:337528ms step_avg:177.09ms
step:1907/4740 train_time:337708ms step_avg:177.09ms
step:1908/4740 train_time:338029ms step_avg:177.16ms
step:1909/4740 train_time:338213ms step_avg:177.17ms
step:1910/4740 train_time:338535ms step_avg:177.24ms
step:1911/4740 train_time:338717ms step_avg:177.25ms
step:1912/4740 train_time:339041ms step_avg:177.32ms
step:1913/4740 train_time:339223ms step_avg:177.33ms
step:1914/4740 train_time:339543ms step_avg:177.40ms
step:1915/4740 train_time:339721ms step_avg:177.40ms
step:1916/4740 train_time:340041ms step_avg:177.47ms
step:1917/4740 train_time:340220ms step_avg:177.48ms
step:1918/4740 train_time:340541ms step_avg:177.55ms
step:1919/4740 train_time:340719ms step_avg:177.55ms
step:1920/4740 train_time:341040ms step_avg:177.63ms
step:1921/4740 train_time:341223ms step_avg:177.63ms
step:1922/4740 train_time:341546ms step_avg:177.70ms
step:1923/4740 train_time:341728ms step_avg:177.71ms
step:1924/4740 train_time:342048ms step_avg:177.78ms
step:1925/4740 train_time:342231ms step_avg:177.78ms
step:1926/4740 train_time:342551ms step_avg:177.86ms
step:1927/4740 train_time:342734ms step_avg:177.86ms
step:1928/4740 train_time:343052ms step_avg:177.93ms
step:1929/4740 train_time:343238ms step_avg:177.94ms
step:1930/4740 train_time:343553ms step_avg:178.01ms
step:1931/4740 train_time:343737ms step_avg:178.01ms
step:1932/4740 train_time:344054ms step_avg:178.08ms
step:1933/4740 train_time:344235ms step_avg:178.08ms
step:1934/4740 train_time:344557ms step_avg:178.16ms
step:1935/4740 train_time:344737ms step_avg:178.16ms
step:1936/4740 train_time:345058ms step_avg:178.23ms
step:1937/4740 train_time:345235ms step_avg:178.23ms
step:1938/4740 train_time:345555ms step_avg:178.30ms
step:1939/4740 train_time:345735ms step_avg:178.31ms
step:1940/4740 train_time:346056ms step_avg:178.38ms
step:1941/4740 train_time:346234ms step_avg:178.38ms
step:1942/4740 train_time:346555ms step_avg:178.45ms
step:1943/4740 train_time:346739ms step_avg:178.46ms
step:1944/4740 train_time:347055ms step_avg:178.53ms
step:1945/4740 train_time:347237ms step_avg:178.53ms
step:1946/4740 train_time:347558ms step_avg:178.60ms
step:1947/4740 train_time:347738ms step_avg:178.60ms
step:1948/4740 train_time:348061ms step_avg:178.68ms
step:1949/4740 train_time:348239ms step_avg:178.68ms
step:1950/4740 train_time:348561ms step_avg:178.75ms
step:1951/4740 train_time:348741ms step_avg:178.75ms
step:1952/4740 train_time:349064ms step_avg:178.82ms
step:1953/4740 train_time:349243ms step_avg:178.82ms
step:1954/4740 train_time:349568ms step_avg:178.90ms
step:1955/4740 train_time:349750ms step_avg:178.90ms
step:1956/4740 train_time:350069ms step_avg:178.97ms
step:1957/4740 train_time:350251ms step_avg:178.97ms
step:1958/4740 train_time:350573ms step_avg:179.05ms
step:1959/4740 train_time:350754ms step_avg:179.05ms
step:1960/4740 train_time:351074ms step_avg:179.12ms
step:1961/4740 train_time:351256ms step_avg:179.12ms
step:1962/4740 train_time:351580ms step_avg:179.19ms
step:1963/4740 train_time:351758ms step_avg:179.19ms
step:1964/4740 train_time:352080ms step_avg:179.27ms
step:1965/4740 train_time:352261ms step_avg:179.27ms
step:1966/4740 train_time:352585ms step_avg:179.34ms
step:1967/4740 train_time:352763ms step_avg:179.34ms
step:1968/4740 train_time:353084ms step_avg:179.41ms
step:1969/4740 train_time:353264ms step_avg:179.41ms
step:1970/4740 train_time:353584ms step_avg:179.48ms
step:1971/4740 train_time:353766ms step_avg:179.49ms
step:1972/4740 train_time:354090ms step_avg:179.56ms
step:1973/4740 train_time:354269ms step_avg:179.56ms
step:1974/4740 train_time:354589ms step_avg:179.63ms
step:1975/4740 train_time:354772ms step_avg:179.63ms
step:1976/4740 train_time:355091ms step_avg:179.70ms
step:1977/4740 train_time:355273ms step_avg:179.70ms
step:1978/4740 train_time:355593ms step_avg:179.77ms
step:1979/4740 train_time:355776ms step_avg:179.78ms
step:1980/4740 train_time:356097ms step_avg:179.85ms
step:1981/4740 train_time:356279ms step_avg:179.85ms
step:1982/4740 train_time:356606ms step_avg:179.92ms
step:1983/4740 train_time:356784ms step_avg:179.92ms
step:1984/4740 train_time:357105ms step_avg:179.99ms
step:1985/4740 train_time:357287ms step_avg:179.99ms
step:1986/4740 train_time:357608ms step_avg:180.06ms
step:1987/4740 train_time:357794ms step_avg:180.07ms
step:1988/4740 train_time:358115ms step_avg:180.14ms
step:1989/4740 train_time:358297ms step_avg:180.14ms
step:1990/4740 train_time:358617ms step_avg:180.21ms
step:1991/4740 train_time:358800ms step_avg:180.21ms
step:1992/4740 train_time:359122ms step_avg:180.28ms
step:1993/4740 train_time:359301ms step_avg:180.28ms
step:1994/4740 train_time:359622ms step_avg:180.35ms
step:1995/4740 train_time:359800ms step_avg:180.35ms
step:1996/4740 train_time:360123ms step_avg:180.42ms
step:1997/4740 train_time:360304ms step_avg:180.42ms
step:1998/4740 train_time:360625ms step_avg:180.49ms
step:1999/4740 train_time:360808ms step_avg:180.49ms
step:2000/4740 train_time:361132ms step_avg:180.57ms
step:2000/4740 val_loss:3.2031 train_time:361259ms step_avg:180.63ms
step:2001/4740 train_time:361315ms step_avg:180.57ms
step:2002/4740 train_time:361645ms step_avg:180.64ms
step:2003/4740 train_time:361824ms step_avg:180.64ms
step:2004/4740 train_time:362136ms step_avg:180.71ms
step:2005/4740 train_time:362315ms step_avg:180.71ms
step:2006/4740 train_time:362641ms step_avg:180.78ms
step:2007/4740 train_time:362828ms step_avg:180.78ms
step:2008/4740 train_time:363145ms step_avg:180.85ms
step:2009/4740 train_time:363325ms step_avg:180.85ms
step:2010/4740 train_time:363651ms step_avg:180.92ms
step:2011/4740 train_time:363832ms step_avg:180.92ms
step:2012/4740 train_time:364149ms step_avg:180.99ms
step:2013/4740 train_time:364331ms step_avg:180.99ms
step:2014/4740 train_time:364655ms step_avg:181.06ms
step:2015/4740 train_time:364836ms step_avg:181.06ms
step:2016/4740 train_time:365156ms step_avg:181.13ms
step:2017/4740 train_time:365337ms step_avg:181.13ms
step:2018/4740 train_time:365658ms step_avg:181.20ms
step:2019/4740 train_time:365842ms step_avg:181.20ms
step:2020/4740 train_time:366162ms step_avg:181.27ms
step:2021/4740 train_time:366341ms step_avg:181.27ms
step:2022/4740 train_time:366660ms step_avg:181.34ms
step:2023/4740 train_time:366843ms step_avg:181.34ms
step:2024/4740 train_time:367163ms step_avg:181.40ms
step:2025/4740 train_time:367344ms step_avg:181.40ms
step:2026/4740 train_time:367663ms step_avg:181.47ms
step:2027/4740 train_time:367848ms step_avg:181.47ms
step:2028/4740 train_time:368170ms step_avg:181.54ms
step:2029/4740 train_time:368350ms step_avg:181.54ms
step:2030/4740 train_time:368669ms step_avg:181.61ms
step:2031/4740 train_time:368855ms step_avg:181.61ms
step:2032/4740 train_time:369176ms step_avg:181.68ms
step:2033/4740 train_time:369356ms step_avg:181.68ms
step:2034/4740 train_time:369677ms step_avg:181.75ms
step:2035/4740 train_time:369857ms step_avg:181.75ms
step:2036/4740 train_time:370180ms step_avg:181.82ms
step:2037/4740 train_time:370357ms step_avg:181.82ms
step:2038/4740 train_time:370682ms step_avg:181.89ms
step:2039/4740 train_time:370864ms step_avg:181.89ms
step:2040/4740 train_time:371185ms step_avg:181.95ms
step:2041/4740 train_time:371368ms step_avg:181.95ms
step:2042/4740 train_time:371684ms step_avg:182.02ms
step:2043/4740 train_time:371868ms step_avg:182.02ms
step:2044/4740 train_time:372188ms step_avg:182.09ms
step:2045/4740 train_time:372370ms step_avg:182.09ms
step:2046/4740 train_time:372690ms step_avg:182.16ms
step:2047/4740 train_time:372871ms step_avg:182.15ms
step:2048/4740 train_time:373192ms step_avg:182.22ms
step:2049/4740 train_time:373373ms step_avg:182.22ms
step:2050/4740 train_time:373695ms step_avg:182.29ms
step:2051/4740 train_time:373878ms step_avg:182.29ms
step:2052/4740 train_time:374201ms step_avg:182.36ms
step:2053/4740 train_time:374386ms step_avg:182.36ms
step:2054/4740 train_time:374704ms step_avg:182.43ms
step:2055/4740 train_time:374887ms step_avg:182.43ms
step:2056/4740 train_time:375208ms step_avg:182.49ms
step:2057/4740 train_time:375391ms step_avg:182.49ms
step:2058/4740 train_time:375712ms step_avg:182.56ms
step:2059/4740 train_time:375896ms step_avg:182.56ms
step:2060/4740 train_time:376216ms step_avg:182.63ms
step:2061/4740 train_time:376395ms step_avg:182.63ms
step:2062/4740 train_time:376722ms step_avg:182.70ms
step:2063/4740 train_time:376902ms step_avg:182.70ms
step:2064/4740 train_time:377224ms step_avg:182.76ms
step:2065/4740 train_time:377406ms step_avg:182.76ms
step:2066/4740 train_time:377728ms step_avg:182.83ms
step:2067/4740 train_time:377906ms step_avg:182.83ms
step:2068/4740 train_time:378230ms step_avg:182.90ms
step:2069/4740 train_time:378411ms step_avg:182.90ms
step:2070/4740 train_time:378731ms step_avg:182.96ms
step:2071/4740 train_time:378915ms step_avg:182.96ms
step:2072/4740 train_time:379235ms step_avg:183.03ms
step:2073/4740 train_time:379421ms step_avg:183.03ms
step:2074/4740 train_time:379741ms step_avg:183.10ms
step:2075/4740 train_time:379927ms step_avg:183.10ms
step:2076/4740 train_time:380249ms step_avg:183.16ms
step:2077/4740 train_time:380428ms step_avg:183.16ms
step:2078/4740 train_time:380747ms step_avg:183.23ms
step:2079/4740 train_time:380929ms step_avg:183.23ms
step:2080/4740 train_time:381248ms step_avg:183.29ms
step:2081/4740 train_time:381430ms step_avg:183.29ms
step:2082/4740 train_time:381748ms step_avg:183.36ms
step:2083/4740 train_time:381930ms step_avg:183.36ms
step:2084/4740 train_time:382251ms step_avg:183.42ms
step:2085/4740 train_time:382433ms step_avg:183.42ms
step:2086/4740 train_time:382749ms step_avg:183.48ms
step:2087/4740 train_time:382933ms step_avg:183.49ms
step:2088/4740 train_time:383256ms step_avg:183.55ms
step:2089/4740 train_time:383439ms step_avg:183.55ms
step:2090/4740 train_time:383757ms step_avg:183.62ms
step:2091/4740 train_time:383941ms step_avg:183.62ms
step:2092/4740 train_time:384260ms step_avg:183.68ms
step:2093/4740 train_time:384443ms step_avg:183.68ms
step:2094/4740 train_time:384764ms step_avg:183.75ms
step:2095/4740 train_time:384952ms step_avg:183.75ms
step:2096/4740 train_time:385268ms step_avg:183.81ms
step:2097/4740 train_time:385452ms step_avg:183.81ms
step:2098/4740 train_time:385774ms step_avg:183.88ms
step:2099/4740 train_time:385958ms step_avg:183.88ms
step:2100/4740 train_time:386277ms step_avg:183.94ms
step:2101/4740 train_time:386460ms step_avg:183.94ms
step:2102/4740 train_time:386779ms step_avg:184.01ms
step:2103/4740 train_time:386965ms step_avg:184.01ms
step:2104/4740 train_time:387289ms step_avg:184.07ms
step:2105/4740 train_time:387471ms step_avg:184.07ms
step:2106/4740 train_time:387790ms step_avg:184.14ms
step:2107/4740 train_time:387975ms step_avg:184.14ms
step:2108/4740 train_time:388296ms step_avg:184.20ms
step:2109/4740 train_time:388477ms step_avg:184.20ms
step:2110/4740 train_time:388798ms step_avg:184.26ms
step:2111/4740 train_time:388979ms step_avg:184.26ms
step:2112/4740 train_time:389302ms step_avg:184.33ms
step:2113/4740 train_time:389484ms step_avg:184.33ms
step:2114/4740 train_time:389804ms step_avg:184.39ms
step:2115/4740 train_time:389988ms step_avg:184.39ms
step:2116/4740 train_time:390305ms step_avg:184.45ms
step:2117/4740 train_time:390489ms step_avg:184.45ms
step:2118/4740 train_time:390809ms step_avg:184.52ms
step:2119/4740 train_time:390992ms step_avg:184.52ms
step:2120/4740 train_time:391312ms step_avg:184.58ms
step:2121/4740 train_time:391496ms step_avg:184.58ms
step:2122/4740 train_time:391823ms step_avg:184.65ms
step:2123/4740 train_time:392002ms step_avg:184.65ms
step:2124/4740 train_time:392325ms step_avg:184.71ms
step:2125/4740 train_time:392503ms step_avg:184.71ms
step:2126/4740 train_time:392824ms step_avg:184.77ms
step:2127/4740 train_time:393006ms step_avg:184.77ms
step:2128/4740 train_time:393327ms step_avg:184.83ms
step:2129/4740 train_time:393504ms step_avg:184.83ms
step:2130/4740 train_time:393827ms step_avg:184.90ms
step:2131/4740 train_time:394009ms step_avg:184.89ms
step:2132/4740 train_time:394330ms step_avg:184.96ms
step:2133/4740 train_time:394511ms step_avg:184.96ms
step:2134/4740 train_time:394831ms step_avg:185.02ms
step:2135/4740 train_time:395012ms step_avg:185.02ms
step:2136/4740 train_time:395335ms step_avg:185.08ms
step:2137/4740 train_time:395514ms step_avg:185.08ms
step:2138/4740 train_time:395837ms step_avg:185.14ms
step:2139/4740 train_time:396021ms step_avg:185.14ms
step:2140/4740 train_time:396343ms step_avg:185.21ms
step:2141/4740 train_time:396524ms step_avg:185.20ms
step:2142/4740 train_time:396844ms step_avg:185.27ms
step:2143/4740 train_time:397029ms step_avg:185.27ms
step:2144/4740 train_time:397351ms step_avg:185.33ms
step:2145/4740 train_time:397528ms step_avg:185.33ms
step:2146/4740 train_time:397847ms step_avg:185.39ms
step:2147/4740 train_time:398033ms step_avg:185.39ms
step:2148/4740 train_time:398354ms step_avg:185.45ms
step:2149/4740 train_time:398532ms step_avg:185.45ms
step:2150/4740 train_time:398847ms step_avg:185.51ms
step:2151/4740 train_time:399032ms step_avg:185.51ms
step:2152/4740 train_time:399354ms step_avg:185.57ms
step:2153/4740 train_time:399534ms step_avg:185.57ms
step:2154/4740 train_time:399858ms step_avg:185.64ms
step:2155/4740 train_time:400038ms step_avg:185.63ms
step:2156/4740 train_time:400358ms step_avg:185.69ms
step:2157/4740 train_time:400538ms step_avg:185.69ms
step:2158/4740 train_time:400858ms step_avg:185.75ms
step:2159/4740 train_time:401040ms step_avg:185.75ms
step:2160/4740 train_time:401363ms step_avg:185.82ms
step:2161/4740 train_time:401548ms step_avg:185.82ms
step:2162/4740 train_time:401871ms step_avg:185.88ms
step:2163/4740 train_time:402054ms step_avg:185.88ms
step:2164/4740 train_time:402374ms step_avg:185.94ms
step:2165/4740 train_time:402555ms step_avg:185.94ms
step:2166/4740 train_time:402880ms step_avg:186.00ms
step:2167/4740 train_time:403063ms step_avg:186.00ms
step:2168/4740 train_time:403385ms step_avg:186.06ms
step:2169/4740 train_time:403566ms step_avg:186.06ms
step:2170/4740 train_time:403890ms step_avg:186.12ms
step:2171/4740 train_time:404069ms step_avg:186.12ms
step:2172/4740 train_time:404389ms step_avg:186.18ms
step:2173/4740 train_time:404569ms step_avg:186.18ms
step:2174/4740 train_time:404891ms step_avg:186.24ms
step:2175/4740 train_time:405075ms step_avg:186.24ms
step:2176/4740 train_time:405398ms step_avg:186.30ms
step:2177/4740 train_time:405580ms step_avg:186.30ms
step:2178/4740 train_time:405903ms step_avg:186.37ms
step:2179/4740 train_time:406083ms step_avg:186.36ms
step:2180/4740 train_time:406404ms step_avg:186.42ms
step:2181/4740 train_time:406585ms step_avg:186.42ms
step:2182/4740 train_time:406906ms step_avg:186.48ms
step:2183/4740 train_time:407087ms step_avg:186.48ms
step:2184/4740 train_time:407405ms step_avg:186.54ms
step:2185/4740 train_time:407590ms step_avg:186.54ms
step:2186/4740 train_time:407910ms step_avg:186.60ms
step:2187/4740 train_time:408093ms step_avg:186.60ms
step:2188/4740 train_time:408412ms step_avg:186.66ms
step:2189/4740 train_time:408592ms step_avg:186.66ms
step:2190/4740 train_time:408910ms step_avg:186.72ms
step:2191/4740 train_time:409095ms step_avg:186.72ms
step:2192/4740 train_time:409416ms step_avg:186.78ms
step:2193/4740 train_time:409596ms step_avg:186.77ms
step:2194/4740 train_time:409919ms step_avg:186.84ms
step:2195/4740 train_time:410099ms step_avg:186.83ms
step:2196/4740 train_time:410423ms step_avg:186.90ms
step:2197/4740 train_time:410603ms step_avg:186.89ms
step:2198/4740 train_time:410927ms step_avg:186.96ms
step:2199/4740 train_time:411107ms step_avg:186.95ms
step:2200/4740 train_time:411427ms step_avg:187.01ms
step:2201/4740 train_time:411610ms step_avg:187.01ms
step:2202/4740 train_time:411933ms step_avg:187.07ms
step:2203/4740 train_time:412114ms step_avg:187.07ms
step:2204/4740 train_time:412434ms step_avg:187.13ms
step:2205/4740 train_time:412615ms step_avg:187.13ms
step:2206/4740 train_time:412938ms step_avg:187.19ms
step:2207/4740 train_time:413120ms step_avg:187.19ms
step:2208/4740 train_time:413440ms step_avg:187.25ms
step:2209/4740 train_time:413620ms step_avg:187.24ms
step:2210/4740 train_time:413941ms step_avg:187.30ms
step:2211/4740 train_time:414123ms step_avg:187.30ms
step:2212/4740 train_time:414446ms step_avg:187.36ms
step:2213/4740 train_time:414624ms step_avg:187.36ms
step:2214/4740 train_time:414942ms step_avg:187.42ms
step:2215/4740 train_time:415128ms step_avg:187.42ms
step:2216/4740 train_time:415447ms step_avg:187.48ms
step:2217/4740 train_time:415629ms step_avg:187.47ms
step:2218/4740 train_time:415949ms step_avg:187.53ms
step:2219/4740 train_time:416134ms step_avg:187.53ms
step:2220/4740 train_time:416457ms step_avg:187.59ms
step:2221/4740 train_time:416640ms step_avg:187.59ms
step:2222/4740 train_time:416962ms step_avg:187.65ms
step:2223/4740 train_time:417146ms step_avg:187.65ms
step:2224/4740 train_time:417460ms step_avg:187.71ms
step:2225/4740 train_time:417645ms step_avg:187.71ms
step:2226/4740 train_time:417966ms step_avg:187.77ms
step:2227/4740 train_time:418148ms step_avg:187.76ms
step:2228/4740 train_time:418471ms step_avg:187.82ms
step:2229/4740 train_time:418651ms step_avg:187.82ms
step:2230/4740 train_time:418971ms step_avg:187.88ms
step:2231/4740 train_time:419152ms step_avg:187.88ms
step:2232/4740 train_time:419474ms step_avg:187.94ms
step:2233/4740 train_time:419653ms step_avg:187.93ms
step:2234/4740 train_time:419973ms step_avg:187.99ms
step:2235/4740 train_time:420159ms step_avg:187.99ms
step:2236/4740 train_time:420477ms step_avg:188.05ms
step:2237/4740 train_time:420655ms step_avg:188.04ms
step:2238/4740 train_time:420978ms step_avg:188.10ms
step:2239/4740 train_time:421164ms step_avg:188.10ms
step:2240/4740 train_time:421486ms step_avg:188.16ms
step:2241/4740 train_time:421665ms step_avg:188.16ms
step:2242/4740 train_time:421989ms step_avg:188.22ms
step:2243/4740 train_time:422170ms step_avg:188.22ms
step:2244/4740 train_time:422493ms step_avg:188.28ms
step:2245/4740 train_time:422671ms step_avg:188.27ms
step:2246/4740 train_time:422993ms step_avg:188.33ms
step:2247/4740 train_time:423171ms step_avg:188.33ms
step:2248/4740 train_time:423494ms step_avg:188.39ms
step:2249/4740 train_time:423671ms step_avg:188.38ms
step:2250/4740 train_time:423993ms step_avg:188.44ms
step:2250/4740 val_loss:3.1692 train_time:424122ms step_avg:188.50ms
step:2251/4740 train_time:424179ms step_avg:188.44ms
step:2252/4740 train_time:424506ms step_avg:188.50ms
step:2253/4740 train_time:424686ms step_avg:188.50ms
step:2254/4740 train_time:425003ms step_avg:188.55ms
step:2255/4740 train_time:425183ms step_avg:188.55ms
step:2256/4740 train_time:425506ms step_avg:188.61ms
step:2257/4740 train_time:425691ms step_avg:188.61ms
step:2258/4740 train_time:426009ms step_avg:188.67ms
step:2259/4740 train_time:426186ms step_avg:188.66ms
step:2260/4740 train_time:426510ms step_avg:188.72ms
step:2261/4740 train_time:426693ms step_avg:188.72ms
step:2262/4740 train_time:427018ms step_avg:188.78ms
step:2263/4740 train_time:427196ms step_avg:188.77ms
step:2264/4740 train_time:427520ms step_avg:188.83ms
step:2265/4740 train_time:427700ms step_avg:188.83ms
step:2266/4740 train_time:428022ms step_avg:188.89ms
step:2267/4740 train_time:428204ms step_avg:188.89ms
step:2268/4740 train_time:428524ms step_avg:188.94ms
step:2269/4740 train_time:428709ms step_avg:188.94ms
step:2270/4740 train_time:429030ms step_avg:189.00ms
step:2271/4740 train_time:429208ms step_avg:189.00ms
step:2272/4740 train_time:429534ms step_avg:189.06ms
step:2273/4740 train_time:429714ms step_avg:189.05ms
step:2274/4740 train_time:430036ms step_avg:189.11ms
step:2275/4740 train_time:430217ms step_avg:189.11ms
step:2276/4740 train_time:430541ms step_avg:189.17ms
step:2277/4740 train_time:430720ms step_avg:189.16ms
step:2278/4740 train_time:431043ms step_avg:189.22ms
step:2279/4740 train_time:431222ms step_avg:189.22ms
step:2280/4740 train_time:431545ms step_avg:189.27ms
step:2281/4740 train_time:431727ms step_avg:189.27ms
step:2282/4740 train_time:432050ms step_avg:189.33ms
step:2283/4740 train_time:432231ms step_avg:189.33ms
step:2284/4740 train_time:432553ms step_avg:189.38ms
step:2285/4740 train_time:432732ms step_avg:189.38ms
step:2286/4740 train_time:433057ms step_avg:189.44ms
step:2287/4740 train_time:433237ms step_avg:189.43ms
step:2288/4740 train_time:433556ms step_avg:189.49ms
step:2289/4740 train_time:433738ms step_avg:189.49ms
step:2290/4740 train_time:434061ms step_avg:189.55ms
step:2291/4740 train_time:434244ms step_avg:189.54ms
step:2292/4740 train_time:434563ms step_avg:189.60ms
step:2293/4740 train_time:434742ms step_avg:189.60ms
step:2294/4740 train_time:435069ms step_avg:189.66ms
step:2295/4740 train_time:435249ms step_avg:189.65ms
step:2296/4740 train_time:435570ms step_avg:189.71ms
step:2297/4740 train_time:435750ms step_avg:189.70ms
step:2298/4740 train_time:436073ms step_avg:189.76ms
step:2299/4740 train_time:436253ms step_avg:189.76ms
step:2300/4740 train_time:436571ms step_avg:189.81ms
step:2301/4740 train_time:436756ms step_avg:189.81ms
step:2302/4740 train_time:437075ms step_avg:189.87ms
step:2303/4740 train_time:437259ms step_avg:189.86ms
step:2304/4740 train_time:437580ms step_avg:189.92ms
step:2305/4740 train_time:437766ms step_avg:189.92ms
step:2306/4740 train_time:438087ms step_avg:189.98ms
step:2307/4740 train_time:438270ms step_avg:189.97ms
step:2308/4740 train_time:438590ms step_avg:190.03ms
step:2309/4740 train_time:438774ms step_avg:190.03ms
step:2310/4740 train_time:439097ms step_avg:190.09ms
step:2311/4740 train_time:439277ms step_avg:190.08ms
step:2312/4740 train_time:439601ms step_avg:190.14ms
step:2313/4740 train_time:439782ms step_avg:190.13ms
step:2314/4740 train_time:440101ms step_avg:190.19ms
step:2315/4740 train_time:440284ms step_avg:190.19ms
step:2316/4740 train_time:440607ms step_avg:190.24ms
step:2317/4740 train_time:440789ms step_avg:190.24ms
step:2318/4740 train_time:441109ms step_avg:190.30ms
step:2319/4740 train_time:441292ms step_avg:190.29ms
step:2320/4740 train_time:441615ms step_avg:190.35ms
step:2321/4740 train_time:441794ms step_avg:190.35ms
step:2322/4740 train_time:442116ms step_avg:190.40ms
step:2323/4740 train_time:442297ms step_avg:190.40ms
step:2324/4740 train_time:442616ms step_avg:190.45ms
step:2325/4740 train_time:442802ms step_avg:190.45ms
step:2326/4740 train_time:443124ms step_avg:190.51ms
step:2327/4740 train_time:443308ms step_avg:190.51ms
step:2328/4740 train_time:443628ms step_avg:190.56ms
step:2329/4740 train_time:443812ms step_avg:190.56ms
step:2330/4740 train_time:444133ms step_avg:190.61ms
step:2331/4740 train_time:444312ms step_avg:190.61ms
step:2332/4740 train_time:444635ms step_avg:190.67ms
step:2333/4740 train_time:444814ms step_avg:190.66ms
step:2334/4740 train_time:445134ms step_avg:190.72ms
step:2335/4740 train_time:445317ms step_avg:190.71ms
step:2336/4740 train_time:445640ms step_avg:190.77ms
step:2337/4740 train_time:445819ms step_avg:190.77ms
step:2338/4740 train_time:446144ms step_avg:190.82ms
step:2339/4740 train_time:446325ms step_avg:190.82ms
step:2340/4740 train_time:446649ms step_avg:190.88ms
step:2341/4740 train_time:446829ms step_avg:190.87ms
step:2342/4740 train_time:447149ms step_avg:190.93ms
step:2343/4740 train_time:447329ms step_avg:190.92ms
step:2344/4740 train_time:447651ms step_avg:190.98ms
step:2345/4740 train_time:447830ms step_avg:190.97ms
step:2346/4740 train_time:448153ms step_avg:191.03ms
step:2347/4740 train_time:448331ms step_avg:191.02ms
step:2348/4740 train_time:448652ms step_avg:191.08ms
step:2349/4740 train_time:448832ms step_avg:191.07ms
step:2350/4740 train_time:449154ms step_avg:191.13ms
step:2351/4740 train_time:449336ms step_avg:191.13ms
step:2352/4740 train_time:449661ms step_avg:191.18ms
step:2353/4740 train_time:449840ms step_avg:191.18ms
step:2354/4740 train_time:450161ms step_avg:191.23ms
step:2355/4740 train_time:450341ms step_avg:191.23ms
step:2356/4740 train_time:450663ms step_avg:191.28ms
step:2357/4740 train_time:450844ms step_avg:191.28ms
step:2358/4740 train_time:451170ms step_avg:191.34ms
step:2359/4740 train_time:451354ms step_avg:191.33ms
step:2360/4740 train_time:451676ms step_avg:191.39ms
step:2361/4740 train_time:451858ms step_avg:191.38ms
step:2362/4740 train_time:452178ms step_avg:191.44ms
step:2363/4740 train_time:452362ms step_avg:191.44ms
step:2364/4740 train_time:452685ms step_avg:191.49ms
step:2365/4740 train_time:452865ms step_avg:191.49ms
step:2366/4740 train_time:453189ms step_avg:191.54ms
step:2367/4740 train_time:453373ms step_avg:191.54ms
step:2368/4740 train_time:453696ms step_avg:191.59ms
step:2369/4740 train_time:453876ms step_avg:191.59ms
step:2370/4740 train_time:454199ms step_avg:191.65ms
step:2371/4740 train_time:454385ms step_avg:191.64ms
step:2372/4740 train_time:454705ms step_avg:191.70ms
step:2373/4740 train_time:454888ms step_avg:191.69ms
step:2374/4740 train_time:455209ms step_avg:191.75ms
step:2375/4740 train_time:455392ms step_avg:191.74ms
step:2376/4740 train_time:455716ms step_avg:191.80ms
step:2377/4740 train_time:455899ms step_avg:191.80ms
step:2378/4740 train_time:456222ms step_avg:191.85ms
step:2379/4740 train_time:456405ms step_avg:191.85ms
step:2380/4740 train_time:456727ms step_avg:191.90ms
step:2381/4740 train_time:456909ms step_avg:191.90ms
step:2382/4740 train_time:457235ms step_avg:191.95ms
step:2383/4740 train_time:457417ms step_avg:191.95ms
step:2384/4740 train_time:457739ms step_avg:192.00ms
step:2385/4740 train_time:457920ms step_avg:192.00ms
step:2386/4740 train_time:458243ms step_avg:192.06ms
step:2387/4740 train_time:458423ms step_avg:192.05ms
step:2388/4740 train_time:458746ms step_avg:192.10ms
step:2389/4740 train_time:458926ms step_avg:192.10ms
step:2390/4740 train_time:459249ms step_avg:192.15ms
step:2391/4740 train_time:459431ms step_avg:192.15ms
step:2392/4740 train_time:459752ms step_avg:192.20ms
step:2393/4740 train_time:459933ms step_avg:192.20ms
step:2394/4740 train_time:460254ms step_avg:192.25ms
step:2395/4740 train_time:460435ms step_avg:192.25ms
step:2396/4740 train_time:460760ms step_avg:192.30ms
step:2397/4740 train_time:460941ms step_avg:192.30ms
step:2398/4740 train_time:461262ms step_avg:192.35ms
step:2399/4740 train_time:461445ms step_avg:192.35ms
step:2400/4740 train_time:461766ms step_avg:192.40ms
step:2401/4740 train_time:461947ms step_avg:192.40ms
step:2402/4740 train_time:462264ms step_avg:192.45ms
step:2403/4740 train_time:462455ms step_avg:192.45ms
step:2404/4740 train_time:462776ms step_avg:192.50ms
step:2405/4740 train_time:462959ms step_avg:192.50ms
step:2406/4740 train_time:463281ms step_avg:192.55ms
step:2407/4740 train_time:463463ms step_avg:192.55ms
step:2408/4740 train_time:463783ms step_avg:192.60ms
step:2409/4740 train_time:463969ms step_avg:192.60ms
step:2410/4740 train_time:464289ms step_avg:192.65ms
step:2411/4740 train_time:464473ms step_avg:192.65ms
step:2412/4740 train_time:464791ms step_avg:192.70ms
step:2413/4740 train_time:464976ms step_avg:192.70ms
step:2414/4740 train_time:465294ms step_avg:192.75ms
step:2415/4740 train_time:465478ms step_avg:192.74ms
step:2416/4740 train_time:465801ms step_avg:192.80ms
step:2417/4740 train_time:465985ms step_avg:192.79ms
step:2418/4740 train_time:466307ms step_avg:192.85ms
step:2419/4740 train_time:466488ms step_avg:192.84ms
step:2420/4740 train_time:466810ms step_avg:192.90ms
step:2421/4740 train_time:466994ms step_avg:192.89ms
step:2422/4740 train_time:467315ms step_avg:192.95ms
step:2423/4740 train_time:467500ms step_avg:192.94ms
step:2424/4740 train_time:467824ms step_avg:193.00ms
step:2425/4740 train_time:468012ms step_avg:192.99ms
step:2426/4740 train_time:468337ms step_avg:193.05ms
step:2427/4740 train_time:468516ms step_avg:193.04ms
step:2428/4740 train_time:468839ms step_avg:193.10ms
step:2429/4740 train_time:469022ms step_avg:193.09ms
step:2430/4740 train_time:469344ms step_avg:193.15ms
step:2431/4740 train_time:469524ms step_avg:193.14ms
step:2432/4740 train_time:469850ms step_avg:193.19ms
step:2433/4740 train_time:470028ms step_avg:193.19ms
step:2434/4740 train_time:470350ms step_avg:193.24ms
step:2435/4740 train_time:470533ms step_avg:193.24ms
step:2436/4740 train_time:470855ms step_avg:193.29ms
step:2437/4740 train_time:471040ms step_avg:193.29ms
step:2438/4740 train_time:471361ms step_avg:193.34ms
step:2439/4740 train_time:471548ms step_avg:193.34ms
step:2440/4740 train_time:471868ms step_avg:193.39ms
step:2441/4740 train_time:472046ms step_avg:193.38ms
step:2442/4740 train_time:472366ms step_avg:193.43ms
step:2443/4740 train_time:472550ms step_avg:193.43ms
step:2444/4740 train_time:472873ms step_avg:193.48ms
step:2445/4740 train_time:473057ms step_avg:193.48ms
step:2446/4740 train_time:473375ms step_avg:193.53ms
step:2447/4740 train_time:473562ms step_avg:193.53ms
step:2448/4740 train_time:473885ms step_avg:193.58ms
step:2449/4740 train_time:474064ms step_avg:193.57ms
step:2450/4740 train_time:474388ms step_avg:193.63ms
step:2451/4740 train_time:474571ms step_avg:193.62ms
step:2452/4740 train_time:474898ms step_avg:193.68ms
step:2453/4740 train_time:475080ms step_avg:193.67ms
step:2454/4740 train_time:475407ms step_avg:193.73ms
step:2455/4740 train_time:475591ms step_avg:193.72ms
step:2456/4740 train_time:475911ms step_avg:193.77ms
step:2457/4740 train_time:476095ms step_avg:193.77ms
step:2458/4740 train_time:476414ms step_avg:193.82ms
step:2459/4740 train_time:476593ms step_avg:193.82ms
step:2460/4740 train_time:476918ms step_avg:193.87ms
step:2461/4740 train_time:477098ms step_avg:193.86ms
step:2462/4740 train_time:477419ms step_avg:193.92ms
step:2463/4740 train_time:477601ms step_avg:193.91ms
step:2464/4740 train_time:477924ms step_avg:193.96ms
step:2465/4740 train_time:478105ms step_avg:193.96ms
step:2466/4740 train_time:478427ms step_avg:194.01ms
step:2467/4740 train_time:478607ms step_avg:194.00ms
step:2468/4740 train_time:478933ms step_avg:194.06ms
step:2469/4740 train_time:479112ms step_avg:194.05ms
step:2470/4740 train_time:479432ms step_avg:194.10ms
step:2471/4740 train_time:479614ms step_avg:194.10ms
step:2472/4740 train_time:479937ms step_avg:194.15ms
step:2473/4740 train_time:480119ms step_avg:194.14ms
step:2474/4740 train_time:480439ms step_avg:194.20ms
step:2475/4740 train_time:480623ms step_avg:194.19ms
step:2476/4740 train_time:480947ms step_avg:194.24ms
step:2477/4740 train_time:481127ms step_avg:194.24ms
step:2478/4740 train_time:481448ms step_avg:194.29ms
step:2479/4740 train_time:481629ms step_avg:194.28ms
step:2480/4740 train_time:481956ms step_avg:194.34ms
step:2481/4740 train_time:482137ms step_avg:194.33ms
step:2482/4740 train_time:482461ms step_avg:194.38ms
step:2483/4740 train_time:482641ms step_avg:194.38ms
step:2484/4740 train_time:482963ms step_avg:194.43ms
step:2485/4740 train_time:483148ms step_avg:194.43ms
step:2486/4740 train_time:483469ms step_avg:194.48ms
step:2487/4740 train_time:483651ms step_avg:194.47ms
step:2488/4740 train_time:483973ms step_avg:194.52ms
step:2489/4740 train_time:484155ms step_avg:194.52ms
step:2490/4740 train_time:484476ms step_avg:194.57ms
step:2491/4740 train_time:484657ms step_avg:194.56ms
step:2492/4740 train_time:484980ms step_avg:194.61ms
step:2493/4740 train_time:485163ms step_avg:194.61ms
step:2494/4740 train_time:485481ms step_avg:194.66ms
step:2495/4740 train_time:485664ms step_avg:194.66ms
step:2496/4740 train_time:485984ms step_avg:194.71ms
step:2497/4740 train_time:486172ms step_avg:194.70ms
step:2498/4740 train_time:486492ms step_avg:194.75ms
step:2499/4740 train_time:486673ms step_avg:194.75ms
step:2500/4740 train_time:486995ms step_avg:194.80ms
step:2500/4740 val_loss:3.1334 train_time:487125ms step_avg:194.85ms
step:2501/4740 train_time:487181ms step_avg:194.79ms
step:2502/4740 train_time:487515ms step_avg:194.85ms
step:2503/4740 train_time:487697ms step_avg:194.84ms
step:2504/4740 train_time:488012ms step_avg:194.89ms
step:2505/4740 train_time:488194ms step_avg:194.89ms
step:2506/4740 train_time:488521ms step_avg:194.94ms
step:2507/4740 train_time:488704ms step_avg:194.94ms
step:2508/4740 train_time:489026ms step_avg:194.99ms
step:2509/4740 train_time:489202ms step_avg:194.98ms
step:2510/4740 train_time:489529ms step_avg:195.03ms
step:2511/4740 train_time:489710ms step_avg:195.03ms
step:2512/4740 train_time:490032ms step_avg:195.08ms
step:2513/4740 train_time:490210ms step_avg:195.07ms
step:2514/4740 train_time:490530ms step_avg:195.12ms
step:2515/4740 train_time:490714ms step_avg:195.12ms
step:2516/4740 train_time:491034ms step_avg:195.16ms
step:2517/4740 train_time:491218ms step_avg:195.16ms
step:2518/4740 train_time:491541ms step_avg:195.21ms
step:2519/4740 train_time:491718ms step_avg:195.20ms
step:2520/4740 train_time:492043ms step_avg:195.26ms
step:2521/4740 train_time:492221ms step_avg:195.25ms
step:2522/4740 train_time:492544ms step_avg:195.30ms
step:2523/4740 train_time:492723ms step_avg:195.29ms
step:2524/4740 train_time:493048ms step_avg:195.34ms
step:2525/4740 train_time:493233ms step_avg:195.34ms
step:2526/4740 train_time:493557ms step_avg:195.39ms
step:2527/4740 train_time:493737ms step_avg:195.38ms
step:2528/4740 train_time:494062ms step_avg:195.44ms
step:2529/4740 train_time:494239ms step_avg:195.43ms
step:2530/4740 train_time:494565ms step_avg:195.48ms
step:2531/4740 train_time:494749ms step_avg:195.48ms
step:2532/4740 train_time:495072ms step_avg:195.53ms
step:2533/4740 train_time:495254ms step_avg:195.52ms
step:2534/4740 train_time:495575ms step_avg:195.57ms
step:2535/4740 train_time:495762ms step_avg:195.57ms
step:2536/4740 train_time:496087ms step_avg:195.62ms
step:2537/4740 train_time:496266ms step_avg:195.61ms
step:2538/4740 train_time:496585ms step_avg:195.66ms
step:2539/4740 train_time:496770ms step_avg:195.66ms
step:2540/4740 train_time:497095ms step_avg:195.71ms
step:2541/4740 train_time:497278ms step_avg:195.70ms
step:2542/4740 train_time:497600ms step_avg:195.75ms
step:2543/4740 train_time:497781ms step_avg:195.75ms
step:2544/4740 train_time:498094ms step_avg:195.79ms
step:2545/4740 train_time:498281ms step_avg:195.79ms
step:2546/4740 train_time:498602ms step_avg:195.84ms
step:2547/4740 train_time:498786ms step_avg:195.83ms
step:2548/4740 train_time:499109ms step_avg:195.88ms
step:2549/4740 train_time:499290ms step_avg:195.88ms
step:2550/4740 train_time:499612ms step_avg:195.93ms
step:2551/4740 train_time:499797ms step_avg:195.92ms
step:2552/4740 train_time:500118ms step_avg:195.97ms
step:2553/4740 train_time:500298ms step_avg:195.96ms
step:2554/4740 train_time:500622ms step_avg:196.01ms
step:2555/4740 train_time:500805ms step_avg:196.01ms
step:2556/4740 train_time:501124ms step_avg:196.06ms
step:2557/4740 train_time:501308ms step_avg:196.05ms
step:2558/4740 train_time:501635ms step_avg:196.10ms
step:2559/4740 train_time:501816ms step_avg:196.10ms
step:2560/4740 train_time:502136ms step_avg:196.15ms
step:2561/4740 train_time:502320ms step_avg:196.14ms
step:2562/4740 train_time:502644ms step_avg:196.19ms
step:2563/4740 train_time:502824ms step_avg:196.19ms
step:2564/4740 train_time:503145ms step_avg:196.23ms
step:2565/4740 train_time:503334ms step_avg:196.23ms
step:2566/4740 train_time:503659ms step_avg:196.28ms
step:2567/4740 train_time:503839ms step_avg:196.28ms
step:2568/4740 train_time:504163ms step_avg:196.33ms
step:2569/4740 train_time:504342ms step_avg:196.32ms
step:2570/4740 train_time:504665ms step_avg:196.37ms
step:2571/4740 train_time:504851ms step_avg:196.36ms
step:2572/4740 train_time:505176ms step_avg:196.41ms
step:2573/4740 train_time:505355ms step_avg:196.41ms
step:2574/4740 train_time:505677ms step_avg:196.46ms
step:2575/4740 train_time:505858ms step_avg:196.45ms
step:2576/4740 train_time:506180ms step_avg:196.50ms
step:2577/4740 train_time:506363ms step_avg:196.49ms
step:2578/4740 train_time:506683ms step_avg:196.54ms
step:2579/4740 train_time:506868ms step_avg:196.54ms
step:2580/4740 train_time:507189ms step_avg:196.58ms
step:2581/4740 train_time:507373ms step_avg:196.58ms
step:2582/4740 train_time:507692ms step_avg:196.63ms
step:2583/4740 train_time:507870ms step_avg:196.62ms
step:2584/4740 train_time:508192ms step_avg:196.67ms
step:2585/4740 train_time:508378ms step_avg:196.66ms
step:2586/4740 train_time:508701ms step_avg:196.71ms
step:2587/4740 train_time:508881ms step_avg:196.71ms
step:2588/4740 train_time:509204ms step_avg:196.76ms
step:2589/4740 train_time:509387ms step_avg:196.75ms
step:2590/4740 train_time:509709ms step_avg:196.80ms
step:2591/4740 train_time:509888ms step_avg:196.79ms
step:2592/4740 train_time:510209ms step_avg:196.84ms
step:2593/4740 train_time:510396ms step_avg:196.84ms
step:2594/4740 train_time:510719ms step_avg:196.88ms
step:2595/4740 train_time:510903ms step_avg:196.88ms
step:2596/4740 train_time:511227ms step_avg:196.93ms
step:2597/4740 train_time:511408ms step_avg:196.92ms
step:2598/4740 train_time:511731ms step_avg:196.97ms
step:2599/4740 train_time:511916ms step_avg:196.97ms
step:2600/4740 train_time:512234ms step_avg:197.01ms
step:2601/4740 train_time:512420ms step_avg:197.01ms
step:2602/4740 train_time:512740ms step_avg:197.06ms
step:2603/4740 train_time:512921ms step_avg:197.05ms
step:2604/4740 train_time:513239ms step_avg:197.10ms
step:2605/4740 train_time:513423ms step_avg:197.09ms
step:2606/4740 train_time:513744ms step_avg:197.14ms
step:2607/4740 train_time:513924ms step_avg:197.13ms
step:2608/4740 train_time:514248ms step_avg:197.18ms
step:2609/4740 train_time:514432ms step_avg:197.18ms
step:2610/4740 train_time:514754ms step_avg:197.22ms
step:2611/4740 train_time:514937ms step_avg:197.22ms
step:2612/4740 train_time:515259ms step_avg:197.27ms
step:2613/4740 train_time:515440ms step_avg:197.26ms
step:2614/4740 train_time:515760ms step_avg:197.31ms
step:2615/4740 train_time:515943ms step_avg:197.30ms
step:2616/4740 train_time:516265ms step_avg:197.35ms
step:2617/4740 train_time:516449ms step_avg:197.34ms
step:2618/4740 train_time:516768ms step_avg:197.39ms
step:2619/4740 train_time:516952ms step_avg:197.39ms
step:2620/4740 train_time:517274ms step_avg:197.43ms
step:2621/4740 train_time:517454ms step_avg:197.43ms
step:2622/4740 train_time:517780ms step_avg:197.48ms
step:2623/4740 train_time:517962ms step_avg:197.47ms
step:2624/4740 train_time:518284ms step_avg:197.52ms
step:2625/4740 train_time:518467ms step_avg:197.51ms
step:2626/4740 train_time:518784ms step_avg:197.56ms
step:2627/4740 train_time:518969ms step_avg:197.55ms
step:2628/4740 train_time:519290ms step_avg:197.60ms
step:2629/4740 train_time:519472ms step_avg:197.59ms
step:2630/4740 train_time:519796ms step_avg:197.64ms
step:2631/4740 train_time:519979ms step_avg:197.64ms
step:2632/4740 train_time:520298ms step_avg:197.68ms
step:2633/4740 train_time:520480ms step_avg:197.68ms
step:2634/4740 train_time:520801ms step_avg:197.72ms
step:2635/4740 train_time:520987ms step_avg:197.72ms
step:2636/4740 train_time:521312ms step_avg:197.77ms
step:2637/4740 train_time:521494ms step_avg:197.76ms
step:2638/4740 train_time:521816ms step_avg:197.81ms
step:2639/4740 train_time:521997ms step_avg:197.80ms
step:2640/4740 train_time:522314ms step_avg:197.85ms
step:2641/4740 train_time:522501ms step_avg:197.84ms
step:2642/4740 train_time:522822ms step_avg:197.89ms
step:2643/4740 train_time:523003ms step_avg:197.88ms
step:2644/4740 train_time:523325ms step_avg:197.93ms
step:2645/4740 train_time:523505ms step_avg:197.92ms
step:2646/4740 train_time:523827ms step_avg:197.97ms
step:2647/4740 train_time:524013ms step_avg:197.96ms
step:2648/4740 train_time:524335ms step_avg:198.01ms
step:2649/4740 train_time:524521ms step_avg:198.01ms
step:2650/4740 train_time:524840ms step_avg:198.05ms
step:2651/4740 train_time:525023ms step_avg:198.05ms
step:2652/4740 train_time:525343ms step_avg:198.09ms
step:2653/4740 train_time:525524ms step_avg:198.09ms
step:2654/4740 train_time:525847ms step_avg:198.13ms
step:2655/4740 train_time:526030ms step_avg:198.13ms
step:2656/4740 train_time:526353ms step_avg:198.18ms
step:2657/4740 train_time:526536ms step_avg:198.17ms
step:2658/4740 train_time:526860ms step_avg:198.22ms
step:2659/4740 train_time:527045ms step_avg:198.21ms
step:2660/4740 train_time:527367ms step_avg:198.26ms
step:2661/4740 train_time:527548ms step_avg:198.25ms
step:2662/4740 train_time:527871ms step_avg:198.30ms
step:2663/4740 train_time:528052ms step_avg:198.29ms
step:2664/4740 train_time:528374ms step_avg:198.34ms
step:2665/4740 train_time:528558ms step_avg:198.33ms
step:2666/4740 train_time:528883ms step_avg:198.38ms
step:2667/4740 train_time:529063ms step_avg:198.37ms
step:2668/4740 train_time:529380ms step_avg:198.42ms
step:2669/4740 train_time:529564ms step_avg:198.41ms
step:2670/4740 train_time:529886ms step_avg:198.46ms
step:2671/4740 train_time:530071ms step_avg:198.45ms
step:2672/4740 train_time:530392ms step_avg:198.50ms
step:2673/4740 train_time:530576ms step_avg:198.49ms
step:2674/4740 train_time:530900ms step_avg:198.54ms
step:2675/4740 train_time:531083ms step_avg:198.54ms
step:2676/4740 train_time:531403ms step_avg:198.58ms
step:2677/4740 train_time:531588ms step_avg:198.58ms
step:2678/4740 train_time:531912ms step_avg:198.62ms
step:2679/4740 train_time:532096ms step_avg:198.62ms
step:2680/4740 train_time:532419ms step_avg:198.66ms
step:2681/4740 train_time:532599ms step_avg:198.66ms
step:2682/4740 train_time:532923ms step_avg:198.70ms
step:2683/4740 train_time:533103ms step_avg:198.70ms
step:2684/4740 train_time:533428ms step_avg:198.74ms
step:2685/4740 train_time:533610ms step_avg:198.74ms
step:2686/4740 train_time:533931ms step_avg:198.78ms
step:2687/4740 train_time:534118ms step_avg:198.78ms
step:2688/4740 train_time:534440ms step_avg:198.82ms
step:2689/4740 train_time:534619ms step_avg:198.82ms
step:2690/4740 train_time:534945ms step_avg:198.86ms
step:2691/4740 train_time:535123ms step_avg:198.86ms
step:2692/4740 train_time:535445ms step_avg:198.90ms
step:2693/4740 train_time:535624ms step_avg:198.89ms
step:2694/4740 train_time:535950ms step_avg:198.94ms
step:2695/4740 train_time:536131ms step_avg:198.94ms
step:2696/4740 train_time:536453ms step_avg:198.98ms
step:2697/4740 train_time:536637ms step_avg:198.98ms
step:2698/4740 train_time:536957ms step_avg:199.02ms
step:2699/4740 train_time:537141ms step_avg:199.01ms
step:2700/4740 train_time:537463ms step_avg:199.06ms
step:2701/4740 train_time:537646ms step_avg:199.05ms
step:2702/4740 train_time:537967ms step_avg:199.10ms
step:2703/4740 train_time:538149ms step_avg:199.09ms
step:2704/4740 train_time:538471ms step_avg:199.14ms
step:2705/4740 train_time:538657ms step_avg:199.13ms
step:2706/4740 train_time:538977ms step_avg:199.18ms
step:2707/4740 train_time:539160ms step_avg:199.17ms
step:2708/4740 train_time:539482ms step_avg:199.22ms
step:2709/4740 train_time:539667ms step_avg:199.21ms
step:2710/4740 train_time:539986ms step_avg:199.26ms
step:2711/4740 train_time:540169ms step_avg:199.25ms
step:2712/4740 train_time:540490ms step_avg:199.30ms
step:2713/4740 train_time:540669ms step_avg:199.29ms
step:2714/4740 train_time:540991ms step_avg:199.33ms
step:2715/4740 train_time:541178ms step_avg:199.33ms
step:2716/4740 train_time:541495ms step_avg:199.37ms
step:2717/4740 train_time:541681ms step_avg:199.37ms
step:2718/4740 train_time:542002ms step_avg:199.41ms
step:2719/4740 train_time:542184ms step_avg:199.41ms
step:2720/4740 train_time:542506ms step_avg:199.45ms
step:2721/4740 train_time:542689ms step_avg:199.44ms
step:2722/4740 train_time:543012ms step_avg:199.49ms
step:2723/4740 train_time:543195ms step_avg:199.48ms
step:2724/4740 train_time:543515ms step_avg:199.53ms
step:2725/4740 train_time:543699ms step_avg:199.52ms
step:2726/4740 train_time:544018ms step_avg:199.57ms
step:2727/4740 train_time:544205ms step_avg:199.56ms
step:2728/4740 train_time:544525ms step_avg:199.61ms
step:2729/4740 train_time:544713ms step_avg:199.60ms
step:2730/4740 train_time:545033ms step_avg:199.65ms
step:2731/4740 train_time:545216ms step_avg:199.64ms
step:2732/4740 train_time:545539ms step_avg:199.68ms
step:2733/4740 train_time:545718ms step_avg:199.68ms
step:2734/4740 train_time:546039ms step_avg:199.72ms
step:2735/4740 train_time:546222ms step_avg:199.72ms
step:2736/4740 train_time:546543ms step_avg:199.76ms
step:2737/4740 train_time:546727ms step_avg:199.75ms
step:2738/4740 train_time:547049ms step_avg:199.80ms
step:2739/4740 train_time:547229ms step_avg:199.79ms
step:2740/4740 train_time:547552ms step_avg:199.84ms
step:2741/4740 train_time:547732ms step_avg:199.83ms
step:2742/4740 train_time:548054ms step_avg:199.87ms
step:2743/4740 train_time:548238ms step_avg:199.87ms
step:2744/4740 train_time:548560ms step_avg:199.91ms
step:2745/4740 train_time:548741ms step_avg:199.91ms
step:2746/4740 train_time:549065ms step_avg:199.95ms
step:2747/4740 train_time:549244ms step_avg:199.94ms
step:2748/4740 train_time:549567ms step_avg:199.99ms
step:2749/4740 train_time:549754ms step_avg:199.98ms
step:2750/4740 train_time:550077ms step_avg:200.03ms
step:2750/4740 val_loss:3.1017 train_time:550205ms step_avg:200.07ms
step:2751/4740 train_time:550263ms step_avg:200.02ms
step:2752/4740 train_time:550591ms step_avg:200.07ms
step:2753/4740 train_time:550769ms step_avg:200.06ms
step:2754/4740 train_time:551085ms step_avg:200.10ms
step:2755/4740 train_time:551267ms step_avg:200.10ms
step:2756/4740 train_time:551597ms step_avg:200.14ms
step:2757/4740 train_time:551785ms step_avg:200.14ms
step:2758/4740 train_time:552103ms step_avg:200.18ms
step:2759/4740 train_time:552288ms step_avg:200.18ms
step:2760/4740 train_time:552617ms step_avg:200.22ms
step:2761/4740 train_time:552800ms step_avg:200.22ms
step:2762/4740 train_time:553122ms step_avg:200.26ms
step:2763/4740 train_time:553306ms step_avg:200.26ms
step:2764/4740 train_time:553636ms step_avg:200.30ms
step:2765/4740 train_time:553817ms step_avg:200.30ms
step:2766/4740 train_time:554136ms step_avg:200.34ms
step:2767/4740 train_time:554321ms step_avg:200.33ms
step:2768/4740 train_time:554641ms step_avg:200.38ms
step:2769/4740 train_time:554824ms step_avg:200.37ms
step:2770/4740 train_time:555146ms step_avg:200.41ms
step:2771/4740 train_time:555327ms step_avg:200.41ms
step:2772/4740 train_time:555653ms step_avg:200.45ms
step:2773/4740 train_time:555838ms step_avg:200.45ms
step:2774/4740 train_time:556163ms step_avg:200.49ms
step:2775/4740 train_time:556341ms step_avg:200.48ms
step:2776/4740 train_time:556668ms step_avg:200.53ms
step:2777/4740 train_time:556850ms step_avg:200.52ms
step:2778/4740 train_time:557171ms step_avg:200.57ms
step:2779/4740 train_time:557354ms step_avg:200.56ms
step:2780/4740 train_time:557676ms step_avg:200.60ms
step:2781/4740 train_time:557857ms step_avg:200.60ms
step:2782/4740 train_time:558178ms step_avg:200.64ms
step:2783/4740 train_time:558362ms step_avg:200.63ms
step:2784/4740 train_time:558688ms step_avg:200.68ms
step:2785/4740 train_time:558871ms step_avg:200.67ms
step:2786/4740 train_time:559194ms step_avg:200.72ms
step:2787/4740 train_time:559381ms step_avg:200.71ms
step:2788/4740 train_time:559703ms step_avg:200.75ms
step:2789/4740 train_time:559887ms step_avg:200.75ms
step:2790/4740 train_time:560210ms step_avg:200.79ms
step:2791/4740 train_time:560394ms step_avg:200.79ms
step:2792/4740 train_time:560719ms step_avg:200.83ms
step:2793/4740 train_time:560905ms step_avg:200.83ms
step:2794/4740 train_time:561227ms step_avg:200.87ms
step:2795/4740 train_time:561408ms step_avg:200.86ms
step:2796/4740 train_time:561731ms step_avg:200.91ms
step:2797/4740 train_time:561914ms step_avg:200.90ms
step:2798/4740 train_time:562239ms step_avg:200.94ms
step:2799/4740 train_time:562427ms step_avg:200.94ms
step:2800/4740 train_time:562751ms step_avg:200.98ms
step:2801/4740 train_time:562931ms step_avg:200.97ms
step:2802/4740 train_time:563255ms step_avg:201.02ms
step:2803/4740 train_time:563438ms step_avg:201.01ms
step:2804/4740 train_time:563762ms step_avg:201.06ms
step:2805/4740 train_time:563943ms step_avg:201.05ms
step:2806/4740 train_time:564268ms step_avg:201.09ms
step:2807/4740 train_time:564452ms step_avg:201.09ms
step:2808/4740 train_time:564774ms step_avg:201.13ms
step:2809/4740 train_time:564960ms step_avg:201.12ms
step:2810/4740 train_time:565284ms step_avg:201.17ms
step:2811/4740 train_time:565463ms step_avg:201.16ms
step:2812/4740 train_time:565785ms step_avg:201.20ms
step:2813/4740 train_time:565967ms step_avg:201.20ms
step:2814/4740 train_time:566291ms step_avg:201.24ms
step:2815/4740 train_time:566473ms step_avg:201.23ms
step:2816/4740 train_time:566798ms step_avg:201.28ms
step:2817/4740 train_time:566977ms step_avg:201.27ms
step:2818/4740 train_time:567297ms step_avg:201.31ms
step:2819/4740 train_time:567484ms step_avg:201.31ms
step:2820/4740 train_time:567804ms step_avg:201.35ms
step:2821/4740 train_time:567987ms step_avg:201.34ms
step:2822/4740 train_time:568309ms step_avg:201.39ms
step:2823/4740 train_time:568495ms step_avg:201.38ms
step:2824/4740 train_time:568818ms step_avg:201.42ms
step:2825/4740 train_time:568997ms step_avg:201.42ms
step:2826/4740 train_time:569321ms step_avg:201.46ms
step:2827/4740 train_time:569505ms step_avg:201.45ms
step:2828/4740 train_time:569825ms step_avg:201.49ms
step:2829/4740 train_time:570013ms step_avg:201.49ms
step:2830/4740 train_time:570336ms step_avg:201.53ms
step:2831/4740 train_time:570518ms step_avg:201.53ms
step:2832/4740 train_time:570841ms step_avg:201.57ms
step:2833/4740 train_time:571026ms step_avg:201.56ms
step:2834/4740 train_time:571349ms step_avg:201.61ms
step:2835/4740 train_time:571530ms step_avg:201.60ms
step:2836/4740 train_time:571858ms step_avg:201.64ms
step:2837/4740 train_time:572039ms step_avg:201.64ms
step:2838/4740 train_time:572364ms step_avg:201.68ms
step:2839/4740 train_time:572545ms step_avg:201.67ms
step:2840/4740 train_time:572868ms step_avg:201.71ms
step:2841/4740 train_time:573051ms step_avg:201.71ms
step:2842/4740 train_time:573375ms step_avg:201.75ms
step:2843/4740 train_time:573559ms step_avg:201.74ms
step:2844/4740 train_time:573880ms step_avg:201.79ms
step:2845/4740 train_time:574067ms step_avg:201.78ms
step:2846/4740 train_time:574388ms step_avg:201.82ms
step:2847/4740 train_time:574570ms step_avg:201.82ms
step:2848/4740 train_time:574892ms step_avg:201.86ms
step:2849/4740 train_time:575078ms step_avg:201.85ms
step:2850/4740 train_time:575401ms step_avg:201.90ms
step:2851/4740 train_time:575585ms step_avg:201.89ms
step:2852/4740 train_time:575906ms step_avg:201.93ms
step:2853/4740 train_time:576091ms step_avg:201.92ms
step:2854/4740 train_time:576415ms step_avg:201.97ms
step:2855/4740 train_time:576600ms step_avg:201.96ms
step:2856/4740 train_time:576918ms step_avg:202.00ms
step:2857/4740 train_time:577102ms step_avg:202.00ms
step:2858/4740 train_time:577428ms step_avg:202.04ms
step:2859/4740 train_time:577609ms step_avg:202.03ms
step:2860/4740 train_time:577934ms step_avg:202.07ms
step:2861/4740 train_time:578119ms step_avg:202.07ms
step:2862/4740 train_time:578439ms step_avg:202.11ms
step:2863/4740 train_time:578624ms step_avg:202.10ms
step:2864/4740 train_time:578946ms step_avg:202.15ms
step:2865/4740 train_time:579128ms step_avg:202.14ms
step:2866/4740 train_time:579451ms step_avg:202.18ms
step:2867/4740 train_time:579634ms step_avg:202.17ms
step:2868/4740 train_time:579956ms step_avg:202.22ms
step:2869/4740 train_time:580137ms step_avg:202.21ms
step:2870/4740 train_time:580464ms step_avg:202.25ms
step:2871/4740 train_time:580647ms step_avg:202.25ms
step:2872/4740 train_time:580972ms step_avg:202.29ms
step:2873/4740 train_time:581153ms step_avg:202.28ms
step:2874/4740 train_time:581473ms step_avg:202.32ms
step:2875/4740 train_time:581653ms step_avg:202.31ms
step:2876/4740 train_time:581975ms step_avg:202.36ms
step:2877/4740 train_time:582157ms step_avg:202.35ms
step:2878/4740 train_time:582479ms step_avg:202.39ms
step:2879/4740 train_time:582664ms step_avg:202.38ms
step:2880/4740 train_time:582982ms step_avg:202.42ms
step:2881/4740 train_time:583166ms step_avg:202.42ms
step:2882/4740 train_time:583492ms step_avg:202.46ms
step:2883/4740 train_time:583672ms step_avg:202.45ms
step:2884/4740 train_time:583995ms step_avg:202.49ms
step:2885/4740 train_time:584179ms step_avg:202.49ms
step:2886/4740 train_time:584503ms step_avg:202.53ms
step:2887/4740 train_time:584684ms step_avg:202.52ms
step:2888/4740 train_time:585008ms step_avg:202.57ms
step:2889/4740 train_time:585193ms step_avg:202.56ms
step:2890/4740 train_time:585515ms step_avg:202.60ms
step:2891/4740 train_time:585701ms step_avg:202.59ms
step:2892/4740 train_time:586025ms step_avg:202.64ms
step:2893/4740 train_time:586209ms step_avg:202.63ms
step:2894/4740 train_time:586533ms step_avg:202.67ms
step:2895/4740 train_time:586713ms step_avg:202.66ms
step:2896/4740 train_time:587036ms step_avg:202.71ms
step:2897/4740 train_time:587217ms step_avg:202.70ms
step:2898/4740 train_time:587539ms step_avg:202.74ms
step:2899/4740 train_time:587724ms step_avg:202.73ms
step:2900/4740 train_time:588043ms step_avg:202.77ms
step:2901/4740 train_time:588225ms step_avg:202.77ms
step:2902/4740 train_time:588547ms step_avg:202.81ms
step:2903/4740 train_time:588728ms step_avg:202.80ms
step:2904/4740 train_time:589048ms step_avg:202.84ms
step:2905/4740 train_time:589231ms step_avg:202.83ms
step:2906/4740 train_time:589554ms step_avg:202.87ms
step:2907/4740 train_time:589740ms step_avg:202.87ms
step:2908/4740 train_time:590064ms step_avg:202.91ms
step:2909/4740 train_time:590245ms step_avg:202.90ms
step:2910/4740 train_time:590573ms step_avg:202.95ms
step:2911/4740 train_time:590757ms step_avg:202.94ms
step:2912/4740 train_time:591078ms step_avg:202.98ms
step:2913/4740 train_time:591259ms step_avg:202.97ms
step:2914/4740 train_time:591584ms step_avg:203.01ms
step:2915/4740 train_time:591769ms step_avg:203.01ms
step:2916/4740 train_time:592088ms step_avg:203.05ms
step:2917/4740 train_time:592272ms step_avg:203.04ms
step:2918/4740 train_time:592598ms step_avg:203.08ms
step:2919/4740 train_time:592784ms step_avg:203.08ms
step:2920/4740 train_time:593105ms step_avg:203.12ms
step:2921/4740 train_time:593288ms step_avg:203.11ms
step:2922/4740 train_time:593610ms step_avg:203.15ms
step:2923/4740 train_time:593795ms step_avg:203.15ms
step:2924/4740 train_time:594115ms step_avg:203.19ms
step:2925/4740 train_time:594302ms step_avg:203.18ms
step:2926/4740 train_time:594625ms step_avg:203.22ms
step:2927/4740 train_time:594807ms step_avg:203.21ms
step:2928/4740 train_time:595132ms step_avg:203.26ms
step:2929/4740 train_time:595314ms step_avg:203.25ms
step:2930/4740 train_time:595638ms step_avg:203.29ms
step:2931/4740 train_time:595818ms step_avg:203.28ms
step:2932/4740 train_time:596139ms step_avg:203.32ms
step:2933/4740 train_time:596323ms step_avg:203.31ms
step:2934/4740 train_time:596642ms step_avg:203.35ms
step:2935/4740 train_time:596827ms step_avg:203.35ms
step:2936/4740 train_time:597148ms step_avg:203.39ms
step:2937/4740 train_time:597331ms step_avg:203.38ms
step:2938/4740 train_time:597657ms step_avg:203.42ms
step:2939/4740 train_time:597840ms step_avg:203.42ms
step:2940/4740 train_time:598161ms step_avg:203.46ms
step:2941/4740 train_time:598342ms step_avg:203.45ms
step:2942/4740 train_time:598668ms step_avg:203.49ms
step:2943/4740 train_time:598854ms step_avg:203.48ms
step:2944/4740 train_time:599177ms step_avg:203.52ms
step:2945/4740 train_time:599356ms step_avg:203.52ms
step:2946/4740 train_time:599680ms step_avg:203.56ms
step:2947/4740 train_time:599861ms step_avg:203.55ms
step:2948/4740 train_time:600185ms step_avg:203.59ms
step:2949/4740 train_time:600368ms step_avg:203.58ms
step:2950/4740 train_time:600692ms step_avg:203.62ms
step:2951/4740 train_time:600873ms step_avg:203.62ms
step:2952/4740 train_time:601197ms step_avg:203.66ms
step:2953/4740 train_time:601379ms step_avg:203.65ms
step:2954/4740 train_time:601703ms step_avg:203.69ms
step:2955/4740 train_time:601884ms step_avg:203.68ms
step:2956/4740 train_time:602205ms step_avg:203.72ms
step:2957/4740 train_time:602390ms step_avg:203.72ms
step:2958/4740 train_time:602714ms step_avg:203.76ms
step:2959/4740 train_time:602900ms step_avg:203.75ms
step:2960/4740 train_time:603219ms step_avg:203.79ms
step:2961/4740 train_time:603402ms step_avg:203.78ms
step:2962/4740 train_time:603729ms step_avg:203.82ms
step:2963/4740 train_time:603912ms step_avg:203.82ms
step:2964/4740 train_time:604231ms step_avg:203.86ms
step:2965/4740 train_time:604413ms step_avg:203.85ms
step:2966/4740 train_time:604737ms step_avg:203.89ms
step:2967/4740 train_time:604922ms step_avg:203.88ms
step:2968/4740 train_time:605246ms step_avg:203.92ms
step:2969/4740 train_time:605429ms step_avg:203.92ms
step:2970/4740 train_time:605754ms step_avg:203.96ms
step:2971/4740 train_time:605936ms step_avg:203.95ms
step:2972/4740 train_time:606254ms step_avg:203.99ms
step:2973/4740 train_time:606441ms step_avg:203.98ms
step:2974/4740 train_time:606763ms step_avg:204.02ms
step:2975/4740 train_time:606945ms step_avg:204.02ms
step:2976/4740 train_time:607267ms step_avg:204.05ms
step:2977/4740 train_time:607452ms step_avg:204.05ms
step:2978/4740 train_time:607774ms step_avg:204.09ms
step:2979/4740 train_time:607957ms step_avg:204.08ms
step:2980/4740 train_time:608280ms step_avg:204.12ms
step:2981/4740 train_time:608460ms step_avg:204.11ms
step:2982/4740 train_time:608783ms step_avg:204.15ms
step:2983/4740 train_time:608964ms step_avg:204.14ms
step:2984/4740 train_time:609287ms step_avg:204.18ms
step:2985/4740 train_time:609471ms step_avg:204.18ms
step:2986/4740 train_time:609797ms step_avg:204.22ms
step:2987/4740 train_time:609979ms step_avg:204.21ms
step:2988/4740 train_time:610300ms step_avg:204.25ms
step:2989/4740 train_time:610485ms step_avg:204.24ms
step:2990/4740 train_time:610808ms step_avg:204.28ms
step:2991/4740 train_time:610990ms step_avg:204.28ms
step:2992/4740 train_time:611316ms step_avg:204.32ms
step:2993/4740 train_time:611494ms step_avg:204.31ms
step:2994/4740 train_time:611818ms step_avg:204.35ms
step:2995/4740 train_time:612001ms step_avg:204.34ms
step:2996/4740 train_time:612321ms step_avg:204.38ms
step:2997/4740 train_time:612506ms step_avg:204.37ms
step:2998/4740 train_time:612830ms step_avg:204.41ms
step:2999/4740 train_time:613011ms step_avg:204.40ms
step:3000/4740 train_time:613334ms step_avg:204.44ms
step:3000/4740 val_loss:3.1370 train_time:613461ms step_avg:204.49ms
step:3001/4740 train_time:613517ms step_avg:204.44ms
step:3002/4740 train_time:613847ms step_avg:204.48ms
step:3003/4740 train_time:614027ms step_avg:204.47ms
step:3004/4740 train_time:614344ms step_avg:204.51ms
step:3005/4740 train_time:614528ms step_avg:204.50ms
step:3006/4740 train_time:614855ms step_avg:204.54ms
step:3007/4740 train_time:615034ms step_avg:204.53ms
step:3008/4740 train_time:615359ms step_avg:204.57ms
step:3009/4740 train_time:615539ms step_avg:204.57ms
step:3010/4740 train_time:615865ms step_avg:204.61ms
step:3011/4740 train_time:616052ms step_avg:204.60ms
step:3012/4740 train_time:616371ms step_avg:204.64ms
step:3013/4740 train_time:616552ms step_avg:204.63ms
step:3014/4740 train_time:616876ms step_avg:204.67ms
step:3015/4740 train_time:617061ms step_avg:204.66ms
step:3016/4740 train_time:617384ms step_avg:204.70ms
step:3017/4740 train_time:617567ms step_avg:204.70ms
step:3018/4740 train_time:617889ms step_avg:204.73ms
step:3019/4740 train_time:618070ms step_avg:204.73ms
step:3020/4740 train_time:618389ms step_avg:204.76ms
step:3021/4740 train_time:618571ms step_avg:204.76ms
step:3022/4740 train_time:618892ms step_avg:204.80ms
step:3023/4740 train_time:619078ms step_avg:204.79ms
step:3024/4740 train_time:619402ms step_avg:204.83ms
step:3025/4740 train_time:619586ms step_avg:204.82ms
step:3026/4740 train_time:619907ms step_avg:204.86ms
step:3027/4740 train_time:620090ms step_avg:204.85ms
step:3028/4740 train_time:620411ms step_avg:204.89ms
step:3029/4740 train_time:620595ms step_avg:204.88ms
step:3030/4740 train_time:620923ms step_avg:204.93ms
step:3031/4740 train_time:621101ms step_avg:204.92ms
step:3032/4740 train_time:621424ms step_avg:204.96ms
step:3033/4740 train_time:621605ms step_avg:204.95ms
step:3034/4740 train_time:621929ms step_avg:204.99ms
step:3035/4740 train_time:622112ms step_avg:204.98ms
step:3036/4740 train_time:622433ms step_avg:205.02ms
step:3037/4740 train_time:622615ms step_avg:205.01ms
step:3038/4740 train_time:622937ms step_avg:205.05ms
step:3039/4740 train_time:623122ms step_avg:205.04ms
step:3040/4740 train_time:623445ms step_avg:205.08ms
step:3041/4740 train_time:623624ms step_avg:205.07ms
step:3042/4740 train_time:623945ms step_avg:205.11ms
step:3043/4740 train_time:624129ms step_avg:205.10ms
step:3044/4740 train_time:624450ms step_avg:205.14ms
step:3045/4740 train_time:624633ms step_avg:205.13ms
step:3046/4740 train_time:624957ms step_avg:205.17ms
step:3047/4740 train_time:625141ms step_avg:205.17ms
step:3048/4740 train_time:625464ms step_avg:205.20ms
step:3049/4740 train_time:625644ms step_avg:205.20ms
step:3050/4740 train_time:625968ms step_avg:205.24ms
step:3051/4740 train_time:626150ms step_avg:205.23ms
step:3052/4740 train_time:626468ms step_avg:205.26ms
step:3053/4740 train_time:626656ms step_avg:205.26ms
step:3054/4740 train_time:626978ms step_avg:205.30ms
step:3055/4740 train_time:627162ms step_avg:205.29ms
step:3056/4740 train_time:627483ms step_avg:205.33ms
step:3057/4740 train_time:627668ms step_avg:205.32ms
step:3058/4740 train_time:627987ms step_avg:205.36ms
step:3059/4740 train_time:628168ms step_avg:205.35ms
step:3060/4740 train_time:628489ms step_avg:205.39ms
step:3061/4740 train_time:628673ms step_avg:205.38ms
step:3062/4740 train_time:628996ms step_avg:205.42ms
step:3063/4740 train_time:629177ms step_avg:205.41ms
step:3064/4740 train_time:629502ms step_avg:205.45ms
step:3065/4740 train_time:629683ms step_avg:205.44ms
step:3066/4740 train_time:630008ms step_avg:205.48ms
step:3067/4740 train_time:630189ms step_avg:205.47ms
step:3068/4740 train_time:630508ms step_avg:205.51ms
step:3069/4740 train_time:630693ms step_avg:205.50ms
step:3070/4740 train_time:631016ms step_avg:205.54ms
step:3071/4740 train_time:631201ms step_avg:205.54ms
step:3072/4740 train_time:631524ms step_avg:205.57ms
step:3073/4740 train_time:631704ms step_avg:205.57ms
step:3074/4740 train_time:632029ms step_avg:205.60ms
step:3075/4740 train_time:632211ms step_avg:205.60ms
step:3076/4740 train_time:632531ms step_avg:205.63ms
step:3077/4740 train_time:632712ms step_avg:205.63ms
step:3078/4740 train_time:633039ms step_avg:205.67ms
step:3079/4740 train_time:633220ms step_avg:205.66ms
step:3080/4740 train_time:633542ms step_avg:205.70ms
step:3081/4740 train_time:633723ms step_avg:205.69ms
step:3082/4740 train_time:634044ms step_avg:205.72ms
step:3083/4740 train_time:634227ms step_avg:205.72ms
step:3084/4740 train_time:634551ms step_avg:205.76ms
step:3085/4740 train_time:634735ms step_avg:205.75ms
step:3086/4740 train_time:635057ms step_avg:205.79ms
step:3087/4740 train_time:635238ms step_avg:205.78ms
step:3088/4740 train_time:635562ms step_avg:205.82ms
step:3089/4740 train_time:635745ms step_avg:205.81ms
step:3090/4740 train_time:636069ms step_avg:205.85ms
step:3091/4740 train_time:636248ms step_avg:205.84ms
step:3092/4740 train_time:636580ms step_avg:205.88ms
step:3093/4740 train_time:636760ms step_avg:205.87ms
step:3094/4740 train_time:637080ms step_avg:205.91ms
step:3095/4740 train_time:637260ms step_avg:205.90ms
step:3096/4740 train_time:637582ms step_avg:205.94ms
step:3097/4740 train_time:637765ms step_avg:205.93ms
step:3098/4740 train_time:638091ms step_avg:205.97ms
step:3099/4740 train_time:638271ms step_avg:205.96ms
step:3100/4740 train_time:638594ms step_avg:206.00ms
step:3101/4740 train_time:638776ms step_avg:205.99ms
step:3102/4740 train_time:639101ms step_avg:206.03ms
step:3103/4740 train_time:639283ms step_avg:206.02ms
step:3104/4740 train_time:639604ms step_avg:206.06ms
step:3105/4740 train_time:639786ms step_avg:206.05ms
step:3106/4740 train_time:640109ms step_avg:206.09ms
step:3107/4740 train_time:640294ms step_avg:206.08ms
step:3108/4740 train_time:640614ms step_avg:206.12ms
step:3109/4740 train_time:640797ms step_avg:206.11ms
step:3110/4740 train_time:641122ms step_avg:206.15ms
step:3111/4740 train_time:641309ms step_avg:206.14ms
step:3112/4740 train_time:641631ms step_avg:206.18ms
step:3113/4740 train_time:641812ms step_avg:206.17ms
step:3114/4740 train_time:642133ms step_avg:206.21ms
step:3115/4740 train_time:642316ms step_avg:206.20ms
step:3116/4740 train_time:642638ms step_avg:206.24ms
step:3117/4740 train_time:642821ms step_avg:206.23ms
step:3118/4740 train_time:643144ms step_avg:206.27ms
step:3119/4740 train_time:643326ms step_avg:206.26ms
step:3120/4740 train_time:643648ms step_avg:206.30ms
step:3121/4740 train_time:643827ms step_avg:206.29ms
step:3122/4740 train_time:644152ms step_avg:206.33ms
step:3123/4740 train_time:644333ms step_avg:206.32ms
step:3124/4740 train_time:644655ms step_avg:206.36ms
step:3125/4740 train_time:644838ms step_avg:206.35ms
step:3126/4740 train_time:645157ms step_avg:206.38ms
step:3127/4740 train_time:645343ms step_avg:206.38ms
step:3128/4740 train_time:645668ms step_avg:206.42ms
step:3129/4740 train_time:645851ms step_avg:206.41ms
step:3130/4740 train_time:646177ms step_avg:206.45ms
step:3131/4740 train_time:646364ms step_avg:206.44ms
step:3132/4740 train_time:646689ms step_avg:206.48ms
step:3133/4740 train_time:646873ms step_avg:206.47ms
step:3134/4740 train_time:647197ms step_avg:206.51ms
step:3135/4740 train_time:647382ms step_avg:206.50ms
step:3136/4740 train_time:647704ms step_avg:206.54ms
step:3137/4740 train_time:647888ms step_avg:206.53ms
step:3138/4740 train_time:648209ms step_avg:206.57ms
step:3139/4740 train_time:648394ms step_avg:206.56ms
step:3140/4740 train_time:648716ms step_avg:206.60ms
step:3141/4740 train_time:648898ms step_avg:206.59ms
step:3142/4740 train_time:649222ms step_avg:206.63ms
step:3143/4740 train_time:649402ms step_avg:206.62ms
step:3144/4740 train_time:649725ms step_avg:206.66ms
step:3145/4740 train_time:649915ms step_avg:206.65ms
step:3146/4740 train_time:650239ms step_avg:206.69ms
step:3147/4740 train_time:650419ms step_avg:206.68ms
step:3148/4740 train_time:650744ms step_avg:206.72ms
step:3149/4740 train_time:650924ms step_avg:206.71ms
step:3150/4740 train_time:651246ms step_avg:206.74ms
step:3151/4740 train_time:651428ms step_avg:206.74ms
step:3152/4740 train_time:651753ms step_avg:206.77ms
step:3153/4740 train_time:651933ms step_avg:206.77ms
step:3154/4740 train_time:652258ms step_avg:206.80ms
step:3155/4740 train_time:652442ms step_avg:206.80ms
step:3156/4740 train_time:652765ms step_avg:206.83ms
step:3157/4740 train_time:652944ms step_avg:206.82ms
step:3158/4740 train_time:653268ms step_avg:206.86ms
step:3159/4740 train_time:653453ms step_avg:206.85ms
step:3160/4740 train_time:653775ms step_avg:206.89ms
step:3161/4740 train_time:653961ms step_avg:206.88ms
step:3162/4740 train_time:654283ms step_avg:206.92ms
step:3163/4740 train_time:654470ms step_avg:206.91ms
step:3164/4740 train_time:654796ms step_avg:206.95ms
step:3165/4740 train_time:654978ms step_avg:206.94ms
step:3166/4740 train_time:655300ms step_avg:206.98ms
step:3167/4740 train_time:655485ms step_avg:206.97ms
step:3168/4740 train_time:655809ms step_avg:207.01ms
step:3169/4740 train_time:655991ms step_avg:207.00ms
step:3170/4740 train_time:656312ms step_avg:207.04ms
step:3171/4740 train_time:656495ms step_avg:207.03ms
step:3172/4740 train_time:656818ms step_avg:207.07ms
step:3173/4740 train_time:657005ms step_avg:207.06ms
step:3174/4740 train_time:657327ms step_avg:207.10ms
step:3175/4740 train_time:657507ms step_avg:207.09ms
step:3176/4740 train_time:657834ms step_avg:207.13ms
step:3177/4740 train_time:658013ms step_avg:207.12ms
step:3178/4740 train_time:658342ms step_avg:207.16ms
step:3179/4740 train_time:658522ms step_avg:207.15ms
step:3180/4740 train_time:658846ms step_avg:207.18ms
step:3181/4740 train_time:659027ms step_avg:207.18ms
step:3182/4740 train_time:659350ms step_avg:207.21ms
step:3183/4740 train_time:659533ms step_avg:207.20ms
step:3184/4740 train_time:659854ms step_avg:207.24ms
step:3185/4740 train_time:660037ms step_avg:207.23ms
step:3186/4740 train_time:660364ms step_avg:207.27ms
step:3187/4740 train_time:660546ms step_avg:207.26ms
step:3188/4740 train_time:660872ms step_avg:207.30ms
step:3189/4740 train_time:661057ms step_avg:207.29ms
step:3190/4740 train_time:661383ms step_avg:207.33ms
step:3191/4740 train_time:661564ms step_avg:207.32ms
step:3192/4740 train_time:661889ms step_avg:207.36ms
step:3193/4740 train_time:662068ms step_avg:207.35ms
step:3194/4740 train_time:662394ms step_avg:207.39ms
step:3195/4740 train_time:662577ms step_avg:207.38ms
step:3196/4740 train_time:662900ms step_avg:207.42ms
step:3197/4740 train_time:663085ms step_avg:207.41ms
step:3198/4740 train_time:663406ms step_avg:207.44ms
step:3199/4740 train_time:663589ms step_avg:207.44ms
step:3200/4740 train_time:663911ms step_avg:207.47ms
step:3201/4740 train_time:664093ms step_avg:207.46ms
step:3202/4740 train_time:664414ms step_avg:207.50ms
step:3203/4740 train_time:664600ms step_avg:207.49ms
step:3204/4740 train_time:664924ms step_avg:207.53ms
step:3205/4740 train_time:665107ms step_avg:207.52ms
step:3206/4740 train_time:665429ms step_avg:207.56ms
step:3207/4740 train_time:665615ms step_avg:207.55ms
step:3208/4740 train_time:665936ms step_avg:207.59ms
step:3209/4740 train_time:666120ms step_avg:207.58ms
step:3210/4740 train_time:666441ms step_avg:207.61ms
step:3211/4740 train_time:666625ms step_avg:207.61ms
step:3212/4740 train_time:666946ms step_avg:207.64ms
step:3213/4740 train_time:667130ms step_avg:207.63ms
step:3214/4740 train_time:667451ms step_avg:207.67ms
step:3215/4740 train_time:667633ms step_avg:207.66ms
step:3216/4740 train_time:667955ms step_avg:207.70ms
step:3217/4740 train_time:668135ms step_avg:207.69ms
step:3218/4740 train_time:668458ms step_avg:207.72ms
step:3219/4740 train_time:668644ms step_avg:207.72ms
step:3220/4740 train_time:668971ms step_avg:207.75ms
step:3221/4740 train_time:669152ms step_avg:207.75ms
step:3222/4740 train_time:669475ms step_avg:207.78ms
step:3223/4740 train_time:669661ms step_avg:207.78ms
step:3224/4740 train_time:669982ms step_avg:207.81ms
step:3225/4740 train_time:670171ms step_avg:207.81ms
step:3226/4740 train_time:670496ms step_avg:207.84ms
step:3227/4740 train_time:670678ms step_avg:207.83ms
step:3228/4740 train_time:671003ms step_avg:207.87ms
step:3229/4740 train_time:671185ms step_avg:207.86ms
step:3230/4740 train_time:671507ms step_avg:207.90ms
step:3231/4740 train_time:671692ms step_avg:207.89ms
step:3232/4740 train_time:672017ms step_avg:207.93ms
step:3233/4740 train_time:672199ms step_avg:207.92ms
step:3234/4740 train_time:672523ms step_avg:207.95ms
step:3235/4740 train_time:672707ms step_avg:207.95ms
step:3236/4740 train_time:673026ms step_avg:207.98ms
step:3237/4740 train_time:673210ms step_avg:207.97ms
step:3238/4740 train_time:673529ms step_avg:208.01ms
step:3239/4740 train_time:673716ms step_avg:208.00ms
step:3240/4740 train_time:674040ms step_avg:208.04ms
step:3241/4740 train_time:674225ms step_avg:208.03ms
step:3242/4740 train_time:674547ms step_avg:208.06ms
step:3243/4740 train_time:674728ms step_avg:208.06ms
step:3244/4740 train_time:675052ms step_avg:208.09ms
step:3245/4740 train_time:675234ms step_avg:208.08ms
step:3246/4740 train_time:675560ms step_avg:208.12ms
step:3247/4740 train_time:675744ms step_avg:208.11ms
step:3248/4740 train_time:676066ms step_avg:208.15ms
step:3249/4740 train_time:676247ms step_avg:208.14ms
step:3250/4740 train_time:676574ms step_avg:208.18ms
step:3250/4740 val_loss:3.1173 train_time:676703ms step_avg:208.22ms
step:3251/4740 train_time:676760ms step_avg:208.17ms
step:3252/4740 train_time:677091ms step_avg:208.21ms
step:3253/4740 train_time:677270ms step_avg:208.20ms
step:3254/4740 train_time:677587ms step_avg:208.23ms
step:3255/4740 train_time:677768ms step_avg:208.22ms
step:3256/4740 train_time:678097ms step_avg:208.26ms
step:3257/4740 train_time:678285ms step_avg:208.25ms
step:3258/4740 train_time:678602ms step_avg:208.29ms
step:3259/4740 train_time:678784ms step_avg:208.28ms
step:3260/4740 train_time:679109ms step_avg:208.32ms
step:3261/4740 train_time:679296ms step_avg:208.31ms
step:3262/4740 train_time:679614ms step_avg:208.34ms
step:3263/4740 train_time:679794ms step_avg:208.33ms
step:3264/4740 train_time:680116ms step_avg:208.37ms
step:3265/4740 train_time:680306ms step_avg:208.36ms
step:3266/4740 train_time:680627ms step_avg:208.40ms
step:3267/4740 train_time:680809ms step_avg:208.39ms
step:3268/4740 train_time:681135ms step_avg:208.43ms
step:3269/4740 train_time:681316ms step_avg:208.42ms
step:3270/4740 train_time:681639ms step_avg:208.45ms
step:3271/4740 train_time:681819ms step_avg:208.44ms
step:3272/4740 train_time:682145ms step_avg:208.48ms
step:3273/4740 train_time:682327ms step_avg:208.47ms
step:3274/4740 train_time:682649ms step_avg:208.51ms
step:3275/4740 train_time:682831ms step_avg:208.50ms
step:3276/4740 train_time:683157ms step_avg:208.53ms
step:3277/4740 train_time:683341ms step_avg:208.53ms
step:3278/4740 train_time:683665ms step_avg:208.56ms
step:3279/4740 train_time:683847ms step_avg:208.55ms
step:3280/4740 train_time:684171ms step_avg:208.59ms
step:3281/4740 train_time:684354ms step_avg:208.58ms
step:3282/4740 train_time:684677ms step_avg:208.62ms
step:3283/4740 train_time:684859ms step_avg:208.61ms
step:3284/4740 train_time:685184ms step_avg:208.64ms
step:3285/4740 train_time:685368ms step_avg:208.64ms
step:3286/4740 train_time:685688ms step_avg:208.67ms
step:3287/4740 train_time:685873ms step_avg:208.66ms
step:3288/4740 train_time:686196ms step_avg:208.70ms
step:3289/4740 train_time:686380ms step_avg:208.69ms
step:3290/4740 train_time:686698ms step_avg:208.72ms
step:3291/4740 train_time:686883ms step_avg:208.72ms
step:3292/4740 train_time:687206ms step_avg:208.75ms
step:3293/4740 train_time:687388ms step_avg:208.74ms
step:3294/4740 train_time:687710ms step_avg:208.78ms
step:3295/4740 train_time:687892ms step_avg:208.77ms
step:3296/4740 train_time:688215ms step_avg:208.80ms
step:3297/4740 train_time:688398ms step_avg:208.80ms
step:3298/4740 train_time:688721ms step_avg:208.83ms
step:3299/4740 train_time:688904ms step_avg:208.82ms
step:3300/4740 train_time:689228ms step_avg:208.86ms
step:3301/4740 train_time:689408ms step_avg:208.85ms
step:3302/4740 train_time:689732ms step_avg:208.88ms
step:3303/4740 train_time:689914ms step_avg:208.88ms
step:3304/4740 train_time:690242ms step_avg:208.91ms
step:3305/4740 train_time:690419ms step_avg:208.90ms
step:3306/4740 train_time:690745ms step_avg:208.94ms
step:3307/4740 train_time:690928ms step_avg:208.93ms
step:3308/4740 train_time:691249ms step_avg:208.96ms
step:3309/4740 train_time:691430ms step_avg:208.95ms
step:3310/4740 train_time:691753ms step_avg:208.99ms
step:3311/4740 train_time:691938ms step_avg:208.98ms
step:3312/4740 train_time:692262ms step_avg:209.02ms
step:3313/4740 train_time:692441ms step_avg:209.01ms
step:3314/4740 train_time:692766ms step_avg:209.04ms
step:3315/4740 train_time:692946ms step_avg:209.03ms
step:3316/4740 train_time:693272ms step_avg:209.07ms
step:3317/4740 train_time:693459ms step_avg:209.06ms
step:3318/4740 train_time:693783ms step_avg:209.10ms
step:3319/4740 train_time:693965ms step_avg:209.09ms
step:3320/4740 train_time:694288ms step_avg:209.12ms
step:3321/4740 train_time:694472ms step_avg:209.12ms
step:3322/4740 train_time:694795ms step_avg:209.15ms
step:3323/4740 train_time:694979ms step_avg:209.14ms
step:3324/4740 train_time:695302ms step_avg:209.18ms
step:3325/4740 train_time:695486ms step_avg:209.17ms
step:3326/4740 train_time:695809ms step_avg:209.20ms
step:3327/4740 train_time:695992ms step_avg:209.20ms
step:3328/4740 train_time:696316ms step_avg:209.23ms
step:3329/4740 train_time:696497ms step_avg:209.22ms
step:3330/4740 train_time:696817ms step_avg:209.25ms
step:3331/4740 train_time:697000ms step_avg:209.25ms
step:3332/4740 train_time:697326ms step_avg:209.28ms
step:3333/4740 train_time:697510ms step_avg:209.27ms
step:3334/4740 train_time:697833ms step_avg:209.31ms
step:3335/4740 train_time:698012ms step_avg:209.30ms
step:3336/4740 train_time:698335ms step_avg:209.33ms
step:3337/4740 train_time:698514ms step_avg:209.32ms
step:3338/4740 train_time:698835ms step_avg:209.36ms
step:3339/4740 train_time:699016ms step_avg:209.35ms
step:3340/4740 train_time:699339ms step_avg:209.38ms
step:3341/4740 train_time:699523ms step_avg:209.38ms
step:3342/4740 train_time:699848ms step_avg:209.41ms
step:3343/4740 train_time:700032ms step_avg:209.40ms
step:3344/4740 train_time:700354ms step_avg:209.44ms
step:3345/4740 train_time:700535ms step_avg:209.43ms
step:3346/4740 train_time:700859ms step_avg:209.46ms
step:3347/4740 train_time:701043ms step_avg:209.45ms
step:3348/4740 train_time:701367ms step_avg:209.49ms
step:3349/4740 train_time:701550ms step_avg:209.48ms
step:3350/4740 train_time:701876ms step_avg:209.52ms
step:3351/4740 train_time:702060ms step_avg:209.51ms
step:3352/4740 train_time:702385ms step_avg:209.54ms
step:3353/4740 train_time:702565ms step_avg:209.53ms
step:3354/4740 train_time:702891ms step_avg:209.57ms
step:3355/4740 train_time:703074ms step_avg:209.56ms
step:3356/4740 train_time:703396ms step_avg:209.59ms
step:3357/4740 train_time:703578ms step_avg:209.59ms
step:3358/4740 train_time:703903ms step_avg:209.62ms
step:3359/4740 train_time:704087ms step_avg:209.61ms
step:3360/4740 train_time:704405ms step_avg:209.64ms
step:3361/4740 train_time:704593ms step_avg:209.64ms
step:3362/4740 train_time:704918ms step_avg:209.67ms
step:3363/4740 train_time:705102ms step_avg:209.66ms
step:3364/4740 train_time:705427ms step_avg:209.70ms
step:3365/4740 train_time:705608ms step_avg:209.69ms
step:3366/4740 train_time:705931ms step_avg:209.72ms
step:3367/4740 train_time:706111ms step_avg:209.72ms
step:3368/4740 train_time:706433ms step_avg:209.75ms
step:3369/4740 train_time:706617ms step_avg:209.74ms
step:3370/4740 train_time:706941ms step_avg:209.77ms
step:3371/4740 train_time:707124ms step_avg:209.77ms
step:3372/4740 train_time:707447ms step_avg:209.80ms
step:3373/4740 train_time:707628ms step_avg:209.79ms
step:3374/4740 train_time:707951ms step_avg:209.83ms
step:3375/4740 train_time:708133ms step_avg:209.82ms
step:3376/4740 train_time:708456ms step_avg:209.85ms
step:3377/4740 train_time:708639ms step_avg:209.84ms
step:3378/4740 train_time:708963ms step_avg:209.88ms
step:3379/4740 train_time:709147ms step_avg:209.87ms
step:3380/4740 train_time:709471ms step_avg:209.90ms
step:3381/4740 train_time:709652ms step_avg:209.89ms
step:3382/4740 train_time:709974ms step_avg:209.93ms
step:3383/4740 train_time:710159ms step_avg:209.92ms
step:3384/4740 train_time:710484ms step_avg:209.95ms
step:3385/4740 train_time:710666ms step_avg:209.95ms
step:3386/4740 train_time:710992ms step_avg:209.98ms
step:3387/4740 train_time:711176ms step_avg:209.97ms
step:3388/4740 train_time:711498ms step_avg:210.01ms
step:3389/4740 train_time:711685ms step_avg:210.00ms
step:3390/4740 train_time:712008ms step_avg:210.03ms
step:3391/4740 train_time:712192ms step_avg:210.02ms
step:3392/4740 train_time:712515ms step_avg:210.06ms
step:3393/4740 train_time:712699ms step_avg:210.05ms
step:3394/4740 train_time:713026ms step_avg:210.08ms
step:3395/4740 train_time:713210ms step_avg:210.08ms
step:3396/4740 train_time:713533ms step_avg:210.11ms
step:3397/4740 train_time:713716ms step_avg:210.10ms
step:3398/4740 train_time:714041ms step_avg:210.14ms
step:3399/4740 train_time:714224ms step_avg:210.13ms
step:3400/4740 train_time:714547ms step_avg:210.16ms
step:3401/4740 train_time:714732ms step_avg:210.15ms
step:3402/4740 train_time:715054ms step_avg:210.19ms
step:3403/4740 train_time:715237ms step_avg:210.18ms
step:3404/4740 train_time:715562ms step_avg:210.21ms
step:3405/4740 train_time:715746ms step_avg:210.20ms
step:3406/4740 train_time:716070ms step_avg:210.24ms
step:3407/4740 train_time:716248ms step_avg:210.23ms
step:3408/4740 train_time:716572ms step_avg:210.26ms
step:3409/4740 train_time:716756ms step_avg:210.25ms
step:3410/4740 train_time:717081ms step_avg:210.29ms
step:3411/4740 train_time:717263ms step_avg:210.28ms
step:3412/4740 train_time:717590ms step_avg:210.31ms
step:3413/4740 train_time:717772ms step_avg:210.31ms
step:3414/4740 train_time:718099ms step_avg:210.34ms
step:3415/4740 train_time:718281ms step_avg:210.33ms
step:3416/4740 train_time:718607ms step_avg:210.37ms
step:3417/4740 train_time:718788ms step_avg:210.36ms
step:3418/4740 train_time:719110ms step_avg:210.39ms
step:3419/4740 train_time:719290ms step_avg:210.38ms
step:3420/4740 train_time:719614ms step_avg:210.41ms
step:3421/4740 train_time:719799ms step_avg:210.41ms
step:3422/4740 train_time:720120ms step_avg:210.44ms
step:3423/4740 train_time:720305ms step_avg:210.43ms
step:3424/4740 train_time:720626ms step_avg:210.46ms
step:3425/4740 train_time:720811ms step_avg:210.46ms
step:3426/4740 train_time:721134ms step_avg:210.49ms
step:3427/4740 train_time:721313ms step_avg:210.48ms
step:3428/4740 train_time:721636ms step_avg:210.51ms
step:3429/4740 train_time:721820ms step_avg:210.50ms
step:3430/4740 train_time:722142ms step_avg:210.54ms
step:3431/4740 train_time:722327ms step_avg:210.53ms
step:3432/4740 train_time:722651ms step_avg:210.56ms
step:3433/4740 train_time:722833ms step_avg:210.55ms
step:3434/4740 train_time:723156ms step_avg:210.59ms
step:3435/4740 train_time:723339ms step_avg:210.58ms
step:3436/4740 train_time:723661ms step_avg:210.61ms
step:3437/4740 train_time:723843ms step_avg:210.60ms
step:3438/4740 train_time:724167ms step_avg:210.64ms
step:3439/4740 train_time:724348ms step_avg:210.63ms
step:3440/4740 train_time:724674ms step_avg:210.66ms
step:3441/4740 train_time:724857ms step_avg:210.65ms
step:3442/4740 train_time:725184ms step_avg:210.69ms
step:3443/4740 train_time:725364ms step_avg:210.68ms
step:3444/4740 train_time:725687ms step_avg:210.71ms
step:3445/4740 train_time:725871ms step_avg:210.70ms
step:3446/4740 train_time:726195ms step_avg:210.74ms
step:3447/4740 train_time:726377ms step_avg:210.73ms
step:3448/4740 train_time:726700ms step_avg:210.76ms
step:3449/4740 train_time:726883ms step_avg:210.75ms
step:3450/4740 train_time:727204ms step_avg:210.78ms
step:3451/4740 train_time:727393ms step_avg:210.78ms
step:3452/4740 train_time:727717ms step_avg:210.81ms
step:3453/4740 train_time:727897ms step_avg:210.80ms
step:3454/4740 train_time:728217ms step_avg:210.83ms
step:3455/4740 train_time:728399ms step_avg:210.82ms
step:3456/4740 train_time:728726ms step_avg:210.86ms
step:3457/4740 train_time:728905ms step_avg:210.85ms
step:3458/4740 train_time:729231ms step_avg:210.88ms
step:3459/4740 train_time:729413ms step_avg:210.87ms
step:3460/4740 train_time:729737ms step_avg:210.91ms
step:3461/4740 train_time:729921ms step_avg:210.90ms
step:3462/4740 train_time:730247ms step_avg:210.93ms
step:3463/4740 train_time:730426ms step_avg:210.92ms
step:3464/4740 train_time:730747ms step_avg:210.95ms
step:3465/4740 train_time:730935ms step_avg:210.95ms
step:3466/4740 train_time:731265ms step_avg:210.98ms
step:3467/4740 train_time:731441ms step_avg:210.97ms
step:3468/4740 train_time:731765ms step_avg:211.00ms
step:3469/4740 train_time:731949ms step_avg:211.00ms
step:3470/4740 train_time:732270ms step_avg:211.03ms
step:3471/4740 train_time:732454ms step_avg:211.02ms
step:3472/4740 train_time:732778ms step_avg:211.05ms
step:3473/4740 train_time:732965ms step_avg:211.05ms
step:3474/4740 train_time:733284ms step_avg:211.08ms
step:3475/4740 train_time:733468ms step_avg:211.07ms
step:3476/4740 train_time:733792ms step_avg:211.10ms
step:3477/4740 train_time:733977ms step_avg:211.09ms
step:3478/4740 train_time:734300ms step_avg:211.13ms
step:3479/4740 train_time:734485ms step_avg:211.12ms
step:3480/4740 train_time:734810ms step_avg:211.15ms
step:3481/4740 train_time:734993ms step_avg:211.14ms
step:3482/4740 train_time:735318ms step_avg:211.18ms
step:3483/4740 train_time:735499ms step_avg:211.17ms
step:3484/4740 train_time:735825ms step_avg:211.20ms
step:3485/4740 train_time:736009ms step_avg:211.19ms
step:3486/4740 train_time:736329ms step_avg:211.22ms
step:3487/4740 train_time:736514ms step_avg:211.22ms
step:3488/4740 train_time:736838ms step_avg:211.25ms
step:3489/4740 train_time:737019ms step_avg:211.24ms
step:3490/4740 train_time:737344ms step_avg:211.27ms
step:3491/4740 train_time:737528ms step_avg:211.27ms
step:3492/4740 train_time:737849ms step_avg:211.30ms
step:3493/4740 train_time:738030ms step_avg:211.29ms
step:3494/4740 train_time:738356ms step_avg:211.32ms
step:3495/4740 train_time:738539ms step_avg:211.31ms
step:3496/4740 train_time:738862ms step_avg:211.35ms
step:3497/4740 train_time:739045ms step_avg:211.34ms
step:3498/4740 train_time:739365ms step_avg:211.37ms
step:3499/4740 train_time:739550ms step_avg:211.36ms
step:3500/4740 train_time:739876ms step_avg:211.39ms
step:3500/4740 val_loss:3.0796 train_time:740001ms step_avg:211.43ms
step:3501/4740 train_time:740059ms step_avg:211.38ms
step:3502/4740 train_time:740389ms step_avg:211.42ms
step:3503/4740 train_time:740568ms step_avg:211.41ms
step:3504/4740 train_time:740884ms step_avg:211.44ms
step:3505/4740 train_time:741065ms step_avg:211.43ms
step:3506/4740 train_time:741396ms step_avg:211.46ms
step:3507/4740 train_time:741579ms step_avg:211.46ms
step:3508/4740 train_time:741898ms step_avg:211.49ms
step:3509/4740 train_time:742076ms step_avg:211.48ms
step:3510/4740 train_time:742403ms step_avg:211.51ms
step:3511/4740 train_time:742589ms step_avg:211.50ms
step:3512/4740 train_time:742909ms step_avg:211.53ms
step:3513/4740 train_time:743092ms step_avg:211.53ms
step:3514/4740 train_time:743416ms step_avg:211.56ms
step:3515/4740 train_time:743601ms step_avg:211.55ms
step:3516/4740 train_time:743924ms step_avg:211.58ms
step:3517/4740 train_time:744110ms step_avg:211.58ms
step:3518/4740 train_time:744429ms step_avg:211.61ms
step:3519/4740 train_time:744615ms step_avg:211.60ms
step:3520/4740 train_time:744939ms step_avg:211.63ms
step:3521/4740 train_time:745121ms step_avg:211.62ms
step:3522/4740 train_time:745444ms step_avg:211.65ms
step:3523/4740 train_time:745630ms step_avg:211.65ms
step:3524/4740 train_time:745954ms step_avg:211.68ms
step:3525/4740 train_time:746135ms step_avg:211.67ms
step:3526/4740 train_time:746459ms step_avg:211.70ms
step:3527/4740 train_time:746643ms step_avg:211.69ms
step:3528/4740 train_time:746967ms step_avg:211.73ms
step:3529/4740 train_time:747148ms step_avg:211.72ms
step:3530/4740 train_time:747469ms step_avg:211.75ms
step:3531/4740 train_time:747655ms step_avg:211.74ms
step:3532/4740 train_time:747978ms step_avg:211.77ms
step:3533/4740 train_time:748157ms step_avg:211.76ms
step:3534/4740 train_time:748479ms step_avg:211.79ms
step:3535/4740 train_time:748668ms step_avg:211.79ms
step:3536/4740 train_time:748992ms step_avg:211.82ms
step:3537/4740 train_time:749173ms step_avg:211.81ms
step:3538/4740 train_time:749494ms step_avg:211.84ms
step:3539/4740 train_time:749680ms step_avg:211.83ms
step:3540/4740 train_time:750002ms step_avg:211.87ms
step:3541/4740 train_time:750185ms step_avg:211.86ms
step:3542/4740 train_time:750507ms step_avg:211.89ms
step:3543/4740 train_time:750693ms step_avg:211.88ms
step:3544/4740 train_time:751009ms step_avg:211.91ms
step:3545/4740 train_time:751195ms step_avg:211.90ms
step:3546/4740 train_time:751517ms step_avg:211.93ms
step:3547/4740 train_time:751703ms step_avg:211.93ms
step:3548/4740 train_time:752023ms step_avg:211.96ms
step:3549/4740 train_time:752208ms step_avg:211.95ms
step:3550/4740 train_time:752533ms step_avg:211.98ms
step:3551/4740 train_time:752712ms step_avg:211.97ms
step:3552/4740 train_time:753038ms step_avg:212.00ms
step:3553/4740 train_time:753223ms step_avg:212.00ms
step:3554/4740 train_time:753545ms step_avg:212.03ms
step:3555/4740 train_time:753730ms step_avg:212.02ms
step:3556/4740 train_time:754058ms step_avg:212.05ms
step:3557/4740 train_time:754243ms step_avg:212.04ms
step:3558/4740 train_time:754568ms step_avg:212.08ms
step:3559/4740 train_time:754752ms step_avg:212.07ms
step:3560/4740 train_time:755071ms step_avg:212.10ms
step:3561/4740 train_time:755258ms step_avg:212.09ms
step:3562/4740 train_time:755578ms step_avg:212.12ms
step:3563/4740 train_time:755761ms step_avg:212.11ms
step:3564/4740 train_time:756081ms step_avg:212.14ms
step:3565/4740 train_time:756268ms step_avg:212.14ms
step:3566/4740 train_time:756589ms step_avg:212.17ms
step:3567/4740 train_time:756772ms step_avg:212.16ms
step:3568/4740 train_time:757091ms step_avg:212.19ms
step:3569/4740 train_time:757277ms step_avg:212.18ms
step:3570/4740 train_time:757599ms step_avg:212.21ms
step:3571/4740 train_time:757782ms step_avg:212.20ms
step:3572/4740 train_time:758104ms step_avg:212.24ms
step:3573/4740 train_time:758285ms step_avg:212.23ms
step:3574/4740 train_time:758611ms step_avg:212.26ms
step:3575/4740 train_time:758794ms step_avg:212.25ms
step:3576/4740 train_time:759116ms step_avg:212.28ms
step:3577/4740 train_time:759299ms step_avg:212.27ms
step:3578/4740 train_time:759626ms step_avg:212.30ms
step:3579/4740 train_time:759806ms step_avg:212.30ms
step:3580/4740 train_time:760130ms step_avg:212.33ms
step:3581/4740 train_time:760316ms step_avg:212.32ms
step:3582/4740 train_time:760643ms step_avg:212.35ms
step:3583/4740 train_time:760827ms step_avg:212.34ms
step:3584/4740 train_time:761149ms step_avg:212.37ms
step:3585/4740 train_time:761332ms step_avg:212.37ms
step:3586/4740 train_time:761652ms step_avg:212.40ms
step:3587/4740 train_time:761836ms step_avg:212.39ms
step:3588/4740 train_time:762160ms step_avg:212.42ms
step:3589/4740 train_time:762347ms step_avg:212.41ms
step:3590/4740 train_time:762672ms step_avg:212.44ms
step:3591/4740 train_time:762855ms step_avg:212.44ms
step:3592/4740 train_time:763176ms step_avg:212.47ms
step:3593/4740 train_time:763361ms step_avg:212.46ms
step:3594/4740 train_time:763686ms step_avg:212.49ms
step:3595/4740 train_time:763864ms step_avg:212.48ms
step:3596/4740 train_time:764186ms step_avg:212.51ms
step:3597/4740 train_time:764371ms step_avg:212.50ms
step:3598/4740 train_time:764697ms step_avg:212.53ms
step:3599/4740 train_time:764880ms step_avg:212.53ms
step:3600/4740 train_time:765202ms step_avg:212.56ms
step:3601/4740 train_time:765385ms step_avg:212.55ms
step:3602/4740 train_time:765705ms step_avg:212.58ms
step:3603/4740 train_time:765892ms step_avg:212.57ms
step:3604/4740 train_time:766215ms step_avg:212.60ms
step:3605/4740 train_time:766396ms step_avg:212.59ms
step:3606/4740 train_time:766720ms step_avg:212.62ms
step:3607/4740 train_time:766905ms step_avg:212.62ms
step:3608/4740 train_time:767229ms step_avg:212.65ms
step:3609/4740 train_time:767410ms step_avg:212.64ms
step:3610/4740 train_time:767733ms step_avg:212.67ms
step:3611/4740 train_time:767918ms step_avg:212.66ms
step:3612/4740 train_time:768241ms step_avg:212.69ms
step:3613/4740 train_time:768423ms step_avg:212.68ms
step:3614/4740 train_time:768747ms step_avg:212.71ms
step:3615/4740 train_time:768928ms step_avg:212.70ms
step:3616/4740 train_time:769249ms step_avg:212.73ms
step:3617/4740 train_time:769437ms step_avg:212.73ms
step:3618/4740 train_time:769759ms step_avg:212.76ms
step:3619/4740 train_time:769942ms step_avg:212.75ms
step:3620/4740 train_time:770267ms step_avg:212.78ms
step:3621/4740 train_time:770449ms step_avg:212.77ms
step:3622/4740 train_time:770773ms step_avg:212.80ms
step:3623/4740 train_time:770956ms step_avg:212.79ms
step:3624/4740 train_time:771281ms step_avg:212.83ms
step:3625/4740 train_time:771462ms step_avg:212.82ms
step:3626/4740 train_time:771782ms step_avg:212.85ms
step:3627/4740 train_time:771971ms step_avg:212.84ms
step:3628/4740 train_time:772294ms step_avg:212.87ms
step:3629/4740 train_time:772479ms step_avg:212.86ms
step:3630/4740 train_time:772804ms step_avg:212.89ms
step:3631/4740 train_time:772988ms step_avg:212.89ms
step:3632/4740 train_time:773311ms step_avg:212.92ms
step:3633/4740 train_time:773496ms step_avg:212.91ms
step:3634/4740 train_time:773818ms step_avg:212.94ms
step:3635/4740 train_time:774001ms step_avg:212.93ms
step:3636/4740 train_time:774327ms step_avg:212.96ms
step:3637/4740 train_time:774512ms step_avg:212.95ms
step:3638/4740 train_time:774834ms step_avg:212.98ms
step:3639/4740 train_time:775017ms step_avg:212.98ms
step:3640/4740 train_time:775339ms step_avg:213.01ms
step:3641/4740 train_time:775520ms step_avg:213.00ms
step:3642/4740 train_time:775841ms step_avg:213.03ms
step:3643/4740 train_time:776026ms step_avg:213.02ms
step:3644/4740 train_time:776349ms step_avg:213.05ms
step:3645/4740 train_time:776535ms step_avg:213.04ms
step:3646/4740 train_time:776857ms step_avg:213.07ms
step:3647/4740 train_time:777040ms step_avg:213.06ms
step:3648/4740 train_time:777366ms step_avg:213.09ms
step:3649/4740 train_time:777553ms step_avg:213.09ms
step:3650/4740 train_time:777876ms step_avg:213.12ms
step:3651/4740 train_time:778058ms step_avg:213.11ms
step:3652/4740 train_time:778381ms step_avg:213.14ms
step:3653/4740 train_time:778566ms step_avg:213.13ms
step:3654/4740 train_time:778886ms step_avg:213.16ms
step:3655/4740 train_time:779069ms step_avg:213.15ms
step:3656/4740 train_time:779395ms step_avg:213.18ms
step:3657/4740 train_time:779573ms step_avg:213.17ms
step:3658/4740 train_time:779893ms step_avg:213.20ms
step:3659/4740 train_time:780078ms step_avg:213.19ms
step:3660/4740 train_time:780399ms step_avg:213.22ms
step:3661/4740 train_time:780585ms step_avg:213.22ms
step:3662/4740 train_time:780908ms step_avg:213.25ms
step:3663/4740 train_time:781091ms step_avg:213.24ms
step:3664/4740 train_time:781420ms step_avg:213.27ms
step:3665/4740 train_time:781603ms step_avg:213.26ms
step:3666/4740 train_time:781927ms step_avg:213.29ms
step:3667/4740 train_time:782110ms step_avg:213.28ms
step:3668/4740 train_time:782433ms step_avg:213.31ms
step:3669/4740 train_time:782615ms step_avg:213.30ms
step:3670/4740 train_time:782939ms step_avg:213.33ms
step:3671/4740 train_time:783120ms step_avg:213.33ms
step:3672/4740 train_time:783443ms step_avg:213.36ms
step:3673/4740 train_time:783624ms step_avg:213.35ms
step:3674/4740 train_time:783949ms step_avg:213.38ms
step:3675/4740 train_time:784128ms step_avg:213.37ms
step:3676/4740 train_time:784450ms step_avg:213.40ms
step:3677/4740 train_time:784632ms step_avg:213.39ms
step:3678/4740 train_time:784956ms step_avg:213.42ms
step:3679/4740 train_time:785142ms step_avg:213.41ms
step:3680/4740 train_time:785470ms step_avg:213.44ms
step:3681/4740 train_time:785651ms step_avg:213.43ms
step:3682/4740 train_time:785976ms step_avg:213.46ms
step:3683/4740 train_time:786157ms step_avg:213.46ms
step:3684/4740 train_time:786484ms step_avg:213.49ms
step:3685/4740 train_time:786665ms step_avg:213.48ms
step:3686/4740 train_time:786986ms step_avg:213.51ms
step:3687/4740 train_time:787173ms step_avg:213.50ms
step:3688/4740 train_time:787495ms step_avg:213.53ms
step:3689/4740 train_time:787678ms step_avg:213.52ms
step:3690/4740 train_time:788002ms step_avg:213.55ms
step:3691/4740 train_time:788183ms step_avg:213.54ms
step:3692/4740 train_time:788504ms step_avg:213.57ms
step:3693/4740 train_time:788688ms step_avg:213.56ms
step:3694/4740 train_time:789013ms step_avg:213.59ms
step:3695/4740 train_time:789195ms step_avg:213.58ms
step:3696/4740 train_time:789510ms step_avg:213.61ms
step:3697/4740 train_time:789702ms step_avg:213.61ms
step:3698/4740 train_time:790023ms step_avg:213.64ms
step:3699/4740 train_time:790203ms step_avg:213.63ms
step:3700/4740 train_time:790525ms step_avg:213.66ms
step:3701/4740 train_time:790712ms step_avg:213.65ms
step:3702/4740 train_time:791035ms step_avg:213.68ms
step:3703/4740 train_time:791219ms step_avg:213.67ms
step:3704/4740 train_time:791541ms step_avg:213.70ms
step:3705/4740 train_time:791726ms step_avg:213.69ms
step:3706/4740 train_time:792049ms step_avg:213.72ms
step:3707/4740 train_time:792232ms step_avg:213.71ms
step:3708/4740 train_time:792556ms step_avg:213.74ms
step:3709/4740 train_time:792736ms step_avg:213.73ms
step:3710/4740 train_time:793059ms step_avg:213.76ms
step:3711/4740 train_time:793244ms step_avg:213.75ms
step:3712/4740 train_time:793568ms step_avg:213.78ms
step:3713/4740 train_time:793748ms step_avg:213.78ms
step:3714/4740 train_time:794073ms step_avg:213.81ms
step:3715/4740 train_time:794254ms step_avg:213.80ms
step:3716/4740 train_time:794579ms step_avg:213.83ms
step:3717/4740 train_time:794762ms step_avg:213.82ms
step:3718/4740 train_time:795086ms step_avg:213.85ms
step:3719/4740 train_time:795270ms step_avg:213.84ms
step:3720/4740 train_time:795590ms step_avg:213.87ms
step:3721/4740 train_time:795774ms step_avg:213.86ms
step:3722/4740 train_time:796098ms step_avg:213.89ms
step:3723/4740 train_time:796283ms step_avg:213.88ms
step:3724/4740 train_time:796603ms step_avg:213.91ms
step:3725/4740 train_time:796789ms step_avg:213.90ms
step:3726/4740 train_time:797111ms step_avg:213.93ms
step:3727/4740 train_time:797298ms step_avg:213.92ms
step:3728/4740 train_time:797617ms step_avg:213.95ms
step:3729/4740 train_time:797797ms step_avg:213.94ms
step:3730/4740 train_time:798117ms step_avg:213.97ms
step:3731/4740 train_time:798310ms step_avg:213.97ms
step:3732/4740 train_time:798632ms step_avg:214.00ms
step:3733/4740 train_time:798812ms step_avg:213.99ms
step:3734/4740 train_time:799137ms step_avg:214.02ms
step:3735/4740 train_time:799322ms step_avg:214.01ms
step:3736/4740 train_time:799644ms step_avg:214.04ms
step:3737/4740 train_time:799827ms step_avg:214.03ms
step:3738/4740 train_time:800148ms step_avg:214.06ms
step:3739/4740 train_time:800334ms step_avg:214.05ms
step:3740/4740 train_time:800654ms step_avg:214.08ms
step:3741/4740 train_time:800835ms step_avg:214.07ms
step:3742/4740 train_time:801158ms step_avg:214.10ms
step:3743/4740 train_time:801342ms step_avg:214.09ms
step:3744/4740 train_time:801668ms step_avg:214.12ms
step:3745/4740 train_time:801850ms step_avg:214.11ms
step:3746/4740 train_time:802174ms step_avg:214.14ms
step:3747/4740 train_time:802362ms step_avg:214.13ms
step:3748/4740 train_time:802682ms step_avg:214.16ms
step:3749/4740 train_time:802864ms step_avg:214.15ms
step:3750/4740 train_time:803186ms step_avg:214.18ms
step:3750/4740 val_loss:3.0443 train_time:803311ms step_avg:214.22ms
step:3751/4740 train_time:803366ms step_avg:214.17ms
step:3752/4740 train_time:803698ms step_avg:214.21ms
step:3753/4740 train_time:803882ms step_avg:214.20ms
step:3754/4740 train_time:804200ms step_avg:214.22ms
step:3755/4740 train_time:804383ms step_avg:214.22ms
step:3756/4740 train_time:804709ms step_avg:214.25ms
step:3757/4740 train_time:804897ms step_avg:214.24ms
step:3758/4740 train_time:805219ms step_avg:214.27ms
step:3759/4740 train_time:805402ms step_avg:214.26ms
step:3760/4740 train_time:805726ms step_avg:214.29ms
step:3761/4740 train_time:805912ms step_avg:214.28ms
step:3762/4740 train_time:806228ms step_avg:214.31ms
step:3763/4740 train_time:806410ms step_avg:214.30ms
step:3764/4740 train_time:806733ms step_avg:214.33ms
step:3765/4740 train_time:806915ms step_avg:214.32ms
step:3766/4740 train_time:807237ms step_avg:214.35ms
step:3767/4740 train_time:807418ms step_avg:214.34ms
step:3768/4740 train_time:807743ms step_avg:214.37ms
step:3769/4740 train_time:807924ms step_avg:214.36ms
step:3770/4740 train_time:808249ms step_avg:214.39ms
step:3771/4740 train_time:808430ms step_avg:214.38ms
step:3772/4740 train_time:808750ms step_avg:214.41ms
step:3773/4740 train_time:808934ms step_avg:214.40ms
step:3774/4740 train_time:809258ms step_avg:214.43ms
step:3775/4740 train_time:809442ms step_avg:214.42ms
step:3776/4740 train_time:809768ms step_avg:214.45ms
step:3777/4740 train_time:809948ms step_avg:214.44ms
step:3778/4740 train_time:810274ms step_avg:214.47ms
step:3779/4740 train_time:810454ms step_avg:214.46ms
step:3780/4740 train_time:810779ms step_avg:214.49ms
step:3781/4740 train_time:810966ms step_avg:214.48ms
step:3782/4740 train_time:811287ms step_avg:214.51ms
step:3783/4740 train_time:811471ms step_avg:214.50ms
step:3784/4740 train_time:811793ms step_avg:214.53ms
step:3785/4740 train_time:811977ms step_avg:214.52ms
step:3786/4740 train_time:812298ms step_avg:214.55ms
step:3787/4740 train_time:812486ms step_avg:214.55ms
step:3788/4740 train_time:812805ms step_avg:214.57ms
step:3789/4740 train_time:812990ms step_avg:214.57ms
step:3790/4740 train_time:813314ms step_avg:214.59ms
step:3791/4740 train_time:813503ms step_avg:214.59ms
step:3792/4740 train_time:813827ms step_avg:214.62ms
step:3793/4740 train_time:814009ms step_avg:214.61ms
step:3794/4740 train_time:814332ms step_avg:214.64ms
step:3795/4740 train_time:814515ms step_avg:214.63ms
step:3796/4740 train_time:814839ms step_avg:214.66ms
step:3797/4740 train_time:815021ms step_avg:214.65ms
step:3798/4740 train_time:815344ms step_avg:214.68ms
step:3799/4740 train_time:815526ms step_avg:214.67ms
step:3800/4740 train_time:815848ms step_avg:214.70ms
step:3801/4740 train_time:816032ms step_avg:214.69ms
step:3802/4740 train_time:816355ms step_avg:214.72ms
step:3803/4740 train_time:816537ms step_avg:214.71ms
step:3804/4740 train_time:816862ms step_avg:214.74ms
step:3805/4740 train_time:817042ms step_avg:214.73ms
step:3806/4740 train_time:817366ms step_avg:214.76ms
step:3807/4740 train_time:817552ms step_avg:214.75ms
step:3808/4740 train_time:817878ms step_avg:214.78ms
step:3809/4740 train_time:818061ms step_avg:214.77ms
step:3810/4740 train_time:818383ms step_avg:214.80ms
step:3811/4740 train_time:818567ms step_avg:214.79ms
step:3812/4740 train_time:818882ms step_avg:214.82ms
step:3813/4740 train_time:819069ms step_avg:214.81ms
step:3814/4740 train_time:819392ms step_avg:214.84ms
step:3815/4740 train_time:819573ms step_avg:214.83ms
step:3816/4740 train_time:819894ms step_avg:214.86ms
step:3817/4740 train_time:820079ms step_avg:214.85ms
step:3818/4740 train_time:820402ms step_avg:214.88ms
step:3819/4740 train_time:820586ms step_avg:214.87ms
step:3820/4740 train_time:820908ms step_avg:214.90ms
step:3821/4740 train_time:821090ms step_avg:214.89ms
step:3822/4740 train_time:821410ms step_avg:214.92ms
step:3823/4740 train_time:821595ms step_avg:214.91ms
step:3824/4740 train_time:821919ms step_avg:214.94ms
step:3825/4740 train_time:822101ms step_avg:214.93ms
step:3826/4740 train_time:822424ms step_avg:214.96ms
step:3827/4740 train_time:822610ms step_avg:214.95ms
step:3828/4740 train_time:822931ms step_avg:214.98ms
step:3829/4740 train_time:823116ms step_avg:214.97ms
step:3830/4740 train_time:823439ms step_avg:215.00ms
step:3831/4740 train_time:823624ms step_avg:214.99ms
step:3832/4740 train_time:823947ms step_avg:215.02ms
step:3833/4740 train_time:824126ms step_avg:215.01ms
step:3834/4740 train_time:824450ms step_avg:215.04ms
step:3835/4740 train_time:824631ms step_avg:215.03ms
step:3836/4740 train_time:824955ms step_avg:215.06ms
step:3837/4740 train_time:825141ms step_avg:215.05ms
step:3838/4740 train_time:825465ms step_avg:215.08ms
step:3839/4740 train_time:825645ms step_avg:215.07ms
step:3840/4740 train_time:825967ms step_avg:215.10ms
step:3841/4740 train_time:826152ms step_avg:215.09ms
step:3842/4740 train_time:826476ms step_avg:215.12ms
step:3843/4740 train_time:826659ms step_avg:215.11ms
step:3844/4740 train_time:826983ms step_avg:215.14ms
step:3845/4740 train_time:827167ms step_avg:215.13ms
step:3846/4740 train_time:827491ms step_avg:215.16ms
step:3847/4740 train_time:827676ms step_avg:215.15ms
step:3848/4740 train_time:828001ms step_avg:215.18ms
step:3849/4740 train_time:828184ms step_avg:215.17ms
step:3850/4740 train_time:828508ms step_avg:215.20ms
step:3851/4740 train_time:828688ms step_avg:215.19ms
step:3852/4740 train_time:829015ms step_avg:215.22ms
step:3853/4740 train_time:829199ms step_avg:215.21ms
step:3854/4740 train_time:829519ms step_avg:215.24ms
step:3855/4740 train_time:829705ms step_avg:215.23ms
step:3856/4740 train_time:830028ms step_avg:215.26ms
step:3857/4740 train_time:830208ms step_avg:215.25ms
step:3858/4740 train_time:830529ms step_avg:215.27ms
step:3859/4740 train_time:830715ms step_avg:215.27ms
step:3860/4740 train_time:831040ms step_avg:215.30ms
step:3861/4740 train_time:831227ms step_avg:215.29ms
step:3862/4740 train_time:831544ms step_avg:215.31ms
step:3863/4740 train_time:831735ms step_avg:215.31ms
step:3864/4740 train_time:832059ms step_avg:215.34ms
step:3865/4740 train_time:832243ms step_avg:215.33ms
step:3866/4740 train_time:832568ms step_avg:215.36ms
step:3867/4740 train_time:832751ms step_avg:215.35ms
step:3868/4740 train_time:833071ms step_avg:215.38ms
step:3869/4740 train_time:833253ms step_avg:215.37ms
step:3870/4740 train_time:833579ms step_avg:215.40ms
step:3871/4740 train_time:833764ms step_avg:215.39ms
step:3872/4740 train_time:834089ms step_avg:215.42ms
step:3873/4740 train_time:834271ms step_avg:215.41ms
step:3874/4740 train_time:834594ms step_avg:215.43ms
step:3875/4740 train_time:834782ms step_avg:215.43ms
step:3876/4740 train_time:835103ms step_avg:215.45ms
step:3877/4740 train_time:835285ms step_avg:215.45ms
step:3878/4740 train_time:835605ms step_avg:215.47ms
step:3879/4740 train_time:835792ms step_avg:215.47ms
step:3880/4740 train_time:836112ms step_avg:215.49ms
step:3881/4740 train_time:836297ms step_avg:215.48ms
step:3882/4740 train_time:836619ms step_avg:215.51ms
step:3883/4740 train_time:836804ms step_avg:215.50ms
step:3884/4740 train_time:837129ms step_avg:215.53ms
step:3885/4740 train_time:837311ms step_avg:215.52ms
step:3886/4740 train_time:837633ms step_avg:215.55ms
step:3887/4740 train_time:837817ms step_avg:215.54ms
step:3888/4740 train_time:838143ms step_avg:215.57ms
step:3889/4740 train_time:838326ms step_avg:215.56ms
step:3890/4740 train_time:838648ms step_avg:215.59ms
step:3891/4740 train_time:838830ms step_avg:215.58ms
step:3892/4740 train_time:839158ms step_avg:215.61ms
step:3893/4740 train_time:839337ms step_avg:215.60ms
step:3894/4740 train_time:839660ms step_avg:215.63ms
step:3895/4740 train_time:839844ms step_avg:215.62ms
step:3896/4740 train_time:840165ms step_avg:215.65ms
step:3897/4740 train_time:840350ms step_avg:215.64ms
step:3898/4740 train_time:840673ms step_avg:215.67ms
step:3899/4740 train_time:840854ms step_avg:215.66ms
step:3900/4740 train_time:841182ms step_avg:215.69ms
step:3901/4740 train_time:841364ms step_avg:215.68ms
step:3902/4740 train_time:841692ms step_avg:215.71ms
step:3903/4740 train_time:841872ms step_avg:215.70ms
step:3904/4740 train_time:842197ms step_avg:215.73ms
step:3905/4740 train_time:842383ms step_avg:215.72ms
step:3906/4740 train_time:842705ms step_avg:215.75ms
step:3907/4740 train_time:842891ms step_avg:215.74ms
step:3908/4740 train_time:843214ms step_avg:215.77ms
step:3909/4740 train_time:843395ms step_avg:215.76ms
step:3910/4740 train_time:843718ms step_avg:215.78ms
step:3911/4740 train_time:843901ms step_avg:215.78ms
step:3912/4740 train_time:844222ms step_avg:215.80ms
step:3913/4740 train_time:844408ms step_avg:215.80ms
step:3914/4740 train_time:844733ms step_avg:215.82ms
step:3915/4740 train_time:844918ms step_avg:215.82ms
step:3916/4740 train_time:845241ms step_avg:215.84ms
step:3917/4740 train_time:845428ms step_avg:215.84ms
step:3918/4740 train_time:845751ms step_avg:215.86ms
step:3919/4740 train_time:845939ms step_avg:215.86ms
step:3920/4740 train_time:846260ms step_avg:215.88ms
step:3921/4740 train_time:846443ms step_avg:215.87ms
step:3922/4740 train_time:846765ms step_avg:215.90ms
step:3923/4740 train_time:846948ms step_avg:215.89ms
step:3924/4740 train_time:847273ms step_avg:215.92ms
step:3925/4740 train_time:847455ms step_avg:215.91ms
step:3926/4740 train_time:847776ms step_avg:215.94ms
step:3927/4740 train_time:847963ms step_avg:215.93ms
step:3928/4740 train_time:848284ms step_avg:215.96ms
step:3929/4740 train_time:848470ms step_avg:215.95ms
step:3930/4740 train_time:848791ms step_avg:215.98ms
step:3931/4740 train_time:848976ms step_avg:215.97ms
step:3932/4740 train_time:849300ms step_avg:216.00ms
step:3933/4740 train_time:849482ms step_avg:215.99ms
step:3934/4740 train_time:849805ms step_avg:216.02ms
step:3935/4740 train_time:849993ms step_avg:216.01ms
step:3936/4740 train_time:850313ms step_avg:216.03ms
step:3937/4740 train_time:850497ms step_avg:216.03ms
step:3938/4740 train_time:850823ms step_avg:216.05ms
step:3939/4740 train_time:851005ms step_avg:216.05ms
step:3940/4740 train_time:851329ms step_avg:216.07ms
step:3941/4740 train_time:851514ms step_avg:216.07ms
step:3942/4740 train_time:851841ms step_avg:216.09ms
step:3943/4740 train_time:852026ms step_avg:216.09ms
step:3944/4740 train_time:852340ms step_avg:216.11ms
step:3945/4740 train_time:852527ms step_avg:216.10ms
step:3946/4740 train_time:852853ms step_avg:216.13ms
step:3947/4740 train_time:853037ms step_avg:216.12ms
step:3948/4740 train_time:853359ms step_avg:216.15ms
step:3949/4740 train_time:853538ms step_avg:216.14ms
step:3950/4740 train_time:853861ms step_avg:216.17ms
step:3951/4740 train_time:854044ms step_avg:216.16ms
step:3952/4740 train_time:854369ms step_avg:216.19ms
step:3953/4740 train_time:854548ms step_avg:216.18ms
step:3954/4740 train_time:854873ms step_avg:216.20ms
step:3955/4740 train_time:855052ms step_avg:216.20ms
step:3956/4740 train_time:855375ms step_avg:216.22ms
step:3957/4740 train_time:855560ms step_avg:216.21ms
step:3958/4740 train_time:855884ms step_avg:216.24ms
step:3959/4740 train_time:856068ms step_avg:216.23ms
step:3960/4740 train_time:856392ms step_avg:216.26ms
step:3961/4740 train_time:856574ms step_avg:216.25ms
step:3962/4740 train_time:856900ms step_avg:216.28ms
step:3963/4740 train_time:857081ms step_avg:216.27ms
step:3964/4740 train_time:857404ms step_avg:216.30ms
step:3965/4740 train_time:857590ms step_avg:216.29ms
step:3966/4740 train_time:857914ms step_avg:216.32ms
step:3967/4740 train_time:858094ms step_avg:216.31ms
step:3968/4740 train_time:858419ms step_avg:216.34ms
step:3969/4740 train_time:858602ms step_avg:216.33ms
step:3970/4740 train_time:858923ms step_avg:216.35ms
step:3971/4740 train_time:859109ms step_avg:216.35ms
step:3972/4740 train_time:859432ms step_avg:216.37ms
step:3973/4740 train_time:859612ms step_avg:216.36ms
step:3974/4740 train_time:859933ms step_avg:216.39ms
step:3975/4740 train_time:860118ms step_avg:216.38ms
step:3976/4740 train_time:860441ms step_avg:216.41ms
step:3977/4740 train_time:860623ms step_avg:216.40ms
step:3978/4740 train_time:860945ms step_avg:216.43ms
step:3979/4740 train_time:861126ms step_avg:216.42ms
step:3980/4740 train_time:861448ms step_avg:216.44ms
step:3981/4740 train_time:861631ms step_avg:216.44ms
step:3982/4740 train_time:861950ms step_avg:216.46ms
step:3983/4740 train_time:862130ms step_avg:216.45ms
step:3984/4740 train_time:862452ms step_avg:216.48ms
step:3985/4740 train_time:862636ms step_avg:216.47ms
step:3986/4740 train_time:862959ms step_avg:216.50ms
step:3987/4740 train_time:863144ms step_avg:216.49ms
step:3988/4740 train_time:863468ms step_avg:216.52ms
step:3989/4740 train_time:863652ms step_avg:216.51ms
step:3990/4740 train_time:863975ms step_avg:216.53ms
step:3991/4740 train_time:864159ms step_avg:216.53ms
step:3992/4740 train_time:864480ms step_avg:216.55ms
step:3993/4740 train_time:864663ms step_avg:216.54ms
step:3994/4740 train_time:864989ms step_avg:216.57ms
step:3995/4740 train_time:865173ms step_avg:216.56ms
step:3996/4740 train_time:865495ms step_avg:216.59ms
step:3997/4740 train_time:865681ms step_avg:216.58ms
step:3998/4740 train_time:866007ms step_avg:216.61ms
step:3999/4740 train_time:866189ms step_avg:216.60ms
step:4000/4740 train_time:866510ms step_avg:216.63ms
step:4000/4740 val_loss:3.0117 train_time:866638ms step_avg:216.66ms
step:4001/4740 train_time:866695ms step_avg:216.62ms
step:4002/4740 train_time:867024ms step_avg:216.65ms
step:4003/4740 train_time:867206ms step_avg:216.64ms
step:4004/4740 train_time:867524ms step_avg:216.66ms
step:4005/4740 train_time:867706ms step_avg:216.66ms
step:4006/4740 train_time:868038ms step_avg:216.68ms
step:4007/4740 train_time:868221ms step_avg:216.68ms
step:4008/4740 train_time:868542ms step_avg:216.70ms
step:4009/4740 train_time:868720ms step_avg:216.69ms
step:4010/4740 train_time:869050ms step_avg:216.72ms
step:4011/4740 train_time:869229ms step_avg:216.71ms
step:4012/4740 train_time:869556ms step_avg:216.74ms
step:4013/4740 train_time:869739ms step_avg:216.73ms
step:4014/4740 train_time:870063ms step_avg:216.76ms
step:4015/4740 train_time:870248ms step_avg:216.75ms
step:4016/4740 train_time:870569ms step_avg:216.78ms
step:4017/4740 train_time:870749ms step_avg:216.77ms
step:4018/4740 train_time:871074ms step_avg:216.79ms
step:4019/4740 train_time:871257ms step_avg:216.78ms
step:4020/4740 train_time:871581ms step_avg:216.81ms
step:4021/4740 train_time:871761ms step_avg:216.80ms
step:4022/4740 train_time:872087ms step_avg:216.83ms
step:4023/4740 train_time:872266ms step_avg:216.82ms
step:4024/4740 train_time:872587ms step_avg:216.85ms
step:4025/4740 train_time:872770ms step_avg:216.84ms
step:4026/4740 train_time:873090ms step_avg:216.86ms
step:4027/4740 train_time:873272ms step_avg:216.85ms
step:4028/4740 train_time:873596ms step_avg:216.88ms
step:4029/4740 train_time:873783ms step_avg:216.87ms
step:4030/4740 train_time:874108ms step_avg:216.90ms
step:4031/4740 train_time:874292ms step_avg:216.89ms
step:4032/4740 train_time:874612ms step_avg:216.92ms
step:4033/4740 train_time:874797ms step_avg:216.91ms
step:4034/4740 train_time:875119ms step_avg:216.94ms
step:4035/4740 train_time:875302ms step_avg:216.93ms
step:4036/4740 train_time:875628ms step_avg:216.95ms
step:4037/4740 train_time:875811ms step_avg:216.95ms
step:4038/4740 train_time:876134ms step_avg:216.97ms
step:4039/4740 train_time:876321ms step_avg:216.96ms
step:4040/4740 train_time:876642ms step_avg:216.99ms
step:4041/4740 train_time:876827ms step_avg:216.98ms
step:4042/4740 train_time:877151ms step_avg:217.01ms
step:4043/4740 train_time:877334ms step_avg:217.00ms
step:4044/4740 train_time:877659ms step_avg:217.03ms
step:4045/4740 train_time:877841ms step_avg:217.02ms
step:4046/4740 train_time:878167ms step_avg:217.05ms
step:4047/4740 train_time:878347ms step_avg:217.04ms
step:4048/4740 train_time:878670ms step_avg:217.06ms
step:4049/4740 train_time:878851ms step_avg:217.05ms
step:4050/4740 train_time:879177ms step_avg:217.08ms
step:4051/4740 train_time:879357ms step_avg:217.07ms
step:4052/4740 train_time:879677ms step_avg:217.10ms
step:4053/4740 train_time:879865ms step_avg:217.09ms
step:4054/4740 train_time:880186ms step_avg:217.12ms
step:4055/4740 train_time:880368ms step_avg:217.11ms
step:4056/4740 train_time:880689ms step_avg:217.13ms
step:4057/4740 train_time:880877ms step_avg:217.13ms
step:4058/4740 train_time:881202ms step_avg:217.15ms
step:4059/4740 train_time:881387ms step_avg:217.14ms
step:4060/4740 train_time:881709ms step_avg:217.17ms
step:4061/4740 train_time:881893ms step_avg:217.16ms
step:4062/4740 train_time:882216ms step_avg:217.19ms
step:4063/4740 train_time:882400ms step_avg:217.18ms
step:4064/4740 train_time:882724ms step_avg:217.21ms
step:4065/4740 train_time:882906ms step_avg:217.20ms
step:4066/4740 train_time:883231ms step_avg:217.22ms
step:4067/4740 train_time:883413ms step_avg:217.21ms
step:4068/4740 train_time:883735ms step_avg:217.24ms
step:4069/4740 train_time:883918ms step_avg:217.23ms
step:4070/4740 train_time:884240ms step_avg:217.26ms
step:4071/4740 train_time:884424ms step_avg:217.25ms
step:4072/4740 train_time:884749ms step_avg:217.28ms
step:4073/4740 train_time:884929ms step_avg:217.27ms
step:4074/4740 train_time:885251ms step_avg:217.29ms
step:4075/4740 train_time:885438ms step_avg:217.29ms
step:4076/4740 train_time:885764ms step_avg:217.31ms
step:4077/4740 train_time:885948ms step_avg:217.30ms
step:4078/4740 train_time:886272ms step_avg:217.33ms
step:4079/4740 train_time:886455ms step_avg:217.32ms
step:4080/4740 train_time:886774ms step_avg:217.35ms
step:4081/4740 train_time:886961ms step_avg:217.34ms
step:4082/4740 train_time:887285ms step_avg:217.37ms
step:4083/4740 train_time:887466ms step_avg:217.36ms
step:4084/4740 train_time:887787ms step_avg:217.38ms
step:4085/4740 train_time:887968ms step_avg:217.37ms
step:4086/4740 train_time:888291ms step_avg:217.40ms
step:4087/4740 train_time:888476ms step_avg:217.39ms
step:4088/4740 train_time:888800ms step_avg:217.42ms
step:4089/4740 train_time:888983ms step_avg:217.41ms
step:4090/4740 train_time:889307ms step_avg:217.43ms
step:4091/4740 train_time:889489ms step_avg:217.43ms
step:4092/4740 train_time:889813ms step_avg:217.45ms
step:4093/4740 train_time:889998ms step_avg:217.44ms
step:4094/4740 train_time:890322ms step_avg:217.47ms
step:4095/4740 train_time:890506ms step_avg:217.46ms
step:4096/4740 train_time:890834ms step_avg:217.49ms
step:4097/4740 train_time:891015ms step_avg:217.48ms
step:4098/4740 train_time:891338ms step_avg:217.51ms
step:4099/4740 train_time:891519ms step_avg:217.50ms
step:4100/4740 train_time:891841ms step_avg:217.52ms
step:4101/4740 train_time:892025ms step_avg:217.51ms
step:4102/4740 train_time:892345ms step_avg:217.54ms
step:4103/4740 train_time:892529ms step_avg:217.53ms
step:4104/4740 train_time:892853ms step_avg:217.56ms
step:4105/4740 train_time:893041ms step_avg:217.55ms
step:4106/4740 train_time:893363ms step_avg:217.58ms
step:4107/4740 train_time:893546ms step_avg:217.57ms
step:4108/4740 train_time:893870ms step_avg:217.59ms
step:4109/4740 train_time:894054ms step_avg:217.58ms
step:4110/4740 train_time:894375ms step_avg:217.61ms
step:4111/4740 train_time:894559ms step_avg:217.60ms
step:4112/4740 train_time:894880ms step_avg:217.63ms
step:4113/4740 train_time:895065ms step_avg:217.62ms
step:4114/4740 train_time:895388ms step_avg:217.64ms
step:4115/4740 train_time:895572ms step_avg:217.64ms
step:4116/4740 train_time:895892ms step_avg:217.66ms
step:4117/4740 train_time:896074ms step_avg:217.65ms
step:4118/4740 train_time:896398ms step_avg:217.68ms
step:4119/4740 train_time:896585ms step_avg:217.67ms
step:4120/4740 train_time:896906ms step_avg:217.70ms
step:4121/4740 train_time:897093ms step_avg:217.69ms
step:4122/4740 train_time:897413ms step_avg:217.71ms
step:4123/4740 train_time:897599ms step_avg:217.71ms
step:4124/4740 train_time:897923ms step_avg:217.73ms
step:4125/4740 train_time:898104ms step_avg:217.72ms
step:4126/4740 train_time:898427ms step_avg:217.75ms
step:4127/4740 train_time:898611ms step_avg:217.74ms
step:4128/4740 train_time:898936ms step_avg:217.77ms
step:4129/4740 train_time:899119ms step_avg:217.76ms
step:4130/4740 train_time:899444ms step_avg:217.78ms
step:4131/4740 train_time:899629ms step_avg:217.78ms
step:4132/4740 train_time:899950ms step_avg:217.80ms
step:4133/4740 train_time:900138ms step_avg:217.79ms
step:4134/4740 train_time:900462ms step_avg:217.82ms
step:4135/4740 train_time:900646ms step_avg:217.81ms
step:4136/4740 train_time:900967ms step_avg:217.84ms
step:4137/4740 train_time:901152ms step_avg:217.83ms
step:4138/4740 train_time:901474ms step_avg:217.85ms
step:4139/4740 train_time:901659ms step_avg:217.84ms
step:4140/4740 train_time:901984ms step_avg:217.87ms
step:4141/4740 train_time:902166ms step_avg:217.86ms
step:4142/4740 train_time:902488ms step_avg:217.89ms
step:4143/4740 train_time:902669ms step_avg:217.88ms
step:4144/4740 train_time:902990ms step_avg:217.90ms
step:4145/4740 train_time:903175ms step_avg:217.90ms
step:4146/4740 train_time:903497ms step_avg:217.92ms
step:4147/4740 train_time:903679ms step_avg:217.91ms
step:4148/4740 train_time:904003ms step_avg:217.94ms
step:4149/4740 train_time:904187ms step_avg:217.93ms
step:4150/4740 train_time:904510ms step_avg:217.95ms
step:4151/4740 train_time:904695ms step_avg:217.95ms
step:4152/4740 train_time:905016ms step_avg:217.97ms
step:4153/4740 train_time:905204ms step_avg:217.96ms
step:4154/4740 train_time:905526ms step_avg:217.99ms
step:4155/4740 train_time:905709ms step_avg:217.98ms
step:4156/4740 train_time:906033ms step_avg:218.01ms
step:4157/4740 train_time:906219ms step_avg:218.00ms
step:4158/4740 train_time:906538ms step_avg:218.02ms
step:4159/4740 train_time:906724ms step_avg:218.01ms
step:4160/4740 train_time:907050ms step_avg:218.04ms
step:4161/4740 train_time:907232ms step_avg:218.03ms
step:4162/4740 train_time:907557ms step_avg:218.06ms
step:4163/4740 train_time:907744ms step_avg:218.05ms
step:4164/4740 train_time:908068ms step_avg:218.08ms
step:4165/4740 train_time:908251ms step_avg:218.07ms
step:4166/4740 train_time:908575ms step_avg:218.09ms
step:4167/4740 train_time:908762ms step_avg:218.09ms
step:4168/4740 train_time:909087ms step_avg:218.11ms
step:4169/4740 train_time:909270ms step_avg:218.10ms
step:4170/4740 train_time:909590ms step_avg:218.13ms
step:4171/4740 train_time:909776ms step_avg:218.12ms
step:4172/4740 train_time:910102ms step_avg:218.15ms
step:4173/4740 train_time:910284ms step_avg:218.14ms
step:4174/4740 train_time:910609ms step_avg:218.16ms
step:4175/4740 train_time:910793ms step_avg:218.15ms
step:4176/4740 train_time:911119ms step_avg:218.18ms
step:4177/4740 train_time:911301ms step_avg:218.17ms
step:4178/4740 train_time:911623ms step_avg:218.20ms
step:4179/4740 train_time:911806ms step_avg:218.19ms
step:4180/4740 train_time:912132ms step_avg:218.21ms
step:4181/4740 train_time:912313ms step_avg:218.20ms
step:4182/4740 train_time:912638ms step_avg:218.23ms
step:4183/4740 train_time:912822ms step_avg:218.22ms
step:4184/4740 train_time:913147ms step_avg:218.25ms
step:4185/4740 train_time:913327ms step_avg:218.24ms
step:4186/4740 train_time:913652ms step_avg:218.26ms
step:4187/4740 train_time:913832ms step_avg:218.25ms
step:4188/4740 train_time:914154ms step_avg:218.28ms
step:4189/4740 train_time:914335ms step_avg:218.27ms
step:4190/4740 train_time:914661ms step_avg:218.30ms
step:4191/4740 train_time:914840ms step_avg:218.29ms
step:4192/4740 train_time:915162ms step_avg:218.31ms
step:4193/4740 train_time:915347ms step_avg:218.30ms
step:4194/4740 train_time:915668ms step_avg:218.33ms
step:4195/4740 train_time:915848ms step_avg:218.32ms
step:4196/4740 train_time:916173ms step_avg:218.34ms
step:4197/4740 train_time:916360ms step_avg:218.34ms
step:4198/4740 train_time:916681ms step_avg:218.36ms
step:4199/4740 train_time:916871ms step_avg:218.35ms
step:4200/4740 train_time:917194ms step_avg:218.38ms
step:4201/4740 train_time:917380ms step_avg:218.37ms
step:4202/4740 train_time:917701ms step_avg:218.40ms
step:4203/4740 train_time:917885ms step_avg:218.39ms
step:4204/4740 train_time:918206ms step_avg:218.41ms
step:4205/4740 train_time:918391ms step_avg:218.40ms
step:4206/4740 train_time:918711ms step_avg:218.43ms
step:4207/4740 train_time:918899ms step_avg:218.42ms
step:4208/4740 train_time:919223ms step_avg:218.45ms
step:4209/4740 train_time:919407ms step_avg:218.44ms
step:4210/4740 train_time:919735ms step_avg:218.46ms
step:4211/4740 train_time:919914ms step_avg:218.46ms
step:4212/4740 train_time:920237ms step_avg:218.48ms
step:4213/4740 train_time:920418ms step_avg:218.47ms
step:4214/4740 train_time:920742ms step_avg:218.50ms
step:4215/4740 train_time:920926ms step_avg:218.49ms
step:4216/4740 train_time:921246ms step_avg:218.51ms
step:4217/4740 train_time:921431ms step_avg:218.50ms
step:4218/4740 train_time:921757ms step_avg:218.53ms
step:4219/4740 train_time:921945ms step_avg:218.52ms
step:4220/4740 train_time:922265ms step_avg:218.55ms
step:4221/4740 train_time:922448ms step_avg:218.54ms
step:4222/4740 train_time:922770ms step_avg:218.56ms
step:4223/4740 train_time:922952ms step_avg:218.55ms
step:4224/4740 train_time:923275ms step_avg:218.58ms
step:4225/4740 train_time:923460ms step_avg:218.57ms
step:4226/4740 train_time:923781ms step_avg:218.59ms
step:4227/4740 train_time:923964ms step_avg:218.59ms
step:4228/4740 train_time:924287ms step_avg:218.61ms
step:4229/4740 train_time:924471ms step_avg:218.60ms
step:4230/4740 train_time:924794ms step_avg:218.63ms
step:4231/4740 train_time:924979ms step_avg:218.62ms
step:4232/4740 train_time:925304ms step_avg:218.64ms
step:4233/4740 train_time:925490ms step_avg:218.64ms
step:4234/4740 train_time:925809ms step_avg:218.66ms
step:4235/4740 train_time:925993ms step_avg:218.65ms
step:4236/4740 train_time:926315ms step_avg:218.68ms
step:4237/4740 train_time:926498ms step_avg:218.67ms
step:4238/4740 train_time:926821ms step_avg:218.69ms
step:4239/4740 train_time:927005ms step_avg:218.68ms
step:4240/4740 train_time:927331ms step_avg:218.71ms
step:4241/4740 train_time:927512ms step_avg:218.70ms
step:4242/4740 train_time:927833ms step_avg:218.73ms
step:4243/4740 train_time:928015ms step_avg:218.72ms
step:4244/4740 train_time:928337ms step_avg:218.74ms
step:4245/4740 train_time:928524ms step_avg:218.73ms
step:4246/4740 train_time:928844ms step_avg:218.76ms
step:4247/4740 train_time:929030ms step_avg:218.75ms
step:4248/4740 train_time:929355ms step_avg:218.77ms
step:4249/4740 train_time:929540ms step_avg:218.77ms
step:4250/4740 train_time:929862ms step_avg:218.79ms
step:4250/4740 val_loss:2.9793 train_time:929992ms step_avg:218.82ms
step:4251/4740 train_time:930048ms step_avg:218.78ms
step:4252/4740 train_time:930384ms step_avg:218.81ms
step:4253/4740 train_time:930567ms step_avg:218.80ms
step:4254/4740 train_time:930885ms step_avg:218.83ms
step:4255/4740 train_time:931068ms step_avg:218.82ms
step:4256/4740 train_time:931393ms step_avg:218.84ms
step:4257/4740 train_time:931578ms step_avg:218.83ms
step:4258/4740 train_time:931896ms step_avg:218.86ms
step:4259/4740 train_time:932078ms step_avg:218.85ms
step:4260/4740 train_time:932405ms step_avg:218.87ms
step:4261/4740 train_time:932591ms step_avg:218.87ms
step:4262/4740 train_time:932910ms step_avg:218.89ms
step:4263/4740 train_time:933092ms step_avg:218.88ms
step:4264/4740 train_time:933415ms step_avg:218.91ms
step:4265/4740 train_time:933602ms step_avg:218.90ms
step:4266/4740 train_time:933927ms step_avg:218.92ms
step:4267/4740 train_time:934105ms step_avg:218.91ms
step:4268/4740 train_time:934429ms step_avg:218.94ms
step:4269/4740 train_time:934611ms step_avg:218.93ms
step:4270/4740 train_time:934938ms step_avg:218.95ms
step:4271/4740 train_time:935120ms step_avg:218.95ms
step:4272/4740 train_time:935442ms step_avg:218.97ms
step:4273/4740 train_time:935628ms step_avg:218.96ms
step:4274/4740 train_time:935953ms step_avg:218.99ms
step:4275/4740 train_time:936135ms step_avg:218.98ms
step:4276/4740 train_time:936460ms step_avg:219.00ms
step:4277/4740 train_time:936641ms step_avg:218.99ms
step:4278/4740 train_time:936970ms step_avg:219.02ms
step:4279/4740 train_time:937153ms step_avg:219.01ms
step:4280/4740 train_time:937475ms step_avg:219.04ms
step:4281/4740 train_time:937658ms step_avg:219.03ms
step:4282/4740 train_time:937981ms step_avg:219.05ms
step:4283/4740 train_time:938163ms step_avg:219.04ms
step:4284/4740 train_time:938487ms step_avg:219.07ms
step:4285/4740 train_time:938668ms step_avg:219.06ms
step:4286/4740 train_time:938990ms step_avg:219.08ms
step:4287/4740 train_time:939177ms step_avg:219.08ms
step:4288/4740 train_time:939499ms step_avg:219.10ms
step:4289/4740 train_time:939681ms step_avg:219.09ms
step:4290/4740 train_time:940002ms step_avg:219.11ms
step:4291/4740 train_time:940190ms step_avg:219.11ms
step:4292/4740 train_time:940511ms step_avg:219.13ms
step:4293/4740 train_time:940694ms step_avg:219.12ms
step:4294/4740 train_time:941017ms step_avg:219.15ms
step:4295/4740 train_time:941203ms step_avg:219.14ms
step:4296/4740 train_time:941528ms step_avg:219.16ms
step:4297/4740 train_time:941707ms step_avg:219.15ms
step:4298/4740 train_time:942030ms step_avg:219.18ms
step:4299/4740 train_time:942218ms step_avg:219.17ms
step:4300/4740 train_time:942543ms step_avg:219.20ms
step:4301/4740 train_time:942730ms step_avg:219.19ms
step:4302/4740 train_time:943051ms step_avg:219.21ms
step:4303/4740 train_time:943235ms step_avg:219.20ms
step:4304/4740 train_time:943560ms step_avg:219.23ms
step:4305/4740 train_time:943746ms step_avg:219.22ms
step:4306/4740 train_time:944072ms step_avg:219.25ms
step:4307/4740 train_time:944254ms step_avg:219.24ms
step:4308/4740 train_time:944579ms step_avg:219.26ms
step:4309/4740 train_time:944762ms step_avg:219.25ms
step:4310/4740 train_time:945081ms step_avg:219.28ms
step:4311/4740 train_time:945265ms step_avg:219.27ms
step:4312/4740 train_time:945590ms step_avg:219.29ms
step:4313/4740 train_time:945774ms step_avg:219.28ms
step:4314/4740 train_time:946093ms step_avg:219.31ms
step:4315/4740 train_time:946277ms step_avg:219.30ms
step:4316/4740 train_time:946603ms step_avg:219.32ms
step:4317/4740 train_time:946787ms step_avg:219.32ms
step:4318/4740 train_time:947108ms step_avg:219.34ms
step:4319/4740 train_time:947290ms step_avg:219.33ms
step:4320/4740 train_time:947612ms step_avg:219.35ms
step:4321/4740 train_time:947802ms step_avg:219.35ms
step:4322/4740 train_time:948121ms step_avg:219.37ms
step:4323/4740 train_time:948311ms step_avg:219.36ms
step:4324/4740 train_time:948633ms step_avg:219.39ms
step:4325/4740 train_time:948816ms step_avg:219.38ms
step:4326/4740 train_time:949137ms step_avg:219.40ms
step:4327/4740 train_time:949324ms step_avg:219.40ms
step:4328/4740 train_time:949647ms step_avg:219.42ms
step:4329/4740 train_time:949826ms step_avg:219.41ms
step:4330/4740 train_time:950144ms step_avg:219.43ms
step:4331/4740 train_time:950329ms step_avg:219.42ms
step:4332/4740 train_time:950653ms step_avg:219.45ms
step:4333/4740 train_time:950833ms step_avg:219.44ms
step:4334/4740 train_time:951154ms step_avg:219.46ms
step:4335/4740 train_time:951343ms step_avg:219.46ms
step:4336/4740 train_time:951669ms step_avg:219.48ms
step:4337/4740 train_time:951853ms step_avg:219.47ms
step:4338/4740 train_time:952176ms step_avg:219.50ms
step:4339/4740 train_time:952366ms step_avg:219.49ms
step:4340/4740 train_time:952685ms step_avg:219.51ms
step:4341/4740 train_time:952872ms step_avg:219.51ms
step:4342/4740 train_time:953193ms step_avg:219.53ms
step:4343/4740 train_time:953380ms step_avg:219.52ms
step:4344/4740 train_time:953701ms step_avg:219.54ms
step:4345/4740 train_time:953886ms step_avg:219.54ms
step:4346/4740 train_time:954208ms step_avg:219.56ms
step:4347/4740 train_time:954394ms step_avg:219.55ms
step:4348/4740 train_time:954719ms step_avg:219.58ms
step:4349/4740 train_time:954900ms step_avg:219.57ms
step:4350/4740 train_time:955226ms step_avg:219.59ms
step:4351/4740 train_time:955405ms step_avg:219.58ms
step:4352/4740 train_time:955729ms step_avg:219.61ms
step:4353/4740 train_time:955906ms step_avg:219.60ms
step:4354/4740 train_time:956231ms step_avg:219.62ms
step:4355/4740 train_time:956411ms step_avg:219.61ms
step:4356/4740 train_time:956737ms step_avg:219.64ms
step:4357/4740 train_time:956921ms step_avg:219.63ms
step:4358/4740 train_time:957245ms step_avg:219.65ms
step:4359/4740 train_time:957429ms step_avg:219.64ms
step:4360/4740 train_time:957754ms step_avg:219.67ms
step:4361/4740 train_time:957939ms step_avg:219.66ms
step:4362/4740 train_time:958262ms step_avg:219.68ms
step:4363/4740 train_time:958447ms step_avg:219.68ms
step:4364/4740 train_time:958774ms step_avg:219.70ms
step:4365/4740 train_time:958953ms step_avg:219.69ms
step:4366/4740 train_time:959276ms step_avg:219.71ms
step:4367/4740 train_time:959459ms step_avg:219.71ms
step:4368/4740 train_time:959788ms step_avg:219.73ms
step:4369/4740 train_time:959970ms step_avg:219.72ms
step:4370/4740 train_time:960289ms step_avg:219.75ms
step:4371/4740 train_time:960472ms step_avg:219.74ms
step:4372/4740 train_time:960795ms step_avg:219.76ms
step:4373/4740 train_time:960978ms step_avg:219.75ms
step:4374/4740 train_time:961299ms step_avg:219.78ms
step:4375/4740 train_time:961480ms step_avg:219.77ms
step:4376/4740 train_time:961805ms step_avg:219.79ms
step:4377/4740 train_time:961990ms step_avg:219.78ms
step:4378/4740 train_time:962312ms step_avg:219.81ms
step:4379/4740 train_time:962496ms step_avg:219.80ms
step:4380/4740 train_time:962821ms step_avg:219.82ms
step:4381/4740 train_time:963004ms step_avg:219.81ms
step:4382/4740 train_time:963325ms step_avg:219.84ms
step:4383/4740 train_time:963510ms step_avg:219.83ms
step:4384/4740 train_time:963832ms step_avg:219.85ms
step:4385/4740 train_time:964018ms step_avg:219.84ms
step:4386/4740 train_time:964340ms step_avg:219.87ms
step:4387/4740 train_time:964525ms step_avg:219.86ms
step:4388/4740 train_time:964848ms step_avg:219.88ms
step:4389/4740 train_time:965029ms step_avg:219.87ms
step:4390/4740 train_time:965353ms step_avg:219.90ms
step:4391/4740 train_time:965537ms step_avg:219.89ms
step:4392/4740 train_time:965863ms step_avg:219.91ms
step:4393/4740 train_time:966044ms step_avg:219.91ms
step:4394/4740 train_time:966368ms step_avg:219.93ms
step:4395/4740 train_time:966548ms step_avg:219.92ms
step:4396/4740 train_time:966874ms step_avg:219.94ms
step:4397/4740 train_time:967054ms step_avg:219.94ms
step:4398/4740 train_time:967380ms step_avg:219.96ms
step:4399/4740 train_time:967563ms step_avg:219.95ms
step:4400/4740 train_time:967889ms step_avg:219.97ms
step:4401/4740 train_time:968069ms step_avg:219.97ms
step:4402/4740 train_time:968394ms step_avg:219.99ms
step:4403/4740 train_time:968575ms step_avg:219.98ms
step:4404/4740 train_time:968900ms step_avg:220.00ms
step:4405/4740 train_time:969083ms step_avg:220.00ms
step:4406/4740 train_time:969405ms step_avg:220.02ms
step:4407/4740 train_time:969592ms step_avg:220.01ms
step:4408/4740 train_time:969913ms step_avg:220.03ms
step:4409/4740 train_time:970096ms step_avg:220.03ms
step:4410/4740 train_time:970421ms step_avg:220.05ms
step:4411/4740 train_time:970601ms step_avg:220.04ms
step:4412/4740 train_time:970926ms step_avg:220.06ms
step:4413/4740 train_time:971108ms step_avg:220.06ms
step:4414/4740 train_time:971433ms step_avg:220.08ms
step:4415/4740 train_time:971612ms step_avg:220.07ms
step:4416/4740 train_time:971940ms step_avg:220.10ms
step:4417/4740 train_time:972122ms step_avg:220.09ms
step:4418/4740 train_time:972445ms step_avg:220.11ms
step:4419/4740 train_time:972628ms step_avg:220.10ms
step:4420/4740 train_time:972951ms step_avg:220.12ms
step:4421/4740 train_time:973133ms step_avg:220.12ms
step:4422/4740 train_time:973457ms step_avg:220.14ms
step:4423/4740 train_time:973640ms step_avg:220.13ms
step:4424/4740 train_time:973964ms step_avg:220.15ms
step:4425/4740 train_time:974146ms step_avg:220.15ms
step:4426/4740 train_time:974470ms step_avg:220.17ms
step:4427/4740 train_time:974651ms step_avg:220.16ms
step:4428/4740 train_time:974973ms step_avg:220.18ms
step:4429/4740 train_time:975158ms step_avg:220.18ms
step:4430/4740 train_time:975484ms step_avg:220.20ms
step:4431/4740 train_time:975667ms step_avg:220.19ms
step:4432/4740 train_time:975989ms step_avg:220.21ms
step:4433/4740 train_time:976175ms step_avg:220.21ms
step:4434/4740 train_time:976497ms step_avg:220.23ms
step:4435/4740 train_time:976681ms step_avg:220.22ms
step:4436/4740 train_time:977003ms step_avg:220.24ms
step:4437/4740 train_time:977189ms step_avg:220.24ms
step:4438/4740 train_time:977516ms step_avg:220.26ms
step:4439/4740 train_time:977698ms step_avg:220.25ms
step:4440/4740 train_time:978020ms step_avg:220.27ms
step:4441/4740 train_time:978205ms step_avg:220.27ms
step:4442/4740 train_time:978530ms step_avg:220.29ms
step:4443/4740 train_time:978710ms step_avg:220.28ms
step:4444/4740 train_time:979032ms step_avg:220.30ms
step:4445/4740 train_time:979215ms step_avg:220.30ms
step:4446/4740 train_time:979541ms step_avg:220.32ms
step:4447/4740 train_time:979726ms step_avg:220.31ms
step:4448/4740 train_time:980045ms step_avg:220.33ms
step:4449/4740 train_time:980228ms step_avg:220.33ms
step:4450/4740 train_time:980550ms step_avg:220.35ms
step:4451/4740 train_time:980735ms step_avg:220.34ms
step:4452/4740 train_time:981058ms step_avg:220.36ms
step:4453/4740 train_time:981239ms step_avg:220.35ms
step:4454/4740 train_time:981565ms step_avg:220.38ms
step:4455/4740 train_time:981748ms step_avg:220.37ms
step:4456/4740 train_time:982068ms step_avg:220.39ms
step:4457/4740 train_time:982250ms step_avg:220.38ms
step:4458/4740 train_time:982579ms step_avg:220.41ms
step:4459/4740 train_time:982763ms step_avg:220.40ms
step:4460/4740 train_time:983089ms step_avg:220.42ms
step:4461/4740 train_time:983274ms step_avg:220.42ms
step:4462/4740 train_time:983598ms step_avg:220.44ms
step:4463/4740 train_time:983785ms step_avg:220.43ms
step:4464/4740 train_time:984106ms step_avg:220.45ms
step:4465/4740 train_time:984291ms step_avg:220.45ms
step:4466/4740 train_time:984610ms step_avg:220.47ms
step:4467/4740 train_time:984795ms step_avg:220.46ms
step:4468/4740 train_time:985117ms step_avg:220.48ms
step:4469/4740 train_time:985305ms step_avg:220.48ms
step:4470/4740 train_time:985632ms step_avg:220.50ms
step:4471/4740 train_time:985814ms step_avg:220.49ms
step:4472/4740 train_time:986136ms step_avg:220.51ms
step:4473/4740 train_time:986324ms step_avg:220.51ms
step:4474/4740 train_time:986646ms step_avg:220.53ms
step:4475/4740 train_time:986827ms step_avg:220.52ms
step:4476/4740 train_time:987148ms step_avg:220.54ms
step:4477/4740 train_time:987332ms step_avg:220.53ms
step:4478/4740 train_time:987659ms step_avg:220.56ms
step:4479/4740 train_time:987842ms step_avg:220.55ms
step:4480/4740 train_time:988167ms step_avg:220.57ms
step:4481/4740 train_time:988346ms step_avg:220.56ms
step:4482/4740 train_time:988671ms step_avg:220.59ms
step:4483/4740 train_time:988852ms step_avg:220.58ms
step:4484/4740 train_time:989176ms step_avg:220.60ms
step:4485/4740 train_time:989358ms step_avg:220.59ms
step:4486/4740 train_time:989682ms step_avg:220.62ms
step:4487/4740 train_time:989863ms step_avg:220.61ms
step:4488/4740 train_time:990190ms step_avg:220.63ms
step:4489/4740 train_time:990371ms step_avg:220.62ms
step:4490/4740 train_time:990692ms step_avg:220.64ms
step:4491/4740 train_time:990878ms step_avg:220.64ms
step:4492/4740 train_time:991203ms step_avg:220.66ms
step:4493/4740 train_time:991387ms step_avg:220.65ms
step:4494/4740 train_time:991712ms step_avg:220.67ms
step:4495/4740 train_time:991894ms step_avg:220.67ms
step:4496/4740 train_time:992218ms step_avg:220.69ms
step:4497/4740 train_time:992403ms step_avg:220.68ms
step:4498/4740 train_time:992726ms step_avg:220.70ms
step:4499/4740 train_time:992907ms step_avg:220.70ms
step:4500/4740 train_time:993233ms step_avg:220.72ms
step:4500/4740 val_loss:2.9510 train_time:993361ms step_avg:220.75ms
step:4501/4740 train_time:993417ms step_avg:220.71ms
step:4502/4740 train_time:993750ms step_avg:220.74ms
step:4503/4740 train_time:993937ms step_avg:220.73ms
step:4504/4740 train_time:994253ms step_avg:220.75ms
step:4505/4740 train_time:994435ms step_avg:220.74ms
step:4506/4740 train_time:994760ms step_avg:220.76ms
step:4507/4740 train_time:994950ms step_avg:220.76ms
step:4508/4740 train_time:995273ms step_avg:220.78ms
step:4509/4740 train_time:995451ms step_avg:220.77ms
step:4510/4740 train_time:995780ms step_avg:220.79ms
step:4511/4740 train_time:995966ms step_avg:220.79ms
step:4512/4740 train_time:996287ms step_avg:220.81ms
step:4513/4740 train_time:996470ms step_avg:220.80ms
step:4514/4740 train_time:996798ms step_avg:220.82ms
step:4515/4740 train_time:996979ms step_avg:220.81ms
step:4516/4740 train_time:997302ms step_avg:220.84ms
step:4517/4740 train_time:997483ms step_avg:220.83ms
step:4518/4740 train_time:997811ms step_avg:220.85ms
step:4519/4740 train_time:997992ms step_avg:220.84ms
step:4520/4740 train_time:998310ms step_avg:220.87ms
step:4521/4740 train_time:998494ms step_avg:220.86ms
step:4522/4740 train_time:998819ms step_avg:220.88ms
step:4523/4740 train_time:999005ms step_avg:220.87ms
step:4524/4740 train_time:999332ms step_avg:220.90ms
step:4525/4740 train_time:999515ms step_avg:220.89ms
step:4526/4740 train_time:999838ms step_avg:220.91ms
step:4527/4740 train_time:1000023ms step_avg:220.90ms
step:4528/4740 train_time:1000346ms step_avg:220.92ms
step:4529/4740 train_time:1000528ms step_avg:220.92ms
step:4530/4740 train_time:1000854ms step_avg:220.94ms
step:4531/4740 train_time:1001037ms step_avg:220.93ms
step:4532/4740 train_time:1001363ms step_avg:220.95ms
step:4533/4740 train_time:1001545ms step_avg:220.95ms
step:4534/4740 train_time:1001867ms step_avg:220.97ms
step:4535/4740 train_time:1002052ms step_avg:220.96ms
step:4536/4740 train_time:1002377ms step_avg:220.98ms
step:4537/4740 train_time:1002558ms step_avg:220.97ms
step:4538/4740 train_time:1002882ms step_avg:221.00ms
step:4539/4740 train_time:1003065ms step_avg:220.99ms
step:4540/4740 train_time:1003392ms step_avg:221.01ms
step:4541/4740 train_time:1003574ms step_avg:221.00ms
step:4542/4740 train_time:1003896ms step_avg:221.03ms
step:4543/4740 train_time:1004078ms step_avg:221.02ms
step:4544/4740 train_time:1004404ms step_avg:221.04ms
step:4545/4740 train_time:1004586ms step_avg:221.03ms
step:4546/4740 train_time:1004912ms step_avg:221.05ms
step:4547/4740 train_time:1005094ms step_avg:221.05ms
step:4548/4740 train_time:1005419ms step_avg:221.07ms
step:4549/4740 train_time:1005601ms step_avg:221.06ms
step:4550/4740 train_time:1005926ms step_avg:221.08ms
step:4551/4740 train_time:1006111ms step_avg:221.07ms
step:4552/4740 train_time:1006432ms step_avg:221.10ms
step:4553/4740 train_time:1006616ms step_avg:221.09ms
step:4554/4740 train_time:1006943ms step_avg:221.11ms
step:4555/4740 train_time:1007124ms step_avg:221.10ms
step:4556/4740 train_time:1007450ms step_avg:221.13ms
step:4557/4740 train_time:1007635ms step_avg:221.12ms
step:4558/4740 train_time:1007957ms step_avg:221.14ms
step:4559/4740 train_time:1008147ms step_avg:221.13ms
step:4560/4740 train_time:1008473ms step_avg:221.16ms
step:4561/4740 train_time:1008657ms step_avg:221.15ms
step:4562/4740 train_time:1008980ms step_avg:221.17ms
step:4563/4740 train_time:1009163ms step_avg:221.16ms
step:4564/4740 train_time:1009488ms step_avg:221.18ms
step:4565/4740 train_time:1009677ms step_avg:221.18ms
step:4566/4740 train_time:1009992ms step_avg:221.20ms
step:4567/4740 train_time:1010181ms step_avg:221.19ms
step:4568/4740 train_time:1010504ms step_avg:221.21ms
step:4569/4740 train_time:1010688ms step_avg:221.21ms
step:4570/4740 train_time:1011014ms step_avg:221.23ms
step:4571/4740 train_time:1011195ms step_avg:221.22ms
step:4572/4740 train_time:1011517ms step_avg:221.24ms
step:4573/4740 train_time:1011700ms step_avg:221.23ms
step:4574/4740 train_time:1012022ms step_avg:221.26ms
step:4575/4740 train_time:1012202ms step_avg:221.25ms
step:4576/4740 train_time:1012528ms step_avg:221.27ms
step:4577/4740 train_time:1012710ms step_avg:221.26ms
step:4578/4740 train_time:1013036ms step_avg:221.28ms
step:4579/4740 train_time:1013219ms step_avg:221.28ms
step:4580/4740 train_time:1013547ms step_avg:221.30ms
step:4581/4740 train_time:1013731ms step_avg:221.29ms
step:4582/4740 train_time:1014054ms step_avg:221.31ms
step:4583/4740 train_time:1014237ms step_avg:221.30ms
step:4584/4740 train_time:1014559ms step_avg:221.33ms
step:4585/4740 train_time:1014742ms step_avg:221.32ms
step:4586/4740 train_time:1015062ms step_avg:221.34ms
step:4587/4740 train_time:1015248ms step_avg:221.33ms
step:4588/4740 train_time:1015572ms step_avg:221.35ms
step:4589/4740 train_time:1015756ms step_avg:221.35ms
step:4590/4740 train_time:1016082ms step_avg:221.37ms
step:4591/4740 train_time:1016265ms step_avg:221.36ms
step:4592/4740 train_time:1016592ms step_avg:221.38ms
step:4593/4740 train_time:1016776ms step_avg:221.38ms
step:4594/4740 train_time:1017099ms step_avg:221.40ms
step:4595/4740 train_time:1017282ms step_avg:221.39ms
step:4596/4740 train_time:1017607ms step_avg:221.41ms
step:4597/4740 train_time:1017793ms step_avg:221.40ms
step:4598/4740 train_time:1018114ms step_avg:221.43ms
step:4599/4740 train_time:1018298ms step_avg:221.42ms
step:4600/4740 train_time:1018623ms step_avg:221.44ms
step:4601/4740 train_time:1018806ms step_avg:221.43ms
step:4602/4740 train_time:1019128ms step_avg:221.45ms
step:4603/4740 train_time:1019312ms step_avg:221.45ms
step:4604/4740 train_time:1019636ms step_avg:221.47ms
step:4605/4740 train_time:1019820ms step_avg:221.46ms
step:4606/4740 train_time:1020140ms step_avg:221.48ms
step:4607/4740 train_time:1020323ms step_avg:221.47ms
step:4608/4740 train_time:1020643ms step_avg:221.49ms
step:4609/4740 train_time:1020827ms step_avg:221.49ms
step:4610/4740 train_time:1021152ms step_avg:221.51ms
step:4611/4740 train_time:1021334ms step_avg:221.50ms
step:4612/4740 train_time:1021655ms step_avg:221.52ms
step:4613/4740 train_time:1021838ms step_avg:221.51ms
step:4614/4740 train_time:1022164ms step_avg:221.54ms
step:4615/4740 train_time:1022343ms step_avg:221.53ms
step:4616/4740 train_time:1022665ms step_avg:221.55ms
step:4617/4740 train_time:1022850ms step_avg:221.54ms
step:4618/4740 train_time:1023176ms step_avg:221.56ms
step:4619/4740 train_time:1023357ms step_avg:221.55ms
step:4620/4740 train_time:1023679ms step_avg:221.58ms
step:4621/4740 train_time:1023862ms step_avg:221.57ms
step:4622/4740 train_time:1024185ms step_avg:221.59ms
step:4623/4740 train_time:1024372ms step_avg:221.58ms
step:4624/4740 train_time:1024696ms step_avg:221.60ms
step:4625/4740 train_time:1024878ms step_avg:221.60ms
step:4626/4740 train_time:1025199ms step_avg:221.62ms
step:4627/4740 train_time:1025389ms step_avg:221.61ms
step:4628/4740 train_time:1025717ms step_avg:221.63ms
step:4629/4740 train_time:1025898ms step_avg:221.62ms
step:4630/4740 train_time:1026221ms step_avg:221.65ms
step:4631/4740 train_time:1026407ms step_avg:221.64ms
step:4632/4740 train_time:1026724ms step_avg:221.66ms
step:4633/4740 train_time:1026911ms step_avg:221.65ms
step:4634/4740 train_time:1027238ms step_avg:221.67ms
step:4635/4740 train_time:1027419ms step_avg:221.67ms
step:4636/4740 train_time:1027743ms step_avg:221.69ms
step:4637/4740 train_time:1027926ms step_avg:221.68ms
step:4638/4740 train_time:1028248ms step_avg:221.70ms
step:4639/4740 train_time:1028432ms step_avg:221.69ms
step:4640/4740 train_time:1028756ms step_avg:221.71ms
step:4641/4740 train_time:1028936ms step_avg:221.71ms
step:4642/4740 train_time:1029259ms step_avg:221.73ms
step:4643/4740 train_time:1029442ms step_avg:221.72ms
step:4644/4740 train_time:1029766ms step_avg:221.74ms
step:4645/4740 train_time:1029952ms step_avg:221.73ms
step:4646/4740 train_time:1030278ms step_avg:221.76ms
step:4647/4740 train_time:1030458ms step_avg:221.75ms
step:4648/4740 train_time:1030782ms step_avg:221.77ms
step:4649/4740 train_time:1030961ms step_avg:221.76ms
step:4650/4740 train_time:1031286ms step_avg:221.78ms
step:4651/4740 train_time:1031473ms step_avg:221.77ms
step:4652/4740 train_time:1031799ms step_avg:221.80ms
step:4653/4740 train_time:1031978ms step_avg:221.79ms
step:4654/4740 train_time:1032300ms step_avg:221.81ms
step:4655/4740 train_time:1032485ms step_avg:221.80ms
step:4656/4740 train_time:1032810ms step_avg:221.82ms
step:4657/4740 train_time:1032997ms step_avg:221.82ms
step:4658/4740 train_time:1033321ms step_avg:221.84ms
step:4659/4740 train_time:1033505ms step_avg:221.83ms
step:4660/4740 train_time:1033827ms step_avg:221.85ms
step:4661/4740 train_time:1034008ms step_avg:221.84ms
step:4662/4740 train_time:1034332ms step_avg:221.86ms
step:4663/4740 train_time:1034510ms step_avg:221.85ms
step:4664/4740 train_time:1034836ms step_avg:221.88ms
step:4665/4740 train_time:1035015ms step_avg:221.87ms
step:4666/4740 train_time:1035338ms step_avg:221.89ms
step:4667/4740 train_time:1035519ms step_avg:221.88ms
step:4668/4740 train_time:1035847ms step_avg:221.90ms
step:4669/4740 train_time:1036027ms step_avg:221.89ms
step:4670/4740 train_time:1036351ms step_avg:221.92ms
step:4671/4740 train_time:1036534ms step_avg:221.91ms
step:4672/4740 train_time:1036858ms step_avg:221.93ms
step:4673/4740 train_time:1037042ms step_avg:221.92ms
step:4674/4740 train_time:1037363ms step_avg:221.94ms
step:4675/4740 train_time:1037544ms step_avg:221.93ms
step:4676/4740 train_time:1037869ms step_avg:221.96ms
step:4677/4740 train_time:1038052ms step_avg:221.95ms
step:4678/4740 train_time:1038376ms step_avg:221.97ms
step:4679/4740 train_time:1038555ms step_avg:221.96ms
step:4680/4740 train_time:1038884ms step_avg:221.98ms
step:4681/4740 train_time:1039062ms step_avg:221.97ms
step:4682/4740 train_time:1039385ms step_avg:222.00ms
step:4683/4740 train_time:1039573ms step_avg:221.99ms
step:4684/4740 train_time:1039894ms step_avg:222.01ms
step:4685/4740 train_time:1040080ms step_avg:222.00ms
step:4686/4740 train_time:1040405ms step_avg:222.02ms
step:4687/4740 train_time:1040591ms step_avg:222.02ms
step:4688/4740 train_time:1040917ms step_avg:222.04ms
step:4689/4740 train_time:1041097ms step_avg:222.03ms
step:4690/4740 train_time:1041418ms step_avg:222.05ms
step:4691/4740 train_time:1041599ms step_avg:222.04ms
step:4692/4740 train_time:1041922ms step_avg:222.06ms
step:4693/4740 train_time:1042104ms step_avg:222.05ms
step:4694/4740 train_time:1042432ms step_avg:222.08ms
step:4695/4740 train_time:1042610ms step_avg:222.07ms
step:4696/4740 train_time:1042932ms step_avg:222.09ms
step:4697/4740 train_time:1043113ms step_avg:222.08ms
step:4698/4740 train_time:1043437ms step_avg:222.10ms
step:4699/4740 train_time:1043617ms step_avg:222.09ms
step:4700/4740 train_time:1043939ms step_avg:222.11ms
step:4701/4740 train_time:1044125ms step_avg:222.11ms
step:4702/4740 train_time:1044450ms step_avg:222.13ms
step:4703/4740 train_time:1044633ms step_avg:222.12ms
step:4704/4740 train_time:1044958ms step_avg:222.14ms
step:4705/4740 train_time:1045142ms step_avg:222.13ms
step:4706/4740 train_time:1045471ms step_avg:222.16ms
step:4707/4740 train_time:1045652ms step_avg:222.15ms
step:4708/4740 train_time:1045972ms step_avg:222.17ms
step:4709/4740 train_time:1046159ms step_avg:222.16ms
step:4710/4740 train_time:1046486ms step_avg:222.18ms
step:4711/4740 train_time:1046670ms step_avg:222.18ms
step:4712/4740 train_time:1046992ms step_avg:222.20ms
step:4713/4740 train_time:1047176ms step_avg:222.19ms
step:4714/4740 train_time:1047499ms step_avg:222.21ms
step:4715/4740 train_time:1047683ms step_avg:222.20ms
step:4716/4740 train_time:1048005ms step_avg:222.22ms
step:4717/4740 train_time:1048190ms step_avg:222.22ms
step:4718/4740 train_time:1048515ms step_avg:222.24ms
step:4719/4740 train_time:1048697ms step_avg:222.23ms
step:4720/4740 train_time:1049019ms step_avg:222.25ms
step:4721/4740 train_time:1049201ms step_avg:222.24ms
step:4722/4740 train_time:1049529ms step_avg:222.26ms
step:4723/4740 train_time:1049716ms step_avg:222.26ms
step:4724/4740 train_time:1050039ms step_avg:222.28ms
step:4725/4740 train_time:1050221ms step_avg:222.27ms
step:4726/4740 train_time:1050542ms step_avg:222.29ms
step:4727/4740 train_time:1050727ms step_avg:222.28ms
step:4728/4740 train_time:1051049ms step_avg:222.30ms
step:4729/4740 train_time:1051235ms step_avg:222.30ms
step:4730/4740 train_time:1051556ms step_avg:222.32ms
step:4731/4740 train_time:1051740ms step_avg:222.31ms
step:4732/4740 train_time:1052067ms step_avg:222.33ms
step:4733/4740 train_time:1052251ms step_avg:222.32ms
step:4734/4740 train_time:1052576ms step_avg:222.34ms
step:4735/4740 train_time:1052756ms step_avg:222.34ms
step:4736/4740 train_time:1053082ms step_avg:222.36ms
step:4737/4740 train_time:1053267ms step_avg:222.35ms
step:4738/4740 train_time:1053589ms step_avg:222.37ms
step:4739/4740 train_time:1053773ms step_avg:222.36ms
step:4740/4740 train_time:1054094ms step_avg:222.38ms
step:4740/4740 val_loss:2.9311 train_time:1054223ms step_avg:222.41ms
peak memory allocated: 57397 MiB reserved: 61852 MiB
