W0325 11:32:12.513000 656504 torch/distributed/run.py:852] 
W0325 11:32:12.513000 656504 torch/distributed/run.py:852] *****************************************
W0325 11:32:12.513000 656504 torch/distributed/run.py:852] Setting OMP_NUM_THREADS environment variable for each process to be 1 in default, to avoid your system being overloaded, please further tune the variable for optimal performance in your application as needed. 
W0325 11:32:12.513000 656504 torch/distributed/run.py:852] *****************************************
Fetching 4 files:   0%|          | 0/4 [00:00<?, ?it/s]Fetching 4 files: 100%|██████████| 4/4 [00:00<00:00, 64527.75it/s]
Fetching 4 files:   0%|          | 0/4 [00:00<?, ?it/s]Fetching 4 files: 100%|██████████| 4/4 [00:00<00:00, 72315.59it/s]
Fetching 4 files:   0%|          | 0/4 [00:00<?, ?it/s]Fetching 4 files: 100%|██████████| 4/4 [00:00<00:00, 14254.22it/s]
Fetching 4 files:   0%|          | 0/4 [00:00<?, ?it/s]Fetching 4 files: 100%|██████████| 4/4 [00:00<00:00, 14157.99it/s]
Fetching 4 files:   0%|          | 0/4 [00:00<?, ?it/s]Fetching 4 files: 100%|██████████| 4/4 [00:00<00:00, 65536.00it/s]
Fetching 4 files:   0%|          | 0/4 [00:00<?, ?it/s]Fetching 4 files: 100%|██████████| 4/4 [00:00<00:00, 67650.06it/s]
Fetching 4 files:   0%|          | 0/4 [00:00<?, ?it/s]Fetching 4 files: 100%|██████████| 4/4 [00:00<00:00, 19645.45it/s]
Fetching 4 files:   0%|          | 0/4 [00:00<?, ?it/s]Fetching 4 files: 100%|██████████| 4/4 [00:00<00:00, 69615.00it/s]
logs/sweep_muon0.012_stretch2.5_peak2.5.txt
74
Compiling model and warming up kernels (~7 minutes on first execution)
Sampling steps [0, 1, 391, 392, 393, 783, 784, 785, 1174, 1175, 1176, 1566, 1567, 1568, 1958, 1959, 1960, 2349, 2350, 2351, 2741, 2742, 2743, 3133, 3134, 3135] for warmup
Resetting Model
step:0/4740 val_loss:10.8334 train_time:1ms step_avg:0.88ms
step:1/4740 train_time:106ms step_avg:105.74ms
step:2/4740 train_time:170ms step_avg:85.16ms
step:3/4740 train_time:229ms step_avg:76.35ms
step:4/4740 train_time:315ms step_avg:78.87ms
step:5/4740 train_time:374ms step_avg:74.79ms
step:6/4740 train_time:459ms step_avg:76.54ms
step:7/4740 train_time:518ms step_avg:74.00ms
step:8/4740 train_time:604ms step_avg:75.46ms
step:9/4740 train_time:662ms step_avg:73.59ms
step:10/4740 train_time:748ms step_avg:74.83ms
step:11/4740 train_time:807ms step_avg:73.35ms
step:12/4740 train_time:893ms step_avg:74.43ms
step:13/4740 train_time:952ms step_avg:73.22ms
step:14/4740 train_time:1040ms step_avg:74.30ms
step:15/4740 train_time:1100ms step_avg:73.32ms
step:16/4740 train_time:1187ms step_avg:74.18ms
step:17/4740 train_time:1247ms step_avg:73.33ms
step:18/4740 train_time:1333ms step_avg:74.08ms
step:19/4740 train_time:1393ms step_avg:73.31ms
step:20/4740 train_time:1479ms step_avg:73.95ms
step:21/4740 train_time:1538ms step_avg:73.23ms
step:22/4740 train_time:1625ms step_avg:73.84ms
step:23/4740 train_time:1683ms step_avg:73.16ms
step:24/4740 train_time:1768ms step_avg:73.67ms
step:25/4740 train_time:1828ms step_avg:73.11ms
step:26/4740 train_time:1913ms step_avg:73.59ms
step:27/4740 train_time:1973ms step_avg:73.07ms
step:28/4740 train_time:2059ms step_avg:73.55ms
step:29/4740 train_time:2119ms step_avg:73.06ms
step:30/4740 train_time:2205ms step_avg:73.51ms
step:31/4740 train_time:2265ms step_avg:73.05ms
step:32/4740 train_time:2351ms step_avg:73.48ms
step:33/4740 train_time:2411ms step_avg:73.07ms
step:34/4740 train_time:2498ms step_avg:73.47ms
step:35/4740 train_time:2557ms step_avg:73.06ms
step:36/4740 train_time:2644ms step_avg:73.45ms
step:37/4740 train_time:2702ms step_avg:73.04ms
step:38/4740 train_time:2790ms step_avg:73.41ms
step:39/4740 train_time:2849ms step_avg:73.06ms
step:40/4740 train_time:2936ms step_avg:73.39ms
step:41/4740 train_time:2994ms step_avg:73.03ms
step:42/4740 train_time:3081ms step_avg:73.36ms
step:43/4740 train_time:3140ms step_avg:73.03ms
step:44/4740 train_time:3228ms step_avg:73.36ms
step:45/4740 train_time:3287ms step_avg:73.05ms
step:46/4740 train_time:3374ms step_avg:73.35ms
step:47/4740 train_time:3434ms step_avg:73.07ms
step:48/4740 train_time:3521ms step_avg:73.35ms
step:49/4740 train_time:3580ms step_avg:73.06ms
step:50/4740 train_time:3666ms step_avg:73.32ms
step:51/4740 train_time:3725ms step_avg:73.04ms
step:52/4740 train_time:3811ms step_avg:73.29ms
step:53/4740 train_time:3871ms step_avg:73.03ms
step:54/4740 train_time:3957ms step_avg:73.27ms
step:55/4740 train_time:4015ms step_avg:73.01ms
step:56/4740 train_time:4102ms step_avg:73.25ms
step:57/4740 train_time:4161ms step_avg:73.00ms
step:58/4740 train_time:4248ms step_avg:73.25ms
step:59/4740 train_time:4307ms step_avg:73.00ms
step:60/4740 train_time:4393ms step_avg:73.22ms
step:61/4740 train_time:4453ms step_avg:73.01ms
step:62/4740 train_time:4540ms step_avg:73.22ms
step:63/4740 train_time:4599ms step_avg:73.00ms
step:64/4740 train_time:4685ms step_avg:73.21ms
step:65/4740 train_time:4744ms step_avg:72.98ms
step:66/4740 train_time:4830ms step_avg:73.19ms
step:67/4740 train_time:4890ms step_avg:72.99ms
step:68/4740 train_time:4976ms step_avg:73.18ms
step:69/4740 train_time:5036ms step_avg:72.98ms
step:70/4740 train_time:5123ms step_avg:73.18ms
step:71/4740 train_time:5183ms step_avg:73.00ms
step:72/4740 train_time:5269ms step_avg:73.18ms
step:73/4740 train_time:5329ms step_avg:72.99ms
step:74/4740 train_time:5415ms step_avg:73.17ms
step:75/4740 train_time:5474ms step_avg:72.99ms
step:76/4740 train_time:5561ms step_avg:73.16ms
step:77/4740 train_time:5619ms step_avg:72.98ms
step:78/4740 train_time:5705ms step_avg:73.15ms
step:79/4740 train_time:5765ms step_avg:72.98ms
step:80/4740 train_time:5852ms step_avg:73.15ms
step:81/4740 train_time:5911ms step_avg:72.98ms
step:82/4740 train_time:5998ms step_avg:73.14ms
step:83/4740 train_time:6057ms step_avg:72.97ms
step:84/4740 train_time:6143ms step_avg:73.13ms
step:85/4740 train_time:6202ms step_avg:72.97ms
step:86/4740 train_time:6289ms step_avg:73.13ms
step:87/4740 train_time:6349ms step_avg:72.97ms
step:88/4740 train_time:6435ms step_avg:73.13ms
step:89/4740 train_time:6495ms step_avg:72.98ms
step:90/4740 train_time:6581ms step_avg:73.12ms
step:91/4740 train_time:6640ms step_avg:72.97ms
step:92/4740 train_time:6727ms step_avg:73.12ms
step:93/4740 train_time:6786ms step_avg:72.97ms
step:94/4740 train_time:6873ms step_avg:73.11ms
step:95/4740 train_time:6932ms step_avg:72.97ms
step:96/4740 train_time:7018ms step_avg:73.11ms
step:97/4740 train_time:7078ms step_avg:72.97ms
step:98/4740 train_time:7164ms step_avg:73.10ms
step:99/4740 train_time:7223ms step_avg:72.96ms
step:100/4740 train_time:7309ms step_avg:73.09ms
step:101/4740 train_time:7369ms step_avg:72.96ms
step:102/4740 train_time:7456ms step_avg:73.09ms
step:103/4740 train_time:7516ms step_avg:72.97ms
step:104/4740 train_time:7603ms step_avg:73.10ms
step:105/4740 train_time:7662ms step_avg:72.97ms
step:106/4740 train_time:7748ms step_avg:73.09ms
step:107/4740 train_time:7807ms step_avg:72.96ms
step:108/4740 train_time:7893ms step_avg:73.08ms
step:109/4740 train_time:7952ms step_avg:72.95ms
step:110/4740 train_time:8039ms step_avg:73.08ms
step:111/4740 train_time:8097ms step_avg:72.95ms
step:112/4740 train_time:8185ms step_avg:73.08ms
step:113/4740 train_time:8243ms step_avg:72.95ms
step:114/4740 train_time:8330ms step_avg:73.07ms
step:115/4740 train_time:8390ms step_avg:72.95ms
step:116/4740 train_time:8476ms step_avg:73.07ms
step:117/4740 train_time:8536ms step_avg:72.95ms
step:118/4740 train_time:8623ms step_avg:73.07ms
step:119/4740 train_time:8682ms step_avg:72.95ms
step:120/4740 train_time:8768ms step_avg:73.06ms
step:121/4740 train_time:8827ms step_avg:72.95ms
step:122/4740 train_time:8913ms step_avg:73.06ms
step:123/4740 train_time:8973ms step_avg:72.95ms
step:124/4740 train_time:9059ms step_avg:73.06ms
step:125/4740 train_time:9118ms step_avg:72.94ms
step:126/4740 train_time:9205ms step_avg:73.06ms
step:127/4740 train_time:9264ms step_avg:72.95ms
step:128/4740 train_time:9351ms step_avg:73.05ms
step:129/4740 train_time:9411ms step_avg:72.95ms
step:130/4740 train_time:9498ms step_avg:73.06ms
step:131/4740 train_time:9557ms step_avg:72.95ms
step:132/4740 train_time:9645ms step_avg:73.07ms
step:133/4740 train_time:9703ms step_avg:72.96ms
step:134/4740 train_time:9789ms step_avg:73.06ms
step:135/4740 train_time:9849ms step_avg:72.95ms
step:136/4740 train_time:9935ms step_avg:73.05ms
step:137/4740 train_time:9994ms step_avg:72.95ms
step:138/4740 train_time:10080ms step_avg:73.04ms
step:139/4740 train_time:10139ms step_avg:72.94ms
step:140/4740 train_time:10225ms step_avg:73.04ms
step:141/4740 train_time:10284ms step_avg:72.94ms
step:142/4740 train_time:10371ms step_avg:73.03ms
step:143/4740 train_time:10431ms step_avg:72.94ms
step:144/4740 train_time:10517ms step_avg:73.04ms
step:145/4740 train_time:10577ms step_avg:72.94ms
step:146/4740 train_time:10663ms step_avg:73.03ms
step:147/4740 train_time:10722ms step_avg:72.94ms
step:148/4740 train_time:10808ms step_avg:73.03ms
step:149/4740 train_time:10868ms step_avg:72.94ms
step:150/4740 train_time:10954ms step_avg:73.03ms
step:151/4740 train_time:11014ms step_avg:72.94ms
step:152/4740 train_time:11100ms step_avg:73.03ms
step:153/4740 train_time:11158ms step_avg:72.93ms
step:154/4740 train_time:11244ms step_avg:73.02ms
step:155/4740 train_time:11303ms step_avg:72.92ms
step:156/4740 train_time:11390ms step_avg:73.01ms
step:157/4740 train_time:11449ms step_avg:72.93ms
step:158/4740 train_time:11536ms step_avg:73.02ms
step:159/4740 train_time:11596ms step_avg:72.93ms
step:160/4740 train_time:11683ms step_avg:73.02ms
step:161/4740 train_time:11742ms step_avg:72.93ms
step:162/4740 train_time:11828ms step_avg:73.01ms
step:163/4740 train_time:11888ms step_avg:72.93ms
step:164/4740 train_time:11974ms step_avg:73.01ms
step:165/4740 train_time:12033ms step_avg:72.93ms
step:166/4740 train_time:12120ms step_avg:73.01ms
step:167/4740 train_time:12179ms step_avg:72.93ms
step:168/4740 train_time:12265ms step_avg:73.00ms
step:169/4740 train_time:12324ms step_avg:72.92ms
step:170/4740 train_time:12410ms step_avg:73.00ms
step:171/4740 train_time:12470ms step_avg:72.92ms
step:172/4740 train_time:12557ms step_avg:73.00ms
step:173/4740 train_time:12616ms step_avg:72.92ms
step:174/4740 train_time:12703ms step_avg:73.00ms
step:175/4740 train_time:12761ms step_avg:72.92ms
step:176/4740 train_time:12849ms step_avg:73.00ms
step:177/4740 train_time:12908ms step_avg:72.93ms
step:178/4740 train_time:12994ms step_avg:73.00ms
step:179/4740 train_time:13054ms step_avg:72.93ms
step:180/4740 train_time:13141ms step_avg:73.00ms
step:181/4740 train_time:13200ms step_avg:72.93ms
step:182/4740 train_time:13286ms step_avg:73.00ms
step:183/4740 train_time:13346ms step_avg:72.93ms
step:184/4740 train_time:13432ms step_avg:73.00ms
step:185/4740 train_time:13490ms step_avg:72.92ms
step:186/4740 train_time:13577ms step_avg:72.99ms
step:187/4740 train_time:13636ms step_avg:72.92ms
step:188/4740 train_time:13723ms step_avg:72.99ms
step:189/4740 train_time:13781ms step_avg:72.92ms
step:190/4740 train_time:13867ms step_avg:72.99ms
step:191/4740 train_time:13926ms step_avg:72.91ms
step:192/4740 train_time:14013ms step_avg:72.99ms
step:193/4740 train_time:14073ms step_avg:72.91ms
step:194/4740 train_time:14159ms step_avg:72.98ms
step:195/4740 train_time:14218ms step_avg:72.91ms
step:196/4740 train_time:14304ms step_avg:72.98ms
step:197/4740 train_time:14363ms step_avg:72.91ms
step:198/4740 train_time:14449ms step_avg:72.97ms
step:199/4740 train_time:14507ms step_avg:72.90ms
step:200/4740 train_time:14594ms step_avg:72.97ms
step:201/4740 train_time:14654ms step_avg:72.90ms
step:202/4740 train_time:14740ms step_avg:72.97ms
step:203/4740 train_time:14799ms step_avg:72.90ms
step:204/4740 train_time:14886ms step_avg:72.97ms
step:205/4740 train_time:14945ms step_avg:72.90ms
step:206/4740 train_time:15032ms step_avg:72.97ms
step:207/4740 train_time:15091ms step_avg:72.91ms
step:208/4740 train_time:15177ms step_avg:72.97ms
step:209/4740 train_time:15237ms step_avg:72.90ms
step:210/4740 train_time:15323ms step_avg:72.97ms
step:211/4740 train_time:15382ms step_avg:72.90ms
step:212/4740 train_time:15467ms step_avg:72.96ms
step:213/4740 train_time:15527ms step_avg:72.89ms
step:214/4740 train_time:15613ms step_avg:72.96ms
step:215/4740 train_time:15672ms step_avg:72.89ms
step:216/4740 train_time:15759ms step_avg:72.96ms
step:217/4740 train_time:15817ms step_avg:72.89ms
step:218/4740 train_time:15903ms step_avg:72.95ms
step:219/4740 train_time:15961ms step_avg:72.88ms
step:220/4740 train_time:16048ms step_avg:72.94ms
step:221/4740 train_time:16106ms step_avg:72.88ms
step:222/4740 train_time:16193ms step_avg:72.94ms
step:223/4740 train_time:16252ms step_avg:72.88ms
step:224/4740 train_time:16339ms step_avg:72.94ms
step:225/4740 train_time:16398ms step_avg:72.88ms
step:226/4740 train_time:16485ms step_avg:72.94ms
step:227/4740 train_time:16544ms step_avg:72.88ms
step:228/4740 train_time:16630ms step_avg:72.94ms
step:229/4740 train_time:16689ms step_avg:72.88ms
step:230/4740 train_time:16774ms step_avg:72.93ms
step:231/4740 train_time:16833ms step_avg:72.87ms
step:232/4740 train_time:16920ms step_avg:72.93ms
step:233/4740 train_time:16978ms step_avg:72.87ms
step:234/4740 train_time:17065ms step_avg:72.93ms
step:235/4740 train_time:17123ms step_avg:72.86ms
step:236/4740 train_time:17210ms step_avg:72.92ms
step:237/4740 train_time:17269ms step_avg:72.87ms
step:238/4740 train_time:17356ms step_avg:72.92ms
step:239/4740 train_time:17415ms step_avg:72.86ms
step:240/4740 train_time:17501ms step_avg:72.92ms
step:241/4740 train_time:17559ms step_avg:72.86ms
step:242/4740 train_time:17645ms step_avg:72.92ms
step:243/4740 train_time:17705ms step_avg:72.86ms
step:244/4740 train_time:17791ms step_avg:72.91ms
step:245/4740 train_time:17850ms step_avg:72.86ms
step:246/4740 train_time:17935ms step_avg:72.91ms
step:247/4740 train_time:17996ms step_avg:72.86ms
step:248/4740 train_time:18081ms step_avg:72.91ms
step:249/4740 train_time:18140ms step_avg:72.85ms
step:250/4740 train_time:18226ms step_avg:72.91ms
step:250/4740 val_loss:4.5254 train_time:18271ms step_avg:73.09ms
step:251/4740 train_time:18302ms step_avg:72.92ms
step:252/4740 train_time:18373ms step_avg:72.91ms
step:253/4740 train_time:18432ms step_avg:72.85ms
step:254/4740 train_time:18518ms step_avg:72.91ms
step:255/4740 train_time:18578ms step_avg:72.86ms
step:256/4740 train_time:18665ms step_avg:72.91ms
step:257/4740 train_time:18725ms step_avg:72.86ms
step:258/4740 train_time:18811ms step_avg:72.91ms
step:259/4740 train_time:18869ms step_avg:72.86ms
step:260/4740 train_time:18956ms step_avg:72.91ms
step:261/4740 train_time:19014ms step_avg:72.85ms
step:262/4740 train_time:19100ms step_avg:72.90ms
step:263/4740 train_time:19159ms step_avg:72.85ms
step:264/4740 train_time:19245ms step_avg:72.90ms
step:265/4740 train_time:19305ms step_avg:72.85ms
step:266/4740 train_time:19391ms step_avg:72.90ms
step:267/4740 train_time:19451ms step_avg:72.85ms
step:268/4740 train_time:19537ms step_avg:72.90ms
step:269/4740 train_time:19596ms step_avg:72.85ms
step:270/4740 train_time:19683ms step_avg:72.90ms
step:271/4740 train_time:19743ms step_avg:72.85ms
step:272/4740 train_time:19829ms step_avg:72.90ms
step:273/4740 train_time:19888ms step_avg:72.85ms
step:274/4740 train_time:19975ms step_avg:72.90ms
step:275/4740 train_time:20033ms step_avg:72.85ms
step:276/4740 train_time:20119ms step_avg:72.89ms
step:277/4740 train_time:20178ms step_avg:72.84ms
step:278/4740 train_time:20265ms step_avg:72.89ms
step:279/4740 train_time:20324ms step_avg:72.85ms
step:280/4740 train_time:20410ms step_avg:72.89ms
step:281/4740 train_time:20470ms step_avg:72.85ms
step:282/4740 train_time:20556ms step_avg:72.89ms
step:283/4740 train_time:20615ms step_avg:72.84ms
step:284/4740 train_time:20702ms step_avg:72.89ms
step:285/4740 train_time:20761ms step_avg:72.84ms
step:286/4740 train_time:20848ms step_avg:72.89ms
step:287/4740 train_time:20908ms step_avg:72.85ms
step:288/4740 train_time:20994ms step_avg:72.90ms
step:289/4740 train_time:21053ms step_avg:72.85ms
step:290/4740 train_time:21140ms step_avg:72.89ms
step:291/4740 train_time:21198ms step_avg:72.85ms
step:292/4740 train_time:21284ms step_avg:72.89ms
step:293/4740 train_time:21343ms step_avg:72.84ms
step:294/4740 train_time:21429ms step_avg:72.89ms
step:295/4740 train_time:21489ms step_avg:72.84ms
step:296/4740 train_time:21575ms step_avg:72.89ms
step:297/4740 train_time:21634ms step_avg:72.84ms
step:298/4740 train_time:21720ms step_avg:72.89ms
step:299/4740 train_time:21779ms step_avg:72.84ms
step:300/4740 train_time:21866ms step_avg:72.89ms
step:301/4740 train_time:21926ms step_avg:72.84ms
step:302/4740 train_time:22012ms step_avg:72.89ms
step:303/4740 train_time:22070ms step_avg:72.84ms
step:304/4740 train_time:22156ms step_avg:72.88ms
step:305/4740 train_time:22215ms step_avg:72.84ms
step:306/4740 train_time:22301ms step_avg:72.88ms
step:307/4740 train_time:22360ms step_avg:72.83ms
step:308/4740 train_time:22446ms step_avg:72.88ms
step:309/4740 train_time:22505ms step_avg:72.83ms
step:310/4740 train_time:22591ms step_avg:72.88ms
step:311/4740 train_time:22651ms step_avg:72.83ms
step:312/4740 train_time:22737ms step_avg:72.88ms
step:313/4740 train_time:22796ms step_avg:72.83ms
step:314/4740 train_time:22882ms step_avg:72.87ms
step:315/4740 train_time:22941ms step_avg:72.83ms
step:316/4740 train_time:23027ms step_avg:72.87ms
step:317/4740 train_time:23087ms step_avg:72.83ms
step:318/4740 train_time:23174ms step_avg:72.87ms
step:319/4740 train_time:23233ms step_avg:72.83ms
step:320/4740 train_time:23319ms step_avg:72.87ms
step:321/4740 train_time:23378ms step_avg:72.83ms
step:322/4740 train_time:23464ms step_avg:72.87ms
step:323/4740 train_time:23522ms step_avg:72.83ms
step:324/4740 train_time:23609ms step_avg:72.87ms
step:325/4740 train_time:23669ms step_avg:72.83ms
step:326/4740 train_time:23755ms step_avg:72.87ms
step:327/4740 train_time:23814ms step_avg:72.83ms
step:328/4740 train_time:23901ms step_avg:72.87ms
step:329/4740 train_time:23959ms step_avg:72.82ms
step:330/4740 train_time:24046ms step_avg:72.87ms
step:331/4740 train_time:24106ms step_avg:72.83ms
step:332/4740 train_time:24191ms step_avg:72.86ms
step:333/4740 train_time:24250ms step_avg:72.82ms
step:334/4740 train_time:24337ms step_avg:72.86ms
step:335/4740 train_time:24395ms step_avg:72.82ms
step:336/4740 train_time:24481ms step_avg:72.86ms
step:337/4740 train_time:24539ms step_avg:72.82ms
step:338/4740 train_time:24624ms step_avg:72.85ms
step:339/4740 train_time:24683ms step_avg:72.81ms
step:340/4740 train_time:24770ms step_avg:72.85ms
step:341/4740 train_time:24830ms step_avg:72.81ms
step:342/4740 train_time:24916ms step_avg:72.85ms
step:343/4740 train_time:24974ms step_avg:72.81ms
step:344/4740 train_time:25061ms step_avg:72.85ms
step:345/4740 train_time:25120ms step_avg:72.81ms
step:346/4740 train_time:25206ms step_avg:72.85ms
step:347/4740 train_time:25266ms step_avg:72.81ms
step:348/4740 train_time:25352ms step_avg:72.85ms
step:349/4740 train_time:25411ms step_avg:72.81ms
step:350/4740 train_time:25497ms step_avg:72.85ms
step:351/4740 train_time:25556ms step_avg:72.81ms
step:352/4740 train_time:25641ms step_avg:72.85ms
step:353/4740 train_time:25700ms step_avg:72.80ms
step:354/4740 train_time:25786ms step_avg:72.84ms
step:355/4740 train_time:25845ms step_avg:72.80ms
step:356/4740 train_time:25931ms step_avg:72.84ms
step:357/4740 train_time:25990ms step_avg:72.80ms
step:358/4740 train_time:26076ms step_avg:72.84ms
step:359/4740 train_time:26134ms step_avg:72.80ms
step:360/4740 train_time:26220ms step_avg:72.83ms
step:361/4740 train_time:26279ms step_avg:72.79ms
step:362/4740 train_time:26365ms step_avg:72.83ms
step:363/4740 train_time:26424ms step_avg:72.79ms
step:364/4740 train_time:26511ms step_avg:72.83ms
step:365/4740 train_time:26570ms step_avg:72.79ms
step:366/4740 train_time:26655ms step_avg:72.83ms
step:367/4740 train_time:26714ms step_avg:72.79ms
step:368/4740 train_time:26800ms step_avg:72.83ms
step:369/4740 train_time:26859ms step_avg:72.79ms
step:370/4740 train_time:26945ms step_avg:72.83ms
step:371/4740 train_time:27005ms step_avg:72.79ms
step:372/4740 train_time:27091ms step_avg:72.82ms
step:373/4740 train_time:27149ms step_avg:72.79ms
step:374/4740 train_time:27236ms step_avg:72.82ms
step:375/4740 train_time:27295ms step_avg:72.79ms
step:376/4740 train_time:27380ms step_avg:72.82ms
step:377/4740 train_time:27439ms step_avg:72.78ms
step:378/4740 train_time:27525ms step_avg:72.82ms
step:379/4740 train_time:27584ms step_avg:72.78ms
step:380/4740 train_time:27669ms step_avg:72.81ms
step:381/4740 train_time:27729ms step_avg:72.78ms
step:382/4740 train_time:27816ms step_avg:72.82ms
step:383/4740 train_time:27874ms step_avg:72.78ms
step:384/4740 train_time:27960ms step_avg:72.81ms
step:385/4740 train_time:28019ms step_avg:72.78ms
step:386/4740 train_time:28106ms step_avg:72.81ms
step:387/4740 train_time:28165ms step_avg:72.78ms
step:388/4740 train_time:28251ms step_avg:72.81ms
step:389/4740 train_time:28311ms step_avg:72.78ms
step:390/4740 train_time:28397ms step_avg:72.81ms
step:391/4740 train_time:28455ms step_avg:72.78ms
step:392/4740 train_time:28541ms step_avg:72.81ms
step:393/4740 train_time:28614ms step_avg:72.81ms
step:394/4740 train_time:28774ms step_avg:73.03ms
step:395/4740 train_time:28873ms step_avg:73.10ms
step:396/4740 train_time:29033ms step_avg:73.32ms
step:397/4740 train_time:29133ms step_avg:73.38ms
step:398/4740 train_time:29293ms step_avg:73.60ms
step:399/4740 train_time:29393ms step_avg:73.67ms
step:400/4740 train_time:29552ms step_avg:73.88ms
step:401/4740 train_time:29651ms step_avg:73.94ms
step:402/4740 train_time:29810ms step_avg:74.15ms
step:403/4740 train_time:29910ms step_avg:74.22ms
step:404/4740 train_time:30069ms step_avg:74.43ms
step:405/4740 train_time:30170ms step_avg:74.49ms
step:406/4740 train_time:30329ms step_avg:74.70ms
step:407/4740 train_time:30430ms step_avg:74.77ms
step:408/4740 train_time:30589ms step_avg:74.97ms
step:409/4740 train_time:30688ms step_avg:75.03ms
step:410/4740 train_time:30847ms step_avg:75.24ms
step:411/4740 train_time:30949ms step_avg:75.30ms
step:412/4740 train_time:31107ms step_avg:75.50ms
step:413/4740 train_time:31210ms step_avg:75.57ms
step:414/4740 train_time:31368ms step_avg:75.77ms
step:415/4740 train_time:31469ms step_avg:75.83ms
step:416/4740 train_time:31627ms step_avg:76.03ms
step:417/4740 train_time:31727ms step_avg:76.08ms
step:418/4740 train_time:31886ms step_avg:76.28ms
step:419/4740 train_time:31987ms step_avg:76.34ms
step:420/4740 train_time:32147ms step_avg:76.54ms
step:421/4740 train_time:32249ms step_avg:76.60ms
step:422/4740 train_time:32408ms step_avg:76.80ms
step:423/4740 train_time:32508ms step_avg:76.85ms
step:424/4740 train_time:32667ms step_avg:77.04ms
step:425/4740 train_time:32766ms step_avg:77.10ms
step:426/4740 train_time:32926ms step_avg:77.29ms
step:427/4740 train_time:33026ms step_avg:77.34ms
step:428/4740 train_time:33185ms step_avg:77.53ms
step:429/4740 train_time:33288ms step_avg:77.59ms
step:430/4740 train_time:33446ms step_avg:77.78ms
step:431/4740 train_time:33546ms step_avg:77.83ms
step:432/4740 train_time:33706ms step_avg:78.02ms
step:433/4740 train_time:33806ms step_avg:78.07ms
step:434/4740 train_time:33966ms step_avg:78.26ms
step:435/4740 train_time:34066ms step_avg:78.31ms
step:436/4740 train_time:34225ms step_avg:78.50ms
step:437/4740 train_time:34327ms step_avg:78.55ms
step:438/4740 train_time:34486ms step_avg:78.74ms
step:439/4740 train_time:34587ms step_avg:78.79ms
step:440/4740 train_time:34746ms step_avg:78.97ms
step:441/4740 train_time:34846ms step_avg:79.02ms
step:442/4740 train_time:35005ms step_avg:79.20ms
step:443/4740 train_time:35108ms step_avg:79.25ms
step:444/4740 train_time:35265ms step_avg:79.43ms
step:445/4740 train_time:35366ms step_avg:79.48ms
step:446/4740 train_time:35525ms step_avg:79.65ms
step:447/4740 train_time:35626ms step_avg:79.70ms
step:448/4740 train_time:35785ms step_avg:79.88ms
step:449/4740 train_time:35888ms step_avg:79.93ms
step:450/4740 train_time:36046ms step_avg:80.10ms
step:451/4740 train_time:36146ms step_avg:80.15ms
step:452/4740 train_time:36305ms step_avg:80.32ms
step:453/4740 train_time:36406ms step_avg:80.37ms
step:454/4740 train_time:36564ms step_avg:80.54ms
step:455/4740 train_time:36667ms step_avg:80.59ms
step:456/4740 train_time:36824ms step_avg:80.76ms
step:457/4740 train_time:36926ms step_avg:80.80ms
step:458/4740 train_time:37085ms step_avg:80.97ms
step:459/4740 train_time:37186ms step_avg:81.02ms
step:460/4740 train_time:37346ms step_avg:81.19ms
step:461/4740 train_time:37446ms step_avg:81.23ms
step:462/4740 train_time:37605ms step_avg:81.40ms
step:463/4740 train_time:37706ms step_avg:81.44ms
step:464/4740 train_time:37865ms step_avg:81.61ms
step:465/4740 train_time:37966ms step_avg:81.65ms
step:466/4740 train_time:38125ms step_avg:81.81ms
step:467/4740 train_time:38228ms step_avg:81.86ms
step:468/4740 train_time:38387ms step_avg:82.02ms
step:469/4740 train_time:38487ms step_avg:82.06ms
step:470/4740 train_time:38646ms step_avg:82.23ms
step:471/4740 train_time:38747ms step_avg:82.27ms
step:472/4740 train_time:38905ms step_avg:82.43ms
step:473/4740 train_time:39008ms step_avg:82.47ms
step:474/4740 train_time:39166ms step_avg:82.63ms
step:475/4740 train_time:39267ms step_avg:82.67ms
step:476/4740 train_time:39426ms step_avg:82.83ms
step:477/4740 train_time:39527ms step_avg:82.87ms
step:478/4740 train_time:39685ms step_avg:83.02ms
step:479/4740 train_time:39787ms step_avg:83.06ms
step:480/4740 train_time:39946ms step_avg:83.22ms
step:481/4740 train_time:40047ms step_avg:83.26ms
step:482/4740 train_time:40206ms step_avg:83.41ms
step:483/4740 train_time:40307ms step_avg:83.45ms
step:484/4740 train_time:40465ms step_avg:83.61ms
step:485/4740 train_time:40566ms step_avg:83.64ms
step:486/4740 train_time:40724ms step_avg:83.79ms
step:487/4740 train_time:40826ms step_avg:83.83ms
step:488/4740 train_time:40986ms step_avg:83.99ms
step:489/4740 train_time:41086ms step_avg:84.02ms
step:490/4740 train_time:41246ms step_avg:84.17ms
step:491/4740 train_time:41346ms step_avg:84.21ms
step:492/4740 train_time:41506ms step_avg:84.36ms
step:493/4740 train_time:41607ms step_avg:84.40ms
step:494/4740 train_time:41766ms step_avg:84.55ms
step:495/4740 train_time:41867ms step_avg:84.58ms
step:496/4740 train_time:42025ms step_avg:84.73ms
step:497/4740 train_time:42128ms step_avg:84.76ms
step:498/4740 train_time:42286ms step_avg:84.91ms
step:499/4740 train_time:42388ms step_avg:84.95ms
step:500/4740 train_time:42547ms step_avg:85.09ms
step:500/4740 val_loss:3.9620 train_time:42619ms step_avg:85.24ms
step:501/4740 train_time:42649ms step_avg:85.13ms
step:502/4740 train_time:42807ms step_avg:85.27ms
step:503/4740 train_time:42911ms step_avg:85.31ms
step:504/4740 train_time:43074ms step_avg:85.46ms
step:505/4740 train_time:43175ms step_avg:85.50ms
step:506/4740 train_time:43333ms step_avg:85.64ms
step:507/4740 train_time:43432ms step_avg:85.66ms
step:508/4740 train_time:43590ms step_avg:85.81ms
step:509/4740 train_time:43691ms step_avg:85.84ms
step:510/4740 train_time:43851ms step_avg:85.98ms
step:511/4740 train_time:43953ms step_avg:86.01ms
step:512/4740 train_time:44114ms step_avg:86.16ms
step:513/4740 train_time:44219ms step_avg:86.20ms
step:514/4740 train_time:44376ms step_avg:86.34ms
step:515/4740 train_time:44476ms step_avg:86.36ms
step:516/4740 train_time:44632ms step_avg:86.50ms
step:517/4740 train_time:44732ms step_avg:86.52ms
step:518/4740 train_time:44892ms step_avg:86.66ms
step:519/4740 train_time:44994ms step_avg:86.69ms
step:520/4740 train_time:45155ms step_avg:86.84ms
step:521/4740 train_time:45257ms step_avg:86.87ms
step:522/4740 train_time:45413ms step_avg:87.00ms
step:523/4740 train_time:45513ms step_avg:87.02ms
step:524/4740 train_time:45670ms step_avg:87.16ms
step:525/4740 train_time:45773ms step_avg:87.19ms
step:526/4740 train_time:45932ms step_avg:87.32ms
step:527/4740 train_time:46034ms step_avg:87.35ms
step:528/4740 train_time:46194ms step_avg:87.49ms
step:529/4740 train_time:46296ms step_avg:87.52ms
step:530/4740 train_time:46456ms step_avg:87.65ms
step:531/4740 train_time:46558ms step_avg:87.68ms
step:532/4740 train_time:46716ms step_avg:87.81ms
step:533/4740 train_time:46817ms step_avg:87.84ms
step:534/4740 train_time:46976ms step_avg:87.97ms
step:535/4740 train_time:47079ms step_avg:88.00ms
step:536/4740 train_time:47237ms step_avg:88.13ms
step:537/4740 train_time:47338ms step_avg:88.15ms
step:538/4740 train_time:47496ms step_avg:88.28ms
step:539/4740 train_time:47597ms step_avg:88.31ms
step:540/4740 train_time:47755ms step_avg:88.43ms
step:541/4740 train_time:47857ms step_avg:88.46ms
step:542/4740 train_time:48016ms step_avg:88.59ms
step:543/4740 train_time:48117ms step_avg:88.61ms
step:544/4740 train_time:48276ms step_avg:88.74ms
step:545/4740 train_time:48377ms step_avg:88.77ms
step:546/4740 train_time:48536ms step_avg:88.89ms
step:547/4740 train_time:48637ms step_avg:88.92ms
step:548/4740 train_time:48795ms step_avg:89.04ms
step:549/4740 train_time:48898ms step_avg:89.07ms
step:550/4740 train_time:49058ms step_avg:89.20ms
step:551/4740 train_time:49158ms step_avg:89.22ms
step:552/4740 train_time:49318ms step_avg:89.34ms
step:553/4740 train_time:49418ms step_avg:89.36ms
step:554/4740 train_time:49577ms step_avg:89.49ms
step:555/4740 train_time:49677ms step_avg:89.51ms
step:556/4740 train_time:49835ms step_avg:89.63ms
step:557/4740 train_time:49937ms step_avg:89.65ms
step:558/4740 train_time:50096ms step_avg:89.78ms
step:559/4740 train_time:50197ms step_avg:89.80ms
step:560/4740 train_time:50356ms step_avg:89.92ms
step:561/4740 train_time:50457ms step_avg:89.94ms
step:562/4740 train_time:50616ms step_avg:90.06ms
step:563/4740 train_time:50717ms step_avg:90.08ms
step:564/4740 train_time:50875ms step_avg:90.20ms
step:565/4740 train_time:50977ms step_avg:90.23ms
step:566/4740 train_time:51136ms step_avg:90.35ms
step:567/4740 train_time:51238ms step_avg:90.37ms
step:568/4740 train_time:51396ms step_avg:90.49ms
step:569/4740 train_time:51498ms step_avg:90.51ms
step:570/4740 train_time:51657ms step_avg:90.63ms
step:571/4740 train_time:51758ms step_avg:90.65ms
step:572/4740 train_time:51916ms step_avg:90.76ms
step:573/4740 train_time:52017ms step_avg:90.78ms
step:574/4740 train_time:52176ms step_avg:90.90ms
step:575/4740 train_time:52277ms step_avg:90.92ms
step:576/4740 train_time:52436ms step_avg:91.04ms
step:577/4740 train_time:52538ms step_avg:91.05ms
step:578/4740 train_time:52697ms step_avg:91.17ms
step:579/4740 train_time:52799ms step_avg:91.19ms
step:580/4740 train_time:52957ms step_avg:91.30ms
step:581/4740 train_time:53058ms step_avg:91.32ms
step:582/4740 train_time:53217ms step_avg:91.44ms
step:583/4740 train_time:53317ms step_avg:91.45ms
step:584/4740 train_time:53476ms step_avg:91.57ms
step:585/4740 train_time:53578ms step_avg:91.59ms
step:586/4740 train_time:53736ms step_avg:91.70ms
step:587/4740 train_time:53838ms step_avg:91.72ms
step:588/4740 train_time:53997ms step_avg:91.83ms
step:589/4740 train_time:54098ms step_avg:91.85ms
step:590/4740 train_time:54257ms step_avg:91.96ms
step:591/4740 train_time:54359ms step_avg:91.98ms
step:592/4740 train_time:54518ms step_avg:92.09ms
step:593/4740 train_time:54618ms step_avg:92.10ms
step:594/4740 train_time:54777ms step_avg:92.22ms
step:595/4740 train_time:54878ms step_avg:92.23ms
step:596/4740 train_time:55038ms step_avg:92.35ms
step:597/4740 train_time:55138ms step_avg:92.36ms
step:598/4740 train_time:55298ms step_avg:92.47ms
step:599/4740 train_time:55399ms step_avg:92.49ms
step:600/4740 train_time:55557ms step_avg:92.60ms
step:601/4740 train_time:55658ms step_avg:92.61ms
step:602/4740 train_time:55817ms step_avg:92.72ms
step:603/4740 train_time:55918ms step_avg:92.73ms
step:604/4740 train_time:56077ms step_avg:92.84ms
step:605/4740 train_time:56179ms step_avg:92.86ms
step:606/4740 train_time:56338ms step_avg:92.97ms
step:607/4740 train_time:56439ms step_avg:92.98ms
step:608/4740 train_time:56596ms step_avg:93.09ms
step:609/4740 train_time:56698ms step_avg:93.10ms
step:610/4740 train_time:56856ms step_avg:93.21ms
step:611/4740 train_time:56959ms step_avg:93.22ms
step:612/4740 train_time:57118ms step_avg:93.33ms
step:613/4740 train_time:57219ms step_avg:93.34ms
step:614/4740 train_time:57379ms step_avg:93.45ms
step:615/4740 train_time:57482ms step_avg:93.47ms
step:616/4740 train_time:57641ms step_avg:93.57ms
step:617/4740 train_time:57741ms step_avg:93.58ms
step:618/4740 train_time:57900ms step_avg:93.69ms
step:619/4740 train_time:58000ms step_avg:93.70ms
step:620/4740 train_time:58159ms step_avg:93.80ms
step:621/4740 train_time:58259ms step_avg:93.82ms
step:622/4740 train_time:58418ms step_avg:93.92ms
step:623/4740 train_time:58519ms step_avg:93.93ms
step:624/4740 train_time:58678ms step_avg:94.04ms
step:625/4740 train_time:58780ms step_avg:94.05ms
step:626/4740 train_time:58938ms step_avg:94.15ms
step:627/4740 train_time:59040ms step_avg:94.16ms
step:628/4740 train_time:59199ms step_avg:94.27ms
step:629/4740 train_time:59300ms step_avg:94.28ms
step:630/4740 train_time:59459ms step_avg:94.38ms
step:631/4740 train_time:59561ms step_avg:94.39ms
step:632/4740 train_time:59719ms step_avg:94.49ms
step:633/4740 train_time:59819ms step_avg:94.50ms
step:634/4740 train_time:59979ms step_avg:94.60ms
step:635/4740 train_time:60080ms step_avg:94.61ms
step:636/4740 train_time:60239ms step_avg:94.71ms
step:637/4740 train_time:60339ms step_avg:94.72ms
step:638/4740 train_time:60499ms step_avg:94.83ms
step:639/4740 train_time:60600ms step_avg:94.84ms
step:640/4740 train_time:60758ms step_avg:94.93ms
step:641/4740 train_time:60859ms step_avg:94.94ms
step:642/4740 train_time:61017ms step_avg:95.04ms
step:643/4740 train_time:61118ms step_avg:95.05ms
step:644/4740 train_time:61278ms step_avg:95.15ms
step:645/4740 train_time:61378ms step_avg:95.16ms
step:646/4740 train_time:61538ms step_avg:95.26ms
step:647/4740 train_time:61638ms step_avg:95.27ms
step:648/4740 train_time:61797ms step_avg:95.37ms
step:649/4740 train_time:61898ms step_avg:95.37ms
step:650/4740 train_time:62057ms step_avg:95.47ms
step:651/4740 train_time:62158ms step_avg:95.48ms
step:652/4740 train_time:62317ms step_avg:95.58ms
step:653/4740 train_time:62418ms step_avg:95.59ms
step:654/4740 train_time:62578ms step_avg:95.68ms
step:655/4740 train_time:62678ms step_avg:95.69ms
step:656/4740 train_time:62837ms step_avg:95.79ms
step:657/4740 train_time:62939ms step_avg:95.80ms
step:658/4740 train_time:63097ms step_avg:95.89ms
step:659/4740 train_time:63199ms step_avg:95.90ms
step:660/4740 train_time:63357ms step_avg:96.00ms
step:661/4740 train_time:63459ms step_avg:96.00ms
step:662/4740 train_time:63617ms step_avg:96.10ms
step:663/4740 train_time:63718ms step_avg:96.11ms
step:664/4740 train_time:63879ms step_avg:96.20ms
step:665/4740 train_time:63980ms step_avg:96.21ms
step:666/4740 train_time:64139ms step_avg:96.30ms
step:667/4740 train_time:64240ms step_avg:96.31ms
step:668/4740 train_time:64399ms step_avg:96.41ms
step:669/4740 train_time:64500ms step_avg:96.41ms
step:670/4740 train_time:64658ms step_avg:96.50ms
step:671/4740 train_time:64759ms step_avg:96.51ms
step:672/4740 train_time:64919ms step_avg:96.61ms
step:673/4740 train_time:65020ms step_avg:96.61ms
step:674/4740 train_time:65178ms step_avg:96.70ms
step:675/4740 train_time:65280ms step_avg:96.71ms
step:676/4740 train_time:65441ms step_avg:96.81ms
step:677/4740 train_time:65540ms step_avg:96.81ms
step:678/4740 train_time:65698ms step_avg:96.90ms
step:679/4740 train_time:65799ms step_avg:96.91ms
step:680/4740 train_time:65957ms step_avg:97.00ms
step:681/4740 train_time:66059ms step_avg:97.00ms
step:682/4740 train_time:66217ms step_avg:97.09ms
step:683/4740 train_time:66318ms step_avg:97.10ms
step:684/4740 train_time:66476ms step_avg:97.19ms
step:685/4740 train_time:66578ms step_avg:97.19ms
step:686/4740 train_time:66739ms step_avg:97.29ms
step:687/4740 train_time:66839ms step_avg:97.29ms
step:688/4740 train_time:66998ms step_avg:97.38ms
step:689/4740 train_time:67099ms step_avg:97.39ms
step:690/4740 train_time:67258ms step_avg:97.48ms
step:691/4740 train_time:67360ms step_avg:97.48ms
step:692/4740 train_time:67519ms step_avg:97.57ms
step:693/4740 train_time:67619ms step_avg:97.57ms
step:694/4740 train_time:67779ms step_avg:97.66ms
step:695/4740 train_time:67881ms step_avg:97.67ms
step:696/4740 train_time:68040ms step_avg:97.76ms
step:697/4740 train_time:68140ms step_avg:97.76ms
step:698/4740 train_time:68299ms step_avg:97.85ms
step:699/4740 train_time:68400ms step_avg:97.85ms
step:700/4740 train_time:68557ms step_avg:97.94ms
step:701/4740 train_time:68658ms step_avg:97.94ms
step:702/4740 train_time:68818ms step_avg:98.03ms
step:703/4740 train_time:68918ms step_avg:98.03ms
step:704/4740 train_time:69077ms step_avg:98.12ms
step:705/4740 train_time:69178ms step_avg:98.13ms
step:706/4740 train_time:69337ms step_avg:98.21ms
step:707/4740 train_time:69439ms step_avg:98.22ms
step:708/4740 train_time:69599ms step_avg:98.30ms
step:709/4740 train_time:69700ms step_avg:98.31ms
step:710/4740 train_time:69858ms step_avg:98.39ms
step:711/4740 train_time:69961ms step_avg:98.40ms
step:712/4740 train_time:70120ms step_avg:98.48ms
step:713/4740 train_time:70219ms step_avg:98.48ms
step:714/4740 train_time:70378ms step_avg:98.57ms
step:715/4740 train_time:70480ms step_avg:98.57ms
step:716/4740 train_time:70639ms step_avg:98.66ms
step:717/4740 train_time:70740ms step_avg:98.66ms
step:718/4740 train_time:70898ms step_avg:98.74ms
step:719/4740 train_time:70999ms step_avg:98.75ms
step:720/4740 train_time:71158ms step_avg:98.83ms
step:721/4740 train_time:71259ms step_avg:98.83ms
step:722/4740 train_time:71419ms step_avg:98.92ms
step:723/4740 train_time:71521ms step_avg:98.92ms
step:724/4740 train_time:71680ms step_avg:99.01ms
step:725/4740 train_time:71781ms step_avg:99.01ms
step:726/4740 train_time:71942ms step_avg:99.09ms
step:727/4740 train_time:72042ms step_avg:99.09ms
step:728/4740 train_time:72201ms step_avg:99.18ms
step:729/4740 train_time:72302ms step_avg:99.18ms
step:730/4740 train_time:72463ms step_avg:99.26ms
step:731/4740 train_time:72563ms step_avg:99.27ms
step:732/4740 train_time:72723ms step_avg:99.35ms
step:733/4740 train_time:72822ms step_avg:99.35ms
step:734/4740 train_time:72981ms step_avg:99.43ms
step:735/4740 train_time:73082ms step_avg:99.43ms
step:736/4740 train_time:73242ms step_avg:99.51ms
step:737/4740 train_time:73342ms step_avg:99.51ms
step:738/4740 train_time:73503ms step_avg:99.60ms
step:739/4740 train_time:73602ms step_avg:99.60ms
step:740/4740 train_time:73762ms step_avg:99.68ms
step:741/4740 train_time:73862ms step_avg:99.68ms
step:742/4740 train_time:74021ms step_avg:99.76ms
step:743/4740 train_time:74121ms step_avg:99.76ms
step:744/4740 train_time:74280ms step_avg:99.84ms
step:745/4740 train_time:74381ms step_avg:99.84ms
step:746/4740 train_time:74541ms step_avg:99.92ms
step:747/4740 train_time:74642ms step_avg:99.92ms
step:748/4740 train_time:74802ms step_avg:100.00ms
step:749/4740 train_time:74902ms step_avg:100.00ms
step:750/4740 train_time:75062ms step_avg:100.08ms
step:750/4740 val_loss:3.6021 train_time:75134ms step_avg:100.18ms
step:751/4740 train_time:75165ms step_avg:100.09ms
step:752/4740 train_time:75322ms step_avg:100.16ms
step:753/4740 train_time:75427ms step_avg:100.17ms
step:754/4740 train_time:75590ms step_avg:100.25ms
step:755/4740 train_time:75690ms step_avg:100.25ms
step:756/4740 train_time:75850ms step_avg:100.33ms
step:757/4740 train_time:75951ms step_avg:100.33ms
step:758/4740 train_time:76107ms step_avg:100.41ms
step:759/4740 train_time:76209ms step_avg:100.41ms
step:760/4740 train_time:76370ms step_avg:100.49ms
step:761/4740 train_time:76473ms step_avg:100.49ms
step:762/4740 train_time:76633ms step_avg:100.57ms
step:763/4740 train_time:76734ms step_avg:100.57ms
step:764/4740 train_time:76893ms step_avg:100.65ms
step:765/4740 train_time:76993ms step_avg:100.64ms
step:766/4740 train_time:77150ms step_avg:100.72ms
step:767/4740 train_time:77251ms step_avg:100.72ms
step:768/4740 train_time:77412ms step_avg:100.80ms
step:769/4740 train_time:77514ms step_avg:100.80ms
step:770/4740 train_time:77673ms step_avg:100.87ms
step:771/4740 train_time:77775ms step_avg:100.88ms
step:772/4740 train_time:77933ms step_avg:100.95ms
step:773/4740 train_time:78032ms step_avg:100.95ms
step:774/4740 train_time:78190ms step_avg:101.02ms
step:775/4740 train_time:78292ms step_avg:101.02ms
step:776/4740 train_time:78452ms step_avg:101.10ms
step:777/4740 train_time:78553ms step_avg:101.10ms
step:778/4740 train_time:78712ms step_avg:101.17ms
step:779/4740 train_time:78813ms step_avg:101.17ms
step:780/4740 train_time:78971ms step_avg:101.24ms
step:781/4740 train_time:79071ms step_avg:101.24ms
step:782/4740 train_time:79229ms step_avg:101.32ms
step:783/4740 train_time:79331ms step_avg:101.32ms
step:784/4740 train_time:79490ms step_avg:101.39ms
step:785/4740 train_time:79604ms step_avg:101.41ms
step:786/4740 train_time:79841ms step_avg:101.58ms
step:787/4740 train_time:79987ms step_avg:101.63ms
step:788/4740 train_time:80229ms step_avg:101.81ms
step:789/4740 train_time:80369ms step_avg:101.86ms
step:790/4740 train_time:80612ms step_avg:102.04ms
step:791/4740 train_time:80750ms step_avg:102.09ms
step:792/4740 train_time:80994ms step_avg:102.26ms
step:793/4740 train_time:81131ms step_avg:102.31ms
step:794/4740 train_time:81373ms step_avg:102.48ms
step:795/4740 train_time:81511ms step_avg:102.53ms
step:796/4740 train_time:81755ms step_avg:102.71ms
step:797/4740 train_time:81895ms step_avg:102.75ms
step:798/4740 train_time:82138ms step_avg:102.93ms
step:799/4740 train_time:82280ms step_avg:102.98ms
step:800/4740 train_time:82524ms step_avg:103.15ms
step:801/4740 train_time:82664ms step_avg:103.20ms
step:802/4740 train_time:82905ms step_avg:103.37ms
step:803/4740 train_time:83049ms step_avg:103.42ms
step:804/4740 train_time:83294ms step_avg:103.60ms
step:805/4740 train_time:83431ms step_avg:103.64ms
step:806/4740 train_time:83678ms step_avg:103.82ms
step:807/4740 train_time:83818ms step_avg:103.86ms
step:808/4740 train_time:84059ms step_avg:104.03ms
step:809/4740 train_time:84201ms step_avg:104.08ms
step:810/4740 train_time:84441ms step_avg:104.25ms
step:811/4740 train_time:84583ms step_avg:104.29ms
step:812/4740 train_time:84828ms step_avg:104.47ms
step:813/4740 train_time:84967ms step_avg:104.51ms
step:814/4740 train_time:85208ms step_avg:104.68ms
step:815/4740 train_time:85347ms step_avg:104.72ms
step:816/4740 train_time:85591ms step_avg:104.89ms
step:817/4740 train_time:85731ms step_avg:104.93ms
step:818/4740 train_time:85975ms step_avg:105.10ms
step:819/4740 train_time:86115ms step_avg:105.15ms
step:820/4740 train_time:86358ms step_avg:105.31ms
step:821/4740 train_time:86500ms step_avg:105.36ms
step:822/4740 train_time:86745ms step_avg:105.53ms
step:823/4740 train_time:86885ms step_avg:105.57ms
step:824/4740 train_time:87129ms step_avg:105.74ms
step:825/4740 train_time:87265ms step_avg:105.78ms
step:826/4740 train_time:87510ms step_avg:105.94ms
step:827/4740 train_time:87649ms step_avg:105.98ms
step:828/4740 train_time:87893ms step_avg:106.15ms
step:829/4740 train_time:88031ms step_avg:106.19ms
step:830/4740 train_time:88275ms step_avg:106.36ms
step:831/4740 train_time:88413ms step_avg:106.39ms
step:832/4740 train_time:88655ms step_avg:106.56ms
step:833/4740 train_time:88795ms step_avg:106.60ms
step:834/4740 train_time:89037ms step_avg:106.76ms
step:835/4740 train_time:89179ms step_avg:106.80ms
step:836/4740 train_time:89421ms step_avg:106.96ms
step:837/4740 train_time:89562ms step_avg:107.00ms
step:838/4740 train_time:89804ms step_avg:107.16ms
step:839/4740 train_time:89945ms step_avg:107.20ms
step:840/4740 train_time:90190ms step_avg:107.37ms
step:841/4740 train_time:90331ms step_avg:107.41ms
step:842/4740 train_time:90577ms step_avg:107.57ms
step:843/4740 train_time:90714ms step_avg:107.61ms
step:844/4740 train_time:90958ms step_avg:107.77ms
step:845/4740 train_time:91096ms step_avg:107.81ms
step:846/4740 train_time:91337ms step_avg:107.96ms
step:847/4740 train_time:91480ms step_avg:108.01ms
step:848/4740 train_time:91721ms step_avg:108.16ms
step:849/4740 train_time:91862ms step_avg:108.20ms
step:850/4740 train_time:92102ms step_avg:108.36ms
step:851/4740 train_time:92242ms step_avg:108.39ms
step:852/4740 train_time:92484ms step_avg:108.55ms
step:853/4740 train_time:92624ms step_avg:108.59ms
step:854/4740 train_time:92871ms step_avg:108.75ms
step:855/4740 train_time:93009ms step_avg:108.78ms
step:856/4740 train_time:93249ms step_avg:108.94ms
step:857/4740 train_time:93393ms step_avg:108.98ms
step:858/4740 train_time:93634ms step_avg:109.13ms
step:859/4740 train_time:93774ms step_avg:109.17ms
step:860/4740 train_time:94016ms step_avg:109.32ms
step:861/4740 train_time:94154ms step_avg:109.35ms
step:862/4740 train_time:94397ms step_avg:109.51ms
step:863/4740 train_time:94537ms step_avg:109.54ms
step:864/4740 train_time:94779ms step_avg:109.70ms
step:865/4740 train_time:94920ms step_avg:109.73ms
step:866/4740 train_time:95164ms step_avg:109.89ms
step:867/4740 train_time:95303ms step_avg:109.92ms
step:868/4740 train_time:95549ms step_avg:110.08ms
step:869/4740 train_time:95689ms step_avg:110.11ms
step:870/4740 train_time:95931ms step_avg:110.27ms
step:871/4740 train_time:96074ms step_avg:110.30ms
step:872/4740 train_time:96316ms step_avg:110.45ms
step:873/4740 train_time:96457ms step_avg:110.49ms
step:874/4740 train_time:96699ms step_avg:110.64ms
step:875/4740 train_time:96841ms step_avg:110.68ms
step:876/4740 train_time:97084ms step_avg:110.83ms
step:877/4740 train_time:97224ms step_avg:110.86ms
step:878/4740 train_time:97469ms step_avg:111.01ms
step:879/4740 train_time:97608ms step_avg:111.04ms
step:880/4740 train_time:97849ms step_avg:111.19ms
step:881/4740 train_time:97988ms step_avg:111.22ms
step:882/4740 train_time:98231ms step_avg:111.37ms
step:883/4740 train_time:98369ms step_avg:111.40ms
step:884/4740 train_time:98613ms step_avg:111.55ms
step:885/4740 train_time:98749ms step_avg:111.58ms
step:886/4740 train_time:98993ms step_avg:111.73ms
step:887/4740 train_time:99130ms step_avg:111.76ms
step:888/4740 train_time:99374ms step_avg:111.91ms
step:889/4740 train_time:99512ms step_avg:111.94ms
step:890/4740 train_time:99755ms step_avg:112.08ms
step:891/4740 train_time:99895ms step_avg:112.12ms
step:892/4740 train_time:100138ms step_avg:112.26ms
step:893/4740 train_time:100280ms step_avg:112.30ms
step:894/4740 train_time:100523ms step_avg:112.44ms
step:895/4740 train_time:100664ms step_avg:112.47ms
step:896/4740 train_time:100907ms step_avg:112.62ms
step:897/4740 train_time:101046ms step_avg:112.65ms
step:898/4740 train_time:101290ms step_avg:112.79ms
step:899/4740 train_time:101427ms step_avg:112.82ms
step:900/4740 train_time:101671ms step_avg:112.97ms
step:901/4740 train_time:101812ms step_avg:113.00ms
step:902/4740 train_time:102053ms step_avg:113.14ms
step:903/4740 train_time:102192ms step_avg:113.17ms
step:904/4740 train_time:102435ms step_avg:113.31ms
step:905/4740 train_time:102573ms step_avg:113.34ms
step:906/4740 train_time:102815ms step_avg:113.48ms
step:907/4740 train_time:102957ms step_avg:113.51ms
step:908/4740 train_time:103200ms step_avg:113.66ms
step:909/4740 train_time:103339ms step_avg:113.68ms
step:910/4740 train_time:103582ms step_avg:113.83ms
step:911/4740 train_time:103721ms step_avg:113.85ms
step:912/4740 train_time:103965ms step_avg:114.00ms
step:913/4740 train_time:104109ms step_avg:114.03ms
step:914/4740 train_time:104349ms step_avg:114.17ms
step:915/4740 train_time:104489ms step_avg:114.20ms
step:916/4740 train_time:104730ms step_avg:114.33ms
step:917/4740 train_time:104868ms step_avg:114.36ms
step:918/4740 train_time:105115ms step_avg:114.50ms
step:919/4740 train_time:105250ms step_avg:114.53ms
step:920/4740 train_time:105494ms step_avg:114.67ms
step:921/4740 train_time:105632ms step_avg:114.69ms
step:922/4740 train_time:105876ms step_avg:114.83ms
step:923/4740 train_time:106017ms step_avg:114.86ms
step:924/4740 train_time:106258ms step_avg:115.00ms
step:925/4740 train_time:106402ms step_avg:115.03ms
step:926/4740 train_time:106648ms step_avg:115.17ms
step:927/4740 train_time:106787ms step_avg:115.20ms
step:928/4740 train_time:107029ms step_avg:115.33ms
step:929/4740 train_time:107168ms step_avg:115.36ms
step:930/4740 train_time:107412ms step_avg:115.50ms
step:931/4740 train_time:107550ms step_avg:115.52ms
step:932/4740 train_time:107792ms step_avg:115.66ms
step:933/4740 train_time:107931ms step_avg:115.68ms
step:934/4740 train_time:108174ms step_avg:115.82ms
step:935/4740 train_time:108311ms step_avg:115.84ms
step:936/4740 train_time:108555ms step_avg:115.98ms
step:937/4740 train_time:108695ms step_avg:116.00ms
step:938/4740 train_time:108938ms step_avg:116.14ms
step:939/4740 train_time:109080ms step_avg:116.17ms
step:940/4740 train_time:109325ms step_avg:116.30ms
step:941/4740 train_time:109464ms step_avg:116.33ms
step:942/4740 train_time:109709ms step_avg:116.46ms
step:943/4740 train_time:109850ms step_avg:116.49ms
step:944/4740 train_time:110091ms step_avg:116.62ms
step:945/4740 train_time:110233ms step_avg:116.65ms
step:946/4740 train_time:110475ms step_avg:116.78ms
step:947/4740 train_time:110614ms step_avg:116.80ms
step:948/4740 train_time:110857ms step_avg:116.94ms
step:949/4740 train_time:110997ms step_avg:116.96ms
step:950/4740 train_time:111238ms step_avg:117.09ms
step:951/4740 train_time:111381ms step_avg:117.12ms
step:952/4740 train_time:111625ms step_avg:117.25ms
step:953/4740 train_time:111767ms step_avg:117.28ms
step:954/4740 train_time:112009ms step_avg:117.41ms
step:955/4740 train_time:112150ms step_avg:117.43ms
step:956/4740 train_time:112393ms step_avg:117.57ms
step:957/4740 train_time:112533ms step_avg:117.59ms
step:958/4740 train_time:112777ms step_avg:117.72ms
step:959/4740 train_time:112916ms step_avg:117.74ms
step:960/4740 train_time:113160ms step_avg:117.88ms
step:961/4740 train_time:113301ms step_avg:117.90ms
step:962/4740 train_time:113544ms step_avg:118.03ms
step:963/4740 train_time:113684ms step_avg:118.05ms
step:964/4740 train_time:113929ms step_avg:118.18ms
step:965/4740 train_time:114067ms step_avg:118.20ms
step:966/4740 train_time:114309ms step_avg:118.33ms
step:967/4740 train_time:114451ms step_avg:118.36ms
step:968/4740 train_time:114694ms step_avg:118.49ms
step:969/4740 train_time:114832ms step_avg:118.51ms
step:970/4740 train_time:115074ms step_avg:118.63ms
step:971/4740 train_time:115215ms step_avg:118.66ms
step:972/4740 train_time:115458ms step_avg:118.78ms
step:973/4740 train_time:115598ms step_avg:118.81ms
step:974/4740 train_time:115840ms step_avg:118.93ms
step:975/4740 train_time:115982ms step_avg:118.96ms
step:976/4740 train_time:116227ms step_avg:119.09ms
step:977/4740 train_time:116366ms step_avg:119.11ms
step:978/4740 train_time:116610ms step_avg:119.23ms
step:979/4740 train_time:116748ms step_avg:119.25ms
step:980/4740 train_time:116992ms step_avg:119.38ms
step:981/4740 train_time:117129ms step_avg:119.40ms
step:982/4740 train_time:117372ms step_avg:119.52ms
step:983/4740 train_time:117512ms step_avg:119.54ms
step:984/4740 train_time:117754ms step_avg:119.67ms
step:985/4740 train_time:117892ms step_avg:119.69ms
step:986/4740 train_time:118136ms step_avg:119.81ms
step:987/4740 train_time:118275ms step_avg:119.83ms
step:988/4740 train_time:118518ms step_avg:119.96ms
step:989/4740 train_time:118660ms step_avg:119.98ms
step:990/4740 train_time:118903ms step_avg:120.10ms
step:991/4740 train_time:119043ms step_avg:120.12ms
step:992/4740 train_time:119286ms step_avg:120.25ms
step:993/4740 train_time:119427ms step_avg:120.27ms
step:994/4740 train_time:119672ms step_avg:120.39ms
step:995/4740 train_time:119810ms step_avg:120.41ms
step:996/4740 train_time:120051ms step_avg:120.53ms
step:997/4740 train_time:120193ms step_avg:120.55ms
step:998/4740 train_time:120435ms step_avg:120.68ms
step:999/4740 train_time:120576ms step_avg:120.70ms
step:1000/4740 train_time:120818ms step_avg:120.82ms
step:1000/4740 val_loss:3.4783 train_time:120919ms step_avg:120.92ms
step:1001/4740 train_time:120962ms step_avg:120.84ms
step:1002/4740 train_time:121209ms step_avg:120.97ms
step:1003/4740 train_time:121353ms step_avg:120.99ms
step:1004/4740 train_time:121595ms step_avg:121.11ms
step:1005/4740 train_time:121733ms step_avg:121.13ms
step:1006/4740 train_time:121977ms step_avg:121.25ms
step:1007/4740 train_time:122113ms step_avg:121.26ms
step:1008/4740 train_time:122360ms step_avg:121.39ms
step:1009/4740 train_time:122500ms step_avg:121.41ms
step:1010/4740 train_time:122739ms step_avg:121.52ms
step:1011/4740 train_time:122881ms step_avg:121.54ms
step:1012/4740 train_time:123121ms step_avg:121.66ms
step:1013/4740 train_time:123263ms step_avg:121.68ms
step:1014/4740 train_time:123509ms step_avg:121.80ms
step:1015/4740 train_time:123648ms step_avg:121.82ms
step:1016/4740 train_time:123888ms step_avg:121.94ms
step:1017/4740 train_time:124027ms step_avg:121.95ms
step:1018/4740 train_time:124270ms step_avg:122.07ms
step:1019/4740 train_time:124412ms step_avg:122.09ms
step:1020/4740 train_time:124654ms step_avg:122.21ms
step:1021/4740 train_time:124794ms step_avg:122.23ms
step:1022/4740 train_time:125035ms step_avg:122.34ms
step:1023/4740 train_time:125176ms step_avg:122.36ms
step:1024/4740 train_time:125420ms step_avg:122.48ms
step:1025/4740 train_time:125563ms step_avg:122.50ms
step:1026/4740 train_time:125806ms step_avg:122.62ms
step:1027/4740 train_time:125943ms step_avg:122.63ms
step:1028/4740 train_time:126186ms step_avg:122.75ms
step:1029/4740 train_time:126325ms step_avg:122.77ms
step:1030/4740 train_time:126570ms step_avg:122.88ms
step:1031/4740 train_time:126709ms step_avg:122.90ms
step:1032/4740 train_time:126950ms step_avg:123.01ms
step:1033/4740 train_time:127090ms step_avg:123.03ms
step:1034/4740 train_time:127333ms step_avg:123.15ms
step:1035/4740 train_time:127474ms step_avg:123.16ms
step:1036/4740 train_time:127719ms step_avg:123.28ms
step:1037/4740 train_time:127858ms step_avg:123.30ms
step:1038/4740 train_time:128103ms step_avg:123.41ms
step:1039/4740 train_time:128241ms step_avg:123.43ms
step:1040/4740 train_time:128484ms step_avg:123.54ms
step:1041/4740 train_time:128622ms step_avg:123.56ms
step:1042/4740 train_time:128865ms step_avg:123.67ms
step:1043/4740 train_time:129005ms step_avg:123.69ms
step:1044/4740 train_time:129245ms step_avg:123.80ms
step:1045/4740 train_time:129385ms step_avg:123.81ms
step:1046/4740 train_time:129628ms step_avg:123.93ms
step:1047/4740 train_time:129768ms step_avg:123.94ms
step:1048/4740 train_time:130010ms step_avg:124.06ms
step:1049/4740 train_time:130151ms step_avg:124.07ms
step:1050/4740 train_time:130394ms step_avg:124.19ms
step:1051/4740 train_time:130536ms step_avg:124.20ms
step:1052/4740 train_time:130780ms step_avg:124.32ms
step:1053/4740 train_time:130919ms step_avg:124.33ms
step:1054/4740 train_time:131161ms step_avg:124.44ms
step:1055/4740 train_time:131301ms step_avg:124.46ms
step:1056/4740 train_time:131543ms step_avg:124.57ms
step:1057/4740 train_time:131686ms step_avg:124.58ms
step:1058/4740 train_time:131927ms step_avg:124.69ms
step:1059/4740 train_time:132067ms step_avg:124.71ms
step:1060/4740 train_time:132310ms step_avg:124.82ms
step:1061/4740 train_time:132451ms step_avg:124.84ms
step:1062/4740 train_time:132697ms step_avg:124.95ms
step:1063/4740 train_time:132835ms step_avg:124.96ms
step:1064/4740 train_time:133078ms step_avg:125.07ms
step:1065/4740 train_time:133217ms step_avg:125.09ms
step:1066/4740 train_time:133459ms step_avg:125.20ms
step:1067/4740 train_time:133603ms step_avg:125.21ms
step:1068/4740 train_time:133846ms step_avg:125.32ms
step:1069/4740 train_time:133982ms step_avg:125.33ms
step:1070/4740 train_time:134223ms step_avg:125.44ms
step:1071/4740 train_time:134362ms step_avg:125.45ms
step:1072/4740 train_time:134606ms step_avg:125.57ms
step:1073/4740 train_time:134747ms step_avg:125.58ms
step:1074/4740 train_time:134989ms step_avg:125.69ms
step:1075/4740 train_time:135128ms step_avg:125.70ms
step:1076/4740 train_time:135369ms step_avg:125.81ms
step:1077/4740 train_time:135511ms step_avg:125.82ms
step:1078/4740 train_time:135756ms step_avg:125.93ms
step:1079/4740 train_time:135898ms step_avg:125.95ms
step:1080/4740 train_time:136139ms step_avg:126.05ms
step:1081/4740 train_time:136278ms step_avg:126.07ms
step:1082/4740 train_time:136524ms step_avg:126.18ms
step:1083/4740 train_time:136666ms step_avg:126.19ms
step:1084/4740 train_time:136909ms step_avg:126.30ms
step:1085/4740 train_time:137051ms step_avg:126.31ms
step:1086/4740 train_time:137293ms step_avg:126.42ms
step:1087/4740 train_time:137436ms step_avg:126.44ms
step:1088/4740 train_time:137681ms step_avg:126.55ms
step:1089/4740 train_time:137820ms step_avg:126.56ms
step:1090/4740 train_time:138063ms step_avg:126.66ms
step:1091/4740 train_time:138202ms step_avg:126.67ms
step:1092/4740 train_time:138445ms step_avg:126.78ms
step:1093/4740 train_time:138587ms step_avg:126.79ms
step:1094/4740 train_time:138829ms step_avg:126.90ms
step:1095/4740 train_time:138970ms step_avg:126.91ms
step:1096/4740 train_time:139213ms step_avg:127.02ms
step:1097/4740 train_time:139354ms step_avg:127.03ms
step:1098/4740 train_time:139595ms step_avg:127.14ms
step:1099/4740 train_time:139736ms step_avg:127.15ms
step:1100/4740 train_time:139981ms step_avg:127.26ms
step:1101/4740 train_time:140121ms step_avg:127.27ms
step:1102/4740 train_time:140365ms step_avg:127.37ms
step:1103/4740 train_time:140502ms step_avg:127.38ms
step:1104/4740 train_time:140745ms step_avg:127.49ms
step:1105/4740 train_time:140885ms step_avg:127.50ms
step:1106/4740 train_time:141127ms step_avg:127.60ms
step:1107/4740 train_time:141268ms step_avg:127.61ms
step:1108/4740 train_time:141511ms step_avg:127.72ms
step:1109/4740 train_time:141652ms step_avg:127.73ms
step:1110/4740 train_time:141898ms step_avg:127.84ms
step:1111/4740 train_time:142036ms step_avg:127.85ms
step:1112/4740 train_time:142282ms step_avg:127.95ms
step:1113/4740 train_time:142424ms step_avg:127.96ms
step:1114/4740 train_time:142666ms step_avg:128.07ms
step:1115/4740 train_time:142807ms step_avg:128.08ms
step:1116/4740 train_time:143050ms step_avg:128.18ms
step:1117/4740 train_time:143190ms step_avg:128.19ms
step:1118/4740 train_time:143437ms step_avg:128.30ms
step:1119/4740 train_time:143575ms step_avg:128.31ms
step:1120/4740 train_time:143820ms step_avg:128.41ms
step:1121/4740 train_time:143959ms step_avg:128.42ms
step:1122/4740 train_time:144202ms step_avg:128.52ms
step:1123/4740 train_time:144341ms step_avg:128.53ms
step:1124/4740 train_time:144582ms step_avg:128.63ms
step:1125/4740 train_time:144722ms step_avg:128.64ms
step:1126/4740 train_time:144963ms step_avg:128.74ms
step:1127/4740 train_time:145102ms step_avg:128.75ms
step:1128/4740 train_time:145344ms step_avg:128.85ms
step:1129/4740 train_time:145486ms step_avg:128.86ms
step:1130/4740 train_time:145728ms step_avg:128.96ms
step:1131/4740 train_time:145869ms step_avg:128.97ms
step:1132/4740 train_time:146109ms step_avg:129.07ms
step:1133/4740 train_time:146251ms step_avg:129.08ms
step:1134/4740 train_time:146495ms step_avg:129.18ms
step:1135/4740 train_time:146636ms step_avg:129.19ms
step:1136/4740 train_time:146879ms step_avg:129.29ms
step:1137/4740 train_time:147017ms step_avg:129.30ms
step:1138/4740 train_time:147260ms step_avg:129.40ms
step:1139/4740 train_time:147401ms step_avg:129.41ms
step:1140/4740 train_time:147645ms step_avg:129.51ms
step:1141/4740 train_time:147784ms step_avg:129.52ms
step:1142/4740 train_time:148026ms step_avg:129.62ms
step:1143/4740 train_time:148166ms step_avg:129.63ms
step:1144/4740 train_time:148408ms step_avg:129.73ms
step:1145/4740 train_time:148553ms step_avg:129.74ms
step:1146/4740 train_time:148797ms step_avg:129.84ms
step:1147/4740 train_time:148935ms step_avg:129.85ms
step:1148/4740 train_time:149178ms step_avg:129.95ms
step:1149/4740 train_time:149318ms step_avg:129.95ms
step:1150/4740 train_time:149560ms step_avg:130.05ms
step:1151/4740 train_time:149698ms step_avg:130.06ms
step:1152/4740 train_time:149945ms step_avg:130.16ms
step:1153/4740 train_time:150080ms step_avg:130.16ms
step:1154/4740 train_time:150323ms step_avg:130.26ms
step:1155/4740 train_time:150459ms step_avg:130.27ms
step:1156/4740 train_time:150702ms step_avg:130.36ms
step:1157/4740 train_time:150842ms step_avg:130.37ms
step:1158/4740 train_time:151085ms step_avg:130.47ms
step:1159/4740 train_time:151224ms step_avg:130.48ms
step:1160/4740 train_time:151466ms step_avg:130.57ms
step:1161/4740 train_time:151606ms step_avg:130.58ms
step:1162/4740 train_time:151849ms step_avg:130.68ms
step:1163/4740 train_time:151988ms step_avg:130.69ms
step:1164/4740 train_time:152231ms step_avg:130.78ms
step:1165/4740 train_time:152372ms step_avg:130.79ms
step:1166/4740 train_time:152618ms step_avg:130.89ms
step:1167/4740 train_time:152758ms step_avg:130.90ms
step:1168/4740 train_time:153001ms step_avg:130.99ms
step:1169/4740 train_time:153138ms step_avg:131.00ms
step:1170/4740 train_time:153381ms step_avg:131.09ms
step:1171/4740 train_time:153521ms step_avg:131.10ms
step:1172/4740 train_time:153764ms step_avg:131.20ms
step:1173/4740 train_time:153905ms step_avg:131.21ms
step:1174/4740 train_time:154148ms step_avg:131.30ms
step:1175/4740 train_time:154286ms step_avg:131.31ms
step:1176/4740 train_time:154564ms step_avg:131.43ms
step:1177/4740 train_time:154742ms step_avg:131.47ms
step:1178/4740 train_time:155063ms step_avg:131.63ms
step:1179/4740 train_time:155244ms step_avg:131.67ms
step:1180/4740 train_time:155562ms step_avg:131.83ms
step:1181/4740 train_time:155745ms step_avg:131.88ms
step:1182/4740 train_time:156065ms step_avg:132.03ms
step:1183/4740 train_time:156247ms step_avg:132.08ms
step:1184/4740 train_time:156567ms step_avg:132.24ms
step:1185/4740 train_time:156748ms step_avg:132.28ms
step:1186/4740 train_time:157065ms step_avg:132.43ms
step:1187/4740 train_time:157246ms step_avg:132.47ms
step:1188/4740 train_time:157565ms step_avg:132.63ms
step:1189/4740 train_time:157746ms step_avg:132.67ms
step:1190/4740 train_time:158064ms step_avg:132.83ms
step:1191/4740 train_time:158246ms step_avg:132.87ms
step:1192/4740 train_time:158562ms step_avg:133.02ms
step:1193/4740 train_time:158747ms step_avg:133.07ms
step:1194/4740 train_time:159066ms step_avg:133.22ms
step:1195/4740 train_time:159248ms step_avg:133.26ms
step:1196/4740 train_time:159563ms step_avg:133.41ms
step:1197/4740 train_time:159745ms step_avg:133.45ms
step:1198/4740 train_time:160062ms step_avg:133.61ms
step:1199/4740 train_time:160244ms step_avg:133.65ms
step:1200/4740 train_time:160563ms step_avg:133.80ms
step:1201/4740 train_time:160745ms step_avg:133.84ms
step:1202/4740 train_time:161064ms step_avg:134.00ms
step:1203/4740 train_time:161245ms step_avg:134.04ms
step:1204/4740 train_time:161561ms step_avg:134.19ms
step:1205/4740 train_time:161743ms step_avg:134.23ms
step:1206/4740 train_time:162062ms step_avg:134.38ms
step:1207/4740 train_time:162243ms step_avg:134.42ms
step:1208/4740 train_time:162561ms step_avg:134.57ms
step:1209/4740 train_time:162741ms step_avg:134.61ms
step:1210/4740 train_time:163061ms step_avg:134.76ms
step:1211/4740 train_time:163238ms step_avg:134.80ms
step:1212/4740 train_time:163558ms step_avg:134.95ms
step:1213/4740 train_time:163740ms step_avg:134.99ms
step:1214/4740 train_time:164060ms step_avg:135.14ms
step:1215/4740 train_time:164241ms step_avg:135.18ms
step:1216/4740 train_time:164563ms step_avg:135.33ms
step:1217/4740 train_time:164743ms step_avg:135.37ms
step:1218/4740 train_time:165063ms step_avg:135.52ms
step:1219/4740 train_time:165243ms step_avg:135.56ms
step:1220/4740 train_time:165560ms step_avg:135.71ms
step:1221/4740 train_time:165741ms step_avg:135.74ms
step:1222/4740 train_time:166063ms step_avg:135.89ms
step:1223/4740 train_time:166240ms step_avg:135.93ms
step:1224/4740 train_time:166559ms step_avg:136.08ms
step:1225/4740 train_time:166737ms step_avg:136.11ms
step:1226/4740 train_time:167058ms step_avg:136.26ms
step:1227/4740 train_time:167236ms step_avg:136.30ms
step:1228/4740 train_time:167559ms step_avg:136.45ms
step:1229/4740 train_time:167735ms step_avg:136.48ms
step:1230/4740 train_time:168061ms step_avg:136.63ms
step:1231/4740 train_time:168237ms step_avg:136.67ms
step:1232/4740 train_time:168560ms step_avg:136.82ms
step:1233/4740 train_time:168736ms step_avg:136.85ms
step:1234/4740 train_time:169059ms step_avg:137.00ms
step:1235/4740 train_time:169237ms step_avg:137.03ms
step:1236/4740 train_time:169558ms step_avg:137.18ms
step:1237/4740 train_time:169736ms step_avg:137.22ms
step:1238/4740 train_time:170055ms step_avg:137.36ms
step:1239/4740 train_time:170233ms step_avg:137.40ms
step:1240/4740 train_time:170551ms step_avg:137.54ms
step:1241/4740 train_time:170733ms step_avg:137.58ms
step:1242/4740 train_time:171050ms step_avg:137.72ms
step:1243/4740 train_time:171232ms step_avg:137.76ms
step:1244/4740 train_time:171550ms step_avg:137.90ms
step:1245/4740 train_time:171732ms step_avg:137.94ms
step:1246/4740 train_time:172055ms step_avg:138.09ms
step:1247/4740 train_time:172232ms step_avg:138.12ms
step:1248/4740 train_time:172553ms step_avg:138.26ms
step:1249/4740 train_time:172734ms step_avg:138.30ms
step:1250/4740 train_time:173054ms step_avg:138.44ms
step:1250/4740 val_loss:3.3798 train_time:173179ms step_avg:138.54ms
step:1251/4740 train_time:173235ms step_avg:138.48ms
step:1252/4740 train_time:173563ms step_avg:138.63ms
step:1253/4740 train_time:173743ms step_avg:138.66ms
step:1254/4740 train_time:174059ms step_avg:138.80ms
step:1255/4740 train_time:174237ms step_avg:138.83ms
step:1256/4740 train_time:174563ms step_avg:138.98ms
step:1257/4740 train_time:174747ms step_avg:139.02ms
step:1258/4740 train_time:175063ms step_avg:139.16ms
step:1259/4740 train_time:175238ms step_avg:139.19ms
step:1260/4740 train_time:175564ms step_avg:139.34ms
step:1261/4740 train_time:175748ms step_avg:139.37ms
step:1262/4740 train_time:176063ms step_avg:139.51ms
step:1263/4740 train_time:176241ms step_avg:139.54ms
step:1264/4740 train_time:176564ms step_avg:139.69ms
step:1265/4740 train_time:176744ms step_avg:139.72ms
step:1266/4740 train_time:177064ms step_avg:139.86ms
step:1267/4740 train_time:177241ms step_avg:139.89ms
step:1268/4740 train_time:177559ms step_avg:140.03ms
step:1269/4740 train_time:177745ms step_avg:140.07ms
step:1270/4740 train_time:178064ms step_avg:140.21ms
step:1271/4740 train_time:178242ms step_avg:140.24ms
step:1272/4740 train_time:178562ms step_avg:140.38ms
step:1273/4740 train_time:178742ms step_avg:140.41ms
step:1274/4740 train_time:179064ms step_avg:140.55ms
step:1275/4740 train_time:179243ms step_avg:140.58ms
step:1276/4740 train_time:179563ms step_avg:140.72ms
step:1277/4740 train_time:179745ms step_avg:140.76ms
step:1278/4740 train_time:180063ms step_avg:140.89ms
step:1279/4740 train_time:180243ms step_avg:140.93ms
step:1280/4740 train_time:180560ms step_avg:141.06ms
step:1281/4740 train_time:180746ms step_avg:141.10ms
step:1282/4740 train_time:181065ms step_avg:141.24ms
step:1283/4740 train_time:181245ms step_avg:141.27ms
step:1284/4740 train_time:181561ms step_avg:141.40ms
step:1285/4740 train_time:181744ms step_avg:141.44ms
step:1286/4740 train_time:182060ms step_avg:141.57ms
step:1287/4740 train_time:182242ms step_avg:141.60ms
step:1288/4740 train_time:182560ms step_avg:141.74ms
step:1289/4740 train_time:182742ms step_avg:141.77ms
step:1290/4740 train_time:183061ms step_avg:141.91ms
step:1291/4740 train_time:183243ms step_avg:141.94ms
step:1292/4740 train_time:183561ms step_avg:142.08ms
step:1293/4740 train_time:183743ms step_avg:142.11ms
step:1294/4740 train_time:184063ms step_avg:142.24ms
step:1295/4740 train_time:184246ms step_avg:142.27ms
step:1296/4740 train_time:184564ms step_avg:142.41ms
step:1297/4740 train_time:184743ms step_avg:142.44ms
step:1298/4740 train_time:185063ms step_avg:142.58ms
step:1299/4740 train_time:185244ms step_avg:142.61ms
step:1300/4740 train_time:185562ms step_avg:142.74ms
step:1301/4740 train_time:185743ms step_avg:142.77ms
step:1302/4740 train_time:186064ms step_avg:142.91ms
step:1303/4740 train_time:186244ms step_avg:142.93ms
step:1304/4740 train_time:186564ms step_avg:143.07ms
step:1305/4740 train_time:186744ms step_avg:143.10ms
step:1306/4740 train_time:187064ms step_avg:143.23ms
step:1307/4740 train_time:187244ms step_avg:143.26ms
step:1308/4740 train_time:187563ms step_avg:143.40ms
step:1309/4740 train_time:187745ms step_avg:143.43ms
step:1310/4740 train_time:188063ms step_avg:143.56ms
step:1311/4740 train_time:188244ms step_avg:143.59ms
step:1312/4740 train_time:188562ms step_avg:143.72ms
step:1313/4740 train_time:188744ms step_avg:143.75ms
step:1314/4740 train_time:189064ms step_avg:143.88ms
step:1315/4740 train_time:189243ms step_avg:143.91ms
step:1316/4740 train_time:189563ms step_avg:144.04ms
step:1317/4740 train_time:189742ms step_avg:144.07ms
step:1318/4740 train_time:190061ms step_avg:144.20ms
step:1319/4740 train_time:190240ms step_avg:144.23ms
step:1320/4740 train_time:190558ms step_avg:144.36ms
step:1321/4740 train_time:190741ms step_avg:144.39ms
step:1322/4740 train_time:191057ms step_avg:144.52ms
step:1323/4740 train_time:191240ms step_avg:144.55ms
step:1324/4740 train_time:191557ms step_avg:144.68ms
step:1325/4740 train_time:191738ms step_avg:144.71ms
step:1326/4740 train_time:192056ms step_avg:144.84ms
step:1327/4740 train_time:192236ms step_avg:144.87ms
step:1328/4740 train_time:192556ms step_avg:145.00ms
step:1329/4740 train_time:192737ms step_avg:145.02ms
step:1330/4740 train_time:193054ms step_avg:145.15ms
step:1331/4740 train_time:193235ms step_avg:145.18ms
step:1332/4740 train_time:193557ms step_avg:145.31ms
step:1333/4740 train_time:193736ms step_avg:145.34ms
step:1334/4740 train_time:194055ms step_avg:145.47ms
step:1335/4740 train_time:194237ms step_avg:145.50ms
step:1336/4740 train_time:194556ms step_avg:145.63ms
step:1337/4740 train_time:194734ms step_avg:145.65ms
step:1338/4740 train_time:195055ms step_avg:145.78ms
step:1339/4740 train_time:195232ms step_avg:145.80ms
step:1340/4740 train_time:195552ms step_avg:145.93ms
step:1341/4740 train_time:195730ms step_avg:145.96ms
step:1342/4740 train_time:196050ms step_avg:146.09ms
step:1343/4740 train_time:196229ms step_avg:146.11ms
step:1344/4740 train_time:196546ms step_avg:146.24ms
step:1345/4740 train_time:196728ms step_avg:146.27ms
step:1346/4740 train_time:197047ms step_avg:146.39ms
step:1347/4740 train_time:197226ms step_avg:146.42ms
step:1348/4740 train_time:197547ms step_avg:146.55ms
step:1349/4740 train_time:197726ms step_avg:146.57ms
step:1350/4740 train_time:198046ms step_avg:146.70ms
step:1351/4740 train_time:198226ms step_avg:146.73ms
step:1352/4740 train_time:198547ms step_avg:146.85ms
step:1353/4740 train_time:198729ms step_avg:146.88ms
step:1354/4740 train_time:199045ms step_avg:147.01ms
step:1355/4740 train_time:199227ms step_avg:147.03ms
step:1356/4740 train_time:199547ms step_avg:147.16ms
step:1357/4740 train_time:199729ms step_avg:147.18ms
step:1358/4740 train_time:200048ms step_avg:147.31ms
step:1359/4740 train_time:200231ms step_avg:147.34ms
step:1360/4740 train_time:200551ms step_avg:147.46ms
step:1361/4740 train_time:200730ms step_avg:147.49ms
step:1362/4740 train_time:201046ms step_avg:147.61ms
step:1363/4740 train_time:201227ms step_avg:147.64ms
step:1364/4740 train_time:201549ms step_avg:147.76ms
step:1365/4740 train_time:201730ms step_avg:147.79ms
step:1366/4740 train_time:202047ms step_avg:147.91ms
step:1367/4740 train_time:202227ms step_avg:147.94ms
step:1368/4740 train_time:202545ms step_avg:148.06ms
step:1369/4740 train_time:202728ms step_avg:148.08ms
step:1370/4740 train_time:203045ms step_avg:148.21ms
step:1371/4740 train_time:203227ms step_avg:148.23ms
step:1372/4740 train_time:203548ms step_avg:148.36ms
step:1373/4740 train_time:203729ms step_avg:148.38ms
step:1374/4740 train_time:204045ms step_avg:148.50ms
step:1375/4740 train_time:204226ms step_avg:148.53ms
step:1376/4740 train_time:204543ms step_avg:148.65ms
step:1377/4740 train_time:204725ms step_avg:148.67ms
step:1378/4740 train_time:205043ms step_avg:148.80ms
step:1379/4740 train_time:205226ms step_avg:148.82ms
step:1380/4740 train_time:205543ms step_avg:148.94ms
step:1381/4740 train_time:205724ms step_avg:148.97ms
step:1382/4740 train_time:206042ms step_avg:149.09ms
step:1383/4740 train_time:206225ms step_avg:149.11ms
step:1384/4740 train_time:206542ms step_avg:149.24ms
step:1385/4740 train_time:206724ms step_avg:149.26ms
step:1386/4740 train_time:207040ms step_avg:149.38ms
step:1387/4740 train_time:207222ms step_avg:149.40ms
step:1388/4740 train_time:207539ms step_avg:149.52ms
step:1389/4740 train_time:207724ms step_avg:149.55ms
step:1390/4740 train_time:208042ms step_avg:149.67ms
step:1391/4740 train_time:208222ms step_avg:149.69ms
step:1392/4740 train_time:208541ms step_avg:149.81ms
step:1393/4740 train_time:208723ms step_avg:149.84ms
step:1394/4740 train_time:209040ms step_avg:149.96ms
step:1395/4740 train_time:209221ms step_avg:149.98ms
step:1396/4740 train_time:209539ms step_avg:150.10ms
step:1397/4740 train_time:209723ms step_avg:150.12ms
step:1398/4740 train_time:210038ms step_avg:150.24ms
step:1399/4740 train_time:210223ms step_avg:150.27ms
step:1400/4740 train_time:210541ms step_avg:150.39ms
step:1401/4740 train_time:210722ms step_avg:150.41ms
step:1402/4740 train_time:211039ms step_avg:150.53ms
step:1403/4740 train_time:211224ms step_avg:150.55ms
step:1404/4740 train_time:211542ms step_avg:150.67ms
step:1405/4740 train_time:211722ms step_avg:150.69ms
step:1406/4740 train_time:212039ms step_avg:150.81ms
step:1407/4740 train_time:212222ms step_avg:150.83ms
step:1408/4740 train_time:212537ms step_avg:150.95ms
step:1409/4740 train_time:212721ms step_avg:150.97ms
step:1410/4740 train_time:213037ms step_avg:151.09ms
step:1411/4740 train_time:213224ms step_avg:151.12ms
step:1412/4740 train_time:213539ms step_avg:151.23ms
step:1413/4740 train_time:213724ms step_avg:151.26ms
step:1414/4740 train_time:214040ms step_avg:151.37ms
step:1415/4740 train_time:214221ms step_avg:151.39ms
step:1416/4740 train_time:214539ms step_avg:151.51ms
step:1417/4740 train_time:214724ms step_avg:151.53ms
step:1418/4740 train_time:215041ms step_avg:151.65ms
step:1419/4740 train_time:215224ms step_avg:151.67ms
step:1420/4740 train_time:215542ms step_avg:151.79ms
step:1421/4740 train_time:215725ms step_avg:151.81ms
step:1422/4740 train_time:216044ms step_avg:151.93ms
step:1423/4740 train_time:216229ms step_avg:151.95ms
step:1424/4740 train_time:216544ms step_avg:152.07ms
step:1425/4740 train_time:216728ms step_avg:152.09ms
step:1426/4740 train_time:217046ms step_avg:152.21ms
step:1427/4740 train_time:217226ms step_avg:152.23ms
step:1428/4740 train_time:217546ms step_avg:152.34ms
step:1429/4740 train_time:217728ms step_avg:152.36ms
step:1430/4740 train_time:218046ms step_avg:152.48ms
step:1431/4740 train_time:218226ms step_avg:152.50ms
step:1432/4740 train_time:218547ms step_avg:152.62ms
step:1433/4740 train_time:218730ms step_avg:152.64ms
step:1434/4740 train_time:219047ms step_avg:152.75ms
step:1435/4740 train_time:219229ms step_avg:152.77ms
step:1436/4740 train_time:219547ms step_avg:152.89ms
step:1437/4740 train_time:219729ms step_avg:152.91ms
step:1438/4740 train_time:220046ms step_avg:153.02ms
step:1439/4740 train_time:220227ms step_avg:153.04ms
step:1440/4740 train_time:220543ms step_avg:153.15ms
step:1441/4740 train_time:220729ms step_avg:153.18ms
step:1442/4740 train_time:221048ms step_avg:153.29ms
step:1443/4740 train_time:221230ms step_avg:153.31ms
step:1444/4740 train_time:221545ms step_avg:153.42ms
step:1445/4740 train_time:221727ms step_avg:153.44ms
step:1446/4740 train_time:222045ms step_avg:153.56ms
step:1447/4740 train_time:222227ms step_avg:153.58ms
step:1448/4740 train_time:222546ms step_avg:153.69ms
step:1449/4740 train_time:222728ms step_avg:153.71ms
step:1450/4740 train_time:223046ms step_avg:153.83ms
step:1451/4740 train_time:223230ms step_avg:153.85ms
step:1452/4740 train_time:223548ms step_avg:153.96ms
step:1453/4740 train_time:223728ms step_avg:153.98ms
step:1454/4740 train_time:224047ms step_avg:154.09ms
step:1455/4740 train_time:224230ms step_avg:154.11ms
step:1456/4740 train_time:224548ms step_avg:154.22ms
step:1457/4740 train_time:224731ms step_avg:154.24ms
step:1458/4740 train_time:225050ms step_avg:154.36ms
step:1459/4740 train_time:225230ms step_avg:154.37ms
step:1460/4740 train_time:225548ms step_avg:154.48ms
step:1461/4740 train_time:225728ms step_avg:154.50ms
step:1462/4740 train_time:226045ms step_avg:154.61ms
step:1463/4740 train_time:226225ms step_avg:154.63ms
step:1464/4740 train_time:226544ms step_avg:154.74ms
step:1465/4740 train_time:226727ms step_avg:154.76ms
step:1466/4740 train_time:227043ms step_avg:154.87ms
step:1467/4740 train_time:227227ms step_avg:154.89ms
step:1468/4740 train_time:227544ms step_avg:155.00ms
step:1469/4740 train_time:227729ms step_avg:155.02ms
step:1470/4740 train_time:228044ms step_avg:155.13ms
step:1471/4740 train_time:228228ms step_avg:155.15ms
step:1472/4740 train_time:228545ms step_avg:155.26ms
step:1473/4740 train_time:228727ms step_avg:155.28ms
step:1474/4740 train_time:229044ms step_avg:155.39ms
step:1475/4740 train_time:229226ms step_avg:155.41ms
step:1476/4740 train_time:229543ms step_avg:155.52ms
step:1477/4740 train_time:229725ms step_avg:155.53ms
step:1478/4740 train_time:230044ms step_avg:155.65ms
step:1479/4740 train_time:230225ms step_avg:155.66ms
step:1480/4740 train_time:230541ms step_avg:155.77ms
step:1481/4740 train_time:230725ms step_avg:155.79ms
step:1482/4740 train_time:231042ms step_avg:155.90ms
step:1483/4740 train_time:231225ms step_avg:155.92ms
step:1484/4740 train_time:231542ms step_avg:156.03ms
step:1485/4740 train_time:231724ms step_avg:156.04ms
step:1486/4740 train_time:232044ms step_avg:156.15ms
step:1487/4740 train_time:232225ms step_avg:156.17ms
step:1488/4740 train_time:232543ms step_avg:156.28ms
step:1489/4740 train_time:232722ms step_avg:156.29ms
step:1490/4740 train_time:233038ms step_avg:156.40ms
step:1491/4740 train_time:233221ms step_avg:156.42ms
step:1492/4740 train_time:233540ms step_avg:156.53ms
step:1493/4740 train_time:233721ms step_avg:156.54ms
step:1494/4740 train_time:234039ms step_avg:156.65ms
step:1495/4740 train_time:234221ms step_avg:156.67ms
step:1496/4740 train_time:234537ms step_avg:156.78ms
step:1497/4740 train_time:234722ms step_avg:156.79ms
step:1498/4740 train_time:235039ms step_avg:156.90ms
step:1499/4740 train_time:235218ms step_avg:156.92ms
step:1500/4740 train_time:235537ms step_avg:157.02ms
step:1500/4740 val_loss:3.3030 train_time:235667ms step_avg:157.11ms
step:1501/4740 train_time:235723ms step_avg:157.04ms
step:1502/4740 train_time:236050ms step_avg:157.16ms
step:1503/4740 train_time:236226ms step_avg:157.17ms
step:1504/4740 train_time:236541ms step_avg:157.27ms
step:1505/4740 train_time:236721ms step_avg:157.29ms
step:1506/4740 train_time:237045ms step_avg:157.40ms
step:1507/4740 train_time:237223ms step_avg:157.41ms
step:1508/4740 train_time:237542ms step_avg:157.52ms
step:1509/4740 train_time:237720ms step_avg:157.54ms
step:1510/4740 train_time:238041ms step_avg:157.64ms
step:1511/4740 train_time:238225ms step_avg:157.66ms
step:1512/4740 train_time:238545ms step_avg:157.77ms
step:1513/4740 train_time:238722ms step_avg:157.78ms
step:1514/4740 train_time:239042ms step_avg:157.89ms
step:1515/4740 train_time:239223ms step_avg:157.90ms
step:1516/4740 train_time:239544ms step_avg:158.01ms
step:1517/4740 train_time:239721ms step_avg:158.02ms
step:1518/4740 train_time:240040ms step_avg:158.13ms
step:1519/4740 train_time:240221ms step_avg:158.14ms
step:1520/4740 train_time:240539ms step_avg:158.25ms
step:1521/4740 train_time:240720ms step_avg:158.26ms
step:1522/4740 train_time:241038ms step_avg:158.37ms
step:1523/4740 train_time:241220ms step_avg:158.38ms
step:1524/4740 train_time:241540ms step_avg:158.49ms
step:1525/4740 train_time:241719ms step_avg:158.50ms
step:1526/4740 train_time:242039ms step_avg:158.61ms
step:1527/4740 train_time:242216ms step_avg:158.62ms
step:1528/4740 train_time:242534ms step_avg:158.73ms
step:1529/4740 train_time:242717ms step_avg:158.74ms
step:1530/4740 train_time:243037ms step_avg:158.85ms
step:1531/4740 train_time:243216ms step_avg:158.86ms
step:1532/4740 train_time:243535ms step_avg:158.97ms
step:1533/4740 train_time:243716ms step_avg:158.98ms
step:1534/4740 train_time:244037ms step_avg:159.09ms
step:1535/4740 train_time:244216ms step_avg:159.10ms
step:1536/4740 train_time:244535ms step_avg:159.20ms
step:1537/4740 train_time:244715ms step_avg:159.22ms
step:1538/4740 train_time:245032ms step_avg:159.32ms
step:1539/4740 train_time:245214ms step_avg:159.33ms
step:1540/4740 train_time:245533ms step_avg:159.44ms
step:1541/4740 train_time:245716ms step_avg:159.45ms
step:1542/4740 train_time:246033ms step_avg:159.55ms
step:1543/4740 train_time:246213ms step_avg:159.57ms
step:1544/4740 train_time:246530ms step_avg:159.67ms
step:1545/4740 train_time:246710ms step_avg:159.68ms
step:1546/4740 train_time:247029ms step_avg:159.79ms
step:1547/4740 train_time:247207ms step_avg:159.80ms
step:1548/4740 train_time:247528ms step_avg:159.90ms
step:1549/4740 train_time:247708ms step_avg:159.92ms
step:1550/4740 train_time:248029ms step_avg:160.02ms
step:1551/4740 train_time:248206ms step_avg:160.03ms
step:1552/4740 train_time:248529ms step_avg:160.13ms
step:1553/4740 train_time:248705ms step_avg:160.15ms
step:1554/4740 train_time:249028ms step_avg:160.25ms
step:1555/4740 train_time:249204ms step_avg:160.26ms
step:1556/4740 train_time:249526ms step_avg:160.36ms
step:1557/4740 train_time:249703ms step_avg:160.37ms
step:1558/4740 train_time:250026ms step_avg:160.48ms
step:1559/4740 train_time:250201ms step_avg:160.49ms
step:1560/4740 train_time:250518ms step_avg:160.59ms
step:1561/4740 train_time:250698ms step_avg:160.60ms
step:1562/4740 train_time:251017ms step_avg:160.70ms
step:1563/4740 train_time:251199ms step_avg:160.72ms
step:1564/4740 train_time:251516ms step_avg:160.82ms
step:1565/4740 train_time:251699ms step_avg:160.83ms
step:1566/4740 train_time:252018ms step_avg:160.93ms
step:1567/4740 train_time:252201ms step_avg:160.94ms
step:1568/4740 train_time:252520ms step_avg:161.05ms
step:1569/4740 train_time:252701ms step_avg:161.06ms
step:1570/4740 train_time:253020ms step_avg:161.16ms
step:1571/4740 train_time:253202ms step_avg:161.17ms
step:1572/4740 train_time:253524ms step_avg:161.27ms
step:1573/4740 train_time:253702ms step_avg:161.29ms
step:1574/4740 train_time:254022ms step_avg:161.39ms
step:1575/4740 train_time:254203ms step_avg:161.40ms
step:1576/4740 train_time:254527ms step_avg:161.50ms
step:1577/4740 train_time:254703ms step_avg:161.51ms
step:1578/4740 train_time:255025ms step_avg:161.61ms
step:1579/4740 train_time:255203ms step_avg:161.62ms
step:1580/4740 train_time:255525ms step_avg:161.72ms
step:1581/4740 train_time:255705ms step_avg:161.74ms
step:1582/4740 train_time:256029ms step_avg:161.84ms
step:1583/4740 train_time:256206ms step_avg:161.85ms
step:1584/4740 train_time:256529ms step_avg:161.95ms
step:1585/4740 train_time:256708ms step_avg:161.96ms
step:1586/4740 train_time:257031ms step_avg:162.06ms
step:1587/4740 train_time:257207ms step_avg:162.07ms
step:1588/4740 train_time:257529ms step_avg:162.17ms
step:1589/4740 train_time:257709ms step_avg:162.18ms
step:1590/4740 train_time:258031ms step_avg:162.28ms
step:1591/4740 train_time:258208ms step_avg:162.29ms
step:1592/4740 train_time:258529ms step_avg:162.39ms
step:1593/4740 train_time:258712ms step_avg:162.41ms
step:1594/4740 train_time:259036ms step_avg:162.51ms
step:1595/4740 train_time:259211ms step_avg:162.52ms
step:1596/4740 train_time:259533ms step_avg:162.61ms
step:1597/4740 train_time:259713ms step_avg:162.63ms
step:1598/4740 train_time:260032ms step_avg:162.72ms
step:1599/4740 train_time:260213ms step_avg:162.73ms
step:1600/4740 train_time:260535ms step_avg:162.83ms
step:1601/4740 train_time:260713ms step_avg:162.84ms
step:1602/4740 train_time:261034ms step_avg:162.94ms
step:1603/4740 train_time:261217ms step_avg:162.95ms
step:1604/4740 train_time:261537ms step_avg:163.05ms
step:1605/4740 train_time:261718ms step_avg:163.06ms
step:1606/4740 train_time:262038ms step_avg:163.16ms
step:1607/4740 train_time:262222ms step_avg:163.17ms
step:1608/4740 train_time:262542ms step_avg:163.27ms
step:1609/4740 train_time:262726ms step_avg:163.29ms
step:1610/4740 train_time:263044ms step_avg:163.38ms
step:1611/4740 train_time:263224ms step_avg:163.39ms
step:1612/4740 train_time:263540ms step_avg:163.49ms
step:1613/4740 train_time:263722ms step_avg:163.50ms
step:1614/4740 train_time:264043ms step_avg:163.60ms
step:1615/4740 train_time:264226ms step_avg:163.61ms
step:1616/4740 train_time:264546ms step_avg:163.70ms
step:1617/4740 train_time:264724ms step_avg:163.71ms
step:1618/4740 train_time:265045ms step_avg:163.81ms
step:1619/4740 train_time:265225ms step_avg:163.82ms
step:1620/4740 train_time:265547ms step_avg:163.92ms
step:1621/4740 train_time:265728ms step_avg:163.93ms
step:1622/4740 train_time:266046ms step_avg:164.02ms
step:1623/4740 train_time:266227ms step_avg:164.03ms
step:1624/4740 train_time:266546ms step_avg:164.13ms
step:1625/4740 train_time:266726ms step_avg:164.14ms
step:1626/4740 train_time:267046ms step_avg:164.24ms
step:1627/4740 train_time:267229ms step_avg:164.25ms
step:1628/4740 train_time:267546ms step_avg:164.34ms
step:1629/4740 train_time:267727ms step_avg:164.35ms
step:1630/4740 train_time:268047ms step_avg:164.45ms
step:1631/4740 train_time:268228ms step_avg:164.46ms
step:1632/4740 train_time:268548ms step_avg:164.55ms
step:1633/4740 train_time:268727ms step_avg:164.56ms
step:1634/4740 train_time:269049ms step_avg:164.66ms
step:1635/4740 train_time:269229ms step_avg:164.67ms
step:1636/4740 train_time:269549ms step_avg:164.76ms
step:1637/4740 train_time:269727ms step_avg:164.77ms
step:1638/4740 train_time:270050ms step_avg:164.87ms
step:1639/4740 train_time:270228ms step_avg:164.87ms
step:1640/4740 train_time:270548ms step_avg:164.97ms
step:1641/4740 train_time:270727ms step_avg:164.98ms
step:1642/4740 train_time:271047ms step_avg:165.07ms
step:1643/4740 train_time:271226ms step_avg:165.08ms
step:1644/4740 train_time:271545ms step_avg:165.17ms
step:1645/4740 train_time:271728ms step_avg:165.18ms
step:1646/4740 train_time:272049ms step_avg:165.28ms
step:1647/4740 train_time:272229ms step_avg:165.29ms
step:1648/4740 train_time:272547ms step_avg:165.38ms
step:1649/4740 train_time:272731ms step_avg:165.39ms
step:1650/4740 train_time:273047ms step_avg:165.48ms
step:1651/4740 train_time:273228ms step_avg:165.49ms
step:1652/4740 train_time:273545ms step_avg:165.58ms
step:1653/4740 train_time:273729ms step_avg:165.60ms
step:1654/4740 train_time:274047ms step_avg:165.69ms
step:1655/4740 train_time:274227ms step_avg:165.70ms
step:1656/4740 train_time:274546ms step_avg:165.79ms
step:1657/4740 train_time:274732ms step_avg:165.80ms
step:1658/4740 train_time:275053ms step_avg:165.89ms
step:1659/4740 train_time:275234ms step_avg:165.90ms
step:1660/4740 train_time:275555ms step_avg:166.00ms
step:1661/4740 train_time:275739ms step_avg:166.01ms
step:1662/4740 train_time:276055ms step_avg:166.10ms
step:1663/4740 train_time:276241ms step_avg:166.11ms
step:1664/4740 train_time:276560ms step_avg:166.20ms
step:1665/4740 train_time:276742ms step_avg:166.21ms
step:1666/4740 train_time:277063ms step_avg:166.30ms
step:1667/4740 train_time:277245ms step_avg:166.31ms
step:1668/4740 train_time:277566ms step_avg:166.41ms
step:1669/4740 train_time:277746ms step_avg:166.41ms
step:1670/4740 train_time:278066ms step_avg:166.51ms
step:1671/4740 train_time:278249ms step_avg:166.52ms
step:1672/4740 train_time:278570ms step_avg:166.61ms
step:1673/4740 train_time:278753ms step_avg:166.62ms
step:1674/4740 train_time:279070ms step_avg:166.71ms
step:1675/4740 train_time:279255ms step_avg:166.72ms
step:1676/4740 train_time:279576ms step_avg:166.81ms
step:1677/4740 train_time:279759ms step_avg:166.82ms
step:1678/4740 train_time:280078ms step_avg:166.91ms
step:1679/4740 train_time:280258ms step_avg:166.92ms
step:1680/4740 train_time:280579ms step_avg:167.01ms
step:1681/4740 train_time:280761ms step_avg:167.02ms
step:1682/4740 train_time:281084ms step_avg:167.11ms
step:1683/4740 train_time:281264ms step_avg:167.12ms
step:1684/4740 train_time:281585ms step_avg:167.21ms
step:1685/4740 train_time:281768ms step_avg:167.22ms
step:1686/4740 train_time:282088ms step_avg:167.31ms
step:1687/4740 train_time:282269ms step_avg:167.32ms
step:1688/4740 train_time:282590ms step_avg:167.41ms
step:1689/4740 train_time:282773ms step_avg:167.42ms
step:1690/4740 train_time:283095ms step_avg:167.51ms
step:1691/4740 train_time:283272ms step_avg:167.52ms
step:1692/4740 train_time:283592ms step_avg:167.61ms
step:1693/4740 train_time:283775ms step_avg:167.62ms
step:1694/4740 train_time:284095ms step_avg:167.71ms
step:1695/4740 train_time:284276ms step_avg:167.71ms
step:1696/4740 train_time:284595ms step_avg:167.80ms
step:1697/4740 train_time:284777ms step_avg:167.81ms
step:1698/4740 train_time:285097ms step_avg:167.90ms
step:1699/4740 train_time:285279ms step_avg:167.91ms
step:1700/4740 train_time:285598ms step_avg:168.00ms
step:1701/4740 train_time:285779ms step_avg:168.01ms
step:1702/4740 train_time:286100ms step_avg:168.10ms
step:1703/4740 train_time:286279ms step_avg:168.10ms
step:1704/4740 train_time:286598ms step_avg:168.19ms
step:1705/4740 train_time:286778ms step_avg:168.20ms
step:1706/4740 train_time:287099ms step_avg:168.29ms
step:1707/4740 train_time:287280ms step_avg:168.30ms
step:1708/4740 train_time:287598ms step_avg:168.38ms
step:1709/4740 train_time:287776ms step_avg:168.39ms
step:1710/4740 train_time:288099ms step_avg:168.48ms
step:1711/4740 train_time:288279ms step_avg:168.49ms
step:1712/4740 train_time:288600ms step_avg:168.57ms
step:1713/4740 train_time:288781ms step_avg:168.58ms
step:1714/4740 train_time:289104ms step_avg:168.67ms
step:1715/4740 train_time:289284ms step_avg:168.68ms
step:1716/4740 train_time:289602ms step_avg:168.77ms
step:1717/4740 train_time:289782ms step_avg:168.77ms
step:1718/4740 train_time:290105ms step_avg:168.86ms
step:1719/4740 train_time:290282ms step_avg:168.87ms
step:1720/4740 train_time:290604ms step_avg:168.96ms
step:1721/4740 train_time:290782ms step_avg:168.96ms
step:1722/4740 train_time:291106ms step_avg:169.05ms
step:1723/4740 train_time:291286ms step_avg:169.06ms
step:1724/4740 train_time:291604ms step_avg:169.14ms
step:1725/4740 train_time:291784ms step_avg:169.15ms
step:1726/4740 train_time:292105ms step_avg:169.24ms
step:1727/4740 train_time:292284ms step_avg:169.24ms
step:1728/4740 train_time:292606ms step_avg:169.33ms
step:1729/4740 train_time:292784ms step_avg:169.34ms
step:1730/4740 train_time:293107ms step_avg:169.43ms
step:1731/4740 train_time:293287ms step_avg:169.43ms
step:1732/4740 train_time:293608ms step_avg:169.52ms
step:1733/4740 train_time:293786ms step_avg:169.52ms
step:1734/4740 train_time:294107ms step_avg:169.61ms
step:1735/4740 train_time:294288ms step_avg:169.62ms
step:1736/4740 train_time:294607ms step_avg:169.70ms
step:1737/4740 train_time:294788ms step_avg:169.71ms
step:1738/4740 train_time:295108ms step_avg:169.80ms
step:1739/4740 train_time:295290ms step_avg:169.80ms
step:1740/4740 train_time:295609ms step_avg:169.89ms
step:1741/4740 train_time:295789ms step_avg:169.90ms
step:1742/4740 train_time:296108ms step_avg:169.98ms
step:1743/4740 train_time:296292ms step_avg:169.99ms
step:1744/4740 train_time:296609ms step_avg:170.07ms
step:1745/4740 train_time:296791ms step_avg:170.08ms
step:1746/4740 train_time:297108ms step_avg:170.17ms
step:1747/4740 train_time:297294ms step_avg:170.17ms
step:1748/4740 train_time:297613ms step_avg:170.26ms
step:1749/4740 train_time:297793ms step_avg:170.26ms
step:1750/4740 train_time:298112ms step_avg:170.35ms
step:1750/4740 val_loss:3.2417 train_time:298240ms step_avg:170.42ms
step:1751/4740 train_time:298296ms step_avg:170.36ms
step:1752/4740 train_time:298624ms step_avg:170.45ms
step:1753/4740 train_time:298805ms step_avg:170.45ms
step:1754/4740 train_time:299122ms step_avg:170.54ms
step:1755/4740 train_time:299302ms step_avg:170.54ms
step:1756/4740 train_time:299626ms step_avg:170.63ms
step:1757/4740 train_time:299809ms step_avg:170.64ms
step:1758/4740 train_time:300126ms step_avg:170.72ms
step:1759/4740 train_time:300305ms step_avg:170.72ms
step:1760/4740 train_time:300628ms step_avg:170.81ms
step:1761/4740 train_time:300812ms step_avg:170.82ms
step:1762/4740 train_time:301133ms step_avg:170.90ms
step:1763/4740 train_time:301309ms step_avg:170.91ms
step:1764/4740 train_time:301632ms step_avg:170.99ms
step:1765/4740 train_time:301812ms step_avg:171.00ms
step:1766/4740 train_time:302133ms step_avg:171.08ms
step:1767/4740 train_time:302310ms step_avg:171.09ms
step:1768/4740 train_time:302633ms step_avg:171.17ms
step:1769/4740 train_time:302812ms step_avg:171.18ms
step:1770/4740 train_time:303134ms step_avg:171.26ms
step:1771/4740 train_time:303311ms step_avg:171.27ms
step:1772/4740 train_time:303633ms step_avg:171.35ms
step:1773/4740 train_time:303814ms step_avg:171.36ms
step:1774/4740 train_time:304135ms step_avg:171.44ms
step:1775/4740 train_time:304313ms step_avg:171.44ms
step:1776/4740 train_time:304634ms step_avg:171.53ms
step:1777/4740 train_time:304816ms step_avg:171.53ms
step:1778/4740 train_time:305136ms step_avg:171.62ms
step:1779/4740 train_time:305319ms step_avg:171.62ms
step:1780/4740 train_time:305637ms step_avg:171.71ms
step:1781/4740 train_time:305818ms step_avg:171.71ms
step:1782/4740 train_time:306136ms step_avg:171.79ms
step:1783/4740 train_time:306316ms step_avg:171.80ms
step:1784/4740 train_time:306638ms step_avg:171.88ms
step:1785/4740 train_time:306820ms step_avg:171.89ms
step:1786/4740 train_time:307140ms step_avg:171.97ms
step:1787/4740 train_time:307319ms step_avg:171.97ms
step:1788/4740 train_time:307640ms step_avg:172.06ms
step:1789/4740 train_time:307824ms step_avg:172.06ms
step:1790/4740 train_time:308142ms step_avg:172.15ms
step:1791/4740 train_time:308323ms step_avg:172.15ms
step:1792/4740 train_time:308642ms step_avg:172.23ms
step:1793/4740 train_time:308825ms step_avg:172.24ms
step:1794/4740 train_time:309145ms step_avg:172.32ms
step:1795/4740 train_time:309325ms step_avg:172.33ms
step:1796/4740 train_time:309645ms step_avg:172.41ms
step:1797/4740 train_time:309826ms step_avg:172.41ms
step:1798/4740 train_time:310146ms step_avg:172.50ms
step:1799/4740 train_time:310328ms step_avg:172.50ms
step:1800/4740 train_time:310646ms step_avg:172.58ms
step:1801/4740 train_time:310828ms step_avg:172.59ms
step:1802/4740 train_time:311148ms step_avg:172.67ms
step:1803/4740 train_time:311330ms step_avg:172.67ms
step:1804/4740 train_time:311651ms step_avg:172.76ms
step:1805/4740 train_time:311831ms step_avg:172.76ms
step:1806/4740 train_time:312153ms step_avg:172.84ms
step:1807/4740 train_time:312334ms step_avg:172.85ms
step:1808/4740 train_time:312654ms step_avg:172.93ms
step:1809/4740 train_time:312836ms step_avg:172.93ms
step:1810/4740 train_time:313158ms step_avg:173.02ms
step:1811/4740 train_time:313337ms step_avg:173.02ms
step:1812/4740 train_time:313658ms step_avg:173.10ms
step:1813/4740 train_time:313836ms step_avg:173.10ms
step:1814/4740 train_time:314158ms step_avg:173.19ms
step:1815/4740 train_time:314336ms step_avg:173.19ms
step:1816/4740 train_time:314658ms step_avg:173.27ms
step:1817/4740 train_time:314839ms step_avg:173.27ms
step:1818/4740 train_time:315162ms step_avg:173.36ms
step:1819/4740 train_time:315339ms step_avg:173.36ms
step:1820/4740 train_time:315661ms step_avg:173.44ms
step:1821/4740 train_time:315840ms step_avg:173.44ms
step:1822/4740 train_time:316163ms step_avg:173.53ms
step:1823/4740 train_time:316341ms step_avg:173.53ms
step:1824/4740 train_time:316657ms step_avg:173.61ms
step:1825/4740 train_time:316840ms step_avg:173.61ms
step:1826/4740 train_time:317162ms step_avg:173.69ms
step:1827/4740 train_time:317343ms step_avg:173.70ms
step:1828/4740 train_time:317663ms step_avg:173.78ms
step:1829/4740 train_time:317841ms step_avg:173.78ms
step:1830/4740 train_time:318164ms step_avg:173.86ms
step:1831/4740 train_time:318344ms step_avg:173.86ms
step:1832/4740 train_time:318666ms step_avg:173.94ms
step:1833/4740 train_time:318845ms step_avg:173.95ms
step:1834/4740 train_time:319166ms step_avg:174.03ms
step:1835/4740 train_time:319346ms step_avg:174.03ms
step:1836/4740 train_time:319666ms step_avg:174.11ms
step:1837/4740 train_time:319845ms step_avg:174.11ms
step:1838/4740 train_time:320165ms step_avg:174.19ms
step:1839/4740 train_time:320349ms step_avg:174.20ms
step:1840/4740 train_time:320667ms step_avg:174.28ms
step:1841/4740 train_time:320851ms step_avg:174.28ms
step:1842/4740 train_time:321168ms step_avg:174.36ms
step:1843/4740 train_time:321354ms step_avg:174.36ms
step:1844/4740 train_time:321672ms step_avg:174.44ms
step:1845/4740 train_time:321851ms step_avg:174.44ms
step:1846/4740 train_time:322171ms step_avg:174.52ms
step:1847/4740 train_time:322355ms step_avg:174.53ms
step:1848/4740 train_time:322673ms step_avg:174.61ms
step:1849/4740 train_time:322856ms step_avg:174.61ms
step:1850/4740 train_time:323174ms step_avg:174.69ms
step:1851/4740 train_time:323354ms step_avg:174.69ms
step:1852/4740 train_time:323674ms step_avg:174.77ms
step:1853/4740 train_time:323852ms step_avg:174.77ms
step:1854/4740 train_time:324173ms step_avg:174.85ms
step:1855/4740 train_time:324354ms step_avg:174.85ms
step:1856/4740 train_time:324672ms step_avg:174.93ms
step:1857/4740 train_time:324851ms step_avg:174.93ms
step:1858/4740 train_time:325172ms step_avg:175.01ms
step:1859/4740 train_time:325353ms step_avg:175.01ms
step:1860/4740 train_time:325671ms step_avg:175.09ms
step:1861/4740 train_time:325851ms step_avg:175.09ms
step:1862/4740 train_time:326173ms step_avg:175.17ms
step:1863/4740 train_time:326352ms step_avg:175.18ms
step:1864/4740 train_time:326668ms step_avg:175.25ms
step:1865/4740 train_time:326852ms step_avg:175.26ms
step:1866/4740 train_time:327173ms step_avg:175.33ms
step:1867/4740 train_time:327351ms step_avg:175.34ms
step:1868/4740 train_time:327671ms step_avg:175.41ms
step:1869/4740 train_time:327850ms step_avg:175.41ms
step:1870/4740 train_time:328171ms step_avg:175.49ms
step:1871/4740 train_time:328353ms step_avg:175.50ms
step:1872/4740 train_time:328673ms step_avg:175.57ms
step:1873/4740 train_time:328851ms step_avg:175.57ms
step:1874/4740 train_time:329169ms step_avg:175.65ms
step:1875/4740 train_time:329351ms step_avg:175.65ms
step:1876/4740 train_time:329675ms step_avg:175.73ms
step:1877/4740 train_time:329855ms step_avg:175.74ms
step:1878/4740 train_time:330172ms step_avg:175.81ms
step:1879/4740 train_time:330355ms step_avg:175.81ms
step:1880/4740 train_time:330674ms step_avg:175.89ms
step:1881/4740 train_time:330854ms step_avg:175.89ms
step:1882/4740 train_time:331175ms step_avg:175.97ms
step:1883/4740 train_time:331352ms step_avg:175.97ms
step:1884/4740 train_time:331672ms step_avg:176.05ms
step:1885/4740 train_time:331851ms step_avg:176.05ms
step:1886/4740 train_time:332171ms step_avg:176.12ms
step:1887/4740 train_time:332352ms step_avg:176.13ms
step:1888/4740 train_time:332671ms step_avg:176.20ms
step:1889/4740 train_time:332849ms step_avg:176.20ms
step:1890/4740 train_time:333168ms step_avg:176.28ms
step:1891/4740 train_time:333349ms step_avg:176.28ms
step:1892/4740 train_time:333671ms step_avg:176.36ms
step:1893/4740 train_time:333856ms step_avg:176.36ms
step:1894/4740 train_time:334176ms step_avg:176.44ms
step:1895/4740 train_time:334353ms step_avg:176.44ms
step:1896/4740 train_time:334675ms step_avg:176.52ms
step:1897/4740 train_time:334852ms step_avg:176.52ms
step:1898/4740 train_time:335174ms step_avg:176.59ms
step:1899/4740 train_time:335355ms step_avg:176.60ms
step:1900/4740 train_time:335673ms step_avg:176.67ms
step:1901/4740 train_time:335854ms step_avg:176.67ms
step:1902/4740 train_time:336175ms step_avg:176.75ms
step:1903/4740 train_time:336355ms step_avg:176.75ms
step:1904/4740 train_time:336678ms step_avg:176.83ms
step:1905/4740 train_time:336855ms step_avg:176.83ms
step:1906/4740 train_time:337174ms step_avg:176.90ms
step:1907/4740 train_time:337358ms step_avg:176.91ms
step:1908/4740 train_time:337678ms step_avg:176.98ms
step:1909/4740 train_time:337862ms step_avg:176.98ms
step:1910/4740 train_time:338183ms step_avg:177.06ms
step:1911/4740 train_time:338368ms step_avg:177.06ms
step:1912/4740 train_time:338689ms step_avg:177.14ms
step:1913/4740 train_time:338871ms step_avg:177.14ms
step:1914/4740 train_time:339189ms step_avg:177.21ms
step:1915/4740 train_time:339371ms step_avg:177.22ms
step:1916/4740 train_time:339691ms step_avg:177.29ms
step:1917/4740 train_time:339872ms step_avg:177.29ms
step:1918/4740 train_time:340194ms step_avg:177.37ms
step:1919/4740 train_time:340371ms step_avg:177.37ms
step:1920/4740 train_time:340692ms step_avg:177.44ms
step:1921/4740 train_time:340873ms step_avg:177.45ms
step:1922/4740 train_time:341197ms step_avg:177.52ms
step:1923/4740 train_time:341377ms step_avg:177.52ms
step:1924/4740 train_time:341698ms step_avg:177.60ms
step:1925/4740 train_time:341879ms step_avg:177.60ms
step:1926/4740 train_time:342203ms step_avg:177.68ms
step:1927/4740 train_time:342385ms step_avg:177.68ms
step:1928/4740 train_time:342703ms step_avg:177.75ms
step:1929/4740 train_time:342885ms step_avg:177.75ms
step:1930/4740 train_time:343202ms step_avg:177.82ms
step:1931/4740 train_time:343385ms step_avg:177.83ms
step:1932/4740 train_time:343704ms step_avg:177.90ms
step:1933/4740 train_time:343885ms step_avg:177.90ms
step:1934/4740 train_time:344205ms step_avg:177.98ms
step:1935/4740 train_time:344386ms step_avg:177.98ms
step:1936/4740 train_time:344706ms step_avg:178.05ms
step:1937/4740 train_time:344885ms step_avg:178.05ms
step:1938/4740 train_time:345205ms step_avg:178.12ms
step:1939/4740 train_time:345387ms step_avg:178.13ms
step:1940/4740 train_time:345705ms step_avg:178.20ms
step:1941/4740 train_time:345887ms step_avg:178.20ms
step:1942/4740 train_time:346208ms step_avg:178.27ms
step:1943/4740 train_time:346391ms step_avg:178.28ms
step:1944/4740 train_time:346708ms step_avg:178.35ms
step:1945/4740 train_time:346888ms step_avg:178.35ms
step:1946/4740 train_time:347206ms step_avg:178.42ms
step:1947/4740 train_time:347389ms step_avg:178.42ms
step:1948/4740 train_time:347711ms step_avg:178.50ms
step:1949/4740 train_time:347890ms step_avg:178.50ms
step:1950/4740 train_time:348208ms step_avg:178.57ms
step:1951/4740 train_time:348390ms step_avg:178.57ms
step:1952/4740 train_time:348711ms step_avg:178.64ms
step:1953/4740 train_time:348893ms step_avg:178.64ms
step:1954/4740 train_time:349214ms step_avg:178.72ms
step:1955/4740 train_time:349398ms step_avg:178.72ms
step:1956/4740 train_time:349717ms step_avg:178.79ms
step:1957/4740 train_time:349898ms step_avg:178.79ms
step:1958/4740 train_time:350217ms step_avg:178.86ms
step:1959/4740 train_time:350398ms step_avg:178.87ms
step:1960/4740 train_time:350720ms step_avg:178.94ms
step:1961/4740 train_time:350902ms step_avg:178.94ms
step:1962/4740 train_time:351225ms step_avg:179.01ms
step:1963/4740 train_time:351404ms step_avg:179.01ms
step:1964/4740 train_time:351726ms step_avg:179.09ms
step:1965/4740 train_time:351908ms step_avg:179.09ms
step:1966/4740 train_time:352231ms step_avg:179.16ms
step:1967/4740 train_time:352410ms step_avg:179.16ms
step:1968/4740 train_time:352736ms step_avg:179.24ms
step:1969/4740 train_time:352913ms step_avg:179.23ms
step:1970/4740 train_time:353233ms step_avg:179.31ms
step:1971/4740 train_time:353413ms step_avg:179.31ms
step:1972/4740 train_time:353736ms step_avg:179.38ms
step:1973/4740 train_time:353913ms step_avg:179.38ms
step:1974/4740 train_time:354233ms step_avg:179.45ms
step:1975/4740 train_time:354413ms step_avg:179.45ms
step:1976/4740 train_time:354736ms step_avg:179.52ms
step:1977/4740 train_time:354914ms step_avg:179.52ms
step:1978/4740 train_time:355234ms step_avg:179.59ms
step:1979/4740 train_time:355416ms step_avg:179.59ms
step:1980/4740 train_time:355737ms step_avg:179.66ms
step:1981/4740 train_time:355920ms step_avg:179.67ms
step:1982/4740 train_time:356243ms step_avg:179.74ms
step:1983/4740 train_time:356425ms step_avg:179.74ms
step:1984/4740 train_time:356744ms step_avg:179.81ms
step:1985/4740 train_time:356928ms step_avg:179.81ms
step:1986/4740 train_time:357251ms step_avg:179.88ms
step:1987/4740 train_time:357434ms step_avg:179.89ms
step:1988/4740 train_time:357756ms step_avg:179.96ms
step:1989/4740 train_time:357938ms step_avg:179.96ms
step:1990/4740 train_time:358258ms step_avg:180.03ms
step:1991/4740 train_time:358441ms step_avg:180.03ms
step:1992/4740 train_time:358762ms step_avg:180.10ms
step:1993/4740 train_time:358944ms step_avg:180.10ms
step:1994/4740 train_time:359263ms step_avg:180.17ms
step:1995/4740 train_time:359443ms step_avg:180.17ms
step:1996/4740 train_time:359767ms step_avg:180.24ms
step:1997/4740 train_time:359952ms step_avg:180.25ms
step:1998/4740 train_time:360270ms step_avg:180.32ms
step:1999/4740 train_time:360454ms step_avg:180.32ms
step:2000/4740 train_time:360775ms step_avg:180.39ms
step:2000/4740 val_loss:3.2081 train_time:360903ms step_avg:180.45ms
step:2001/4740 train_time:360959ms step_avg:180.39ms
step:2002/4740 train_time:361287ms step_avg:180.46ms
step:2003/4740 train_time:361467ms step_avg:180.46ms
step:2004/4740 train_time:361781ms step_avg:180.53ms
step:2005/4740 train_time:361958ms step_avg:180.53ms
step:2006/4740 train_time:362288ms step_avg:180.60ms
step:2007/4740 train_time:362471ms step_avg:180.60ms
step:2008/4740 train_time:362790ms step_avg:180.67ms
step:2009/4740 train_time:362968ms step_avg:180.67ms
step:2010/4740 train_time:363295ms step_avg:180.74ms
step:2011/4740 train_time:363478ms step_avg:180.75ms
step:2012/4740 train_time:363797ms step_avg:180.81ms
step:2013/4740 train_time:363980ms step_avg:180.81ms
step:2014/4740 train_time:364302ms step_avg:180.88ms
step:2015/4740 train_time:364488ms step_avg:180.89ms
step:2016/4740 train_time:364810ms step_avg:180.96ms
step:2017/4740 train_time:364991ms step_avg:180.96ms
step:2018/4740 train_time:365312ms step_avg:181.03ms
step:2019/4740 train_time:365494ms step_avg:181.03ms
step:2020/4740 train_time:365817ms step_avg:181.10ms
step:2021/4740 train_time:365995ms step_avg:181.10ms
step:2022/4740 train_time:366314ms step_avg:181.16ms
step:2023/4740 train_time:366498ms step_avg:181.17ms
step:2024/4740 train_time:366821ms step_avg:181.24ms
step:2025/4740 train_time:367000ms step_avg:181.23ms
step:2026/4740 train_time:367321ms step_avg:181.30ms
step:2027/4740 train_time:367502ms step_avg:181.30ms
step:2028/4740 train_time:367824ms step_avg:181.37ms
step:2029/4740 train_time:368002ms step_avg:181.37ms
step:2030/4740 train_time:368322ms step_avg:181.44ms
step:2031/4740 train_time:368508ms step_avg:181.44ms
step:2032/4740 train_time:368829ms step_avg:181.51ms
step:2033/4740 train_time:369008ms step_avg:181.51ms
step:2034/4740 train_time:369329ms step_avg:181.58ms
step:2035/4740 train_time:369510ms step_avg:181.58ms
step:2036/4740 train_time:369832ms step_avg:181.65ms
step:2037/4740 train_time:370012ms step_avg:181.65ms
step:2038/4740 train_time:370333ms step_avg:181.71ms
step:2039/4740 train_time:370515ms step_avg:181.71ms
step:2040/4740 train_time:370840ms step_avg:181.78ms
step:2041/4740 train_time:371016ms step_avg:181.78ms
step:2042/4740 train_time:371337ms step_avg:181.85ms
step:2043/4740 train_time:371517ms step_avg:181.85ms
step:2044/4740 train_time:371841ms step_avg:181.92ms
step:2045/4740 train_time:372017ms step_avg:181.92ms
step:2046/4740 train_time:372340ms step_avg:181.98ms
step:2047/4740 train_time:372522ms step_avg:181.98ms
step:2048/4740 train_time:372843ms step_avg:182.05ms
step:2049/4740 train_time:373023ms step_avg:182.05ms
step:2050/4740 train_time:373347ms step_avg:182.12ms
step:2051/4740 train_time:373529ms step_avg:182.12ms
step:2052/4740 train_time:373851ms step_avg:182.19ms
step:2053/4740 train_time:374034ms step_avg:182.19ms
step:2054/4740 train_time:374356ms step_avg:182.26ms
step:2055/4740 train_time:374536ms step_avg:182.26ms
step:2056/4740 train_time:374858ms step_avg:182.32ms
step:2057/4740 train_time:375038ms step_avg:182.32ms
step:2058/4740 train_time:375359ms step_avg:182.39ms
step:2059/4740 train_time:375542ms step_avg:182.39ms
step:2060/4740 train_time:375861ms step_avg:182.46ms
step:2061/4740 train_time:376044ms step_avg:182.46ms
step:2062/4740 train_time:376366ms step_avg:182.52ms
step:2063/4740 train_time:376549ms step_avg:182.52ms
step:2064/4740 train_time:376872ms step_avg:182.59ms
step:2065/4740 train_time:377054ms step_avg:182.59ms
step:2066/4740 train_time:377373ms step_avg:182.66ms
step:2067/4740 train_time:377553ms step_avg:182.66ms
step:2068/4740 train_time:377872ms step_avg:182.72ms
step:2069/4740 train_time:378056ms step_avg:182.72ms
step:2070/4740 train_time:378374ms step_avg:182.79ms
step:2071/4740 train_time:378557ms step_avg:182.79ms
step:2072/4740 train_time:378881ms step_avg:182.86ms
step:2073/4740 train_time:379062ms step_avg:182.86ms
step:2074/4740 train_time:379381ms step_avg:182.92ms
step:2075/4740 train_time:379569ms step_avg:182.93ms
step:2076/4740 train_time:379890ms step_avg:182.99ms
step:2077/4740 train_time:380067ms step_avg:182.99ms
step:2078/4740 train_time:380387ms step_avg:183.05ms
step:2079/4740 train_time:380570ms step_avg:183.05ms
step:2080/4740 train_time:380888ms step_avg:183.12ms
step:2081/4740 train_time:381069ms step_avg:183.12ms
step:2082/4740 train_time:381389ms step_avg:183.18ms
step:2083/4740 train_time:381571ms step_avg:183.18ms
step:2084/4740 train_time:381890ms step_avg:183.25ms
step:2085/4740 train_time:382071ms step_avg:183.25ms
step:2086/4740 train_time:382389ms step_avg:183.31ms
step:2087/4740 train_time:382574ms step_avg:183.31ms
step:2088/4740 train_time:382894ms step_avg:183.38ms
step:2089/4740 train_time:383075ms step_avg:183.38ms
step:2090/4740 train_time:383394ms step_avg:183.44ms
step:2091/4740 train_time:383578ms step_avg:183.44ms
step:2092/4740 train_time:383899ms step_avg:183.51ms
step:2093/4740 train_time:384080ms step_avg:183.51ms
step:2094/4740 train_time:384403ms step_avg:183.57ms
step:2095/4740 train_time:384587ms step_avg:183.57ms
step:2096/4740 train_time:384908ms step_avg:183.64ms
step:2097/4740 train_time:385089ms step_avg:183.64ms
step:2098/4740 train_time:385409ms step_avg:183.70ms
step:2099/4740 train_time:385595ms step_avg:183.70ms
step:2100/4740 train_time:385916ms step_avg:183.77ms
step:2101/4740 train_time:386099ms step_avg:183.77ms
step:2102/4740 train_time:386420ms step_avg:183.83ms
step:2103/4740 train_time:386602ms step_avg:183.83ms
step:2104/4740 train_time:386925ms step_avg:183.90ms
step:2105/4740 train_time:387105ms step_avg:183.90ms
step:2106/4740 train_time:387424ms step_avg:183.96ms
step:2107/4740 train_time:387610ms step_avg:183.96ms
step:2108/4740 train_time:387929ms step_avg:184.03ms
step:2109/4740 train_time:388114ms step_avg:184.03ms
step:2110/4740 train_time:388439ms step_avg:184.09ms
step:2111/4740 train_time:388616ms step_avg:184.09ms
step:2112/4740 train_time:388939ms step_avg:184.16ms
step:2113/4740 train_time:389119ms step_avg:184.15ms
step:2114/4740 train_time:389441ms step_avg:184.22ms
step:2115/4740 train_time:389622ms step_avg:184.22ms
step:2116/4740 train_time:389942ms step_avg:184.28ms
step:2117/4740 train_time:390125ms step_avg:184.28ms
step:2118/4740 train_time:390447ms step_avg:184.35ms
step:2119/4740 train_time:390628ms step_avg:184.35ms
step:2120/4740 train_time:390946ms step_avg:184.41ms
step:2121/4740 train_time:391131ms step_avg:184.41ms
step:2122/4740 train_time:391451ms step_avg:184.47ms
step:2123/4740 train_time:391634ms step_avg:184.47ms
step:2124/4740 train_time:391956ms step_avg:184.54ms
step:2125/4740 train_time:392136ms step_avg:184.53ms
step:2126/4740 train_time:392457ms step_avg:184.60ms
step:2127/4740 train_time:392636ms step_avg:184.60ms
step:2128/4740 train_time:392960ms step_avg:184.66ms
step:2129/4740 train_time:393139ms step_avg:184.66ms
step:2130/4740 train_time:393459ms step_avg:184.72ms
step:2131/4740 train_time:393638ms step_avg:184.72ms
step:2132/4740 train_time:393960ms step_avg:184.78ms
step:2133/4740 train_time:394140ms step_avg:184.78ms
step:2134/4740 train_time:394458ms step_avg:184.84ms
step:2135/4740 train_time:394642ms step_avg:184.84ms
step:2136/4740 train_time:394961ms step_avg:184.91ms
step:2137/4740 train_time:395145ms step_avg:184.91ms
step:2138/4740 train_time:395465ms step_avg:184.97ms
step:2139/4740 train_time:395649ms step_avg:184.97ms
step:2140/4740 train_time:395971ms step_avg:185.03ms
step:2141/4740 train_time:396153ms step_avg:185.03ms
step:2142/4740 train_time:396473ms step_avg:185.09ms
step:2143/4740 train_time:396655ms step_avg:185.09ms
step:2144/4740 train_time:396973ms step_avg:185.16ms
step:2145/4740 train_time:397153ms step_avg:185.15ms
step:2146/4740 train_time:397474ms step_avg:185.22ms
step:2147/4740 train_time:397656ms step_avg:185.21ms
step:2148/4740 train_time:397975ms step_avg:185.28ms
step:2149/4740 train_time:398155ms step_avg:185.27ms
step:2150/4740 train_time:398478ms step_avg:185.34ms
step:2151/4740 train_time:398658ms step_avg:185.34ms
step:2152/4740 train_time:398976ms step_avg:185.40ms
step:2153/4740 train_time:399159ms step_avg:185.40ms
step:2154/4740 train_time:399482ms step_avg:185.46ms
step:2155/4740 train_time:399661ms step_avg:185.46ms
step:2156/4740 train_time:399982ms step_avg:185.52ms
step:2157/4740 train_time:400163ms step_avg:185.52ms
step:2158/4740 train_time:400484ms step_avg:185.58ms
step:2159/4740 train_time:400665ms step_avg:185.58ms
step:2160/4740 train_time:400985ms step_avg:185.64ms
step:2161/4740 train_time:401169ms step_avg:185.64ms
step:2162/4740 train_time:401490ms step_avg:185.70ms
step:2163/4740 train_time:401673ms step_avg:185.70ms
step:2164/4740 train_time:401994ms step_avg:185.76ms
step:2165/4740 train_time:402177ms step_avg:185.76ms
step:2166/4740 train_time:402497ms step_avg:185.83ms
step:2167/4740 train_time:402680ms step_avg:185.82ms
step:2168/4740 train_time:402998ms step_avg:185.88ms
step:2169/4740 train_time:403180ms step_avg:185.88ms
step:2170/4740 train_time:403502ms step_avg:185.95ms
step:2171/4740 train_time:403682ms step_avg:185.94ms
step:2172/4740 train_time:404002ms step_avg:186.00ms
step:2173/4740 train_time:404184ms step_avg:186.00ms
step:2174/4740 train_time:404507ms step_avg:186.07ms
step:2175/4740 train_time:404692ms step_avg:186.07ms
step:2176/4740 train_time:405015ms step_avg:186.13ms
step:2177/4740 train_time:405197ms step_avg:186.13ms
step:2178/4740 train_time:405518ms step_avg:186.19ms
step:2179/4740 train_time:405697ms step_avg:186.18ms
step:2180/4740 train_time:406019ms step_avg:186.25ms
step:2181/4740 train_time:406198ms step_avg:186.24ms
step:2182/4740 train_time:406520ms step_avg:186.31ms
step:2183/4740 train_time:406697ms step_avg:186.30ms
step:2184/4740 train_time:407019ms step_avg:186.36ms
step:2185/4740 train_time:407199ms step_avg:186.36ms
step:2186/4740 train_time:407520ms step_avg:186.42ms
step:2187/4740 train_time:407702ms step_avg:186.42ms
step:2188/4740 train_time:408022ms step_avg:186.48ms
step:2189/4740 train_time:408204ms step_avg:186.48ms
step:2190/4740 train_time:408523ms step_avg:186.54ms
step:2191/4740 train_time:408706ms step_avg:186.54ms
step:2192/4740 train_time:409024ms step_avg:186.60ms
step:2193/4740 train_time:409211ms step_avg:186.60ms
step:2194/4740 train_time:409528ms step_avg:186.66ms
step:2195/4740 train_time:409711ms step_avg:186.66ms
step:2196/4740 train_time:410031ms step_avg:186.72ms
step:2197/4740 train_time:410216ms step_avg:186.72ms
step:2198/4740 train_time:410535ms step_avg:186.78ms
step:2199/4740 train_time:410717ms step_avg:186.77ms
step:2200/4740 train_time:411038ms step_avg:186.84ms
step:2201/4740 train_time:411219ms step_avg:186.83ms
step:2202/4740 train_time:411542ms step_avg:186.89ms
step:2203/4740 train_time:411719ms step_avg:186.89ms
step:2204/4740 train_time:412042ms step_avg:186.95ms
step:2205/4740 train_time:412223ms step_avg:186.95ms
step:2206/4740 train_time:412545ms step_avg:187.01ms
step:2207/4740 train_time:412725ms step_avg:187.01ms
step:2208/4740 train_time:413047ms step_avg:187.07ms
step:2209/4740 train_time:413226ms step_avg:187.06ms
step:2210/4740 train_time:413546ms step_avg:187.12ms
step:2211/4740 train_time:413727ms step_avg:187.12ms
step:2212/4740 train_time:414047ms step_avg:187.18ms
step:2213/4740 train_time:414230ms step_avg:187.18ms
step:2214/4740 train_time:414549ms step_avg:187.24ms
step:2215/4740 train_time:414734ms step_avg:187.24ms
step:2216/4740 train_time:415049ms step_avg:187.30ms
step:2217/4740 train_time:415235ms step_avg:187.30ms
step:2218/4740 train_time:415557ms step_avg:187.36ms
step:2219/4740 train_time:415738ms step_avg:187.35ms
step:2220/4740 train_time:416060ms step_avg:187.41ms
step:2221/4740 train_time:416248ms step_avg:187.41ms
step:2222/4740 train_time:416567ms step_avg:187.47ms
step:2223/4740 train_time:416750ms step_avg:187.47ms
step:2224/4740 train_time:417069ms step_avg:187.53ms
step:2225/4740 train_time:417252ms step_avg:187.53ms
step:2226/4740 train_time:417575ms step_avg:187.59ms
step:2227/4740 train_time:417758ms step_avg:187.59ms
step:2228/4740 train_time:418082ms step_avg:187.65ms
step:2229/4740 train_time:418262ms step_avg:187.65ms
step:2230/4740 train_time:418583ms step_avg:187.71ms
step:2231/4740 train_time:418763ms step_avg:187.70ms
step:2232/4740 train_time:419086ms step_avg:187.76ms
step:2233/4740 train_time:419265ms step_avg:187.76ms
step:2234/4740 train_time:419586ms step_avg:187.82ms
step:2235/4740 train_time:419766ms step_avg:187.81ms
step:2236/4740 train_time:420086ms step_avg:187.87ms
step:2237/4740 train_time:420267ms step_avg:187.87ms
step:2238/4740 train_time:420592ms step_avg:187.93ms
step:2239/4740 train_time:420773ms step_avg:187.93ms
step:2240/4740 train_time:421094ms step_avg:187.99ms
step:2241/4740 train_time:421278ms step_avg:187.99ms
step:2242/4740 train_time:421597ms step_avg:188.05ms
step:2243/4740 train_time:421777ms step_avg:188.04ms
step:2244/4740 train_time:422100ms step_avg:188.10ms
step:2245/4740 train_time:422279ms step_avg:188.10ms
step:2246/4740 train_time:422599ms step_avg:188.16ms
step:2247/4740 train_time:422779ms step_avg:188.15ms
step:2248/4740 train_time:423101ms step_avg:188.21ms
step:2249/4740 train_time:423282ms step_avg:188.21ms
step:2250/4740 train_time:423604ms step_avg:188.27ms
step:2250/4740 val_loss:3.1753 train_time:423732ms step_avg:188.33ms
step:2251/4740 train_time:423790ms step_avg:188.27ms
step:2252/4740 train_time:424115ms step_avg:188.33ms
step:2253/4740 train_time:424293ms step_avg:188.32ms
step:2254/4740 train_time:424608ms step_avg:188.38ms
step:2255/4740 train_time:424792ms step_avg:188.38ms
step:2256/4740 train_time:425115ms step_avg:188.44ms
step:2257/4740 train_time:425297ms step_avg:188.43ms
step:2258/4740 train_time:425616ms step_avg:188.49ms
step:2259/4740 train_time:425798ms step_avg:188.49ms
step:2260/4740 train_time:426120ms step_avg:188.55ms
step:2261/4740 train_time:426304ms step_avg:188.55ms
step:2262/4740 train_time:426625ms step_avg:188.61ms
step:2263/4740 train_time:426806ms step_avg:188.60ms
step:2264/4740 train_time:427127ms step_avg:188.66ms
step:2265/4740 train_time:427309ms step_avg:188.66ms
step:2266/4740 train_time:427625ms step_avg:188.71ms
step:2267/4740 train_time:427809ms step_avg:188.71ms
step:2268/4740 train_time:428132ms step_avg:188.77ms
step:2269/4740 train_time:428316ms step_avg:188.77ms
step:2270/4740 train_time:428638ms step_avg:188.83ms
step:2271/4740 train_time:428819ms step_avg:188.82ms
step:2272/4740 train_time:429140ms step_avg:188.88ms
step:2273/4740 train_time:429321ms step_avg:188.88ms
step:2274/4740 train_time:429639ms step_avg:188.94ms
step:2275/4740 train_time:429820ms step_avg:188.93ms
step:2276/4740 train_time:430141ms step_avg:188.99ms
step:2277/4740 train_time:430320ms step_avg:188.99ms
step:2278/4740 train_time:430641ms step_avg:189.04ms
step:2279/4740 train_time:430821ms step_avg:189.04ms
step:2280/4740 train_time:431141ms step_avg:189.10ms
step:2281/4740 train_time:431328ms step_avg:189.10ms
step:2282/4740 train_time:431648ms step_avg:189.15ms
step:2283/4740 train_time:431830ms step_avg:189.15ms
step:2284/4740 train_time:432148ms step_avg:189.21ms
step:2285/4740 train_time:432331ms step_avg:189.20ms
step:2286/4740 train_time:432649ms step_avg:189.26ms
step:2287/4740 train_time:432832ms step_avg:189.26ms
step:2288/4740 train_time:433148ms step_avg:189.31ms
step:2289/4740 train_time:433334ms step_avg:189.31ms
step:2290/4740 train_time:433653ms step_avg:189.37ms
step:2291/4740 train_time:433835ms step_avg:189.37ms
step:2292/4740 train_time:434157ms step_avg:189.42ms
step:2293/4740 train_time:434336ms step_avg:189.42ms
step:2294/4740 train_time:434661ms step_avg:189.48ms
step:2295/4740 train_time:434839ms step_avg:189.47ms
step:2296/4740 train_time:435159ms step_avg:189.53ms
step:2297/4740 train_time:435341ms step_avg:189.53ms
step:2298/4740 train_time:435662ms step_avg:189.58ms
step:2299/4740 train_time:435845ms step_avg:189.58ms
step:2300/4740 train_time:436166ms step_avg:189.64ms
step:2301/4740 train_time:436349ms step_avg:189.63ms
step:2302/4740 train_time:436669ms step_avg:189.69ms
step:2303/4740 train_time:436852ms step_avg:189.69ms
step:2304/4740 train_time:437176ms step_avg:189.75ms
step:2305/4740 train_time:437355ms step_avg:189.74ms
step:2306/4740 train_time:437675ms step_avg:189.80ms
step:2307/4740 train_time:437857ms step_avg:189.80ms
step:2308/4740 train_time:438177ms step_avg:189.85ms
step:2309/4740 train_time:438363ms step_avg:189.85ms
step:2310/4740 train_time:438682ms step_avg:189.91ms
step:2311/4740 train_time:438864ms step_avg:189.90ms
step:2312/4740 train_time:439183ms step_avg:189.96ms
step:2313/4740 train_time:439366ms step_avg:189.96ms
step:2314/4740 train_time:439686ms step_avg:190.01ms
step:2315/4740 train_time:439867ms step_avg:190.01ms
step:2316/4740 train_time:440190ms step_avg:190.06ms
step:2317/4740 train_time:440371ms step_avg:190.06ms
step:2318/4740 train_time:440694ms step_avg:190.12ms
step:2319/4740 train_time:440878ms step_avg:190.12ms
step:2320/4740 train_time:441198ms step_avg:190.17ms
step:2321/4740 train_time:441376ms step_avg:190.17ms
step:2322/4740 train_time:441696ms step_avg:190.22ms
step:2323/4740 train_time:441877ms step_avg:190.22ms
step:2324/4740 train_time:442199ms step_avg:190.27ms
step:2325/4740 train_time:442381ms step_avg:190.27ms
step:2326/4740 train_time:442703ms step_avg:190.33ms
step:2327/4740 train_time:442885ms step_avg:190.32ms
step:2328/4740 train_time:443205ms step_avg:190.38ms
step:2329/4740 train_time:443388ms step_avg:190.38ms
step:2330/4740 train_time:443709ms step_avg:190.43ms
step:2331/4740 train_time:443888ms step_avg:190.43ms
step:2332/4740 train_time:444211ms step_avg:190.49ms
step:2333/4740 train_time:444393ms step_avg:190.48ms
step:2334/4740 train_time:444714ms step_avg:190.54ms
step:2335/4740 train_time:444895ms step_avg:190.53ms
step:2336/4740 train_time:445216ms step_avg:190.59ms
step:2337/4740 train_time:445395ms step_avg:190.58ms
step:2338/4740 train_time:445716ms step_avg:190.64ms
step:2339/4740 train_time:445898ms step_avg:190.64ms
step:2340/4740 train_time:446222ms step_avg:190.69ms
step:2341/4740 train_time:446402ms step_avg:190.69ms
step:2342/4740 train_time:446722ms step_avg:190.74ms
step:2343/4740 train_time:446903ms step_avg:190.74ms
step:2344/4740 train_time:447225ms step_avg:190.80ms
step:2345/4740 train_time:447407ms step_avg:190.79ms
step:2346/4740 train_time:447726ms step_avg:190.85ms
step:2347/4740 train_time:447906ms step_avg:190.84ms
step:2348/4740 train_time:448223ms step_avg:190.90ms
step:2349/4740 train_time:448408ms step_avg:190.89ms
step:2350/4740 train_time:448727ms step_avg:190.95ms
step:2351/4740 train_time:448909ms step_avg:190.94ms
step:2352/4740 train_time:449231ms step_avg:191.00ms
step:2353/4740 train_time:449412ms step_avg:191.00ms
step:2354/4740 train_time:449734ms step_avg:191.05ms
step:2355/4740 train_time:449913ms step_avg:191.05ms
step:2356/4740 train_time:450231ms step_avg:191.10ms
step:2357/4740 train_time:450414ms step_avg:191.10ms
step:2358/4740 train_time:450737ms step_avg:191.15ms
step:2359/4740 train_time:450925ms step_avg:191.15ms
step:2360/4740 train_time:451245ms step_avg:191.21ms
step:2361/4740 train_time:451428ms step_avg:191.20ms
step:2362/4740 train_time:451749ms step_avg:191.26ms
step:2363/4740 train_time:451931ms step_avg:191.25ms
step:2364/4740 train_time:452253ms step_avg:191.31ms
step:2365/4740 train_time:452435ms step_avg:191.30ms
step:2366/4740 train_time:452758ms step_avg:191.36ms
step:2367/4740 train_time:452940ms step_avg:191.36ms
step:2368/4740 train_time:453261ms step_avg:191.41ms
step:2369/4740 train_time:453444ms step_avg:191.41ms
step:2370/4740 train_time:453767ms step_avg:191.46ms
step:2371/4740 train_time:453951ms step_avg:191.46ms
step:2372/4740 train_time:454275ms step_avg:191.52ms
step:2373/4740 train_time:454459ms step_avg:191.51ms
step:2374/4740 train_time:454779ms step_avg:191.57ms
step:2375/4740 train_time:454963ms step_avg:191.56ms
step:2376/4740 train_time:455284ms step_avg:191.62ms
step:2377/4740 train_time:455468ms step_avg:191.61ms
step:2378/4740 train_time:455789ms step_avg:191.67ms
step:2379/4740 train_time:455973ms step_avg:191.67ms
step:2380/4740 train_time:456297ms step_avg:191.72ms
step:2381/4740 train_time:456479ms step_avg:191.72ms
step:2382/4740 train_time:456800ms step_avg:191.77ms
step:2383/4740 train_time:456984ms step_avg:191.77ms
step:2384/4740 train_time:457303ms step_avg:191.82ms
step:2385/4740 train_time:457487ms step_avg:191.82ms
step:2386/4740 train_time:457811ms step_avg:191.87ms
step:2387/4740 train_time:457992ms step_avg:191.87ms
step:2388/4740 train_time:458309ms step_avg:191.92ms
step:2389/4740 train_time:458494ms step_avg:191.92ms
step:2390/4740 train_time:458816ms step_avg:191.97ms
step:2391/4740 train_time:458996ms step_avg:191.97ms
step:2392/4740 train_time:459318ms step_avg:192.02ms
step:2393/4740 train_time:459499ms step_avg:192.02ms
step:2394/4740 train_time:459819ms step_avg:192.07ms
step:2395/4740 train_time:460000ms step_avg:192.07ms
step:2396/4740 train_time:460322ms step_avg:192.12ms
step:2397/4740 train_time:460503ms step_avg:192.12ms
step:2398/4740 train_time:460825ms step_avg:192.17ms
step:2399/4740 train_time:461010ms step_avg:192.17ms
step:2400/4740 train_time:461332ms step_avg:192.22ms
step:2401/4740 train_time:461511ms step_avg:192.22ms
step:2402/4740 train_time:461832ms step_avg:192.27ms
step:2403/4740 train_time:462019ms step_avg:192.27ms
step:2404/4740 train_time:462339ms step_avg:192.32ms
step:2405/4740 train_time:462522ms step_avg:192.32ms
step:2406/4740 train_time:462843ms step_avg:192.37ms
step:2407/4740 train_time:463028ms step_avg:192.37ms
step:2408/4740 train_time:463347ms step_avg:192.42ms
step:2409/4740 train_time:463531ms step_avg:192.42ms
step:2410/4740 train_time:463850ms step_avg:192.47ms
step:2411/4740 train_time:464033ms step_avg:192.47ms
step:2412/4740 train_time:464354ms step_avg:192.52ms
step:2413/4740 train_time:464537ms step_avg:192.51ms
step:2414/4740 train_time:464857ms step_avg:192.57ms
step:2415/4740 train_time:465038ms step_avg:192.56ms
step:2416/4740 train_time:465361ms step_avg:192.62ms
step:2417/4740 train_time:465540ms step_avg:192.61ms
step:2418/4740 train_time:465861ms step_avg:192.66ms
step:2419/4740 train_time:466041ms step_avg:192.66ms
step:2420/4740 train_time:466368ms step_avg:192.71ms
step:2421/4740 train_time:466549ms step_avg:192.71ms
step:2422/4740 train_time:466871ms step_avg:192.76ms
step:2423/4740 train_time:467057ms step_avg:192.76ms
step:2424/4740 train_time:467380ms step_avg:192.81ms
step:2425/4740 train_time:467570ms step_avg:192.81ms
step:2426/4740 train_time:467893ms step_avg:192.87ms
step:2427/4740 train_time:468075ms step_avg:192.86ms
step:2428/4740 train_time:468401ms step_avg:192.92ms
step:2429/4740 train_time:468583ms step_avg:192.91ms
step:2430/4740 train_time:468904ms step_avg:192.96ms
step:2431/4740 train_time:469086ms step_avg:192.96ms
step:2432/4740 train_time:469409ms step_avg:193.01ms
step:2433/4740 train_time:469592ms step_avg:193.01ms
step:2434/4740 train_time:469911ms step_avg:193.06ms
step:2435/4740 train_time:470094ms step_avg:193.06ms
step:2436/4740 train_time:470415ms step_avg:193.11ms
step:2437/4740 train_time:470598ms step_avg:193.11ms
step:2438/4740 train_time:470921ms step_avg:193.16ms
step:2439/4740 train_time:471103ms step_avg:193.15ms
step:2440/4740 train_time:471428ms step_avg:193.21ms
step:2441/4740 train_time:471607ms step_avg:193.20ms
step:2442/4740 train_time:471929ms step_avg:193.25ms
step:2443/4740 train_time:472109ms step_avg:193.25ms
step:2444/4740 train_time:472435ms step_avg:193.30ms
step:2445/4740 train_time:472616ms step_avg:193.30ms
step:2446/4740 train_time:472937ms step_avg:193.35ms
step:2447/4740 train_time:473118ms step_avg:193.35ms
step:2448/4740 train_time:473441ms step_avg:193.40ms
step:2449/4740 train_time:473621ms step_avg:193.39ms
step:2450/4740 train_time:473943ms step_avg:193.45ms
step:2451/4740 train_time:474127ms step_avg:193.44ms
step:2452/4740 train_time:474455ms step_avg:193.50ms
step:2453/4740 train_time:474636ms step_avg:193.49ms
step:2454/4740 train_time:474958ms step_avg:193.54ms
step:2455/4740 train_time:475141ms step_avg:193.54ms
step:2456/4740 train_time:475464ms step_avg:193.59ms
step:2457/4740 train_time:475645ms step_avg:193.59ms
step:2458/4740 train_time:475965ms step_avg:193.64ms
step:2459/4740 train_time:476148ms step_avg:193.63ms
step:2460/4740 train_time:476476ms step_avg:193.69ms
step:2461/4740 train_time:476653ms step_avg:193.68ms
step:2462/4740 train_time:476972ms step_avg:193.73ms
step:2463/4740 train_time:477154ms step_avg:193.73ms
step:2464/4740 train_time:477476ms step_avg:193.78ms
step:2465/4740 train_time:477657ms step_avg:193.78ms
step:2466/4740 train_time:477979ms step_avg:193.83ms
step:2467/4740 train_time:478160ms step_avg:193.82ms
step:2468/4740 train_time:478486ms step_avg:193.88ms
step:2469/4740 train_time:478669ms step_avg:193.87ms
step:2470/4740 train_time:478987ms step_avg:193.92ms
step:2471/4740 train_time:479170ms step_avg:193.92ms
step:2472/4740 train_time:479490ms step_avg:193.97ms
step:2473/4740 train_time:479672ms step_avg:193.96ms
step:2474/4740 train_time:479995ms step_avg:194.02ms
step:2475/4740 train_time:480176ms step_avg:194.01ms
step:2476/4740 train_time:480501ms step_avg:194.06ms
step:2477/4740 train_time:480679ms step_avg:194.06ms
step:2478/4740 train_time:481000ms step_avg:194.11ms
step:2479/4740 train_time:481179ms step_avg:194.10ms
step:2480/4740 train_time:481507ms step_avg:194.16ms
step:2481/4740 train_time:481687ms step_avg:194.15ms
step:2482/4740 train_time:482011ms step_avg:194.20ms
step:2483/4740 train_time:482192ms step_avg:194.20ms
step:2484/4740 train_time:482514ms step_avg:194.25ms
step:2485/4740 train_time:482697ms step_avg:194.24ms
step:2486/4740 train_time:483018ms step_avg:194.30ms
step:2487/4740 train_time:483201ms step_avg:194.29ms
step:2488/4740 train_time:483523ms step_avg:194.34ms
step:2489/4740 train_time:483703ms step_avg:194.34ms
step:2490/4740 train_time:484025ms step_avg:194.39ms
step:2491/4740 train_time:484207ms step_avg:194.38ms
step:2492/4740 train_time:484529ms step_avg:194.43ms
step:2493/4740 train_time:484713ms step_avg:194.43ms
step:2494/4740 train_time:485036ms step_avg:194.48ms
step:2495/4740 train_time:485216ms step_avg:194.48ms
step:2496/4740 train_time:485536ms step_avg:194.53ms
step:2497/4740 train_time:485723ms step_avg:194.52ms
step:2498/4740 train_time:486043ms step_avg:194.57ms
step:2499/4740 train_time:486229ms step_avg:194.57ms
step:2500/4740 train_time:486550ms step_avg:194.62ms
step:2500/4740 val_loss:3.1395 train_time:486678ms step_avg:194.67ms
step:2501/4740 train_time:486735ms step_avg:194.62ms
step:2502/4740 train_time:487065ms step_avg:194.67ms
step:2503/4740 train_time:487248ms step_avg:194.67ms
step:2504/4740 train_time:487566ms step_avg:194.71ms
step:2505/4740 train_time:487745ms step_avg:194.71ms
step:2506/4740 train_time:488071ms step_avg:194.76ms
step:2507/4740 train_time:488258ms step_avg:194.76ms
step:2508/4740 train_time:488580ms step_avg:194.81ms
step:2509/4740 train_time:488759ms step_avg:194.80ms
step:2510/4740 train_time:489083ms step_avg:194.85ms
step:2511/4740 train_time:489265ms step_avg:194.85ms
step:2512/4740 train_time:489586ms step_avg:194.90ms
step:2513/4740 train_time:489763ms step_avg:194.89ms
step:2514/4740 train_time:490085ms step_avg:194.94ms
step:2515/4740 train_time:490270ms step_avg:194.94ms
step:2516/4740 train_time:490594ms step_avg:194.99ms
step:2517/4740 train_time:490774ms step_avg:194.98ms
step:2518/4740 train_time:491098ms step_avg:195.04ms
step:2519/4740 train_time:491277ms step_avg:195.03ms
step:2520/4740 train_time:491599ms step_avg:195.08ms
step:2521/4740 train_time:491779ms step_avg:195.07ms
step:2522/4740 train_time:492102ms step_avg:195.12ms
step:2523/4740 train_time:492283ms step_avg:195.12ms
step:2524/4740 train_time:492603ms step_avg:195.17ms
step:2525/4740 train_time:492789ms step_avg:195.16ms
step:2526/4740 train_time:493116ms step_avg:195.22ms
step:2527/4740 train_time:493294ms step_avg:195.21ms
step:2528/4740 train_time:493616ms step_avg:195.26ms
step:2529/4740 train_time:493794ms step_avg:195.25ms
step:2530/4740 train_time:494120ms step_avg:195.30ms
step:2531/4740 train_time:494302ms step_avg:195.30ms
step:2532/4740 train_time:494626ms step_avg:195.35ms
step:2533/4740 train_time:494805ms step_avg:195.34ms
step:2534/4740 train_time:495130ms step_avg:195.39ms
step:2535/4740 train_time:495313ms step_avg:195.39ms
step:2536/4740 train_time:495635ms step_avg:195.44ms
step:2537/4740 train_time:495818ms step_avg:195.43ms
step:2538/4740 train_time:496140ms step_avg:195.48ms
step:2539/4740 train_time:496318ms step_avg:195.48ms
step:2540/4740 train_time:496639ms step_avg:195.53ms
step:2541/4740 train_time:496826ms step_avg:195.52ms
step:2542/4740 train_time:497147ms step_avg:195.57ms
step:2543/4740 train_time:497330ms step_avg:195.57ms
step:2544/4740 train_time:497649ms step_avg:195.62ms
step:2545/4740 train_time:497834ms step_avg:195.61ms
step:2546/4740 train_time:498156ms step_avg:195.66ms
step:2547/4740 train_time:498344ms step_avg:195.66ms
step:2548/4740 train_time:498661ms step_avg:195.71ms
step:2549/4740 train_time:498843ms step_avg:195.70ms
step:2550/4740 train_time:499163ms step_avg:195.75ms
step:2551/4740 train_time:499349ms step_avg:195.75ms
step:2552/4740 train_time:499670ms step_avg:195.80ms
step:2553/4740 train_time:499851ms step_avg:195.79ms
step:2554/4740 train_time:500172ms step_avg:195.84ms
step:2555/4740 train_time:500359ms step_avg:195.84ms
step:2556/4740 train_time:500678ms step_avg:195.88ms
step:2557/4740 train_time:500860ms step_avg:195.88ms
step:2558/4740 train_time:501185ms step_avg:195.93ms
step:2559/4740 train_time:501370ms step_avg:195.92ms
step:2560/4740 train_time:501691ms step_avg:195.97ms
step:2561/4740 train_time:501872ms step_avg:195.97ms
step:2562/4740 train_time:502193ms step_avg:196.02ms
step:2563/4740 train_time:502376ms step_avg:196.01ms
step:2564/4740 train_time:502697ms step_avg:196.06ms
step:2565/4740 train_time:502882ms step_avg:196.06ms
step:2566/4740 train_time:503203ms step_avg:196.10ms
step:2567/4740 train_time:503384ms step_avg:196.10ms
step:2568/4740 train_time:503705ms step_avg:196.15ms
step:2569/4740 train_time:503886ms step_avg:196.14ms
step:2570/4740 train_time:504207ms step_avg:196.19ms
step:2571/4740 train_time:504392ms step_avg:196.19ms
step:2572/4740 train_time:504715ms step_avg:196.23ms
step:2573/4740 train_time:504895ms step_avg:196.23ms
step:2574/4740 train_time:505219ms step_avg:196.28ms
step:2575/4740 train_time:505397ms step_avg:196.27ms
step:2576/4740 train_time:505720ms step_avg:196.32ms
step:2577/4740 train_time:505900ms step_avg:196.31ms
step:2578/4740 train_time:506220ms step_avg:196.36ms
step:2579/4740 train_time:506405ms step_avg:196.36ms
step:2580/4740 train_time:506727ms step_avg:196.41ms
step:2581/4740 train_time:506908ms step_avg:196.40ms
step:2582/4740 train_time:507229ms step_avg:196.45ms
step:2583/4740 train_time:507409ms step_avg:196.44ms
step:2584/4740 train_time:507732ms step_avg:196.49ms
step:2585/4740 train_time:507914ms step_avg:196.49ms
step:2586/4740 train_time:508236ms step_avg:196.53ms
step:2587/4740 train_time:508417ms step_avg:196.53ms
step:2588/4740 train_time:508742ms step_avg:196.58ms
step:2589/4740 train_time:508919ms step_avg:196.57ms
step:2590/4740 train_time:509240ms step_avg:196.62ms
step:2591/4740 train_time:509419ms step_avg:196.61ms
step:2592/4740 train_time:509743ms step_avg:196.66ms
step:2593/4740 train_time:509924ms step_avg:196.65ms
step:2594/4740 train_time:510245ms step_avg:196.70ms
step:2595/4740 train_time:510432ms step_avg:196.70ms
step:2596/4740 train_time:510755ms step_avg:196.75ms
step:2597/4740 train_time:510936ms step_avg:196.74ms
step:2598/4740 train_time:511254ms step_avg:196.79ms
step:2599/4740 train_time:511441ms step_avg:196.78ms
step:2600/4740 train_time:511758ms step_avg:196.83ms
step:2601/4740 train_time:511941ms step_avg:196.82ms
step:2602/4740 train_time:512261ms step_avg:196.87ms
step:2603/4740 train_time:512442ms step_avg:196.87ms
step:2604/4740 train_time:512763ms step_avg:196.91ms
step:2605/4740 train_time:512946ms step_avg:196.91ms
step:2606/4740 train_time:513269ms step_avg:196.96ms
step:2607/4740 train_time:513451ms step_avg:196.95ms
step:2608/4740 train_time:513775ms step_avg:197.00ms
step:2609/4740 train_time:513956ms step_avg:196.99ms
step:2610/4740 train_time:514278ms step_avg:197.04ms
step:2611/4740 train_time:514460ms step_avg:197.04ms
step:2612/4740 train_time:514782ms step_avg:197.08ms
step:2613/4740 train_time:514961ms step_avg:197.08ms
step:2614/4740 train_time:515283ms step_avg:197.12ms
step:2615/4740 train_time:515465ms step_avg:197.12ms
step:2616/4740 train_time:515790ms step_avg:197.17ms
step:2617/4740 train_time:515971ms step_avg:197.16ms
step:2618/4740 train_time:516292ms step_avg:197.21ms
step:2619/4740 train_time:516474ms step_avg:197.20ms
step:2620/4740 train_time:516795ms step_avg:197.25ms
step:2621/4740 train_time:516974ms step_avg:197.24ms
step:2622/4740 train_time:517299ms step_avg:197.29ms
step:2623/4740 train_time:517481ms step_avg:197.29ms
step:2624/4740 train_time:517805ms step_avg:197.33ms
step:2625/4740 train_time:517988ms step_avg:197.33ms
step:2626/4740 train_time:518309ms step_avg:197.38ms
step:2627/4740 train_time:518491ms step_avg:197.37ms
step:2628/4740 train_time:518817ms step_avg:197.42ms
step:2629/4740 train_time:518996ms step_avg:197.41ms
step:2630/4740 train_time:519321ms step_avg:197.46ms
step:2631/4740 train_time:519503ms step_avg:197.45ms
step:2632/4740 train_time:519824ms step_avg:197.50ms
step:2633/4740 train_time:520003ms step_avg:197.49ms
step:2634/4740 train_time:520324ms step_avg:197.54ms
step:2635/4740 train_time:520509ms step_avg:197.54ms
step:2636/4740 train_time:520829ms step_avg:197.58ms
step:2637/4740 train_time:521009ms step_avg:197.58ms
step:2638/4740 train_time:521331ms step_avg:197.62ms
step:2639/4740 train_time:521513ms step_avg:197.62ms
step:2640/4740 train_time:521831ms step_avg:197.66ms
step:2641/4740 train_time:522015ms step_avg:197.66ms
step:2642/4740 train_time:522338ms step_avg:197.71ms
step:2643/4740 train_time:522522ms step_avg:197.70ms
step:2644/4740 train_time:522840ms step_avg:197.75ms
step:2645/4740 train_time:523020ms step_avg:197.74ms
step:2646/4740 train_time:523343ms step_avg:197.79ms
step:2647/4740 train_time:523530ms step_avg:197.78ms
step:2648/4740 train_time:523848ms step_avg:197.83ms
step:2649/4740 train_time:524034ms step_avg:197.82ms
step:2650/4740 train_time:524358ms step_avg:197.87ms
step:2651/4740 train_time:524538ms step_avg:197.86ms
step:2652/4740 train_time:524860ms step_avg:197.91ms
step:2653/4740 train_time:525039ms step_avg:197.90ms
step:2654/4740 train_time:525361ms step_avg:197.95ms
step:2655/4740 train_time:525543ms step_avg:197.94ms
step:2656/4740 train_time:525866ms step_avg:197.99ms
step:2657/4740 train_time:526048ms step_avg:197.99ms
step:2658/4740 train_time:526368ms step_avg:198.03ms
step:2659/4740 train_time:526554ms step_avg:198.03ms
step:2660/4740 train_time:526874ms step_avg:198.07ms
step:2661/4740 train_time:527055ms step_avg:198.07ms
step:2662/4740 train_time:527378ms step_avg:198.11ms
step:2663/4740 train_time:527557ms step_avg:198.11ms
step:2664/4740 train_time:527881ms step_avg:198.15ms
step:2665/4740 train_time:528063ms step_avg:198.15ms
step:2666/4740 train_time:528390ms step_avg:198.20ms
step:2667/4740 train_time:528569ms step_avg:198.19ms
step:2668/4740 train_time:528890ms step_avg:198.23ms
step:2669/4740 train_time:529070ms step_avg:198.23ms
step:2670/4740 train_time:529395ms step_avg:198.28ms
step:2671/4740 train_time:529575ms step_avg:198.27ms
step:2672/4740 train_time:529898ms step_avg:198.32ms
step:2673/4740 train_time:530078ms step_avg:198.31ms
step:2674/4740 train_time:530399ms step_avg:198.35ms
step:2675/4740 train_time:530584ms step_avg:198.35ms
step:2676/4740 train_time:530908ms step_avg:198.40ms
step:2677/4740 train_time:531090ms step_avg:198.39ms
step:2678/4740 train_time:531415ms step_avg:198.44ms
step:2679/4740 train_time:531597ms step_avg:198.43ms
step:2680/4740 train_time:531921ms step_avg:198.48ms
step:2681/4740 train_time:532103ms step_avg:198.47ms
step:2682/4740 train_time:532427ms step_avg:198.52ms
step:2683/4740 train_time:532608ms step_avg:198.51ms
step:2684/4740 train_time:532932ms step_avg:198.56ms
step:2685/4740 train_time:533114ms step_avg:198.55ms
step:2686/4740 train_time:533435ms step_avg:198.60ms
step:2687/4740 train_time:533617ms step_avg:198.59ms
step:2688/4740 train_time:533942ms step_avg:198.64ms
step:2689/4740 train_time:534124ms step_avg:198.63ms
step:2690/4740 train_time:534446ms step_avg:198.68ms
step:2691/4740 train_time:534627ms step_avg:198.67ms
step:2692/4740 train_time:534953ms step_avg:198.72ms
step:2693/4740 train_time:535134ms step_avg:198.71ms
step:2694/4740 train_time:535459ms step_avg:198.76ms
step:2695/4740 train_time:535636ms step_avg:198.75ms
step:2696/4740 train_time:535958ms step_avg:198.80ms
step:2697/4740 train_time:536140ms step_avg:198.79ms
step:2698/4740 train_time:536462ms step_avg:198.84ms
step:2699/4740 train_time:536646ms step_avg:198.83ms
step:2700/4740 train_time:536963ms step_avg:198.88ms
step:2701/4740 train_time:537146ms step_avg:198.87ms
step:2702/4740 train_time:537469ms step_avg:198.92ms
step:2703/4740 train_time:537649ms step_avg:198.91ms
step:2704/4740 train_time:537969ms step_avg:198.95ms
step:2705/4740 train_time:538152ms step_avg:198.95ms
step:2706/4740 train_time:538475ms step_avg:198.99ms
step:2707/4740 train_time:538656ms step_avg:198.99ms
step:2708/4740 train_time:538977ms step_avg:199.03ms
step:2709/4740 train_time:539160ms step_avg:199.03ms
step:2710/4740 train_time:539482ms step_avg:199.07ms
step:2711/4740 train_time:539662ms step_avg:199.06ms
step:2712/4740 train_time:539983ms step_avg:199.11ms
step:2713/4740 train_time:540163ms step_avg:199.10ms
step:2714/4740 train_time:540487ms step_avg:199.15ms
step:2715/4740 train_time:540670ms step_avg:199.14ms
step:2716/4740 train_time:540989ms step_avg:199.19ms
step:2717/4740 train_time:541172ms step_avg:199.18ms
step:2718/4740 train_time:541496ms step_avg:199.23ms
step:2719/4740 train_time:541677ms step_avg:199.22ms
step:2720/4740 train_time:541996ms step_avg:199.26ms
step:2721/4740 train_time:542178ms step_avg:199.26ms
step:2722/4740 train_time:542498ms step_avg:199.30ms
step:2723/4740 train_time:542682ms step_avg:199.30ms
step:2724/4740 train_time:543001ms step_avg:199.34ms
step:2725/4740 train_time:543183ms step_avg:199.33ms
step:2726/4740 train_time:543504ms step_avg:199.38ms
step:2727/4740 train_time:543689ms step_avg:199.37ms
step:2728/4740 train_time:544013ms step_avg:199.42ms
step:2729/4740 train_time:544200ms step_avg:199.41ms
step:2730/4740 train_time:544517ms step_avg:199.46ms
step:2731/4740 train_time:544703ms step_avg:199.45ms
step:2732/4740 train_time:545026ms step_avg:199.50ms
step:2733/4740 train_time:545205ms step_avg:199.49ms
step:2734/4740 train_time:545526ms step_avg:199.53ms
step:2735/4740 train_time:545708ms step_avg:199.53ms
step:2736/4740 train_time:546030ms step_avg:199.57ms
step:2737/4740 train_time:546213ms step_avg:199.57ms
step:2738/4740 train_time:546534ms step_avg:199.61ms
step:2739/4740 train_time:546714ms step_avg:199.60ms
step:2740/4740 train_time:547035ms step_avg:199.65ms
step:2741/4740 train_time:547216ms step_avg:199.64ms
step:2742/4740 train_time:547536ms step_avg:199.68ms
step:2743/4740 train_time:547723ms step_avg:199.68ms
step:2744/4740 train_time:548042ms step_avg:199.72ms
step:2745/4740 train_time:548224ms step_avg:199.72ms
step:2746/4740 train_time:548549ms step_avg:199.76ms
step:2747/4740 train_time:548732ms step_avg:199.76ms
step:2748/4740 train_time:549055ms step_avg:199.80ms
step:2749/4740 train_time:549241ms step_avg:199.80ms
step:2750/4740 train_time:549562ms step_avg:199.84ms
step:2750/4740 val_loss:3.1081 train_time:549688ms step_avg:199.89ms
step:2751/4740 train_time:549745ms step_avg:199.83ms
step:2752/4740 train_time:550074ms step_avg:199.88ms
step:2753/4740 train_time:550254ms step_avg:199.87ms
step:2754/4740 train_time:550569ms step_avg:199.92ms
step:2755/4740 train_time:550753ms step_avg:199.91ms
step:2756/4740 train_time:551083ms step_avg:199.96ms
step:2757/4740 train_time:551269ms step_avg:199.95ms
step:2758/4740 train_time:551591ms step_avg:200.00ms
step:2759/4740 train_time:551770ms step_avg:199.99ms
step:2760/4740 train_time:552100ms step_avg:200.04ms
step:2761/4740 train_time:552279ms step_avg:200.03ms
step:2762/4740 train_time:552601ms step_avg:200.07ms
step:2763/4740 train_time:552784ms step_avg:200.07ms
step:2764/4740 train_time:553109ms step_avg:200.11ms
step:2765/4740 train_time:553292ms step_avg:200.11ms
step:2766/4740 train_time:553612ms step_avg:200.15ms
step:2767/4740 train_time:553798ms step_avg:200.14ms
step:2768/4740 train_time:554118ms step_avg:200.19ms
step:2769/4740 train_time:554301ms step_avg:200.18ms
step:2770/4740 train_time:554626ms step_avg:200.23ms
step:2771/4740 train_time:554805ms step_avg:200.22ms
step:2772/4740 train_time:555129ms step_avg:200.26ms
step:2773/4740 train_time:555314ms step_avg:200.26ms
step:2774/4740 train_time:555638ms step_avg:200.30ms
step:2775/4740 train_time:555816ms step_avg:200.29ms
step:2776/4740 train_time:556141ms step_avg:200.34ms
step:2777/4740 train_time:556325ms step_avg:200.33ms
step:2778/4740 train_time:556646ms step_avg:200.38ms
step:2779/4740 train_time:556826ms step_avg:200.37ms
step:2780/4740 train_time:557148ms step_avg:200.41ms
step:2781/4740 train_time:557330ms step_avg:200.41ms
step:2782/4740 train_time:557650ms step_avg:200.45ms
step:2783/4740 train_time:557833ms step_avg:200.44ms
step:2784/4740 train_time:558157ms step_avg:200.49ms
step:2785/4740 train_time:558341ms step_avg:200.48ms
step:2786/4740 train_time:558663ms step_avg:200.53ms
step:2787/4740 train_time:558849ms step_avg:200.52ms
step:2788/4740 train_time:559170ms step_avg:200.56ms
step:2789/4740 train_time:559355ms step_avg:200.56ms
step:2790/4740 train_time:559678ms step_avg:200.60ms
step:2791/4740 train_time:559857ms step_avg:200.59ms
step:2792/4740 train_time:560183ms step_avg:200.64ms
step:2793/4740 train_time:560369ms step_avg:200.63ms
step:2794/4740 train_time:560691ms step_avg:200.68ms
step:2795/4740 train_time:560873ms step_avg:200.67ms
step:2796/4740 train_time:561198ms step_avg:200.71ms
step:2797/4740 train_time:561380ms step_avg:200.71ms
step:2798/4740 train_time:561706ms step_avg:200.75ms
step:2799/4740 train_time:561888ms step_avg:200.75ms
step:2800/4740 train_time:562212ms step_avg:200.79ms
step:2801/4740 train_time:562396ms step_avg:200.78ms
step:2802/4740 train_time:562718ms step_avg:200.83ms
step:2803/4740 train_time:562900ms step_avg:200.82ms
step:2804/4740 train_time:563221ms step_avg:200.86ms
step:2805/4740 train_time:563409ms step_avg:200.86ms
step:2806/4740 train_time:563732ms step_avg:200.90ms
step:2807/4740 train_time:563915ms step_avg:200.90ms
step:2808/4740 train_time:564236ms step_avg:200.94ms
step:2809/4740 train_time:564421ms step_avg:200.93ms
step:2810/4740 train_time:564746ms step_avg:200.98ms
step:2811/4740 train_time:564924ms step_avg:200.97ms
step:2812/4740 train_time:565245ms step_avg:201.01ms
step:2813/4740 train_time:565428ms step_avg:201.01ms
step:2814/4740 train_time:565754ms step_avg:201.05ms
step:2815/4740 train_time:565934ms step_avg:201.04ms
step:2816/4740 train_time:566254ms step_avg:201.08ms
step:2817/4740 train_time:566437ms step_avg:201.08ms
step:2818/4740 train_time:566758ms step_avg:201.12ms
step:2819/4740 train_time:566942ms step_avg:201.11ms
step:2820/4740 train_time:567265ms step_avg:201.16ms
step:2821/4740 train_time:567447ms step_avg:201.15ms
step:2822/4740 train_time:567769ms step_avg:201.19ms
step:2823/4740 train_time:567951ms step_avg:201.19ms
step:2824/4740 train_time:568274ms step_avg:201.23ms
step:2825/4740 train_time:568453ms step_avg:201.22ms
step:2826/4740 train_time:568777ms step_avg:201.27ms
step:2827/4740 train_time:568960ms step_avg:201.26ms
step:2828/4740 train_time:569280ms step_avg:201.30ms
step:2829/4740 train_time:569467ms step_avg:201.30ms
step:2830/4740 train_time:569790ms step_avg:201.34ms
step:2831/4740 train_time:569971ms step_avg:201.33ms
step:2832/4740 train_time:570294ms step_avg:201.38ms
step:2833/4740 train_time:570478ms step_avg:201.37ms
step:2834/4740 train_time:570807ms step_avg:201.41ms
step:2835/4740 train_time:570986ms step_avg:201.41ms
step:2836/4740 train_time:571311ms step_avg:201.45ms
step:2837/4740 train_time:571493ms step_avg:201.44ms
step:2838/4740 train_time:571810ms step_avg:201.48ms
step:2839/4740 train_time:571996ms step_avg:201.48ms
step:2840/4740 train_time:572318ms step_avg:201.52ms
step:2841/4740 train_time:572501ms step_avg:201.51ms
step:2842/4740 train_time:572822ms step_avg:201.56ms
step:2843/4740 train_time:573007ms step_avg:201.55ms
step:2844/4740 train_time:573327ms step_avg:201.59ms
step:2845/4740 train_time:573511ms step_avg:201.59ms
step:2846/4740 train_time:573831ms step_avg:201.63ms
step:2847/4740 train_time:574017ms step_avg:201.62ms
step:2848/4740 train_time:574338ms step_avg:201.66ms
step:2849/4740 train_time:574520ms step_avg:201.66ms
step:2850/4740 train_time:574846ms step_avg:201.70ms
step:2851/4740 train_time:575030ms step_avg:201.69ms
step:2852/4740 train_time:575352ms step_avg:201.74ms
step:2853/4740 train_time:575532ms step_avg:201.73ms
step:2854/4740 train_time:575854ms step_avg:201.77ms
step:2855/4740 train_time:576038ms step_avg:201.76ms
step:2856/4740 train_time:576361ms step_avg:201.81ms
step:2857/4740 train_time:576541ms step_avg:201.80ms
step:2858/4740 train_time:576865ms step_avg:201.84ms
step:2859/4740 train_time:577049ms step_avg:201.84ms
step:2860/4740 train_time:577374ms step_avg:201.88ms
step:2861/4740 train_time:577554ms step_avg:201.87ms
step:2862/4740 train_time:577875ms step_avg:201.91ms
step:2863/4740 train_time:578059ms step_avg:201.91ms
step:2864/4740 train_time:578382ms step_avg:201.95ms
step:2865/4740 train_time:578564ms step_avg:201.94ms
step:2866/4740 train_time:578886ms step_avg:201.98ms
step:2867/4740 train_time:579067ms step_avg:201.98ms
step:2868/4740 train_time:579390ms step_avg:202.02ms
step:2869/4740 train_time:579572ms step_avg:202.01ms
step:2870/4740 train_time:579897ms step_avg:202.05ms
step:2871/4740 train_time:580080ms step_avg:202.05ms
step:2872/4740 train_time:580404ms step_avg:202.09ms
step:2873/4740 train_time:580585ms step_avg:202.08ms
step:2874/4740 train_time:580903ms step_avg:202.12ms
step:2875/4740 train_time:581086ms step_avg:202.12ms
step:2876/4740 train_time:581407ms step_avg:202.16ms
step:2877/4740 train_time:581588ms step_avg:202.15ms
step:2878/4740 train_time:581909ms step_avg:202.19ms
step:2879/4740 train_time:582096ms step_avg:202.19ms
step:2880/4740 train_time:582419ms step_avg:202.23ms
step:2881/4740 train_time:582601ms step_avg:202.22ms
step:2882/4740 train_time:582927ms step_avg:202.26ms
step:2883/4740 train_time:583107ms step_avg:202.26ms
step:2884/4740 train_time:583432ms step_avg:202.30ms
step:2885/4740 train_time:583615ms step_avg:202.29ms
step:2886/4740 train_time:583939ms step_avg:202.33ms
step:2887/4740 train_time:584120ms step_avg:202.33ms
step:2888/4740 train_time:584444ms step_avg:202.37ms
step:2889/4740 train_time:584627ms step_avg:202.36ms
step:2890/4740 train_time:584947ms step_avg:202.40ms
step:2891/4740 train_time:585134ms step_avg:202.40ms
step:2892/4740 train_time:585459ms step_avg:202.44ms
step:2893/4740 train_time:585645ms step_avg:202.44ms
step:2894/4740 train_time:585967ms step_avg:202.48ms
step:2895/4740 train_time:586150ms step_avg:202.47ms
step:2896/4740 train_time:586469ms step_avg:202.51ms
step:2897/4740 train_time:586650ms step_avg:202.50ms
step:2898/4740 train_time:586971ms step_avg:202.54ms
step:2899/4740 train_time:587156ms step_avg:202.54ms
step:2900/4740 train_time:587476ms step_avg:202.58ms
step:2901/4740 train_time:587658ms step_avg:202.57ms
step:2902/4740 train_time:587979ms step_avg:202.61ms
step:2903/4740 train_time:588163ms step_avg:202.61ms
step:2904/4740 train_time:588485ms step_avg:202.65ms
step:2905/4740 train_time:588667ms step_avg:202.64ms
step:2906/4740 train_time:588988ms step_avg:202.68ms
step:2907/4740 train_time:589171ms step_avg:202.67ms
step:2908/4740 train_time:589494ms step_avg:202.71ms
step:2909/4740 train_time:589678ms step_avg:202.71ms
step:2910/4740 train_time:590006ms step_avg:202.75ms
step:2911/4740 train_time:590187ms step_avg:202.74ms
step:2912/4740 train_time:590509ms step_avg:202.78ms
step:2913/4740 train_time:590690ms step_avg:202.78ms
step:2914/4740 train_time:591014ms step_avg:202.82ms
step:2915/4740 train_time:591199ms step_avg:202.81ms
step:2916/4740 train_time:591517ms step_avg:202.85ms
step:2917/4740 train_time:591702ms step_avg:202.85ms
step:2918/4740 train_time:592023ms step_avg:202.89ms
step:2919/4740 train_time:592210ms step_avg:202.88ms
step:2920/4740 train_time:592531ms step_avg:202.92ms
step:2921/4740 train_time:592714ms step_avg:202.91ms
step:2922/4740 train_time:593034ms step_avg:202.95ms
step:2923/4740 train_time:593216ms step_avg:202.95ms
step:2924/4740 train_time:593539ms step_avg:202.99ms
step:2925/4740 train_time:593725ms step_avg:202.98ms
step:2926/4740 train_time:594047ms step_avg:203.02ms
step:2927/4740 train_time:594231ms step_avg:203.02ms
step:2928/4740 train_time:594555ms step_avg:203.06ms
step:2929/4740 train_time:594739ms step_avg:203.05ms
step:2930/4740 train_time:595058ms step_avg:203.09ms
step:2931/4740 train_time:595242ms step_avg:203.09ms
step:2932/4740 train_time:595567ms step_avg:203.13ms
step:2933/4740 train_time:595751ms step_avg:203.12ms
step:2934/4740 train_time:596070ms step_avg:203.16ms
step:2935/4740 train_time:596253ms step_avg:203.15ms
step:2936/4740 train_time:596578ms step_avg:203.19ms
step:2937/4740 train_time:596763ms step_avg:203.19ms
step:2938/4740 train_time:597085ms step_avg:203.23ms
step:2939/4740 train_time:597265ms step_avg:203.22ms
step:2940/4740 train_time:597589ms step_avg:203.26ms
step:2941/4740 train_time:597766ms step_avg:203.25ms
step:2942/4740 train_time:598091ms step_avg:203.29ms
step:2943/4740 train_time:598277ms step_avg:203.29ms
step:2944/4740 train_time:598599ms step_avg:203.33ms
step:2945/4740 train_time:598781ms step_avg:203.32ms
step:2946/4740 train_time:599103ms step_avg:203.36ms
step:2947/4740 train_time:599284ms step_avg:203.35ms
step:2948/4740 train_time:599609ms step_avg:203.40ms
step:2949/4740 train_time:599791ms step_avg:203.39ms
step:2950/4740 train_time:600112ms step_avg:203.43ms
step:2951/4740 train_time:600294ms step_avg:203.42ms
step:2952/4740 train_time:600619ms step_avg:203.46ms
step:2953/4740 train_time:600799ms step_avg:203.45ms
step:2954/4740 train_time:601122ms step_avg:203.49ms
step:2955/4740 train_time:601304ms step_avg:203.49ms
step:2956/4740 train_time:601630ms step_avg:203.53ms
step:2957/4740 train_time:601811ms step_avg:203.52ms
step:2958/4740 train_time:602136ms step_avg:203.56ms
step:2959/4740 train_time:602318ms step_avg:203.55ms
step:2960/4740 train_time:602642ms step_avg:203.60ms
step:2961/4740 train_time:602825ms step_avg:203.59ms
step:2962/4740 train_time:603149ms step_avg:203.63ms
step:2963/4740 train_time:603330ms step_avg:203.62ms
step:2964/4740 train_time:603651ms step_avg:203.66ms
step:2965/4740 train_time:603833ms step_avg:203.65ms
step:2966/4740 train_time:604151ms step_avg:203.69ms
step:2967/4740 train_time:604338ms step_avg:203.69ms
step:2968/4740 train_time:604661ms step_avg:203.73ms
step:2969/4740 train_time:604848ms step_avg:203.72ms
step:2970/4740 train_time:605170ms step_avg:203.76ms
step:2971/4740 train_time:605355ms step_avg:203.75ms
step:2972/4740 train_time:605674ms step_avg:203.79ms
step:2973/4740 train_time:605857ms step_avg:203.79ms
step:2974/4740 train_time:606178ms step_avg:203.83ms
step:2975/4740 train_time:606362ms step_avg:203.82ms
step:2976/4740 train_time:606685ms step_avg:203.86ms
step:2977/4740 train_time:606867ms step_avg:203.85ms
step:2978/4740 train_time:607185ms step_avg:203.89ms
step:2979/4740 train_time:607369ms step_avg:203.88ms
step:2980/4740 train_time:607693ms step_avg:203.92ms
step:2981/4740 train_time:607870ms step_avg:203.91ms
step:2982/4740 train_time:608194ms step_avg:203.96ms
step:2983/4740 train_time:608377ms step_avg:203.95ms
step:2984/4740 train_time:608700ms step_avg:203.99ms
step:2985/4740 train_time:608885ms step_avg:203.98ms
step:2986/4740 train_time:609211ms step_avg:204.02ms
step:2987/4740 train_time:609393ms step_avg:204.02ms
step:2988/4740 train_time:609712ms step_avg:204.05ms
step:2989/4740 train_time:609899ms step_avg:204.05ms
step:2990/4740 train_time:610222ms step_avg:204.09ms
step:2991/4740 train_time:610405ms step_avg:204.08ms
step:2992/4740 train_time:610728ms step_avg:204.12ms
step:2993/4740 train_time:610909ms step_avg:204.11ms
step:2994/4740 train_time:611232ms step_avg:204.15ms
step:2995/4740 train_time:611412ms step_avg:204.14ms
step:2996/4740 train_time:611732ms step_avg:204.18ms
step:2997/4740 train_time:611915ms step_avg:204.18ms
step:2998/4740 train_time:612236ms step_avg:204.21ms
step:2999/4740 train_time:612419ms step_avg:204.21ms
step:3000/4740 train_time:612742ms step_avg:204.25ms
step:3000/4740 val_loss:3.1175 train_time:612868ms step_avg:204.29ms
step:3001/4740 train_time:612924ms step_avg:204.24ms
step:3002/4740 train_time:613260ms step_avg:204.28ms
step:3003/4740 train_time:613436ms step_avg:204.27ms
step:3004/4740 train_time:613752ms step_avg:204.31ms
step:3005/4740 train_time:613934ms step_avg:204.30ms
step:3006/4740 train_time:614259ms step_avg:204.34ms
step:3007/4740 train_time:614443ms step_avg:204.34ms
step:3008/4740 train_time:614764ms step_avg:204.38ms
step:3009/4740 train_time:614945ms step_avg:204.37ms
step:3010/4740 train_time:615268ms step_avg:204.41ms
step:3011/4740 train_time:615459ms step_avg:204.40ms
step:3012/4740 train_time:615779ms step_avg:204.44ms
step:3013/4740 train_time:615962ms step_avg:204.43ms
step:3014/4740 train_time:616284ms step_avg:204.47ms
step:3015/4740 train_time:616471ms step_avg:204.47ms
step:3016/4740 train_time:616794ms step_avg:204.51ms
step:3017/4740 train_time:616977ms step_avg:204.50ms
step:3018/4740 train_time:617298ms step_avg:204.54ms
step:3019/4740 train_time:617480ms step_avg:204.53ms
step:3020/4740 train_time:617806ms step_avg:204.57ms
step:3021/4740 train_time:617984ms step_avg:204.56ms
step:3022/4740 train_time:618307ms step_avg:204.60ms
step:3023/4740 train_time:618488ms step_avg:204.59ms
step:3024/4740 train_time:618815ms step_avg:204.63ms
step:3025/4740 train_time:618995ms step_avg:204.63ms
step:3026/4740 train_time:619315ms step_avg:204.66ms
step:3027/4740 train_time:619497ms step_avg:204.66ms
step:3028/4740 train_time:619820ms step_avg:204.70ms
step:3029/4740 train_time:620002ms step_avg:204.69ms
step:3030/4740 train_time:620327ms step_avg:204.73ms
step:3031/4740 train_time:620507ms step_avg:204.72ms
step:3032/4740 train_time:620832ms step_avg:204.76ms
step:3033/4740 train_time:621013ms step_avg:204.75ms
step:3034/4740 train_time:621337ms step_avg:204.79ms
step:3035/4740 train_time:621518ms step_avg:204.78ms
step:3036/4740 train_time:621839ms step_avg:204.82ms
step:3037/4740 train_time:622023ms step_avg:204.82ms
step:3038/4740 train_time:622346ms step_avg:204.85ms
step:3039/4740 train_time:622530ms step_avg:204.85ms
step:3040/4740 train_time:622852ms step_avg:204.89ms
step:3041/4740 train_time:623033ms step_avg:204.88ms
step:3042/4740 train_time:623354ms step_avg:204.92ms
step:3043/4740 train_time:623535ms step_avg:204.91ms
step:3044/4740 train_time:623857ms step_avg:204.95ms
step:3045/4740 train_time:624044ms step_avg:204.94ms
step:3046/4740 train_time:624366ms step_avg:204.98ms
step:3047/4740 train_time:624549ms step_avg:204.97ms
step:3048/4740 train_time:624870ms step_avg:205.01ms
step:3049/4740 train_time:625054ms step_avg:205.00ms
step:3050/4740 train_time:625376ms step_avg:205.04ms
step:3051/4740 train_time:625557ms step_avg:205.03ms
step:3052/4740 train_time:625879ms step_avg:205.07ms
step:3053/4740 train_time:626063ms step_avg:205.06ms
step:3054/4740 train_time:626385ms step_avg:205.10ms
step:3055/4740 train_time:626568ms step_avg:205.10ms
step:3056/4740 train_time:626890ms step_avg:205.13ms
step:3057/4740 train_time:627070ms step_avg:205.13ms
step:3058/4740 train_time:627392ms step_avg:205.16ms
step:3059/4740 train_time:627571ms step_avg:205.16ms
step:3060/4740 train_time:627894ms step_avg:205.19ms
step:3061/4740 train_time:628078ms step_avg:205.19ms
step:3062/4740 train_time:628399ms step_avg:205.23ms
step:3063/4740 train_time:628581ms step_avg:205.22ms
step:3064/4740 train_time:628903ms step_avg:205.26ms
step:3065/4740 train_time:629087ms step_avg:205.25ms
step:3066/4740 train_time:629410ms step_avg:205.29ms
step:3067/4740 train_time:629593ms step_avg:205.28ms
step:3068/4740 train_time:629909ms step_avg:205.32ms
step:3069/4740 train_time:630095ms step_avg:205.31ms
step:3070/4740 train_time:630418ms step_avg:205.35ms
step:3071/4740 train_time:630598ms step_avg:205.34ms
step:3072/4740 train_time:630920ms step_avg:205.38ms
step:3073/4740 train_time:631100ms step_avg:205.37ms
step:3074/4740 train_time:631424ms step_avg:205.41ms
step:3075/4740 train_time:631606ms step_avg:205.40ms
step:3076/4740 train_time:631925ms step_avg:205.44ms
step:3077/4740 train_time:632109ms step_avg:205.43ms
step:3078/4740 train_time:632430ms step_avg:205.47ms
step:3079/4740 train_time:632612ms step_avg:205.46ms
step:3080/4740 train_time:632936ms step_avg:205.50ms
step:3081/4740 train_time:633118ms step_avg:205.49ms
step:3082/4740 train_time:633438ms step_avg:205.53ms
step:3083/4740 train_time:633619ms step_avg:205.52ms
step:3084/4740 train_time:633943ms step_avg:205.56ms
step:3085/4740 train_time:634126ms step_avg:205.55ms
step:3086/4740 train_time:634447ms step_avg:205.59ms
step:3087/4740 train_time:634630ms step_avg:205.58ms
step:3088/4740 train_time:634950ms step_avg:205.62ms
step:3089/4740 train_time:635136ms step_avg:205.61ms
step:3090/4740 train_time:635460ms step_avg:205.65ms
step:3091/4740 train_time:635643ms step_avg:205.64ms
step:3092/4740 train_time:635967ms step_avg:205.68ms
step:3093/4740 train_time:636149ms step_avg:205.67ms
step:3094/4740 train_time:636470ms step_avg:205.71ms
step:3095/4740 train_time:636652ms step_avg:205.70ms
step:3096/4740 train_time:636974ms step_avg:205.74ms
step:3097/4740 train_time:637155ms step_avg:205.73ms
step:3098/4740 train_time:637478ms step_avg:205.77ms
step:3099/4740 train_time:637663ms step_avg:205.76ms
step:3100/4740 train_time:637985ms step_avg:205.80ms
step:3101/4740 train_time:638168ms step_avg:205.79ms
step:3102/4740 train_time:638488ms step_avg:205.83ms
step:3103/4740 train_time:638670ms step_avg:205.82ms
step:3104/4740 train_time:638992ms step_avg:205.86ms
step:3105/4740 train_time:639177ms step_avg:205.85ms
step:3106/4740 train_time:639499ms step_avg:205.89ms
step:3107/4740 train_time:639684ms step_avg:205.88ms
step:3108/4740 train_time:640010ms step_avg:205.92ms
step:3109/4740 train_time:640189ms step_avg:205.91ms
step:3110/4740 train_time:640511ms step_avg:205.95ms
step:3111/4740 train_time:640698ms step_avg:205.95ms
step:3112/4740 train_time:641020ms step_avg:205.98ms
step:3113/4740 train_time:641201ms step_avg:205.98ms
step:3114/4740 train_time:641520ms step_avg:206.01ms
step:3115/4740 train_time:641704ms step_avg:206.00ms
step:3116/4740 train_time:642027ms step_avg:206.04ms
step:3117/4740 train_time:642206ms step_avg:206.03ms
step:3118/4740 train_time:642530ms step_avg:206.07ms
step:3119/4740 train_time:642708ms step_avg:206.06ms
step:3120/4740 train_time:643031ms step_avg:206.10ms
step:3121/4740 train_time:643210ms step_avg:206.09ms
step:3122/4740 train_time:643532ms step_avg:206.13ms
step:3123/4740 train_time:643715ms step_avg:206.12ms
step:3124/4740 train_time:644035ms step_avg:206.16ms
step:3125/4740 train_time:644222ms step_avg:206.15ms
step:3126/4740 train_time:644542ms step_avg:206.19ms
step:3127/4740 train_time:644724ms step_avg:206.18ms
step:3128/4740 train_time:645049ms step_avg:206.22ms
step:3129/4740 train_time:645233ms step_avg:206.21ms
step:3130/4740 train_time:645558ms step_avg:206.25ms
step:3131/4740 train_time:645743ms step_avg:206.24ms
step:3132/4740 train_time:646065ms step_avg:206.28ms
step:3133/4740 train_time:646251ms step_avg:206.27ms
step:3134/4740 train_time:646571ms step_avg:206.31ms
step:3135/4740 train_time:646757ms step_avg:206.30ms
step:3136/4740 train_time:647083ms step_avg:206.34ms
step:3137/4740 train_time:647265ms step_avg:206.33ms
step:3138/4740 train_time:647588ms step_avg:206.37ms
step:3139/4740 train_time:647768ms step_avg:206.36ms
step:3140/4740 train_time:648089ms step_avg:206.40ms
step:3141/4740 train_time:648272ms step_avg:206.39ms
step:3142/4740 train_time:648598ms step_avg:206.43ms
step:3143/4740 train_time:648778ms step_avg:206.42ms
step:3144/4740 train_time:649095ms step_avg:206.46ms
step:3145/4740 train_time:649285ms step_avg:206.45ms
step:3146/4740 train_time:649609ms step_avg:206.49ms
step:3147/4740 train_time:649788ms step_avg:206.48ms
step:3148/4740 train_time:650112ms step_avg:206.52ms
step:3149/4740 train_time:650292ms step_avg:206.51ms
step:3150/4740 train_time:650613ms step_avg:206.54ms
step:3151/4740 train_time:650797ms step_avg:206.54ms
step:3152/4740 train_time:651124ms step_avg:206.57ms
step:3153/4740 train_time:651305ms step_avg:206.57ms
step:3154/4740 train_time:651629ms step_avg:206.60ms
step:3155/4740 train_time:651811ms step_avg:206.60ms
step:3156/4740 train_time:652135ms step_avg:206.63ms
step:3157/4740 train_time:652315ms step_avg:206.62ms
step:3158/4740 train_time:652636ms step_avg:206.66ms
step:3159/4740 train_time:652824ms step_avg:206.66ms
step:3160/4740 train_time:653148ms step_avg:206.69ms
step:3161/4740 train_time:653333ms step_avg:206.69ms
step:3162/4740 train_time:653654ms step_avg:206.72ms
step:3163/4740 train_time:653839ms step_avg:206.71ms
step:3164/4740 train_time:654165ms step_avg:206.75ms
step:3165/4740 train_time:654346ms step_avg:206.74ms
step:3166/4740 train_time:654665ms step_avg:206.78ms
step:3167/4740 train_time:654850ms step_avg:206.77ms
step:3168/4740 train_time:655170ms step_avg:206.81ms
step:3169/4740 train_time:655356ms step_avg:206.80ms
step:3170/4740 train_time:655672ms step_avg:206.84ms
step:3171/4740 train_time:655861ms step_avg:206.83ms
step:3172/4740 train_time:656185ms step_avg:206.87ms
step:3173/4740 train_time:656365ms step_avg:206.86ms
step:3174/4740 train_time:656682ms step_avg:206.89ms
step:3175/4740 train_time:656869ms step_avg:206.89ms
step:3176/4740 train_time:657193ms step_avg:206.92ms
step:3177/4740 train_time:657376ms step_avg:206.92ms
step:3178/4740 train_time:657701ms step_avg:206.95ms
step:3179/4740 train_time:657886ms step_avg:206.95ms
step:3180/4740 train_time:658210ms step_avg:206.98ms
step:3181/4740 train_time:658389ms step_avg:206.98ms
step:3182/4740 train_time:658715ms step_avg:207.01ms
step:3183/4740 train_time:658897ms step_avg:207.01ms
step:3184/4740 train_time:659224ms step_avg:207.04ms
step:3185/4740 train_time:659405ms step_avg:207.03ms
step:3186/4740 train_time:659729ms step_avg:207.07ms
step:3187/4740 train_time:659914ms step_avg:207.06ms
step:3188/4740 train_time:660242ms step_avg:207.10ms
step:3189/4740 train_time:660423ms step_avg:207.09ms
step:3190/4740 train_time:660747ms step_avg:207.13ms
step:3191/4740 train_time:660930ms step_avg:207.12ms
step:3192/4740 train_time:661255ms step_avg:207.16ms
step:3193/4740 train_time:661435ms step_avg:207.15ms
step:3194/4740 train_time:661761ms step_avg:207.19ms
step:3195/4740 train_time:661948ms step_avg:207.18ms
step:3196/4740 train_time:662270ms step_avg:207.22ms
step:3197/4740 train_time:662456ms step_avg:207.21ms
step:3198/4740 train_time:662785ms step_avg:207.25ms
step:3199/4740 train_time:662965ms step_avg:207.24ms
step:3200/4740 train_time:663288ms step_avg:207.28ms
step:3201/4740 train_time:663473ms step_avg:207.27ms
step:3202/4740 train_time:663792ms step_avg:207.31ms
step:3203/4740 train_time:663974ms step_avg:207.30ms
step:3204/4740 train_time:664294ms step_avg:207.33ms
step:3205/4740 train_time:664479ms step_avg:207.33ms
step:3206/4740 train_time:664804ms step_avg:207.36ms
step:3207/4740 train_time:664989ms step_avg:207.36ms
step:3208/4740 train_time:665311ms step_avg:207.39ms
step:3209/4740 train_time:665491ms step_avg:207.38ms
step:3210/4740 train_time:665817ms step_avg:207.42ms
step:3211/4740 train_time:665995ms step_avg:207.41ms
step:3212/4740 train_time:666318ms step_avg:207.45ms
step:3213/4740 train_time:666499ms step_avg:207.44ms
step:3214/4740 train_time:666822ms step_avg:207.47ms
step:3215/4740 train_time:667002ms step_avg:207.47ms
step:3216/4740 train_time:667328ms step_avg:207.50ms
step:3217/4740 train_time:667507ms step_avg:207.49ms
step:3218/4740 train_time:667830ms step_avg:207.53ms
step:3219/4740 train_time:668014ms step_avg:207.52ms
step:3220/4740 train_time:668337ms step_avg:207.56ms
step:3221/4740 train_time:668520ms step_avg:207.55ms
step:3222/4740 train_time:668841ms step_avg:207.59ms
step:3223/4740 train_time:669024ms step_avg:207.58ms
step:3224/4740 train_time:669342ms step_avg:207.61ms
step:3225/4740 train_time:669531ms step_avg:207.61ms
step:3226/4740 train_time:669858ms step_avg:207.64ms
step:3227/4740 train_time:670040ms step_avg:207.64ms
step:3228/4740 train_time:670365ms step_avg:207.67ms
step:3229/4740 train_time:670546ms step_avg:207.66ms
step:3230/4740 train_time:670871ms step_avg:207.70ms
step:3231/4740 train_time:671051ms step_avg:207.69ms
step:3232/4740 train_time:671376ms step_avg:207.73ms
step:3233/4740 train_time:671561ms step_avg:207.72ms
step:3234/4740 train_time:671885ms step_avg:207.76ms
step:3235/4740 train_time:672069ms step_avg:207.75ms
step:3236/4740 train_time:672389ms step_avg:207.78ms
step:3237/4740 train_time:672575ms step_avg:207.78ms
step:3238/4740 train_time:672895ms step_avg:207.81ms
step:3239/4740 train_time:673080ms step_avg:207.80ms
step:3240/4740 train_time:673402ms step_avg:207.84ms
step:3241/4740 train_time:673588ms step_avg:207.83ms
step:3242/4740 train_time:673911ms step_avg:207.87ms
step:3243/4740 train_time:674094ms step_avg:207.86ms
step:3244/4740 train_time:674419ms step_avg:207.90ms
step:3245/4740 train_time:674603ms step_avg:207.89ms
step:3246/4740 train_time:674924ms step_avg:207.92ms
step:3247/4740 train_time:675107ms step_avg:207.92ms
step:3248/4740 train_time:675432ms step_avg:207.95ms
step:3249/4740 train_time:675614ms step_avg:207.95ms
step:3250/4740 train_time:675941ms step_avg:207.98ms
step:3250/4740 val_loss:3.0970 train_time:676065ms step_avg:208.02ms
step:3251/4740 train_time:676121ms step_avg:207.97ms
step:3252/4740 train_time:676455ms step_avg:208.01ms
step:3253/4740 train_time:676635ms step_avg:208.00ms
step:3254/4740 train_time:676953ms step_avg:208.04ms
step:3255/4740 train_time:677131ms step_avg:208.03ms
step:3256/4740 train_time:677463ms step_avg:208.07ms
step:3257/4740 train_time:677649ms step_avg:208.06ms
step:3258/4740 train_time:677968ms step_avg:208.09ms
step:3259/4740 train_time:678150ms step_avg:208.09ms
step:3260/4740 train_time:678472ms step_avg:208.12ms
step:3261/4740 train_time:678654ms step_avg:208.11ms
step:3262/4740 train_time:678975ms step_avg:208.15ms
step:3263/4740 train_time:679156ms step_avg:208.14ms
step:3264/4740 train_time:679479ms step_avg:208.17ms
step:3265/4740 train_time:679664ms step_avg:208.17ms
step:3266/4740 train_time:679984ms step_avg:208.20ms
step:3267/4740 train_time:680166ms step_avg:208.19ms
step:3268/4740 train_time:680488ms step_avg:208.23ms
step:3269/4740 train_time:680673ms step_avg:208.22ms
step:3270/4740 train_time:680994ms step_avg:208.25ms
step:3271/4740 train_time:681175ms step_avg:208.25ms
step:3272/4740 train_time:681496ms step_avg:208.28ms
step:3273/4740 train_time:681680ms step_avg:208.27ms
step:3274/4740 train_time:682003ms step_avg:208.31ms
step:3275/4740 train_time:682183ms step_avg:208.30ms
step:3276/4740 train_time:682509ms step_avg:208.34ms
step:3277/4740 train_time:682689ms step_avg:208.33ms
step:3278/4740 train_time:683014ms step_avg:208.36ms
step:3279/4740 train_time:683192ms step_avg:208.35ms
step:3280/4740 train_time:683517ms step_avg:208.39ms
step:3281/4740 train_time:683698ms step_avg:208.38ms
step:3282/4740 train_time:684019ms step_avg:208.42ms
step:3283/4740 train_time:684201ms step_avg:208.41ms
step:3284/4740 train_time:684528ms step_avg:208.44ms
step:3285/4740 train_time:684709ms step_avg:208.43ms
step:3286/4740 train_time:685030ms step_avg:208.47ms
step:3287/4740 train_time:685212ms step_avg:208.46ms
step:3288/4740 train_time:685537ms step_avg:208.50ms
step:3289/4740 train_time:685716ms step_avg:208.49ms
step:3290/4740 train_time:686038ms step_avg:208.52ms
step:3291/4740 train_time:686222ms step_avg:208.51ms
step:3292/4740 train_time:686547ms step_avg:208.55ms
step:3293/4740 train_time:686727ms step_avg:208.54ms
step:3294/4740 train_time:687049ms step_avg:208.58ms
step:3295/4740 train_time:687228ms step_avg:208.57ms
step:3296/4740 train_time:687555ms step_avg:208.60ms
step:3297/4740 train_time:687737ms step_avg:208.59ms
step:3298/4740 train_time:688060ms step_avg:208.63ms
step:3299/4740 train_time:688242ms step_avg:208.62ms
step:3300/4740 train_time:688569ms step_avg:208.66ms
step:3301/4740 train_time:688748ms step_avg:208.65ms
step:3302/4740 train_time:689069ms step_avg:208.68ms
step:3303/4740 train_time:689250ms step_avg:208.67ms
step:3304/4740 train_time:689574ms step_avg:208.71ms
step:3305/4740 train_time:689758ms step_avg:208.70ms
step:3306/4740 train_time:690082ms step_avg:208.74ms
step:3307/4740 train_time:690264ms step_avg:208.73ms
step:3308/4740 train_time:690590ms step_avg:208.76ms
step:3309/4740 train_time:690770ms step_avg:208.75ms
step:3310/4740 train_time:691095ms step_avg:208.79ms
step:3311/4740 train_time:691276ms step_avg:208.78ms
step:3312/4740 train_time:691599ms step_avg:208.82ms
step:3313/4740 train_time:691779ms step_avg:208.81ms
step:3314/4740 train_time:692101ms step_avg:208.84ms
step:3315/4740 train_time:692285ms step_avg:208.83ms
step:3316/4740 train_time:692609ms step_avg:208.87ms
step:3317/4740 train_time:692794ms step_avg:208.86ms
step:3318/4740 train_time:693117ms step_avg:208.90ms
step:3319/4740 train_time:693298ms step_avg:208.89ms
step:3320/4740 train_time:693621ms step_avg:208.92ms
step:3321/4740 train_time:693802ms step_avg:208.91ms
step:3322/4740 train_time:694126ms step_avg:208.95ms
step:3323/4740 train_time:694311ms step_avg:208.94ms
step:3324/4740 train_time:694634ms step_avg:208.98ms
step:3325/4740 train_time:694820ms step_avg:208.97ms
step:3326/4740 train_time:695139ms step_avg:209.00ms
step:3327/4740 train_time:695325ms step_avg:208.99ms
step:3328/4740 train_time:695646ms step_avg:209.03ms
step:3329/4740 train_time:695832ms step_avg:209.02ms
step:3330/4740 train_time:696152ms step_avg:209.05ms
step:3331/4740 train_time:696337ms step_avg:209.05ms
step:3332/4740 train_time:696660ms step_avg:209.08ms
step:3333/4740 train_time:696844ms step_avg:209.07ms
step:3334/4740 train_time:697170ms step_avg:209.11ms
step:3335/4740 train_time:697347ms step_avg:209.10ms
step:3336/4740 train_time:697673ms step_avg:209.13ms
step:3337/4740 train_time:697851ms step_avg:209.13ms
step:3338/4740 train_time:698173ms step_avg:209.16ms
step:3339/4740 train_time:698354ms step_avg:209.15ms
step:3340/4740 train_time:698677ms step_avg:209.18ms
step:3341/4740 train_time:698859ms step_avg:209.18ms
step:3342/4740 train_time:699186ms step_avg:209.21ms
step:3343/4740 train_time:699369ms step_avg:209.20ms
step:3344/4740 train_time:699693ms step_avg:209.24ms
step:3345/4740 train_time:699872ms step_avg:209.23ms
step:3346/4740 train_time:700198ms step_avg:209.26ms
step:3347/4740 train_time:700381ms step_avg:209.26ms
step:3348/4740 train_time:700704ms step_avg:209.29ms
step:3349/4740 train_time:700888ms step_avg:209.28ms
step:3350/4740 train_time:701213ms step_avg:209.32ms
step:3351/4740 train_time:701401ms step_avg:209.31ms
step:3352/4740 train_time:701722ms step_avg:209.34ms
step:3353/4740 train_time:701906ms step_avg:209.34ms
step:3354/4740 train_time:702229ms step_avg:209.37ms
step:3355/4740 train_time:702415ms step_avg:209.36ms
step:3356/4740 train_time:702739ms step_avg:209.40ms
step:3357/4740 train_time:702922ms step_avg:209.39ms
step:3358/4740 train_time:703250ms step_avg:209.43ms
step:3359/4740 train_time:703429ms step_avg:209.42ms
step:3360/4740 train_time:703755ms step_avg:209.45ms
step:3361/4740 train_time:703935ms step_avg:209.44ms
step:3362/4740 train_time:704258ms step_avg:209.48ms
step:3363/4740 train_time:704444ms step_avg:209.47ms
step:3364/4740 train_time:704769ms step_avg:209.50ms
step:3365/4740 train_time:704952ms step_avg:209.50ms
step:3366/4740 train_time:705272ms step_avg:209.53ms
step:3367/4740 train_time:705456ms step_avg:209.52ms
step:3368/4740 train_time:705776ms step_avg:209.55ms
step:3369/4740 train_time:705959ms step_avg:209.55ms
step:3370/4740 train_time:706282ms step_avg:209.58ms
step:3371/4740 train_time:706468ms step_avg:209.57ms
step:3372/4740 train_time:706789ms step_avg:209.61ms
step:3373/4740 train_time:706972ms step_avg:209.60ms
step:3374/4740 train_time:707295ms step_avg:209.63ms
step:3375/4740 train_time:707477ms step_avg:209.62ms
step:3376/4740 train_time:707801ms step_avg:209.66ms
step:3377/4740 train_time:707983ms step_avg:209.65ms
step:3378/4740 train_time:708305ms step_avg:209.68ms
step:3379/4740 train_time:708489ms step_avg:209.67ms
step:3380/4740 train_time:708808ms step_avg:209.71ms
step:3381/4740 train_time:708991ms step_avg:209.70ms
step:3382/4740 train_time:709314ms step_avg:209.73ms
step:3383/4740 train_time:709497ms step_avg:209.72ms
step:3384/4740 train_time:709819ms step_avg:209.76ms
step:3385/4740 train_time:710000ms step_avg:209.75ms
step:3386/4740 train_time:710328ms step_avg:209.78ms
step:3387/4740 train_time:710513ms step_avg:209.78ms
step:3388/4740 train_time:710834ms step_avg:209.81ms
step:3389/4740 train_time:711017ms step_avg:209.80ms
step:3390/4740 train_time:711339ms step_avg:209.83ms
step:3391/4740 train_time:711524ms step_avg:209.83ms
step:3392/4740 train_time:711845ms step_avg:209.86ms
step:3393/4740 train_time:712026ms step_avg:209.85ms
step:3394/4740 train_time:712350ms step_avg:209.88ms
step:3395/4740 train_time:712536ms step_avg:209.88ms
step:3396/4740 train_time:712857ms step_avg:209.91ms
step:3397/4740 train_time:713040ms step_avg:209.90ms
step:3398/4740 train_time:713364ms step_avg:209.94ms
step:3399/4740 train_time:713550ms step_avg:209.93ms
step:3400/4740 train_time:713872ms step_avg:209.96ms
step:3401/4740 train_time:714057ms step_avg:209.96ms
step:3402/4740 train_time:714377ms step_avg:209.99ms
step:3403/4740 train_time:714563ms step_avg:209.98ms
step:3404/4740 train_time:714890ms step_avg:210.01ms
step:3405/4740 train_time:715071ms step_avg:210.01ms
step:3406/4740 train_time:715393ms step_avg:210.04ms
step:3407/4740 train_time:715576ms step_avg:210.03ms
step:3408/4740 train_time:715899ms step_avg:210.06ms
step:3409/4740 train_time:716080ms step_avg:210.06ms
step:3410/4740 train_time:716400ms step_avg:210.09ms
step:3411/4740 train_time:716584ms step_avg:210.08ms
step:3412/4740 train_time:716912ms step_avg:210.11ms
step:3413/4740 train_time:717093ms step_avg:210.11ms
step:3414/4740 train_time:717417ms step_avg:210.14ms
step:3415/4740 train_time:717597ms step_avg:210.13ms
step:3416/4740 train_time:717925ms step_avg:210.17ms
step:3417/4740 train_time:718105ms step_avg:210.16ms
step:3418/4740 train_time:718426ms step_avg:210.19ms
step:3419/4740 train_time:718609ms step_avg:210.18ms
step:3420/4740 train_time:718931ms step_avg:210.21ms
step:3421/4740 train_time:719118ms step_avg:210.21ms
step:3422/4740 train_time:719438ms step_avg:210.24ms
step:3423/4740 train_time:719622ms step_avg:210.23ms
step:3424/4740 train_time:719942ms step_avg:210.26ms
step:3425/4740 train_time:720128ms step_avg:210.26ms
step:3426/4740 train_time:720451ms step_avg:210.29ms
step:3427/4740 train_time:720630ms step_avg:210.28ms
step:3428/4740 train_time:720952ms step_avg:210.31ms
step:3429/4740 train_time:721138ms step_avg:210.31ms
step:3430/4740 train_time:721460ms step_avg:210.34ms
step:3431/4740 train_time:721643ms step_avg:210.33ms
step:3432/4740 train_time:721968ms step_avg:210.36ms
step:3433/4740 train_time:722151ms step_avg:210.36ms
step:3434/4740 train_time:722473ms step_avg:210.39ms
step:3435/4740 train_time:722655ms step_avg:210.38ms
step:3436/4740 train_time:722976ms step_avg:210.41ms
step:3437/4740 train_time:723159ms step_avg:210.40ms
step:3438/4740 train_time:723481ms step_avg:210.44ms
step:3439/4740 train_time:723666ms step_avg:210.43ms
step:3440/4740 train_time:723992ms step_avg:210.46ms
step:3441/4740 train_time:724174ms step_avg:210.45ms
step:3442/4740 train_time:724499ms step_avg:210.49ms
step:3443/4740 train_time:724678ms step_avg:210.48ms
step:3444/4740 train_time:725003ms step_avg:210.51ms
step:3445/4740 train_time:725186ms step_avg:210.50ms
step:3446/4740 train_time:725510ms step_avg:210.54ms
step:3447/4740 train_time:725690ms step_avg:210.53ms
step:3448/4740 train_time:726013ms step_avg:210.56ms
step:3449/4740 train_time:726199ms step_avg:210.55ms
step:3450/4740 train_time:726521ms step_avg:210.59ms
step:3451/4740 train_time:726707ms step_avg:210.58ms
step:3452/4740 train_time:727031ms step_avg:210.61ms
step:3453/4740 train_time:727213ms step_avg:210.60ms
step:3454/4740 train_time:727533ms step_avg:210.64ms
step:3455/4740 train_time:727719ms step_avg:210.63ms
step:3456/4740 train_time:728043ms step_avg:210.66ms
step:3457/4740 train_time:728223ms step_avg:210.65ms
step:3458/4740 train_time:728552ms step_avg:210.69ms
step:3459/4740 train_time:728733ms step_avg:210.68ms
step:3460/4740 train_time:729056ms step_avg:210.71ms
step:3461/4740 train_time:729239ms step_avg:210.70ms
step:3462/4740 train_time:729564ms step_avg:210.73ms
step:3463/4740 train_time:729749ms step_avg:210.73ms
step:3464/4740 train_time:730072ms step_avg:210.76ms
step:3465/4740 train_time:730252ms step_avg:210.75ms
step:3466/4740 train_time:730575ms step_avg:210.78ms
step:3467/4740 train_time:730757ms step_avg:210.78ms
step:3468/4740 train_time:731081ms step_avg:210.81ms
step:3469/4740 train_time:731266ms step_avg:210.80ms
step:3470/4740 train_time:731589ms step_avg:210.83ms
step:3471/4740 train_time:731771ms step_avg:210.82ms
step:3472/4740 train_time:732094ms step_avg:210.86ms
step:3473/4740 train_time:732280ms step_avg:210.85ms
step:3474/4740 train_time:732602ms step_avg:210.88ms
step:3475/4740 train_time:732785ms step_avg:210.87ms
step:3476/4740 train_time:733106ms step_avg:210.91ms
step:3477/4740 train_time:733290ms step_avg:210.90ms
step:3478/4740 train_time:733613ms step_avg:210.93ms
step:3479/4740 train_time:733799ms step_avg:210.92ms
step:3480/4740 train_time:734124ms step_avg:210.96ms
step:3481/4740 train_time:734304ms step_avg:210.95ms
step:3482/4740 train_time:734629ms step_avg:210.98ms
step:3483/4740 train_time:734808ms step_avg:210.97ms
step:3484/4740 train_time:735133ms step_avg:211.00ms
step:3485/4740 train_time:735318ms step_avg:211.00ms
step:3486/4740 train_time:735643ms step_avg:211.03ms
step:3487/4740 train_time:735823ms step_avg:211.02ms
step:3488/4740 train_time:736149ms step_avg:211.05ms
step:3489/4740 train_time:736329ms step_avg:211.04ms
step:3490/4740 train_time:736653ms step_avg:211.08ms
step:3491/4740 train_time:736833ms step_avg:211.07ms
step:3492/4740 train_time:737152ms step_avg:211.10ms
step:3493/4740 train_time:737336ms step_avg:211.09ms
step:3494/4740 train_time:737665ms step_avg:211.12ms
step:3495/4740 train_time:737846ms step_avg:211.11ms
step:3496/4740 train_time:738169ms step_avg:211.15ms
step:3497/4740 train_time:738355ms step_avg:211.14ms
step:3498/4740 train_time:738671ms step_avg:211.17ms
step:3499/4740 train_time:738858ms step_avg:211.16ms
step:3500/4740 train_time:739180ms step_avg:211.19ms
step:3500/4740 val_loss:3.0630 train_time:739306ms step_avg:211.23ms
step:3501/4740 train_time:739364ms step_avg:211.19ms
step:3502/4740 train_time:739694ms step_avg:211.22ms
step:3503/4740 train_time:739873ms step_avg:211.21ms
step:3504/4740 train_time:740190ms step_avg:211.24ms
step:3505/4740 train_time:740368ms step_avg:211.23ms
step:3506/4740 train_time:740699ms step_avg:211.27ms
step:3507/4740 train_time:740883ms step_avg:211.26ms
step:3508/4740 train_time:741205ms step_avg:211.29ms
step:3509/4740 train_time:741381ms step_avg:211.28ms
step:3510/4740 train_time:741709ms step_avg:211.31ms
step:3511/4740 train_time:741894ms step_avg:211.31ms
step:3512/4740 train_time:742214ms step_avg:211.34ms
step:3513/4740 train_time:742396ms step_avg:211.33ms
step:3514/4740 train_time:742723ms step_avg:211.36ms
step:3515/4740 train_time:742906ms step_avg:211.35ms
step:3516/4740 train_time:743228ms step_avg:211.38ms
step:3517/4740 train_time:743411ms step_avg:211.38ms
step:3518/4740 train_time:743732ms step_avg:211.41ms
step:3519/4740 train_time:743917ms step_avg:211.40ms
step:3520/4740 train_time:744242ms step_avg:211.43ms
step:3521/4740 train_time:744422ms step_avg:211.42ms
step:3522/4740 train_time:744745ms step_avg:211.46ms
step:3523/4740 train_time:744931ms step_avg:211.45ms
step:3524/4740 train_time:745254ms step_avg:211.48ms
step:3525/4740 train_time:745436ms step_avg:211.47ms
step:3526/4740 train_time:745755ms step_avg:211.50ms
step:3527/4740 train_time:745942ms step_avg:211.49ms
step:3528/4740 train_time:746263ms step_avg:211.53ms
step:3529/4740 train_time:746448ms step_avg:211.52ms
step:3530/4740 train_time:746770ms step_avg:211.55ms
step:3531/4740 train_time:746952ms step_avg:211.54ms
step:3532/4740 train_time:747278ms step_avg:211.57ms
step:3533/4740 train_time:747460ms step_avg:211.57ms
step:3534/4740 train_time:747782ms step_avg:211.60ms
step:3535/4740 train_time:747965ms step_avg:211.59ms
step:3536/4740 train_time:748292ms step_avg:211.62ms
step:3537/4740 train_time:748475ms step_avg:211.61ms
step:3538/4740 train_time:748796ms step_avg:211.64ms
step:3539/4740 train_time:748977ms step_avg:211.64ms
step:3540/4740 train_time:749300ms step_avg:211.67ms
step:3541/4740 train_time:749484ms step_avg:211.66ms
step:3542/4740 train_time:749806ms step_avg:211.69ms
step:3543/4740 train_time:749986ms step_avg:211.68ms
step:3544/4740 train_time:750306ms step_avg:211.71ms
step:3545/4740 train_time:750488ms step_avg:211.70ms
step:3546/4740 train_time:750813ms step_avg:211.74ms
step:3547/4740 train_time:750994ms step_avg:211.73ms
step:3548/4740 train_time:751317ms step_avg:211.76ms
step:3549/4740 train_time:751500ms step_avg:211.75ms
step:3550/4740 train_time:751824ms step_avg:211.78ms
step:3551/4740 train_time:752006ms step_avg:211.77ms
step:3552/4740 train_time:752327ms step_avg:211.80ms
step:3553/4740 train_time:752513ms step_avg:211.80ms
step:3554/4740 train_time:752836ms step_avg:211.83ms
step:3555/4740 train_time:753020ms step_avg:211.82ms
step:3556/4740 train_time:753347ms step_avg:211.85ms
step:3557/4740 train_time:753529ms step_avg:211.84ms
step:3558/4740 train_time:753855ms step_avg:211.88ms
step:3559/4740 train_time:754039ms step_avg:211.87ms
step:3560/4740 train_time:754360ms step_avg:211.90ms
step:3561/4740 train_time:754543ms step_avg:211.89ms
step:3562/4740 train_time:754867ms step_avg:211.92ms
step:3563/4740 train_time:755047ms step_avg:211.91ms
step:3564/4740 train_time:755369ms step_avg:211.94ms
step:3565/4740 train_time:755551ms step_avg:211.94ms
step:3566/4740 train_time:755873ms step_avg:211.97ms
step:3567/4740 train_time:756056ms step_avg:211.96ms
step:3568/4740 train_time:756377ms step_avg:211.99ms
step:3569/4740 train_time:756557ms step_avg:211.98ms
step:3570/4740 train_time:756880ms step_avg:212.01ms
step:3571/4740 train_time:757063ms step_avg:212.00ms
step:3572/4740 train_time:757386ms step_avg:212.03ms
step:3573/4740 train_time:757564ms step_avg:212.02ms
step:3574/4740 train_time:757888ms step_avg:212.06ms
step:3575/4740 train_time:758071ms step_avg:212.05ms
step:3576/4740 train_time:758393ms step_avg:212.08ms
step:3577/4740 train_time:758574ms step_avg:212.07ms
step:3578/4740 train_time:758901ms step_avg:212.10ms
step:3579/4740 train_time:759083ms step_avg:212.09ms
step:3580/4740 train_time:759408ms step_avg:212.13ms
step:3581/4740 train_time:759593ms step_avg:212.12ms
step:3582/4740 train_time:759918ms step_avg:212.15ms
step:3583/4740 train_time:760102ms step_avg:212.14ms
step:3584/4740 train_time:760427ms step_avg:212.17ms
step:3585/4740 train_time:760606ms step_avg:212.16ms
step:3586/4740 train_time:760926ms step_avg:212.19ms
step:3587/4740 train_time:761112ms step_avg:212.19ms
step:3588/4740 train_time:761434ms step_avg:212.22ms
step:3589/4740 train_time:761619ms step_avg:212.21ms
step:3590/4740 train_time:761942ms step_avg:212.24ms
step:3591/4740 train_time:762126ms step_avg:212.23ms
step:3592/4740 train_time:762447ms step_avg:212.26ms
step:3593/4740 train_time:762633ms step_avg:212.26ms
step:3594/4740 train_time:762954ms step_avg:212.29ms
step:3595/4740 train_time:763137ms step_avg:212.28ms
step:3596/4740 train_time:763461ms step_avg:212.31ms
step:3597/4740 train_time:763643ms step_avg:212.30ms
step:3598/4740 train_time:763962ms step_avg:212.33ms
step:3599/4740 train_time:764150ms step_avg:212.32ms
step:3600/4740 train_time:764474ms step_avg:212.35ms
step:3601/4740 train_time:764653ms step_avg:212.34ms
step:3602/4740 train_time:764972ms step_avg:212.37ms
step:3603/4740 train_time:765160ms step_avg:212.37ms
step:3604/4740 train_time:765485ms step_avg:212.40ms
step:3605/4740 train_time:765667ms step_avg:212.39ms
step:3606/4740 train_time:765991ms step_avg:212.42ms
step:3607/4740 train_time:766170ms step_avg:212.41ms
step:3608/4740 train_time:766494ms step_avg:212.44ms
step:3609/4740 train_time:766674ms step_avg:212.43ms
step:3610/4740 train_time:766998ms step_avg:212.46ms
step:3611/4740 train_time:767180ms step_avg:212.46ms
step:3612/4740 train_time:767505ms step_avg:212.49ms
step:3613/4740 train_time:767689ms step_avg:212.48ms
step:3614/4740 train_time:768014ms step_avg:212.51ms
step:3615/4740 train_time:768196ms step_avg:212.50ms
step:3616/4740 train_time:768519ms step_avg:212.53ms
step:3617/4740 train_time:768708ms step_avg:212.53ms
step:3618/4740 train_time:769032ms step_avg:212.56ms
step:3619/4740 train_time:769211ms step_avg:212.55ms
step:3620/4740 train_time:769536ms step_avg:212.58ms
step:3621/4740 train_time:769717ms step_avg:212.57ms
step:3622/4740 train_time:770044ms step_avg:212.60ms
step:3623/4740 train_time:770225ms step_avg:212.59ms
step:3624/4740 train_time:770549ms step_avg:212.62ms
step:3625/4740 train_time:770730ms step_avg:212.62ms
step:3626/4740 train_time:771051ms step_avg:212.65ms
step:3627/4740 train_time:771239ms step_avg:212.64ms
step:3628/4740 train_time:771563ms step_avg:212.67ms
step:3629/4740 train_time:771747ms step_avg:212.66ms
step:3630/4740 train_time:772071ms step_avg:212.69ms
step:3631/4740 train_time:772253ms step_avg:212.68ms
step:3632/4740 train_time:772578ms step_avg:212.71ms
step:3633/4740 train_time:772760ms step_avg:212.71ms
step:3634/4740 train_time:773084ms step_avg:212.74ms
step:3635/4740 train_time:773266ms step_avg:212.73ms
step:3636/4740 train_time:773589ms step_avg:212.76ms
step:3637/4740 train_time:773773ms step_avg:212.75ms
step:3638/4740 train_time:774094ms step_avg:212.78ms
step:3639/4740 train_time:774276ms step_avg:212.77ms
step:3640/4740 train_time:774600ms step_avg:212.80ms
step:3641/4740 train_time:774782ms step_avg:212.79ms
step:3642/4740 train_time:775103ms step_avg:212.82ms
step:3643/4740 train_time:775288ms step_avg:212.82ms
step:3644/4740 train_time:775610ms step_avg:212.85ms
step:3645/4740 train_time:775798ms step_avg:212.84ms
step:3646/4740 train_time:776121ms step_avg:212.87ms
step:3647/4740 train_time:776304ms step_avg:212.86ms
step:3648/4740 train_time:776630ms step_avg:212.89ms
step:3649/4740 train_time:776813ms step_avg:212.88ms
step:3650/4740 train_time:777138ms step_avg:212.91ms
step:3651/4740 train_time:777322ms step_avg:212.91ms
step:3652/4740 train_time:777647ms step_avg:212.94ms
step:3653/4740 train_time:777832ms step_avg:212.93ms
step:3654/4740 train_time:778151ms step_avg:212.96ms
step:3655/4740 train_time:778334ms step_avg:212.95ms
step:3656/4740 train_time:778655ms step_avg:212.98ms
step:3657/4740 train_time:778838ms step_avg:212.97ms
step:3658/4740 train_time:779158ms step_avg:213.00ms
step:3659/4740 train_time:779342ms step_avg:212.99ms
step:3660/4740 train_time:779663ms step_avg:213.02ms
step:3661/4740 train_time:779850ms step_avg:213.02ms
step:3662/4740 train_time:780171ms step_avg:213.04ms
step:3663/4740 train_time:780355ms step_avg:213.04ms
step:3664/4740 train_time:780681ms step_avg:213.07ms
step:3665/4740 train_time:780868ms step_avg:213.06ms
step:3666/4740 train_time:781187ms step_avg:213.09ms
step:3667/4740 train_time:781372ms step_avg:213.08ms
step:3668/4740 train_time:781695ms step_avg:213.11ms
step:3669/4740 train_time:781875ms step_avg:213.10ms
step:3670/4740 train_time:782199ms step_avg:213.13ms
step:3671/4740 train_time:782383ms step_avg:213.13ms
step:3672/4740 train_time:782706ms step_avg:213.16ms
step:3673/4740 train_time:782887ms step_avg:213.15ms
step:3674/4740 train_time:783210ms step_avg:213.18ms
step:3675/4740 train_time:783389ms step_avg:213.17ms
step:3676/4740 train_time:783713ms step_avg:213.20ms
step:3677/4740 train_time:783893ms step_avg:213.19ms
step:3678/4740 train_time:784219ms step_avg:213.22ms
step:3679/4740 train_time:784404ms step_avg:213.21ms
step:3680/4740 train_time:784730ms step_avg:213.24ms
step:3681/4740 train_time:784914ms step_avg:213.23ms
step:3682/4740 train_time:785238ms step_avg:213.26ms
step:3683/4740 train_time:785419ms step_avg:213.26ms
step:3684/4740 train_time:785745ms step_avg:213.29ms
step:3685/4740 train_time:785926ms step_avg:213.28ms
step:3686/4740 train_time:786245ms step_avg:213.31ms
step:3687/4740 train_time:786433ms step_avg:213.30ms
step:3688/4740 train_time:786753ms step_avg:213.33ms
step:3689/4740 train_time:786936ms step_avg:213.32ms
step:3690/4740 train_time:787264ms step_avg:213.35ms
step:3691/4740 train_time:787443ms step_avg:213.34ms
step:3692/4740 train_time:787765ms step_avg:213.37ms
step:3693/4740 train_time:787947ms step_avg:213.36ms
step:3694/4740 train_time:788271ms step_avg:213.39ms
step:3695/4740 train_time:788454ms step_avg:213.38ms
step:3696/4740 train_time:788772ms step_avg:213.41ms
step:3697/4740 train_time:788958ms step_avg:213.40ms
step:3698/4740 train_time:789278ms step_avg:213.43ms
step:3699/4740 train_time:789460ms step_avg:213.43ms
step:3700/4740 train_time:789782ms step_avg:213.45ms
step:3701/4740 train_time:789967ms step_avg:213.45ms
step:3702/4740 train_time:790287ms step_avg:213.48ms
step:3703/4740 train_time:790473ms step_avg:213.47ms
step:3704/4740 train_time:790795ms step_avg:213.50ms
step:3705/4740 train_time:790976ms step_avg:213.49ms
step:3706/4740 train_time:791299ms step_avg:213.52ms
step:3707/4740 train_time:791484ms step_avg:213.51ms
step:3708/4740 train_time:791809ms step_avg:213.54ms
step:3709/4740 train_time:791987ms step_avg:213.53ms
step:3710/4740 train_time:792310ms step_avg:213.56ms
step:3711/4740 train_time:792494ms step_avg:213.55ms
step:3712/4740 train_time:792818ms step_avg:213.58ms
step:3713/4740 train_time:793000ms step_avg:213.57ms
step:3714/4740 train_time:793326ms step_avg:213.60ms
step:3715/4740 train_time:793505ms step_avg:213.59ms
step:3716/4740 train_time:793827ms step_avg:213.62ms
step:3717/4740 train_time:794010ms step_avg:213.62ms
step:3718/4740 train_time:794335ms step_avg:213.65ms
step:3719/4740 train_time:794515ms step_avg:213.64ms
step:3720/4740 train_time:794840ms step_avg:213.67ms
step:3721/4740 train_time:795020ms step_avg:213.66ms
step:3722/4740 train_time:795346ms step_avg:213.69ms
step:3723/4740 train_time:795527ms step_avg:213.68ms
step:3724/4740 train_time:795849ms step_avg:213.71ms
step:3725/4740 train_time:796032ms step_avg:213.70ms
step:3726/4740 train_time:796356ms step_avg:213.73ms
step:3727/4740 train_time:796539ms step_avg:213.72ms
step:3728/4740 train_time:796863ms step_avg:213.75ms
step:3729/4740 train_time:797043ms step_avg:213.74ms
step:3730/4740 train_time:797367ms step_avg:213.77ms
step:3731/4740 train_time:797553ms step_avg:213.76ms
step:3732/4740 train_time:797874ms step_avg:213.79ms
step:3733/4740 train_time:798057ms step_avg:213.78ms
step:3734/4740 train_time:798381ms step_avg:213.81ms
step:3735/4740 train_time:798564ms step_avg:213.81ms
step:3736/4740 train_time:798885ms step_avg:213.83ms
step:3737/4740 train_time:799065ms step_avg:213.83ms
step:3738/4740 train_time:799391ms step_avg:213.86ms
step:3739/4740 train_time:799575ms step_avg:213.85ms
step:3740/4740 train_time:799897ms step_avg:213.88ms
step:3741/4740 train_time:800079ms step_avg:213.87ms
step:3742/4740 train_time:800404ms step_avg:213.90ms
step:3743/4740 train_time:800589ms step_avg:213.89ms
step:3744/4740 train_time:800912ms step_avg:213.92ms
step:3745/4740 train_time:801094ms step_avg:213.91ms
step:3746/4740 train_time:801421ms step_avg:213.94ms
step:3747/4740 train_time:801607ms step_avg:213.93ms
step:3748/4740 train_time:801928ms step_avg:213.96ms
step:3749/4740 train_time:802105ms step_avg:213.95ms
step:3750/4740 train_time:802429ms step_avg:213.98ms
step:3750/4740 val_loss:3.0307 train_time:802555ms step_avg:214.01ms
step:3751/4740 train_time:802611ms step_avg:213.97ms
step:3752/4740 train_time:802942ms step_avg:214.00ms
step:3753/4740 train_time:803124ms step_avg:214.00ms
step:3754/4740 train_time:803443ms step_avg:214.02ms
step:3755/4740 train_time:803624ms step_avg:214.01ms
step:3756/4740 train_time:803952ms step_avg:214.04ms
step:3757/4740 train_time:804139ms step_avg:214.04ms
step:3758/4740 train_time:804456ms step_avg:214.06ms
step:3759/4740 train_time:804637ms step_avg:214.06ms
step:3760/4740 train_time:804963ms step_avg:214.09ms
step:3761/4740 train_time:805148ms step_avg:214.08ms
step:3762/4740 train_time:805464ms step_avg:214.11ms
step:3763/4740 train_time:805646ms step_avg:214.10ms
step:3764/4740 train_time:805971ms step_avg:214.13ms
step:3765/4740 train_time:806152ms step_avg:214.12ms
step:3766/4740 train_time:806474ms step_avg:214.15ms
step:3767/4740 train_time:806655ms step_avg:214.14ms
step:3768/4740 train_time:806980ms step_avg:214.17ms
step:3769/4740 train_time:807160ms step_avg:214.16ms
step:3770/4740 train_time:807486ms step_avg:214.19ms
step:3771/4740 train_time:807665ms step_avg:214.18ms
step:3772/4740 train_time:807986ms step_avg:214.21ms
step:3773/4740 train_time:808169ms step_avg:214.20ms
step:3774/4740 train_time:808490ms step_avg:214.23ms
step:3775/4740 train_time:808675ms step_avg:214.22ms
step:3776/4740 train_time:809001ms step_avg:214.25ms
step:3777/4740 train_time:809179ms step_avg:214.24ms
step:3778/4740 train_time:809503ms step_avg:214.27ms
step:3779/4740 train_time:809687ms step_avg:214.26ms
step:3780/4740 train_time:810013ms step_avg:214.29ms
step:3781/4740 train_time:810198ms step_avg:214.28ms
step:3782/4740 train_time:810521ms step_avg:214.31ms
step:3783/4740 train_time:810701ms step_avg:214.30ms
step:3784/4740 train_time:811024ms step_avg:214.33ms
step:3785/4740 train_time:811209ms step_avg:214.32ms
step:3786/4740 train_time:811533ms step_avg:214.35ms
step:3787/4740 train_time:811716ms step_avg:214.34ms
step:3788/4740 train_time:812037ms step_avg:214.37ms
step:3789/4740 train_time:812221ms step_avg:214.36ms
step:3790/4740 train_time:812545ms step_avg:214.39ms
step:3791/4740 train_time:812730ms step_avg:214.38ms
step:3792/4740 train_time:813055ms step_avg:214.41ms
step:3793/4740 train_time:813236ms step_avg:214.40ms
step:3794/4740 train_time:813558ms step_avg:214.43ms
step:3795/4740 train_time:813741ms step_avg:214.42ms
step:3796/4740 train_time:814060ms step_avg:214.45ms
step:3797/4740 train_time:814244ms step_avg:214.44ms
step:3798/4740 train_time:814569ms step_avg:214.47ms
step:3799/4740 train_time:814753ms step_avg:214.47ms
step:3800/4740 train_time:815077ms step_avg:214.49ms
step:3801/4740 train_time:815257ms step_avg:214.48ms
step:3802/4740 train_time:815581ms step_avg:214.51ms
step:3803/4740 train_time:815763ms step_avg:214.51ms
step:3804/4740 train_time:816084ms step_avg:214.53ms
step:3805/4740 train_time:816268ms step_avg:214.53ms
step:3806/4740 train_time:816588ms step_avg:214.55ms
step:3807/4740 train_time:816773ms step_avg:214.55ms
step:3808/4740 train_time:817098ms step_avg:214.57ms
step:3809/4740 train_time:817278ms step_avg:214.57ms
step:3810/4740 train_time:817601ms step_avg:214.59ms
step:3811/4740 train_time:817783ms step_avg:214.58ms
step:3812/4740 train_time:818101ms step_avg:214.61ms
step:3813/4740 train_time:818288ms step_avg:214.60ms
step:3814/4740 train_time:818613ms step_avg:214.63ms
step:3815/4740 train_time:818797ms step_avg:214.63ms
step:3816/4740 train_time:819114ms step_avg:214.65ms
step:3817/4740 train_time:819300ms step_avg:214.64ms
step:3818/4740 train_time:819622ms step_avg:214.67ms
step:3819/4740 train_time:819806ms step_avg:214.67ms
step:3820/4740 train_time:820129ms step_avg:214.69ms
step:3821/4740 train_time:820309ms step_avg:214.68ms
step:3822/4740 train_time:820633ms step_avg:214.71ms
step:3823/4740 train_time:820817ms step_avg:214.71ms
step:3824/4740 train_time:821140ms step_avg:214.73ms
step:3825/4740 train_time:821321ms step_avg:214.72ms
step:3826/4740 train_time:821645ms step_avg:214.75ms
step:3827/4740 train_time:821831ms step_avg:214.75ms
step:3828/4740 train_time:822154ms step_avg:214.77ms
step:3829/4740 train_time:822338ms step_avg:214.77ms
step:3830/4740 train_time:822655ms step_avg:214.79ms
step:3831/4740 train_time:822843ms step_avg:214.79ms
step:3832/4740 train_time:823164ms step_avg:214.81ms
step:3833/4740 train_time:823346ms step_avg:214.80ms
step:3834/4740 train_time:823665ms step_avg:214.83ms
step:3835/4740 train_time:823849ms step_avg:214.82ms
step:3836/4740 train_time:824174ms step_avg:214.85ms
step:3837/4740 train_time:824359ms step_avg:214.84ms
step:3838/4740 train_time:824681ms step_avg:214.87ms
step:3839/4740 train_time:824865ms step_avg:214.86ms
step:3840/4740 train_time:825184ms step_avg:214.89ms
step:3841/4740 train_time:825371ms step_avg:214.88ms
step:3842/4740 train_time:825694ms step_avg:214.91ms
step:3843/4740 train_time:825874ms step_avg:214.90ms
step:3844/4740 train_time:826200ms step_avg:214.93ms
step:3845/4740 train_time:826385ms step_avg:214.92ms
step:3846/4740 train_time:826709ms step_avg:214.95ms
step:3847/4740 train_time:826895ms step_avg:214.95ms
step:3848/4740 train_time:827220ms step_avg:214.97ms
step:3849/4740 train_time:827400ms step_avg:214.96ms
step:3850/4740 train_time:827723ms step_avg:214.99ms
step:3851/4740 train_time:827905ms step_avg:214.98ms
step:3852/4740 train_time:828230ms step_avg:215.01ms
step:3853/4740 train_time:828411ms step_avg:215.00ms
step:3854/4740 train_time:828733ms step_avg:215.03ms
step:3855/4740 train_time:828917ms step_avg:215.02ms
step:3856/4740 train_time:829236ms step_avg:215.05ms
step:3857/4740 train_time:829421ms step_avg:215.04ms
step:3858/4740 train_time:829743ms step_avg:215.07ms
step:3859/4740 train_time:829930ms step_avg:215.06ms
step:3860/4740 train_time:830253ms step_avg:215.09ms
step:3861/4740 train_time:830437ms step_avg:215.08ms
step:3862/4740 train_time:830757ms step_avg:215.11ms
step:3863/4740 train_time:830947ms step_avg:215.10ms
step:3864/4740 train_time:831270ms step_avg:215.13ms
step:3865/4740 train_time:831454ms step_avg:215.12ms
step:3866/4740 train_time:831776ms step_avg:215.15ms
step:3867/4740 train_time:831958ms step_avg:215.14ms
step:3868/4740 train_time:832279ms step_avg:215.17ms
step:3869/4740 train_time:832459ms step_avg:215.16ms
step:3870/4740 train_time:832783ms step_avg:215.19ms
step:3871/4740 train_time:832966ms step_avg:215.18ms
step:3872/4740 train_time:833289ms step_avg:215.21ms
step:3873/4740 train_time:833474ms step_avg:215.20ms
step:3874/4740 train_time:833796ms step_avg:215.23ms
step:3875/4740 train_time:833984ms step_avg:215.22ms
step:3876/4740 train_time:834306ms step_avg:215.25ms
step:3877/4740 train_time:834488ms step_avg:215.24ms
step:3878/4740 train_time:834814ms step_avg:215.27ms
step:3879/4740 train_time:834994ms step_avg:215.26ms
step:3880/4740 train_time:835315ms step_avg:215.29ms
step:3881/4740 train_time:835505ms step_avg:215.28ms
step:3882/4740 train_time:835825ms step_avg:215.31ms
step:3883/4740 train_time:836011ms step_avg:215.30ms
step:3884/4740 train_time:836332ms step_avg:215.33ms
step:3885/4740 train_time:836516ms step_avg:215.32ms
step:3886/4740 train_time:836839ms step_avg:215.35ms
step:3887/4740 train_time:837023ms step_avg:215.34ms
step:3888/4740 train_time:837352ms step_avg:215.37ms
step:3889/4740 train_time:837532ms step_avg:215.36ms
step:3890/4740 train_time:837855ms step_avg:215.39ms
step:3891/4740 train_time:838034ms step_avg:215.38ms
step:3892/4740 train_time:838358ms step_avg:215.41ms
step:3893/4740 train_time:838543ms step_avg:215.40ms
step:3894/4740 train_time:838863ms step_avg:215.42ms
step:3895/4740 train_time:839046ms step_avg:215.42ms
step:3896/4740 train_time:839370ms step_avg:215.44ms
step:3897/4740 train_time:839559ms step_avg:215.44ms
step:3898/4740 train_time:839879ms step_avg:215.46ms
step:3899/4740 train_time:840062ms step_avg:215.46ms
step:3900/4740 train_time:840388ms step_avg:215.48ms
step:3901/4740 train_time:840572ms step_avg:215.48ms
step:3902/4740 train_time:840898ms step_avg:215.50ms
step:3903/4740 train_time:841081ms step_avg:215.50ms
step:3904/4740 train_time:841406ms step_avg:215.52ms
step:3905/4740 train_time:841592ms step_avg:215.52ms
step:3906/4740 train_time:841916ms step_avg:215.54ms
step:3907/4740 train_time:842097ms step_avg:215.54ms
step:3908/4740 train_time:842421ms step_avg:215.56ms
step:3909/4740 train_time:842602ms step_avg:215.55ms
step:3910/4740 train_time:842924ms step_avg:215.58ms
step:3911/4740 train_time:843104ms step_avg:215.57ms
step:3912/4740 train_time:843428ms step_avg:215.60ms
step:3913/4740 train_time:843613ms step_avg:215.59ms
step:3914/4740 train_time:843938ms step_avg:215.62ms
step:3915/4740 train_time:844121ms step_avg:215.61ms
step:3916/4740 train_time:844447ms step_avg:215.64ms
step:3917/4740 train_time:844632ms step_avg:215.63ms
step:3918/4740 train_time:844954ms step_avg:215.66ms
step:3919/4740 train_time:845137ms step_avg:215.65ms
step:3920/4740 train_time:845456ms step_avg:215.68ms
step:3921/4740 train_time:845642ms step_avg:215.67ms
step:3922/4740 train_time:845967ms step_avg:215.70ms
step:3923/4740 train_time:846151ms step_avg:215.69ms
step:3924/4740 train_time:846477ms step_avg:215.72ms
step:3925/4740 train_time:846656ms step_avg:215.71ms
step:3926/4740 train_time:846977ms step_avg:215.74ms
step:3927/4740 train_time:847161ms step_avg:215.73ms
step:3928/4740 train_time:847485ms step_avg:215.75ms
step:3929/4740 train_time:847664ms step_avg:215.75ms
step:3930/4740 train_time:847989ms step_avg:215.77ms
step:3931/4740 train_time:848173ms step_avg:215.77ms
step:3932/4740 train_time:848497ms step_avg:215.79ms
step:3933/4740 train_time:848679ms step_avg:215.78ms
step:3934/4740 train_time:849003ms step_avg:215.81ms
step:3935/4740 train_time:849191ms step_avg:215.80ms
step:3936/4740 train_time:849515ms step_avg:215.83ms
step:3937/4740 train_time:849696ms step_avg:215.82ms
step:3938/4740 train_time:850021ms step_avg:215.85ms
step:3939/4740 train_time:850207ms step_avg:215.84ms
step:3940/4740 train_time:850531ms step_avg:215.87ms
step:3941/4740 train_time:850714ms step_avg:215.86ms
step:3942/4740 train_time:851039ms step_avg:215.89ms
step:3943/4740 train_time:851226ms step_avg:215.88ms
step:3944/4740 train_time:851548ms step_avg:215.91ms
step:3945/4740 train_time:851728ms step_avg:215.90ms
step:3946/4740 train_time:852056ms step_avg:215.93ms
step:3947/4740 train_time:852238ms step_avg:215.92ms
step:3948/4740 train_time:852561ms step_avg:215.95ms
step:3949/4740 train_time:852744ms step_avg:215.94ms
step:3950/4740 train_time:853067ms step_avg:215.97ms
step:3951/4740 train_time:853250ms step_avg:215.96ms
step:3952/4740 train_time:853574ms step_avg:215.99ms
step:3953/4740 train_time:853754ms step_avg:215.98ms
step:3954/4740 train_time:854080ms step_avg:216.00ms
step:3955/4740 train_time:854260ms step_avg:215.99ms
step:3956/4740 train_time:854577ms step_avg:216.02ms
step:3957/4740 train_time:854766ms step_avg:216.01ms
step:3958/4740 train_time:855091ms step_avg:216.04ms
step:3959/4740 train_time:855277ms step_avg:216.03ms
step:3960/4740 train_time:855601ms step_avg:216.06ms
step:3961/4740 train_time:855783ms step_avg:216.05ms
step:3962/4740 train_time:856105ms step_avg:216.08ms
step:3963/4740 train_time:856291ms step_avg:216.07ms
step:3964/4740 train_time:856615ms step_avg:216.10ms
step:3965/4740 train_time:856798ms step_avg:216.09ms
step:3966/4740 train_time:857123ms step_avg:216.12ms
step:3967/4740 train_time:857300ms step_avg:216.11ms
step:3968/4740 train_time:857624ms step_avg:216.14ms
step:3969/4740 train_time:857807ms step_avg:216.13ms
step:3970/4740 train_time:858129ms step_avg:216.15ms
step:3971/4740 train_time:858316ms step_avg:216.15ms
step:3972/4740 train_time:858639ms step_avg:216.17ms
step:3973/4740 train_time:858818ms step_avg:216.16ms
step:3974/4740 train_time:859142ms step_avg:216.19ms
step:3975/4740 train_time:859326ms step_avg:216.18ms
step:3976/4740 train_time:859650ms step_avg:216.21ms
step:3977/4740 train_time:859832ms step_avg:216.20ms
step:3978/4740 train_time:860156ms step_avg:216.23ms
step:3979/4740 train_time:860337ms step_avg:216.22ms
step:3980/4740 train_time:860659ms step_avg:216.25ms
step:3981/4740 train_time:860846ms step_avg:216.24ms
step:3982/4740 train_time:861163ms step_avg:216.26ms
step:3983/4740 train_time:861346ms step_avg:216.26ms
step:3984/4740 train_time:861668ms step_avg:216.28ms
step:3985/4740 train_time:861852ms step_avg:216.27ms
step:3986/4740 train_time:862173ms step_avg:216.30ms
step:3987/4740 train_time:862357ms step_avg:216.29ms
step:3988/4740 train_time:862681ms step_avg:216.32ms
step:3989/4740 train_time:862865ms step_avg:216.31ms
step:3990/4740 train_time:863188ms step_avg:216.34ms
step:3991/4740 train_time:863372ms step_avg:216.33ms
step:3992/4740 train_time:863697ms step_avg:216.36ms
step:3993/4740 train_time:863877ms step_avg:216.35ms
step:3994/4740 train_time:864200ms step_avg:216.37ms
step:3995/4740 train_time:864385ms step_avg:216.37ms
step:3996/4740 train_time:864709ms step_avg:216.39ms
step:3997/4740 train_time:864892ms step_avg:216.39ms
step:3998/4740 train_time:865215ms step_avg:216.41ms
step:3999/4740 train_time:865398ms step_avg:216.40ms
step:4000/4740 train_time:865720ms step_avg:216.43ms
step:4000/4740 val_loss:3.0002 train_time:865849ms step_avg:216.46ms
step:4001/4740 train_time:865905ms step_avg:216.42ms
step:4002/4740 train_time:866234ms step_avg:216.45ms
step:4003/4740 train_time:866420ms step_avg:216.44ms
step:4004/4740 train_time:866737ms step_avg:216.47ms
step:4005/4740 train_time:866917ms step_avg:216.46ms
step:4006/4740 train_time:867245ms step_avg:216.49ms
step:4007/4740 train_time:867435ms step_avg:216.48ms
step:4008/4740 train_time:867755ms step_avg:216.51ms
step:4009/4740 train_time:867932ms step_avg:216.50ms
step:4010/4740 train_time:868259ms step_avg:216.52ms
step:4011/4740 train_time:868444ms step_avg:216.52ms
step:4012/4740 train_time:868768ms step_avg:216.54ms
step:4013/4740 train_time:868949ms step_avg:216.53ms
step:4014/4740 train_time:869273ms step_avg:216.56ms
step:4015/4740 train_time:869459ms step_avg:216.55ms
step:4016/4740 train_time:869783ms step_avg:216.58ms
step:4017/4740 train_time:869964ms step_avg:216.57ms
step:4018/4740 train_time:870291ms step_avg:216.60ms
step:4019/4740 train_time:870477ms step_avg:216.59ms
step:4020/4740 train_time:870799ms step_avg:216.62ms
step:4021/4740 train_time:870979ms step_avg:216.61ms
step:4022/4740 train_time:871302ms step_avg:216.63ms
step:4023/4740 train_time:871486ms step_avg:216.63ms
step:4024/4740 train_time:871806ms step_avg:216.65ms
step:4025/4740 train_time:871991ms step_avg:216.64ms
step:4026/4740 train_time:872312ms step_avg:216.67ms
step:4027/4740 train_time:872493ms step_avg:216.66ms
step:4028/4740 train_time:872813ms step_avg:216.69ms
step:4029/4740 train_time:873006ms step_avg:216.68ms
step:4030/4740 train_time:873331ms step_avg:216.71ms
step:4031/4740 train_time:873513ms step_avg:216.70ms
step:4032/4740 train_time:873837ms step_avg:216.73ms
step:4033/4740 train_time:874022ms step_avg:216.72ms
step:4034/4740 train_time:874342ms step_avg:216.74ms
step:4035/4740 train_time:874527ms step_avg:216.74ms
step:4036/4740 train_time:874851ms step_avg:216.76ms
step:4037/4740 train_time:875035ms step_avg:216.75ms
step:4038/4740 train_time:875357ms step_avg:216.78ms
step:4039/4740 train_time:875544ms step_avg:216.77ms
step:4040/4740 train_time:875862ms step_avg:216.80ms
step:4041/4740 train_time:876048ms step_avg:216.79ms
step:4042/4740 train_time:876371ms step_avg:216.82ms
step:4043/4740 train_time:876555ms step_avg:216.81ms
step:4044/4740 train_time:876874ms step_avg:216.83ms
step:4045/4740 train_time:877060ms step_avg:216.83ms
step:4046/4740 train_time:877382ms step_avg:216.85ms
step:4047/4740 train_time:877564ms step_avg:216.84ms
step:4048/4740 train_time:877886ms step_avg:216.87ms
step:4049/4740 train_time:878070ms step_avg:216.86ms
step:4050/4740 train_time:878395ms step_avg:216.89ms
step:4051/4740 train_time:878578ms step_avg:216.88ms
step:4052/4740 train_time:878897ms step_avg:216.90ms
step:4053/4740 train_time:879083ms step_avg:216.90ms
step:4054/4740 train_time:879406ms step_avg:216.92ms
step:4055/4740 train_time:879588ms step_avg:216.91ms
step:4056/4740 train_time:879911ms step_avg:216.94ms
step:4057/4740 train_time:880096ms step_avg:216.93ms
step:4058/4740 train_time:880422ms step_avg:216.96ms
step:4059/4740 train_time:880604ms step_avg:216.95ms
step:4060/4740 train_time:880930ms step_avg:216.98ms
step:4061/4740 train_time:881114ms step_avg:216.97ms
step:4062/4740 train_time:881435ms step_avg:217.00ms
step:4063/4740 train_time:881617ms step_avg:216.99ms
step:4064/4740 train_time:881940ms step_avg:217.01ms
step:4065/4740 train_time:882123ms step_avg:217.00ms
step:4066/4740 train_time:882447ms step_avg:217.03ms
step:4067/4740 train_time:882628ms step_avg:217.02ms
step:4068/4740 train_time:882951ms step_avg:217.05ms
step:4069/4740 train_time:883133ms step_avg:217.04ms
step:4070/4740 train_time:883458ms step_avg:217.07ms
step:4071/4740 train_time:883641ms step_avg:217.06ms
step:4072/4740 train_time:883963ms step_avg:217.08ms
step:4073/4740 train_time:884143ms step_avg:217.07ms
step:4074/4740 train_time:884464ms step_avg:217.10ms
step:4075/4740 train_time:884652ms step_avg:217.09ms
step:4076/4740 train_time:884978ms step_avg:217.12ms
step:4077/4740 train_time:885165ms step_avg:217.11ms
step:4078/4740 train_time:885487ms step_avg:217.14ms
step:4079/4740 train_time:885671ms step_avg:217.13ms
step:4080/4740 train_time:885991ms step_avg:217.15ms
step:4081/4740 train_time:886180ms step_avg:217.15ms
step:4082/4740 train_time:886501ms step_avg:217.17ms
step:4083/4740 train_time:886683ms step_avg:217.16ms
step:4084/4740 train_time:887002ms step_avg:217.19ms
step:4085/4740 train_time:887187ms step_avg:217.18ms
step:4086/4740 train_time:887512ms step_avg:217.21ms
step:4087/4740 train_time:887693ms step_avg:217.20ms
step:4088/4740 train_time:888015ms step_avg:217.22ms
step:4089/4740 train_time:888200ms step_avg:217.22ms
step:4090/4740 train_time:888522ms step_avg:217.24ms
step:4091/4740 train_time:888707ms step_avg:217.23ms
step:4092/4740 train_time:889030ms step_avg:217.26ms
step:4093/4740 train_time:889214ms step_avg:217.25ms
step:4094/4740 train_time:889539ms step_avg:217.28ms
step:4095/4740 train_time:889721ms step_avg:217.27ms
step:4096/4740 train_time:890051ms step_avg:217.30ms
step:4097/4740 train_time:890231ms step_avg:217.29ms
step:4098/4740 train_time:890555ms step_avg:217.31ms
step:4099/4740 train_time:890733ms step_avg:217.31ms
step:4100/4740 train_time:891056ms step_avg:217.33ms
step:4101/4740 train_time:891241ms step_avg:217.32ms
step:4102/4740 train_time:891564ms step_avg:217.35ms
step:4103/4740 train_time:891746ms step_avg:217.34ms
step:4104/4740 train_time:892071ms step_avg:217.37ms
step:4105/4740 train_time:892254ms step_avg:217.36ms
step:4106/4740 train_time:892574ms step_avg:217.38ms
step:4107/4740 train_time:892758ms step_avg:217.37ms
step:4108/4740 train_time:893083ms step_avg:217.40ms
step:4109/4740 train_time:893266ms step_avg:217.39ms
step:4110/4740 train_time:893589ms step_avg:217.42ms
step:4111/4740 train_time:893770ms step_avg:217.41ms
step:4112/4740 train_time:894093ms step_avg:217.44ms
step:4113/4740 train_time:894278ms step_avg:217.43ms
step:4114/4740 train_time:894597ms step_avg:217.45ms
step:4115/4740 train_time:894785ms step_avg:217.44ms
step:4116/4740 train_time:895105ms step_avg:217.47ms
step:4117/4740 train_time:895287ms step_avg:217.46ms
step:4118/4740 train_time:895610ms step_avg:217.49ms
step:4119/4740 train_time:895796ms step_avg:217.48ms
step:4120/4740 train_time:896118ms step_avg:217.50ms
step:4121/4740 train_time:896303ms step_avg:217.50ms
step:4122/4740 train_time:896625ms step_avg:217.52ms
step:4123/4740 train_time:896809ms step_avg:217.51ms
step:4124/4740 train_time:897131ms step_avg:217.54ms
step:4125/4740 train_time:897311ms step_avg:217.53ms
step:4126/4740 train_time:897633ms step_avg:217.56ms
step:4127/4740 train_time:897819ms step_avg:217.55ms
step:4128/4740 train_time:898142ms step_avg:217.57ms
step:4129/4740 train_time:898326ms step_avg:217.57ms
step:4130/4740 train_time:898651ms step_avg:217.59ms
step:4131/4740 train_time:898834ms step_avg:217.58ms
step:4132/4740 train_time:899156ms step_avg:217.61ms
step:4133/4740 train_time:899343ms step_avg:217.60ms
step:4134/4740 train_time:899671ms step_avg:217.63ms
step:4135/4740 train_time:899851ms step_avg:217.62ms
step:4136/4740 train_time:900175ms step_avg:217.64ms
step:4137/4740 train_time:900356ms step_avg:217.64ms
step:4138/4740 train_time:900680ms step_avg:217.66ms
step:4139/4740 train_time:900864ms step_avg:217.65ms
step:4140/4740 train_time:901188ms step_avg:217.68ms
step:4141/4740 train_time:901367ms step_avg:217.67ms
step:4142/4740 train_time:901690ms step_avg:217.69ms
step:4143/4740 train_time:901872ms step_avg:217.69ms
step:4144/4740 train_time:902194ms step_avg:217.71ms
step:4145/4740 train_time:902378ms step_avg:217.70ms
step:4146/4740 train_time:902700ms step_avg:217.73ms
step:4147/4740 train_time:902883ms step_avg:217.72ms
step:4148/4740 train_time:903208ms step_avg:217.75ms
step:4149/4740 train_time:903389ms step_avg:217.74ms
step:4150/4740 train_time:903712ms step_avg:217.76ms
step:4151/4740 train_time:903900ms step_avg:217.75ms
step:4152/4740 train_time:904221ms step_avg:217.78ms
step:4153/4740 train_time:904404ms step_avg:217.77ms
step:4154/4740 train_time:904729ms step_avg:217.80ms
step:4155/4740 train_time:904914ms step_avg:217.79ms
step:4156/4740 train_time:905236ms step_avg:217.81ms
step:4157/4740 train_time:905419ms step_avg:217.81ms
step:4158/4740 train_time:905741ms step_avg:217.83ms
step:4159/4740 train_time:905922ms step_avg:217.82ms
step:4160/4740 train_time:906247ms step_avg:217.85ms
step:4161/4740 train_time:906431ms step_avg:217.84ms
step:4162/4740 train_time:906752ms step_avg:217.86ms
step:4163/4740 train_time:906944ms step_avg:217.86ms
step:4164/4740 train_time:907265ms step_avg:217.88ms
step:4165/4740 train_time:907449ms step_avg:217.88ms
step:4166/4740 train_time:907774ms step_avg:217.90ms
step:4167/4740 train_time:907955ms step_avg:217.89ms
step:4168/4740 train_time:908282ms step_avg:217.92ms
step:4169/4740 train_time:908461ms step_avg:217.91ms
step:4170/4740 train_time:908784ms step_avg:217.93ms
step:4171/4740 train_time:908970ms step_avg:217.93ms
step:4172/4740 train_time:909295ms step_avg:217.95ms
step:4173/4740 train_time:909477ms step_avg:217.94ms
step:4174/4740 train_time:909799ms step_avg:217.97ms
step:4175/4740 train_time:909986ms step_avg:217.96ms
step:4176/4740 train_time:910309ms step_avg:217.99ms
step:4177/4740 train_time:910495ms step_avg:217.98ms
step:4178/4740 train_time:910814ms step_avg:218.00ms
step:4179/4740 train_time:911000ms step_avg:217.99ms
step:4180/4740 train_time:911324ms step_avg:218.02ms
step:4181/4740 train_time:911510ms step_avg:218.01ms
step:4182/4740 train_time:911831ms step_avg:218.04ms
step:4183/4740 train_time:912014ms step_avg:218.03ms
step:4184/4740 train_time:912338ms step_avg:218.05ms
step:4185/4740 train_time:912521ms step_avg:218.05ms
step:4186/4740 train_time:912845ms step_avg:218.07ms
step:4187/4740 train_time:913023ms step_avg:218.06ms
step:4188/4740 train_time:913344ms step_avg:218.09ms
step:4189/4740 train_time:913528ms step_avg:218.08ms
step:4190/4740 train_time:913852ms step_avg:218.10ms
step:4191/4740 train_time:914032ms step_avg:218.09ms
step:4192/4740 train_time:914352ms step_avg:218.12ms
step:4193/4740 train_time:914537ms step_avg:218.11ms
step:4194/4740 train_time:914857ms step_avg:218.13ms
step:4195/4740 train_time:915038ms step_avg:218.13ms
step:4196/4740 train_time:915363ms step_avg:218.15ms
step:4197/4740 train_time:915550ms step_avg:218.14ms
step:4198/4740 train_time:915872ms step_avg:218.17ms
step:4199/4740 train_time:916058ms step_avg:218.16ms
step:4200/4740 train_time:916378ms step_avg:218.19ms
step:4201/4740 train_time:916560ms step_avg:218.18ms
step:4202/4740 train_time:916883ms step_avg:218.20ms
step:4203/4740 train_time:917065ms step_avg:218.19ms
step:4204/4740 train_time:917391ms step_avg:218.22ms
step:4205/4740 train_time:917574ms step_avg:218.21ms
step:4206/4740 train_time:917894ms step_avg:218.23ms
step:4207/4740 train_time:918082ms step_avg:218.23ms
step:4208/4740 train_time:918399ms step_avg:218.25ms
step:4209/4740 train_time:918585ms step_avg:218.24ms
step:4210/4740 train_time:918911ms step_avg:218.27ms
step:4211/4740 train_time:919093ms step_avg:218.26ms
step:4212/4740 train_time:919415ms step_avg:218.28ms
step:4213/4740 train_time:919596ms step_avg:218.28ms
step:4214/4740 train_time:919920ms step_avg:218.30ms
step:4215/4740 train_time:920103ms step_avg:218.29ms
step:4216/4740 train_time:920427ms step_avg:218.32ms
step:4217/4740 train_time:920611ms step_avg:218.31ms
step:4218/4740 train_time:920939ms step_avg:218.34ms
step:4219/4740 train_time:921124ms step_avg:218.33ms
step:4220/4740 train_time:921450ms step_avg:218.35ms
step:4221/4740 train_time:921631ms step_avg:218.34ms
step:4222/4740 train_time:921955ms step_avg:218.37ms
step:4223/4740 train_time:922134ms step_avg:218.36ms
step:4224/4740 train_time:922456ms step_avg:218.38ms
step:4225/4740 train_time:922641ms step_avg:218.38ms
step:4226/4740 train_time:922963ms step_avg:218.40ms
step:4227/4740 train_time:923144ms step_avg:218.39ms
step:4228/4740 train_time:923468ms step_avg:218.42ms
step:4229/4740 train_time:923650ms step_avg:218.41ms
step:4230/4740 train_time:923976ms step_avg:218.43ms
step:4231/4740 train_time:924157ms step_avg:218.43ms
step:4232/4740 train_time:924484ms step_avg:218.45ms
step:4233/4740 train_time:924669ms step_avg:218.44ms
step:4234/4740 train_time:924991ms step_avg:218.47ms
step:4235/4740 train_time:925171ms step_avg:218.46ms
step:4236/4740 train_time:925493ms step_avg:218.48ms
step:4237/4740 train_time:925676ms step_avg:218.47ms
step:4238/4740 train_time:925999ms step_avg:218.50ms
step:4239/4740 train_time:926185ms step_avg:218.49ms
step:4240/4740 train_time:926510ms step_avg:218.52ms
step:4241/4740 train_time:926693ms step_avg:218.51ms
step:4242/4740 train_time:927017ms step_avg:218.53ms
step:4243/4740 train_time:927196ms step_avg:218.52ms
step:4244/4740 train_time:927516ms step_avg:218.55ms
step:4245/4740 train_time:927703ms step_avg:218.54ms
step:4246/4740 train_time:928027ms step_avg:218.56ms
step:4247/4740 train_time:928212ms step_avg:218.56ms
step:4248/4740 train_time:928538ms step_avg:218.58ms
step:4249/4740 train_time:928720ms step_avg:218.57ms
step:4250/4740 train_time:929041ms step_avg:218.60ms
step:4250/4740 val_loss:2.9704 train_time:929168ms step_avg:218.63ms
step:4251/4740 train_time:929224ms step_avg:218.59ms
step:4252/4740 train_time:929557ms step_avg:218.62ms
step:4253/4740 train_time:929743ms step_avg:218.61ms
step:4254/4740 train_time:930064ms step_avg:218.63ms
step:4255/4740 train_time:930244ms step_avg:218.62ms
step:4256/4740 train_time:930571ms step_avg:218.65ms
step:4257/4740 train_time:930756ms step_avg:218.64ms
step:4258/4740 train_time:931074ms step_avg:218.66ms
step:4259/4740 train_time:931254ms step_avg:218.66ms
step:4260/4740 train_time:931583ms step_avg:218.68ms
step:4261/4740 train_time:931771ms step_avg:218.67ms
step:4262/4740 train_time:932091ms step_avg:218.70ms
step:4263/4740 train_time:932274ms step_avg:218.69ms
step:4264/4740 train_time:932597ms step_avg:218.71ms
step:4265/4740 train_time:932783ms step_avg:218.71ms
step:4266/4740 train_time:933107ms step_avg:218.73ms
step:4267/4740 train_time:933286ms step_avg:218.72ms
step:4268/4740 train_time:933610ms step_avg:218.75ms
step:4269/4740 train_time:933794ms step_avg:218.74ms
step:4270/4740 train_time:934117ms step_avg:218.76ms
step:4271/4740 train_time:934302ms step_avg:218.75ms
step:4272/4740 train_time:934624ms step_avg:218.78ms
step:4273/4740 train_time:934810ms step_avg:218.77ms
step:4274/4740 train_time:935136ms step_avg:218.80ms
step:4275/4740 train_time:935317ms step_avg:218.79ms
step:4276/4740 train_time:935641ms step_avg:218.81ms
step:4277/4740 train_time:935821ms step_avg:218.80ms
step:4278/4740 train_time:936149ms step_avg:218.83ms
step:4279/4740 train_time:936330ms step_avg:218.82ms
step:4280/4740 train_time:936652ms step_avg:218.84ms
step:4281/4740 train_time:936832ms step_avg:218.83ms
step:4282/4740 train_time:937156ms step_avg:218.86ms
step:4283/4740 train_time:937338ms step_avg:218.85ms
step:4284/4740 train_time:937662ms step_avg:218.88ms
step:4285/4740 train_time:937844ms step_avg:218.87ms
step:4286/4740 train_time:938166ms step_avg:218.89ms
step:4287/4740 train_time:938351ms step_avg:218.88ms
step:4288/4740 train_time:938672ms step_avg:218.91ms
step:4289/4740 train_time:938852ms step_avg:218.90ms
step:4290/4740 train_time:939178ms step_avg:218.92ms
step:4291/4740 train_time:939359ms step_avg:218.91ms
step:4292/4740 train_time:939684ms step_avg:218.94ms
step:4293/4740 train_time:939869ms step_avg:218.93ms
step:4294/4740 train_time:940193ms step_avg:218.96ms
step:4295/4740 train_time:940376ms step_avg:218.95ms
step:4296/4740 train_time:940699ms step_avg:218.97ms
step:4297/4740 train_time:940881ms step_avg:218.96ms
step:4298/4740 train_time:941205ms step_avg:218.99ms
step:4299/4740 train_time:941395ms step_avg:218.98ms
step:4300/4740 train_time:941718ms step_avg:219.00ms
step:4301/4740 train_time:941902ms step_avg:219.00ms
step:4302/4740 train_time:942224ms step_avg:219.02ms
step:4303/4740 train_time:942408ms step_avg:219.01ms
step:4304/4740 train_time:942733ms step_avg:219.04ms
step:4305/4740 train_time:942914ms step_avg:219.03ms
step:4306/4740 train_time:943240ms step_avg:219.05ms
step:4307/4740 train_time:943423ms step_avg:219.04ms
step:4308/4740 train_time:943750ms step_avg:219.07ms
step:4309/4740 train_time:943926ms step_avg:219.06ms
step:4310/4740 train_time:944250ms step_avg:219.08ms
step:4311/4740 train_time:944429ms step_avg:219.07ms
step:4312/4740 train_time:944754ms step_avg:219.10ms
step:4313/4740 train_time:944939ms step_avg:219.09ms
step:4314/4740 train_time:945259ms step_avg:219.11ms
step:4315/4740 train_time:945442ms step_avg:219.11ms
step:4316/4740 train_time:945765ms step_avg:219.13ms
step:4317/4740 train_time:945952ms step_avg:219.12ms
step:4318/4740 train_time:946277ms step_avg:219.15ms
step:4319/4740 train_time:946459ms step_avg:219.14ms
step:4320/4740 train_time:946784ms step_avg:219.16ms
step:4321/4740 train_time:946970ms step_avg:219.16ms
step:4322/4740 train_time:947295ms step_avg:219.18ms
step:4323/4740 train_time:947480ms step_avg:219.17ms
step:4324/4740 train_time:947802ms step_avg:219.20ms
step:4325/4740 train_time:947987ms step_avg:219.19ms
step:4326/4740 train_time:948312ms step_avg:219.21ms
step:4327/4740 train_time:948496ms step_avg:219.20ms
step:4328/4740 train_time:948815ms step_avg:219.23ms
step:4329/4740 train_time:948998ms step_avg:219.22ms
step:4330/4740 train_time:949320ms step_avg:219.24ms
step:4331/4740 train_time:949504ms step_avg:219.23ms
step:4332/4740 train_time:949829ms step_avg:219.26ms
step:4333/4740 train_time:950008ms step_avg:219.25ms
step:4334/4740 train_time:950329ms step_avg:219.27ms
step:4335/4740 train_time:950517ms step_avg:219.27ms
step:4336/4740 train_time:950838ms step_avg:219.29ms
step:4337/4740 train_time:951025ms step_avg:219.28ms
step:4338/4740 train_time:951351ms step_avg:219.31ms
step:4339/4740 train_time:951534ms step_avg:219.30ms
step:4340/4740 train_time:951859ms step_avg:219.32ms
step:4341/4740 train_time:952044ms step_avg:219.31ms
step:4342/4740 train_time:952363ms step_avg:219.34ms
step:4343/4740 train_time:952550ms step_avg:219.33ms
step:4344/4740 train_time:952873ms step_avg:219.35ms
step:4345/4740 train_time:953052ms step_avg:219.34ms
step:4346/4740 train_time:953371ms step_avg:219.37ms
step:4347/4740 train_time:953561ms step_avg:219.36ms
step:4348/4740 train_time:953883ms step_avg:219.38ms
step:4349/4740 train_time:954067ms step_avg:219.38ms
step:4350/4740 train_time:954389ms step_avg:219.40ms
step:4351/4740 train_time:954570ms step_avg:219.39ms
step:4352/4740 train_time:954895ms step_avg:219.42ms
step:4353/4740 train_time:955073ms step_avg:219.41ms
step:4354/4740 train_time:955398ms step_avg:219.43ms
step:4355/4740 train_time:955580ms step_avg:219.42ms
step:4356/4740 train_time:955902ms step_avg:219.44ms
step:4357/4740 train_time:956087ms step_avg:219.44ms
step:4358/4740 train_time:956411ms step_avg:219.46ms
step:4359/4740 train_time:956598ms step_avg:219.45ms
step:4360/4740 train_time:956921ms step_avg:219.48ms
step:4361/4740 train_time:957104ms step_avg:219.47ms
step:4362/4740 train_time:957429ms step_avg:219.49ms
step:4363/4740 train_time:957610ms step_avg:219.48ms
step:4364/4740 train_time:957935ms step_avg:219.51ms
step:4365/4740 train_time:958115ms step_avg:219.50ms
step:4366/4740 train_time:958440ms step_avg:219.52ms
step:4367/4740 train_time:958621ms step_avg:219.51ms
step:4368/4740 train_time:958950ms step_avg:219.54ms
step:4369/4740 train_time:959130ms step_avg:219.53ms
step:4370/4740 train_time:959452ms step_avg:219.55ms
step:4371/4740 train_time:959631ms step_avg:219.54ms
step:4372/4740 train_time:959953ms step_avg:219.57ms
step:4373/4740 train_time:960137ms step_avg:219.56ms
step:4374/4740 train_time:960457ms step_avg:219.58ms
step:4375/4740 train_time:960640ms step_avg:219.57ms
step:4376/4740 train_time:960964ms step_avg:219.60ms
step:4377/4740 train_time:961150ms step_avg:219.59ms
step:4378/4740 train_time:961472ms step_avg:219.61ms
step:4379/4740 train_time:961656ms step_avg:219.61ms
step:4380/4740 train_time:961978ms step_avg:219.63ms
step:4381/4740 train_time:962163ms step_avg:219.62ms
step:4382/4740 train_time:962484ms step_avg:219.65ms
step:4383/4740 train_time:962667ms step_avg:219.64ms
step:4384/4740 train_time:962992ms step_avg:219.66ms
step:4385/4740 train_time:963175ms step_avg:219.65ms
step:4386/4740 train_time:963497ms step_avg:219.68ms
step:4387/4740 train_time:963682ms step_avg:219.67ms
step:4388/4740 train_time:964008ms step_avg:219.69ms
step:4389/4740 train_time:964189ms step_avg:219.68ms
step:4390/4740 train_time:964511ms step_avg:219.71ms
step:4391/4740 train_time:964694ms step_avg:219.70ms
step:4392/4740 train_time:965021ms step_avg:219.72ms
step:4393/4740 train_time:965203ms step_avg:219.71ms
step:4394/4740 train_time:965523ms step_avg:219.74ms
step:4395/4740 train_time:965705ms step_avg:219.73ms
step:4396/4740 train_time:966030ms step_avg:219.75ms
step:4397/4740 train_time:966213ms step_avg:219.74ms
step:4398/4740 train_time:966537ms step_avg:219.77ms
step:4399/4740 train_time:966716ms step_avg:219.76ms
step:4400/4740 train_time:967041ms step_avg:219.78ms
step:4401/4740 train_time:967224ms step_avg:219.77ms
step:4402/4740 train_time:967551ms step_avg:219.80ms
step:4403/4740 train_time:967731ms step_avg:219.79ms
step:4404/4740 train_time:968055ms step_avg:219.81ms
step:4405/4740 train_time:968236ms step_avg:219.80ms
step:4406/4740 train_time:968564ms step_avg:219.83ms
step:4407/4740 train_time:968748ms step_avg:219.82ms
step:4408/4740 train_time:969074ms step_avg:219.84ms
step:4409/4740 train_time:969253ms step_avg:219.84ms
step:4410/4740 train_time:969576ms step_avg:219.86ms
step:4411/4740 train_time:969758ms step_avg:219.85ms
step:4412/4740 train_time:970082ms step_avg:219.87ms
step:4413/4740 train_time:970261ms step_avg:219.86ms
step:4414/4740 train_time:970586ms step_avg:219.89ms
step:4415/4740 train_time:970768ms step_avg:219.88ms
step:4416/4740 train_time:971091ms step_avg:219.90ms
step:4417/4740 train_time:971274ms step_avg:219.89ms
step:4418/4740 train_time:971598ms step_avg:219.92ms
step:4419/4740 train_time:971782ms step_avg:219.91ms
step:4420/4740 train_time:972106ms step_avg:219.93ms
step:4421/4740 train_time:972288ms step_avg:219.92ms
step:4422/4740 train_time:972611ms step_avg:219.95ms
step:4423/4740 train_time:972795ms step_avg:219.94ms
step:4424/4740 train_time:973119ms step_avg:219.96ms
step:4425/4740 train_time:973301ms step_avg:219.96ms
step:4426/4740 train_time:973625ms step_avg:219.98ms
step:4427/4740 train_time:973809ms step_avg:219.97ms
step:4428/4740 train_time:974135ms step_avg:219.99ms
step:4429/4740 train_time:974315ms step_avg:219.99ms
step:4430/4740 train_time:974640ms step_avg:220.01ms
step:4431/4740 train_time:974823ms step_avg:220.00ms
step:4432/4740 train_time:975148ms step_avg:220.02ms
step:4433/4740 train_time:975328ms step_avg:220.02ms
step:4434/4740 train_time:975650ms step_avg:220.04ms
step:4435/4740 train_time:975833ms step_avg:220.03ms
step:4436/4740 train_time:976154ms step_avg:220.05ms
step:4437/4740 train_time:976340ms step_avg:220.05ms
step:4438/4740 train_time:976668ms step_avg:220.07ms
step:4439/4740 train_time:976848ms step_avg:220.06ms
step:4440/4740 train_time:977174ms step_avg:220.08ms
step:4441/4740 train_time:977353ms step_avg:220.07ms
step:4442/4740 train_time:977679ms step_avg:220.10ms
step:4443/4740 train_time:977860ms step_avg:220.09ms
step:4444/4740 train_time:978182ms step_avg:220.11ms
step:4445/4740 train_time:978366ms step_avg:220.10ms
step:4446/4740 train_time:978689ms step_avg:220.13ms
step:4447/4740 train_time:978874ms step_avg:220.12ms
step:4448/4740 train_time:979196ms step_avg:220.14ms
step:4449/4740 train_time:979380ms step_avg:220.13ms
step:4450/4740 train_time:979704ms step_avg:220.16ms
step:4451/4740 train_time:979888ms step_avg:220.15ms
step:4452/4740 train_time:980212ms step_avg:220.17ms
step:4453/4740 train_time:980394ms step_avg:220.16ms
step:4454/4740 train_time:980721ms step_avg:220.19ms
step:4455/4740 train_time:980901ms step_avg:220.18ms
step:4456/4740 train_time:981220ms step_avg:220.20ms
step:4457/4740 train_time:981406ms step_avg:220.19ms
step:4458/4740 train_time:981730ms step_avg:220.22ms
step:4459/4740 train_time:981916ms step_avg:220.21ms
step:4460/4740 train_time:982240ms step_avg:220.23ms
step:4461/4740 train_time:982423ms step_avg:220.22ms
step:4462/4740 train_time:982746ms step_avg:220.25ms
step:4463/4740 train_time:982932ms step_avg:220.24ms
step:4464/4740 train_time:983255ms step_avg:220.26ms
step:4465/4740 train_time:983438ms step_avg:220.25ms
step:4466/4740 train_time:983761ms step_avg:220.28ms
step:4467/4740 train_time:983946ms step_avg:220.27ms
step:4468/4740 train_time:984272ms step_avg:220.29ms
step:4469/4740 train_time:984454ms step_avg:220.29ms
step:4470/4740 train_time:984781ms step_avg:220.31ms
step:4471/4740 train_time:984964ms step_avg:220.30ms
step:4472/4740 train_time:985288ms step_avg:220.32ms
step:4473/4740 train_time:985474ms step_avg:220.32ms
step:4474/4740 train_time:985795ms step_avg:220.34ms
step:4475/4740 train_time:985979ms step_avg:220.33ms
step:4476/4740 train_time:986303ms step_avg:220.35ms
step:4477/4740 train_time:986487ms step_avg:220.35ms
step:4478/4740 train_time:986812ms step_avg:220.37ms
step:4479/4740 train_time:986993ms step_avg:220.36ms
step:4480/4740 train_time:987318ms step_avg:220.38ms
step:4481/4740 train_time:987499ms step_avg:220.37ms
step:4482/4740 train_time:987823ms step_avg:220.40ms
step:4483/4740 train_time:988003ms step_avg:220.39ms
step:4484/4740 train_time:988329ms step_avg:220.41ms
step:4485/4740 train_time:988508ms step_avg:220.40ms
step:4486/4740 train_time:988831ms step_avg:220.43ms
step:4487/4740 train_time:989011ms step_avg:220.42ms
step:4488/4740 train_time:989338ms step_avg:220.44ms
step:4489/4740 train_time:989520ms step_avg:220.43ms
step:4490/4740 train_time:989841ms step_avg:220.45ms
step:4491/4740 train_time:990027ms step_avg:220.45ms
step:4492/4740 train_time:990350ms step_avg:220.47ms
step:4493/4740 train_time:990535ms step_avg:220.46ms
step:4494/4740 train_time:990859ms step_avg:220.48ms
step:4495/4740 train_time:991041ms step_avg:220.48ms
step:4496/4740 train_time:991362ms step_avg:220.50ms
step:4497/4740 train_time:991546ms step_avg:220.49ms
step:4498/4740 train_time:991874ms step_avg:220.51ms
step:4499/4740 train_time:992054ms step_avg:220.51ms
step:4500/4740 train_time:992379ms step_avg:220.53ms
step:4500/4740 val_loss:2.9444 train_time:992507ms step_avg:220.56ms
step:4501/4740 train_time:992562ms step_avg:220.52ms
step:4502/4740 train_time:992897ms step_avg:220.55ms
step:4503/4740 train_time:993084ms step_avg:220.54ms
step:4504/4740 train_time:993403ms step_avg:220.56ms
step:4505/4740 train_time:993582ms step_avg:220.55ms
step:4506/4740 train_time:993910ms step_avg:220.57ms
step:4507/4740 train_time:994098ms step_avg:220.57ms
step:4508/4740 train_time:994416ms step_avg:220.59ms
step:4509/4740 train_time:994597ms step_avg:220.58ms
step:4510/4740 train_time:994925ms step_avg:220.60ms
step:4511/4740 train_time:995109ms step_avg:220.60ms
step:4512/4740 train_time:995432ms step_avg:220.62ms
step:4513/4740 train_time:995616ms step_avg:220.61ms
step:4514/4740 train_time:995941ms step_avg:220.63ms
step:4515/4740 train_time:996123ms step_avg:220.63ms
step:4516/4740 train_time:996450ms step_avg:220.65ms
step:4517/4740 train_time:996628ms step_avg:220.64ms
step:4518/4740 train_time:996953ms step_avg:220.66ms
step:4519/4740 train_time:997135ms step_avg:220.65ms
step:4520/4740 train_time:997456ms step_avg:220.68ms
step:4521/4740 train_time:997643ms step_avg:220.67ms
step:4522/4740 train_time:997966ms step_avg:220.69ms
step:4523/4740 train_time:998152ms step_avg:220.68ms
step:4524/4740 train_time:998477ms step_avg:220.71ms
step:4525/4740 train_time:998663ms step_avg:220.70ms
step:4526/4740 train_time:998984ms step_avg:220.72ms
step:4527/4740 train_time:999168ms step_avg:220.71ms
step:4528/4740 train_time:999491ms step_avg:220.74ms
step:4529/4740 train_time:999673ms step_avg:220.73ms
step:4530/4740 train_time:999998ms step_avg:220.75ms
step:4531/4740 train_time:1000180ms step_avg:220.74ms
step:4532/4740 train_time:1000507ms step_avg:220.77ms
step:4533/4740 train_time:1000690ms step_avg:220.76ms
step:4534/4740 train_time:1001011ms step_avg:220.78ms
step:4535/4740 train_time:1001195ms step_avg:220.77ms
step:4536/4740 train_time:1001517ms step_avg:220.79ms
step:4537/4740 train_time:1001703ms step_avg:220.79ms
step:4538/4740 train_time:1002028ms step_avg:220.81ms
step:4539/4740 train_time:1002209ms step_avg:220.80ms
step:4540/4740 train_time:1002531ms step_avg:220.82ms
step:4541/4740 train_time:1002716ms step_avg:220.81ms
step:4542/4740 train_time:1003039ms step_avg:220.84ms
step:4543/4740 train_time:1003223ms step_avg:220.83ms
step:4544/4740 train_time:1003547ms step_avg:220.85ms
step:4545/4740 train_time:1003730ms step_avg:220.84ms
step:4546/4740 train_time:1004052ms step_avg:220.86ms
step:4547/4740 train_time:1004239ms step_avg:220.86ms
step:4548/4740 train_time:1004559ms step_avg:220.88ms
step:4549/4740 train_time:1004748ms step_avg:220.87ms
step:4550/4740 train_time:1005071ms step_avg:220.89ms
step:4551/4740 train_time:1005254ms step_avg:220.89ms
step:4552/4740 train_time:1005573ms step_avg:220.91ms
step:4553/4740 train_time:1005757ms step_avg:220.90ms
step:4554/4740 train_time:1006084ms step_avg:220.92ms
step:4555/4740 train_time:1006264ms step_avg:220.91ms
step:4556/4740 train_time:1006590ms step_avg:220.94ms
step:4557/4740 train_time:1006770ms step_avg:220.93ms
step:4558/4740 train_time:1007093ms step_avg:220.95ms
step:4559/4740 train_time:1007281ms step_avg:220.94ms
step:4560/4740 train_time:1007608ms step_avg:220.97ms
step:4561/4740 train_time:1007791ms step_avg:220.96ms
step:4562/4740 train_time:1008116ms step_avg:220.98ms
step:4563/4740 train_time:1008299ms step_avg:220.97ms
step:4564/4740 train_time:1008628ms step_avg:221.00ms
step:4565/4740 train_time:1008809ms step_avg:220.99ms
step:4566/4740 train_time:1009132ms step_avg:221.01ms
step:4567/4740 train_time:1009317ms step_avg:221.00ms
step:4568/4740 train_time:1009638ms step_avg:221.02ms
step:4569/4740 train_time:1009821ms step_avg:221.02ms
step:4570/4740 train_time:1010149ms step_avg:221.04ms
step:4571/4740 train_time:1010329ms step_avg:221.03ms
step:4572/4740 train_time:1010653ms step_avg:221.05ms
step:4573/4740 train_time:1010834ms step_avg:221.04ms
step:4574/4740 train_time:1011155ms step_avg:221.07ms
step:4575/4740 train_time:1011338ms step_avg:221.06ms
step:4576/4740 train_time:1011658ms step_avg:221.08ms
step:4577/4740 train_time:1011840ms step_avg:221.07ms
step:4578/4740 train_time:1012167ms step_avg:221.09ms
step:4579/4740 train_time:1012350ms step_avg:221.09ms
step:4580/4740 train_time:1012677ms step_avg:221.11ms
step:4581/4740 train_time:1012861ms step_avg:221.10ms
step:4582/4740 train_time:1013182ms step_avg:221.12ms
step:4583/4740 train_time:1013364ms step_avg:221.11ms
step:4584/4740 train_time:1013688ms step_avg:221.14ms
step:4585/4740 train_time:1013869ms step_avg:221.13ms
step:4586/4740 train_time:1014192ms step_avg:221.15ms
step:4587/4740 train_time:1014374ms step_avg:221.14ms
step:4588/4740 train_time:1014695ms step_avg:221.16ms
step:4589/4740 train_time:1014881ms step_avg:221.16ms
step:4590/4740 train_time:1015206ms step_avg:221.18ms
step:4591/4740 train_time:1015387ms step_avg:221.17ms
step:4592/4740 train_time:1015712ms step_avg:221.19ms
step:4593/4740 train_time:1015894ms step_avg:221.18ms
step:4594/4740 train_time:1016215ms step_avg:221.20ms
step:4595/4740 train_time:1016400ms step_avg:221.20ms
step:4596/4740 train_time:1016724ms step_avg:221.22ms
step:4597/4740 train_time:1016910ms step_avg:221.21ms
step:4598/4740 train_time:1017234ms step_avg:221.23ms
step:4599/4740 train_time:1017417ms step_avg:221.23ms
step:4600/4740 train_time:1017742ms step_avg:221.25ms
step:4601/4740 train_time:1017926ms step_avg:221.24ms
step:4602/4740 train_time:1018248ms step_avg:221.26ms
step:4603/4740 train_time:1018432ms step_avg:221.25ms
step:4604/4740 train_time:1018754ms step_avg:221.28ms
step:4605/4740 train_time:1018935ms step_avg:221.27ms
step:4606/4740 train_time:1019256ms step_avg:221.29ms
step:4607/4740 train_time:1019441ms step_avg:221.28ms
step:4608/4740 train_time:1019767ms step_avg:221.30ms
step:4609/4740 train_time:1019946ms step_avg:221.29ms
step:4610/4740 train_time:1020273ms step_avg:221.32ms
step:4611/4740 train_time:1020452ms step_avg:221.31ms
step:4612/4740 train_time:1020772ms step_avg:221.33ms
step:4613/4740 train_time:1020954ms step_avg:221.32ms
step:4614/4740 train_time:1021282ms step_avg:221.34ms
step:4615/4740 train_time:1021465ms step_avg:221.34ms
step:4616/4740 train_time:1021788ms step_avg:221.36ms
step:4617/4740 train_time:1021971ms step_avg:221.35ms
step:4618/4740 train_time:1022297ms step_avg:221.37ms
step:4619/4740 train_time:1022480ms step_avg:221.36ms
step:4620/4740 train_time:1022801ms step_avg:221.39ms
step:4621/4740 train_time:1022984ms step_avg:221.38ms
step:4622/4740 train_time:1023309ms step_avg:221.40ms
step:4623/4740 train_time:1023493ms step_avg:221.39ms
step:4624/4740 train_time:1023817ms step_avg:221.41ms
step:4625/4740 train_time:1023999ms step_avg:221.41ms
step:4626/4740 train_time:1024320ms step_avg:221.43ms
step:4627/4740 train_time:1024511ms step_avg:221.42ms
step:4628/4740 train_time:1024835ms step_avg:221.44ms
step:4629/4740 train_time:1025016ms step_avg:221.43ms
step:4630/4740 train_time:1025339ms step_avg:221.46ms
step:4631/4740 train_time:1025527ms step_avg:221.45ms
step:4632/4740 train_time:1025850ms step_avg:221.47ms
step:4633/4740 train_time:1026033ms step_avg:221.46ms
step:4634/4740 train_time:1026358ms step_avg:221.48ms
step:4635/4740 train_time:1026540ms step_avg:221.48ms
step:4636/4740 train_time:1026863ms step_avg:221.50ms
step:4637/4740 train_time:1027047ms step_avg:221.49ms
step:4638/4740 train_time:1027370ms step_avg:221.51ms
step:4639/4740 train_time:1027550ms step_avg:221.50ms
step:4640/4740 train_time:1027878ms step_avg:221.53ms
step:4641/4740 train_time:1028055ms step_avg:221.52ms
step:4642/4740 train_time:1028380ms step_avg:221.54ms
step:4643/4740 train_time:1028565ms step_avg:221.53ms
step:4644/4740 train_time:1028889ms step_avg:221.55ms
step:4645/4740 train_time:1029071ms step_avg:221.54ms
step:4646/4740 train_time:1029394ms step_avg:221.57ms
step:4647/4740 train_time:1029571ms step_avg:221.56ms
step:4648/4740 train_time:1029895ms step_avg:221.58ms
step:4649/4740 train_time:1030077ms step_avg:221.57ms
step:4650/4740 train_time:1030401ms step_avg:221.59ms
step:4651/4740 train_time:1030588ms step_avg:221.58ms
step:4652/4740 train_time:1030914ms step_avg:221.61ms
step:4653/4740 train_time:1031096ms step_avg:221.60ms
step:4654/4740 train_time:1031417ms step_avg:221.62ms
step:4655/4740 train_time:1031602ms step_avg:221.61ms
step:4656/4740 train_time:1031928ms step_avg:221.63ms
step:4657/4740 train_time:1032114ms step_avg:221.63ms
step:4658/4740 train_time:1032436ms step_avg:221.65ms
step:4659/4740 train_time:1032622ms step_avg:221.64ms
step:4660/4740 train_time:1032949ms step_avg:221.66ms
step:4661/4740 train_time:1033128ms step_avg:221.65ms
step:4662/4740 train_time:1033450ms step_avg:221.68ms
step:4663/4740 train_time:1033630ms step_avg:221.67ms
step:4664/4740 train_time:1033955ms step_avg:221.69ms
step:4665/4740 train_time:1034136ms step_avg:221.68ms
step:4666/4740 train_time:1034455ms step_avg:221.70ms
step:4667/4740 train_time:1034640ms step_avg:221.69ms
step:4668/4740 train_time:1034969ms step_avg:221.72ms
step:4669/4740 train_time:1035148ms step_avg:221.71ms
step:4670/4740 train_time:1035474ms step_avg:221.73ms
step:4671/4740 train_time:1035653ms step_avg:221.72ms
step:4672/4740 train_time:1035979ms step_avg:221.74ms
step:4673/4740 train_time:1036163ms step_avg:221.73ms
step:4674/4740 train_time:1036486ms step_avg:221.76ms
step:4675/4740 train_time:1036667ms step_avg:221.75ms
step:4676/4740 train_time:1036991ms step_avg:221.77ms
step:4677/4740 train_time:1037177ms step_avg:221.76ms
step:4678/4740 train_time:1037494ms step_avg:221.78ms
step:4679/4740 train_time:1037681ms step_avg:221.77ms
step:4680/4740 train_time:1038006ms step_avg:221.80ms
step:4681/4740 train_time:1038189ms step_avg:221.79ms
step:4682/4740 train_time:1038512ms step_avg:221.81ms
step:4683/4740 train_time:1038695ms step_avg:221.80ms
step:4684/4740 train_time:1039018ms step_avg:221.82ms
step:4685/4740 train_time:1039205ms step_avg:221.82ms
step:4686/4740 train_time:1039530ms step_avg:221.84ms
step:4687/4740 train_time:1039714ms step_avg:221.83ms
step:4688/4740 train_time:1040038ms step_avg:221.85ms
step:4689/4740 train_time:1040222ms step_avg:221.84ms
step:4690/4740 train_time:1040544ms step_avg:221.86ms
step:4691/4740 train_time:1040725ms step_avg:221.86ms
step:4692/4740 train_time:1041049ms step_avg:221.88ms
step:4693/4740 train_time:1041230ms step_avg:221.87ms
step:4694/4740 train_time:1041552ms step_avg:221.89ms
step:4695/4740 train_time:1041734ms step_avg:221.88ms
step:4696/4740 train_time:1042055ms step_avg:221.90ms
step:4697/4740 train_time:1042239ms step_avg:221.89ms
step:4698/4740 train_time:1042561ms step_avg:221.92ms
step:4699/4740 train_time:1042742ms step_avg:221.91ms
step:4700/4740 train_time:1043062ms step_avg:221.93ms
step:4701/4740 train_time:1043247ms step_avg:221.92ms
step:4702/4740 train_time:1043572ms step_avg:221.94ms
step:4703/4740 train_time:1043758ms step_avg:221.93ms
step:4704/4740 train_time:1044080ms step_avg:221.96ms
step:4705/4740 train_time:1044270ms step_avg:221.95ms
step:4706/4740 train_time:1044596ms step_avg:221.97ms
step:4707/4740 train_time:1044778ms step_avg:221.96ms
step:4708/4740 train_time:1045101ms step_avg:221.98ms
step:4709/4740 train_time:1045286ms step_avg:221.98ms
step:4710/4740 train_time:1045612ms step_avg:222.00ms
step:4711/4740 train_time:1045794ms step_avg:221.99ms
step:4712/4740 train_time:1046118ms step_avg:222.01ms
step:4713/4740 train_time:1046301ms step_avg:222.00ms
step:4714/4740 train_time:1046624ms step_avg:222.02ms
step:4715/4740 train_time:1046807ms step_avg:222.02ms
step:4716/4740 train_time:1047130ms step_avg:222.04ms
step:4717/4740 train_time:1047314ms step_avg:222.03ms
step:4718/4740 train_time:1047639ms step_avg:222.05ms
step:4719/4740 train_time:1047821ms step_avg:222.04ms
step:4720/4740 train_time:1048146ms step_avg:222.06ms
step:4721/4740 train_time:1048327ms step_avg:222.06ms
step:4722/4740 train_time:1048652ms step_avg:222.08ms
step:4723/4740 train_time:1048838ms step_avg:222.07ms
step:4724/4740 train_time:1049160ms step_avg:222.09ms
step:4725/4740 train_time:1049345ms step_avg:222.08ms
step:4726/4740 train_time:1049669ms step_avg:222.11ms
step:4727/4740 train_time:1049848ms step_avg:222.10ms
step:4728/4740 train_time:1050169ms step_avg:222.12ms
step:4729/4740 train_time:1050354ms step_avg:222.11ms
step:4730/4740 train_time:1050679ms step_avg:222.13ms
step:4731/4740 train_time:1050862ms step_avg:222.12ms
step:4732/4740 train_time:1051187ms step_avg:222.14ms
step:4733/4740 train_time:1051368ms step_avg:222.14ms
step:4734/4740 train_time:1051693ms step_avg:222.16ms
step:4735/4740 train_time:1051876ms step_avg:222.15ms
step:4736/4740 train_time:1052199ms step_avg:222.17ms
step:4737/4740 train_time:1052382ms step_avg:222.16ms
step:4738/4740 train_time:1052707ms step_avg:222.18ms
step:4739/4740 train_time:1052889ms step_avg:222.18ms
step:4740/4740 train_time:1053213ms step_avg:222.20ms
step:4740/4740 val_loss:2.9254 train_time:1053341ms step_avg:222.22ms
peak memory allocated: 57397 MiB reserved: 61912 MiB
