W0325 08:31:08.465000 604850 torch/distributed/run.py:852] 
W0325 08:31:08.465000 604850 torch/distributed/run.py:852] *****************************************
W0325 08:31:08.465000 604850 torch/distributed/run.py:852] Setting OMP_NUM_THREADS environment variable for each process to be 1 in default, to avoid your system being overloaded, please further tune the variable for optimal performance in your application as needed. 
W0325 08:31:08.465000 604850 torch/distributed/run.py:852] *****************************************
Fetching 4 files:   0%|          | 0/4 [00:00<?, ?it/s]Fetching 4 files: 100%|██████████| 4/4 [00:00<00:00, 8788.48it/s]
Fetching 4 files:   0%|          | 0/4 [00:00<?, ?it/s]Fetching 4 files: 100%|██████████| 4/4 [00:00<00:00, 72944.42it/s]
Fetching 4 files:   0%|          | 0/4 [00:00<?, ?it/s]Fetching 4 files: 100%|██████████| 4/4 [00:00<00:00, 67108.86it/s]
Fetching 4 files:   0%|          | 0/4 [00:00<?, ?it/s]Fetching 4 files: 100%|██████████| 4/4 [00:00<00:00, 66052.03it/s]
Fetching 4 files:   0%|          | 0/4 [00:00<?, ?it/s]Fetching 4 files: 100%|██████████| 4/4 [00:00<00:00, 54827.50it/s]
Fetching 4 files:   0%|          | 0/4 [00:00<?, ?it/s]Fetching 4 files: 100%|██████████| 4/4 [00:00<00:00, 73262.95it/s]
Fetching 4 files:   0%|          | 0/4 [00:00<?, ?it/s]Fetching 4 files: 100%|██████████| 4/4 [00:00<00:00, 69042.04it/s]
Fetching 4 files:   0%|          | 0/4 [00:00<?, ?it/s]Fetching 4 files: 100%|██████████| 4/4 [00:00<00:00, 31775.03it/s]
logs/sweep_muon0.010_stretch2.0_peak2.5.txt
74
Compiling model and warming up kernels (~7 minutes on first execution)
Sampling steps [0, 1, 391, 392, 393, 783, 784, 785, 1174, 1175, 1176, 1566, 1567, 1568, 1958, 1959, 1960, 2349, 2350, 2351, 2741, 2742, 2743, 3133, 3134, 3135] for warmup
Resetting Model
step:0/4740 val_loss:10.8291 train_time:0ms step_avg:0.44ms
step:1/4740 train_time:107ms step_avg:106.82ms
step:2/4740 train_time:171ms step_avg:85.55ms
step:3/4740 train_time:229ms step_avg:76.28ms
step:4/4740 train_time:314ms step_avg:78.60ms
step:5/4740 train_time:373ms step_avg:74.51ms
step:6/4740 train_time:459ms step_avg:76.48ms
step:7/4740 train_time:517ms step_avg:73.89ms
step:8/4740 train_time:603ms step_avg:75.35ms
step:9/4740 train_time:662ms step_avg:73.55ms
step:10/4740 train_time:747ms step_avg:74.74ms
step:11/4740 train_time:806ms step_avg:73.29ms
step:12/4740 train_time:892ms step_avg:74.30ms
step:13/4740 train_time:949ms step_avg:73.04ms
step:14/4740 train_time:1036ms step_avg:74.01ms
step:15/4740 train_time:1098ms step_avg:73.18ms
step:16/4740 train_time:1185ms step_avg:74.05ms
step:17/4740 train_time:1244ms step_avg:73.18ms
step:18/4740 train_time:1330ms step_avg:73.88ms
step:19/4740 train_time:1389ms step_avg:73.08ms
step:20/4740 train_time:1475ms step_avg:73.75ms
step:21/4740 train_time:1533ms step_avg:73.02ms
step:22/4740 train_time:1620ms step_avg:73.62ms
step:23/4740 train_time:1679ms step_avg:72.99ms
step:24/4740 train_time:1765ms step_avg:73.53ms
step:25/4740 train_time:1824ms step_avg:72.96ms
step:26/4740 train_time:1910ms step_avg:73.45ms
step:27/4740 train_time:1968ms step_avg:72.90ms
step:28/4740 train_time:2056ms step_avg:73.42ms
step:29/4740 train_time:2115ms step_avg:72.95ms
step:30/4740 train_time:2203ms step_avg:73.42ms
step:31/4740 train_time:2262ms step_avg:72.98ms
step:32/4740 train_time:2349ms step_avg:73.40ms
step:33/4740 train_time:2408ms step_avg:72.96ms
step:34/4740 train_time:2495ms step_avg:73.37ms
step:35/4740 train_time:2554ms step_avg:72.97ms
step:36/4740 train_time:2641ms step_avg:73.36ms
step:37/4740 train_time:2700ms step_avg:72.97ms
step:38/4740 train_time:2786ms step_avg:73.32ms
step:39/4740 train_time:2845ms step_avg:72.96ms
step:40/4740 train_time:2932ms step_avg:73.30ms
step:41/4740 train_time:2991ms step_avg:72.95ms
step:42/4740 train_time:3078ms step_avg:73.29ms
step:43/4740 train_time:3138ms step_avg:72.97ms
step:44/4740 train_time:3224ms step_avg:73.28ms
step:45/4740 train_time:3284ms step_avg:72.97ms
step:46/4740 train_time:3371ms step_avg:73.27ms
step:47/4740 train_time:3430ms step_avg:72.97ms
step:48/4740 train_time:3516ms step_avg:73.26ms
step:49/4740 train_time:3576ms step_avg:72.98ms
step:50/4740 train_time:3662ms step_avg:73.24ms
step:51/4740 train_time:3723ms step_avg:73.00ms
step:52/4740 train_time:3809ms step_avg:73.25ms
step:53/4740 train_time:3868ms step_avg:72.98ms
step:54/4740 train_time:3954ms step_avg:73.23ms
step:55/4740 train_time:4013ms step_avg:72.96ms
step:56/4740 train_time:4100ms step_avg:73.21ms
step:57/4740 train_time:4159ms step_avg:72.97ms
step:58/4740 train_time:4246ms step_avg:73.22ms
step:59/4740 train_time:4306ms step_avg:72.99ms
step:60/4740 train_time:4393ms step_avg:73.22ms
step:61/4740 train_time:4452ms step_avg:72.98ms
step:62/4740 train_time:4539ms step_avg:73.21ms
step:63/4740 train_time:4598ms step_avg:72.98ms
step:64/4740 train_time:4684ms step_avg:73.19ms
step:65/4740 train_time:4744ms step_avg:72.99ms
step:66/4740 train_time:4830ms step_avg:73.19ms
step:67/4740 train_time:4890ms step_avg:72.99ms
step:68/4740 train_time:4977ms step_avg:73.19ms
step:69/4740 train_time:5037ms step_avg:73.01ms
step:70/4740 train_time:5124ms step_avg:73.20ms
step:71/4740 train_time:5184ms step_avg:73.01ms
step:72/4740 train_time:5271ms step_avg:73.20ms
step:73/4740 train_time:5329ms step_avg:73.00ms
step:74/4740 train_time:5416ms step_avg:73.19ms
step:75/4740 train_time:5475ms step_avg:73.00ms
step:76/4740 train_time:5562ms step_avg:73.19ms
step:77/4740 train_time:5622ms step_avg:73.02ms
step:78/4740 train_time:5709ms step_avg:73.19ms
step:79/4740 train_time:5769ms step_avg:73.03ms
step:80/4740 train_time:5855ms step_avg:73.19ms
step:81/4740 train_time:5915ms step_avg:73.02ms
step:82/4740 train_time:6001ms step_avg:73.18ms
step:83/4740 train_time:6061ms step_avg:73.02ms
step:84/4740 train_time:6148ms step_avg:73.18ms
step:85/4740 train_time:6207ms step_avg:73.02ms
step:86/4740 train_time:6294ms step_avg:73.18ms
step:87/4740 train_time:6352ms step_avg:73.02ms
step:88/4740 train_time:6439ms step_avg:73.17ms
step:89/4740 train_time:6498ms step_avg:73.01ms
step:90/4740 train_time:6584ms step_avg:73.16ms
step:91/4740 train_time:6644ms step_avg:73.01ms
step:92/4740 train_time:6730ms step_avg:73.16ms
step:93/4740 train_time:6789ms step_avg:73.00ms
step:94/4740 train_time:6876ms step_avg:73.15ms
step:95/4740 train_time:6935ms step_avg:73.00ms
step:96/4740 train_time:7021ms step_avg:73.14ms
step:97/4740 train_time:7081ms step_avg:73.00ms
step:98/4740 train_time:7167ms step_avg:73.13ms
step:99/4740 train_time:7227ms step_avg:73.00ms
step:100/4740 train_time:7313ms step_avg:73.13ms
step:101/4740 train_time:7372ms step_avg:72.99ms
step:102/4740 train_time:7458ms step_avg:73.12ms
step:103/4740 train_time:7517ms step_avg:72.99ms
step:104/4740 train_time:7604ms step_avg:73.12ms
step:105/4740 train_time:7664ms step_avg:72.99ms
step:106/4740 train_time:7750ms step_avg:73.11ms
step:107/4740 train_time:7810ms step_avg:72.99ms
step:108/4740 train_time:7896ms step_avg:73.11ms
step:109/4740 train_time:7955ms step_avg:72.98ms
step:110/4740 train_time:8041ms step_avg:73.10ms
step:111/4740 train_time:8100ms step_avg:72.98ms
step:112/4740 train_time:8187ms step_avg:73.10ms
step:113/4740 train_time:8247ms step_avg:72.98ms
step:114/4740 train_time:8333ms step_avg:73.10ms
step:115/4740 train_time:8392ms step_avg:72.97ms
step:116/4740 train_time:8479ms step_avg:73.09ms
step:117/4740 train_time:8538ms step_avg:72.97ms
step:118/4740 train_time:8625ms step_avg:73.09ms
step:119/4740 train_time:8684ms step_avg:72.98ms
step:120/4740 train_time:8771ms step_avg:73.09ms
step:121/4740 train_time:8830ms step_avg:72.98ms
step:122/4740 train_time:8917ms step_avg:73.09ms
step:123/4740 train_time:8976ms step_avg:72.98ms
step:124/4740 train_time:9063ms step_avg:73.09ms
step:125/4740 train_time:9123ms step_avg:72.98ms
step:126/4740 train_time:9209ms step_avg:73.09ms
step:127/4740 train_time:9269ms step_avg:72.98ms
step:128/4740 train_time:9355ms step_avg:73.09ms
step:129/4740 train_time:9414ms step_avg:72.98ms
step:130/4740 train_time:9501ms step_avg:73.08ms
step:131/4740 train_time:9561ms step_avg:72.98ms
step:132/4740 train_time:9647ms step_avg:73.09ms
step:133/4740 train_time:9706ms step_avg:72.98ms
step:134/4740 train_time:9793ms step_avg:73.08ms
step:135/4740 train_time:9852ms step_avg:72.98ms
step:136/4740 train_time:9939ms step_avg:73.08ms
step:137/4740 train_time:9998ms step_avg:72.98ms
step:138/4740 train_time:10085ms step_avg:73.08ms
step:139/4740 train_time:10144ms step_avg:72.98ms
step:140/4740 train_time:10230ms step_avg:73.07ms
step:141/4740 train_time:10289ms step_avg:72.97ms
step:142/4740 train_time:10376ms step_avg:73.07ms
step:143/4740 train_time:10435ms step_avg:72.97ms
step:144/4740 train_time:10521ms step_avg:73.06ms
step:145/4740 train_time:10581ms step_avg:72.97ms
step:146/4740 train_time:10668ms step_avg:73.07ms
step:147/4740 train_time:10728ms step_avg:72.98ms
step:148/4740 train_time:10815ms step_avg:73.07ms
step:149/4740 train_time:10874ms step_avg:72.98ms
step:150/4740 train_time:10962ms step_avg:73.08ms
step:151/4740 train_time:11021ms step_avg:72.99ms
step:152/4740 train_time:11109ms step_avg:73.08ms
step:153/4740 train_time:11168ms step_avg:72.99ms
step:154/4740 train_time:11255ms step_avg:73.08ms
step:155/4740 train_time:11314ms step_avg:72.99ms
step:156/4740 train_time:11401ms step_avg:73.08ms
step:157/4740 train_time:11461ms step_avg:73.00ms
step:158/4740 train_time:11547ms step_avg:73.08ms
step:159/4740 train_time:11606ms step_avg:73.00ms
step:160/4740 train_time:11693ms step_avg:73.08ms
step:161/4740 train_time:11752ms step_avg:72.99ms
step:162/4740 train_time:11839ms step_avg:73.08ms
step:163/4740 train_time:11899ms step_avg:73.00ms
step:164/4740 train_time:11985ms step_avg:73.08ms
step:165/4740 train_time:12044ms step_avg:72.99ms
step:166/4740 train_time:12130ms step_avg:73.07ms
step:167/4740 train_time:12189ms step_avg:72.99ms
step:168/4740 train_time:12276ms step_avg:73.07ms
step:169/4740 train_time:12336ms step_avg:73.00ms
step:170/4740 train_time:12423ms step_avg:73.07ms
step:171/4740 train_time:12483ms step_avg:73.00ms
step:172/4740 train_time:12569ms step_avg:73.08ms
step:173/4740 train_time:12628ms step_avg:73.00ms
step:174/4740 train_time:12715ms step_avg:73.07ms
step:175/4740 train_time:12773ms step_avg:72.99ms
step:176/4740 train_time:12860ms step_avg:73.07ms
step:177/4740 train_time:12919ms step_avg:72.99ms
step:178/4740 train_time:13006ms step_avg:73.06ms
step:179/4740 train_time:13065ms step_avg:72.99ms
step:180/4740 train_time:13151ms step_avg:73.06ms
step:181/4740 train_time:13210ms step_avg:72.98ms
step:182/4740 train_time:13297ms step_avg:73.06ms
step:183/4740 train_time:13356ms step_avg:72.98ms
step:184/4740 train_time:13442ms step_avg:73.06ms
step:185/4740 train_time:13502ms step_avg:72.98ms
step:186/4740 train_time:13588ms step_avg:73.05ms
step:187/4740 train_time:13647ms step_avg:72.98ms
step:188/4740 train_time:13734ms step_avg:73.05ms
step:189/4740 train_time:13792ms step_avg:72.97ms
step:190/4740 train_time:13879ms step_avg:73.05ms
step:191/4740 train_time:13939ms step_avg:72.98ms
step:192/4740 train_time:14025ms step_avg:73.05ms
step:193/4740 train_time:14086ms step_avg:72.98ms
step:194/4740 train_time:14172ms step_avg:73.05ms
step:195/4740 train_time:14231ms step_avg:72.98ms
step:196/4740 train_time:14318ms step_avg:73.05ms
step:197/4740 train_time:14377ms step_avg:72.98ms
step:198/4740 train_time:14463ms step_avg:73.04ms
step:199/4740 train_time:14522ms step_avg:72.98ms
step:200/4740 train_time:14609ms step_avg:73.05ms
step:201/4740 train_time:14668ms step_avg:72.97ms
step:202/4740 train_time:14754ms step_avg:73.04ms
step:203/4740 train_time:14813ms step_avg:72.97ms
step:204/4740 train_time:14899ms step_avg:73.03ms
step:205/4740 train_time:14959ms step_avg:72.97ms
step:206/4740 train_time:15045ms step_avg:73.03ms
step:207/4740 train_time:15106ms step_avg:72.98ms
step:208/4740 train_time:15192ms step_avg:73.04ms
step:209/4740 train_time:15251ms step_avg:72.97ms
step:210/4740 train_time:15338ms step_avg:73.04ms
step:211/4740 train_time:15397ms step_avg:72.97ms
step:212/4740 train_time:15484ms step_avg:73.04ms
step:213/4740 train_time:15543ms step_avg:72.97ms
step:214/4740 train_time:15629ms step_avg:73.03ms
step:215/4740 train_time:15687ms step_avg:72.96ms
step:216/4740 train_time:15774ms step_avg:73.03ms
step:217/4740 train_time:15833ms step_avg:72.96ms
step:218/4740 train_time:15919ms step_avg:73.02ms
step:219/4740 train_time:15978ms step_avg:72.96ms
step:220/4740 train_time:16065ms step_avg:73.02ms
step:221/4740 train_time:16124ms step_avg:72.96ms
step:222/4740 train_time:16211ms step_avg:73.02ms
step:223/4740 train_time:16270ms step_avg:72.96ms
step:224/4740 train_time:16358ms step_avg:73.03ms
step:225/4740 train_time:16416ms step_avg:72.96ms
step:226/4740 train_time:16503ms step_avg:73.02ms
step:227/4740 train_time:16562ms step_avg:72.96ms
step:228/4740 train_time:16648ms step_avg:73.02ms
step:229/4740 train_time:16707ms step_avg:72.96ms
step:230/4740 train_time:16793ms step_avg:73.01ms
step:231/4740 train_time:16852ms step_avg:72.95ms
step:232/4740 train_time:16939ms step_avg:73.01ms
step:233/4740 train_time:16999ms step_avg:72.96ms
step:234/4740 train_time:17085ms step_avg:73.01ms
step:235/4740 train_time:17145ms step_avg:72.96ms
step:236/4740 train_time:17231ms step_avg:73.01ms
step:237/4740 train_time:17291ms step_avg:72.96ms
step:238/4740 train_time:17379ms step_avg:73.02ms
step:239/4740 train_time:17438ms step_avg:72.96ms
step:240/4740 train_time:17524ms step_avg:73.02ms
step:241/4740 train_time:17583ms step_avg:72.96ms
step:242/4740 train_time:17669ms step_avg:73.01ms
step:243/4740 train_time:17729ms step_avg:72.96ms
step:244/4740 train_time:17815ms step_avg:73.01ms
step:245/4740 train_time:17874ms step_avg:72.96ms
step:246/4740 train_time:17961ms step_avg:73.01ms
step:247/4740 train_time:18021ms step_avg:72.96ms
step:248/4740 train_time:18107ms step_avg:73.01ms
step:249/4740 train_time:18167ms step_avg:72.96ms
step:250/4740 train_time:18253ms step_avg:73.01ms
step:250/4740 val_loss:4.5433 train_time:18298ms step_avg:73.19ms
step:251/4740 train_time:18329ms step_avg:73.02ms
step:252/4740 train_time:18400ms step_avg:73.02ms
step:253/4740 train_time:18460ms step_avg:72.96ms
step:254/4740 train_time:18548ms step_avg:73.02ms
step:255/4740 train_time:18608ms step_avg:72.97ms
step:256/4740 train_time:18696ms step_avg:73.03ms
step:257/4740 train_time:18756ms step_avg:72.98ms
step:258/4740 train_time:18842ms step_avg:73.03ms
step:259/4740 train_time:18901ms step_avg:72.98ms
step:260/4740 train_time:18987ms step_avg:73.03ms
step:261/4740 train_time:19046ms step_avg:72.97ms
step:262/4740 train_time:19132ms step_avg:73.02ms
step:263/4740 train_time:19190ms step_avg:72.97ms
step:264/4740 train_time:19276ms step_avg:73.02ms
step:265/4740 train_time:19335ms step_avg:72.96ms
step:266/4740 train_time:19421ms step_avg:73.01ms
step:267/4740 train_time:19481ms step_avg:72.96ms
step:268/4740 train_time:19567ms step_avg:73.01ms
step:269/4740 train_time:19627ms step_avg:72.96ms
step:270/4740 train_time:19714ms step_avg:73.02ms
step:271/4740 train_time:19774ms step_avg:72.97ms
step:272/4740 train_time:19860ms step_avg:73.02ms
step:273/4740 train_time:19919ms step_avg:72.96ms
step:274/4740 train_time:20006ms step_avg:73.01ms
step:275/4740 train_time:20065ms step_avg:72.96ms
step:276/4740 train_time:20151ms step_avg:73.01ms
step:277/4740 train_time:20210ms step_avg:72.96ms
step:278/4740 train_time:20296ms step_avg:73.01ms
step:279/4740 train_time:20355ms step_avg:72.96ms
step:280/4740 train_time:20442ms step_avg:73.01ms
step:281/4740 train_time:20501ms step_avg:72.96ms
step:282/4740 train_time:20587ms step_avg:73.00ms
step:283/4740 train_time:20646ms step_avg:72.95ms
step:284/4740 train_time:20733ms step_avg:73.00ms
step:285/4740 train_time:20793ms step_avg:72.96ms
step:286/4740 train_time:20879ms step_avg:73.00ms
step:287/4740 train_time:20938ms step_avg:72.95ms
step:288/4740 train_time:21024ms step_avg:73.00ms
step:289/4740 train_time:21083ms step_avg:72.95ms
step:290/4740 train_time:21169ms step_avg:73.00ms
step:291/4740 train_time:21228ms step_avg:72.95ms
step:292/4740 train_time:21314ms step_avg:72.99ms
step:293/4740 train_time:21373ms step_avg:72.95ms
step:294/4740 train_time:21459ms step_avg:72.99ms
step:295/4740 train_time:21518ms step_avg:72.94ms
step:296/4740 train_time:21605ms step_avg:72.99ms
step:297/4740 train_time:21663ms step_avg:72.94ms
step:298/4740 train_time:21750ms step_avg:72.99ms
step:299/4740 train_time:21809ms step_avg:72.94ms
step:300/4740 train_time:21895ms step_avg:72.98ms
step:301/4740 train_time:21955ms step_avg:72.94ms
step:302/4740 train_time:22041ms step_avg:72.98ms
step:303/4740 train_time:22099ms step_avg:72.94ms
step:304/4740 train_time:22186ms step_avg:72.98ms
step:305/4740 train_time:22245ms step_avg:72.93ms
step:306/4740 train_time:22331ms step_avg:72.98ms
step:307/4740 train_time:22390ms step_avg:72.93ms
step:308/4740 train_time:22476ms step_avg:72.98ms
step:309/4740 train_time:22535ms step_avg:72.93ms
step:310/4740 train_time:22621ms step_avg:72.97ms
step:311/4740 train_time:22680ms step_avg:72.92ms
step:312/4740 train_time:22766ms step_avg:72.97ms
step:313/4740 train_time:22825ms step_avg:72.92ms
step:314/4740 train_time:22912ms step_avg:72.97ms
step:315/4740 train_time:22971ms step_avg:72.92ms
step:316/4740 train_time:23057ms step_avg:72.97ms
step:317/4740 train_time:23116ms step_avg:72.92ms
step:318/4740 train_time:23202ms step_avg:72.96ms
step:319/4740 train_time:23260ms step_avg:72.92ms
step:320/4740 train_time:23347ms step_avg:72.96ms
step:321/4740 train_time:23406ms step_avg:72.91ms
step:322/4740 train_time:23492ms step_avg:72.96ms
step:323/4740 train_time:23551ms step_avg:72.91ms
step:324/4740 train_time:23637ms step_avg:72.95ms
step:325/4740 train_time:23696ms step_avg:72.91ms
step:326/4740 train_time:23781ms step_avg:72.95ms
step:327/4740 train_time:23840ms step_avg:72.91ms
step:328/4740 train_time:23927ms step_avg:72.95ms
step:329/4740 train_time:23986ms step_avg:72.90ms
step:330/4740 train_time:24072ms step_avg:72.95ms
step:331/4740 train_time:24132ms step_avg:72.91ms
step:332/4740 train_time:24218ms step_avg:72.95ms
step:333/4740 train_time:24277ms step_avg:72.90ms
step:334/4740 train_time:24363ms step_avg:72.94ms
step:335/4740 train_time:24422ms step_avg:72.90ms
step:336/4740 train_time:24508ms step_avg:72.94ms
step:337/4740 train_time:24568ms step_avg:72.90ms
step:338/4740 train_time:24654ms step_avg:72.94ms
step:339/4740 train_time:24713ms step_avg:72.90ms
step:340/4740 train_time:24799ms step_avg:72.94ms
step:341/4740 train_time:24858ms step_avg:72.90ms
step:342/4740 train_time:24944ms step_avg:72.94ms
step:343/4740 train_time:25003ms step_avg:72.89ms
step:344/4740 train_time:25089ms step_avg:72.93ms
step:345/4740 train_time:25149ms step_avg:72.90ms
step:346/4740 train_time:25235ms step_avg:72.93ms
step:347/4740 train_time:25294ms step_avg:72.89ms
step:348/4740 train_time:25380ms step_avg:72.93ms
step:349/4740 train_time:25438ms step_avg:72.89ms
step:350/4740 train_time:25525ms step_avg:72.93ms
step:351/4740 train_time:25584ms step_avg:72.89ms
step:352/4740 train_time:25670ms step_avg:72.93ms
step:353/4740 train_time:25730ms step_avg:72.89ms
step:354/4740 train_time:25816ms step_avg:72.93ms
step:355/4740 train_time:25876ms step_avg:72.89ms
step:356/4740 train_time:25963ms step_avg:72.93ms
step:357/4740 train_time:26021ms step_avg:72.89ms
step:358/4740 train_time:26107ms step_avg:72.93ms
step:359/4740 train_time:26166ms step_avg:72.89ms
step:360/4740 train_time:26253ms step_avg:72.93ms
step:361/4740 train_time:26312ms step_avg:72.89ms
step:362/4740 train_time:26397ms step_avg:72.92ms
step:363/4740 train_time:26457ms step_avg:72.88ms
step:364/4740 train_time:26543ms step_avg:72.92ms
step:365/4740 train_time:26601ms step_avg:72.88ms
step:366/4740 train_time:26688ms step_avg:72.92ms
step:367/4740 train_time:26747ms step_avg:72.88ms
step:368/4740 train_time:26833ms step_avg:72.92ms
step:369/4740 train_time:26892ms step_avg:72.88ms
step:370/4740 train_time:26978ms step_avg:72.91ms
step:371/4740 train_time:27037ms step_avg:72.88ms
step:372/4740 train_time:27123ms step_avg:72.91ms
step:373/4740 train_time:27181ms step_avg:72.87ms
step:374/4740 train_time:27267ms step_avg:72.91ms
step:375/4740 train_time:27326ms step_avg:72.87ms
step:376/4740 train_time:27412ms step_avg:72.90ms
step:377/4740 train_time:27471ms step_avg:72.87ms
step:378/4740 train_time:27556ms step_avg:72.90ms
step:379/4740 train_time:27616ms step_avg:72.87ms
step:380/4740 train_time:27702ms step_avg:72.90ms
step:381/4740 train_time:27761ms step_avg:72.86ms
step:382/4740 train_time:27847ms step_avg:72.90ms
step:383/4740 train_time:27906ms step_avg:72.86ms
step:384/4740 train_time:27992ms step_avg:72.89ms
step:385/4740 train_time:28052ms step_avg:72.86ms
step:386/4740 train_time:28138ms step_avg:72.90ms
step:387/4740 train_time:28197ms step_avg:72.86ms
step:388/4740 train_time:28283ms step_avg:72.90ms
step:389/4740 train_time:28341ms step_avg:72.86ms
step:390/4740 train_time:28429ms step_avg:72.90ms
step:391/4740 train_time:28487ms step_avg:72.86ms
step:392/4740 train_time:28574ms step_avg:72.89ms
step:393/4740 train_time:28647ms step_avg:72.89ms
step:394/4740 train_time:28807ms step_avg:73.11ms
step:395/4740 train_time:28910ms step_avg:73.19ms
step:396/4740 train_time:29067ms step_avg:73.40ms
step:397/4740 train_time:29170ms step_avg:73.48ms
step:398/4740 train_time:29328ms step_avg:73.69ms
step:399/4740 train_time:29429ms step_avg:73.76ms
step:400/4740 train_time:29586ms step_avg:73.96ms
step:401/4740 train_time:29687ms step_avg:74.03ms
step:402/4740 train_time:29847ms step_avg:74.25ms
step:403/4740 train_time:29950ms step_avg:74.32ms
step:404/4740 train_time:30108ms step_avg:74.52ms
step:405/4740 train_time:30209ms step_avg:74.59ms
step:406/4740 train_time:30367ms step_avg:74.80ms
step:407/4740 train_time:30468ms step_avg:74.86ms
step:408/4740 train_time:30626ms step_avg:75.06ms
step:409/4740 train_time:30729ms step_avg:75.13ms
step:410/4740 train_time:30887ms step_avg:75.33ms
step:411/4740 train_time:30990ms step_avg:75.40ms
step:412/4740 train_time:31150ms step_avg:75.61ms
step:413/4740 train_time:31251ms step_avg:75.67ms
step:414/4740 train_time:31410ms step_avg:75.87ms
step:415/4740 train_time:31510ms step_avg:75.93ms
step:416/4740 train_time:31670ms step_avg:76.13ms
step:417/4740 train_time:31772ms step_avg:76.19ms
step:418/4740 train_time:31931ms step_avg:76.39ms
step:419/4740 train_time:32032ms step_avg:76.45ms
step:420/4740 train_time:32190ms step_avg:76.64ms
step:421/4740 train_time:32292ms step_avg:76.70ms
step:422/4740 train_time:32450ms step_avg:76.90ms
step:423/4740 train_time:32551ms step_avg:76.95ms
step:424/4740 train_time:32709ms step_avg:77.14ms
step:425/4740 train_time:32810ms step_avg:77.20ms
step:426/4740 train_time:32970ms step_avg:77.39ms
step:427/4740 train_time:33071ms step_avg:77.45ms
step:428/4740 train_time:33229ms step_avg:77.64ms
step:429/4740 train_time:33331ms step_avg:77.69ms
step:430/4740 train_time:33489ms step_avg:77.88ms
step:431/4740 train_time:33589ms step_avg:77.93ms
step:432/4740 train_time:33749ms step_avg:78.12ms
step:433/4740 train_time:33850ms step_avg:78.17ms
step:434/4740 train_time:34009ms step_avg:78.36ms
step:435/4740 train_time:34110ms step_avg:78.41ms
step:436/4740 train_time:34269ms step_avg:78.60ms
step:437/4740 train_time:34371ms step_avg:78.65ms
step:438/4740 train_time:34530ms step_avg:78.84ms
step:439/4740 train_time:34631ms step_avg:78.89ms
step:440/4740 train_time:34789ms step_avg:79.07ms
step:441/4740 train_time:34891ms step_avg:79.12ms
step:442/4740 train_time:35049ms step_avg:79.30ms
step:443/4740 train_time:35151ms step_avg:79.35ms
step:444/4740 train_time:35310ms step_avg:79.53ms
step:445/4740 train_time:35410ms step_avg:79.57ms
step:446/4740 train_time:35570ms step_avg:79.75ms
step:447/4740 train_time:35670ms step_avg:79.80ms
step:448/4740 train_time:35829ms step_avg:79.98ms
step:449/4740 train_time:35931ms step_avg:80.02ms
step:450/4740 train_time:36089ms step_avg:80.20ms
step:451/4740 train_time:36190ms step_avg:80.24ms
step:452/4740 train_time:36349ms step_avg:80.42ms
step:453/4740 train_time:36451ms step_avg:80.47ms
step:454/4740 train_time:36610ms step_avg:80.64ms
step:455/4740 train_time:36711ms step_avg:80.68ms
step:456/4740 train_time:36870ms step_avg:80.86ms
step:457/4740 train_time:36971ms step_avg:80.90ms
step:458/4740 train_time:37129ms step_avg:81.07ms
step:459/4740 train_time:37230ms step_avg:81.11ms
step:460/4740 train_time:37389ms step_avg:81.28ms
step:461/4740 train_time:37490ms step_avg:81.32ms
step:462/4740 train_time:37648ms step_avg:81.49ms
step:463/4740 train_time:37749ms step_avg:81.53ms
step:464/4740 train_time:37909ms step_avg:81.70ms
step:465/4740 train_time:38009ms step_avg:81.74ms
step:466/4740 train_time:38168ms step_avg:81.90ms
step:467/4740 train_time:38270ms step_avg:81.95ms
step:468/4740 train_time:38428ms step_avg:82.11ms
step:469/4740 train_time:38530ms step_avg:82.15ms
step:470/4740 train_time:38689ms step_avg:82.32ms
step:471/4740 train_time:38790ms step_avg:82.36ms
step:472/4740 train_time:38948ms step_avg:82.52ms
step:473/4740 train_time:39049ms step_avg:82.56ms
step:474/4740 train_time:39208ms step_avg:82.72ms
step:475/4740 train_time:39310ms step_avg:82.76ms
step:476/4740 train_time:39468ms step_avg:82.92ms
step:477/4740 train_time:39569ms step_avg:82.95ms
step:478/4740 train_time:39728ms step_avg:83.11ms
step:479/4740 train_time:39830ms step_avg:83.15ms
step:480/4740 train_time:39989ms step_avg:83.31ms
step:481/4740 train_time:40090ms step_avg:83.35ms
step:482/4740 train_time:40248ms step_avg:83.50ms
step:483/4740 train_time:40350ms step_avg:83.54ms
step:484/4740 train_time:40509ms step_avg:83.70ms
step:485/4740 train_time:40610ms step_avg:83.73ms
step:486/4740 train_time:40768ms step_avg:83.89ms
step:487/4740 train_time:40869ms step_avg:83.92ms
step:488/4740 train_time:41029ms step_avg:84.07ms
step:489/4740 train_time:41131ms step_avg:84.11ms
step:490/4740 train_time:41288ms step_avg:84.26ms
step:491/4740 train_time:41390ms step_avg:84.30ms
step:492/4740 train_time:41549ms step_avg:84.45ms
step:493/4740 train_time:41650ms step_avg:84.48ms
step:494/4740 train_time:41807ms step_avg:84.63ms
step:495/4740 train_time:41910ms step_avg:84.67ms
step:496/4740 train_time:42069ms step_avg:84.82ms
step:497/4740 train_time:42170ms step_avg:84.85ms
step:498/4740 train_time:42329ms step_avg:85.00ms
step:499/4740 train_time:42431ms step_avg:85.03ms
step:500/4740 train_time:42589ms step_avg:85.18ms
step:500/4740 val_loss:3.9764 train_time:42662ms step_avg:85.32ms
step:501/4740 train_time:42694ms step_avg:85.22ms
step:502/4740 train_time:42849ms step_avg:85.36ms
step:503/4740 train_time:42954ms step_avg:85.40ms
step:504/4740 train_time:43117ms step_avg:85.55ms
step:505/4740 train_time:43218ms step_avg:85.58ms
step:506/4740 train_time:43375ms step_avg:85.72ms
step:507/4740 train_time:43475ms step_avg:85.75ms
step:508/4740 train_time:43632ms step_avg:85.89ms
step:509/4740 train_time:43735ms step_avg:85.92ms
step:510/4740 train_time:43897ms step_avg:86.07ms
step:511/4740 train_time:44000ms step_avg:86.11ms
step:512/4740 train_time:44160ms step_avg:86.25ms
step:513/4740 train_time:44261ms step_avg:86.28ms
step:514/4740 train_time:44419ms step_avg:86.42ms
step:515/4740 train_time:44519ms step_avg:86.44ms
step:516/4740 train_time:44676ms step_avg:86.58ms
step:517/4740 train_time:44779ms step_avg:86.61ms
step:518/4740 train_time:44939ms step_avg:86.75ms
step:519/4740 train_time:45042ms step_avg:86.79ms
step:520/4740 train_time:45202ms step_avg:86.93ms
step:521/4740 train_time:45302ms step_avg:86.95ms
step:522/4740 train_time:45459ms step_avg:87.09ms
step:523/4740 train_time:45560ms step_avg:87.11ms
step:524/4740 train_time:45718ms step_avg:87.25ms
step:525/4740 train_time:45819ms step_avg:87.27ms
step:526/4740 train_time:45978ms step_avg:87.41ms
step:527/4740 train_time:46080ms step_avg:87.44ms
step:528/4740 train_time:46238ms step_avg:87.57ms
step:529/4740 train_time:46339ms step_avg:87.60ms
step:530/4740 train_time:46498ms step_avg:87.73ms
step:531/4740 train_time:46598ms step_avg:87.75ms
step:532/4740 train_time:46758ms step_avg:87.89ms
step:533/4740 train_time:46859ms step_avg:87.92ms
step:534/4740 train_time:47018ms step_avg:88.05ms
step:535/4740 train_time:47119ms step_avg:88.07ms
step:536/4740 train_time:47277ms step_avg:88.20ms
step:537/4740 train_time:47378ms step_avg:88.23ms
step:538/4740 train_time:47536ms step_avg:88.36ms
step:539/4740 train_time:47637ms step_avg:88.38ms
step:540/4740 train_time:47794ms step_avg:88.51ms
step:541/4740 train_time:47896ms step_avg:88.53ms
step:542/4740 train_time:48055ms step_avg:88.66ms
step:543/4740 train_time:48158ms step_avg:88.69ms
step:544/4740 train_time:48316ms step_avg:88.82ms
step:545/4740 train_time:48417ms step_avg:88.84ms
step:546/4740 train_time:48574ms step_avg:88.96ms
step:547/4740 train_time:48678ms step_avg:88.99ms
step:548/4740 train_time:48836ms step_avg:89.12ms
step:549/4740 train_time:48938ms step_avg:89.14ms
step:550/4740 train_time:49097ms step_avg:89.27ms
step:551/4740 train_time:49198ms step_avg:89.29ms
step:552/4740 train_time:49358ms step_avg:89.42ms
step:553/4740 train_time:49459ms step_avg:89.44ms
step:554/4740 train_time:49618ms step_avg:89.56ms
step:555/4740 train_time:49717ms step_avg:89.58ms
step:556/4740 train_time:49876ms step_avg:89.70ms
step:557/4740 train_time:49979ms step_avg:89.73ms
step:558/4740 train_time:50136ms step_avg:89.85ms
step:559/4740 train_time:50240ms step_avg:89.87ms
step:560/4740 train_time:50399ms step_avg:90.00ms
step:561/4740 train_time:50499ms step_avg:90.02ms
step:562/4740 train_time:50658ms step_avg:90.14ms
step:563/4740 train_time:50758ms step_avg:90.16ms
step:564/4740 train_time:50917ms step_avg:90.28ms
step:565/4740 train_time:51019ms step_avg:90.30ms
step:566/4740 train_time:51177ms step_avg:90.42ms
step:567/4740 train_time:51280ms step_avg:90.44ms
step:568/4740 train_time:51437ms step_avg:90.56ms
step:569/4740 train_time:51538ms step_avg:90.58ms
step:570/4740 train_time:51698ms step_avg:90.70ms
step:571/4740 train_time:51799ms step_avg:90.72ms
step:572/4740 train_time:51957ms step_avg:90.83ms
step:573/4740 train_time:52059ms step_avg:90.85ms
step:574/4740 train_time:52218ms step_avg:90.97ms
step:575/4740 train_time:52320ms step_avg:90.99ms
step:576/4740 train_time:52478ms step_avg:91.11ms
step:577/4740 train_time:52580ms step_avg:91.13ms
step:578/4740 train_time:52737ms step_avg:91.24ms
step:579/4740 train_time:52839ms step_avg:91.26ms
step:580/4740 train_time:52998ms step_avg:91.38ms
step:581/4740 train_time:53099ms step_avg:91.39ms
step:582/4740 train_time:53258ms step_avg:91.51ms
step:583/4740 train_time:53358ms step_avg:91.52ms
step:584/4740 train_time:53517ms step_avg:91.64ms
step:585/4740 train_time:53618ms step_avg:91.66ms
step:586/4740 train_time:53776ms step_avg:91.77ms
step:587/4740 train_time:53878ms step_avg:91.79ms
step:588/4740 train_time:54037ms step_avg:91.90ms
step:589/4740 train_time:54138ms step_avg:91.92ms
step:590/4740 train_time:54296ms step_avg:92.03ms
step:591/4740 train_time:54397ms step_avg:92.04ms
step:592/4740 train_time:54557ms step_avg:92.16ms
step:593/4740 train_time:54658ms step_avg:92.17ms
step:594/4740 train_time:54818ms step_avg:92.29ms
step:595/4740 train_time:54918ms step_avg:92.30ms
step:596/4740 train_time:55078ms step_avg:92.41ms
step:597/4740 train_time:55179ms step_avg:92.43ms
step:598/4740 train_time:55337ms step_avg:92.54ms
step:599/4740 train_time:55439ms step_avg:92.55ms
step:600/4740 train_time:55597ms step_avg:92.66ms
step:601/4740 train_time:55697ms step_avg:92.67ms
step:602/4740 train_time:55857ms step_avg:92.79ms
step:603/4740 train_time:55958ms step_avg:92.80ms
step:604/4740 train_time:56116ms step_avg:92.91ms
step:605/4740 train_time:56218ms step_avg:92.92ms
step:606/4740 train_time:56376ms step_avg:93.03ms
step:607/4740 train_time:56479ms step_avg:93.05ms
step:608/4740 train_time:56637ms step_avg:93.15ms
step:609/4740 train_time:56738ms step_avg:93.17ms
step:610/4740 train_time:56897ms step_avg:93.27ms
step:611/4740 train_time:57000ms step_avg:93.29ms
step:612/4740 train_time:57157ms step_avg:93.39ms
step:613/4740 train_time:57259ms step_avg:93.41ms
step:614/4740 train_time:57418ms step_avg:93.51ms
step:615/4740 train_time:57518ms step_avg:93.53ms
step:616/4740 train_time:57676ms step_avg:93.63ms
step:617/4740 train_time:57779ms step_avg:93.64ms
step:618/4740 train_time:57938ms step_avg:93.75ms
step:619/4740 train_time:58038ms step_avg:93.76ms
step:620/4740 train_time:58198ms step_avg:93.87ms
step:621/4740 train_time:58299ms step_avg:93.88ms
step:622/4740 train_time:58458ms step_avg:93.98ms
step:623/4740 train_time:58558ms step_avg:93.99ms
step:624/4740 train_time:58717ms step_avg:94.10ms
step:625/4740 train_time:58818ms step_avg:94.11ms
step:626/4740 train_time:58977ms step_avg:94.21ms
step:627/4740 train_time:59079ms step_avg:94.23ms
step:628/4740 train_time:59238ms step_avg:94.33ms
step:629/4740 train_time:59338ms step_avg:94.34ms
step:630/4740 train_time:59497ms step_avg:94.44ms
step:631/4740 train_time:59598ms step_avg:94.45ms
step:632/4740 train_time:59758ms step_avg:94.55ms
step:633/4740 train_time:59859ms step_avg:94.56ms
step:634/4740 train_time:60019ms step_avg:94.67ms
step:635/4740 train_time:60119ms step_avg:94.68ms
step:636/4740 train_time:60277ms step_avg:94.78ms
step:637/4740 train_time:60380ms step_avg:94.79ms
step:638/4740 train_time:60538ms step_avg:94.89ms
step:639/4740 train_time:60639ms step_avg:94.90ms
step:640/4740 train_time:60797ms step_avg:95.00ms
step:641/4740 train_time:60898ms step_avg:95.01ms
step:642/4740 train_time:61058ms step_avg:95.11ms
step:643/4740 train_time:61158ms step_avg:95.11ms
step:644/4740 train_time:61317ms step_avg:95.21ms
step:645/4740 train_time:61418ms step_avg:95.22ms
step:646/4740 train_time:61576ms step_avg:95.32ms
step:647/4740 train_time:61679ms step_avg:95.33ms
step:648/4740 train_time:61836ms step_avg:95.43ms
step:649/4740 train_time:61937ms step_avg:95.44ms
step:650/4740 train_time:62097ms step_avg:95.53ms
step:651/4740 train_time:62197ms step_avg:95.54ms
step:652/4740 train_time:62356ms step_avg:95.64ms
step:653/4740 train_time:62458ms step_avg:95.65ms
step:654/4740 train_time:62616ms step_avg:95.74ms
step:655/4740 train_time:62718ms step_avg:95.75ms
step:656/4740 train_time:62877ms step_avg:95.85ms
step:657/4740 train_time:62980ms step_avg:95.86ms
step:658/4740 train_time:63138ms step_avg:95.95ms
step:659/4740 train_time:63238ms step_avg:95.96ms
step:660/4740 train_time:63397ms step_avg:96.06ms
step:661/4740 train_time:63498ms step_avg:96.06ms
step:662/4740 train_time:63657ms step_avg:96.16ms
step:663/4740 train_time:63759ms step_avg:96.17ms
step:664/4740 train_time:63917ms step_avg:96.26ms
step:665/4740 train_time:64018ms step_avg:96.27ms
step:666/4740 train_time:64179ms step_avg:96.37ms
step:667/4740 train_time:64280ms step_avg:96.37ms
step:668/4740 train_time:64439ms step_avg:96.46ms
step:669/4740 train_time:64539ms step_avg:96.47ms
step:670/4740 train_time:64698ms step_avg:96.56ms
step:671/4740 train_time:64799ms step_avg:96.57ms
step:672/4740 train_time:64958ms step_avg:96.66ms
step:673/4740 train_time:65059ms step_avg:96.67ms
step:674/4740 train_time:65219ms step_avg:96.76ms
step:675/4740 train_time:65321ms step_avg:96.77ms
step:676/4740 train_time:65479ms step_avg:96.86ms
step:677/4740 train_time:65580ms step_avg:96.87ms
step:678/4740 train_time:65738ms step_avg:96.96ms
step:679/4740 train_time:65840ms step_avg:96.97ms
step:680/4740 train_time:65997ms step_avg:97.05ms
step:681/4740 train_time:66098ms step_avg:97.06ms
step:682/4740 train_time:66258ms step_avg:97.15ms
step:683/4740 train_time:66359ms step_avg:97.16ms
step:684/4740 train_time:66518ms step_avg:97.25ms
step:685/4740 train_time:66620ms step_avg:97.25ms
step:686/4740 train_time:66778ms step_avg:97.34ms
step:687/4740 train_time:66879ms step_avg:97.35ms
step:688/4740 train_time:67038ms step_avg:97.44ms
step:689/4740 train_time:67139ms step_avg:97.44ms
step:690/4740 train_time:67298ms step_avg:97.53ms
step:691/4740 train_time:67399ms step_avg:97.54ms
step:692/4740 train_time:67559ms step_avg:97.63ms
step:693/4740 train_time:67659ms step_avg:97.63ms
step:694/4740 train_time:67818ms step_avg:97.72ms
step:695/4740 train_time:67919ms step_avg:97.73ms
step:696/4740 train_time:68078ms step_avg:97.81ms
step:697/4740 train_time:68180ms step_avg:97.82ms
step:698/4740 train_time:68338ms step_avg:97.90ms
step:699/4740 train_time:68439ms step_avg:97.91ms
step:700/4740 train_time:68598ms step_avg:98.00ms
step:701/4740 train_time:68698ms step_avg:98.00ms
step:702/4740 train_time:68858ms step_avg:98.09ms
step:703/4740 train_time:68958ms step_avg:98.09ms
step:704/4740 train_time:69118ms step_avg:98.18ms
step:705/4740 train_time:69218ms step_avg:98.18ms
step:706/4740 train_time:69377ms step_avg:98.27ms
step:707/4740 train_time:69479ms step_avg:98.27ms
step:708/4740 train_time:69638ms step_avg:98.36ms
step:709/4740 train_time:69739ms step_avg:98.36ms
step:710/4740 train_time:69897ms step_avg:98.45ms
step:711/4740 train_time:69999ms step_avg:98.45ms
step:712/4740 train_time:70158ms step_avg:98.54ms
step:713/4740 train_time:70258ms step_avg:98.54ms
step:714/4740 train_time:70417ms step_avg:98.62ms
step:715/4740 train_time:70518ms step_avg:98.63ms
step:716/4740 train_time:70677ms step_avg:98.71ms
step:717/4740 train_time:70779ms step_avg:98.72ms
step:718/4740 train_time:70938ms step_avg:98.80ms
step:719/4740 train_time:71041ms step_avg:98.80ms
step:720/4740 train_time:71199ms step_avg:98.89ms
step:721/4740 train_time:71300ms step_avg:98.89ms
step:722/4740 train_time:71459ms step_avg:98.97ms
step:723/4740 train_time:71561ms step_avg:98.98ms
step:724/4740 train_time:71720ms step_avg:99.06ms
step:725/4740 train_time:71820ms step_avg:99.06ms
step:726/4740 train_time:71979ms step_avg:99.14ms
step:727/4740 train_time:72082ms step_avg:99.15ms
step:728/4740 train_time:72241ms step_avg:99.23ms
step:729/4740 train_time:72342ms step_avg:99.23ms
step:730/4740 train_time:72502ms step_avg:99.32ms
step:731/4740 train_time:72602ms step_avg:99.32ms
step:732/4740 train_time:72762ms step_avg:99.40ms
step:733/4740 train_time:72864ms step_avg:99.40ms
step:734/4740 train_time:73024ms step_avg:99.49ms
step:735/4740 train_time:73124ms step_avg:99.49ms
step:736/4740 train_time:73285ms step_avg:99.57ms
step:737/4740 train_time:73385ms step_avg:99.57ms
step:738/4740 train_time:73545ms step_avg:99.65ms
step:739/4740 train_time:73645ms step_avg:99.66ms
step:740/4740 train_time:73804ms step_avg:99.74ms
step:741/4740 train_time:73903ms step_avg:99.73ms
step:742/4740 train_time:74064ms step_avg:99.82ms
step:743/4740 train_time:74164ms step_avg:99.82ms
step:744/4740 train_time:74324ms step_avg:99.90ms
step:745/4740 train_time:74424ms step_avg:99.90ms
step:746/4740 train_time:74585ms step_avg:99.98ms
step:747/4740 train_time:74685ms step_avg:99.98ms
step:748/4740 train_time:74845ms step_avg:100.06ms
step:749/4740 train_time:74946ms step_avg:100.06ms
step:750/4740 train_time:75105ms step_avg:100.14ms
step:750/4740 val_loss:3.6141 train_time:75179ms step_avg:100.24ms
step:751/4740 train_time:75211ms step_avg:100.15ms
step:752/4740 train_time:75368ms step_avg:100.22ms
step:753/4740 train_time:75474ms step_avg:100.23ms
step:754/4740 train_time:75635ms step_avg:100.31ms
step:755/4740 train_time:75737ms step_avg:100.31ms
step:756/4740 train_time:75895ms step_avg:100.39ms
step:757/4740 train_time:75994ms step_avg:100.39ms
step:758/4740 train_time:76152ms step_avg:100.46ms
step:759/4740 train_time:76253ms step_avg:100.46ms
step:760/4740 train_time:76413ms step_avg:100.54ms
step:761/4740 train_time:76518ms step_avg:100.55ms
step:762/4740 train_time:76679ms step_avg:100.63ms
step:763/4740 train_time:76781ms step_avg:100.63ms
step:764/4740 train_time:76941ms step_avg:100.71ms
step:765/4740 train_time:77041ms step_avg:100.71ms
step:766/4740 train_time:77198ms step_avg:100.78ms
step:767/4740 train_time:77299ms step_avg:100.78ms
step:768/4740 train_time:77458ms step_avg:100.86ms
step:769/4740 train_time:77560ms step_avg:100.86ms
step:770/4740 train_time:77720ms step_avg:100.93ms
step:771/4740 train_time:77822ms step_avg:100.94ms
step:772/4740 train_time:77980ms step_avg:101.01ms
step:773/4740 train_time:78082ms step_avg:101.01ms
step:774/4740 train_time:78239ms step_avg:101.08ms
step:775/4740 train_time:78340ms step_avg:101.08ms
step:776/4740 train_time:78499ms step_avg:101.16ms
step:777/4740 train_time:78602ms step_avg:101.16ms
step:778/4740 train_time:78760ms step_avg:101.23ms
step:779/4740 train_time:78863ms step_avg:101.24ms
step:780/4740 train_time:79019ms step_avg:101.31ms
step:781/4740 train_time:79122ms step_avg:101.31ms
step:782/4740 train_time:79281ms step_avg:101.38ms
step:783/4740 train_time:79383ms step_avg:101.38ms
step:784/4740 train_time:79541ms step_avg:101.46ms
step:785/4740 train_time:79657ms step_avg:101.47ms
step:786/4740 train_time:79897ms step_avg:101.65ms
step:787/4740 train_time:80039ms step_avg:101.70ms
step:788/4740 train_time:80283ms step_avg:101.88ms
step:789/4740 train_time:80422ms step_avg:101.93ms
step:790/4740 train_time:80663ms step_avg:102.10ms
step:791/4740 train_time:80803ms step_avg:102.15ms
step:792/4740 train_time:81045ms step_avg:102.33ms
step:793/4740 train_time:81182ms step_avg:102.37ms
step:794/4740 train_time:81427ms step_avg:102.55ms
step:795/4740 train_time:81566ms step_avg:102.60ms
step:796/4740 train_time:81809ms step_avg:102.78ms
step:797/4740 train_time:81952ms step_avg:102.83ms
step:798/4740 train_time:82199ms step_avg:103.01ms
step:799/4740 train_time:82339ms step_avg:103.05ms
step:800/4740 train_time:82585ms step_avg:103.23ms
step:801/4740 train_time:82721ms step_avg:103.27ms
step:802/4740 train_time:82967ms step_avg:103.45ms
step:803/4740 train_time:83107ms step_avg:103.50ms
step:804/4740 train_time:83350ms step_avg:103.67ms
step:805/4740 train_time:83492ms step_avg:103.72ms
step:806/4740 train_time:83736ms step_avg:103.89ms
step:807/4740 train_time:83875ms step_avg:103.93ms
step:808/4740 train_time:84117ms step_avg:104.11ms
step:809/4740 train_time:84259ms step_avg:104.15ms
step:810/4740 train_time:84504ms step_avg:104.33ms
step:811/4740 train_time:84644ms step_avg:104.37ms
step:812/4740 train_time:84888ms step_avg:104.54ms
step:813/4740 train_time:85025ms step_avg:104.58ms
step:814/4740 train_time:85267ms step_avg:104.75ms
step:815/4740 train_time:85412ms step_avg:104.80ms
step:816/4740 train_time:85657ms step_avg:104.97ms
step:817/4740 train_time:85795ms step_avg:105.01ms
step:818/4740 train_time:86038ms step_avg:105.18ms
step:819/4740 train_time:86180ms step_avg:105.23ms
step:820/4740 train_time:86426ms step_avg:105.40ms
step:821/4740 train_time:86563ms step_avg:105.44ms
step:822/4740 train_time:86804ms step_avg:105.60ms
step:823/4740 train_time:86945ms step_avg:105.64ms
step:824/4740 train_time:87189ms step_avg:105.81ms
step:825/4740 train_time:87328ms step_avg:105.85ms
step:826/4740 train_time:87570ms step_avg:106.02ms
step:827/4740 train_time:87712ms step_avg:106.06ms
step:828/4740 train_time:87956ms step_avg:106.23ms
step:829/4740 train_time:88096ms step_avg:106.27ms
step:830/4740 train_time:88339ms step_avg:106.43ms
step:831/4740 train_time:88479ms step_avg:106.47ms
step:832/4740 train_time:88723ms step_avg:106.64ms
step:833/4740 train_time:88862ms step_avg:106.68ms
step:834/4740 train_time:89107ms step_avg:106.84ms
step:835/4740 train_time:89248ms step_avg:106.88ms
step:836/4740 train_time:89492ms step_avg:107.05ms
step:837/4740 train_time:89632ms step_avg:107.09ms
step:838/4740 train_time:89875ms step_avg:107.25ms
step:839/4740 train_time:90015ms step_avg:107.29ms
step:840/4740 train_time:90260ms step_avg:107.45ms
step:841/4740 train_time:90400ms step_avg:107.49ms
step:842/4740 train_time:90644ms step_avg:107.65ms
step:843/4740 train_time:90781ms step_avg:107.69ms
step:844/4740 train_time:91024ms step_avg:107.85ms
step:845/4740 train_time:91165ms step_avg:107.89ms
step:846/4740 train_time:91407ms step_avg:108.05ms
step:847/4740 train_time:91548ms step_avg:108.09ms
step:848/4740 train_time:91792ms step_avg:108.25ms
step:849/4740 train_time:91932ms step_avg:108.28ms
step:850/4740 train_time:92175ms step_avg:108.44ms
step:851/4740 train_time:92314ms step_avg:108.48ms
step:852/4740 train_time:92557ms step_avg:108.63ms
step:853/4740 train_time:92698ms step_avg:108.67ms
step:854/4740 train_time:92941ms step_avg:108.83ms
step:855/4740 train_time:93082ms step_avg:108.87ms
step:856/4740 train_time:93327ms step_avg:109.03ms
step:857/4740 train_time:93464ms step_avg:109.06ms
step:858/4740 train_time:93708ms step_avg:109.22ms
step:859/4740 train_time:93852ms step_avg:109.26ms
step:860/4740 train_time:94097ms step_avg:109.41ms
step:861/4740 train_time:94235ms step_avg:109.45ms
step:862/4740 train_time:94480ms step_avg:109.61ms
step:863/4740 train_time:94617ms step_avg:109.64ms
step:864/4740 train_time:94863ms step_avg:109.80ms
step:865/4740 train_time:95001ms step_avg:109.83ms
step:866/4740 train_time:95245ms step_avg:109.98ms
step:867/4740 train_time:95384ms step_avg:110.02ms
step:868/4740 train_time:95626ms step_avg:110.17ms
step:869/4740 train_time:95763ms step_avg:110.20ms
step:870/4740 train_time:96006ms step_avg:110.35ms
step:871/4740 train_time:96150ms step_avg:110.39ms
step:872/4740 train_time:96392ms step_avg:110.54ms
step:873/4740 train_time:96534ms step_avg:110.58ms
step:874/4740 train_time:96777ms step_avg:110.73ms
step:875/4740 train_time:96917ms step_avg:110.76ms
step:876/4740 train_time:97162ms step_avg:110.92ms
step:877/4740 train_time:97301ms step_avg:110.95ms
step:878/4740 train_time:97544ms step_avg:111.10ms
step:879/4740 train_time:97685ms step_avg:111.13ms
step:880/4740 train_time:97928ms step_avg:111.28ms
step:881/4740 train_time:98068ms step_avg:111.31ms
step:882/4740 train_time:98308ms step_avg:111.46ms
step:883/4740 train_time:98448ms step_avg:111.49ms
step:884/4740 train_time:98689ms step_avg:111.64ms
step:885/4740 train_time:98831ms step_avg:111.67ms
step:886/4740 train_time:99075ms step_avg:111.82ms
step:887/4740 train_time:99213ms step_avg:111.85ms
step:888/4740 train_time:99457ms step_avg:112.00ms
step:889/4740 train_time:99597ms step_avg:112.03ms
step:890/4740 train_time:99840ms step_avg:112.18ms
step:891/4740 train_time:99980ms step_avg:112.21ms
step:892/4740 train_time:100224ms step_avg:112.36ms
step:893/4740 train_time:100363ms step_avg:112.39ms
step:894/4740 train_time:100606ms step_avg:112.53ms
step:895/4740 train_time:100742ms step_avg:112.56ms
step:896/4740 train_time:100987ms step_avg:112.71ms
step:897/4740 train_time:101124ms step_avg:112.74ms
step:898/4740 train_time:101367ms step_avg:112.88ms
step:899/4740 train_time:101509ms step_avg:112.91ms
step:900/4740 train_time:101750ms step_avg:113.06ms
step:901/4740 train_time:101892ms step_avg:113.09ms
step:902/4740 train_time:102135ms step_avg:113.23ms
step:903/4740 train_time:102275ms step_avg:113.26ms
step:904/4740 train_time:102517ms step_avg:113.40ms
step:905/4740 train_time:102655ms step_avg:113.43ms
step:906/4740 train_time:102902ms step_avg:113.58ms
step:907/4740 train_time:103042ms step_avg:113.61ms
step:908/4740 train_time:103284ms step_avg:113.75ms
step:909/4740 train_time:103421ms step_avg:113.77ms
step:910/4740 train_time:103666ms step_avg:113.92ms
step:911/4740 train_time:103806ms step_avg:113.95ms
step:912/4740 train_time:104049ms step_avg:114.09ms
step:913/4740 train_time:104187ms step_avg:114.12ms
step:914/4740 train_time:104428ms step_avg:114.25ms
step:915/4740 train_time:104567ms step_avg:114.28ms
step:916/4740 train_time:104809ms step_avg:114.42ms
step:917/4740 train_time:104953ms step_avg:114.45ms
step:918/4740 train_time:105195ms step_avg:114.59ms
step:919/4740 train_time:105336ms step_avg:114.62ms
step:920/4740 train_time:105580ms step_avg:114.76ms
step:921/4740 train_time:105719ms step_avg:114.79ms
step:922/4740 train_time:105962ms step_avg:114.93ms
step:923/4740 train_time:106100ms step_avg:114.95ms
step:924/4740 train_time:106342ms step_avg:115.09ms
step:925/4740 train_time:106483ms step_avg:115.12ms
step:926/4740 train_time:106725ms step_avg:115.25ms
step:927/4740 train_time:106868ms step_avg:115.28ms
step:928/4740 train_time:107110ms step_avg:115.42ms
step:929/4740 train_time:107248ms step_avg:115.44ms
step:930/4740 train_time:107494ms step_avg:115.58ms
step:931/4740 train_time:107632ms step_avg:115.61ms
step:932/4740 train_time:107879ms step_avg:115.75ms
step:933/4740 train_time:108016ms step_avg:115.77ms
step:934/4740 train_time:108261ms step_avg:115.91ms
step:935/4740 train_time:108400ms step_avg:115.94ms
step:936/4740 train_time:108643ms step_avg:116.07ms
step:937/4740 train_time:108786ms step_avg:116.10ms
step:938/4740 train_time:109028ms step_avg:116.23ms
step:939/4740 train_time:109169ms step_avg:116.26ms
step:940/4740 train_time:109409ms step_avg:116.39ms
step:941/4740 train_time:109553ms step_avg:116.42ms
step:942/4740 train_time:109800ms step_avg:116.56ms
step:943/4740 train_time:109938ms step_avg:116.58ms
step:944/4740 train_time:110183ms step_avg:116.72ms
step:945/4740 train_time:110319ms step_avg:116.74ms
step:946/4740 train_time:110564ms step_avg:116.88ms
step:947/4740 train_time:110701ms step_avg:116.90ms
step:948/4740 train_time:110945ms step_avg:117.03ms
step:949/4740 train_time:111083ms step_avg:117.05ms
step:950/4740 train_time:111324ms step_avg:117.18ms
step:951/4740 train_time:111462ms step_avg:117.21ms
step:952/4740 train_time:111707ms step_avg:117.34ms
step:953/4740 train_time:111845ms step_avg:117.36ms
step:954/4740 train_time:112087ms step_avg:117.49ms
step:955/4740 train_time:112231ms step_avg:117.52ms
step:956/4740 train_time:112473ms step_avg:117.65ms
step:957/4740 train_time:112614ms step_avg:117.67ms
step:958/4740 train_time:112861ms step_avg:117.81ms
step:959/4740 train_time:112999ms step_avg:117.83ms
step:960/4740 train_time:113242ms step_avg:117.96ms
step:961/4740 train_time:113383ms step_avg:117.98ms
step:962/4740 train_time:113625ms step_avg:118.11ms
step:963/4740 train_time:113763ms step_avg:118.13ms
step:964/4740 train_time:114006ms step_avg:118.26ms
step:965/4740 train_time:114148ms step_avg:118.29ms
step:966/4740 train_time:114391ms step_avg:118.42ms
step:967/4740 train_time:114529ms step_avg:118.44ms
step:968/4740 train_time:114770ms step_avg:118.56ms
step:969/4740 train_time:114910ms step_avg:118.59ms
step:970/4740 train_time:115152ms step_avg:118.71ms
step:971/4740 train_time:115293ms step_avg:118.74ms
step:972/4740 train_time:115536ms step_avg:118.86ms
step:973/4740 train_time:115675ms step_avg:118.89ms
step:974/4740 train_time:115923ms step_avg:119.02ms
step:975/4740 train_time:116059ms step_avg:119.04ms
step:976/4740 train_time:116302ms step_avg:119.16ms
step:977/4740 train_time:116442ms step_avg:119.18ms
step:978/4740 train_time:116681ms step_avg:119.31ms
step:979/4740 train_time:116827ms step_avg:119.33ms
step:980/4740 train_time:117066ms step_avg:119.45ms
step:981/4740 train_time:117205ms step_avg:119.47ms
step:982/4740 train_time:117447ms step_avg:119.60ms
step:983/4740 train_time:117585ms step_avg:119.62ms
step:984/4740 train_time:117828ms step_avg:119.74ms
step:985/4740 train_time:117967ms step_avg:119.76ms
step:986/4740 train_time:118211ms step_avg:119.89ms
step:987/4740 train_time:118353ms step_avg:119.91ms
step:988/4740 train_time:118596ms step_avg:120.04ms
step:989/4740 train_time:118733ms step_avg:120.05ms
step:990/4740 train_time:118978ms step_avg:120.18ms
step:991/4740 train_time:119117ms step_avg:120.20ms
step:992/4740 train_time:119362ms step_avg:120.32ms
step:993/4740 train_time:119501ms step_avg:120.34ms
step:994/4740 train_time:119743ms step_avg:120.47ms
step:995/4740 train_time:119882ms step_avg:120.48ms
step:996/4740 train_time:120126ms step_avg:120.61ms
step:997/4740 train_time:120266ms step_avg:120.63ms
step:998/4740 train_time:120507ms step_avg:120.75ms
step:999/4740 train_time:120649ms step_avg:120.77ms
step:1000/4740 train_time:120893ms step_avg:120.89ms
step:1000/4740 val_loss:3.4873 train_time:120995ms step_avg:120.99ms
step:1001/4740 train_time:121039ms step_avg:120.92ms
step:1002/4740 train_time:121283ms step_avg:121.04ms
step:1003/4740 train_time:121422ms step_avg:121.06ms
step:1004/4740 train_time:121662ms step_avg:121.18ms
step:1005/4740 train_time:121802ms step_avg:121.20ms
step:1006/4740 train_time:122045ms step_avg:121.32ms
step:1007/4740 train_time:122181ms step_avg:121.33ms
step:1008/4740 train_time:122429ms step_avg:121.46ms
step:1009/4740 train_time:122569ms step_avg:121.48ms
step:1010/4740 train_time:122809ms step_avg:121.59ms
step:1011/4740 train_time:122947ms step_avg:121.61ms
step:1012/4740 train_time:123189ms step_avg:121.73ms
step:1013/4740 train_time:123333ms step_avg:121.75ms
step:1014/4740 train_time:123581ms step_avg:121.87ms
step:1015/4740 train_time:123717ms step_avg:121.89ms
step:1016/4740 train_time:123959ms step_avg:122.01ms
step:1017/4740 train_time:124099ms step_avg:122.03ms
step:1018/4740 train_time:124343ms step_avg:122.14ms
step:1019/4740 train_time:124484ms step_avg:122.16ms
step:1020/4740 train_time:124727ms step_avg:122.28ms
step:1021/4740 train_time:124865ms step_avg:122.30ms
step:1022/4740 train_time:125108ms step_avg:122.41ms
step:1023/4740 train_time:125245ms step_avg:122.43ms
step:1024/4740 train_time:125491ms step_avg:122.55ms
step:1025/4740 train_time:125629ms step_avg:122.57ms
step:1026/4740 train_time:125872ms step_avg:122.68ms
step:1027/4740 train_time:126011ms step_avg:122.70ms
step:1028/4740 train_time:126251ms step_avg:122.81ms
step:1029/4740 train_time:126392ms step_avg:122.83ms
step:1030/4740 train_time:126636ms step_avg:122.95ms
step:1031/4740 train_time:126777ms step_avg:122.96ms
step:1032/4740 train_time:127020ms step_avg:123.08ms
step:1033/4740 train_time:127159ms step_avg:123.10ms
step:1034/4740 train_time:127404ms step_avg:123.21ms
step:1035/4740 train_time:127542ms step_avg:123.23ms
step:1036/4740 train_time:127786ms step_avg:123.35ms
step:1037/4740 train_time:127929ms step_avg:123.36ms
step:1038/4740 train_time:128171ms step_avg:123.48ms
step:1039/4740 train_time:128308ms step_avg:123.49ms
step:1040/4740 train_time:128552ms step_avg:123.61ms
step:1041/4740 train_time:128691ms step_avg:123.62ms
step:1042/4740 train_time:128935ms step_avg:123.74ms
step:1043/4740 train_time:129075ms step_avg:123.75ms
step:1044/4740 train_time:129318ms step_avg:123.87ms
step:1045/4740 train_time:129458ms step_avg:123.88ms
step:1046/4740 train_time:129700ms step_avg:124.00ms
step:1047/4740 train_time:129840ms step_avg:124.01ms
step:1048/4740 train_time:130083ms step_avg:124.13ms
step:1049/4740 train_time:130222ms step_avg:124.14ms
step:1050/4740 train_time:130465ms step_avg:124.25ms
step:1051/4740 train_time:130604ms step_avg:124.27ms
step:1052/4740 train_time:130848ms step_avg:124.38ms
step:1053/4740 train_time:130984ms step_avg:124.39ms
step:1054/4740 train_time:131227ms step_avg:124.50ms
step:1055/4740 train_time:131365ms step_avg:124.52ms
step:1056/4740 train_time:131608ms step_avg:124.63ms
step:1057/4740 train_time:131745ms step_avg:124.64ms
step:1058/4740 train_time:131988ms step_avg:124.75ms
step:1059/4740 train_time:132129ms step_avg:124.77ms
step:1060/4740 train_time:132371ms step_avg:124.88ms
step:1061/4740 train_time:132512ms step_avg:124.89ms
step:1062/4740 train_time:132754ms step_avg:125.00ms
step:1063/4740 train_time:132895ms step_avg:125.02ms
step:1064/4740 train_time:133138ms step_avg:125.13ms
step:1065/4740 train_time:133279ms step_avg:125.14ms
step:1066/4740 train_time:133524ms step_avg:125.26ms
step:1067/4740 train_time:133662ms step_avg:125.27ms
step:1068/4740 train_time:133906ms step_avg:125.38ms
step:1069/4740 train_time:134041ms step_avg:125.39ms
step:1070/4740 train_time:134286ms step_avg:125.50ms
step:1071/4740 train_time:134428ms step_avg:125.52ms
step:1072/4740 train_time:134669ms step_avg:125.62ms
step:1073/4740 train_time:134810ms step_avg:125.64ms
step:1074/4740 train_time:135055ms step_avg:125.75ms
step:1075/4740 train_time:135195ms step_avg:125.76ms
step:1076/4740 train_time:135439ms step_avg:125.87ms
step:1077/4740 train_time:135581ms step_avg:125.89ms
step:1078/4740 train_time:135825ms step_avg:126.00ms
step:1079/4740 train_time:135964ms step_avg:126.01ms
step:1080/4740 train_time:136205ms step_avg:126.12ms
step:1081/4740 train_time:136345ms step_avg:126.13ms
step:1082/4740 train_time:136586ms step_avg:126.23ms
step:1083/4740 train_time:136726ms step_avg:126.25ms
step:1084/4740 train_time:136971ms step_avg:126.36ms
step:1085/4740 train_time:137110ms step_avg:126.37ms
step:1086/4740 train_time:137355ms step_avg:126.48ms
step:1087/4740 train_time:137496ms step_avg:126.49ms
step:1088/4740 train_time:137741ms step_avg:126.60ms
step:1089/4740 train_time:137878ms step_avg:126.61ms
step:1090/4740 train_time:138121ms step_avg:126.72ms
step:1091/4740 train_time:138263ms step_avg:126.73ms
step:1092/4740 train_time:138506ms step_avg:126.84ms
step:1093/4740 train_time:138644ms step_avg:126.85ms
step:1094/4740 train_time:138888ms step_avg:126.95ms
step:1095/4740 train_time:139025ms step_avg:126.96ms
step:1096/4740 train_time:139268ms step_avg:127.07ms
step:1097/4740 train_time:139406ms step_avg:127.08ms
step:1098/4740 train_time:139649ms step_avg:127.18ms
step:1099/4740 train_time:139788ms step_avg:127.20ms
step:1100/4740 train_time:140030ms step_avg:127.30ms
step:1101/4740 train_time:140172ms step_avg:127.31ms
step:1102/4740 train_time:140416ms step_avg:127.42ms
step:1103/4740 train_time:140554ms step_avg:127.43ms
step:1104/4740 train_time:140798ms step_avg:127.53ms
step:1105/4740 train_time:140936ms step_avg:127.54ms
step:1106/4740 train_time:141183ms step_avg:127.65ms
step:1107/4740 train_time:141322ms step_avg:127.66ms
step:1108/4740 train_time:141564ms step_avg:127.77ms
step:1109/4740 train_time:141703ms step_avg:127.78ms
step:1110/4740 train_time:141948ms step_avg:127.88ms
step:1111/4740 train_time:142090ms step_avg:127.89ms
step:1112/4740 train_time:142330ms step_avg:128.00ms
step:1113/4740 train_time:142471ms step_avg:128.01ms
step:1114/4740 train_time:142714ms step_avg:128.11ms
step:1115/4740 train_time:142852ms step_avg:128.12ms
step:1116/4740 train_time:143097ms step_avg:128.22ms
step:1117/4740 train_time:143233ms step_avg:128.23ms
step:1118/4740 train_time:143478ms step_avg:128.33ms
step:1119/4740 train_time:143616ms step_avg:128.34ms
step:1120/4740 train_time:143861ms step_avg:128.45ms
step:1121/4740 train_time:143999ms step_avg:128.46ms
step:1122/4740 train_time:144243ms step_avg:128.56ms
step:1123/4740 train_time:144382ms step_avg:128.57ms
step:1124/4740 train_time:144626ms step_avg:128.67ms
step:1125/4740 train_time:144767ms step_avg:128.68ms
step:1126/4740 train_time:145009ms step_avg:128.78ms
step:1127/4740 train_time:145150ms step_avg:128.79ms
step:1128/4740 train_time:145390ms step_avg:128.89ms
step:1129/4740 train_time:145535ms step_avg:128.91ms
step:1130/4740 train_time:145777ms step_avg:129.01ms
step:1131/4740 train_time:145917ms step_avg:129.02ms
step:1132/4740 train_time:146162ms step_avg:129.12ms
step:1133/4740 train_time:146300ms step_avg:129.13ms
step:1134/4740 train_time:146545ms step_avg:129.23ms
step:1135/4740 train_time:146683ms step_avg:129.24ms
step:1136/4740 train_time:146925ms step_avg:129.34ms
step:1137/4740 train_time:147067ms step_avg:129.35ms
step:1138/4740 train_time:147309ms step_avg:129.45ms
step:1139/4740 train_time:147447ms step_avg:129.45ms
step:1140/4740 train_time:147688ms step_avg:129.55ms
step:1141/4740 train_time:147830ms step_avg:129.56ms
step:1142/4740 train_time:148071ms step_avg:129.66ms
step:1143/4740 train_time:148212ms step_avg:129.67ms
step:1144/4740 train_time:148455ms step_avg:129.77ms
step:1145/4740 train_time:148597ms step_avg:129.78ms
step:1146/4740 train_time:148839ms step_avg:129.88ms
step:1147/4740 train_time:148979ms step_avg:129.89ms
step:1148/4740 train_time:149223ms step_avg:129.99ms
step:1149/4740 train_time:149362ms step_avg:129.99ms
step:1150/4740 train_time:149605ms step_avg:130.09ms
step:1151/4740 train_time:149743ms step_avg:130.10ms
step:1152/4740 train_time:149985ms step_avg:130.20ms
step:1153/4740 train_time:150124ms step_avg:130.20ms
step:1154/4740 train_time:150366ms step_avg:130.30ms
step:1155/4740 train_time:150505ms step_avg:130.31ms
step:1156/4740 train_time:150748ms step_avg:130.41ms
step:1157/4740 train_time:150888ms step_avg:130.41ms
step:1158/4740 train_time:151129ms step_avg:130.51ms
step:1159/4740 train_time:151273ms step_avg:130.52ms
step:1160/4740 train_time:151516ms step_avg:130.62ms
step:1161/4740 train_time:151656ms step_avg:130.63ms
step:1162/4740 train_time:151903ms step_avg:130.73ms
step:1163/4740 train_time:152041ms step_avg:130.73ms
step:1164/4740 train_time:152285ms step_avg:130.83ms
step:1165/4740 train_time:152422ms step_avg:130.83ms
step:1166/4740 train_time:152664ms step_avg:130.93ms
step:1167/4740 train_time:152804ms step_avg:130.94ms
step:1168/4740 train_time:153046ms step_avg:131.03ms
step:1169/4740 train_time:153187ms step_avg:131.04ms
step:1170/4740 train_time:153430ms step_avg:131.14ms
step:1171/4740 train_time:153569ms step_avg:131.14ms
step:1172/4740 train_time:153810ms step_avg:131.24ms
step:1173/4740 train_time:153952ms step_avg:131.25ms
step:1174/4740 train_time:154194ms step_avg:131.34ms
step:1175/4740 train_time:154337ms step_avg:131.35ms
step:1176/4740 train_time:154610ms step_avg:131.47ms
step:1177/4740 train_time:154793ms step_avg:131.51ms
step:1178/4740 train_time:155113ms step_avg:131.67ms
step:1179/4740 train_time:155296ms step_avg:131.72ms
step:1180/4740 train_time:155614ms step_avg:131.88ms
step:1181/4740 train_time:155794ms step_avg:131.92ms
step:1182/4740 train_time:156113ms step_avg:132.08ms
step:1183/4740 train_time:156295ms step_avg:132.12ms
step:1184/4740 train_time:156616ms step_avg:132.28ms
step:1185/4740 train_time:156796ms step_avg:132.32ms
step:1186/4740 train_time:157113ms step_avg:132.47ms
step:1187/4740 train_time:157296ms step_avg:132.52ms
step:1188/4740 train_time:157617ms step_avg:132.67ms
step:1189/4740 train_time:157798ms step_avg:132.71ms
step:1190/4740 train_time:158117ms step_avg:132.87ms
step:1191/4740 train_time:158298ms step_avg:132.91ms
step:1192/4740 train_time:158619ms step_avg:133.07ms
step:1193/4740 train_time:158796ms step_avg:133.11ms
step:1194/4740 train_time:159118ms step_avg:133.26ms
step:1195/4740 train_time:159298ms step_avg:133.30ms
step:1196/4740 train_time:159620ms step_avg:133.46ms
step:1197/4740 train_time:159797ms step_avg:133.50ms
step:1198/4740 train_time:160118ms step_avg:133.65ms
step:1199/4740 train_time:160296ms step_avg:133.69ms
step:1200/4740 train_time:160614ms step_avg:133.85ms
step:1201/4740 train_time:160795ms step_avg:133.88ms
step:1202/4740 train_time:161113ms step_avg:134.04ms
step:1203/4740 train_time:161295ms step_avg:134.08ms
step:1204/4740 train_time:161614ms step_avg:134.23ms
step:1205/4740 train_time:161794ms step_avg:134.27ms
step:1206/4740 train_time:162114ms step_avg:134.42ms
step:1207/4740 train_time:162296ms step_avg:134.46ms
step:1208/4740 train_time:162612ms step_avg:134.61ms
step:1209/4740 train_time:162793ms step_avg:134.65ms
step:1210/4740 train_time:163113ms step_avg:134.80ms
step:1211/4740 train_time:163294ms step_avg:134.84ms
step:1212/4740 train_time:163616ms step_avg:135.00ms
step:1213/4740 train_time:163798ms step_avg:135.04ms
step:1214/4740 train_time:164119ms step_avg:135.19ms
step:1215/4740 train_time:164300ms step_avg:135.23ms
step:1216/4740 train_time:164620ms step_avg:135.38ms
step:1217/4740 train_time:164802ms step_avg:135.42ms
step:1218/4740 train_time:165120ms step_avg:135.57ms
step:1219/4740 train_time:165299ms step_avg:135.60ms
step:1220/4740 train_time:165620ms step_avg:135.75ms
step:1221/4740 train_time:165797ms step_avg:135.79ms
step:1222/4740 train_time:166115ms step_avg:135.94ms
step:1223/4740 train_time:166296ms step_avg:135.97ms
step:1224/4740 train_time:166613ms step_avg:136.12ms
step:1225/4740 train_time:166794ms step_avg:136.16ms
step:1226/4740 train_time:167113ms step_avg:136.31ms
step:1227/4740 train_time:167294ms step_avg:136.34ms
step:1228/4740 train_time:167611ms step_avg:136.49ms
step:1229/4740 train_time:167791ms step_avg:136.53ms
step:1230/4740 train_time:168113ms step_avg:136.68ms
step:1231/4740 train_time:168293ms step_avg:136.71ms
step:1232/4740 train_time:168610ms step_avg:136.86ms
step:1233/4740 train_time:168794ms step_avg:136.90ms
step:1234/4740 train_time:169112ms step_avg:137.04ms
step:1235/4740 train_time:169294ms step_avg:137.08ms
step:1236/4740 train_time:169612ms step_avg:137.23ms
step:1237/4740 train_time:169794ms step_avg:137.26ms
step:1238/4740 train_time:170112ms step_avg:137.41ms
step:1239/4740 train_time:170291ms step_avg:137.44ms
step:1240/4740 train_time:170610ms step_avg:137.59ms
step:1241/4740 train_time:170792ms step_avg:137.62ms
step:1242/4740 train_time:171112ms step_avg:137.77ms
step:1243/4740 train_time:171293ms step_avg:137.81ms
step:1244/4740 train_time:171610ms step_avg:137.95ms
step:1245/4740 train_time:171793ms step_avg:137.99ms
step:1246/4740 train_time:172111ms step_avg:138.13ms
step:1247/4740 train_time:172292ms step_avg:138.17ms
step:1248/4740 train_time:172609ms step_avg:138.31ms
step:1249/4740 train_time:172791ms step_avg:138.34ms
step:1250/4740 train_time:173109ms step_avg:138.49ms
step:1250/4740 val_loss:3.3661 train_time:173238ms step_avg:138.59ms
step:1251/4740 train_time:173294ms step_avg:138.52ms
step:1252/4740 train_time:173621ms step_avg:138.68ms
step:1253/4740 train_time:173798ms step_avg:138.71ms
step:1254/4740 train_time:174113ms step_avg:138.85ms
step:1255/4740 train_time:174293ms step_avg:138.88ms
step:1256/4740 train_time:174616ms step_avg:139.03ms
step:1257/4740 train_time:174800ms step_avg:139.06ms
step:1258/4740 train_time:175114ms step_avg:139.20ms
step:1259/4740 train_time:175293ms step_avg:139.23ms
step:1260/4740 train_time:175611ms step_avg:139.37ms
step:1261/4740 train_time:175799ms step_avg:139.41ms
step:1262/4740 train_time:176114ms step_avg:139.55ms
step:1263/4740 train_time:176295ms step_avg:139.58ms
step:1264/4740 train_time:176613ms step_avg:139.73ms
step:1265/4740 train_time:176796ms step_avg:139.76ms
step:1266/4740 train_time:177116ms step_avg:139.90ms
step:1267/4740 train_time:177296ms step_avg:139.93ms
step:1268/4740 train_time:177616ms step_avg:140.08ms
step:1269/4740 train_time:177799ms step_avg:140.11ms
step:1270/4740 train_time:178116ms step_avg:140.25ms
step:1271/4740 train_time:178298ms step_avg:140.28ms
step:1272/4740 train_time:178619ms step_avg:140.42ms
step:1273/4740 train_time:178803ms step_avg:140.46ms
step:1274/4740 train_time:179120ms step_avg:140.60ms
step:1275/4740 train_time:179300ms step_avg:140.63ms
step:1276/4740 train_time:179618ms step_avg:140.77ms
step:1277/4740 train_time:179801ms step_avg:140.80ms
step:1278/4740 train_time:180118ms step_avg:140.94ms
step:1279/4740 train_time:180299ms step_avg:140.97ms
step:1280/4740 train_time:180617ms step_avg:141.11ms
step:1281/4740 train_time:180801ms step_avg:141.14ms
step:1282/4740 train_time:181120ms step_avg:141.28ms
step:1283/4740 train_time:181302ms step_avg:141.31ms
step:1284/4740 train_time:181619ms step_avg:141.45ms
step:1285/4740 train_time:181802ms step_avg:141.48ms
step:1286/4740 train_time:182121ms step_avg:141.62ms
step:1287/4740 train_time:182299ms step_avg:141.65ms
step:1288/4740 train_time:182614ms step_avg:141.78ms
step:1289/4740 train_time:182799ms step_avg:141.81ms
step:1290/4740 train_time:183118ms step_avg:141.95ms
step:1291/4740 train_time:183300ms step_avg:141.98ms
step:1292/4740 train_time:183617ms step_avg:142.12ms
step:1293/4740 train_time:183799ms step_avg:142.15ms
step:1294/4740 train_time:184118ms step_avg:142.29ms
step:1295/4740 train_time:184300ms step_avg:142.32ms
step:1296/4740 train_time:184617ms step_avg:142.45ms
step:1297/4740 train_time:184798ms step_avg:142.48ms
step:1298/4740 train_time:185117ms step_avg:142.62ms
step:1299/4740 train_time:185300ms step_avg:142.65ms
step:1300/4740 train_time:185617ms step_avg:142.78ms
step:1301/4740 train_time:185800ms step_avg:142.81ms
step:1302/4740 train_time:186116ms step_avg:142.95ms
step:1303/4740 train_time:186299ms step_avg:142.98ms
step:1304/4740 train_time:186616ms step_avg:143.11ms
step:1305/4740 train_time:186800ms step_avg:143.14ms
step:1306/4740 train_time:187117ms step_avg:143.28ms
step:1307/4740 train_time:187299ms step_avg:143.30ms
step:1308/4740 train_time:187615ms step_avg:143.44ms
step:1309/4740 train_time:187797ms step_avg:143.47ms
step:1310/4740 train_time:188120ms step_avg:143.60ms
step:1311/4740 train_time:188301ms step_avg:143.63ms
step:1312/4740 train_time:188619ms step_avg:143.76ms
step:1313/4740 train_time:188801ms step_avg:143.79ms
step:1314/4740 train_time:189122ms step_avg:143.93ms
step:1315/4740 train_time:189302ms step_avg:143.96ms
step:1316/4740 train_time:189621ms step_avg:144.09ms
step:1317/4740 train_time:189802ms step_avg:144.12ms
step:1318/4740 train_time:190119ms step_avg:144.25ms
step:1319/4740 train_time:190301ms step_avg:144.28ms
step:1320/4740 train_time:190619ms step_avg:144.41ms
step:1321/4740 train_time:190799ms step_avg:144.44ms
step:1322/4740 train_time:191118ms step_avg:144.57ms
step:1323/4740 train_time:191299ms step_avg:144.60ms
step:1324/4740 train_time:191615ms step_avg:144.72ms
step:1325/4740 train_time:191798ms step_avg:144.75ms
step:1326/4740 train_time:192117ms step_avg:144.88ms
step:1327/4740 train_time:192299ms step_avg:144.91ms
step:1328/4740 train_time:192616ms step_avg:145.04ms
step:1329/4740 train_time:192797ms step_avg:145.07ms
step:1330/4740 train_time:193112ms step_avg:145.20ms
step:1331/4740 train_time:193297ms step_avg:145.23ms
step:1332/4740 train_time:193614ms step_avg:145.36ms
step:1333/4740 train_time:193796ms step_avg:145.38ms
step:1334/4740 train_time:194115ms step_avg:145.51ms
step:1335/4740 train_time:194296ms step_avg:145.54ms
step:1336/4740 train_time:194616ms step_avg:145.67ms
step:1337/4740 train_time:194795ms step_avg:145.70ms
step:1338/4740 train_time:195111ms step_avg:145.82ms
step:1339/4740 train_time:195293ms step_avg:145.85ms
step:1340/4740 train_time:195611ms step_avg:145.98ms
step:1341/4740 train_time:195793ms step_avg:146.01ms
step:1342/4740 train_time:196113ms step_avg:146.13ms
step:1343/4740 train_time:196292ms step_avg:146.16ms
step:1344/4740 train_time:196612ms step_avg:146.29ms
step:1345/4740 train_time:196791ms step_avg:146.31ms
step:1346/4740 train_time:197109ms step_avg:146.44ms
step:1347/4740 train_time:197291ms step_avg:146.47ms
step:1348/4740 train_time:197610ms step_avg:146.60ms
step:1349/4740 train_time:197788ms step_avg:146.62ms
step:1350/4740 train_time:198108ms step_avg:146.75ms
step:1351/4740 train_time:198287ms step_avg:146.77ms
step:1352/4740 train_time:198607ms step_avg:146.90ms
step:1353/4740 train_time:198791ms step_avg:146.93ms
step:1354/4740 train_time:199109ms step_avg:147.05ms
step:1355/4740 train_time:199289ms step_avg:147.08ms
step:1356/4740 train_time:199612ms step_avg:147.21ms
step:1357/4740 train_time:199796ms step_avg:147.23ms
step:1358/4740 train_time:200116ms step_avg:147.36ms
step:1359/4740 train_time:200296ms step_avg:147.39ms
step:1360/4740 train_time:200615ms step_avg:147.51ms
step:1361/4740 train_time:200798ms step_avg:147.54ms
step:1362/4740 train_time:201113ms step_avg:147.66ms
step:1363/4740 train_time:201294ms step_avg:147.68ms
step:1364/4740 train_time:201615ms step_avg:147.81ms
step:1365/4740 train_time:201797ms step_avg:147.84ms
step:1366/4740 train_time:202117ms step_avg:147.96ms
step:1367/4740 train_time:202296ms step_avg:147.99ms
step:1368/4740 train_time:202615ms step_avg:148.11ms
step:1369/4740 train_time:202795ms step_avg:148.13ms
step:1370/4740 train_time:203114ms step_avg:148.26ms
step:1371/4740 train_time:203295ms step_avg:148.28ms
step:1372/4740 train_time:203617ms step_avg:148.41ms
step:1373/4740 train_time:203797ms step_avg:148.43ms
step:1374/4740 train_time:204113ms step_avg:148.55ms
step:1375/4740 train_time:204294ms step_avg:148.58ms
step:1376/4740 train_time:204612ms step_avg:148.70ms
step:1377/4740 train_time:204793ms step_avg:148.72ms
step:1378/4740 train_time:205113ms step_avg:148.85ms
step:1379/4740 train_time:205294ms step_avg:148.87ms
step:1380/4740 train_time:205614ms step_avg:149.00ms
step:1381/4740 train_time:205793ms step_avg:149.02ms
step:1382/4740 train_time:206112ms step_avg:149.14ms
step:1383/4740 train_time:206292ms step_avg:149.16ms
step:1384/4740 train_time:206610ms step_avg:149.28ms
step:1385/4740 train_time:206790ms step_avg:149.31ms
step:1386/4740 train_time:207109ms step_avg:149.43ms
step:1387/4740 train_time:207291ms step_avg:149.45ms
step:1388/4740 train_time:207609ms step_avg:149.57ms
step:1389/4740 train_time:207789ms step_avg:149.60ms
step:1390/4740 train_time:208109ms step_avg:149.72ms
step:1391/4740 train_time:208291ms step_avg:149.74ms
step:1392/4740 train_time:208610ms step_avg:149.86ms
step:1393/4740 train_time:208789ms step_avg:149.88ms
step:1394/4740 train_time:209108ms step_avg:150.01ms
step:1395/4740 train_time:209290ms step_avg:150.03ms
step:1396/4740 train_time:209611ms step_avg:150.15ms
step:1397/4740 train_time:209789ms step_avg:150.17ms
step:1398/4740 train_time:210108ms step_avg:150.29ms
step:1399/4740 train_time:210291ms step_avg:150.31ms
step:1400/4740 train_time:210607ms step_avg:150.43ms
step:1401/4740 train_time:210789ms step_avg:150.46ms
step:1402/4740 train_time:211107ms step_avg:150.58ms
step:1403/4740 train_time:211291ms step_avg:150.60ms
step:1404/4740 train_time:211609ms step_avg:150.72ms
step:1405/4740 train_time:211788ms step_avg:150.74ms
step:1406/4740 train_time:212108ms step_avg:150.86ms
step:1407/4740 train_time:212286ms step_avg:150.88ms
step:1408/4740 train_time:212605ms step_avg:151.00ms
step:1409/4740 train_time:212784ms step_avg:151.02ms
step:1410/4740 train_time:213104ms step_avg:151.14ms
step:1411/4740 train_time:213284ms step_avg:151.16ms
step:1412/4740 train_time:213607ms step_avg:151.28ms
step:1413/4740 train_time:213785ms step_avg:151.30ms
step:1414/4740 train_time:214104ms step_avg:151.42ms
step:1415/4740 train_time:214284ms step_avg:151.44ms
step:1416/4740 train_time:214604ms step_avg:151.56ms
step:1417/4740 train_time:214784ms step_avg:151.58ms
step:1418/4740 train_time:215105ms step_avg:151.70ms
step:1419/4740 train_time:215283ms step_avg:151.71ms
step:1420/4740 train_time:215604ms step_avg:151.83ms
step:1421/4740 train_time:215783ms step_avg:151.85ms
step:1422/4740 train_time:216103ms step_avg:151.97ms
step:1423/4740 train_time:216286ms step_avg:151.99ms
step:1424/4740 train_time:216607ms step_avg:152.11ms
step:1425/4740 train_time:216783ms step_avg:152.13ms
step:1426/4740 train_time:217103ms step_avg:152.25ms
step:1427/4740 train_time:217282ms step_avg:152.26ms
step:1428/4740 train_time:217603ms step_avg:152.38ms
step:1429/4740 train_time:217784ms step_avg:152.40ms
step:1430/4740 train_time:218103ms step_avg:152.52ms
step:1431/4740 train_time:218282ms step_avg:152.54ms
step:1432/4740 train_time:218603ms step_avg:152.66ms
step:1433/4740 train_time:218784ms step_avg:152.68ms
step:1434/4740 train_time:219105ms step_avg:152.79ms
step:1435/4740 train_time:219284ms step_avg:152.81ms
step:1436/4740 train_time:219604ms step_avg:152.93ms
step:1437/4740 train_time:219782ms step_avg:152.95ms
step:1438/4740 train_time:220104ms step_avg:153.06ms
step:1439/4740 train_time:220281ms step_avg:153.08ms
step:1440/4740 train_time:220600ms step_avg:153.19ms
step:1441/4740 train_time:220781ms step_avg:153.21ms
step:1442/4740 train_time:221102ms step_avg:153.33ms
step:1443/4740 train_time:221283ms step_avg:153.35ms
step:1444/4740 train_time:221602ms step_avg:153.46ms
step:1445/4740 train_time:221783ms step_avg:153.48ms
step:1446/4740 train_time:222101ms step_avg:153.60ms
step:1447/4740 train_time:222278ms step_avg:153.61ms
step:1448/4740 train_time:222598ms step_avg:153.73ms
step:1449/4740 train_time:222779ms step_avg:153.75ms
step:1450/4740 train_time:223097ms step_avg:153.86ms
step:1451/4740 train_time:223278ms step_avg:153.88ms
step:1452/4740 train_time:223598ms step_avg:153.99ms
step:1453/4740 train_time:223778ms step_avg:154.01ms
step:1454/4740 train_time:224099ms step_avg:154.13ms
step:1455/4740 train_time:224276ms step_avg:154.14ms
step:1456/4740 train_time:224598ms step_avg:154.26ms
step:1457/4740 train_time:224780ms step_avg:154.28ms
step:1458/4740 train_time:225097ms step_avg:154.39ms
step:1459/4740 train_time:225278ms step_avg:154.41ms
step:1460/4740 train_time:225598ms step_avg:154.52ms
step:1461/4740 train_time:225779ms step_avg:154.54ms
step:1462/4740 train_time:226095ms step_avg:154.65ms
step:1463/4740 train_time:226275ms step_avg:154.66ms
step:1464/4740 train_time:226594ms step_avg:154.78ms
step:1465/4740 train_time:226778ms step_avg:154.80ms
step:1466/4740 train_time:227096ms step_avg:154.91ms
step:1467/4740 train_time:227277ms step_avg:154.93ms
step:1468/4740 train_time:227595ms step_avg:155.04ms
step:1469/4740 train_time:227779ms step_avg:155.06ms
step:1470/4740 train_time:228096ms step_avg:155.17ms
step:1471/4740 train_time:228281ms step_avg:155.19ms
step:1472/4740 train_time:228599ms step_avg:155.30ms
step:1473/4740 train_time:228779ms step_avg:155.32ms
step:1474/4740 train_time:229098ms step_avg:155.43ms
step:1475/4740 train_time:229280ms step_avg:155.44ms
step:1476/4740 train_time:229598ms step_avg:155.55ms
step:1477/4740 train_time:229779ms step_avg:155.57ms
step:1478/4740 train_time:230098ms step_avg:155.68ms
step:1479/4740 train_time:230275ms step_avg:155.70ms
step:1480/4740 train_time:230592ms step_avg:155.81ms
step:1481/4740 train_time:230775ms step_avg:155.82ms
step:1482/4740 train_time:231091ms step_avg:155.93ms
step:1483/4740 train_time:231273ms step_avg:155.95ms
step:1484/4740 train_time:231593ms step_avg:156.06ms
step:1485/4740 train_time:231775ms step_avg:156.08ms
step:1486/4740 train_time:232093ms step_avg:156.19ms
step:1487/4740 train_time:232273ms step_avg:156.20ms
step:1488/4740 train_time:232592ms step_avg:156.31ms
step:1489/4740 train_time:232771ms step_avg:156.33ms
step:1490/4740 train_time:233090ms step_avg:156.44ms
step:1491/4740 train_time:233270ms step_avg:156.45ms
step:1492/4740 train_time:233590ms step_avg:156.56ms
step:1493/4740 train_time:233768ms step_avg:156.58ms
step:1494/4740 train_time:234092ms step_avg:156.69ms
step:1495/4740 train_time:234270ms step_avg:156.70ms
step:1496/4740 train_time:234590ms step_avg:156.81ms
step:1497/4740 train_time:234771ms step_avg:156.83ms
step:1498/4740 train_time:235090ms step_avg:156.94ms
step:1499/4740 train_time:235266ms step_avg:156.95ms
step:1500/4740 train_time:235588ms step_avg:157.06ms
step:1500/4740 val_loss:3.2899 train_time:235715ms step_avg:157.14ms
step:1501/4740 train_time:235770ms step_avg:157.08ms
step:1502/4740 train_time:236099ms step_avg:157.19ms
step:1503/4740 train_time:236276ms step_avg:157.20ms
step:1504/4740 train_time:236590ms step_avg:157.31ms
step:1505/4740 train_time:236769ms step_avg:157.32ms
step:1506/4740 train_time:237094ms step_avg:157.43ms
step:1507/4740 train_time:237273ms step_avg:157.45ms
step:1508/4740 train_time:237592ms step_avg:157.55ms
step:1509/4740 train_time:237771ms step_avg:157.57ms
step:1510/4740 train_time:238095ms step_avg:157.68ms
step:1511/4740 train_time:238273ms step_avg:157.69ms
step:1512/4740 train_time:238592ms step_avg:157.80ms
step:1513/4740 train_time:238771ms step_avg:157.81ms
step:1514/4740 train_time:239093ms step_avg:157.92ms
step:1515/4740 train_time:239275ms step_avg:157.94ms
step:1516/4740 train_time:239594ms step_avg:158.04ms
step:1517/4740 train_time:239774ms step_avg:158.06ms
step:1518/4740 train_time:240094ms step_avg:158.16ms
step:1519/4740 train_time:240275ms step_avg:158.18ms
step:1520/4740 train_time:240593ms step_avg:158.28ms
step:1521/4740 train_time:240772ms step_avg:158.30ms
step:1522/4740 train_time:241092ms step_avg:158.40ms
step:1523/4740 train_time:241272ms step_avg:158.42ms
step:1524/4740 train_time:241592ms step_avg:158.52ms
step:1525/4740 train_time:241769ms step_avg:158.54ms
step:1526/4740 train_time:242090ms step_avg:158.64ms
step:1527/4740 train_time:242270ms step_avg:158.66ms
step:1528/4740 train_time:242590ms step_avg:158.76ms
step:1529/4740 train_time:242769ms step_avg:158.78ms
step:1530/4740 train_time:243090ms step_avg:158.88ms
step:1531/4740 train_time:243267ms step_avg:158.89ms
step:1532/4740 train_time:243587ms step_avg:159.00ms
step:1533/4740 train_time:243764ms step_avg:159.01ms
step:1534/4740 train_time:244089ms step_avg:159.12ms
step:1535/4740 train_time:244268ms step_avg:159.13ms
step:1536/4740 train_time:244587ms step_avg:159.24ms
step:1537/4740 train_time:244767ms step_avg:159.25ms
step:1538/4740 train_time:245085ms step_avg:159.35ms
step:1539/4740 train_time:245264ms step_avg:159.37ms
step:1540/4740 train_time:245581ms step_avg:159.47ms
step:1541/4740 train_time:245763ms step_avg:159.48ms
step:1542/4740 train_time:246088ms step_avg:159.59ms
step:1543/4740 train_time:246265ms step_avg:159.60ms
step:1544/4740 train_time:246580ms step_avg:159.70ms
step:1545/4740 train_time:246760ms step_avg:159.71ms
step:1546/4740 train_time:247081ms step_avg:159.82ms
step:1547/4740 train_time:247261ms step_avg:159.83ms
step:1548/4740 train_time:247578ms step_avg:159.93ms
step:1549/4740 train_time:247763ms step_avg:159.95ms
step:1550/4740 train_time:248079ms step_avg:160.05ms
step:1551/4740 train_time:248261ms step_avg:160.06ms
step:1552/4740 train_time:248579ms step_avg:160.17ms
step:1553/4740 train_time:248761ms step_avg:160.18ms
step:1554/4740 train_time:249080ms step_avg:160.28ms
step:1555/4740 train_time:249260ms step_avg:160.30ms
step:1556/4740 train_time:249577ms step_avg:160.40ms
step:1557/4740 train_time:249758ms step_avg:160.41ms
step:1558/4740 train_time:250078ms step_avg:160.51ms
step:1559/4740 train_time:250260ms step_avg:160.53ms
step:1560/4740 train_time:250582ms step_avg:160.63ms
step:1561/4740 train_time:250763ms step_avg:160.64ms
step:1562/4740 train_time:251082ms step_avg:160.74ms
step:1563/4740 train_time:251262ms step_avg:160.76ms
step:1564/4740 train_time:251581ms step_avg:160.86ms
step:1565/4740 train_time:251763ms step_avg:160.87ms
step:1566/4740 train_time:252083ms step_avg:160.97ms
step:1567/4740 train_time:252264ms step_avg:160.99ms
step:1568/4740 train_time:252583ms step_avg:161.09ms
step:1569/4740 train_time:252766ms step_avg:161.10ms
step:1570/4740 train_time:253088ms step_avg:161.20ms
step:1571/4740 train_time:253268ms step_avg:161.21ms
step:1572/4740 train_time:253586ms step_avg:161.31ms
step:1573/4740 train_time:253772ms step_avg:161.33ms
step:1574/4740 train_time:254089ms step_avg:161.43ms
step:1575/4740 train_time:254272ms step_avg:161.44ms
step:1576/4740 train_time:254592ms step_avg:161.54ms
step:1577/4740 train_time:254771ms step_avg:161.55ms
step:1578/4740 train_time:255090ms step_avg:161.65ms
step:1579/4740 train_time:255272ms step_avg:161.67ms
step:1580/4740 train_time:255593ms step_avg:161.77ms
step:1581/4740 train_time:255775ms step_avg:161.78ms
step:1582/4740 train_time:256097ms step_avg:161.88ms
step:1583/4740 train_time:256280ms step_avg:161.90ms
step:1584/4740 train_time:256601ms step_avg:162.00ms
step:1585/4740 train_time:256781ms step_avg:162.01ms
step:1586/4740 train_time:257104ms step_avg:162.11ms
step:1587/4740 train_time:257284ms step_avg:162.12ms
step:1588/4740 train_time:257605ms step_avg:162.22ms
step:1589/4740 train_time:257783ms step_avg:162.23ms
step:1590/4740 train_time:258104ms step_avg:162.33ms
step:1591/4740 train_time:258285ms step_avg:162.34ms
step:1592/4740 train_time:258604ms step_avg:162.44ms
step:1593/4740 train_time:258786ms step_avg:162.45ms
step:1594/4740 train_time:259109ms step_avg:162.55ms
step:1595/4740 train_time:259285ms step_avg:162.56ms
step:1596/4740 train_time:259605ms step_avg:162.66ms
step:1597/4740 train_time:259785ms step_avg:162.67ms
step:1598/4740 train_time:260105ms step_avg:162.77ms
step:1599/4740 train_time:260283ms step_avg:162.78ms
step:1600/4740 train_time:260606ms step_avg:162.88ms
step:1601/4740 train_time:260785ms step_avg:162.89ms
step:1602/4740 train_time:261108ms step_avg:162.99ms
step:1603/4740 train_time:261287ms step_avg:163.00ms
step:1604/4740 train_time:261610ms step_avg:163.10ms
step:1605/4740 train_time:261787ms step_avg:163.11ms
step:1606/4740 train_time:262111ms step_avg:163.21ms
step:1607/4740 train_time:262291ms step_avg:163.22ms
step:1608/4740 train_time:262613ms step_avg:163.32ms
step:1609/4740 train_time:262793ms step_avg:163.33ms
step:1610/4740 train_time:263116ms step_avg:163.43ms
step:1611/4740 train_time:263295ms step_avg:163.44ms
step:1612/4740 train_time:263614ms step_avg:163.53ms
step:1613/4740 train_time:263798ms step_avg:163.55ms
step:1614/4740 train_time:264117ms step_avg:163.64ms
step:1615/4740 train_time:264299ms step_avg:163.65ms
step:1616/4740 train_time:264619ms step_avg:163.75ms
step:1617/4740 train_time:264799ms step_avg:163.76ms
step:1618/4740 train_time:265121ms step_avg:163.86ms
step:1619/4740 train_time:265304ms step_avg:163.87ms
step:1620/4740 train_time:265625ms step_avg:163.97ms
step:1621/4740 train_time:265807ms step_avg:163.98ms
step:1622/4740 train_time:266124ms step_avg:164.07ms
step:1623/4740 train_time:266307ms step_avg:164.08ms
step:1624/4740 train_time:266626ms step_avg:164.18ms
step:1625/4740 train_time:266806ms step_avg:164.19ms
step:1626/4740 train_time:267125ms step_avg:164.28ms
step:1627/4740 train_time:267306ms step_avg:164.29ms
step:1628/4740 train_time:267626ms step_avg:164.39ms
step:1629/4740 train_time:267806ms step_avg:164.40ms
step:1630/4740 train_time:268124ms step_avg:164.49ms
step:1631/4740 train_time:268306ms step_avg:164.50ms
step:1632/4740 train_time:268626ms step_avg:164.60ms
step:1633/4740 train_time:268809ms step_avg:164.61ms
step:1634/4740 train_time:269129ms step_avg:164.71ms
step:1635/4740 train_time:269311ms step_avg:164.72ms
step:1636/4740 train_time:269629ms step_avg:164.81ms
step:1637/4740 train_time:269809ms step_avg:164.82ms
step:1638/4740 train_time:270130ms step_avg:164.91ms
step:1639/4740 train_time:270309ms step_avg:164.92ms
step:1640/4740 train_time:270630ms step_avg:165.02ms
step:1641/4740 train_time:270809ms step_avg:165.03ms
step:1642/4740 train_time:271131ms step_avg:165.12ms
step:1643/4740 train_time:271311ms step_avg:165.13ms
step:1644/4740 train_time:271633ms step_avg:165.23ms
step:1645/4740 train_time:271812ms step_avg:165.24ms
step:1646/4740 train_time:272134ms step_avg:165.33ms
step:1647/4740 train_time:272313ms step_avg:165.34ms
step:1648/4740 train_time:272637ms step_avg:165.44ms
step:1649/4740 train_time:272817ms step_avg:165.44ms
step:1650/4740 train_time:273134ms step_avg:165.54ms
step:1651/4740 train_time:273318ms step_avg:165.55ms
step:1652/4740 train_time:273639ms step_avg:165.64ms
step:1653/4740 train_time:273820ms step_avg:165.65ms
step:1654/4740 train_time:274139ms step_avg:165.74ms
step:1655/4740 train_time:274318ms step_avg:165.75ms
step:1656/4740 train_time:274643ms step_avg:165.85ms
step:1657/4740 train_time:274824ms step_avg:165.86ms
step:1658/4740 train_time:275146ms step_avg:165.95ms
step:1659/4740 train_time:275327ms step_avg:165.96ms
step:1660/4740 train_time:275651ms step_avg:166.05ms
step:1661/4740 train_time:275831ms step_avg:166.06ms
step:1662/4740 train_time:276149ms step_avg:166.15ms
step:1663/4740 train_time:276333ms step_avg:166.17ms
step:1664/4740 train_time:276654ms step_avg:166.26ms
step:1665/4740 train_time:276834ms step_avg:166.27ms
step:1666/4740 train_time:277153ms step_avg:166.36ms
step:1667/4740 train_time:277335ms step_avg:166.37ms
step:1668/4740 train_time:277655ms step_avg:166.46ms
step:1669/4740 train_time:277836ms step_avg:166.47ms
step:1670/4740 train_time:278155ms step_avg:166.56ms
step:1671/4740 train_time:278340ms step_avg:166.57ms
step:1672/4740 train_time:278660ms step_avg:166.66ms
step:1673/4740 train_time:278843ms step_avg:166.67ms
step:1674/4740 train_time:279160ms step_avg:166.76ms
step:1675/4740 train_time:279343ms step_avg:166.77ms
step:1676/4740 train_time:279667ms step_avg:166.87ms
step:1677/4740 train_time:279848ms step_avg:166.87ms
step:1678/4740 train_time:280170ms step_avg:166.97ms
step:1679/4740 train_time:280344ms step_avg:166.97ms
step:1680/4740 train_time:280667ms step_avg:167.06ms
step:1681/4740 train_time:280848ms step_avg:167.07ms
step:1682/4740 train_time:281170ms step_avg:167.16ms
step:1683/4740 train_time:281351ms step_avg:167.17ms
step:1684/4740 train_time:281671ms step_avg:167.26ms
step:1685/4740 train_time:281849ms step_avg:167.27ms
step:1686/4740 train_time:282171ms step_avg:167.36ms
step:1687/4740 train_time:282351ms step_avg:167.37ms
step:1688/4740 train_time:282675ms step_avg:167.46ms
step:1689/4740 train_time:282856ms step_avg:167.47ms
step:1690/4740 train_time:283176ms step_avg:167.56ms
step:1691/4740 train_time:283354ms step_avg:167.57ms
step:1692/4740 train_time:283676ms step_avg:167.66ms
step:1693/4740 train_time:283859ms step_avg:167.67ms
step:1694/4740 train_time:284179ms step_avg:167.76ms
step:1695/4740 train_time:284360ms step_avg:167.76ms
step:1696/4740 train_time:284680ms step_avg:167.85ms
step:1697/4740 train_time:284863ms step_avg:167.86ms
step:1698/4740 train_time:285181ms step_avg:167.95ms
step:1699/4740 train_time:285363ms step_avg:167.96ms
step:1700/4740 train_time:285685ms step_avg:168.05ms
step:1701/4740 train_time:285867ms step_avg:168.06ms
step:1702/4740 train_time:286188ms step_avg:168.15ms
step:1703/4740 train_time:286369ms step_avg:168.16ms
step:1704/4740 train_time:286690ms step_avg:168.25ms
step:1705/4740 train_time:286869ms step_avg:168.25ms
step:1706/4740 train_time:287190ms step_avg:168.34ms
step:1707/4740 train_time:287372ms step_avg:168.35ms
step:1708/4740 train_time:287689ms step_avg:168.44ms
step:1709/4740 train_time:287869ms step_avg:168.44ms
step:1710/4740 train_time:288191ms step_avg:168.53ms
step:1711/4740 train_time:288369ms step_avg:168.54ms
step:1712/4740 train_time:288691ms step_avg:168.63ms
step:1713/4740 train_time:288870ms step_avg:168.63ms
step:1714/4740 train_time:289191ms step_avg:168.72ms
step:1715/4740 train_time:289372ms step_avg:168.73ms
step:1716/4740 train_time:289692ms step_avg:168.82ms
step:1717/4740 train_time:289876ms step_avg:168.83ms
step:1718/4740 train_time:290195ms step_avg:168.91ms
step:1719/4740 train_time:290376ms step_avg:168.92ms
step:1720/4740 train_time:290698ms step_avg:169.01ms
step:1721/4740 train_time:290879ms step_avg:169.02ms
step:1722/4740 train_time:291199ms step_avg:169.11ms
step:1723/4740 train_time:291378ms step_avg:169.11ms
step:1724/4740 train_time:291696ms step_avg:169.20ms
step:1725/4740 train_time:291879ms step_avg:169.21ms
step:1726/4740 train_time:292198ms step_avg:169.29ms
step:1727/4740 train_time:292381ms step_avg:169.30ms
step:1728/4740 train_time:292702ms step_avg:169.39ms
step:1729/4740 train_time:292884ms step_avg:169.40ms
step:1730/4740 train_time:293207ms step_avg:169.48ms
step:1731/4740 train_time:293387ms step_avg:169.49ms
step:1732/4740 train_time:293706ms step_avg:169.58ms
step:1733/4740 train_time:293887ms step_avg:169.58ms
step:1734/4740 train_time:294207ms step_avg:169.67ms
step:1735/4740 train_time:294387ms step_avg:169.68ms
step:1736/4740 train_time:294711ms step_avg:169.76ms
step:1737/4740 train_time:294888ms step_avg:169.77ms
step:1738/4740 train_time:295205ms step_avg:169.85ms
step:1739/4740 train_time:295387ms step_avg:169.86ms
step:1740/4740 train_time:295708ms step_avg:169.95ms
step:1741/4740 train_time:295887ms step_avg:169.95ms
step:1742/4740 train_time:296209ms step_avg:170.04ms
step:1743/4740 train_time:296388ms step_avg:170.04ms
step:1744/4740 train_time:296710ms step_avg:170.13ms
step:1745/4740 train_time:296887ms step_avg:170.14ms
step:1746/4740 train_time:297210ms step_avg:170.22ms
step:1747/4740 train_time:297387ms step_avg:170.23ms
step:1748/4740 train_time:297709ms step_avg:170.31ms
step:1749/4740 train_time:297885ms step_avg:170.32ms
step:1750/4740 train_time:298209ms step_avg:170.41ms
step:1750/4740 val_loss:3.2507 train_time:298333ms step_avg:170.48ms
step:1751/4740 train_time:298390ms step_avg:170.41ms
step:1752/4740 train_time:298724ms step_avg:170.50ms
step:1753/4740 train_time:298903ms step_avg:170.51ms
step:1754/4740 train_time:299217ms step_avg:170.59ms
step:1755/4740 train_time:299398ms step_avg:170.60ms
step:1756/4740 train_time:299728ms step_avg:170.69ms
step:1757/4740 train_time:299907ms step_avg:170.69ms
step:1758/4740 train_time:300225ms step_avg:170.78ms
step:1759/4740 train_time:300403ms step_avg:170.78ms
step:1760/4740 train_time:300726ms step_avg:170.87ms
step:1761/4740 train_time:300907ms step_avg:170.87ms
step:1762/4740 train_time:301228ms step_avg:170.96ms
step:1763/4740 train_time:301408ms step_avg:170.96ms
step:1764/4740 train_time:301733ms step_avg:171.05ms
step:1765/4740 train_time:301909ms step_avg:171.05ms
step:1766/4740 train_time:302232ms step_avg:171.14ms
step:1767/4740 train_time:302411ms step_avg:171.14ms
step:1768/4740 train_time:302734ms step_avg:171.23ms
step:1769/4740 train_time:302911ms step_avg:171.23ms
step:1770/4740 train_time:303233ms step_avg:171.32ms
step:1771/4740 train_time:303413ms step_avg:171.32ms
step:1772/4740 train_time:303735ms step_avg:171.41ms
step:1773/4740 train_time:303913ms step_avg:171.41ms
step:1774/4740 train_time:304237ms step_avg:171.50ms
step:1775/4740 train_time:304416ms step_avg:171.50ms
step:1776/4740 train_time:304738ms step_avg:171.59ms
step:1777/4740 train_time:304917ms step_avg:171.59ms
step:1778/4740 train_time:305238ms step_avg:171.68ms
step:1779/4740 train_time:305421ms step_avg:171.68ms
step:1780/4740 train_time:305742ms step_avg:171.77ms
step:1781/4740 train_time:305921ms step_avg:171.77ms
step:1782/4740 train_time:306239ms step_avg:171.85ms
step:1783/4740 train_time:306423ms step_avg:171.86ms
step:1784/4740 train_time:306747ms step_avg:171.94ms
step:1785/4740 train_time:306926ms step_avg:171.95ms
step:1786/4740 train_time:307247ms step_avg:172.03ms
step:1787/4740 train_time:307426ms step_avg:172.03ms
step:1788/4740 train_time:307746ms step_avg:172.12ms
step:1789/4740 train_time:307929ms step_avg:172.12ms
step:1790/4740 train_time:308248ms step_avg:172.21ms
step:1791/4740 train_time:308430ms step_avg:172.21ms
step:1792/4740 train_time:308752ms step_avg:172.29ms
step:1793/4740 train_time:308932ms step_avg:172.30ms
step:1794/4740 train_time:309252ms step_avg:172.38ms
step:1795/4740 train_time:309430ms step_avg:172.38ms
step:1796/4740 train_time:309752ms step_avg:172.47ms
step:1797/4740 train_time:309928ms step_avg:172.47ms
step:1798/4740 train_time:310250ms step_avg:172.55ms
step:1799/4740 train_time:310428ms step_avg:172.56ms
step:1800/4740 train_time:310750ms step_avg:172.64ms
step:1801/4740 train_time:310928ms step_avg:172.64ms
step:1802/4740 train_time:311249ms step_avg:172.72ms
step:1803/4740 train_time:311429ms step_avg:172.73ms
step:1804/4740 train_time:311749ms step_avg:172.81ms
step:1805/4740 train_time:311927ms step_avg:172.81ms
step:1806/4740 train_time:312249ms step_avg:172.90ms
step:1807/4740 train_time:312430ms step_avg:172.90ms
step:1808/4740 train_time:312749ms step_avg:172.98ms
step:1809/4740 train_time:312931ms step_avg:172.99ms
step:1810/4740 train_time:313251ms step_avg:173.07ms
step:1811/4740 train_time:313428ms step_avg:173.07ms
step:1812/4740 train_time:313748ms step_avg:173.15ms
step:1813/4740 train_time:313929ms step_avg:173.15ms
step:1814/4740 train_time:314248ms step_avg:173.24ms
step:1815/4740 train_time:314429ms step_avg:173.24ms
step:1816/4740 train_time:314752ms step_avg:173.32ms
step:1817/4740 train_time:314931ms step_avg:173.32ms
step:1818/4740 train_time:315254ms step_avg:173.41ms
step:1819/4740 train_time:315431ms step_avg:173.41ms
step:1820/4740 train_time:315753ms step_avg:173.49ms
step:1821/4740 train_time:315934ms step_avg:173.49ms
step:1822/4740 train_time:316256ms step_avg:173.58ms
step:1823/4740 train_time:316435ms step_avg:173.58ms
step:1824/4740 train_time:316755ms step_avg:173.66ms
step:1825/4740 train_time:316935ms step_avg:173.66ms
step:1826/4740 train_time:317256ms step_avg:173.74ms
step:1827/4740 train_time:317435ms step_avg:173.75ms
step:1828/4740 train_time:317757ms step_avg:173.83ms
step:1829/4740 train_time:317934ms step_avg:173.83ms
step:1830/4740 train_time:318256ms step_avg:173.91ms
step:1831/4740 train_time:318434ms step_avg:173.91ms
step:1832/4740 train_time:318755ms step_avg:173.99ms
step:1833/4740 train_time:318936ms step_avg:174.00ms
step:1834/4740 train_time:319256ms step_avg:174.08ms
step:1835/4740 train_time:319436ms step_avg:174.08ms
step:1836/4740 train_time:319754ms step_avg:174.16ms
step:1837/4740 train_time:319937ms step_avg:174.16ms
step:1838/4740 train_time:320258ms step_avg:174.24ms
step:1839/4740 train_time:320439ms step_avg:174.25ms
step:1840/4740 train_time:320761ms step_avg:174.33ms
step:1841/4740 train_time:320941ms step_avg:174.33ms
step:1842/4740 train_time:321262ms step_avg:174.41ms
step:1843/4740 train_time:321444ms step_avg:174.41ms
step:1844/4740 train_time:321762ms step_avg:174.49ms
step:1845/4740 train_time:321944ms step_avg:174.50ms
step:1846/4740 train_time:322268ms step_avg:174.58ms
step:1847/4740 train_time:322448ms step_avg:174.58ms
step:1848/4740 train_time:322767ms step_avg:174.66ms
step:1849/4740 train_time:322947ms step_avg:174.66ms
step:1850/4740 train_time:323269ms step_avg:174.74ms
step:1851/4740 train_time:323448ms step_avg:174.74ms
step:1852/4740 train_time:323766ms step_avg:174.82ms
step:1853/4740 train_time:323949ms step_avg:174.82ms
step:1854/4740 train_time:324268ms step_avg:174.90ms
step:1855/4740 train_time:324450ms step_avg:174.91ms
step:1856/4740 train_time:324769ms step_avg:174.98ms
step:1857/4740 train_time:324947ms step_avg:174.99ms
step:1858/4740 train_time:325270ms step_avg:175.06ms
step:1859/4740 train_time:325451ms step_avg:175.07ms
step:1860/4740 train_time:325768ms step_avg:175.14ms
step:1861/4740 train_time:325950ms step_avg:175.15ms
step:1862/4740 train_time:326271ms step_avg:175.23ms
step:1863/4740 train_time:326447ms step_avg:175.23ms
step:1864/4740 train_time:326766ms step_avg:175.30ms
step:1865/4740 train_time:326946ms step_avg:175.31ms
step:1866/4740 train_time:327267ms step_avg:175.38ms
step:1867/4740 train_time:327444ms step_avg:175.39ms
step:1868/4740 train_time:327762ms step_avg:175.46ms
step:1869/4740 train_time:327943ms step_avg:175.46ms
step:1870/4740 train_time:328263ms step_avg:175.54ms
step:1871/4740 train_time:328445ms step_avg:175.55ms
step:1872/4740 train_time:328766ms step_avg:175.62ms
step:1873/4740 train_time:328947ms step_avg:175.63ms
step:1874/4740 train_time:329266ms step_avg:175.70ms
step:1875/4740 train_time:329449ms step_avg:175.71ms
step:1876/4740 train_time:329771ms step_avg:175.78ms
step:1877/4740 train_time:329950ms step_avg:175.79ms
step:1878/4740 train_time:330271ms step_avg:175.86ms
step:1879/4740 train_time:330451ms step_avg:175.87ms
step:1880/4740 train_time:330772ms step_avg:175.94ms
step:1881/4740 train_time:330952ms step_avg:175.94ms
step:1882/4740 train_time:331272ms step_avg:176.02ms
step:1883/4740 train_time:331451ms step_avg:176.02ms
step:1884/4740 train_time:331772ms step_avg:176.10ms
step:1885/4740 train_time:331955ms step_avg:176.10ms
step:1886/4740 train_time:332273ms step_avg:176.18ms
step:1887/4740 train_time:332457ms step_avg:176.18ms
step:1888/4740 train_time:332774ms step_avg:176.26ms
step:1889/4740 train_time:332958ms step_avg:176.26ms
step:1890/4740 train_time:333275ms step_avg:176.34ms
step:1891/4740 train_time:333457ms step_avg:176.34ms
step:1892/4740 train_time:333776ms step_avg:176.41ms
step:1893/4740 train_time:333959ms step_avg:176.42ms
step:1894/4740 train_time:334280ms step_avg:176.49ms
step:1895/4740 train_time:334460ms step_avg:176.50ms
step:1896/4740 train_time:334781ms step_avg:176.57ms
step:1897/4740 train_time:334962ms step_avg:176.57ms
step:1898/4740 train_time:335281ms step_avg:176.65ms
step:1899/4740 train_time:335464ms step_avg:176.65ms
step:1900/4740 train_time:335785ms step_avg:176.73ms
step:1901/4740 train_time:335967ms step_avg:176.73ms
step:1902/4740 train_time:336287ms step_avg:176.81ms
step:1903/4740 train_time:336466ms step_avg:176.81ms
step:1904/4740 train_time:336784ms step_avg:176.88ms
step:1905/4740 train_time:336964ms step_avg:176.88ms
step:1906/4740 train_time:337283ms step_avg:176.96ms
step:1907/4740 train_time:337467ms step_avg:176.96ms
step:1908/4740 train_time:337790ms step_avg:177.04ms
step:1909/4740 train_time:337968ms step_avg:177.04ms
step:1910/4740 train_time:338289ms step_avg:177.11ms
step:1911/4740 train_time:338474ms step_avg:177.12ms
step:1912/4740 train_time:338792ms step_avg:177.19ms
step:1913/4740 train_time:338975ms step_avg:177.20ms
step:1914/4740 train_time:339294ms step_avg:177.27ms
step:1915/4740 train_time:339476ms step_avg:177.27ms
step:1916/4740 train_time:339797ms step_avg:177.35ms
step:1917/4740 train_time:339977ms step_avg:177.35ms
step:1918/4740 train_time:340298ms step_avg:177.42ms
step:1919/4740 train_time:340477ms step_avg:177.42ms
step:1920/4740 train_time:340798ms step_avg:177.50ms
step:1921/4740 train_time:340982ms step_avg:177.50ms
step:1922/4740 train_time:341301ms step_avg:177.58ms
step:1923/4740 train_time:341483ms step_avg:177.58ms
step:1924/4740 train_time:341806ms step_avg:177.65ms
step:1925/4740 train_time:341987ms step_avg:177.66ms
step:1926/4740 train_time:342308ms step_avg:177.73ms
step:1927/4740 train_time:342489ms step_avg:177.73ms
step:1928/4740 train_time:342810ms step_avg:177.81ms
step:1929/4740 train_time:342989ms step_avg:177.81ms
step:1930/4740 train_time:343308ms step_avg:177.88ms
step:1931/4740 train_time:343488ms step_avg:177.88ms
step:1932/4740 train_time:343810ms step_avg:177.96ms
step:1933/4740 train_time:343990ms step_avg:177.96ms
step:1934/4740 train_time:344307ms step_avg:178.03ms
step:1935/4740 train_time:344493ms step_avg:178.03ms
step:1936/4740 train_time:344808ms step_avg:178.10ms
step:1937/4740 train_time:344990ms step_avg:178.11ms
step:1938/4740 train_time:345308ms step_avg:178.18ms
step:1939/4740 train_time:345490ms step_avg:178.18ms
step:1940/4740 train_time:345807ms step_avg:178.25ms
step:1941/4740 train_time:345989ms step_avg:178.25ms
step:1942/4740 train_time:346311ms step_avg:178.33ms
step:1943/4740 train_time:346493ms step_avg:178.33ms
step:1944/4740 train_time:346812ms step_avg:178.40ms
step:1945/4740 train_time:346991ms step_avg:178.40ms
step:1946/4740 train_time:347311ms step_avg:178.47ms
step:1947/4740 train_time:347493ms step_avg:178.48ms
step:1948/4740 train_time:347814ms step_avg:178.55ms
step:1949/4740 train_time:347997ms step_avg:178.55ms
step:1950/4740 train_time:348317ms step_avg:178.62ms
step:1951/4740 train_time:348500ms step_avg:178.63ms
step:1952/4740 train_time:348821ms step_avg:178.70ms
step:1953/4740 train_time:349002ms step_avg:178.70ms
step:1954/4740 train_time:349326ms step_avg:178.77ms
step:1955/4740 train_time:349506ms step_avg:178.78ms
step:1956/4740 train_time:349826ms step_avg:178.85ms
step:1957/4740 train_time:350004ms step_avg:178.85ms
step:1958/4740 train_time:350323ms step_avg:178.92ms
step:1959/4740 train_time:350504ms step_avg:178.92ms
step:1960/4740 train_time:350827ms step_avg:178.99ms
step:1961/4740 train_time:351007ms step_avg:178.99ms
step:1962/4740 train_time:351331ms step_avg:179.07ms
step:1963/4740 train_time:351507ms step_avg:179.07ms
step:1964/4740 train_time:351832ms step_avg:179.14ms
step:1965/4740 train_time:352010ms step_avg:179.14ms
step:1966/4740 train_time:352332ms step_avg:179.21ms
step:1967/4740 train_time:352514ms step_avg:179.21ms
step:1968/4740 train_time:352837ms step_avg:179.29ms
step:1969/4740 train_time:353016ms step_avg:179.29ms
step:1970/4740 train_time:353337ms step_avg:179.36ms
step:1971/4740 train_time:353518ms step_avg:179.36ms
step:1972/4740 train_time:353839ms step_avg:179.43ms
step:1973/4740 train_time:354020ms step_avg:179.43ms
step:1974/4740 train_time:354339ms step_avg:179.50ms
step:1975/4740 train_time:354523ms step_avg:179.51ms
step:1976/4740 train_time:354844ms step_avg:179.58ms
step:1977/4740 train_time:355025ms step_avg:179.58ms
step:1978/4740 train_time:355345ms step_avg:179.65ms
step:1979/4740 train_time:355528ms step_avg:179.65ms
step:1980/4740 train_time:355849ms step_avg:179.72ms
step:1981/4740 train_time:356033ms step_avg:179.72ms
step:1982/4740 train_time:356355ms step_avg:179.80ms
step:1983/4740 train_time:356537ms step_avg:179.80ms
step:1984/4740 train_time:356855ms step_avg:179.87ms
step:1985/4740 train_time:357041ms step_avg:179.87ms
step:1986/4740 train_time:357361ms step_avg:179.94ms
step:1987/4740 train_time:357545ms step_avg:179.94ms
step:1988/4740 train_time:357865ms step_avg:180.01ms
step:1989/4740 train_time:358048ms step_avg:180.01ms
step:1990/4740 train_time:358369ms step_avg:180.09ms
step:1991/4740 train_time:358552ms step_avg:180.09ms
step:1992/4740 train_time:358872ms step_avg:180.16ms
step:1993/4740 train_time:359051ms step_avg:180.16ms
step:1994/4740 train_time:359372ms step_avg:180.23ms
step:1995/4740 train_time:359555ms step_avg:180.23ms
step:1996/4740 train_time:359877ms step_avg:180.30ms
step:1997/4740 train_time:360061ms step_avg:180.30ms
step:1998/4740 train_time:360382ms step_avg:180.37ms
step:1999/4740 train_time:360564ms step_avg:180.37ms
step:2000/4740 train_time:360886ms step_avg:180.44ms
step:2000/4740 val_loss:3.2006 train_time:361014ms step_avg:180.51ms
step:2001/4740 train_time:361071ms step_avg:180.45ms
step:2002/4740 train_time:361401ms step_avg:180.52ms
step:2003/4740 train_time:361578ms step_avg:180.52ms
step:2004/4740 train_time:361891ms step_avg:180.58ms
step:2005/4740 train_time:362070ms step_avg:180.58ms
step:2006/4740 train_time:362395ms step_avg:180.66ms
step:2007/4740 train_time:362582ms step_avg:180.66ms
step:2008/4740 train_time:362904ms step_avg:180.73ms
step:2009/4740 train_time:363081ms step_avg:180.73ms
step:2010/4740 train_time:363407ms step_avg:180.80ms
step:2011/4740 train_time:363590ms step_avg:180.80ms
step:2012/4740 train_time:363907ms step_avg:180.87ms
step:2013/4740 train_time:364091ms step_avg:180.87ms
step:2014/4740 train_time:364412ms step_avg:180.94ms
step:2015/4740 train_time:364594ms step_avg:180.94ms
step:2016/4740 train_time:364916ms step_avg:181.01ms
step:2017/4740 train_time:365097ms step_avg:181.01ms
step:2018/4740 train_time:365419ms step_avg:181.08ms
step:2019/4740 train_time:365599ms step_avg:181.08ms
step:2020/4740 train_time:365921ms step_avg:181.15ms
step:2021/4740 train_time:366100ms step_avg:181.15ms
step:2022/4740 train_time:366422ms step_avg:181.22ms
step:2023/4740 train_time:366604ms step_avg:181.22ms
step:2024/4740 train_time:366927ms step_avg:181.29ms
step:2025/4740 train_time:367107ms step_avg:181.29ms
step:2026/4740 train_time:367428ms step_avg:181.36ms
step:2027/4740 train_time:367609ms step_avg:181.36ms
step:2028/4740 train_time:367931ms step_avg:181.43ms
step:2029/4740 train_time:368110ms step_avg:181.42ms
step:2030/4740 train_time:368432ms step_avg:181.49ms
step:2031/4740 train_time:368611ms step_avg:181.49ms
step:2032/4740 train_time:368932ms step_avg:181.56ms
step:2033/4740 train_time:369115ms step_avg:181.56ms
step:2034/4740 train_time:369440ms step_avg:181.63ms
step:2035/4740 train_time:369619ms step_avg:181.63ms
step:2036/4740 train_time:369940ms step_avg:181.70ms
step:2037/4740 train_time:370121ms step_avg:181.70ms
step:2038/4740 train_time:370447ms step_avg:181.77ms
step:2039/4740 train_time:370624ms step_avg:181.77ms
step:2040/4740 train_time:370945ms step_avg:181.84ms
step:2041/4740 train_time:371127ms step_avg:181.84ms
step:2042/4740 train_time:371449ms step_avg:181.90ms
step:2043/4740 train_time:371628ms step_avg:181.90ms
step:2044/4740 train_time:371949ms step_avg:181.97ms
step:2045/4740 train_time:372129ms step_avg:181.97ms
step:2046/4740 train_time:372453ms step_avg:182.04ms
step:2047/4740 train_time:372632ms step_avg:182.04ms
step:2048/4740 train_time:372954ms step_avg:182.11ms
step:2049/4740 train_time:373132ms step_avg:182.10ms
step:2050/4740 train_time:373458ms step_avg:182.17ms
step:2051/4740 train_time:373641ms step_avg:182.18ms
step:2052/4740 train_time:373964ms step_avg:182.24ms
step:2053/4740 train_time:374146ms step_avg:182.24ms
step:2054/4740 train_time:374468ms step_avg:182.31ms
step:2055/4740 train_time:374651ms step_avg:182.31ms
step:2056/4740 train_time:374971ms step_avg:182.38ms
step:2057/4740 train_time:375156ms step_avg:182.38ms
step:2058/4740 train_time:375476ms step_avg:182.45ms
step:2059/4740 train_time:375662ms step_avg:182.45ms
step:2060/4740 train_time:375981ms step_avg:182.52ms
step:2061/4740 train_time:376163ms step_avg:182.51ms
step:2062/4740 train_time:376485ms step_avg:182.58ms
step:2063/4740 train_time:376668ms step_avg:182.58ms
step:2064/4740 train_time:376988ms step_avg:182.65ms
step:2065/4740 train_time:377172ms step_avg:182.65ms
step:2066/4740 train_time:377492ms step_avg:182.72ms
step:2067/4740 train_time:377670ms step_avg:182.71ms
step:2068/4740 train_time:377990ms step_avg:182.78ms
step:2069/4740 train_time:378174ms step_avg:182.78ms
step:2070/4740 train_time:378494ms step_avg:182.85ms
step:2071/4740 train_time:378675ms step_avg:182.85ms
step:2072/4740 train_time:378994ms step_avg:182.91ms
step:2073/4740 train_time:379180ms step_avg:182.91ms
step:2074/4740 train_time:379501ms step_avg:182.98ms
step:2075/4740 train_time:379687ms step_avg:182.98ms
step:2076/4740 train_time:380009ms step_avg:183.05ms
step:2077/4740 train_time:380187ms step_avg:183.05ms
step:2078/4740 train_time:380509ms step_avg:183.11ms
step:2079/4740 train_time:380691ms step_avg:183.11ms
step:2080/4740 train_time:381011ms step_avg:183.18ms
step:2081/4740 train_time:381191ms step_avg:183.18ms
step:2082/4740 train_time:381512ms step_avg:183.24ms
step:2083/4740 train_time:381691ms step_avg:183.24ms
step:2084/4740 train_time:382010ms step_avg:183.31ms
step:2085/4740 train_time:382191ms step_avg:183.31ms
step:2086/4740 train_time:382514ms step_avg:183.37ms
step:2087/4740 train_time:382692ms step_avg:183.37ms
step:2088/4740 train_time:383017ms step_avg:183.44ms
step:2089/4740 train_time:383200ms step_avg:183.44ms
step:2090/4740 train_time:383524ms step_avg:183.50ms
step:2091/4740 train_time:383704ms step_avg:183.50ms
step:2092/4740 train_time:384025ms step_avg:183.57ms
step:2093/4740 train_time:384207ms step_avg:183.57ms
step:2094/4740 train_time:384530ms step_avg:183.63ms
step:2095/4740 train_time:384711ms step_avg:183.63ms
step:2096/4740 train_time:385033ms step_avg:183.70ms
step:2097/4740 train_time:385213ms step_avg:183.70ms
step:2098/4740 train_time:385535ms step_avg:183.76ms
step:2099/4740 train_time:385721ms step_avg:183.76ms
step:2100/4740 train_time:386041ms step_avg:183.83ms
step:2101/4740 train_time:386224ms step_avg:183.83ms
step:2102/4740 train_time:386543ms step_avg:183.89ms
step:2103/4740 train_time:386727ms step_avg:183.89ms
step:2104/4740 train_time:387053ms step_avg:183.96ms
step:2105/4740 train_time:387231ms step_avg:183.96ms
step:2106/4740 train_time:387552ms step_avg:184.02ms
step:2107/4740 train_time:387731ms step_avg:184.02ms
step:2108/4740 train_time:388055ms step_avg:184.09ms
step:2109/4740 train_time:388237ms step_avg:184.09ms
step:2110/4740 train_time:388559ms step_avg:184.15ms
step:2111/4740 train_time:388741ms step_avg:184.15ms
step:2112/4740 train_time:389065ms step_avg:184.22ms
step:2113/4740 train_time:389249ms step_avg:184.22ms
step:2114/4740 train_time:389569ms step_avg:184.28ms
step:2115/4740 train_time:389751ms step_avg:184.28ms
step:2116/4740 train_time:390070ms step_avg:184.34ms
step:2117/4740 train_time:390252ms step_avg:184.34ms
step:2118/4740 train_time:390572ms step_avg:184.41ms
step:2119/4740 train_time:390756ms step_avg:184.41ms
step:2120/4740 train_time:391076ms step_avg:184.47ms
step:2121/4740 train_time:391260ms step_avg:184.47ms
step:2122/4740 train_time:391582ms step_avg:184.53ms
step:2123/4740 train_time:391765ms step_avg:184.53ms
step:2124/4740 train_time:392085ms step_avg:184.60ms
step:2125/4740 train_time:392268ms step_avg:184.60ms
step:2126/4740 train_time:392585ms step_avg:184.66ms
step:2127/4740 train_time:392768ms step_avg:184.66ms
step:2128/4740 train_time:393089ms step_avg:184.72ms
step:2129/4740 train_time:393269ms step_avg:184.72ms
step:2130/4740 train_time:393589ms step_avg:184.78ms
step:2131/4740 train_time:393771ms step_avg:184.78ms
step:2132/4740 train_time:394090ms step_avg:184.85ms
step:2133/4740 train_time:394270ms step_avg:184.84ms
step:2134/4740 train_time:394592ms step_avg:184.91ms
step:2135/4740 train_time:394772ms step_avg:184.90ms
step:2136/4740 train_time:395093ms step_avg:184.97ms
step:2137/4740 train_time:395272ms step_avg:184.97ms
step:2138/4740 train_time:395594ms step_avg:185.03ms
step:2139/4740 train_time:395776ms step_avg:185.03ms
step:2140/4740 train_time:396096ms step_avg:185.09ms
step:2141/4740 train_time:396278ms step_avg:185.09ms
step:2142/4740 train_time:396598ms step_avg:185.15ms
step:2143/4740 train_time:396781ms step_avg:185.15ms
step:2144/4740 train_time:397105ms step_avg:185.22ms
step:2145/4740 train_time:397286ms step_avg:185.21ms
step:2146/4740 train_time:397606ms step_avg:185.28ms
step:2147/4740 train_time:397788ms step_avg:185.28ms
step:2148/4740 train_time:398110ms step_avg:185.34ms
step:2149/4740 train_time:398288ms step_avg:185.34ms
step:2150/4740 train_time:398612ms step_avg:185.40ms
step:2151/4740 train_time:398791ms step_avg:185.40ms
step:2152/4740 train_time:399113ms step_avg:185.46ms
step:2153/4740 train_time:399296ms step_avg:185.46ms
step:2154/4740 train_time:399620ms step_avg:185.52ms
step:2155/4740 train_time:399799ms step_avg:185.52ms
step:2156/4740 train_time:400122ms step_avg:185.59ms
step:2157/4740 train_time:400302ms step_avg:185.58ms
step:2158/4740 train_time:400625ms step_avg:185.65ms
step:2159/4740 train_time:400806ms step_avg:185.64ms
step:2160/4740 train_time:401127ms step_avg:185.71ms
step:2161/4740 train_time:401309ms step_avg:185.71ms
step:2162/4740 train_time:401630ms step_avg:185.77ms
step:2163/4740 train_time:401812ms step_avg:185.77ms
step:2164/4740 train_time:402133ms step_avg:185.83ms
step:2165/4740 train_time:402314ms step_avg:185.83ms
step:2166/4740 train_time:402636ms step_avg:185.89ms
step:2167/4740 train_time:402820ms step_avg:185.89ms
step:2168/4740 train_time:403142ms step_avg:185.95ms
step:2169/4740 train_time:403324ms step_avg:185.95ms
step:2170/4740 train_time:403645ms step_avg:186.01ms
step:2171/4740 train_time:403827ms step_avg:186.01ms
step:2172/4740 train_time:404148ms step_avg:186.07ms
step:2173/4740 train_time:404327ms step_avg:186.07ms
step:2174/4740 train_time:404652ms step_avg:186.13ms
step:2175/4740 train_time:404834ms step_avg:186.13ms
step:2176/4740 train_time:405156ms step_avg:186.19ms
step:2177/4740 train_time:405338ms step_avg:186.19ms
step:2178/4740 train_time:405661ms step_avg:186.25ms
step:2179/4740 train_time:405843ms step_avg:186.25ms
step:2180/4740 train_time:406164ms step_avg:186.31ms
step:2181/4740 train_time:406345ms step_avg:186.31ms
step:2182/4740 train_time:406667ms step_avg:186.37ms
step:2183/4740 train_time:406847ms step_avg:186.37ms
step:2184/4740 train_time:407166ms step_avg:186.43ms
step:2185/4740 train_time:407351ms step_avg:186.43ms
step:2186/4740 train_time:407668ms step_avg:186.49ms
step:2187/4740 train_time:407851ms step_avg:186.49ms
step:2188/4740 train_time:408174ms step_avg:186.55ms
step:2189/4740 train_time:408353ms step_avg:186.55ms
step:2190/4740 train_time:408672ms step_avg:186.61ms
step:2191/4740 train_time:408854ms step_avg:186.61ms
step:2192/4740 train_time:409174ms step_avg:186.67ms
step:2193/4740 train_time:409358ms step_avg:186.67ms
step:2194/4740 train_time:409679ms step_avg:186.73ms
step:2195/4740 train_time:409861ms step_avg:186.72ms
step:2196/4740 train_time:410183ms step_avg:186.79ms
step:2197/4740 train_time:410367ms step_avg:186.79ms
step:2198/4740 train_time:410691ms step_avg:186.85ms
step:2199/4740 train_time:410869ms step_avg:186.84ms
step:2200/4740 train_time:411190ms step_avg:186.90ms
step:2201/4740 train_time:411369ms step_avg:186.90ms
step:2202/4740 train_time:411691ms step_avg:186.96ms
step:2203/4740 train_time:411870ms step_avg:186.96ms
step:2204/4740 train_time:412192ms step_avg:187.02ms
step:2205/4740 train_time:412373ms step_avg:187.02ms
step:2206/4740 train_time:412694ms step_avg:187.08ms
step:2207/4740 train_time:412876ms step_avg:187.08ms
step:2208/4740 train_time:413195ms step_avg:187.14ms
step:2209/4740 train_time:413381ms step_avg:187.14ms
step:2210/4740 train_time:413699ms step_avg:187.19ms
step:2211/4740 train_time:413883ms step_avg:187.19ms
step:2212/4740 train_time:414204ms step_avg:187.25ms
step:2213/4740 train_time:414386ms step_avg:187.25ms
step:2214/4740 train_time:414710ms step_avg:187.31ms
step:2215/4740 train_time:414890ms step_avg:187.31ms
step:2216/4740 train_time:415211ms step_avg:187.37ms
step:2217/4740 train_time:415393ms step_avg:187.37ms
step:2218/4740 train_time:415714ms step_avg:187.43ms
step:2219/4740 train_time:415896ms step_avg:187.43ms
step:2220/4740 train_time:416225ms step_avg:187.49ms
step:2221/4740 train_time:416408ms step_avg:187.49ms
step:2222/4740 train_time:416730ms step_avg:187.55ms
step:2223/4740 train_time:416910ms step_avg:187.54ms
step:2224/4740 train_time:417230ms step_avg:187.60ms
step:2225/4740 train_time:417410ms step_avg:187.60ms
step:2226/4740 train_time:417733ms step_avg:187.66ms
step:2227/4740 train_time:417915ms step_avg:187.66ms
step:2228/4740 train_time:418237ms step_avg:187.72ms
step:2229/4740 train_time:418417ms step_avg:187.72ms
step:2230/4740 train_time:418738ms step_avg:187.77ms
step:2231/4740 train_time:418920ms step_avg:187.77ms
step:2232/4740 train_time:419241ms step_avg:187.83ms
step:2233/4740 train_time:419422ms step_avg:187.83ms
step:2234/4740 train_time:419741ms step_avg:187.89ms
step:2235/4740 train_time:419925ms step_avg:187.89ms
step:2236/4740 train_time:420242ms step_avg:187.94ms
step:2237/4740 train_time:420424ms step_avg:187.94ms
step:2238/4740 train_time:420749ms step_avg:188.00ms
step:2239/4740 train_time:420930ms step_avg:188.00ms
step:2240/4740 train_time:421252ms step_avg:188.06ms
step:2241/4740 train_time:421431ms step_avg:188.05ms
step:2242/4740 train_time:421756ms step_avg:188.12ms
step:2243/4740 train_time:421936ms step_avg:188.11ms
step:2244/4740 train_time:422258ms step_avg:188.17ms
step:2245/4740 train_time:422436ms step_avg:188.17ms
step:2246/4740 train_time:422758ms step_avg:188.23ms
step:2247/4740 train_time:422938ms step_avg:188.22ms
step:2248/4740 train_time:423261ms step_avg:188.28ms
step:2249/4740 train_time:423440ms step_avg:188.28ms
step:2250/4740 train_time:423764ms step_avg:188.34ms
step:2250/4740 val_loss:3.1635 train_time:423896ms step_avg:188.40ms
step:2251/4740 train_time:423951ms step_avg:188.34ms
step:2252/4740 train_time:424277ms step_avg:188.40ms
step:2253/4740 train_time:424453ms step_avg:188.39ms
step:2254/4740 train_time:424775ms step_avg:188.45ms
step:2255/4740 train_time:424952ms step_avg:188.45ms
step:2256/4740 train_time:425279ms step_avg:188.51ms
step:2257/4740 train_time:425457ms step_avg:188.51ms
step:2258/4740 train_time:425778ms step_avg:188.56ms
step:2259/4740 train_time:425959ms step_avg:188.56ms
step:2260/4740 train_time:426283ms step_avg:188.62ms
step:2261/4740 train_time:426468ms step_avg:188.62ms
step:2262/4740 train_time:426791ms step_avg:188.68ms
step:2263/4740 train_time:426970ms step_avg:188.67ms
step:2264/4740 train_time:427294ms step_avg:188.73ms
step:2265/4740 train_time:427475ms step_avg:188.73ms
step:2266/4740 train_time:427798ms step_avg:188.79ms
step:2267/4740 train_time:427975ms step_avg:188.78ms
step:2268/4740 train_time:428298ms step_avg:188.84ms
step:2269/4740 train_time:428483ms step_avg:188.84ms
step:2270/4740 train_time:428804ms step_avg:188.90ms
step:2271/4740 train_time:428984ms step_avg:188.90ms
step:2272/4740 train_time:429306ms step_avg:188.96ms
step:2273/4740 train_time:429487ms step_avg:188.95ms
step:2274/4740 train_time:429807ms step_avg:189.01ms
step:2275/4740 train_time:429986ms step_avg:189.00ms
step:2276/4740 train_time:430308ms step_avg:189.06ms
step:2277/4740 train_time:430487ms step_avg:189.06ms
step:2278/4740 train_time:430809ms step_avg:189.12ms
step:2279/4740 train_time:430986ms step_avg:189.11ms
step:2280/4740 train_time:431308ms step_avg:189.17ms
step:2281/4740 train_time:431494ms step_avg:189.17ms
step:2282/4740 train_time:431813ms step_avg:189.23ms
step:2283/4740 train_time:431995ms step_avg:189.22ms
step:2284/4740 train_time:432314ms step_avg:189.28ms
step:2285/4740 train_time:432496ms step_avg:189.28ms
step:2286/4740 train_time:432819ms step_avg:189.33ms
step:2287/4740 train_time:433000ms step_avg:189.33ms
step:2288/4740 train_time:433320ms step_avg:189.39ms
step:2289/4740 train_time:433501ms step_avg:189.38ms
step:2290/4740 train_time:433822ms step_avg:189.44ms
step:2291/4740 train_time:434004ms step_avg:189.44ms
step:2292/4740 train_time:434324ms step_avg:189.50ms
step:2293/4740 train_time:434509ms step_avg:189.49ms
step:2294/4740 train_time:434832ms step_avg:189.55ms
step:2295/4740 train_time:435012ms step_avg:189.55ms
step:2296/4740 train_time:435335ms step_avg:189.61ms
step:2297/4740 train_time:435513ms step_avg:189.60ms
step:2298/4740 train_time:435834ms step_avg:189.66ms
step:2299/4740 train_time:436016ms step_avg:189.65ms
step:2300/4740 train_time:436336ms step_avg:189.71ms
step:2301/4740 train_time:436519ms step_avg:189.71ms
step:2302/4740 train_time:436840ms step_avg:189.77ms
step:2303/4740 train_time:437024ms step_avg:189.76ms
step:2304/4740 train_time:437346ms step_avg:189.82ms
step:2305/4740 train_time:437528ms step_avg:189.82ms
step:2306/4740 train_time:437847ms step_avg:189.87ms
step:2307/4740 train_time:438029ms step_avg:189.87ms
step:2308/4740 train_time:438350ms step_avg:189.93ms
step:2309/4740 train_time:438534ms step_avg:189.92ms
step:2310/4740 train_time:438856ms step_avg:189.98ms
step:2311/4740 train_time:439037ms step_avg:189.98ms
step:2312/4740 train_time:439360ms step_avg:190.03ms
step:2313/4740 train_time:439541ms step_avg:190.03ms
step:2314/4740 train_time:439865ms step_avg:190.09ms
step:2315/4740 train_time:440042ms step_avg:190.08ms
step:2316/4740 train_time:440364ms step_avg:190.14ms
step:2317/4740 train_time:440544ms step_avg:190.14ms
step:2318/4740 train_time:440868ms step_avg:190.19ms
step:2319/4740 train_time:441047ms step_avg:190.19ms
step:2320/4740 train_time:441371ms step_avg:190.25ms
step:2321/4740 train_time:441549ms step_avg:190.24ms
step:2322/4740 train_time:441872ms step_avg:190.30ms
step:2323/4740 train_time:442051ms step_avg:190.29ms
step:2324/4740 train_time:442376ms step_avg:190.35ms
step:2325/4740 train_time:442559ms step_avg:190.35ms
step:2326/4740 train_time:442880ms step_avg:190.40ms
step:2327/4740 train_time:443063ms step_avg:190.40ms
step:2328/4740 train_time:443385ms step_avg:190.46ms
step:2329/4740 train_time:443569ms step_avg:190.45ms
step:2330/4740 train_time:443888ms step_avg:190.51ms
step:2331/4740 train_time:444066ms step_avg:190.50ms
step:2332/4740 train_time:444389ms step_avg:190.56ms
step:2333/4740 train_time:444570ms step_avg:190.56ms
step:2334/4740 train_time:444890ms step_avg:190.61ms
step:2335/4740 train_time:445070ms step_avg:190.61ms
step:2336/4740 train_time:445392ms step_avg:190.66ms
step:2337/4740 train_time:445573ms step_avg:190.66ms
step:2338/4740 train_time:445892ms step_avg:190.72ms
step:2339/4740 train_time:446077ms step_avg:190.71ms
step:2340/4740 train_time:446400ms step_avg:190.77ms
step:2341/4740 train_time:446581ms step_avg:190.76ms
step:2342/4740 train_time:446900ms step_avg:190.82ms
step:2343/4740 train_time:447082ms step_avg:190.82ms
step:2344/4740 train_time:447405ms step_avg:190.87ms
step:2345/4740 train_time:447587ms step_avg:190.87ms
step:2346/4740 train_time:447907ms step_avg:190.92ms
step:2347/4740 train_time:448089ms step_avg:190.92ms
step:2348/4740 train_time:448403ms step_avg:190.97ms
step:2349/4740 train_time:448588ms step_avg:190.97ms
step:2350/4740 train_time:448909ms step_avg:191.02ms
step:2351/4740 train_time:449088ms step_avg:191.02ms
step:2352/4740 train_time:449411ms step_avg:191.08ms
step:2353/4740 train_time:449592ms step_avg:191.07ms
step:2354/4740 train_time:449916ms step_avg:191.13ms
step:2355/4740 train_time:450094ms step_avg:191.12ms
step:2356/4740 train_time:450416ms step_avg:191.18ms
step:2357/4740 train_time:450599ms step_avg:191.17ms
step:2358/4740 train_time:450920ms step_avg:191.23ms
step:2359/4740 train_time:451110ms step_avg:191.23ms
step:2360/4740 train_time:451429ms step_avg:191.28ms
step:2361/4740 train_time:451614ms step_avg:191.28ms
step:2362/4740 train_time:451933ms step_avg:191.33ms
step:2363/4740 train_time:452115ms step_avg:191.33ms
step:2364/4740 train_time:452440ms step_avg:191.39ms
step:2365/4740 train_time:452621ms step_avg:191.38ms
step:2366/4740 train_time:452947ms step_avg:191.44ms
step:2367/4740 train_time:453128ms step_avg:191.44ms
step:2368/4740 train_time:453452ms step_avg:191.49ms
step:2369/4740 train_time:453634ms step_avg:191.49ms
step:2370/4740 train_time:453957ms step_avg:191.54ms
step:2371/4740 train_time:454140ms step_avg:191.54ms
step:2372/4740 train_time:454463ms step_avg:191.60ms
step:2373/4740 train_time:454646ms step_avg:191.59ms
step:2374/4740 train_time:454971ms step_avg:191.65ms
step:2375/4740 train_time:455150ms step_avg:191.64ms
step:2376/4740 train_time:455473ms step_avg:191.70ms
step:2377/4740 train_time:455655ms step_avg:191.69ms
step:2378/4740 train_time:455974ms step_avg:191.75ms
step:2379/4740 train_time:456161ms step_avg:191.74ms
step:2380/4740 train_time:456482ms step_avg:191.80ms
step:2381/4740 train_time:456668ms step_avg:191.80ms
step:2382/4740 train_time:456991ms step_avg:191.85ms
step:2383/4740 train_time:457176ms step_avg:191.85ms
step:2384/4740 train_time:457498ms step_avg:191.90ms
step:2385/4740 train_time:457682ms step_avg:191.90ms
step:2386/4740 train_time:458008ms step_avg:191.96ms
step:2387/4740 train_time:458187ms step_avg:191.95ms
step:2388/4740 train_time:458508ms step_avg:192.01ms
step:2389/4740 train_time:458690ms step_avg:192.00ms
step:2390/4740 train_time:459012ms step_avg:192.06ms
step:2391/4740 train_time:459194ms step_avg:192.05ms
step:2392/4740 train_time:459515ms step_avg:192.11ms
step:2393/4740 train_time:459697ms step_avg:192.10ms
step:2394/4740 train_time:460017ms step_avg:192.15ms
step:2395/4740 train_time:460199ms step_avg:192.15ms
step:2396/4740 train_time:460520ms step_avg:192.20ms
step:2397/4740 train_time:460705ms step_avg:192.20ms
step:2398/4740 train_time:461030ms step_avg:192.26ms
step:2399/4740 train_time:461213ms step_avg:192.25ms
step:2400/4740 train_time:461534ms step_avg:192.31ms
step:2401/4740 train_time:461711ms step_avg:192.30ms
step:2402/4740 train_time:462035ms step_avg:192.35ms
step:2403/4740 train_time:462220ms step_avg:192.35ms
step:2404/4740 train_time:462546ms step_avg:192.41ms
step:2405/4740 train_time:462728ms step_avg:192.40ms
step:2406/4740 train_time:463050ms step_avg:192.46ms
step:2407/4740 train_time:463230ms step_avg:192.45ms
step:2408/4740 train_time:463550ms step_avg:192.50ms
step:2409/4740 train_time:463731ms step_avg:192.50ms
step:2410/4740 train_time:464056ms step_avg:192.55ms
step:2411/4740 train_time:464235ms step_avg:192.55ms
step:2412/4740 train_time:464554ms step_avg:192.60ms
step:2413/4740 train_time:464739ms step_avg:192.60ms
step:2414/4740 train_time:465060ms step_avg:192.65ms
step:2415/4740 train_time:465243ms step_avg:192.65ms
step:2416/4740 train_time:465566ms step_avg:192.70ms
step:2417/4740 train_time:465745ms step_avg:192.70ms
step:2418/4740 train_time:466068ms step_avg:192.75ms
step:2419/4740 train_time:466248ms step_avg:192.74ms
step:2420/4740 train_time:466573ms step_avg:192.80ms
step:2421/4740 train_time:466754ms step_avg:192.79ms
step:2422/4740 train_time:467075ms step_avg:192.85ms
step:2423/4740 train_time:467261ms step_avg:192.84ms
step:2424/4740 train_time:467588ms step_avg:192.90ms
step:2425/4740 train_time:467775ms step_avg:192.90ms
step:2426/4740 train_time:468097ms step_avg:192.95ms
step:2427/4740 train_time:468278ms step_avg:192.95ms
step:2428/4740 train_time:468603ms step_avg:193.00ms
step:2429/4740 train_time:468784ms step_avg:192.99ms
step:2430/4740 train_time:469106ms step_avg:193.05ms
step:2431/4740 train_time:469288ms step_avg:193.04ms
step:2432/4740 train_time:469610ms step_avg:193.10ms
step:2433/4740 train_time:469794ms step_avg:193.09ms
step:2434/4740 train_time:470109ms step_avg:193.14ms
step:2435/4740 train_time:470298ms step_avg:193.14ms
step:2436/4740 train_time:470619ms step_avg:193.19ms
step:2437/4740 train_time:470801ms step_avg:193.19ms
step:2438/4740 train_time:471126ms step_avg:193.24ms
step:2439/4740 train_time:471309ms step_avg:193.24ms
step:2440/4740 train_time:471632ms step_avg:193.29ms
step:2441/4740 train_time:471811ms step_avg:193.29ms
step:2442/4740 train_time:472131ms step_avg:193.34ms
step:2443/4740 train_time:472316ms step_avg:193.33ms
step:2444/4740 train_time:472638ms step_avg:193.39ms
step:2445/4740 train_time:472822ms step_avg:193.38ms
step:2446/4740 train_time:473138ms step_avg:193.43ms
step:2447/4740 train_time:473322ms step_avg:193.43ms
step:2448/4740 train_time:473645ms step_avg:193.48ms
step:2449/4740 train_time:473826ms step_avg:193.48ms
step:2450/4740 train_time:474148ms step_avg:193.53ms
step:2451/4740 train_time:474330ms step_avg:193.53ms
step:2452/4740 train_time:474657ms step_avg:193.58ms
step:2453/4740 train_time:474840ms step_avg:193.58ms
step:2454/4740 train_time:475166ms step_avg:193.63ms
step:2455/4740 train_time:475346ms step_avg:193.62ms
step:2456/4740 train_time:475667ms step_avg:193.68ms
step:2457/4740 train_time:475850ms step_avg:193.67ms
step:2458/4740 train_time:476173ms step_avg:193.72ms
step:2459/4740 train_time:476351ms step_avg:193.72ms
step:2460/4740 train_time:476674ms step_avg:193.77ms
step:2461/4740 train_time:476855ms step_avg:193.76ms
step:2462/4740 train_time:477179ms step_avg:193.82ms
step:2463/4740 train_time:477359ms step_avg:193.81ms
step:2464/4740 train_time:477681ms step_avg:193.86ms
step:2465/4740 train_time:477863ms step_avg:193.86ms
step:2466/4740 train_time:478187ms step_avg:193.91ms
step:2467/4740 train_time:478367ms step_avg:193.91ms
step:2468/4740 train_time:478692ms step_avg:193.96ms
step:2469/4740 train_time:478874ms step_avg:193.95ms
step:2470/4740 train_time:479195ms step_avg:194.01ms
step:2471/4740 train_time:479376ms step_avg:194.00ms
step:2472/4740 train_time:479699ms step_avg:194.05ms
step:2473/4740 train_time:479881ms step_avg:194.05ms
step:2474/4740 train_time:480202ms step_avg:194.10ms
step:2475/4740 train_time:480386ms step_avg:194.10ms
step:2476/4740 train_time:480708ms step_avg:194.15ms
step:2477/4740 train_time:480888ms step_avg:194.14ms
step:2478/4740 train_time:481207ms step_avg:194.19ms
step:2479/4740 train_time:481387ms step_avg:194.19ms
step:2480/4740 train_time:481708ms step_avg:194.24ms
step:2481/4740 train_time:481894ms step_avg:194.23ms
step:2482/4740 train_time:482213ms step_avg:194.28ms
step:2483/4740 train_time:482398ms step_avg:194.28ms
step:2484/4740 train_time:482719ms step_avg:194.33ms
step:2485/4740 train_time:482905ms step_avg:194.33ms
step:2486/4740 train_time:483226ms step_avg:194.38ms
step:2487/4740 train_time:483408ms step_avg:194.37ms
step:2488/4740 train_time:483731ms step_avg:194.43ms
step:2489/4740 train_time:483911ms step_avg:194.42ms
step:2490/4740 train_time:484232ms step_avg:194.47ms
step:2491/4740 train_time:484414ms step_avg:194.47ms
step:2492/4740 train_time:484739ms step_avg:194.52ms
step:2493/4740 train_time:484920ms step_avg:194.51ms
step:2494/4740 train_time:485239ms step_avg:194.56ms
step:2495/4740 train_time:485421ms step_avg:194.56ms
step:2496/4740 train_time:485744ms step_avg:194.61ms
step:2497/4740 train_time:485926ms step_avg:194.60ms
step:2498/4740 train_time:486248ms step_avg:194.65ms
step:2499/4740 train_time:486430ms step_avg:194.65ms
step:2500/4740 train_time:486753ms step_avg:194.70ms
step:2500/4740 val_loss:3.1842 train_time:486881ms step_avg:194.75ms
step:2501/4740 train_time:486939ms step_avg:194.70ms
step:2502/4740 train_time:487273ms step_avg:194.75ms
step:2503/4740 train_time:487453ms step_avg:194.75ms
step:2504/4740 train_time:487771ms step_avg:194.80ms
step:2505/4740 train_time:487951ms step_avg:194.79ms
step:2506/4740 train_time:488277ms step_avg:194.84ms
step:2507/4740 train_time:488463ms step_avg:194.84ms
step:2508/4740 train_time:488783ms step_avg:194.89ms
step:2509/4740 train_time:488963ms step_avg:194.88ms
step:2510/4740 train_time:489289ms step_avg:194.94ms
step:2511/4740 train_time:489471ms step_avg:194.93ms
step:2512/4740 train_time:489789ms step_avg:194.98ms
step:2513/4740 train_time:489971ms step_avg:194.97ms
step:2514/4740 train_time:490295ms step_avg:195.03ms
step:2515/4740 train_time:490478ms step_avg:195.02ms
step:2516/4740 train_time:490795ms step_avg:195.07ms
step:2517/4740 train_time:490979ms step_avg:195.07ms
step:2518/4740 train_time:491304ms step_avg:195.12ms
step:2519/4740 train_time:491485ms step_avg:195.11ms
step:2520/4740 train_time:491805ms step_avg:195.16ms
step:2521/4740 train_time:491988ms step_avg:195.16ms
step:2522/4740 train_time:492311ms step_avg:195.21ms
step:2523/4740 train_time:492492ms step_avg:195.20ms
step:2524/4740 train_time:492815ms step_avg:195.25ms
step:2525/4740 train_time:492999ms step_avg:195.25ms
step:2526/4740 train_time:493323ms step_avg:195.30ms
step:2527/4740 train_time:493502ms step_avg:195.29ms
step:2528/4740 train_time:493825ms step_avg:195.34ms
step:2529/4740 train_time:494008ms step_avg:195.34ms
step:2530/4740 train_time:494331ms step_avg:195.39ms
step:2531/4740 train_time:494515ms step_avg:195.38ms
step:2532/4740 train_time:494837ms step_avg:195.43ms
step:2533/4740 train_time:495019ms step_avg:195.43ms
step:2534/4740 train_time:495344ms step_avg:195.48ms
step:2535/4740 train_time:495526ms step_avg:195.47ms
step:2536/4740 train_time:495852ms step_avg:195.53ms
step:2537/4740 train_time:496033ms step_avg:195.52ms
step:2538/4740 train_time:496354ms step_avg:195.57ms
step:2539/4740 train_time:496536ms step_avg:195.56ms
step:2540/4740 train_time:496859ms step_avg:195.61ms
step:2541/4740 train_time:497044ms step_avg:195.61ms
step:2542/4740 train_time:497363ms step_avg:195.66ms
step:2543/4740 train_time:497546ms step_avg:195.65ms
step:2544/4740 train_time:497866ms step_avg:195.70ms
step:2545/4740 train_time:498049ms step_avg:195.70ms
step:2546/4740 train_time:498373ms step_avg:195.75ms
step:2547/4740 train_time:498557ms step_avg:195.74ms
step:2548/4740 train_time:498882ms step_avg:195.79ms
step:2549/4740 train_time:499062ms step_avg:195.79ms
step:2550/4740 train_time:499387ms step_avg:195.84ms
step:2551/4740 train_time:499564ms step_avg:195.83ms
step:2552/4740 train_time:499888ms step_avg:195.88ms
step:2553/4740 train_time:500068ms step_avg:195.87ms
step:2554/4740 train_time:500392ms step_avg:195.92ms
step:2555/4740 train_time:500572ms step_avg:195.92ms
step:2556/4740 train_time:500894ms step_avg:195.97ms
step:2557/4740 train_time:501075ms step_avg:195.96ms
step:2558/4740 train_time:501403ms step_avg:196.01ms
step:2559/4740 train_time:501583ms step_avg:196.01ms
step:2560/4740 train_time:501903ms step_avg:196.06ms
step:2561/4740 train_time:502087ms step_avg:196.05ms
step:2562/4740 train_time:502409ms step_avg:196.10ms
step:2563/4740 train_time:502593ms step_avg:196.10ms
step:2564/4740 train_time:502913ms step_avg:196.14ms
step:2565/4740 train_time:503097ms step_avg:196.14ms
step:2566/4740 train_time:503422ms step_avg:196.19ms
step:2567/4740 train_time:503604ms step_avg:196.18ms
step:2568/4740 train_time:503926ms step_avg:196.23ms
step:2569/4740 train_time:504107ms step_avg:196.23ms
step:2570/4740 train_time:504431ms step_avg:196.28ms
step:2571/4740 train_time:504613ms step_avg:196.27ms
step:2572/4740 train_time:504941ms step_avg:196.32ms
step:2573/4740 train_time:505121ms step_avg:196.32ms
step:2574/4740 train_time:505446ms step_avg:196.37ms
step:2575/4740 train_time:505626ms step_avg:196.36ms
step:2576/4740 train_time:505947ms step_avg:196.41ms
step:2577/4740 train_time:506130ms step_avg:196.40ms
step:2578/4740 train_time:506450ms step_avg:196.45ms
step:2579/4740 train_time:506636ms step_avg:196.45ms
step:2580/4740 train_time:506957ms step_avg:196.49ms
step:2581/4740 train_time:507138ms step_avg:196.49ms
step:2582/4740 train_time:507456ms step_avg:196.54ms
step:2583/4740 train_time:507637ms step_avg:196.53ms
step:2584/4740 train_time:507958ms step_avg:196.58ms
step:2585/4740 train_time:508142ms step_avg:196.57ms
step:2586/4740 train_time:508464ms step_avg:196.62ms
step:2587/4740 train_time:508645ms step_avg:196.62ms
step:2588/4740 train_time:508967ms step_avg:196.66ms
step:2589/4740 train_time:509146ms step_avg:196.66ms
step:2590/4740 train_time:509468ms step_avg:196.71ms
step:2591/4740 train_time:509647ms step_avg:196.70ms
step:2592/4740 train_time:509969ms step_avg:196.75ms
step:2593/4740 train_time:510153ms step_avg:196.74ms
step:2594/4740 train_time:510472ms step_avg:196.79ms
step:2595/4740 train_time:510658ms step_avg:196.79ms
step:2596/4740 train_time:510979ms step_avg:196.83ms
step:2597/4740 train_time:511161ms step_avg:196.83ms
step:2598/4740 train_time:511482ms step_avg:196.88ms
step:2599/4740 train_time:511666ms step_avg:196.87ms
step:2600/4740 train_time:511989ms step_avg:196.92ms
step:2601/4740 train_time:512170ms step_avg:196.91ms
step:2602/4740 train_time:512492ms step_avg:196.96ms
step:2603/4740 train_time:512674ms step_avg:196.96ms
step:2604/4740 train_time:512998ms step_avg:197.00ms
step:2605/4740 train_time:513180ms step_avg:197.00ms
step:2606/4740 train_time:513500ms step_avg:197.05ms
step:2607/4740 train_time:513685ms step_avg:197.04ms
step:2608/4740 train_time:514008ms step_avg:197.09ms
step:2609/4740 train_time:514190ms step_avg:197.08ms
step:2610/4740 train_time:514514ms step_avg:197.13ms
step:2611/4740 train_time:514695ms step_avg:197.13ms
step:2612/4740 train_time:515018ms step_avg:197.17ms
step:2613/4740 train_time:515199ms step_avg:197.17ms
step:2614/4740 train_time:515520ms step_avg:197.21ms
step:2615/4740 train_time:515706ms step_avg:197.21ms
step:2616/4740 train_time:516024ms step_avg:197.26ms
step:2617/4740 train_time:516208ms step_avg:197.25ms
step:2618/4740 train_time:516527ms step_avg:197.30ms
step:2619/4740 train_time:516713ms step_avg:197.29ms
step:2620/4740 train_time:517032ms step_avg:197.34ms
step:2621/4740 train_time:517213ms step_avg:197.33ms
step:2622/4740 train_time:517538ms step_avg:197.38ms
step:2623/4740 train_time:517721ms step_avg:197.38ms
step:2624/4740 train_time:518043ms step_avg:197.42ms
step:2625/4740 train_time:518228ms step_avg:197.42ms
step:2626/4740 train_time:518545ms step_avg:197.47ms
step:2627/4740 train_time:518729ms step_avg:197.46ms
step:2628/4740 train_time:519054ms step_avg:197.51ms
step:2629/4740 train_time:519235ms step_avg:197.50ms
step:2630/4740 train_time:519562ms step_avg:197.55ms
step:2631/4740 train_time:519745ms step_avg:197.55ms
step:2632/4740 train_time:520066ms step_avg:197.59ms
step:2633/4740 train_time:520247ms step_avg:197.59ms
step:2634/4740 train_time:520566ms step_avg:197.63ms
step:2635/4740 train_time:520756ms step_avg:197.63ms
step:2636/4740 train_time:521077ms step_avg:197.68ms
step:2637/4740 train_time:521257ms step_avg:197.67ms
step:2638/4740 train_time:521581ms step_avg:197.72ms
step:2639/4740 train_time:521764ms step_avg:197.71ms
step:2640/4740 train_time:522084ms step_avg:197.76ms
step:2641/4740 train_time:522268ms step_avg:197.75ms
step:2642/4740 train_time:522589ms step_avg:197.80ms
step:2643/4740 train_time:522771ms step_avg:197.79ms
step:2644/4740 train_time:523091ms step_avg:197.84ms
step:2645/4740 train_time:523276ms step_avg:197.84ms
step:2646/4740 train_time:523595ms step_avg:197.88ms
step:2647/4740 train_time:523783ms step_avg:197.88ms
step:2648/4740 train_time:524103ms step_avg:197.92ms
step:2649/4740 train_time:524288ms step_avg:197.92ms
step:2650/4740 train_time:524610ms step_avg:197.97ms
step:2651/4740 train_time:524792ms step_avg:197.96ms
step:2652/4740 train_time:525111ms step_avg:198.01ms
step:2653/4740 train_time:525296ms step_avg:198.00ms
step:2654/4740 train_time:525621ms step_avg:198.05ms
step:2655/4740 train_time:525803ms step_avg:198.04ms
step:2656/4740 train_time:526125ms step_avg:198.09ms
step:2657/4740 train_time:526309ms step_avg:198.08ms
step:2658/4740 train_time:526629ms step_avg:198.13ms
step:2659/4740 train_time:526816ms step_avg:198.13ms
step:2660/4740 train_time:527135ms step_avg:198.17ms
step:2661/4740 train_time:527317ms step_avg:198.17ms
step:2662/4740 train_time:527637ms step_avg:198.21ms
step:2663/4740 train_time:527822ms step_avg:198.21ms
step:2664/4740 train_time:528143ms step_avg:198.25ms
step:2665/4740 train_time:528324ms step_avg:198.25ms
step:2666/4740 train_time:528651ms step_avg:198.29ms
step:2667/4740 train_time:528832ms step_avg:198.29ms
step:2668/4740 train_time:529154ms step_avg:198.33ms
step:2669/4740 train_time:529334ms step_avg:198.33ms
step:2670/4740 train_time:529656ms step_avg:198.37ms
step:2671/4740 train_time:529840ms step_avg:198.37ms
step:2672/4740 train_time:530162ms step_avg:198.41ms
step:2673/4740 train_time:530346ms step_avg:198.41ms
step:2674/4740 train_time:530667ms step_avg:198.45ms
step:2675/4740 train_time:530851ms step_avg:198.45ms
step:2676/4740 train_time:531169ms step_avg:198.49ms
step:2677/4740 train_time:531356ms step_avg:198.49ms
step:2678/4740 train_time:531680ms step_avg:198.54ms
step:2679/4740 train_time:531862ms step_avg:198.53ms
step:2680/4740 train_time:532185ms step_avg:198.58ms
step:2681/4740 train_time:532369ms step_avg:198.57ms
step:2682/4740 train_time:532691ms step_avg:198.62ms
step:2683/4740 train_time:532872ms step_avg:198.61ms
step:2684/4740 train_time:533197ms step_avg:198.66ms
step:2685/4740 train_time:533379ms step_avg:198.65ms
step:2686/4740 train_time:533701ms step_avg:198.70ms
step:2687/4740 train_time:533884ms step_avg:198.69ms
step:2688/4740 train_time:534206ms step_avg:198.74ms
step:2689/4740 train_time:534386ms step_avg:198.73ms
step:2690/4740 train_time:534710ms step_avg:198.78ms
step:2691/4740 train_time:534890ms step_avg:198.77ms
step:2692/4740 train_time:535211ms step_avg:198.82ms
step:2693/4740 train_time:535395ms step_avg:198.81ms
step:2694/4740 train_time:535718ms step_avg:198.86ms
step:2695/4740 train_time:535900ms step_avg:198.85ms
step:2696/4740 train_time:536223ms step_avg:198.90ms
step:2697/4740 train_time:536405ms step_avg:198.89ms
step:2698/4740 train_time:536727ms step_avg:198.94ms
step:2699/4740 train_time:536907ms step_avg:198.93ms
step:2700/4740 train_time:537229ms step_avg:198.97ms
step:2701/4740 train_time:537412ms step_avg:198.97ms
step:2702/4740 train_time:537734ms step_avg:199.01ms
step:2703/4740 train_time:537915ms step_avg:199.01ms
step:2704/4740 train_time:538238ms step_avg:199.05ms
step:2705/4740 train_time:538420ms step_avg:199.05ms
step:2706/4740 train_time:538746ms step_avg:199.09ms
step:2707/4740 train_time:538929ms step_avg:199.09ms
step:2708/4740 train_time:539251ms step_avg:199.13ms
step:2709/4740 train_time:539432ms step_avg:199.13ms
step:2710/4740 train_time:539754ms step_avg:199.17ms
step:2711/4740 train_time:539933ms step_avg:199.16ms
step:2712/4740 train_time:540258ms step_avg:199.21ms
step:2713/4740 train_time:540435ms step_avg:199.20ms
step:2714/4740 train_time:540759ms step_avg:199.25ms
step:2715/4740 train_time:540942ms step_avg:199.24ms
step:2716/4740 train_time:541266ms step_avg:199.29ms
step:2717/4740 train_time:541445ms step_avg:199.28ms
step:2718/4740 train_time:541766ms step_avg:199.33ms
step:2719/4740 train_time:541951ms step_avg:199.32ms
step:2720/4740 train_time:542271ms step_avg:199.36ms
step:2721/4740 train_time:542452ms step_avg:199.36ms
step:2722/4740 train_time:542769ms step_avg:199.40ms
step:2723/4740 train_time:542957ms step_avg:199.40ms
step:2724/4740 train_time:543277ms step_avg:199.44ms
step:2725/4740 train_time:543460ms step_avg:199.43ms
step:2726/4740 train_time:543783ms step_avg:199.48ms
step:2727/4740 train_time:543966ms step_avg:199.47ms
step:2728/4740 train_time:544289ms step_avg:199.52ms
step:2729/4740 train_time:544475ms step_avg:199.51ms
step:2730/4740 train_time:544796ms step_avg:199.56ms
step:2731/4740 train_time:544979ms step_avg:199.55ms
step:2732/4740 train_time:545302ms step_avg:199.60ms
step:2733/4740 train_time:545482ms step_avg:199.59ms
step:2734/4740 train_time:545805ms step_avg:199.64ms
step:2735/4740 train_time:545986ms step_avg:199.63ms
step:2736/4740 train_time:546309ms step_avg:199.67ms
step:2737/4740 train_time:546489ms step_avg:199.67ms
step:2738/4740 train_time:546811ms step_avg:199.71ms
step:2739/4740 train_time:546993ms step_avg:199.71ms
step:2740/4740 train_time:547315ms step_avg:199.75ms
step:2741/4740 train_time:547495ms step_avg:199.74ms
step:2742/4740 train_time:547814ms step_avg:199.79ms
step:2743/4740 train_time:547999ms step_avg:199.78ms
step:2744/4740 train_time:548322ms step_avg:199.83ms
step:2745/4740 train_time:548505ms step_avg:199.82ms
step:2746/4740 train_time:548828ms step_avg:199.86ms
step:2747/4740 train_time:549008ms step_avg:199.86ms
step:2748/4740 train_time:549331ms step_avg:199.90ms
step:2749/4740 train_time:549517ms step_avg:199.90ms
step:2750/4740 train_time:549837ms step_avg:199.94ms
step:2750/4740 val_loss:3.1495 train_time:549967ms step_avg:199.99ms
step:2751/4740 train_time:550023ms step_avg:199.94ms
step:2752/4740 train_time:550356ms step_avg:199.98ms
step:2753/4740 train_time:550541ms step_avg:199.98ms
step:2754/4740 train_time:550856ms step_avg:200.02ms
step:2755/4740 train_time:551038ms step_avg:200.01ms
step:2756/4740 train_time:551366ms step_avg:200.06ms
step:2757/4740 train_time:551554ms step_avg:200.06ms
step:2758/4740 train_time:551874ms step_avg:200.10ms
step:2759/4740 train_time:552058ms step_avg:200.09ms
step:2760/4740 train_time:552383ms step_avg:200.14ms
step:2761/4740 train_time:552566ms step_avg:200.13ms
step:2762/4740 train_time:552890ms step_avg:200.18ms
step:2763/4740 train_time:553073ms step_avg:200.17ms
step:2764/4740 train_time:553397ms step_avg:200.22ms
step:2765/4740 train_time:553582ms step_avg:200.21ms
step:2766/4740 train_time:553905ms step_avg:200.26ms
step:2767/4740 train_time:554089ms step_avg:200.25ms
step:2768/4740 train_time:554412ms step_avg:200.29ms
step:2769/4740 train_time:554592ms step_avg:200.29ms
step:2770/4740 train_time:554915ms step_avg:200.33ms
step:2771/4740 train_time:555097ms step_avg:200.32ms
step:2772/4740 train_time:555422ms step_avg:200.37ms
step:2773/4740 train_time:555607ms step_avg:200.36ms
step:2774/4740 train_time:555932ms step_avg:200.41ms
step:2775/4740 train_time:556111ms step_avg:200.40ms
step:2776/4740 train_time:556437ms step_avg:200.45ms
step:2777/4740 train_time:556617ms step_avg:200.44ms
step:2778/4740 train_time:556938ms step_avg:200.48ms
step:2779/4740 train_time:557120ms step_avg:200.47ms
step:2780/4740 train_time:557443ms step_avg:200.52ms
step:2781/4740 train_time:557627ms step_avg:200.51ms
step:2782/4740 train_time:557951ms step_avg:200.56ms
step:2783/4740 train_time:558131ms step_avg:200.55ms
step:2784/4740 train_time:558456ms step_avg:200.59ms
step:2785/4740 train_time:558640ms step_avg:200.59ms
step:2786/4740 train_time:558962ms step_avg:200.63ms
step:2787/4740 train_time:559145ms step_avg:200.63ms
step:2788/4740 train_time:559467ms step_avg:200.67ms
step:2789/4740 train_time:559653ms step_avg:200.66ms
step:2790/4740 train_time:559973ms step_avg:200.71ms
step:2791/4740 train_time:560159ms step_avg:200.70ms
step:2792/4740 train_time:560483ms step_avg:200.75ms
step:2793/4740 train_time:560668ms step_avg:200.74ms
step:2794/4740 train_time:560990ms step_avg:200.78ms
step:2795/4740 train_time:561172ms step_avg:200.78ms
step:2796/4740 train_time:561496ms step_avg:200.82ms
step:2797/4740 train_time:561675ms step_avg:200.81ms
step:2798/4740 train_time:562001ms step_avg:200.86ms
step:2799/4740 train_time:562184ms step_avg:200.85ms
step:2800/4740 train_time:562507ms step_avg:200.90ms
step:2801/4740 train_time:562690ms step_avg:200.89ms
step:2802/4740 train_time:563012ms step_avg:200.93ms
step:2803/4740 train_time:563197ms step_avg:200.93ms
step:2804/4740 train_time:563519ms step_avg:200.97ms
step:2805/4740 train_time:563701ms step_avg:200.96ms
step:2806/4740 train_time:564027ms step_avg:201.01ms
step:2807/4740 train_time:564211ms step_avg:201.00ms
step:2808/4740 train_time:564532ms step_avg:201.04ms
step:2809/4740 train_time:564716ms step_avg:201.04ms
step:2810/4740 train_time:565041ms step_avg:201.08ms
step:2811/4740 train_time:565218ms step_avg:201.07ms
step:2812/4740 train_time:565539ms step_avg:201.12ms
step:2813/4740 train_time:565722ms step_avg:201.11ms
step:2814/4740 train_time:566049ms step_avg:201.15ms
step:2815/4740 train_time:566232ms step_avg:201.15ms
step:2816/4740 train_time:566552ms step_avg:201.19ms
step:2817/4740 train_time:566732ms step_avg:201.18ms
step:2818/4740 train_time:567055ms step_avg:201.23ms
step:2819/4740 train_time:567236ms step_avg:201.22ms
step:2820/4740 train_time:567561ms step_avg:201.26ms
step:2821/4740 train_time:567743ms step_avg:201.26ms
step:2822/4740 train_time:568066ms step_avg:201.30ms
step:2823/4740 train_time:568250ms step_avg:201.29ms
step:2824/4740 train_time:568574ms step_avg:201.34ms
step:2825/4740 train_time:568752ms step_avg:201.33ms
step:2826/4740 train_time:569073ms step_avg:201.37ms
step:2827/4740 train_time:569261ms step_avg:201.37ms
step:2828/4740 train_time:569582ms step_avg:201.41ms
step:2829/4740 train_time:569768ms step_avg:201.40ms
step:2830/4740 train_time:570092ms step_avg:201.45ms
step:2831/4740 train_time:570273ms step_avg:201.44ms
step:2832/4740 train_time:570597ms step_avg:201.48ms
step:2833/4740 train_time:570780ms step_avg:201.48ms
step:2834/4740 train_time:571104ms step_avg:201.52ms
step:2835/4740 train_time:571287ms step_avg:201.51ms
step:2836/4740 train_time:571612ms step_avg:201.56ms
step:2837/4740 train_time:571793ms step_avg:201.55ms
step:2838/4740 train_time:572114ms step_avg:201.59ms
step:2839/4740 train_time:572297ms step_avg:201.58ms
step:2840/4740 train_time:572621ms step_avg:201.63ms
step:2841/4740 train_time:572803ms step_avg:201.62ms
step:2842/4740 train_time:573126ms step_avg:201.66ms
step:2843/4740 train_time:573309ms step_avg:201.66ms
step:2844/4740 train_time:573632ms step_avg:201.70ms
step:2845/4740 train_time:573815ms step_avg:201.69ms
step:2846/4740 train_time:574137ms step_avg:201.73ms
step:2847/4740 train_time:574320ms step_avg:201.73ms
step:2848/4740 train_time:574641ms step_avg:201.77ms
step:2849/4740 train_time:574827ms step_avg:201.76ms
step:2850/4740 train_time:575152ms step_avg:201.81ms
step:2851/4740 train_time:575335ms step_avg:201.80ms
step:2852/4740 train_time:575656ms step_avg:201.84ms
step:2853/4740 train_time:575842ms step_avg:201.84ms
step:2854/4740 train_time:576165ms step_avg:201.88ms
step:2855/4740 train_time:576347ms step_avg:201.87ms
step:2856/4740 train_time:576668ms step_avg:201.91ms
step:2857/4740 train_time:576850ms step_avg:201.91ms
step:2858/4740 train_time:577174ms step_avg:201.95ms
step:2859/4740 train_time:577357ms step_avg:201.94ms
step:2860/4740 train_time:577682ms step_avg:201.99ms
step:2861/4740 train_time:577865ms step_avg:201.98ms
step:2862/4740 train_time:578185ms step_avg:202.02ms
step:2863/4740 train_time:578367ms step_avg:202.01ms
step:2864/4740 train_time:578690ms step_avg:202.06ms
step:2865/4740 train_time:578869ms step_avg:202.05ms
step:2866/4740 train_time:579191ms step_avg:202.09ms
step:2867/4740 train_time:579375ms step_avg:202.08ms
step:2868/4740 train_time:579697ms step_avg:202.13ms
step:2869/4740 train_time:579879ms step_avg:202.12ms
step:2870/4740 train_time:580203ms step_avg:202.16ms
step:2871/4740 train_time:580388ms step_avg:202.16ms
step:2872/4740 train_time:580711ms step_avg:202.20ms
step:2873/4740 train_time:580894ms step_avg:202.19ms
step:2874/4740 train_time:581212ms step_avg:202.23ms
step:2875/4740 train_time:581395ms step_avg:202.22ms
step:2876/4740 train_time:581715ms step_avg:202.27ms
step:2877/4740 train_time:581899ms step_avg:202.26ms
step:2878/4740 train_time:582217ms step_avg:202.30ms
step:2879/4740 train_time:582403ms step_avg:202.29ms
step:2880/4740 train_time:582727ms step_avg:202.34ms
step:2881/4740 train_time:582907ms step_avg:202.33ms
step:2882/4740 train_time:583230ms step_avg:202.37ms
step:2883/4740 train_time:583414ms step_avg:202.36ms
step:2884/4740 train_time:583737ms step_avg:202.41ms
step:2885/4740 train_time:583920ms step_avg:202.40ms
step:2886/4740 train_time:584241ms step_avg:202.44ms
step:2887/4740 train_time:584423ms step_avg:202.43ms
step:2888/4740 train_time:584747ms step_avg:202.47ms
step:2889/4740 train_time:584932ms step_avg:202.47ms
step:2890/4740 train_time:585253ms step_avg:202.51ms
step:2891/4740 train_time:585436ms step_avg:202.50ms
step:2892/4740 train_time:585761ms step_avg:202.55ms
step:2893/4740 train_time:585944ms step_avg:202.54ms
step:2894/4740 train_time:586266ms step_avg:202.58ms
step:2895/4740 train_time:586452ms step_avg:202.57ms
step:2896/4740 train_time:586773ms step_avg:202.61ms
step:2897/4740 train_time:586957ms step_avg:202.61ms
step:2898/4740 train_time:587275ms step_avg:202.65ms
step:2899/4740 train_time:587460ms step_avg:202.64ms
step:2900/4740 train_time:587779ms step_avg:202.68ms
step:2901/4740 train_time:587963ms step_avg:202.68ms
step:2902/4740 train_time:588286ms step_avg:202.72ms
step:2903/4740 train_time:588466ms step_avg:202.71ms
step:2904/4740 train_time:588785ms step_avg:202.75ms
step:2905/4740 train_time:588970ms step_avg:202.74ms
step:2906/4740 train_time:589295ms step_avg:202.79ms
step:2907/4740 train_time:589476ms step_avg:202.78ms
step:2908/4740 train_time:589795ms step_avg:202.82ms
step:2909/4740 train_time:589976ms step_avg:202.81ms
step:2910/4740 train_time:590303ms step_avg:202.85ms
step:2911/4740 train_time:590486ms step_avg:202.85ms
step:2912/4740 train_time:590806ms step_avg:202.89ms
step:2913/4740 train_time:590987ms step_avg:202.88ms
step:2914/4740 train_time:591314ms step_avg:202.92ms
step:2915/4740 train_time:591499ms step_avg:202.92ms
step:2916/4740 train_time:591821ms step_avg:202.96ms
step:2917/4740 train_time:592004ms step_avg:202.95ms
step:2918/4740 train_time:592326ms step_avg:202.99ms
step:2919/4740 train_time:592512ms step_avg:202.98ms
step:2920/4740 train_time:592833ms step_avg:203.02ms
step:2921/4740 train_time:593016ms step_avg:203.02ms
step:2922/4740 train_time:593337ms step_avg:203.06ms
step:2923/4740 train_time:593522ms step_avg:203.05ms
step:2924/4740 train_time:593847ms step_avg:203.09ms
step:2925/4740 train_time:594032ms step_avg:203.09ms
step:2926/4740 train_time:594357ms step_avg:203.13ms
step:2927/4740 train_time:594543ms step_avg:203.12ms
step:2928/4740 train_time:594865ms step_avg:203.16ms
step:2929/4740 train_time:595047ms step_avg:203.16ms
step:2930/4740 train_time:595368ms step_avg:203.20ms
step:2931/4740 train_time:595552ms step_avg:203.19ms
step:2932/4740 train_time:595874ms step_avg:203.23ms
step:2933/4740 train_time:596059ms step_avg:203.23ms
step:2934/4740 train_time:596377ms step_avg:203.26ms
step:2935/4740 train_time:596563ms step_avg:203.26ms
step:2936/4740 train_time:596886ms step_avg:203.30ms
step:2937/4740 train_time:597069ms step_avg:203.29ms
step:2938/4740 train_time:597393ms step_avg:203.33ms
step:2939/4740 train_time:597573ms step_avg:203.33ms
step:2940/4740 train_time:597897ms step_avg:203.37ms
step:2941/4740 train_time:598078ms step_avg:203.36ms
step:2942/4740 train_time:598400ms step_avg:203.40ms
step:2943/4740 train_time:598587ms step_avg:203.39ms
step:2944/4740 train_time:598910ms step_avg:203.43ms
step:2945/4740 train_time:599093ms step_avg:203.43ms
step:2946/4740 train_time:599416ms step_avg:203.47ms
step:2947/4740 train_time:599596ms step_avg:203.46ms
step:2948/4740 train_time:599921ms step_avg:203.50ms
step:2949/4740 train_time:600106ms step_avg:203.49ms
step:2950/4740 train_time:600427ms step_avg:203.53ms
step:2951/4740 train_time:600610ms step_avg:203.53ms
step:2952/4740 train_time:600936ms step_avg:203.57ms
step:2953/4740 train_time:601117ms step_avg:203.56ms
step:2954/4740 train_time:601437ms step_avg:203.60ms
step:2955/4740 train_time:601621ms step_avg:203.59ms
step:2956/4740 train_time:601944ms step_avg:203.63ms
step:2957/4740 train_time:602128ms step_avg:203.63ms
step:2958/4740 train_time:602452ms step_avg:203.67ms
step:2959/4740 train_time:602635ms step_avg:203.66ms
step:2960/4740 train_time:602955ms step_avg:203.70ms
step:2961/4740 train_time:603138ms step_avg:203.69ms
step:2962/4740 train_time:603462ms step_avg:203.73ms
step:2963/4740 train_time:603644ms step_avg:203.73ms
step:2964/4740 train_time:603965ms step_avg:203.77ms
step:2965/4740 train_time:604148ms step_avg:203.76ms
step:2966/4740 train_time:604471ms step_avg:203.80ms
step:2967/4740 train_time:604656ms step_avg:203.79ms
step:2968/4740 train_time:604980ms step_avg:203.83ms
step:2969/4740 train_time:605165ms step_avg:203.83ms
step:2970/4740 train_time:605490ms step_avg:203.87ms
step:2971/4740 train_time:605671ms step_avg:203.86ms
step:2972/4740 train_time:605995ms step_avg:203.90ms
step:2973/4740 train_time:606174ms step_avg:203.89ms
step:2974/4740 train_time:606498ms step_avg:203.93ms
step:2975/4740 train_time:606680ms step_avg:203.93ms
step:2976/4740 train_time:607003ms step_avg:203.97ms
step:2977/4740 train_time:607186ms step_avg:203.96ms
step:2978/4740 train_time:607510ms step_avg:204.00ms
step:2979/4740 train_time:607694ms step_avg:203.99ms
step:2980/4740 train_time:608018ms step_avg:204.03ms
step:2981/4740 train_time:608196ms step_avg:204.02ms
step:2982/4740 train_time:608522ms step_avg:204.06ms
step:2983/4740 train_time:608703ms step_avg:204.06ms
step:2984/4740 train_time:609025ms step_avg:204.10ms
step:2985/4740 train_time:609211ms step_avg:204.09ms
step:2986/4740 train_time:609535ms step_avg:204.13ms
step:2987/4740 train_time:609717ms step_avg:204.12ms
step:2988/4740 train_time:610037ms step_avg:204.16ms
step:2989/4740 train_time:610224ms step_avg:204.16ms
step:2990/4740 train_time:610546ms step_avg:204.20ms
step:2991/4740 train_time:610727ms step_avg:204.19ms
step:2992/4740 train_time:611050ms step_avg:204.23ms
step:2993/4740 train_time:611233ms step_avg:204.22ms
step:2994/4740 train_time:611556ms step_avg:204.26ms
step:2995/4740 train_time:611739ms step_avg:204.25ms
step:2996/4740 train_time:612056ms step_avg:204.29ms
step:2997/4740 train_time:612245ms step_avg:204.29ms
step:2998/4740 train_time:612569ms step_avg:204.33ms
step:2999/4740 train_time:612750ms step_avg:204.32ms
step:3000/4740 train_time:613073ms step_avg:204.36ms
step:3000/4740 val_loss:3.1162 train_time:613199ms step_avg:204.40ms
step:3001/4740 train_time:613256ms step_avg:204.35ms
step:3002/4740 train_time:613582ms step_avg:204.39ms
step:3003/4740 train_time:613767ms step_avg:204.38ms
step:3004/4740 train_time:614086ms step_avg:204.42ms
step:3005/4740 train_time:614270ms step_avg:204.42ms
step:3006/4740 train_time:614594ms step_avg:204.46ms
step:3007/4740 train_time:614779ms step_avg:204.45ms
step:3008/4740 train_time:615100ms step_avg:204.49ms
step:3009/4740 train_time:615281ms step_avg:204.48ms
step:3010/4740 train_time:615605ms step_avg:204.52ms
step:3011/4740 train_time:615794ms step_avg:204.51ms
step:3012/4740 train_time:616115ms step_avg:204.55ms
step:3013/4740 train_time:616297ms step_avg:204.55ms
step:3014/4740 train_time:616620ms step_avg:204.59ms
step:3015/4740 train_time:616806ms step_avg:204.58ms
step:3016/4740 train_time:617129ms step_avg:204.62ms
step:3017/4740 train_time:617313ms step_avg:204.61ms
step:3018/4740 train_time:617637ms step_avg:204.65ms
step:3019/4740 train_time:617820ms step_avg:204.64ms
step:3020/4740 train_time:618143ms step_avg:204.68ms
step:3021/4740 train_time:618319ms step_avg:204.67ms
step:3022/4740 train_time:618641ms step_avg:204.71ms
step:3023/4740 train_time:618826ms step_avg:204.71ms
step:3024/4740 train_time:619149ms step_avg:204.75ms
step:3025/4740 train_time:619331ms step_avg:204.74ms
step:3026/4740 train_time:619655ms step_avg:204.78ms
step:3027/4740 train_time:619839ms step_avg:204.77ms
step:3028/4740 train_time:620161ms step_avg:204.81ms
step:3029/4740 train_time:620340ms step_avg:204.80ms
step:3030/4740 train_time:620665ms step_avg:204.84ms
step:3031/4740 train_time:620847ms step_avg:204.83ms
step:3032/4740 train_time:621172ms step_avg:204.87ms
step:3033/4740 train_time:621352ms step_avg:204.86ms
step:3034/4740 train_time:621675ms step_avg:204.90ms
step:3035/4740 train_time:621858ms step_avg:204.90ms
step:3036/4740 train_time:622179ms step_avg:204.93ms
step:3037/4740 train_time:622361ms step_avg:204.93ms
step:3038/4740 train_time:622681ms step_avg:204.96ms
step:3039/4740 train_time:622867ms step_avg:204.96ms
step:3040/4740 train_time:623189ms step_avg:205.00ms
step:3041/4740 train_time:623370ms step_avg:204.99ms
step:3042/4740 train_time:623694ms step_avg:205.03ms
step:3043/4740 train_time:623874ms step_avg:205.02ms
step:3044/4740 train_time:624199ms step_avg:205.06ms
step:3045/4740 train_time:624380ms step_avg:205.05ms
step:3046/4740 train_time:624706ms step_avg:205.09ms
step:3047/4740 train_time:624887ms step_avg:205.08ms
step:3048/4740 train_time:625210ms step_avg:205.12ms
step:3049/4740 train_time:625392ms step_avg:205.11ms
step:3050/4740 train_time:625717ms step_avg:205.15ms
step:3051/4740 train_time:625898ms step_avg:205.15ms
step:3052/4740 train_time:626218ms step_avg:205.18ms
step:3053/4740 train_time:626401ms step_avg:205.18ms
step:3054/4740 train_time:626723ms step_avg:205.21ms
step:3055/4740 train_time:626905ms step_avg:205.21ms
step:3056/4740 train_time:627229ms step_avg:205.25ms
step:3057/4740 train_time:627410ms step_avg:205.24ms
step:3058/4740 train_time:627731ms step_avg:205.28ms
step:3059/4740 train_time:627912ms step_avg:205.27ms
step:3060/4740 train_time:628233ms step_avg:205.30ms
step:3061/4740 train_time:628418ms step_avg:205.30ms
step:3062/4740 train_time:628743ms step_avg:205.34ms
step:3063/4740 train_time:628922ms step_avg:205.33ms
step:3064/4740 train_time:629245ms step_avg:205.37ms
step:3065/4740 train_time:629426ms step_avg:205.36ms
step:3066/4740 train_time:629749ms step_avg:205.40ms
step:3067/4740 train_time:629931ms step_avg:205.39ms
step:3068/4740 train_time:630252ms step_avg:205.43ms
step:3069/4740 train_time:630435ms step_avg:205.42ms
step:3070/4740 train_time:630759ms step_avg:205.46ms
step:3071/4740 train_time:630943ms step_avg:205.45ms
step:3072/4740 train_time:631268ms step_avg:205.49ms
step:3073/4740 train_time:631448ms step_avg:205.48ms
step:3074/4740 train_time:631771ms step_avg:205.52ms
step:3075/4740 train_time:631953ms step_avg:205.51ms
step:3076/4740 train_time:632274ms step_avg:205.55ms
step:3077/4740 train_time:632458ms step_avg:205.54ms
step:3078/4740 train_time:632782ms step_avg:205.58ms
step:3079/4740 train_time:632963ms step_avg:205.57ms
step:3080/4740 train_time:633288ms step_avg:205.61ms
step:3081/4740 train_time:633469ms step_avg:205.60ms
step:3082/4740 train_time:633789ms step_avg:205.64ms
step:3083/4740 train_time:633970ms step_avg:205.63ms
step:3084/4740 train_time:634296ms step_avg:205.67ms
step:3085/4740 train_time:634476ms step_avg:205.66ms
step:3086/4740 train_time:634801ms step_avg:205.70ms
step:3087/4740 train_time:634980ms step_avg:205.69ms
step:3088/4740 train_time:635304ms step_avg:205.73ms
step:3089/4740 train_time:635489ms step_avg:205.73ms
step:3090/4740 train_time:635814ms step_avg:205.77ms
step:3091/4740 train_time:635993ms step_avg:205.76ms
step:3092/4740 train_time:636320ms step_avg:205.80ms
step:3093/4740 train_time:636501ms step_avg:205.79ms
step:3094/4740 train_time:636820ms step_avg:205.82ms
step:3095/4740 train_time:637002ms step_avg:205.82ms
step:3096/4740 train_time:637324ms step_avg:205.85ms
step:3097/4740 train_time:637505ms step_avg:205.85ms
step:3098/4740 train_time:637828ms step_avg:205.88ms
step:3099/4740 train_time:638012ms step_avg:205.88ms
step:3100/4740 train_time:638336ms step_avg:205.91ms
step:3101/4740 train_time:638517ms step_avg:205.91ms
step:3102/4740 train_time:638838ms step_avg:205.94ms
step:3103/4740 train_time:639021ms step_avg:205.94ms
step:3104/4740 train_time:639343ms step_avg:205.97ms
step:3105/4740 train_time:639523ms step_avg:205.97ms
step:3106/4740 train_time:639846ms step_avg:206.00ms
step:3107/4740 train_time:640031ms step_avg:206.00ms
step:3108/4740 train_time:640355ms step_avg:206.03ms
step:3109/4740 train_time:640538ms step_avg:206.03ms
step:3110/4740 train_time:640862ms step_avg:206.06ms
step:3111/4740 train_time:641046ms step_avg:206.06ms
step:3112/4740 train_time:641372ms step_avg:206.10ms
step:3113/4740 train_time:641551ms step_avg:206.09ms
step:3114/4740 train_time:641872ms step_avg:206.12ms
step:3115/4740 train_time:642058ms step_avg:206.12ms
step:3116/4740 train_time:642379ms step_avg:206.16ms
step:3117/4740 train_time:642562ms step_avg:206.15ms
step:3118/4740 train_time:642884ms step_avg:206.18ms
step:3119/4740 train_time:643065ms step_avg:206.18ms
step:3120/4740 train_time:643386ms step_avg:206.21ms
step:3121/4740 train_time:643566ms step_avg:206.21ms
step:3122/4740 train_time:643890ms step_avg:206.24ms
step:3123/4740 train_time:644073ms step_avg:206.24ms
step:3124/4740 train_time:644395ms step_avg:206.27ms
step:3125/4740 train_time:644577ms step_avg:206.26ms
step:3126/4740 train_time:644899ms step_avg:206.30ms
step:3127/4740 train_time:645080ms step_avg:206.29ms
step:3128/4740 train_time:645408ms step_avg:206.33ms
step:3129/4740 train_time:645592ms step_avg:206.33ms
step:3130/4740 train_time:645916ms step_avg:206.36ms
step:3131/4740 train_time:646103ms step_avg:206.36ms
step:3132/4740 train_time:646426ms step_avg:206.39ms
step:3133/4740 train_time:646609ms step_avg:206.39ms
step:3134/4740 train_time:646932ms step_avg:206.42ms
step:3135/4740 train_time:647117ms step_avg:206.42ms
step:3136/4740 train_time:647439ms step_avg:206.45ms
step:3137/4740 train_time:647624ms step_avg:206.45ms
step:3138/4740 train_time:647943ms step_avg:206.48ms
step:3139/4740 train_time:648132ms step_avg:206.48ms
step:3140/4740 train_time:648452ms step_avg:206.51ms
step:3141/4740 train_time:648634ms step_avg:206.51ms
step:3142/4740 train_time:648961ms step_avg:206.54ms
step:3143/4740 train_time:649144ms step_avg:206.54ms
step:3144/4740 train_time:649465ms step_avg:206.57ms
step:3145/4740 train_time:649652ms step_avg:206.57ms
step:3146/4740 train_time:649977ms step_avg:206.60ms
step:3147/4740 train_time:650156ms step_avg:206.60ms
step:3148/4740 train_time:650478ms step_avg:206.63ms
step:3149/4740 train_time:650662ms step_avg:206.62ms
step:3150/4740 train_time:650983ms step_avg:206.66ms
step:3151/4740 train_time:651165ms step_avg:206.65ms
step:3152/4740 train_time:651488ms step_avg:206.69ms
step:3153/4740 train_time:651672ms step_avg:206.68ms
step:3154/4740 train_time:651998ms step_avg:206.72ms
step:3155/4740 train_time:652180ms step_avg:206.71ms
step:3156/4740 train_time:652503ms step_avg:206.75ms
step:3157/4740 train_time:652685ms step_avg:206.74ms
step:3158/4740 train_time:653006ms step_avg:206.78ms
step:3159/4740 train_time:653193ms step_avg:206.77ms
step:3160/4740 train_time:653515ms step_avg:206.81ms
step:3161/4740 train_time:653703ms step_avg:206.80ms
step:3162/4740 train_time:654025ms step_avg:206.84ms
step:3163/4740 train_time:654210ms step_avg:206.83ms
step:3164/4740 train_time:654538ms step_avg:206.87ms
step:3165/4740 train_time:654719ms step_avg:206.86ms
step:3166/4740 train_time:655040ms step_avg:206.90ms
step:3167/4740 train_time:655226ms step_avg:206.89ms
step:3168/4740 train_time:655547ms step_avg:206.93ms
step:3169/4740 train_time:655731ms step_avg:206.92ms
step:3170/4740 train_time:656051ms step_avg:206.96ms
step:3171/4740 train_time:656236ms step_avg:206.95ms
step:3172/4740 train_time:656559ms step_avg:206.99ms
step:3173/4740 train_time:656741ms step_avg:206.98ms
step:3174/4740 train_time:657060ms step_avg:207.01ms
step:3175/4740 train_time:657242ms step_avg:207.01ms
step:3176/4740 train_time:657567ms step_avg:207.04ms
step:3177/4740 train_time:657749ms step_avg:207.03ms
step:3178/4740 train_time:658076ms step_avg:207.07ms
step:3179/4740 train_time:658257ms step_avg:207.06ms
step:3180/4740 train_time:658582ms step_avg:207.10ms
step:3181/4740 train_time:658764ms step_avg:207.09ms
step:3182/4740 train_time:659085ms step_avg:207.13ms
step:3183/4740 train_time:659270ms step_avg:207.12ms
step:3184/4740 train_time:659599ms step_avg:207.16ms
step:3185/4740 train_time:659778ms step_avg:207.15ms
step:3186/4740 train_time:660103ms step_avg:207.19ms
step:3187/4740 train_time:660283ms step_avg:207.18ms
step:3188/4740 train_time:660608ms step_avg:207.22ms
step:3189/4740 train_time:660792ms step_avg:207.21ms
step:3190/4740 train_time:661120ms step_avg:207.25ms
step:3191/4740 train_time:661300ms step_avg:207.24ms
step:3192/4740 train_time:661623ms step_avg:207.28ms
step:3193/4740 train_time:661799ms step_avg:207.27ms
step:3194/4740 train_time:662126ms step_avg:207.30ms
step:3195/4740 train_time:662310ms step_avg:207.30ms
step:3196/4740 train_time:662635ms step_avg:207.33ms
step:3197/4740 train_time:662817ms step_avg:207.32ms
step:3198/4740 train_time:663143ms step_avg:207.36ms
step:3199/4740 train_time:663327ms step_avg:207.35ms
step:3200/4740 train_time:663646ms step_avg:207.39ms
step:3201/4740 train_time:663830ms step_avg:207.38ms
step:3202/4740 train_time:664152ms step_avg:207.42ms
step:3203/4740 train_time:664336ms step_avg:207.41ms
step:3204/4740 train_time:664659ms step_avg:207.45ms
step:3205/4740 train_time:664839ms step_avg:207.44ms
step:3206/4740 train_time:665162ms step_avg:207.47ms
step:3207/4740 train_time:665350ms step_avg:207.47ms
step:3208/4740 train_time:665671ms step_avg:207.50ms
step:3209/4740 train_time:665856ms step_avg:207.50ms
step:3210/4740 train_time:666180ms step_avg:207.53ms
step:3211/4740 train_time:666360ms step_avg:207.52ms
step:3212/4740 train_time:666681ms step_avg:207.56ms
step:3213/4740 train_time:666864ms step_avg:207.55ms
step:3214/4740 train_time:667187ms step_avg:207.59ms
step:3215/4740 train_time:667370ms step_avg:207.58ms
step:3216/4740 train_time:667693ms step_avg:207.62ms
step:3217/4740 train_time:667877ms step_avg:207.61ms
step:3218/4740 train_time:668199ms step_avg:207.64ms
step:3219/4740 train_time:668383ms step_avg:207.64ms
step:3220/4740 train_time:668707ms step_avg:207.67ms
step:3221/4740 train_time:668888ms step_avg:207.66ms
step:3222/4740 train_time:669213ms step_avg:207.70ms
step:3223/4740 train_time:669396ms step_avg:207.69ms
step:3224/4740 train_time:669719ms step_avg:207.73ms
step:3225/4740 train_time:669906ms step_avg:207.72ms
step:3226/4740 train_time:670231ms step_avg:207.76ms
step:3227/4740 train_time:670414ms step_avg:207.75ms
step:3228/4740 train_time:670737ms step_avg:207.79ms
step:3229/4740 train_time:670921ms step_avg:207.78ms
step:3230/4740 train_time:671247ms step_avg:207.82ms
step:3231/4740 train_time:671427ms step_avg:207.81ms
step:3232/4740 train_time:671753ms step_avg:207.84ms
step:3233/4740 train_time:671938ms step_avg:207.84ms
step:3234/4740 train_time:672263ms step_avg:207.87ms
step:3235/4740 train_time:672444ms step_avg:207.87ms
step:3236/4740 train_time:672766ms step_avg:207.90ms
step:3237/4740 train_time:672947ms step_avg:207.89ms
step:3238/4740 train_time:673271ms step_avg:207.93ms
step:3239/4740 train_time:673456ms step_avg:207.92ms
step:3240/4740 train_time:673778ms step_avg:207.96ms
step:3241/4740 train_time:673964ms step_avg:207.95ms
step:3242/4740 train_time:674285ms step_avg:207.98ms
step:3243/4740 train_time:674470ms step_avg:207.98ms
step:3244/4740 train_time:674793ms step_avg:208.01ms
step:3245/4740 train_time:674978ms step_avg:208.01ms
step:3246/4740 train_time:675304ms step_avg:208.04ms
step:3247/4740 train_time:675486ms step_avg:208.03ms
step:3248/4740 train_time:675808ms step_avg:208.07ms
step:3249/4740 train_time:675991ms step_avg:208.06ms
step:3250/4740 train_time:676319ms step_avg:208.10ms
step:3250/4740 val_loss:3.0832 train_time:676447ms step_avg:208.14ms
step:3251/4740 train_time:676504ms step_avg:208.09ms
step:3252/4740 train_time:676833ms step_avg:208.13ms
step:3253/4740 train_time:677014ms step_avg:208.12ms
step:3254/4740 train_time:677329ms step_avg:208.15ms
step:3255/4740 train_time:677515ms step_avg:208.15ms
step:3256/4740 train_time:677842ms step_avg:208.18ms
step:3257/4740 train_time:678029ms step_avg:208.18ms
step:3258/4740 train_time:678348ms step_avg:208.21ms
step:3259/4740 train_time:678528ms step_avg:208.20ms
step:3260/4740 train_time:678853ms step_avg:208.24ms
step:3261/4740 train_time:679037ms step_avg:208.23ms
step:3262/4740 train_time:679360ms step_avg:208.26ms
step:3263/4740 train_time:679541ms step_avg:208.26ms
step:3264/4740 train_time:679868ms step_avg:208.29ms
step:3265/4740 train_time:680053ms step_avg:208.29ms
step:3266/4740 train_time:680373ms step_avg:208.32ms
step:3267/4740 train_time:680556ms step_avg:208.31ms
step:3268/4740 train_time:680882ms step_avg:208.35ms
step:3269/4740 train_time:681063ms step_avg:208.34ms
step:3270/4740 train_time:681387ms step_avg:208.38ms
step:3271/4740 train_time:681566ms step_avg:208.37ms
step:3272/4740 train_time:681888ms step_avg:208.40ms
step:3273/4740 train_time:682072ms step_avg:208.39ms
step:3274/4740 train_time:682395ms step_avg:208.43ms
step:3275/4740 train_time:682575ms step_avg:208.42ms
step:3276/4740 train_time:682901ms step_avg:208.46ms
step:3277/4740 train_time:683085ms step_avg:208.45ms
step:3278/4740 train_time:683410ms step_avg:208.48ms
step:3279/4740 train_time:683589ms step_avg:208.47ms
step:3280/4740 train_time:683912ms step_avg:208.51ms
step:3281/4740 train_time:684094ms step_avg:208.50ms
step:3282/4740 train_time:684416ms step_avg:208.54ms
step:3283/4740 train_time:684596ms step_avg:208.53ms
step:3284/4740 train_time:684921ms step_avg:208.56ms
step:3285/4740 train_time:685105ms step_avg:208.56ms
step:3286/4740 train_time:685427ms step_avg:208.59ms
step:3287/4740 train_time:685610ms step_avg:208.58ms
step:3288/4740 train_time:685935ms step_avg:208.62ms
step:3289/4740 train_time:686117ms step_avg:208.61ms
step:3290/4740 train_time:686440ms step_avg:208.64ms
step:3291/4740 train_time:686623ms step_avg:208.64ms
step:3292/4740 train_time:686948ms step_avg:208.67ms
step:3293/4740 train_time:687126ms step_avg:208.66ms
step:3294/4740 train_time:687450ms step_avg:208.70ms
step:3295/4740 train_time:687629ms step_avg:208.69ms
step:3296/4740 train_time:687953ms step_avg:208.72ms
step:3297/4740 train_time:688137ms step_avg:208.72ms
step:3298/4740 train_time:688460ms step_avg:208.75ms
step:3299/4740 train_time:688641ms step_avg:208.74ms
step:3300/4740 train_time:688966ms step_avg:208.78ms
step:3301/4740 train_time:689145ms step_avg:208.77ms
step:3302/4740 train_time:689468ms step_avg:208.80ms
step:3303/4740 train_time:689649ms step_avg:208.79ms
step:3304/4740 train_time:689974ms step_avg:208.83ms
step:3305/4740 train_time:690154ms step_avg:208.82ms
step:3306/4740 train_time:690479ms step_avg:208.86ms
step:3307/4740 train_time:690662ms step_avg:208.85ms
step:3308/4740 train_time:690988ms step_avg:208.88ms
step:3309/4740 train_time:691169ms step_avg:208.88ms
step:3310/4740 train_time:691490ms step_avg:208.91ms
step:3311/4740 train_time:691672ms step_avg:208.90ms
step:3312/4740 train_time:691994ms step_avg:208.94ms
step:3313/4740 train_time:692174ms step_avg:208.93ms
step:3314/4740 train_time:692501ms step_avg:208.96ms
step:3315/4740 train_time:692681ms step_avg:208.95ms
step:3316/4740 train_time:693007ms step_avg:208.99ms
step:3317/4740 train_time:693190ms step_avg:208.98ms
step:3318/4740 train_time:693513ms step_avg:209.02ms
step:3319/4740 train_time:693697ms step_avg:209.01ms
step:3320/4740 train_time:694018ms step_avg:209.04ms
step:3321/4740 train_time:694203ms step_avg:209.03ms
step:3322/4740 train_time:694523ms step_avg:209.07ms
step:3323/4740 train_time:694709ms step_avg:209.06ms
step:3324/4740 train_time:695031ms step_avg:209.09ms
step:3325/4740 train_time:695215ms step_avg:209.09ms
step:3326/4740 train_time:695535ms step_avg:209.12ms
step:3327/4740 train_time:695723ms step_avg:209.11ms
step:3328/4740 train_time:696046ms step_avg:209.15ms
step:3329/4740 train_time:696228ms step_avg:209.14ms
step:3330/4740 train_time:696548ms step_avg:209.17ms
step:3331/4740 train_time:696732ms step_avg:209.17ms
step:3332/4740 train_time:697055ms step_avg:209.20ms
step:3333/4740 train_time:697241ms step_avg:209.19ms
step:3334/4740 train_time:697568ms step_avg:209.23ms
step:3335/4740 train_time:697746ms step_avg:209.22ms
step:3336/4740 train_time:698071ms step_avg:209.25ms
step:3337/4740 train_time:698251ms step_avg:209.24ms
step:3338/4740 train_time:698573ms step_avg:209.28ms
step:3339/4740 train_time:698756ms step_avg:209.27ms
step:3340/4740 train_time:699079ms step_avg:209.31ms
step:3341/4740 train_time:699262ms step_avg:209.30ms
step:3342/4740 train_time:699587ms step_avg:209.33ms
step:3343/4740 train_time:699770ms step_avg:209.32ms
step:3344/4740 train_time:700092ms step_avg:209.36ms
step:3345/4740 train_time:700274ms step_avg:209.35ms
step:3346/4740 train_time:700596ms step_avg:209.38ms
step:3347/4740 train_time:700780ms step_avg:209.38ms
step:3348/4740 train_time:701103ms step_avg:209.41ms
step:3349/4740 train_time:701288ms step_avg:209.40ms
step:3350/4740 train_time:701617ms step_avg:209.44ms
step:3351/4740 train_time:701802ms step_avg:209.43ms
step:3352/4740 train_time:702124ms step_avg:209.46ms
step:3353/4740 train_time:702307ms step_avg:209.46ms
step:3354/4740 train_time:702632ms step_avg:209.49ms
step:3355/4740 train_time:702814ms step_avg:209.48ms
step:3356/4740 train_time:703140ms step_avg:209.52ms
step:3357/4740 train_time:703324ms step_avg:209.51ms
step:3358/4740 train_time:703648ms step_avg:209.54ms
step:3359/4740 train_time:703829ms step_avg:209.54ms
step:3360/4740 train_time:704154ms step_avg:209.57ms
step:3361/4740 train_time:704338ms step_avg:209.56ms
step:3362/4740 train_time:704661ms step_avg:209.60ms
step:3363/4740 train_time:704845ms step_avg:209.59ms
step:3364/4740 train_time:705171ms step_avg:209.62ms
step:3365/4740 train_time:705356ms step_avg:209.62ms
step:3366/4740 train_time:705676ms step_avg:209.65ms
step:3367/4740 train_time:705857ms step_avg:209.64ms
step:3368/4740 train_time:706183ms step_avg:209.67ms
step:3369/4740 train_time:706364ms step_avg:209.67ms
step:3370/4740 train_time:706687ms step_avg:209.70ms
step:3371/4740 train_time:706869ms step_avg:209.69ms
step:3372/4740 train_time:707191ms step_avg:209.72ms
step:3373/4740 train_time:707374ms step_avg:209.72ms
step:3374/4740 train_time:707694ms step_avg:209.75ms
step:3375/4740 train_time:707877ms step_avg:209.74ms
step:3376/4740 train_time:708199ms step_avg:209.77ms
step:3377/4740 train_time:708383ms step_avg:209.77ms
step:3378/4740 train_time:708708ms step_avg:209.80ms
step:3379/4740 train_time:708889ms step_avg:209.79ms
step:3380/4740 train_time:709211ms step_avg:209.83ms
step:3381/4740 train_time:709395ms step_avg:209.82ms
step:3382/4740 train_time:709721ms step_avg:209.85ms
step:3383/4740 train_time:709902ms step_avg:209.84ms
step:3384/4740 train_time:710228ms step_avg:209.88ms
step:3385/4740 train_time:710409ms step_avg:209.87ms
step:3386/4740 train_time:710731ms step_avg:209.90ms
step:3387/4740 train_time:710918ms step_avg:209.90ms
step:3388/4740 train_time:711241ms step_avg:209.93ms
step:3389/4740 train_time:711425ms step_avg:209.92ms
step:3390/4740 train_time:711749ms step_avg:209.96ms
step:3391/4740 train_time:711931ms step_avg:209.95ms
step:3392/4740 train_time:712253ms step_avg:209.98ms
step:3393/4740 train_time:712435ms step_avg:209.97ms
step:3394/4740 train_time:712758ms step_avg:210.01ms
step:3395/4740 train_time:712948ms step_avg:210.00ms
step:3396/4740 train_time:713271ms step_avg:210.03ms
step:3397/4740 train_time:713457ms step_avg:210.03ms
step:3398/4740 train_time:713779ms step_avg:210.06ms
step:3399/4740 train_time:713961ms step_avg:210.05ms
step:3400/4740 train_time:714288ms step_avg:210.08ms
step:3401/4740 train_time:714473ms step_avg:210.08ms
step:3402/4740 train_time:714794ms step_avg:210.11ms
step:3403/4740 train_time:714978ms step_avg:210.10ms
step:3404/4740 train_time:715308ms step_avg:210.14ms
step:3405/4740 train_time:715489ms step_avg:210.13ms
step:3406/4740 train_time:715813ms step_avg:210.16ms
step:3407/4740 train_time:715994ms step_avg:210.15ms
step:3408/4740 train_time:716316ms step_avg:210.19ms
step:3409/4740 train_time:716500ms step_avg:210.18ms
step:3410/4740 train_time:716823ms step_avg:210.21ms
step:3411/4740 train_time:717005ms step_avg:210.20ms
step:3412/4740 train_time:717334ms step_avg:210.24ms
step:3413/4740 train_time:717514ms step_avg:210.23ms
step:3414/4740 train_time:717839ms step_avg:210.26ms
step:3415/4740 train_time:718019ms step_avg:210.25ms
step:3416/4740 train_time:718348ms step_avg:210.29ms
step:3417/4740 train_time:718531ms step_avg:210.28ms
step:3418/4740 train_time:718848ms step_avg:210.31ms
step:3419/4740 train_time:719030ms step_avg:210.30ms
step:3420/4740 train_time:719358ms step_avg:210.34ms
step:3421/4740 train_time:719541ms step_avg:210.33ms
step:3422/4740 train_time:719864ms step_avg:210.36ms
step:3423/4740 train_time:720048ms step_avg:210.36ms
step:3424/4740 train_time:720373ms step_avg:210.39ms
step:3425/4740 train_time:720555ms step_avg:210.38ms
step:3426/4740 train_time:720876ms step_avg:210.41ms
step:3427/4740 train_time:721057ms step_avg:210.40ms
step:3428/4740 train_time:721381ms step_avg:210.44ms
step:3429/4740 train_time:721564ms step_avg:210.43ms
step:3430/4740 train_time:721887ms step_avg:210.46ms
step:3431/4740 train_time:722069ms step_avg:210.45ms
step:3432/4740 train_time:722393ms step_avg:210.49ms
step:3433/4740 train_time:722578ms step_avg:210.48ms
step:3434/4740 train_time:722899ms step_avg:210.51ms
step:3435/4740 train_time:723081ms step_avg:210.50ms
step:3436/4740 train_time:723401ms step_avg:210.54ms
step:3437/4740 train_time:723585ms step_avg:210.53ms
step:3438/4740 train_time:723908ms step_avg:210.56ms
step:3439/4740 train_time:724090ms step_avg:210.55ms
step:3440/4740 train_time:724414ms step_avg:210.59ms
step:3441/4740 train_time:724600ms step_avg:210.58ms
step:3442/4740 train_time:724921ms step_avg:210.61ms
step:3443/4740 train_time:725101ms step_avg:210.60ms
step:3444/4740 train_time:725427ms step_avg:210.63ms
step:3445/4740 train_time:725612ms step_avg:210.63ms
step:3446/4740 train_time:725936ms step_avg:210.66ms
step:3447/4740 train_time:726118ms step_avg:210.65ms
step:3448/4740 train_time:726442ms step_avg:210.69ms
step:3449/4740 train_time:726627ms step_avg:210.68ms
step:3450/4740 train_time:726948ms step_avg:210.71ms
step:3451/4740 train_time:727138ms step_avg:210.70ms
step:3452/4740 train_time:727462ms step_avg:210.74ms
step:3453/4740 train_time:727646ms step_avg:210.73ms
step:3454/4740 train_time:727968ms step_avg:210.76ms
step:3455/4740 train_time:728152ms step_avg:210.75ms
step:3456/4740 train_time:728476ms step_avg:210.79ms
step:3457/4740 train_time:728654ms step_avg:210.78ms
step:3458/4740 train_time:728979ms step_avg:210.81ms
step:3459/4740 train_time:729163ms step_avg:210.80ms
step:3460/4740 train_time:729488ms step_avg:210.83ms
step:3461/4740 train_time:729668ms step_avg:210.83ms
step:3462/4740 train_time:729992ms step_avg:210.86ms
step:3463/4740 train_time:730172ms step_avg:210.85ms
step:3464/4740 train_time:730499ms step_avg:210.88ms
step:3465/4740 train_time:730678ms step_avg:210.87ms
step:3466/4740 train_time:731003ms step_avg:210.91ms
step:3467/4740 train_time:731184ms step_avg:210.90ms
step:3468/4740 train_time:731509ms step_avg:210.93ms
step:3469/4740 train_time:731693ms step_avg:210.92ms
step:3470/4740 train_time:732014ms step_avg:210.95ms
step:3471/4740 train_time:732196ms step_avg:210.95ms
step:3472/4740 train_time:732521ms step_avg:210.98ms
step:3473/4740 train_time:732706ms step_avg:210.97ms
step:3474/4740 train_time:733027ms step_avg:211.00ms
step:3475/4740 train_time:733210ms step_avg:211.00ms
step:3476/4740 train_time:733532ms step_avg:211.03ms
step:3477/4740 train_time:733719ms step_avg:211.02ms
step:3478/4740 train_time:734045ms step_avg:211.05ms
step:3479/4740 train_time:734230ms step_avg:211.05ms
step:3480/4740 train_time:734555ms step_avg:211.08ms
step:3481/4740 train_time:734733ms step_avg:211.07ms
step:3482/4740 train_time:735057ms step_avg:211.10ms
step:3483/4740 train_time:735239ms step_avg:211.09ms
step:3484/4740 train_time:735568ms step_avg:211.13ms
step:3485/4740 train_time:735750ms step_avg:211.12ms
step:3486/4740 train_time:736068ms step_avg:211.15ms
step:3487/4740 train_time:736252ms step_avg:211.14ms
step:3488/4740 train_time:736578ms step_avg:211.17ms
step:3489/4740 train_time:736758ms step_avg:211.17ms
step:3490/4740 train_time:737079ms step_avg:211.20ms
step:3491/4740 train_time:737263ms step_avg:211.19ms
step:3492/4740 train_time:737589ms step_avg:211.22ms
step:3493/4740 train_time:737770ms step_avg:211.21ms
step:3494/4740 train_time:738095ms step_avg:211.25ms
step:3495/4740 train_time:738277ms step_avg:211.24ms
step:3496/4740 train_time:738600ms step_avg:211.27ms
step:3497/4740 train_time:738784ms step_avg:211.26ms
step:3498/4740 train_time:739105ms step_avg:211.29ms
step:3499/4740 train_time:739287ms step_avg:211.29ms
step:3500/4740 train_time:739614ms step_avg:211.32ms
step:3500/4740 val_loss:3.0494 train_time:739737ms step_avg:211.35ms
step:3501/4740 train_time:739795ms step_avg:211.31ms
step:3502/4740 train_time:740124ms step_avg:211.34ms
step:3503/4740 train_time:740302ms step_avg:211.33ms
step:3504/4740 train_time:740620ms step_avg:211.36ms
step:3505/4740 train_time:740799ms step_avg:211.35ms
step:3506/4740 train_time:741128ms step_avg:211.39ms
step:3507/4740 train_time:741315ms step_avg:211.38ms
step:3508/4740 train_time:741635ms step_avg:211.41ms
step:3509/4740 train_time:741814ms step_avg:211.40ms
step:3510/4740 train_time:742141ms step_avg:211.44ms
step:3511/4740 train_time:742326ms step_avg:211.43ms
step:3512/4740 train_time:742649ms step_avg:211.46ms
step:3513/4740 train_time:742831ms step_avg:211.45ms
step:3514/4740 train_time:743154ms step_avg:211.48ms
step:3515/4740 train_time:743340ms step_avg:211.48ms
step:3516/4740 train_time:743660ms step_avg:211.51ms
step:3517/4740 train_time:743843ms step_avg:211.50ms
step:3518/4740 train_time:744164ms step_avg:211.53ms
step:3519/4740 train_time:744352ms step_avg:211.52ms
step:3520/4740 train_time:744674ms step_avg:211.56ms
step:3521/4740 train_time:744855ms step_avg:211.55ms
step:3522/4740 train_time:745180ms step_avg:211.58ms
step:3523/4740 train_time:745362ms step_avg:211.57ms
step:3524/4740 train_time:745688ms step_avg:211.60ms
step:3525/4740 train_time:745866ms step_avg:211.59ms
step:3526/4740 train_time:746193ms step_avg:211.63ms
step:3527/4740 train_time:746376ms step_avg:211.62ms
step:3528/4740 train_time:746695ms step_avg:211.65ms
step:3529/4740 train_time:746880ms step_avg:211.64ms
step:3530/4740 train_time:747200ms step_avg:211.67ms
step:3531/4740 train_time:747384ms step_avg:211.66ms
step:3532/4740 train_time:747705ms step_avg:211.69ms
step:3533/4740 train_time:747888ms step_avg:211.69ms
step:3534/4740 train_time:748213ms step_avg:211.72ms
step:3535/4740 train_time:748397ms step_avg:211.71ms
step:3536/4740 train_time:748724ms step_avg:211.74ms
step:3537/4740 train_time:748904ms step_avg:211.73ms
step:3538/4740 train_time:749227ms step_avg:211.77ms
step:3539/4740 train_time:749411ms step_avg:211.76ms
step:3540/4740 train_time:749732ms step_avg:211.79ms
step:3541/4740 train_time:749916ms step_avg:211.78ms
step:3542/4740 train_time:750241ms step_avg:211.81ms
step:3543/4740 train_time:750422ms step_avg:211.80ms
step:3544/4740 train_time:750742ms step_avg:211.83ms
step:3545/4740 train_time:750924ms step_avg:211.83ms
step:3546/4740 train_time:751250ms step_avg:211.86ms
step:3547/4740 train_time:751436ms step_avg:211.85ms
step:3548/4740 train_time:751758ms step_avg:211.88ms
step:3549/4740 train_time:751937ms step_avg:211.87ms
step:3550/4740 train_time:752263ms step_avg:211.91ms
step:3551/4740 train_time:752444ms step_avg:211.90ms
step:3552/4740 train_time:752770ms step_avg:211.93ms
step:3553/4740 train_time:752952ms step_avg:211.92ms
step:3554/4740 train_time:753274ms step_avg:211.95ms
step:3555/4740 train_time:753457ms step_avg:211.94ms
step:3556/4740 train_time:753784ms step_avg:211.98ms
step:3557/4740 train_time:753967ms step_avg:211.97ms
step:3558/4740 train_time:754294ms step_avg:212.00ms
step:3559/4740 train_time:754475ms step_avg:211.99ms
step:3560/4740 train_time:754795ms step_avg:212.02ms
step:3561/4740 train_time:754978ms step_avg:212.01ms
step:3562/4740 train_time:755298ms step_avg:212.04ms
step:3563/4740 train_time:755483ms step_avg:212.04ms
step:3564/4740 train_time:755802ms step_avg:212.07ms
step:3565/4740 train_time:755986ms step_avg:212.06ms
step:3566/4740 train_time:756309ms step_avg:212.09ms
step:3567/4740 train_time:756493ms step_avg:212.08ms
step:3568/4740 train_time:756815ms step_avg:212.11ms
step:3569/4740 train_time:756994ms step_avg:212.10ms
step:3570/4740 train_time:757318ms step_avg:212.13ms
step:3571/4740 train_time:757499ms step_avg:212.13ms
step:3572/4740 train_time:757824ms step_avg:212.16ms
step:3573/4740 train_time:758004ms step_avg:212.15ms
step:3574/4740 train_time:758330ms step_avg:212.18ms
step:3575/4740 train_time:758513ms step_avg:212.17ms
step:3576/4740 train_time:758832ms step_avg:212.20ms
step:3577/4740 train_time:759019ms step_avg:212.19ms
step:3578/4740 train_time:759345ms step_avg:212.23ms
step:3579/4740 train_time:759528ms step_avg:212.22ms
step:3580/4740 train_time:759852ms step_avg:212.25ms
step:3581/4740 train_time:760040ms step_avg:212.24ms
step:3582/4740 train_time:760364ms step_avg:212.27ms
step:3583/4740 train_time:760548ms step_avg:212.27ms
step:3584/4740 train_time:760870ms step_avg:212.30ms
step:3585/4740 train_time:761054ms step_avg:212.29ms
step:3586/4740 train_time:761376ms step_avg:212.32ms
step:3587/4740 train_time:761558ms step_avg:212.31ms
step:3588/4740 train_time:761880ms step_avg:212.34ms
step:3589/4740 train_time:762065ms step_avg:212.33ms
step:3590/4740 train_time:762386ms step_avg:212.36ms
step:3591/4740 train_time:762572ms step_avg:212.36ms
step:3592/4740 train_time:762894ms step_avg:212.39ms
step:3593/4740 train_time:763078ms step_avg:212.38ms
step:3594/4740 train_time:763403ms step_avg:212.41ms
step:3595/4740 train_time:763584ms step_avg:212.40ms
step:3596/4740 train_time:763907ms step_avg:212.43ms
step:3597/4740 train_time:764092ms step_avg:212.42ms
step:3598/4740 train_time:764418ms step_avg:212.46ms
step:3599/4740 train_time:764599ms step_avg:212.45ms
step:3600/4740 train_time:764922ms step_avg:212.48ms
step:3601/4740 train_time:765102ms step_avg:212.47ms
step:3602/4740 train_time:765427ms step_avg:212.50ms
step:3603/4740 train_time:765613ms step_avg:212.49ms
step:3604/4740 train_time:765937ms step_avg:212.52ms
step:3605/4740 train_time:766120ms step_avg:212.52ms
step:3606/4740 train_time:766443ms step_avg:212.55ms
step:3607/4740 train_time:766626ms step_avg:212.54ms
step:3608/4740 train_time:766950ms step_avg:212.57ms
step:3609/4740 train_time:767132ms step_avg:212.56ms
step:3610/4740 train_time:767455ms step_avg:212.59ms
step:3611/4740 train_time:767640ms step_avg:212.58ms
step:3612/4740 train_time:767960ms step_avg:212.61ms
step:3613/4740 train_time:768143ms step_avg:212.61ms
step:3614/4740 train_time:768467ms step_avg:212.64ms
step:3615/4740 train_time:768652ms step_avg:212.63ms
step:3616/4740 train_time:768977ms step_avg:212.66ms
step:3617/4740 train_time:769164ms step_avg:212.65ms
step:3618/4740 train_time:769488ms step_avg:212.68ms
step:3619/4740 train_time:769668ms step_avg:212.67ms
step:3620/4740 train_time:769992ms step_avg:212.70ms
step:3621/4740 train_time:770173ms step_avg:212.70ms
step:3622/4740 train_time:770494ms step_avg:212.73ms
step:3623/4740 train_time:770681ms step_avg:212.72ms
step:3624/4740 train_time:771004ms step_avg:212.75ms
step:3625/4740 train_time:771187ms step_avg:212.74ms
step:3626/4740 train_time:771506ms step_avg:212.77ms
step:3627/4740 train_time:771694ms step_avg:212.76ms
step:3628/4740 train_time:772019ms step_avg:212.79ms
step:3629/4740 train_time:772203ms step_avg:212.79ms
step:3630/4740 train_time:772524ms step_avg:212.82ms
step:3631/4740 train_time:772711ms step_avg:212.81ms
step:3632/4740 train_time:773038ms step_avg:212.84ms
step:3633/4740 train_time:773219ms step_avg:212.83ms
step:3634/4740 train_time:773540ms step_avg:212.86ms
step:3635/4740 train_time:773723ms step_avg:212.85ms
step:3636/4740 train_time:774047ms step_avg:212.88ms
step:3637/4740 train_time:774232ms step_avg:212.88ms
step:3638/4740 train_time:774554ms step_avg:212.91ms
step:3639/4740 train_time:774736ms step_avg:212.90ms
step:3640/4740 train_time:775057ms step_avg:212.93ms
step:3641/4740 train_time:775240ms step_avg:212.92ms
step:3642/4740 train_time:775560ms step_avg:212.95ms
step:3643/4740 train_time:775746ms step_avg:212.94ms
step:3644/4740 train_time:776071ms step_avg:212.97ms
step:3645/4740 train_time:776255ms step_avg:212.96ms
step:3646/4740 train_time:776576ms step_avg:212.99ms
step:3647/4740 train_time:776761ms step_avg:212.99ms
step:3648/4740 train_time:777086ms step_avg:213.02ms
step:3649/4740 train_time:777270ms step_avg:213.01ms
step:3650/4740 train_time:777593ms step_avg:213.04ms
step:3651/4740 train_time:777777ms step_avg:213.03ms
step:3652/4740 train_time:778099ms step_avg:213.06ms
step:3653/4740 train_time:778282ms step_avg:213.05ms
step:3654/4740 train_time:778603ms step_avg:213.08ms
step:3655/4740 train_time:778786ms step_avg:213.07ms
step:3656/4740 train_time:779109ms step_avg:213.10ms
step:3657/4740 train_time:779288ms step_avg:213.10ms
step:3658/4740 train_time:779611ms step_avg:213.12ms
step:3659/4740 train_time:779794ms step_avg:213.12ms
step:3660/4740 train_time:780118ms step_avg:213.15ms
step:3661/4740 train_time:780304ms step_avg:213.14ms
step:3662/4740 train_time:780629ms step_avg:213.17ms
step:3663/4740 train_time:780811ms step_avg:213.16ms
step:3664/4740 train_time:781137ms step_avg:213.19ms
step:3665/4740 train_time:781325ms step_avg:213.19ms
step:3666/4740 train_time:781645ms step_avg:213.21ms
step:3667/4740 train_time:781831ms step_avg:213.21ms
step:3668/4740 train_time:782154ms step_avg:213.24ms
step:3669/4740 train_time:782333ms step_avg:213.23ms
step:3670/4740 train_time:782653ms step_avg:213.26ms
step:3671/4740 train_time:782841ms step_avg:213.25ms
step:3672/4740 train_time:783161ms step_avg:213.28ms
step:3673/4740 train_time:783343ms step_avg:213.27ms
step:3674/4740 train_time:783661ms step_avg:213.30ms
step:3675/4740 train_time:783847ms step_avg:213.29ms
step:3676/4740 train_time:784169ms step_avg:213.32ms
step:3677/4740 train_time:784353ms step_avg:213.31ms
step:3678/4740 train_time:784677ms step_avg:213.34ms
step:3679/4740 train_time:784862ms step_avg:213.34ms
step:3680/4740 train_time:785188ms step_avg:213.37ms
step:3681/4740 train_time:785372ms step_avg:213.36ms
step:3682/4740 train_time:785694ms step_avg:213.39ms
step:3683/4740 train_time:785876ms step_avg:213.38ms
step:3684/4740 train_time:786199ms step_avg:213.41ms
step:3685/4740 train_time:786380ms step_avg:213.40ms
step:3686/4740 train_time:786702ms step_avg:213.43ms
step:3687/4740 train_time:786889ms step_avg:213.42ms
step:3688/4740 train_time:787212ms step_avg:213.45ms
step:3689/4740 train_time:787393ms step_avg:213.44ms
step:3690/4740 train_time:787714ms step_avg:213.47ms
step:3691/4740 train_time:787901ms step_avg:213.47ms
step:3692/4740 train_time:788218ms step_avg:213.49ms
step:3693/4740 train_time:788403ms step_avg:213.49ms
step:3694/4740 train_time:788728ms step_avg:213.52ms
step:3695/4740 train_time:788914ms step_avg:213.51ms
step:3696/4740 train_time:789232ms step_avg:213.54ms
step:3697/4740 train_time:789417ms step_avg:213.53ms
step:3698/4740 train_time:789738ms step_avg:213.56ms
step:3699/4740 train_time:789921ms step_avg:213.55ms
step:3700/4740 train_time:790242ms step_avg:213.58ms
step:3701/4740 train_time:790428ms step_avg:213.57ms
step:3702/4740 train_time:790750ms step_avg:213.60ms
step:3703/4740 train_time:790935ms step_avg:213.59ms
step:3704/4740 train_time:791255ms step_avg:213.62ms
step:3705/4740 train_time:791439ms step_avg:213.61ms
step:3706/4740 train_time:791760ms step_avg:213.64ms
step:3707/4740 train_time:791946ms step_avg:213.64ms
step:3708/4740 train_time:792273ms step_avg:213.67ms
step:3709/4740 train_time:792452ms step_avg:213.66ms
step:3710/4740 train_time:792776ms step_avg:213.69ms
step:3711/4740 train_time:792956ms step_avg:213.68ms
step:3712/4740 train_time:793281ms step_avg:213.71ms
step:3713/4740 train_time:793462ms step_avg:213.70ms
step:3714/4740 train_time:793789ms step_avg:213.73ms
step:3715/4740 train_time:793967ms step_avg:213.72ms
step:3716/4740 train_time:794294ms step_avg:213.75ms
step:3717/4740 train_time:794475ms step_avg:213.74ms
step:3718/4740 train_time:794797ms step_avg:213.77ms
step:3719/4740 train_time:794982ms step_avg:213.76ms
step:3720/4740 train_time:795306ms step_avg:213.79ms
step:3721/4740 train_time:795490ms step_avg:213.78ms
step:3722/4740 train_time:795813ms step_avg:213.81ms
step:3723/4740 train_time:795996ms step_avg:213.80ms
step:3724/4740 train_time:796325ms step_avg:213.84ms
step:3725/4740 train_time:796504ms step_avg:213.83ms
step:3726/4740 train_time:796831ms step_avg:213.86ms
step:3727/4740 train_time:797015ms step_avg:213.85ms
step:3728/4740 train_time:797338ms step_avg:213.88ms
step:3729/4740 train_time:797516ms step_avg:213.87ms
step:3730/4740 train_time:797838ms step_avg:213.90ms
step:3731/4740 train_time:798028ms step_avg:213.89ms
step:3732/4740 train_time:798350ms step_avg:213.92ms
step:3733/4740 train_time:798533ms step_avg:213.91ms
step:3734/4740 train_time:798854ms step_avg:213.94ms
step:3735/4740 train_time:799041ms step_avg:213.93ms
step:3736/4740 train_time:799362ms step_avg:213.96ms
step:3737/4740 train_time:799546ms step_avg:213.95ms
step:3738/4740 train_time:799870ms step_avg:213.98ms
step:3739/4740 train_time:800055ms step_avg:213.98ms
step:3740/4740 train_time:800375ms step_avg:214.00ms
step:3741/4740 train_time:800558ms step_avg:214.00ms
step:3742/4740 train_time:800882ms step_avg:214.03ms
step:3743/4740 train_time:801066ms step_avg:214.02ms
step:3744/4740 train_time:801387ms step_avg:214.05ms
step:3745/4740 train_time:801571ms step_avg:214.04ms
step:3746/4740 train_time:801895ms step_avg:214.07ms
step:3747/4740 train_time:802080ms step_avg:214.06ms
step:3748/4740 train_time:802398ms step_avg:214.09ms
step:3749/4740 train_time:802580ms step_avg:214.08ms
step:3750/4740 train_time:802899ms step_avg:214.11ms
step:3750/4740 val_loss:3.0192 train_time:803030ms step_avg:214.14ms
step:3751/4740 train_time:803085ms step_avg:214.10ms
step:3752/4740 train_time:803420ms step_avg:214.13ms
step:3753/4740 train_time:803598ms step_avg:214.12ms
step:3754/4740 train_time:803915ms step_avg:214.15ms
step:3755/4740 train_time:804097ms step_avg:214.14ms
step:3756/4740 train_time:804426ms step_avg:214.17ms
step:3757/4740 train_time:804610ms step_avg:214.16ms
step:3758/4740 train_time:804931ms step_avg:214.19ms
step:3759/4740 train_time:805113ms step_avg:214.18ms
step:3760/4740 train_time:805437ms step_avg:214.21ms
step:3761/4740 train_time:805625ms step_avg:214.20ms
step:3762/4740 train_time:805944ms step_avg:214.23ms
step:3763/4740 train_time:806125ms step_avg:214.22ms
step:3764/4740 train_time:806449ms step_avg:214.25ms
step:3765/4740 train_time:806632ms step_avg:214.24ms
step:3766/4740 train_time:806954ms step_avg:214.27ms
step:3767/4740 train_time:807135ms step_avg:214.26ms
step:3768/4740 train_time:807461ms step_avg:214.29ms
step:3769/4740 train_time:807645ms step_avg:214.29ms
step:3770/4740 train_time:807969ms step_avg:214.32ms
step:3771/4740 train_time:808150ms step_avg:214.31ms
step:3772/4740 train_time:808474ms step_avg:214.34ms
step:3773/4740 train_time:808657ms step_avg:214.33ms
step:3774/4740 train_time:808982ms step_avg:214.36ms
step:3775/4740 train_time:809166ms step_avg:214.35ms
step:3776/4740 train_time:809491ms step_avg:214.38ms
step:3777/4740 train_time:809670ms step_avg:214.37ms
step:3778/4740 train_time:809992ms step_avg:214.40ms
step:3779/4740 train_time:810174ms step_avg:214.39ms
step:3780/4740 train_time:810501ms step_avg:214.42ms
step:3781/4740 train_time:810683ms step_avg:214.41ms
step:3782/4740 train_time:811004ms step_avg:214.44ms
step:3783/4740 train_time:811188ms step_avg:214.43ms
step:3784/4740 train_time:811509ms step_avg:214.46ms
step:3785/4740 train_time:811692ms step_avg:214.45ms
step:3786/4740 train_time:812014ms step_avg:214.48ms
step:3787/4740 train_time:812199ms step_avg:214.47ms
step:3788/4740 train_time:812524ms step_avg:214.50ms
step:3789/4740 train_time:812706ms step_avg:214.49ms
step:3790/4740 train_time:813032ms step_avg:214.52ms
step:3791/4740 train_time:813220ms step_avg:214.51ms
step:3792/4740 train_time:813543ms step_avg:214.54ms
step:3793/4740 train_time:813723ms step_avg:214.53ms
step:3794/4740 train_time:814048ms step_avg:214.56ms
step:3795/4740 train_time:814230ms step_avg:214.55ms
step:3796/4740 train_time:814552ms step_avg:214.58ms
step:3797/4740 train_time:814733ms step_avg:214.57ms
step:3798/4740 train_time:815058ms step_avg:214.60ms
step:3799/4740 train_time:815244ms step_avg:214.59ms
step:3800/4740 train_time:815566ms step_avg:214.62ms
step:3801/4740 train_time:815746ms step_avg:214.61ms
step:3802/4740 train_time:816069ms step_avg:214.64ms
step:3803/4740 train_time:816252ms step_avg:214.63ms
step:3804/4740 train_time:816577ms step_avg:214.66ms
step:3805/4740 train_time:816761ms step_avg:214.65ms
step:3806/4740 train_time:817082ms step_avg:214.68ms
step:3807/4740 train_time:817265ms step_avg:214.67ms
step:3808/4740 train_time:817592ms step_avg:214.70ms
step:3809/4740 train_time:817774ms step_avg:214.70ms
step:3810/4740 train_time:818097ms step_avg:214.72ms
step:3811/4740 train_time:818280ms step_avg:214.72ms
step:3812/4740 train_time:818603ms step_avg:214.74ms
step:3813/4740 train_time:818783ms step_avg:214.73ms
step:3814/4740 train_time:819108ms step_avg:214.76ms
step:3815/4740 train_time:819289ms step_avg:214.75ms
step:3816/4740 train_time:819608ms step_avg:214.78ms
step:3817/4740 train_time:819795ms step_avg:214.77ms
step:3818/4740 train_time:820117ms step_avg:214.80ms
step:3819/4740 train_time:820301ms step_avg:214.79ms
step:3820/4740 train_time:820626ms step_avg:214.82ms
step:3821/4740 train_time:820803ms step_avg:214.81ms
step:3822/4740 train_time:821129ms step_avg:214.84ms
step:3823/4740 train_time:821311ms step_avg:214.83ms
step:3824/4740 train_time:821636ms step_avg:214.86ms
step:3825/4740 train_time:821818ms step_avg:214.85ms
step:3826/4740 train_time:822142ms step_avg:214.88ms
step:3827/4740 train_time:822327ms step_avg:214.88ms
step:3828/4740 train_time:822648ms step_avg:214.90ms
step:3829/4740 train_time:822832ms step_avg:214.89ms
step:3830/4740 train_time:823154ms step_avg:214.92ms
step:3831/4740 train_time:823338ms step_avg:214.91ms
step:3832/4740 train_time:823661ms step_avg:214.94ms
step:3833/4740 train_time:823841ms step_avg:214.93ms
step:3834/4740 train_time:824163ms step_avg:214.96ms
step:3835/4740 train_time:824346ms step_avg:214.95ms
step:3836/4740 train_time:824666ms step_avg:214.98ms
step:3837/4740 train_time:824852ms step_avg:214.97ms
step:3838/4740 train_time:825176ms step_avg:215.00ms
step:3839/4740 train_time:825358ms step_avg:214.99ms
step:3840/4740 train_time:825677ms step_avg:215.02ms
step:3841/4740 train_time:825865ms step_avg:215.01ms
step:3842/4740 train_time:826188ms step_avg:215.04ms
step:3843/4740 train_time:826370ms step_avg:215.03ms
step:3844/4740 train_time:826697ms step_avg:215.06ms
step:3845/4740 train_time:826881ms step_avg:215.05ms
step:3846/4740 train_time:827205ms step_avg:215.08ms
step:3847/4740 train_time:827384ms step_avg:215.07ms
step:3848/4740 train_time:827710ms step_avg:215.10ms
step:3849/4740 train_time:827893ms step_avg:215.09ms
step:3850/4740 train_time:828215ms step_avg:215.12ms
step:3851/4740 train_time:828398ms step_avg:215.11ms
step:3852/4740 train_time:828724ms step_avg:215.14ms
step:3853/4740 train_time:828903ms step_avg:215.13ms
step:3854/4740 train_time:829227ms step_avg:215.16ms
step:3855/4740 train_time:829407ms step_avg:215.15ms
step:3856/4740 train_time:829732ms step_avg:215.18ms
step:3857/4740 train_time:829913ms step_avg:215.17ms
step:3858/4740 train_time:830237ms step_avg:215.20ms
step:3859/4740 train_time:830422ms step_avg:215.19ms
step:3860/4740 train_time:830745ms step_avg:215.22ms
step:3861/4740 train_time:830928ms step_avg:215.21ms
step:3862/4740 train_time:831248ms step_avg:215.24ms
step:3863/4740 train_time:831436ms step_avg:215.23ms
step:3864/4740 train_time:831760ms step_avg:215.26ms
step:3865/4740 train_time:831945ms step_avg:215.25ms
step:3866/4740 train_time:832268ms step_avg:215.28ms
step:3867/4740 train_time:832449ms step_avg:215.27ms
step:3868/4740 train_time:832770ms step_avg:215.30ms
step:3869/4740 train_time:832952ms step_avg:215.29ms
step:3870/4740 train_time:833276ms step_avg:215.32ms
step:3871/4740 train_time:833460ms step_avg:215.31ms
step:3872/4740 train_time:833785ms step_avg:215.34ms
step:3873/4740 train_time:833968ms step_avg:215.33ms
step:3874/4740 train_time:834291ms step_avg:215.36ms
step:3875/4740 train_time:834479ms step_avg:215.35ms
step:3876/4740 train_time:834802ms step_avg:215.38ms
step:3877/4740 train_time:834987ms step_avg:215.37ms
step:3878/4740 train_time:835306ms step_avg:215.40ms
step:3879/4740 train_time:835491ms step_avg:215.39ms
step:3880/4740 train_time:835812ms step_avg:215.42ms
step:3881/4740 train_time:835998ms step_avg:215.41ms
step:3882/4740 train_time:836323ms step_avg:215.44ms
step:3883/4740 train_time:836506ms step_avg:215.43ms
step:3884/4740 train_time:836828ms step_avg:215.46ms
step:3885/4740 train_time:837008ms step_avg:215.45ms
step:3886/4740 train_time:837331ms step_avg:215.47ms
step:3887/4740 train_time:837516ms step_avg:215.47ms
step:3888/4740 train_time:837840ms step_avg:215.49ms
step:3889/4740 train_time:838023ms step_avg:215.49ms
step:3890/4740 train_time:838343ms step_avg:215.51ms
step:3891/4740 train_time:838529ms step_avg:215.50ms
step:3892/4740 train_time:838854ms step_avg:215.53ms
step:3893/4740 train_time:839036ms step_avg:215.52ms
step:3894/4740 train_time:839360ms step_avg:215.55ms
step:3895/4740 train_time:839543ms step_avg:215.54ms
step:3896/4740 train_time:839867ms step_avg:215.57ms
step:3897/4740 train_time:840048ms step_avg:215.56ms
step:3898/4740 train_time:840370ms step_avg:215.59ms
step:3899/4740 train_time:840553ms step_avg:215.58ms
step:3900/4740 train_time:840877ms step_avg:215.61ms
step:3901/4740 train_time:841060ms step_avg:215.60ms
step:3902/4740 train_time:841387ms step_avg:215.63ms
step:3903/4740 train_time:841571ms step_avg:215.62ms
step:3904/4740 train_time:841894ms step_avg:215.65ms
step:3905/4740 train_time:842079ms step_avg:215.64ms
step:3906/4740 train_time:842403ms step_avg:215.67ms
step:3907/4740 train_time:842586ms step_avg:215.66ms
step:3908/4740 train_time:842907ms step_avg:215.69ms
step:3909/4740 train_time:843092ms step_avg:215.68ms
step:3910/4740 train_time:843413ms step_avg:215.71ms
step:3911/4740 train_time:843595ms step_avg:215.70ms
step:3912/4740 train_time:843915ms step_avg:215.72ms
step:3913/4740 train_time:844102ms step_avg:215.72ms
step:3914/4740 train_time:844424ms step_avg:215.74ms
step:3915/4740 train_time:844610ms step_avg:215.74ms
step:3916/4740 train_time:844939ms step_avg:215.77ms
step:3917/4740 train_time:845121ms step_avg:215.76ms
step:3918/4740 train_time:845443ms step_avg:215.78ms
step:3919/4740 train_time:845627ms step_avg:215.78ms
step:3920/4740 train_time:845948ms step_avg:215.80ms
step:3921/4740 train_time:846131ms step_avg:215.79ms
step:3922/4740 train_time:846455ms step_avg:215.82ms
step:3923/4740 train_time:846642ms step_avg:215.81ms
step:3924/4740 train_time:846966ms step_avg:215.84ms
step:3925/4740 train_time:847150ms step_avg:215.83ms
step:3926/4740 train_time:847471ms step_avg:215.86ms
step:3927/4740 train_time:847656ms step_avg:215.85ms
step:3928/4740 train_time:847978ms step_avg:215.88ms
step:3929/4740 train_time:848160ms step_avg:215.87ms
step:3930/4740 train_time:848486ms step_avg:215.90ms
step:3931/4740 train_time:848668ms step_avg:215.89ms
step:3932/4740 train_time:848992ms step_avg:215.92ms
step:3933/4740 train_time:849173ms step_avg:215.91ms
step:3934/4740 train_time:849496ms step_avg:215.94ms
step:3935/4740 train_time:849687ms step_avg:215.93ms
step:3936/4740 train_time:850009ms step_avg:215.96ms
step:3937/4740 train_time:850191ms step_avg:215.95ms
step:3938/4740 train_time:850518ms step_avg:215.98ms
step:3939/4740 train_time:850704ms step_avg:215.97ms
step:3940/4740 train_time:851028ms step_avg:216.00ms
step:3941/4740 train_time:851212ms step_avg:215.99ms
step:3942/4740 train_time:851536ms step_avg:216.02ms
step:3943/4740 train_time:851722ms step_avg:216.01ms
step:3944/4740 train_time:852045ms step_avg:216.04ms
step:3945/4740 train_time:852222ms step_avg:216.03ms
step:3946/4740 train_time:852549ms step_avg:216.05ms
step:3947/4740 train_time:852731ms step_avg:216.05ms
step:3948/4740 train_time:853054ms step_avg:216.07ms
step:3949/4740 train_time:853234ms step_avg:216.06ms
step:3950/4740 train_time:853556ms step_avg:216.09ms
step:3951/4740 train_time:853740ms step_avg:216.08ms
step:3952/4740 train_time:854064ms step_avg:216.11ms
step:3953/4740 train_time:854245ms step_avg:216.10ms
step:3954/4740 train_time:854568ms step_avg:216.13ms
step:3955/4740 train_time:854746ms step_avg:216.12ms
step:3956/4740 train_time:855071ms step_avg:216.15ms
step:3957/4740 train_time:855254ms step_avg:216.14ms
step:3958/4740 train_time:855577ms step_avg:216.16ms
step:3959/4740 train_time:855761ms step_avg:216.16ms
step:3960/4740 train_time:856087ms step_avg:216.18ms
step:3961/4740 train_time:856269ms step_avg:216.18ms
step:3962/4740 train_time:856592ms step_avg:216.20ms
step:3963/4740 train_time:856774ms step_avg:216.19ms
step:3964/4740 train_time:857097ms step_avg:216.22ms
step:3965/4740 train_time:857282ms step_avg:216.21ms
step:3966/4740 train_time:857605ms step_avg:216.24ms
step:3967/4740 train_time:857785ms step_avg:216.23ms
step:3968/4740 train_time:858107ms step_avg:216.26ms
step:3969/4740 train_time:858293ms step_avg:216.25ms
step:3970/4740 train_time:858617ms step_avg:216.28ms
step:3971/4740 train_time:858802ms step_avg:216.27ms
step:3972/4740 train_time:859128ms step_avg:216.30ms
step:3973/4740 train_time:859307ms step_avg:216.29ms
step:3974/4740 train_time:859630ms step_avg:216.31ms
step:3975/4740 train_time:859814ms step_avg:216.31ms
step:3976/4740 train_time:860141ms step_avg:216.33ms
step:3977/4740 train_time:860324ms step_avg:216.32ms
step:3978/4740 train_time:860645ms step_avg:216.35ms
step:3979/4740 train_time:860827ms step_avg:216.34ms
step:3980/4740 train_time:861149ms step_avg:216.37ms
step:3981/4740 train_time:861335ms step_avg:216.36ms
step:3982/4740 train_time:861654ms step_avg:216.39ms
step:3983/4740 train_time:861834ms step_avg:216.38ms
step:3984/4740 train_time:862160ms step_avg:216.41ms
step:3985/4740 train_time:862342ms step_avg:216.40ms
step:3986/4740 train_time:862664ms step_avg:216.42ms
step:3987/4740 train_time:862847ms step_avg:216.42ms
step:3988/4740 train_time:863169ms step_avg:216.44ms
step:3989/4740 train_time:863356ms step_avg:216.43ms
step:3990/4740 train_time:863678ms step_avg:216.46ms
step:3991/4740 train_time:863862ms step_avg:216.45ms
step:3992/4740 train_time:864185ms step_avg:216.48ms
step:3993/4740 train_time:864367ms step_avg:216.47ms
step:3994/4740 train_time:864692ms step_avg:216.50ms
step:3995/4740 train_time:864874ms step_avg:216.49ms
step:3996/4740 train_time:865197ms step_avg:216.52ms
step:3997/4740 train_time:865379ms step_avg:216.51ms
step:3998/4740 train_time:865704ms step_avg:216.53ms
step:3999/4740 train_time:865884ms step_avg:216.53ms
step:4000/4740 train_time:866206ms step_avg:216.55ms
step:4000/4740 val_loss:2.9915 train_time:866335ms step_avg:216.58ms
step:4001/4740 train_time:866393ms step_avg:216.54ms
step:4002/4740 train_time:866725ms step_avg:216.57ms
step:4003/4740 train_time:866903ms step_avg:216.56ms
step:4004/4740 train_time:867219ms step_avg:216.59ms
step:4005/4740 train_time:867400ms step_avg:216.58ms
step:4006/4740 train_time:867727ms step_avg:216.61ms
step:4007/4740 train_time:867915ms step_avg:216.60ms
step:4008/4740 train_time:868238ms step_avg:216.63ms
step:4009/4740 train_time:868417ms step_avg:216.62ms
step:4010/4740 train_time:868746ms step_avg:216.65ms
step:4011/4740 train_time:868928ms step_avg:216.64ms
step:4012/4740 train_time:869253ms step_avg:216.66ms
step:4013/4740 train_time:869436ms step_avg:216.65ms
step:4014/4740 train_time:869759ms step_avg:216.68ms
step:4015/4740 train_time:869945ms step_avg:216.67ms
step:4016/4740 train_time:870266ms step_avg:216.70ms
step:4017/4740 train_time:870451ms step_avg:216.69ms
step:4018/4740 train_time:870775ms step_avg:216.72ms
step:4019/4740 train_time:870957ms step_avg:216.71ms
step:4020/4740 train_time:871279ms step_avg:216.74ms
step:4021/4740 train_time:871463ms step_avg:216.73ms
step:4022/4740 train_time:871788ms step_avg:216.75ms
step:4023/4740 train_time:871969ms step_avg:216.75ms
step:4024/4740 train_time:872292ms step_avg:216.77ms
step:4025/4740 train_time:872476ms step_avg:216.76ms
step:4026/4740 train_time:872795ms step_avg:216.79ms
step:4027/4740 train_time:872980ms step_avg:216.78ms
step:4028/4740 train_time:873304ms step_avg:216.81ms
step:4029/4740 train_time:873489ms step_avg:216.80ms
step:4030/4740 train_time:873812ms step_avg:216.83ms
step:4031/4740 train_time:873998ms step_avg:216.82ms
step:4032/4740 train_time:874319ms step_avg:216.85ms
step:4033/4740 train_time:874504ms step_avg:216.84ms
step:4034/4740 train_time:874827ms step_avg:216.86ms
step:4035/4740 train_time:875009ms step_avg:216.85ms
step:4036/4740 train_time:875331ms step_avg:216.88ms
step:4037/4740 train_time:875517ms step_avg:216.87ms
step:4038/4740 train_time:875841ms step_avg:216.90ms
step:4039/4740 train_time:876026ms step_avg:216.89ms
step:4040/4740 train_time:876350ms step_avg:216.92ms
step:4041/4740 train_time:876538ms step_avg:216.91ms
step:4042/4740 train_time:876859ms step_avg:216.94ms
step:4043/4740 train_time:877044ms step_avg:216.93ms
step:4044/4740 train_time:877367ms step_avg:216.96ms
step:4045/4740 train_time:877549ms step_avg:216.95ms
step:4046/4740 train_time:877873ms step_avg:216.97ms
step:4047/4740 train_time:878057ms step_avg:216.96ms
step:4048/4740 train_time:878380ms step_avg:216.99ms
step:4049/4740 train_time:878564ms step_avg:216.98ms
step:4050/4740 train_time:878888ms step_avg:217.01ms
step:4051/4740 train_time:879072ms step_avg:217.00ms
step:4052/4740 train_time:879391ms step_avg:217.03ms
step:4053/4740 train_time:879574ms step_avg:217.02ms
step:4054/4740 train_time:879896ms step_avg:217.04ms
step:4055/4740 train_time:880079ms step_avg:217.04ms
step:4056/4740 train_time:880401ms step_avg:217.06ms
step:4057/4740 train_time:880587ms step_avg:217.05ms
step:4058/4740 train_time:880911ms step_avg:217.08ms
step:4059/4740 train_time:881096ms step_avg:217.07ms
step:4060/4740 train_time:881419ms step_avg:217.10ms
step:4061/4740 train_time:881604ms step_avg:217.09ms
step:4062/4740 train_time:881930ms step_avg:217.12ms
step:4063/4740 train_time:882112ms step_avg:217.11ms
step:4064/4740 train_time:882437ms step_avg:217.14ms
step:4065/4740 train_time:882617ms step_avg:217.13ms
step:4066/4740 train_time:882945ms step_avg:217.15ms
step:4067/4740 train_time:883124ms step_avg:217.14ms
step:4068/4740 train_time:883447ms step_avg:217.17ms
step:4069/4740 train_time:883627ms step_avg:217.16ms
step:4070/4740 train_time:883951ms step_avg:217.19ms
step:4071/4740 train_time:884136ms step_avg:217.18ms
step:4072/4740 train_time:884459ms step_avg:217.20ms
step:4073/4740 train_time:884641ms step_avg:217.20ms
step:4074/4740 train_time:884963ms step_avg:217.22ms
step:4075/4740 train_time:885150ms step_avg:217.21ms
step:4076/4740 train_time:885471ms step_avg:217.24ms
step:4077/4740 train_time:885662ms step_avg:217.23ms
step:4078/4740 train_time:885983ms step_avg:217.26ms
step:4079/4740 train_time:886169ms step_avg:217.25ms
step:4080/4740 train_time:886491ms step_avg:217.28ms
step:4081/4740 train_time:886678ms step_avg:217.27ms
step:4082/4740 train_time:887000ms step_avg:217.30ms
step:4083/4740 train_time:887182ms step_avg:217.29ms
step:4084/4740 train_time:887505ms step_avg:217.31ms
step:4085/4740 train_time:887687ms step_avg:217.30ms
step:4086/4740 train_time:888008ms step_avg:217.33ms
step:4087/4740 train_time:888192ms step_avg:217.32ms
step:4088/4740 train_time:888513ms step_avg:217.35ms
step:4089/4740 train_time:888698ms step_avg:217.34ms
step:4090/4740 train_time:889020ms step_avg:217.36ms
step:4091/4740 train_time:889205ms step_avg:217.36ms
step:4092/4740 train_time:889528ms step_avg:217.38ms
step:4093/4740 train_time:889710ms step_avg:217.37ms
step:4094/4740 train_time:890033ms step_avg:217.40ms
step:4095/4740 train_time:890219ms step_avg:217.39ms
step:4096/4740 train_time:890548ms step_avg:217.42ms
step:4097/4740 train_time:890731ms step_avg:217.41ms
step:4098/4740 train_time:891052ms step_avg:217.44ms
step:4099/4740 train_time:891232ms step_avg:217.43ms
step:4100/4740 train_time:891555ms step_avg:217.45ms
step:4101/4740 train_time:891738ms step_avg:217.44ms
step:4102/4740 train_time:892062ms step_avg:217.47ms
step:4103/4740 train_time:892245ms step_avg:217.46ms
step:4104/4740 train_time:892569ms step_avg:217.49ms
step:4105/4740 train_time:892756ms step_avg:217.48ms
step:4106/4740 train_time:893079ms step_avg:217.51ms
step:4107/4740 train_time:893259ms step_avg:217.50ms
step:4108/4740 train_time:893583ms step_avg:217.52ms
step:4109/4740 train_time:893769ms step_avg:217.51ms
step:4110/4740 train_time:894091ms step_avg:217.54ms
step:4111/4740 train_time:894270ms step_avg:217.53ms
step:4112/4740 train_time:894594ms step_avg:217.56ms
step:4113/4740 train_time:894780ms step_avg:217.55ms
step:4114/4740 train_time:895103ms step_avg:217.57ms
step:4115/4740 train_time:895286ms step_avg:217.57ms
step:4116/4740 train_time:895608ms step_avg:217.59ms
step:4117/4740 train_time:895789ms step_avg:217.58ms
step:4118/4740 train_time:896111ms step_avg:217.61ms
step:4119/4740 train_time:896298ms step_avg:217.60ms
step:4120/4740 train_time:896620ms step_avg:217.63ms
step:4121/4740 train_time:896804ms step_avg:217.62ms
step:4122/4740 train_time:897124ms step_avg:217.64ms
step:4123/4740 train_time:897309ms step_avg:217.64ms
step:4124/4740 train_time:897632ms step_avg:217.66ms
step:4125/4740 train_time:897814ms step_avg:217.65ms
step:4126/4740 train_time:898138ms step_avg:217.68ms
step:4127/4740 train_time:898322ms step_avg:217.67ms
step:4128/4740 train_time:898645ms step_avg:217.70ms
step:4129/4740 train_time:898828ms step_avg:217.69ms
step:4130/4740 train_time:899154ms step_avg:217.71ms
step:4131/4740 train_time:899339ms step_avg:217.70ms
step:4132/4740 train_time:899662ms step_avg:217.73ms
step:4133/4740 train_time:899847ms step_avg:217.72ms
step:4134/4740 train_time:900173ms step_avg:217.75ms
step:4135/4740 train_time:900357ms step_avg:217.74ms
step:4136/4740 train_time:900673ms step_avg:217.76ms
step:4137/4740 train_time:900858ms step_avg:217.76ms
step:4138/4740 train_time:901184ms step_avg:217.78ms
step:4139/4740 train_time:901368ms step_avg:217.77ms
step:4140/4740 train_time:901694ms step_avg:217.80ms
step:4141/4740 train_time:901872ms step_avg:217.79ms
step:4142/4740 train_time:902197ms step_avg:217.82ms
step:4143/4740 train_time:902379ms step_avg:217.81ms
step:4144/4740 train_time:902699ms step_avg:217.83ms
step:4145/4740 train_time:902887ms step_avg:217.83ms
step:4146/4740 train_time:903211ms step_avg:217.85ms
step:4147/4740 train_time:903390ms step_avg:217.84ms
step:4148/4740 train_time:903713ms step_avg:217.87ms
step:4149/4740 train_time:903895ms step_avg:217.86ms
step:4150/4740 train_time:904219ms step_avg:217.88ms
step:4151/4740 train_time:904405ms step_avg:217.88ms
step:4152/4740 train_time:904729ms step_avg:217.90ms
step:4153/4740 train_time:904908ms step_avg:217.89ms
step:4154/4740 train_time:905236ms step_avg:217.92ms
step:4155/4740 train_time:905418ms step_avg:217.91ms
step:4156/4740 train_time:905744ms step_avg:217.94ms
step:4157/4740 train_time:905926ms step_avg:217.93ms
step:4158/4740 train_time:906249ms step_avg:217.95ms
step:4159/4740 train_time:906430ms step_avg:217.94ms
step:4160/4740 train_time:906755ms step_avg:217.97ms
step:4161/4740 train_time:906937ms step_avg:217.96ms
step:4162/4740 train_time:907261ms step_avg:217.99ms
step:4163/4740 train_time:907449ms step_avg:217.98ms
step:4164/4740 train_time:907770ms step_avg:218.00ms
step:4165/4740 train_time:907958ms step_avg:218.00ms
step:4166/4740 train_time:908283ms step_avg:218.02ms
step:4167/4740 train_time:908469ms step_avg:218.02ms
step:4168/4740 train_time:908790ms step_avg:218.04ms
step:4169/4740 train_time:908974ms step_avg:218.03ms
step:4170/4740 train_time:909295ms step_avg:218.06ms
step:4171/4740 train_time:909482ms step_avg:218.05ms
step:4172/4740 train_time:909808ms step_avg:218.07ms
step:4173/4740 train_time:909991ms step_avg:218.07ms
step:4174/4740 train_time:910313ms step_avg:218.09ms
step:4175/4740 train_time:910499ms step_avg:218.08ms
step:4176/4740 train_time:910822ms step_avg:218.11ms
step:4177/4740 train_time:911005ms step_avg:218.10ms
step:4178/4740 train_time:911327ms step_avg:218.13ms
step:4179/4740 train_time:911510ms step_avg:218.12ms
step:4180/4740 train_time:911835ms step_avg:218.14ms
step:4181/4740 train_time:912017ms step_avg:218.13ms
step:4182/4740 train_time:912343ms step_avg:218.16ms
step:4183/4740 train_time:912528ms step_avg:218.15ms
step:4184/4740 train_time:912851ms step_avg:218.18ms
step:4185/4740 train_time:913035ms step_avg:218.17ms
step:4186/4740 train_time:913360ms step_avg:218.19ms
step:4187/4740 train_time:913540ms step_avg:218.18ms
step:4188/4740 train_time:913860ms step_avg:218.21ms
step:4189/4740 train_time:914045ms step_avg:218.20ms
step:4190/4740 train_time:914370ms step_avg:218.23ms
step:4191/4740 train_time:914551ms step_avg:218.22ms
step:4192/4740 train_time:914871ms step_avg:218.24ms
step:4193/4740 train_time:915059ms step_avg:218.24ms
step:4194/4740 train_time:915378ms step_avg:218.26ms
step:4195/4740 train_time:915561ms step_avg:218.25ms
step:4196/4740 train_time:915884ms step_avg:218.28ms
step:4197/4740 train_time:916072ms step_avg:218.27ms
step:4198/4740 train_time:916395ms step_avg:218.29ms
step:4199/4740 train_time:916583ms step_avg:218.29ms
step:4200/4740 train_time:916904ms step_avg:218.31ms
step:4201/4740 train_time:917090ms step_avg:218.30ms
step:4202/4740 train_time:917413ms step_avg:218.33ms
step:4203/4740 train_time:917594ms step_avg:218.32ms
step:4204/4740 train_time:917918ms step_avg:218.34ms
step:4205/4740 train_time:918102ms step_avg:218.34ms
step:4206/4740 train_time:918429ms step_avg:218.36ms
step:4207/4740 train_time:918608ms step_avg:218.35ms
step:4208/4740 train_time:918931ms step_avg:218.38ms
step:4209/4740 train_time:919116ms step_avg:218.37ms
step:4210/4740 train_time:919441ms step_avg:218.39ms
step:4211/4740 train_time:919621ms step_avg:218.39ms
step:4212/4740 train_time:919943ms step_avg:218.41ms
step:4213/4740 train_time:920125ms step_avg:218.40ms
step:4214/4740 train_time:920450ms step_avg:218.43ms
step:4215/4740 train_time:920634ms step_avg:218.42ms
step:4216/4740 train_time:920955ms step_avg:218.44ms
step:4217/4740 train_time:921140ms step_avg:218.43ms
step:4218/4740 train_time:921466ms step_avg:218.46ms
step:4219/4740 train_time:921650ms step_avg:218.45ms
step:4220/4740 train_time:921974ms step_avg:218.48ms
step:4221/4740 train_time:922158ms step_avg:218.47ms
step:4222/4740 train_time:922480ms step_avg:218.49ms
step:4223/4740 train_time:922661ms step_avg:218.48ms
step:4224/4740 train_time:922984ms step_avg:218.51ms
step:4225/4740 train_time:923169ms step_avg:218.50ms
step:4226/4740 train_time:923491ms step_avg:218.53ms
step:4227/4740 train_time:923674ms step_avg:218.52ms
step:4228/4740 train_time:923993ms step_avg:218.54ms
step:4229/4740 train_time:924175ms step_avg:218.53ms
step:4230/4740 train_time:924498ms step_avg:218.56ms
step:4231/4740 train_time:924681ms step_avg:218.55ms
step:4232/4740 train_time:925008ms step_avg:218.57ms
step:4233/4740 train_time:925190ms step_avg:218.57ms
step:4234/4740 train_time:925511ms step_avg:218.59ms
step:4235/4740 train_time:925692ms step_avg:218.58ms
step:4236/4740 train_time:926011ms step_avg:218.61ms
step:4237/4740 train_time:926193ms step_avg:218.60ms
step:4238/4740 train_time:926514ms step_avg:218.62ms
step:4239/4740 train_time:926700ms step_avg:218.61ms
step:4240/4740 train_time:927027ms step_avg:218.64ms
step:4241/4740 train_time:927209ms step_avg:218.63ms
step:4242/4740 train_time:927533ms step_avg:218.65ms
step:4243/4740 train_time:927713ms step_avg:218.65ms
step:4244/4740 train_time:928032ms step_avg:218.67ms
step:4245/4740 train_time:928222ms step_avg:218.66ms
step:4246/4740 train_time:928547ms step_avg:218.69ms
step:4247/4740 train_time:928731ms step_avg:218.68ms
step:4248/4740 train_time:929053ms step_avg:218.70ms
step:4249/4740 train_time:929238ms step_avg:218.70ms
step:4250/4740 train_time:929560ms step_avg:218.72ms
step:4250/4740 val_loss:2.9646 train_time:929689ms step_avg:218.75ms
step:4251/4740 train_time:929747ms step_avg:218.71ms
step:4252/4740 train_time:930080ms step_avg:218.74ms
step:4253/4740 train_time:930260ms step_avg:218.73ms
step:4254/4740 train_time:930577ms step_avg:218.75ms
step:4255/4740 train_time:930759ms step_avg:218.74ms
step:4256/4740 train_time:931088ms step_avg:218.77ms
step:4257/4740 train_time:931272ms step_avg:218.76ms
step:4258/4740 train_time:931589ms step_avg:218.79ms
step:4259/4740 train_time:931771ms step_avg:218.78ms
step:4260/4740 train_time:932098ms step_avg:218.80ms
step:4261/4740 train_time:932284ms step_avg:218.79ms
step:4262/4740 train_time:932605ms step_avg:218.82ms
step:4263/4740 train_time:932787ms step_avg:218.81ms
step:4264/4740 train_time:933112ms step_avg:218.84ms
step:4265/4740 train_time:933296ms step_avg:218.83ms
step:4266/4740 train_time:933617ms step_avg:218.85ms
step:4267/4740 train_time:933799ms step_avg:218.84ms
step:4268/4740 train_time:934121ms step_avg:218.87ms
step:4269/4740 train_time:934305ms step_avg:218.86ms
step:4270/4740 train_time:934629ms step_avg:218.88ms
step:4271/4740 train_time:934809ms step_avg:218.87ms
step:4272/4740 train_time:935136ms step_avg:218.90ms
step:4273/4740 train_time:935318ms step_avg:218.89ms
step:4274/4740 train_time:935642ms step_avg:218.91ms
step:4275/4740 train_time:935823ms step_avg:218.91ms
step:4276/4740 train_time:936147ms step_avg:218.93ms
step:4277/4740 train_time:936328ms step_avg:218.92ms
step:4278/4740 train_time:936653ms step_avg:218.95ms
step:4279/4740 train_time:936836ms step_avg:218.94ms
step:4280/4740 train_time:937158ms step_avg:218.96ms
step:4281/4740 train_time:937342ms step_avg:218.95ms
step:4282/4740 train_time:937665ms step_avg:218.98ms
step:4283/4740 train_time:937850ms step_avg:218.97ms
step:4284/4740 train_time:938174ms step_avg:218.99ms
step:4285/4740 train_time:938357ms step_avg:218.99ms
step:4286/4740 train_time:938678ms step_avg:219.01ms
step:4287/4740 train_time:938866ms step_avg:219.00ms
step:4288/4740 train_time:939186ms step_avg:219.03ms
step:4289/4740 train_time:939368ms step_avg:219.02ms
step:4290/4740 train_time:939693ms step_avg:219.04ms
step:4291/4740 train_time:939875ms step_avg:219.03ms
step:4292/4740 train_time:940204ms step_avg:219.06ms
step:4293/4740 train_time:940387ms step_avg:219.05ms
step:4294/4740 train_time:940712ms step_avg:219.08ms
step:4295/4740 train_time:940892ms step_avg:219.07ms
step:4296/4740 train_time:941215ms step_avg:219.09ms
step:4297/4740 train_time:941396ms step_avg:219.08ms
step:4298/4740 train_time:941720ms step_avg:219.11ms
step:4299/4740 train_time:941907ms step_avg:219.10ms
step:4300/4740 train_time:942232ms step_avg:219.12ms
step:4301/4740 train_time:942419ms step_avg:219.12ms
step:4302/4740 train_time:942741ms step_avg:219.14ms
step:4303/4740 train_time:942922ms step_avg:219.13ms
step:4304/4740 train_time:943250ms step_avg:219.16ms
step:4305/4740 train_time:943433ms step_avg:219.15ms
step:4306/4740 train_time:943757ms step_avg:219.17ms
step:4307/4740 train_time:943941ms step_avg:219.16ms
step:4308/4740 train_time:944262ms step_avg:219.19ms
step:4309/4740 train_time:944449ms step_avg:219.18ms
step:4310/4740 train_time:944771ms step_avg:219.20ms
step:4311/4740 train_time:944950ms step_avg:219.20ms
step:4312/4740 train_time:945274ms step_avg:219.22ms
step:4313/4740 train_time:945461ms step_avg:219.21ms
step:4314/4740 train_time:945781ms step_avg:219.24ms
step:4315/4740 train_time:945966ms step_avg:219.23ms
step:4316/4740 train_time:946292ms step_avg:219.25ms
step:4317/4740 train_time:946477ms step_avg:219.24ms
step:4318/4740 train_time:946798ms step_avg:219.27ms
step:4319/4740 train_time:946980ms step_avg:219.26ms
step:4320/4740 train_time:947306ms step_avg:219.28ms
step:4321/4740 train_time:947491ms step_avg:219.28ms
step:4322/4740 train_time:947815ms step_avg:219.30ms
step:4323/4740 train_time:948000ms step_avg:219.29ms
step:4324/4740 train_time:948326ms step_avg:219.32ms
step:4325/4740 train_time:948510ms step_avg:219.31ms
step:4326/4740 train_time:948836ms step_avg:219.33ms
step:4327/4740 train_time:949019ms step_avg:219.32ms
step:4328/4740 train_time:949343ms step_avg:219.35ms
step:4329/4740 train_time:949520ms step_avg:219.34ms
step:4330/4740 train_time:949842ms step_avg:219.36ms
step:4331/4740 train_time:950022ms step_avg:219.35ms
step:4332/4740 train_time:950347ms step_avg:219.38ms
step:4333/4740 train_time:950529ms step_avg:219.37ms
step:4334/4740 train_time:950853ms step_avg:219.39ms
step:4335/4740 train_time:951039ms step_avg:219.39ms
step:4336/4740 train_time:951360ms step_avg:219.41ms
step:4337/4740 train_time:951546ms step_avg:219.40ms
step:4338/4740 train_time:951871ms step_avg:219.43ms
step:4339/4740 train_time:952053ms step_avg:219.42ms
step:4340/4740 train_time:952376ms step_avg:219.44ms
step:4341/4740 train_time:952560ms step_avg:219.43ms
step:4342/4740 train_time:952882ms step_avg:219.46ms
step:4343/4740 train_time:953064ms step_avg:219.45ms
step:4344/4740 train_time:953388ms step_avg:219.47ms
step:4345/4740 train_time:953570ms step_avg:219.46ms
step:4346/4740 train_time:953893ms step_avg:219.49ms
step:4347/4740 train_time:954080ms step_avg:219.48ms
step:4348/4740 train_time:954405ms step_avg:219.50ms
step:4349/4740 train_time:954587ms step_avg:219.50ms
step:4350/4740 train_time:954913ms step_avg:219.52ms
step:4351/4740 train_time:955093ms step_avg:219.51ms
step:4352/4740 train_time:955416ms step_avg:219.53ms
step:4353/4740 train_time:955594ms step_avg:219.53ms
step:4354/4740 train_time:955919ms step_avg:219.55ms
step:4355/4740 train_time:956101ms step_avg:219.54ms
step:4356/4740 train_time:956422ms step_avg:219.56ms
step:4357/4740 train_time:956608ms step_avg:219.56ms
step:4358/4740 train_time:956937ms step_avg:219.58ms
step:4359/4740 train_time:957121ms step_avg:219.57ms
step:4360/4740 train_time:957445ms step_avg:219.60ms
step:4361/4740 train_time:957628ms step_avg:219.59ms
step:4362/4740 train_time:957956ms step_avg:219.61ms
step:4363/4740 train_time:958136ms step_avg:219.60ms
step:4364/4740 train_time:958461ms step_avg:219.63ms
step:4365/4740 train_time:958642ms step_avg:219.62ms
step:4366/4740 train_time:958968ms step_avg:219.64ms
step:4367/4740 train_time:959150ms step_avg:219.64ms
step:4368/4740 train_time:959477ms step_avg:219.66ms
step:4369/4740 train_time:959659ms step_avg:219.65ms
step:4370/4740 train_time:959978ms step_avg:219.67ms
step:4371/4740 train_time:960161ms step_avg:219.67ms
step:4372/4740 train_time:960482ms step_avg:219.69ms
step:4373/4740 train_time:960665ms step_avg:219.68ms
step:4374/4740 train_time:960988ms step_avg:219.70ms
step:4375/4740 train_time:961169ms step_avg:219.70ms
step:4376/4740 train_time:961493ms step_avg:219.72ms
step:4377/4740 train_time:961677ms step_avg:219.71ms
step:4378/4740 train_time:962002ms step_avg:219.74ms
step:4379/4740 train_time:962187ms step_avg:219.73ms
step:4380/4740 train_time:962510ms step_avg:219.75ms
step:4381/4740 train_time:962693ms step_avg:219.74ms
step:4382/4740 train_time:963016ms step_avg:219.77ms
step:4383/4740 train_time:963199ms step_avg:219.76ms
step:4384/4740 train_time:963520ms step_avg:219.78ms
step:4385/4740 train_time:963703ms step_avg:219.77ms
step:4386/4740 train_time:964026ms step_avg:219.80ms
step:4387/4740 train_time:964209ms step_avg:219.79ms
step:4388/4740 train_time:964533ms step_avg:219.81ms
step:4389/4740 train_time:964714ms step_avg:219.80ms
step:4390/4740 train_time:965038ms step_avg:219.83ms
step:4391/4740 train_time:965222ms step_avg:219.82ms
step:4392/4740 train_time:965549ms step_avg:219.84ms
step:4393/4740 train_time:965730ms step_avg:219.83ms
step:4394/4740 train_time:966054ms step_avg:219.86ms
step:4395/4740 train_time:966235ms step_avg:219.85ms
step:4396/4740 train_time:966560ms step_avg:219.87ms
step:4397/4740 train_time:966741ms step_avg:219.86ms
step:4398/4740 train_time:967064ms step_avg:219.89ms
step:4399/4740 train_time:967243ms step_avg:219.88ms
step:4400/4740 train_time:967570ms step_avg:219.90ms
step:4401/4740 train_time:967754ms step_avg:219.89ms
step:4402/4740 train_time:968078ms step_avg:219.92ms
step:4403/4740 train_time:968259ms step_avg:219.91ms
step:4404/4740 train_time:968585ms step_avg:219.93ms
step:4405/4740 train_time:968766ms step_avg:219.92ms
step:4406/4740 train_time:969092ms step_avg:219.95ms
step:4407/4740 train_time:969275ms step_avg:219.94ms
step:4408/4740 train_time:969598ms step_avg:219.96ms
step:4409/4740 train_time:969784ms step_avg:219.96ms
step:4410/4740 train_time:970103ms step_avg:219.98ms
step:4411/4740 train_time:970286ms step_avg:219.97ms
step:4412/4740 train_time:970610ms step_avg:219.99ms
step:4413/4740 train_time:970793ms step_avg:219.98ms
step:4414/4740 train_time:971116ms step_avg:220.01ms
step:4415/4740 train_time:971295ms step_avg:220.00ms
step:4416/4740 train_time:971622ms step_avg:220.02ms
step:4417/4740 train_time:971805ms step_avg:220.01ms
step:4418/4740 train_time:972130ms step_avg:220.04ms
step:4419/4740 train_time:972314ms step_avg:220.03ms
step:4420/4740 train_time:972638ms step_avg:220.05ms
step:4421/4740 train_time:972821ms step_avg:220.05ms
step:4422/4740 train_time:973144ms step_avg:220.07ms
step:4423/4740 train_time:973326ms step_avg:220.06ms
step:4424/4740 train_time:973653ms step_avg:220.08ms
step:4425/4740 train_time:973837ms step_avg:220.08ms
step:4426/4740 train_time:974156ms step_avg:220.10ms
step:4427/4740 train_time:974342ms step_avg:220.09ms
step:4428/4740 train_time:974667ms step_avg:220.11ms
step:4429/4740 train_time:974853ms step_avg:220.11ms
step:4430/4740 train_time:975176ms step_avg:220.13ms
step:4431/4740 train_time:975360ms step_avg:220.12ms
step:4432/4740 train_time:975684ms step_avg:220.15ms
step:4433/4740 train_time:975867ms step_avg:220.14ms
step:4434/4740 train_time:976193ms step_avg:220.16ms
step:4435/4740 train_time:976375ms step_avg:220.15ms
step:4436/4740 train_time:976697ms step_avg:220.18ms
step:4437/4740 train_time:976884ms step_avg:220.17ms
step:4438/4740 train_time:977209ms step_avg:220.19ms
step:4439/4740 train_time:977391ms step_avg:220.18ms
step:4440/4740 train_time:977715ms step_avg:220.21ms
step:4441/4740 train_time:977897ms step_avg:220.20ms
step:4442/4740 train_time:978222ms step_avg:220.22ms
step:4443/4740 train_time:978402ms step_avg:220.21ms
step:4444/4740 train_time:978724ms step_avg:220.24ms
step:4445/4740 train_time:978908ms step_avg:220.23ms
step:4446/4740 train_time:979232ms step_avg:220.25ms
step:4447/4740 train_time:979417ms step_avg:220.24ms
step:4448/4740 train_time:979740ms step_avg:220.27ms
step:4449/4740 train_time:979923ms step_avg:220.26ms
step:4450/4740 train_time:980244ms step_avg:220.28ms
step:4451/4740 train_time:980432ms step_avg:220.27ms
step:4452/4740 train_time:980755ms step_avg:220.30ms
step:4453/4740 train_time:980933ms step_avg:220.29ms
step:4454/4740 train_time:981260ms step_avg:220.31ms
step:4455/4740 train_time:981444ms step_avg:220.30ms
step:4456/4740 train_time:981766ms step_avg:220.32ms
step:4457/4740 train_time:981948ms step_avg:220.32ms
step:4458/4740 train_time:982274ms step_avg:220.34ms
step:4459/4740 train_time:982459ms step_avg:220.33ms
step:4460/4740 train_time:982782ms step_avg:220.35ms
step:4461/4740 train_time:982968ms step_avg:220.35ms
step:4462/4740 train_time:983291ms step_avg:220.37ms
step:4463/4740 train_time:983476ms step_avg:220.36ms
step:4464/4740 train_time:983799ms step_avg:220.39ms
step:4465/4740 train_time:983981ms step_avg:220.38ms
step:4466/4740 train_time:984305ms step_avg:220.40ms
step:4467/4740 train_time:984489ms step_avg:220.39ms
step:4468/4740 train_time:984814ms step_avg:220.41ms
step:4469/4740 train_time:984997ms step_avg:220.41ms
step:4470/4740 train_time:985324ms step_avg:220.43ms
step:4471/4740 train_time:985506ms step_avg:220.42ms
step:4472/4740 train_time:985829ms step_avg:220.44ms
step:4473/4740 train_time:986014ms step_avg:220.44ms
step:4474/4740 train_time:986337ms step_avg:220.46ms
step:4475/4740 train_time:986520ms step_avg:220.45ms
step:4476/4740 train_time:986843ms step_avg:220.47ms
step:4477/4740 train_time:987027ms step_avg:220.47ms
step:4478/4740 train_time:987351ms step_avg:220.49ms
step:4479/4740 train_time:987535ms step_avg:220.48ms
step:4480/4740 train_time:987860ms step_avg:220.50ms
step:4481/4740 train_time:988042ms step_avg:220.50ms
step:4482/4740 train_time:988365ms step_avg:220.52ms
step:4483/4740 train_time:988547ms step_avg:220.51ms
step:4484/4740 train_time:988869ms step_avg:220.53ms
step:4485/4740 train_time:989052ms step_avg:220.52ms
step:4486/4740 train_time:989375ms step_avg:220.55ms
step:4487/4740 train_time:989557ms step_avg:220.54ms
step:4488/4740 train_time:989876ms step_avg:220.56ms
step:4489/4740 train_time:990062ms step_avg:220.55ms
step:4490/4740 train_time:990385ms step_avg:220.58ms
step:4491/4740 train_time:990571ms step_avg:220.57ms
step:4492/4740 train_time:990894ms step_avg:220.59ms
step:4493/4740 train_time:991080ms step_avg:220.58ms
step:4494/4740 train_time:991405ms step_avg:220.61ms
step:4495/4740 train_time:991586ms step_avg:220.60ms
step:4496/4740 train_time:991911ms step_avg:220.62ms
step:4497/4740 train_time:992094ms step_avg:220.61ms
step:4498/4740 train_time:992418ms step_avg:220.64ms
step:4499/4740 train_time:992597ms step_avg:220.63ms
step:4500/4740 train_time:992920ms step_avg:220.65ms
step:4500/4740 val_loss:2.9414 train_time:993050ms step_avg:220.68ms
step:4501/4740 train_time:993106ms step_avg:220.64ms
step:4502/4740 train_time:993446ms step_avg:220.67ms
step:4503/4740 train_time:993624ms step_avg:220.66ms
step:4504/4740 train_time:993943ms step_avg:220.68ms
step:4505/4740 train_time:994122ms step_avg:220.67ms
step:4506/4740 train_time:994453ms step_avg:220.70ms
step:4507/4740 train_time:994641ms step_avg:220.69ms
step:4508/4740 train_time:994959ms step_avg:220.71ms
step:4509/4740 train_time:995138ms step_avg:220.70ms
step:4510/4740 train_time:995468ms step_avg:220.72ms
step:4511/4740 train_time:995653ms step_avg:220.72ms
step:4512/4740 train_time:995976ms step_avg:220.74ms
step:4513/4740 train_time:996157ms step_avg:220.73ms
step:4514/4740 train_time:996486ms step_avg:220.75ms
step:4515/4740 train_time:996668ms step_avg:220.75ms
step:4516/4740 train_time:996992ms step_avg:220.77ms
step:4517/4740 train_time:997172ms step_avg:220.76ms
step:4518/4740 train_time:997500ms step_avg:220.78ms
step:4519/4740 train_time:997682ms step_avg:220.77ms
step:4520/4740 train_time:998003ms step_avg:220.80ms
step:4521/4740 train_time:998187ms step_avg:220.79ms
step:4522/4740 train_time:998507ms step_avg:220.81ms
step:4523/4740 train_time:998697ms step_avg:220.80ms
step:4524/4740 train_time:999020ms step_avg:220.83ms
step:4525/4740 train_time:999205ms step_avg:220.82ms
step:4526/4740 train_time:999528ms step_avg:220.84ms
step:4527/4740 train_time:999713ms step_avg:220.83ms
step:4528/4740 train_time:1000036ms step_avg:220.86ms
step:4529/4740 train_time:1000218ms step_avg:220.85ms
step:4530/4740 train_time:1000542ms step_avg:220.87ms
step:4531/4740 train_time:1000725ms step_avg:220.86ms
step:4532/4740 train_time:1001050ms step_avg:220.88ms
step:4533/4740 train_time:1001236ms step_avg:220.88ms
step:4534/4740 train_time:1001558ms step_avg:220.90ms
step:4535/4740 train_time:1001741ms step_avg:220.89ms
step:4536/4740 train_time:1002066ms step_avg:220.91ms
step:4537/4740 train_time:1002253ms step_avg:220.91ms
step:4538/4740 train_time:1002575ms step_avg:220.93ms
step:4539/4740 train_time:1002758ms step_avg:220.92ms
step:4540/4740 train_time:1003086ms step_avg:220.94ms
step:4541/4740 train_time:1003269ms step_avg:220.94ms
step:4542/4740 train_time:1003590ms step_avg:220.96ms
step:4543/4740 train_time:1003776ms step_avg:220.95ms
step:4544/4740 train_time:1004096ms step_avg:220.97ms
step:4545/4740 train_time:1004279ms step_avg:220.96ms
step:4546/4740 train_time:1004603ms step_avg:220.99ms
step:4547/4740 train_time:1004788ms step_avg:220.98ms
step:4548/4740 train_time:1005111ms step_avg:221.00ms
step:4549/4740 train_time:1005297ms step_avg:220.99ms
step:4550/4740 train_time:1005623ms step_avg:221.02ms
step:4551/4740 train_time:1005806ms step_avg:221.01ms
step:4552/4740 train_time:1006130ms step_avg:221.03ms
step:4553/4740 train_time:1006311ms step_avg:221.02ms
step:4554/4740 train_time:1006636ms step_avg:221.04ms
step:4555/4740 train_time:1006819ms step_avg:221.04ms
step:4556/4740 train_time:1007141ms step_avg:221.06ms
step:4557/4740 train_time:1007327ms step_avg:221.05ms
step:4558/4740 train_time:1007650ms step_avg:221.07ms
step:4559/4740 train_time:1007840ms step_avg:221.07ms
step:4560/4740 train_time:1008166ms step_avg:221.09ms
step:4561/4740 train_time:1008349ms step_avg:221.08ms
step:4562/4740 train_time:1008673ms step_avg:221.10ms
step:4563/4740 train_time:1008859ms step_avg:221.10ms
step:4564/4740 train_time:1009183ms step_avg:221.12ms
step:4565/4740 train_time:1009368ms step_avg:221.11ms
step:4566/4740 train_time:1009691ms step_avg:221.13ms
step:4567/4740 train_time:1009875ms step_avg:221.12ms
step:4568/4740 train_time:1010194ms step_avg:221.15ms
step:4569/4740 train_time:1010383ms step_avg:221.14ms
step:4570/4740 train_time:1010710ms step_avg:221.16ms
step:4571/4740 train_time:1010891ms step_avg:221.15ms
step:4572/4740 train_time:1011211ms step_avg:221.17ms
step:4573/4740 train_time:1011392ms step_avg:221.17ms
step:4574/4740 train_time:1011716ms step_avg:221.19ms
step:4575/4740 train_time:1011895ms step_avg:221.18ms
step:4576/4740 train_time:1012216ms step_avg:221.20ms
step:4577/4740 train_time:1012399ms step_avg:221.19ms
step:4578/4740 train_time:1012721ms step_avg:221.21ms
step:4579/4740 train_time:1012906ms step_avg:221.21ms
step:4580/4740 train_time:1013230ms step_avg:221.23ms
step:4581/4740 train_time:1013413ms step_avg:221.22ms
step:4582/4740 train_time:1013739ms step_avg:221.24ms
step:4583/4740 train_time:1013919ms step_avg:221.23ms
step:4584/4740 train_time:1014240ms step_avg:221.26ms
step:4585/4740 train_time:1014423ms step_avg:221.25ms
step:4586/4740 train_time:1014748ms step_avg:221.27ms
step:4587/4740 train_time:1014927ms step_avg:221.26ms
step:4588/4740 train_time:1015249ms step_avg:221.28ms
step:4589/4740 train_time:1015437ms step_avg:221.28ms
step:4590/4740 train_time:1015764ms step_avg:221.30ms
step:4591/4740 train_time:1015947ms step_avg:221.29ms
step:4592/4740 train_time:1016274ms step_avg:221.31ms
step:4593/4740 train_time:1016459ms step_avg:221.31ms
step:4594/4740 train_time:1016785ms step_avg:221.33ms
step:4595/4740 train_time:1016968ms step_avg:221.32ms
step:4596/4740 train_time:1017292ms step_avg:221.34ms
step:4597/4740 train_time:1017476ms step_avg:221.33ms
step:4598/4740 train_time:1017797ms step_avg:221.36ms
step:4599/4740 train_time:1017982ms step_avg:221.35ms
step:4600/4740 train_time:1018306ms step_avg:221.37ms
step:4601/4740 train_time:1018491ms step_avg:221.36ms
step:4602/4740 train_time:1018815ms step_avg:221.39ms
step:4603/4740 train_time:1018996ms step_avg:221.38ms
step:4604/4740 train_time:1019320ms step_avg:221.40ms
step:4605/4740 train_time:1019504ms step_avg:221.39ms
step:4606/4740 train_time:1019827ms step_avg:221.41ms
step:4607/4740 train_time:1020007ms step_avg:221.40ms
step:4608/4740 train_time:1020330ms step_avg:221.43ms
step:4609/4740 train_time:1020511ms step_avg:221.42ms
step:4610/4740 train_time:1020835ms step_avg:221.44ms
step:4611/4740 train_time:1021016ms step_avg:221.43ms
step:4612/4740 train_time:1021336ms step_avg:221.45ms
step:4613/4740 train_time:1021520ms step_avg:221.44ms
step:4614/4740 train_time:1021847ms step_avg:221.47ms
step:4615/4740 train_time:1022026ms step_avg:221.46ms
step:4616/4740 train_time:1022353ms step_avg:221.48ms
step:4617/4740 train_time:1022532ms step_avg:221.47ms
step:4618/4740 train_time:1022858ms step_avg:221.49ms
step:4619/4740 train_time:1023042ms step_avg:221.49ms
step:4620/4740 train_time:1023367ms step_avg:221.51ms
step:4621/4740 train_time:1023548ms step_avg:221.50ms
step:4622/4740 train_time:1023875ms step_avg:221.52ms
step:4623/4740 train_time:1024058ms step_avg:221.51ms
step:4624/4740 train_time:1024380ms step_avg:221.54ms
step:4625/4740 train_time:1024565ms step_avg:221.53ms
step:4626/4740 train_time:1024888ms step_avg:221.55ms
step:4627/4740 train_time:1025080ms step_avg:221.54ms
step:4628/4740 train_time:1025403ms step_avg:221.56ms
step:4629/4740 train_time:1025584ms step_avg:221.56ms
step:4630/4740 train_time:1025906ms step_avg:221.58ms
step:4631/4740 train_time:1026091ms step_avg:221.57ms
step:4632/4740 train_time:1026412ms step_avg:221.59ms
step:4633/4740 train_time:1026597ms step_avg:221.58ms
step:4634/4740 train_time:1026921ms step_avg:221.61ms
step:4635/4740 train_time:1027104ms step_avg:221.60ms
step:4636/4740 train_time:1027429ms step_avg:221.62ms
step:4637/4740 train_time:1027612ms step_avg:221.61ms
step:4638/4740 train_time:1027933ms step_avg:221.63ms
step:4639/4740 train_time:1028117ms step_avg:221.62ms
step:4640/4740 train_time:1028445ms step_avg:221.65ms
step:4641/4740 train_time:1028624ms step_avg:221.64ms
step:4642/4740 train_time:1028944ms step_avg:221.66ms
step:4643/4740 train_time:1029128ms step_avg:221.65ms
step:4644/4740 train_time:1029450ms step_avg:221.67ms
step:4645/4740 train_time:1029637ms step_avg:221.67ms
step:4646/4740 train_time:1029962ms step_avg:221.69ms
step:4647/4740 train_time:1030142ms step_avg:221.68ms
step:4648/4740 train_time:1030465ms step_avg:221.70ms
step:4649/4740 train_time:1030646ms step_avg:221.69ms
step:4650/4740 train_time:1030971ms step_avg:221.71ms
step:4651/4740 train_time:1031157ms step_avg:221.71ms
step:4652/4740 train_time:1031483ms step_avg:221.73ms
step:4653/4740 train_time:1031666ms step_avg:221.72ms
step:4654/4740 train_time:1031989ms step_avg:221.74ms
step:4655/4740 train_time:1032173ms step_avg:221.73ms
step:4656/4740 train_time:1032497ms step_avg:221.76ms
step:4657/4740 train_time:1032684ms step_avg:221.75ms
step:4658/4740 train_time:1033007ms step_avg:221.77ms
step:4659/4740 train_time:1033195ms step_avg:221.76ms
step:4660/4740 train_time:1033514ms step_avg:221.78ms
step:4661/4740 train_time:1033698ms step_avg:221.78ms
step:4662/4740 train_time:1034020ms step_avg:221.80ms
step:4663/4740 train_time:1034201ms step_avg:221.79ms
step:4664/4740 train_time:1034528ms step_avg:221.81ms
step:4665/4740 train_time:1034709ms step_avg:221.80ms
step:4666/4740 train_time:1035030ms step_avg:221.82ms
step:4667/4740 train_time:1035214ms step_avg:221.82ms
step:4668/4740 train_time:1035538ms step_avg:221.84ms
step:4669/4740 train_time:1035721ms step_avg:221.83ms
step:4670/4740 train_time:1036047ms step_avg:221.85ms
step:4671/4740 train_time:1036227ms step_avg:221.84ms
step:4672/4740 train_time:1036556ms step_avg:221.87ms
step:4673/4740 train_time:1036739ms step_avg:221.86ms
step:4674/4740 train_time:1037065ms step_avg:221.88ms
step:4675/4740 train_time:1037247ms step_avg:221.87ms
step:4676/4740 train_time:1037569ms step_avg:221.89ms
step:4677/4740 train_time:1037754ms step_avg:221.88ms
step:4678/4740 train_time:1038074ms step_avg:221.91ms
step:4679/4740 train_time:1038257ms step_avg:221.90ms
step:4680/4740 train_time:1038582ms step_avg:221.92ms
step:4681/4740 train_time:1038766ms step_avg:221.91ms
step:4682/4740 train_time:1039090ms step_avg:221.93ms
step:4683/4740 train_time:1039273ms step_avg:221.92ms
step:4684/4740 train_time:1039594ms step_avg:221.95ms
step:4685/4740 train_time:1039785ms step_avg:221.94ms
step:4686/4740 train_time:1040109ms step_avg:221.96ms
step:4687/4740 train_time:1040293ms step_avg:221.95ms
step:4688/4740 train_time:1040617ms step_avg:221.97ms
step:4689/4740 train_time:1040801ms step_avg:221.97ms
step:4690/4740 train_time:1041122ms step_avg:221.99ms
step:4691/4740 train_time:1041306ms step_avg:221.98ms
step:4692/4740 train_time:1041628ms step_avg:222.00ms
step:4693/4740 train_time:1041810ms step_avg:221.99ms
step:4694/4740 train_time:1042133ms step_avg:222.01ms
step:4695/4740 train_time:1042313ms step_avg:222.00ms
step:4696/4740 train_time:1042634ms step_avg:222.03ms
step:4697/4740 train_time:1042815ms step_avg:222.02ms
step:4698/4740 train_time:1043140ms step_avg:222.04ms
step:4699/4740 train_time:1043321ms step_avg:222.03ms
step:4700/4740 train_time:1043641ms step_avg:222.05ms
step:4701/4740 train_time:1043825ms step_avg:222.04ms
step:4702/4740 train_time:1044149ms step_avg:222.06ms
step:4703/4740 train_time:1044336ms step_avg:222.06ms
step:4704/4740 train_time:1044661ms step_avg:222.08ms
step:4705/4740 train_time:1044847ms step_avg:222.07ms
step:4706/4740 train_time:1045174ms step_avg:222.09ms
step:4707/4740 train_time:1045359ms step_avg:222.09ms
step:4708/4740 train_time:1045680ms step_avg:222.11ms
step:4709/4740 train_time:1045865ms step_avg:222.10ms
step:4710/4740 train_time:1046192ms step_avg:222.12ms
step:4711/4740 train_time:1046376ms step_avg:222.11ms
step:4712/4740 train_time:1046702ms step_avg:222.14ms
step:4713/4740 train_time:1046885ms step_avg:222.13ms
step:4714/4740 train_time:1047210ms step_avg:222.15ms
step:4715/4740 train_time:1047392ms step_avg:222.14ms
step:4716/4740 train_time:1047716ms step_avg:222.16ms
step:4717/4740 train_time:1047898ms step_avg:222.15ms
step:4718/4740 train_time:1048226ms step_avg:222.18ms
step:4719/4740 train_time:1048407ms step_avg:222.17ms
step:4720/4740 train_time:1048730ms step_avg:222.19ms
step:4721/4740 train_time:1048914ms step_avg:222.18ms
step:4722/4740 train_time:1049244ms step_avg:222.20ms
step:4723/4740 train_time:1049429ms step_avg:222.20ms
step:4724/4740 train_time:1049751ms step_avg:222.22ms
step:4725/4740 train_time:1049936ms step_avg:222.21ms
step:4726/4740 train_time:1050260ms step_avg:222.23ms
step:4727/4740 train_time:1050443ms step_avg:222.22ms
step:4728/4740 train_time:1050765ms step_avg:222.24ms
step:4729/4740 train_time:1050951ms step_avg:222.24ms
step:4730/4740 train_time:1051275ms step_avg:222.26ms
step:4731/4740 train_time:1051458ms step_avg:222.25ms
step:4732/4740 train_time:1051784ms step_avg:222.27ms
step:4733/4740 train_time:1051968ms step_avg:222.26ms
step:4734/4740 train_time:1052290ms step_avg:222.28ms
step:4735/4740 train_time:1052472ms step_avg:222.27ms
step:4736/4740 train_time:1052796ms step_avg:222.30ms
step:4737/4740 train_time:1052981ms step_avg:222.29ms
step:4738/4740 train_time:1053302ms step_avg:222.31ms
step:4739/4740 train_time:1053489ms step_avg:222.30ms
step:4740/4740 train_time:1053809ms step_avg:222.32ms
step:4740/4740 val_loss:2.9248 train_time:1053939ms step_avg:222.35ms
peak memory allocated: 57397 MiB reserved: 61812 MiB
