W0325 10:47:00.054000 643890 torch/distributed/run.py:852] 
W0325 10:47:00.054000 643890 torch/distributed/run.py:852] *****************************************
W0325 10:47:00.054000 643890 torch/distributed/run.py:852] Setting OMP_NUM_THREADS environment variable for each process to be 1 in default, to avoid your system being overloaded, please further tune the variable for optimal performance in your application as needed. 
W0325 10:47:00.054000 643890 torch/distributed/run.py:852] *****************************************
Fetching 4 files:   0%|          | 0/4 [00:00<?, ?it/s]Fetching 4 files: 100%|██████████| 4/4 [00:00<00:00, 69042.04it/s]
Fetching 4 files:   0%|          | 0/4 [00:00<?, ?it/s]Fetching 4 files: 100%|██████████| 4/4 [00:00<00:00, 70789.94it/s]
Fetching 4 files:   0%|          | 0/4 [00:00<?, ?it/s]Fetching 4 files: 100%|██████████| 4/4 [00:00<00:00, 7262.86it/s]
Fetching 4 files:   0%|          | 0/4 [00:00<?, ?it/s]Fetching 4 files: 100%|██████████| 4/4 [00:00<00:00, 17313.95it/s]
Fetching 4 files:   0%|          | 0/4 [00:00<?, ?it/s]Fetching 4 files: 100%|██████████| 4/4 [00:00<00:00, 61455.00it/s]
Fetching 4 files:   0%|          | 0/4 [00:00<?, ?it/s]Fetching 4 files: 100%|██████████| 4/4 [00:00<00:00, 69615.00it/s]
Fetching 4 files:   0%|          | 0/4 [00:00<?, ?it/s]Fetching 4 files: 100%|██████████| 4/4 [00:00<00:00, 13899.93it/s]
Fetching 4 files:   0%|          | 0/4 [00:00<?, ?it/s]Fetching 4 files: 100%|██████████| 4/4 [00:00<00:00, 69042.04it/s]
logs/sweep_muon0.012_stretch2.0_peak2.5.txt
74
Compiling model and warming up kernels (~7 minutes on first execution)
Sampling steps [0, 1, 391, 392, 393, 783, 784, 785, 1174, 1175, 1176, 1566, 1567, 1568, 1958, 1959, 1960, 2349, 2350, 2351, 2741, 2742, 2743, 3133, 3134, 3135] for warmup
Resetting Model
step:0/4740 val_loss:10.8300 train_time:1ms step_avg:0.89ms
step:1/4740 train_time:96ms step_avg:95.83ms
step:2/4740 train_time:160ms step_avg:79.80ms
step:3/4740 train_time:218ms step_avg:72.53ms
step:4/4740 train_time:303ms step_avg:75.82ms
step:5/4740 train_time:362ms step_avg:72.39ms
step:6/4740 train_time:447ms step_avg:74.54ms
step:7/4740 train_time:507ms step_avg:72.38ms
step:8/4740 train_time:592ms step_avg:74.04ms
step:9/4740 train_time:651ms step_avg:72.37ms
step:10/4740 train_time:737ms step_avg:73.71ms
step:11/4740 train_time:795ms step_avg:72.32ms
step:12/4740 train_time:881ms step_avg:73.44ms
step:13/4740 train_time:940ms step_avg:72.32ms
step:14/4740 train_time:1026ms step_avg:73.31ms
step:15/4740 train_time:1087ms step_avg:72.49ms
step:16/4740 train_time:1176ms step_avg:73.48ms
step:17/4740 train_time:1236ms step_avg:72.70ms
step:18/4740 train_time:1322ms step_avg:73.47ms
step:19/4740 train_time:1382ms step_avg:72.72ms
step:20/4740 train_time:1468ms step_avg:73.42ms
step:21/4740 train_time:1528ms step_avg:72.78ms
step:22/4740 train_time:1615ms step_avg:73.41ms
step:23/4740 train_time:1674ms step_avg:72.79ms
step:24/4740 train_time:1760ms step_avg:73.34ms
step:25/4740 train_time:1819ms step_avg:72.74ms
step:26/4740 train_time:1904ms step_avg:73.24ms
step:27/4740 train_time:1963ms step_avg:72.72ms
step:28/4740 train_time:2050ms step_avg:73.20ms
step:29/4740 train_time:2109ms step_avg:72.74ms
step:30/4740 train_time:2196ms step_avg:73.20ms
step:31/4740 train_time:2256ms step_avg:72.76ms
step:32/4740 train_time:2343ms step_avg:73.22ms
step:33/4740 train_time:2402ms step_avg:72.80ms
step:34/4740 train_time:2489ms step_avg:73.21ms
step:35/4740 train_time:2549ms step_avg:72.83ms
step:36/4740 train_time:2636ms step_avg:73.21ms
step:37/4740 train_time:2695ms step_avg:72.83ms
step:38/4740 train_time:2781ms step_avg:73.19ms
step:39/4740 train_time:2841ms step_avg:72.85ms
step:40/4740 train_time:2927ms step_avg:73.18ms
step:41/4740 train_time:2986ms step_avg:72.83ms
step:42/4740 train_time:3073ms step_avg:73.16ms
step:43/4740 train_time:3132ms step_avg:72.85ms
step:44/4740 train_time:3219ms step_avg:73.17ms
step:45/4740 train_time:3278ms step_avg:72.84ms
step:46/4740 train_time:3364ms step_avg:73.14ms
step:47/4740 train_time:3425ms step_avg:72.86ms
step:48/4740 train_time:3511ms step_avg:73.14ms
step:49/4740 train_time:3571ms step_avg:72.89ms
step:50/4740 train_time:3658ms step_avg:73.17ms
step:51/4740 train_time:3717ms step_avg:72.88ms
step:52/4740 train_time:3803ms step_avg:73.13ms
step:53/4740 train_time:3862ms step_avg:72.87ms
step:54/4740 train_time:3949ms step_avg:73.12ms
step:55/4740 train_time:4009ms step_avg:72.89ms
step:56/4740 train_time:4095ms step_avg:73.13ms
step:57/4740 train_time:4154ms step_avg:72.88ms
step:58/4740 train_time:4241ms step_avg:73.12ms
step:59/4740 train_time:4300ms step_avg:72.88ms
step:60/4740 train_time:4387ms step_avg:73.12ms
step:61/4740 train_time:4447ms step_avg:72.90ms
step:62/4740 train_time:4533ms step_avg:73.12ms
step:63/4740 train_time:4592ms step_avg:72.89ms
step:64/4740 train_time:4679ms step_avg:73.11ms
step:65/4740 train_time:4738ms step_avg:72.89ms
step:66/4740 train_time:4825ms step_avg:73.10ms
step:67/4740 train_time:4884ms step_avg:72.89ms
step:68/4740 train_time:4971ms step_avg:73.10ms
step:69/4740 train_time:5030ms step_avg:72.90ms
step:70/4740 train_time:5117ms step_avg:73.10ms
step:71/4740 train_time:5176ms step_avg:72.90ms
step:72/4740 train_time:5262ms step_avg:73.09ms
step:73/4740 train_time:5321ms step_avg:72.89ms
step:74/4740 train_time:5408ms step_avg:73.08ms
step:75/4740 train_time:5467ms step_avg:72.89ms
step:76/4740 train_time:5554ms step_avg:73.08ms
step:77/4740 train_time:5613ms step_avg:72.89ms
step:78/4740 train_time:5699ms step_avg:73.07ms
step:79/4740 train_time:5758ms step_avg:72.89ms
step:80/4740 train_time:5845ms step_avg:73.07ms
step:81/4740 train_time:5905ms step_avg:72.90ms
step:82/4740 train_time:5992ms step_avg:73.08ms
step:83/4740 train_time:6052ms step_avg:72.92ms
step:84/4740 train_time:6138ms step_avg:73.07ms
step:85/4740 train_time:6197ms step_avg:72.90ms
step:86/4740 train_time:6283ms step_avg:73.06ms
step:87/4740 train_time:6342ms step_avg:72.90ms
step:88/4740 train_time:6428ms step_avg:73.04ms
step:89/4740 train_time:6488ms step_avg:72.89ms
step:90/4740 train_time:6573ms step_avg:73.04ms
step:91/4740 train_time:6633ms step_avg:72.89ms
step:92/4740 train_time:6719ms step_avg:73.03ms
step:93/4740 train_time:6777ms step_avg:72.88ms
step:94/4740 train_time:6864ms step_avg:73.02ms
step:95/4740 train_time:6923ms step_avg:72.88ms
step:96/4740 train_time:7010ms step_avg:73.02ms
step:97/4740 train_time:7070ms step_avg:72.88ms
step:98/4740 train_time:7156ms step_avg:73.02ms
step:99/4740 train_time:7215ms step_avg:72.88ms
step:100/4740 train_time:7302ms step_avg:73.02ms
step:101/4740 train_time:7361ms step_avg:72.88ms
step:102/4740 train_time:7447ms step_avg:73.01ms
step:103/4740 train_time:7506ms step_avg:72.88ms
step:104/4740 train_time:7592ms step_avg:73.00ms
step:105/4740 train_time:7651ms step_avg:72.87ms
step:106/4740 train_time:7737ms step_avg:72.99ms
step:107/4740 train_time:7797ms step_avg:72.87ms
step:108/4740 train_time:7883ms step_avg:72.99ms
step:109/4740 train_time:7942ms step_avg:72.86ms
step:110/4740 train_time:8028ms step_avg:72.99ms
step:111/4740 train_time:8088ms step_avg:72.87ms
step:112/4740 train_time:8175ms step_avg:72.99ms
step:113/4740 train_time:8233ms step_avg:72.86ms
step:114/4740 train_time:8320ms step_avg:72.98ms
step:115/4740 train_time:8379ms step_avg:72.86ms
step:116/4740 train_time:8466ms step_avg:72.98ms
step:117/4740 train_time:8525ms step_avg:72.86ms
step:118/4740 train_time:8612ms step_avg:72.98ms
step:119/4740 train_time:8671ms step_avg:72.87ms
step:120/4740 train_time:8759ms step_avg:72.99ms
step:121/4740 train_time:8817ms step_avg:72.87ms
step:122/4740 train_time:8904ms step_avg:72.98ms
step:123/4740 train_time:8964ms step_avg:72.88ms
step:124/4740 train_time:9051ms step_avg:72.99ms
step:125/4740 train_time:9110ms step_avg:72.88ms
step:126/4740 train_time:9196ms step_avg:72.98ms
step:127/4740 train_time:9255ms step_avg:72.88ms
step:128/4740 train_time:9342ms step_avg:72.98ms
step:129/4740 train_time:9401ms step_avg:72.87ms
step:130/4740 train_time:9488ms step_avg:72.99ms
step:131/4740 train_time:9548ms step_avg:72.88ms
step:132/4740 train_time:9634ms step_avg:72.98ms
step:133/4740 train_time:9693ms step_avg:72.88ms
step:134/4740 train_time:9779ms step_avg:72.98ms
step:135/4740 train_time:9838ms step_avg:72.88ms
step:136/4740 train_time:9925ms step_avg:72.98ms
step:137/4740 train_time:9984ms step_avg:72.88ms
step:138/4740 train_time:10071ms step_avg:72.98ms
step:139/4740 train_time:10130ms step_avg:72.88ms
step:140/4740 train_time:10217ms step_avg:72.98ms
step:141/4740 train_time:10276ms step_avg:72.88ms
step:142/4740 train_time:10362ms step_avg:72.97ms
step:143/4740 train_time:10421ms step_avg:72.87ms
step:144/4740 train_time:10507ms step_avg:72.97ms
step:145/4740 train_time:10566ms step_avg:72.87ms
step:146/4740 train_time:10653ms step_avg:72.97ms
step:147/4740 train_time:10713ms step_avg:72.88ms
step:148/4740 train_time:10799ms step_avg:72.97ms
step:149/4740 train_time:10858ms step_avg:72.87ms
step:150/4740 train_time:10944ms step_avg:72.96ms
step:151/4740 train_time:11004ms step_avg:72.87ms
step:152/4740 train_time:11090ms step_avg:72.96ms
step:153/4740 train_time:11149ms step_avg:72.87ms
step:154/4740 train_time:11236ms step_avg:72.96ms
step:155/4740 train_time:11295ms step_avg:72.87ms
step:156/4740 train_time:11382ms step_avg:72.96ms
step:157/4740 train_time:11441ms step_avg:72.87ms
step:158/4740 train_time:11528ms step_avg:72.96ms
step:159/4740 train_time:11587ms step_avg:72.88ms
step:160/4740 train_time:11674ms step_avg:72.96ms
step:161/4740 train_time:11733ms step_avg:72.88ms
step:162/4740 train_time:11820ms step_avg:72.96ms
step:163/4740 train_time:11879ms step_avg:72.88ms
step:164/4740 train_time:11965ms step_avg:72.96ms
step:165/4740 train_time:12025ms step_avg:72.88ms
step:166/4740 train_time:12111ms step_avg:72.96ms
step:167/4740 train_time:12171ms step_avg:72.88ms
step:168/4740 train_time:12258ms step_avg:72.96ms
step:169/4740 train_time:12316ms step_avg:72.88ms
step:170/4740 train_time:12403ms step_avg:72.96ms
step:171/4740 train_time:12462ms step_avg:72.88ms
step:172/4740 train_time:12549ms step_avg:72.96ms
step:173/4740 train_time:12608ms step_avg:72.88ms
step:174/4740 train_time:12695ms step_avg:72.96ms
step:175/4740 train_time:12754ms step_avg:72.88ms
step:176/4740 train_time:12841ms step_avg:72.96ms
step:177/4740 train_time:12900ms step_avg:72.88ms
step:178/4740 train_time:12988ms step_avg:72.96ms
step:179/4740 train_time:13047ms step_avg:72.89ms
step:180/4740 train_time:13134ms step_avg:72.97ms
step:181/4740 train_time:13193ms step_avg:72.89ms
step:182/4740 train_time:13279ms step_avg:72.96ms
step:183/4740 train_time:13338ms step_avg:72.89ms
step:184/4740 train_time:13425ms step_avg:72.96ms
step:185/4740 train_time:13484ms step_avg:72.89ms
step:186/4740 train_time:13570ms step_avg:72.96ms
step:187/4740 train_time:13629ms step_avg:72.88ms
step:188/4740 train_time:13715ms step_avg:72.95ms
step:189/4740 train_time:13774ms step_avg:72.88ms
step:190/4740 train_time:13860ms step_avg:72.95ms
step:191/4740 train_time:13919ms step_avg:72.87ms
step:192/4740 train_time:14006ms step_avg:72.95ms
step:193/4740 train_time:14066ms step_avg:72.88ms
step:194/4740 train_time:14152ms step_avg:72.95ms
step:195/4740 train_time:14211ms step_avg:72.88ms
step:196/4740 train_time:14298ms step_avg:72.95ms
step:197/4740 train_time:14358ms step_avg:72.88ms
step:198/4740 train_time:14445ms step_avg:72.95ms
step:199/4740 train_time:14505ms step_avg:72.89ms
step:200/4740 train_time:14591ms step_avg:72.95ms
step:201/4740 train_time:14650ms step_avg:72.89ms
step:202/4740 train_time:14737ms step_avg:72.96ms
step:203/4740 train_time:14796ms step_avg:72.89ms
step:204/4740 train_time:14882ms step_avg:72.95ms
step:205/4740 train_time:14941ms step_avg:72.88ms
step:206/4740 train_time:15027ms step_avg:72.95ms
step:207/4740 train_time:15086ms step_avg:72.88ms
step:208/4740 train_time:15173ms step_avg:72.95ms
step:209/4740 train_time:15232ms step_avg:72.88ms
step:210/4740 train_time:15318ms step_avg:72.94ms
step:211/4740 train_time:15378ms step_avg:72.88ms
step:212/4740 train_time:15464ms step_avg:72.94ms
step:213/4740 train_time:15523ms step_avg:72.88ms
step:214/4740 train_time:15609ms step_avg:72.94ms
step:215/4740 train_time:15668ms step_avg:72.88ms
step:216/4740 train_time:15754ms step_avg:72.94ms
step:217/4740 train_time:15813ms step_avg:72.87ms
step:218/4740 train_time:15899ms step_avg:72.93ms
step:219/4740 train_time:15957ms step_avg:72.86ms
step:220/4740 train_time:16043ms step_avg:72.92ms
step:221/4740 train_time:16102ms step_avg:72.86ms
step:222/4740 train_time:16189ms step_avg:72.92ms
step:223/4740 train_time:16248ms step_avg:72.86ms
step:224/4740 train_time:16334ms step_avg:72.92ms
step:225/4740 train_time:16393ms step_avg:72.86ms
step:226/4740 train_time:16480ms step_avg:72.92ms
step:227/4740 train_time:16539ms step_avg:72.86ms
step:228/4740 train_time:16626ms step_avg:72.92ms
step:229/4740 train_time:16685ms step_avg:72.86ms
step:230/4740 train_time:16772ms step_avg:72.92ms
step:231/4740 train_time:16832ms step_avg:72.86ms
step:232/4740 train_time:16918ms step_avg:72.92ms
step:233/4740 train_time:16977ms step_avg:72.86ms
step:234/4740 train_time:17063ms step_avg:72.92ms
step:235/4740 train_time:17122ms step_avg:72.86ms
step:236/4740 train_time:17208ms step_avg:72.92ms
step:237/4740 train_time:17268ms step_avg:72.86ms
step:238/4740 train_time:17354ms step_avg:72.91ms
step:239/4740 train_time:17412ms step_avg:72.85ms
step:240/4740 train_time:17498ms step_avg:72.91ms
step:241/4740 train_time:17556ms step_avg:72.85ms
step:242/4740 train_time:17643ms step_avg:72.91ms
step:243/4740 train_time:17702ms step_avg:72.85ms
step:244/4740 train_time:17789ms step_avg:72.91ms
step:245/4740 train_time:17848ms step_avg:72.85ms
step:246/4740 train_time:17934ms step_avg:72.90ms
step:247/4740 train_time:17994ms step_avg:72.85ms
step:248/4740 train_time:18079ms step_avg:72.90ms
step:249/4740 train_time:18139ms step_avg:72.85ms
step:250/4740 train_time:18225ms step_avg:72.90ms
step:250/4740 val_loss:4.5385 train_time:18270ms step_avg:73.08ms
step:251/4740 train_time:18302ms step_avg:72.92ms
step:252/4740 train_time:18375ms step_avg:72.92ms
step:253/4740 train_time:18434ms step_avg:72.86ms
step:254/4740 train_time:18522ms step_avg:72.92ms
step:255/4740 train_time:18582ms step_avg:72.87ms
step:256/4740 train_time:18670ms step_avg:72.93ms
step:257/4740 train_time:18729ms step_avg:72.87ms
step:258/4740 train_time:18815ms step_avg:72.93ms
step:259/4740 train_time:18874ms step_avg:72.87ms
step:260/4740 train_time:18960ms step_avg:72.92ms
step:261/4740 train_time:19018ms step_avg:72.87ms
step:262/4740 train_time:19103ms step_avg:72.91ms
step:263/4740 train_time:19163ms step_avg:72.86ms
step:264/4740 train_time:19249ms step_avg:72.91ms
step:265/4740 train_time:19310ms step_avg:72.87ms
step:266/4740 train_time:19396ms step_avg:72.92ms
step:267/4740 train_time:19455ms step_avg:72.87ms
step:268/4740 train_time:19542ms step_avg:72.92ms
step:269/4740 train_time:19601ms step_avg:72.87ms
step:270/4740 train_time:19688ms step_avg:72.92ms
step:271/4740 train_time:19748ms step_avg:72.87ms
step:272/4740 train_time:19836ms step_avg:72.92ms
step:273/4740 train_time:19894ms step_avg:72.87ms
step:274/4740 train_time:19981ms step_avg:72.92ms
step:275/4740 train_time:20039ms step_avg:72.87ms
step:276/4740 train_time:20126ms step_avg:72.92ms
step:277/4740 train_time:20185ms step_avg:72.87ms
step:278/4740 train_time:20272ms step_avg:72.92ms
step:279/4740 train_time:20330ms step_avg:72.87ms
step:280/4740 train_time:20417ms step_avg:72.92ms
step:281/4740 train_time:20476ms step_avg:72.87ms
step:282/4740 train_time:20562ms step_avg:72.92ms
step:283/4740 train_time:20621ms step_avg:72.87ms
step:284/4740 train_time:20708ms step_avg:72.91ms
step:285/4740 train_time:20767ms step_avg:72.87ms
step:286/4740 train_time:20853ms step_avg:72.91ms
step:287/4740 train_time:20912ms step_avg:72.86ms
step:288/4740 train_time:20997ms step_avg:72.91ms
step:289/4740 train_time:21056ms step_avg:72.86ms
step:290/4740 train_time:21142ms step_avg:72.90ms
step:291/4740 train_time:21201ms step_avg:72.85ms
step:292/4740 train_time:21288ms step_avg:72.90ms
step:293/4740 train_time:21347ms step_avg:72.86ms
step:294/4740 train_time:21433ms step_avg:72.90ms
step:295/4740 train_time:21491ms step_avg:72.85ms
step:296/4740 train_time:21578ms step_avg:72.90ms
step:297/4740 train_time:21637ms step_avg:72.85ms
step:298/4740 train_time:21724ms step_avg:72.90ms
step:299/4740 train_time:21783ms step_avg:72.85ms
step:300/4740 train_time:21869ms step_avg:72.90ms
step:301/4740 train_time:21928ms step_avg:72.85ms
step:302/4740 train_time:22015ms step_avg:72.90ms
step:303/4740 train_time:22074ms step_avg:72.85ms
step:304/4740 train_time:22160ms step_avg:72.89ms
step:305/4740 train_time:22218ms step_avg:72.85ms
step:306/4740 train_time:22305ms step_avg:72.89ms
step:307/4740 train_time:22364ms step_avg:72.85ms
step:308/4740 train_time:22449ms step_avg:72.89ms
step:309/4740 train_time:22509ms step_avg:72.84ms
step:310/4740 train_time:22595ms step_avg:72.89ms
step:311/4740 train_time:22655ms step_avg:72.84ms
step:312/4740 train_time:22739ms step_avg:72.88ms
step:313/4740 train_time:22799ms step_avg:72.84ms
step:314/4740 train_time:22885ms step_avg:72.88ms
step:315/4740 train_time:22944ms step_avg:72.84ms
step:316/4740 train_time:23030ms step_avg:72.88ms
step:317/4740 train_time:23090ms step_avg:72.84ms
step:318/4740 train_time:23176ms step_avg:72.88ms
step:319/4740 train_time:23235ms step_avg:72.84ms
step:320/4740 train_time:23321ms step_avg:72.88ms
step:321/4740 train_time:23380ms step_avg:72.83ms
step:322/4740 train_time:23466ms step_avg:72.87ms
step:323/4740 train_time:23526ms step_avg:72.83ms
step:324/4740 train_time:23612ms step_avg:72.88ms
step:325/4740 train_time:23671ms step_avg:72.83ms
step:326/4740 train_time:23757ms step_avg:72.87ms
step:327/4740 train_time:23815ms step_avg:72.83ms
step:328/4740 train_time:23902ms step_avg:72.87ms
step:329/4740 train_time:23960ms step_avg:72.83ms
step:330/4740 train_time:24046ms step_avg:72.87ms
step:331/4740 train_time:24105ms step_avg:72.82ms
step:332/4740 train_time:24191ms step_avg:72.86ms
step:333/4740 train_time:24250ms step_avg:72.82ms
step:334/4740 train_time:24336ms step_avg:72.86ms
step:335/4740 train_time:24395ms step_avg:72.82ms
step:336/4740 train_time:24482ms step_avg:72.86ms
step:337/4740 train_time:24541ms step_avg:72.82ms
step:338/4740 train_time:24627ms step_avg:72.86ms
step:339/4740 train_time:24687ms step_avg:72.82ms
step:340/4740 train_time:24772ms step_avg:72.86ms
step:341/4740 train_time:24831ms step_avg:72.82ms
step:342/4740 train_time:24917ms step_avg:72.86ms
step:343/4740 train_time:24977ms step_avg:72.82ms
step:344/4740 train_time:25063ms step_avg:72.86ms
step:345/4740 train_time:25121ms step_avg:72.82ms
step:346/4740 train_time:25207ms step_avg:72.85ms
step:347/4740 train_time:25267ms step_avg:72.82ms
step:348/4740 train_time:25353ms step_avg:72.85ms
step:349/4740 train_time:25414ms step_avg:72.82ms
step:350/4740 train_time:25501ms step_avg:72.86ms
step:351/4740 train_time:25560ms step_avg:72.82ms
step:352/4740 train_time:25645ms step_avg:72.86ms
step:353/4740 train_time:25704ms step_avg:72.82ms
step:354/4740 train_time:25790ms step_avg:72.85ms
step:355/4740 train_time:25849ms step_avg:72.81ms
step:356/4740 train_time:25935ms step_avg:72.85ms
step:357/4740 train_time:25993ms step_avg:72.81ms
step:358/4740 train_time:26079ms step_avg:72.85ms
step:359/4740 train_time:26138ms step_avg:72.81ms
step:360/4740 train_time:26224ms step_avg:72.84ms
step:361/4740 train_time:26283ms step_avg:72.80ms
step:362/4740 train_time:26369ms step_avg:72.84ms
step:363/4740 train_time:26428ms step_avg:72.80ms
step:364/4740 train_time:26514ms step_avg:72.84ms
step:365/4740 train_time:26573ms step_avg:72.80ms
step:366/4740 train_time:26660ms step_avg:72.84ms
step:367/4740 train_time:26719ms step_avg:72.80ms
step:368/4740 train_time:26805ms step_avg:72.84ms
step:369/4740 train_time:26863ms step_avg:72.80ms
step:370/4740 train_time:26949ms step_avg:72.83ms
step:371/4740 train_time:27008ms step_avg:72.80ms
step:372/4740 train_time:27094ms step_avg:72.83ms
step:373/4740 train_time:27152ms step_avg:72.79ms
step:374/4740 train_time:27239ms step_avg:72.83ms
step:375/4740 train_time:27297ms step_avg:72.79ms
step:376/4740 train_time:27383ms step_avg:72.83ms
step:377/4740 train_time:27442ms step_avg:72.79ms
step:378/4740 train_time:27529ms step_avg:72.83ms
step:379/4740 train_time:27588ms step_avg:72.79ms
step:380/4740 train_time:27675ms step_avg:72.83ms
step:381/4740 train_time:27734ms step_avg:72.79ms
step:382/4740 train_time:27821ms step_avg:72.83ms
step:383/4740 train_time:27880ms step_avg:72.79ms
step:384/4740 train_time:27966ms step_avg:72.83ms
step:385/4740 train_time:28026ms step_avg:72.80ms
step:386/4740 train_time:28112ms step_avg:72.83ms
step:387/4740 train_time:28172ms step_avg:72.80ms
step:388/4740 train_time:28259ms step_avg:72.83ms
step:389/4740 train_time:28318ms step_avg:72.80ms
step:390/4740 train_time:28404ms step_avg:72.83ms
step:391/4740 train_time:28463ms step_avg:72.80ms
step:392/4740 train_time:28549ms step_avg:72.83ms
step:393/4740 train_time:28622ms step_avg:72.83ms
step:394/4740 train_time:28780ms step_avg:73.05ms
step:395/4740 train_time:28881ms step_avg:73.12ms
step:396/4740 train_time:29041ms step_avg:73.34ms
step:397/4740 train_time:29141ms step_avg:73.40ms
step:398/4740 train_time:29300ms step_avg:73.62ms
step:399/4740 train_time:29403ms step_avg:73.69ms
step:400/4740 train_time:29561ms step_avg:73.90ms
step:401/4740 train_time:29664ms step_avg:73.97ms
step:402/4740 train_time:29822ms step_avg:74.18ms
step:403/4740 train_time:29925ms step_avg:74.25ms
step:404/4740 train_time:30082ms step_avg:74.46ms
step:405/4740 train_time:30184ms step_avg:74.53ms
step:406/4740 train_time:30342ms step_avg:74.73ms
step:407/4740 train_time:30444ms step_avg:74.80ms
step:408/4740 train_time:30603ms step_avg:75.01ms
step:409/4740 train_time:30705ms step_avg:75.07ms
step:410/4740 train_time:30864ms step_avg:75.28ms
step:411/4740 train_time:30965ms step_avg:75.34ms
step:412/4740 train_time:31123ms step_avg:75.54ms
step:413/4740 train_time:31223ms step_avg:75.60ms
step:414/4740 train_time:31382ms step_avg:75.80ms
step:415/4740 train_time:31484ms step_avg:75.87ms
step:416/4740 train_time:31644ms step_avg:76.07ms
step:417/4740 train_time:31744ms step_avg:76.13ms
step:418/4740 train_time:31902ms step_avg:76.32ms
step:419/4740 train_time:32003ms step_avg:76.38ms
step:420/4740 train_time:32162ms step_avg:76.58ms
step:421/4740 train_time:32264ms step_avg:76.64ms
step:422/4740 train_time:32422ms step_avg:76.83ms
step:423/4740 train_time:32522ms step_avg:76.88ms
step:424/4740 train_time:32680ms step_avg:77.08ms
step:425/4740 train_time:32782ms step_avg:77.13ms
step:426/4740 train_time:32941ms step_avg:77.33ms
step:427/4740 train_time:33042ms step_avg:77.38ms
step:428/4740 train_time:33201ms step_avg:77.57ms
step:429/4740 train_time:33303ms step_avg:77.63ms
step:430/4740 train_time:33461ms step_avg:77.82ms
step:431/4740 train_time:33563ms step_avg:77.87ms
step:432/4740 train_time:33722ms step_avg:78.06ms
step:433/4740 train_time:33823ms step_avg:78.11ms
step:434/4740 train_time:33982ms step_avg:78.30ms
step:435/4740 train_time:34083ms step_avg:78.35ms
step:436/4740 train_time:34243ms step_avg:78.54ms
step:437/4740 train_time:34344ms step_avg:78.59ms
step:438/4740 train_time:34504ms step_avg:78.78ms
step:439/4740 train_time:34604ms step_avg:78.82ms
step:440/4740 train_time:34762ms step_avg:79.01ms
step:441/4740 train_time:34864ms step_avg:79.06ms
step:442/4740 train_time:35023ms step_avg:79.24ms
step:443/4740 train_time:35127ms step_avg:79.29ms
step:444/4740 train_time:35286ms step_avg:79.47ms
step:445/4740 train_time:35387ms step_avg:79.52ms
step:446/4740 train_time:35547ms step_avg:79.70ms
step:447/4740 train_time:35646ms step_avg:79.75ms
step:448/4740 train_time:35807ms step_avg:79.93ms
step:449/4740 train_time:35907ms step_avg:79.97ms
step:450/4740 train_time:36067ms step_avg:80.15ms
step:451/4740 train_time:36166ms step_avg:80.19ms
step:452/4740 train_time:36326ms step_avg:80.37ms
step:453/4740 train_time:36426ms step_avg:80.41ms
step:454/4740 train_time:36585ms step_avg:80.58ms
step:455/4740 train_time:36685ms step_avg:80.63ms
step:456/4740 train_time:36845ms step_avg:80.80ms
step:457/4740 train_time:36946ms step_avg:80.84ms
step:458/4740 train_time:37105ms step_avg:81.02ms
step:459/4740 train_time:37205ms step_avg:81.06ms
step:460/4740 train_time:37363ms step_avg:81.22ms
step:461/4740 train_time:37464ms step_avg:81.27ms
step:462/4740 train_time:37624ms step_avg:81.44ms
step:463/4740 train_time:37725ms step_avg:81.48ms
step:464/4740 train_time:37884ms step_avg:81.65ms
step:465/4740 train_time:37984ms step_avg:81.69ms
step:466/4740 train_time:38145ms step_avg:81.86ms
step:467/4740 train_time:38245ms step_avg:81.90ms
step:468/4740 train_time:38404ms step_avg:82.06ms
step:469/4740 train_time:38506ms step_avg:82.10ms
step:470/4740 train_time:38666ms step_avg:82.27ms
step:471/4740 train_time:38766ms step_avg:82.31ms
step:472/4740 train_time:38925ms step_avg:82.47ms
step:473/4740 train_time:39025ms step_avg:82.50ms
step:474/4740 train_time:39184ms step_avg:82.67ms
step:475/4740 train_time:39285ms step_avg:82.70ms
step:476/4740 train_time:39444ms step_avg:82.87ms
step:477/4740 train_time:39545ms step_avg:82.90ms
step:478/4740 train_time:39703ms step_avg:83.06ms
step:479/4740 train_time:39805ms step_avg:83.10ms
step:480/4740 train_time:39964ms step_avg:83.26ms
step:481/4740 train_time:40065ms step_avg:83.30ms
step:482/4740 train_time:40225ms step_avg:83.45ms
step:483/4740 train_time:40325ms step_avg:83.49ms
step:484/4740 train_time:40485ms step_avg:83.65ms
step:485/4740 train_time:40585ms step_avg:83.68ms
step:486/4740 train_time:40744ms step_avg:83.84ms
step:487/4740 train_time:40845ms step_avg:83.87ms
step:488/4740 train_time:41003ms step_avg:84.02ms
step:489/4740 train_time:41104ms step_avg:84.06ms
step:490/4740 train_time:41262ms step_avg:84.21ms
step:491/4740 train_time:41364ms step_avg:84.24ms
step:492/4740 train_time:41525ms step_avg:84.40ms
step:493/4740 train_time:41626ms step_avg:84.43ms
step:494/4740 train_time:41784ms step_avg:84.58ms
step:495/4740 train_time:41885ms step_avg:84.62ms
step:496/4740 train_time:42044ms step_avg:84.77ms
step:497/4740 train_time:42145ms step_avg:84.80ms
step:498/4740 train_time:42304ms step_avg:84.95ms
step:499/4740 train_time:42404ms step_avg:84.98ms
step:500/4740 train_time:42564ms step_avg:85.13ms
step:500/4740 val_loss:4.0036 train_time:42637ms step_avg:85.27ms
step:501/4740 train_time:42670ms step_avg:85.17ms
step:502/4740 train_time:42825ms step_avg:85.31ms
step:503/4740 train_time:42932ms step_avg:85.35ms
step:504/4740 train_time:43096ms step_avg:85.51ms
step:505/4740 train_time:43198ms step_avg:85.54ms
step:506/4740 train_time:43357ms step_avg:85.69ms
step:507/4740 train_time:43457ms step_avg:85.71ms
step:508/4740 train_time:43614ms step_avg:85.85ms
step:509/4740 train_time:43716ms step_avg:85.89ms
step:510/4740 train_time:43875ms step_avg:86.03ms
step:511/4740 train_time:43979ms step_avg:86.07ms
step:512/4740 train_time:44140ms step_avg:86.21ms
step:513/4740 train_time:44241ms step_avg:86.24ms
step:514/4740 train_time:44400ms step_avg:86.38ms
step:515/4740 train_time:44499ms step_avg:86.41ms
step:516/4740 train_time:44657ms step_avg:86.54ms
step:517/4740 train_time:44756ms step_avg:86.57ms
step:518/4740 train_time:44916ms step_avg:86.71ms
step:519/4740 train_time:45019ms step_avg:86.74ms
step:520/4740 train_time:45182ms step_avg:86.89ms
step:521/4740 train_time:45282ms step_avg:86.91ms
step:522/4740 train_time:45440ms step_avg:87.05ms
step:523/4740 train_time:45539ms step_avg:87.07ms
step:524/4740 train_time:45697ms step_avg:87.21ms
step:525/4740 train_time:45798ms step_avg:87.23ms
step:526/4740 train_time:45958ms step_avg:87.37ms
step:527/4740 train_time:46059ms step_avg:87.40ms
step:528/4740 train_time:46219ms step_avg:87.54ms
step:529/4740 train_time:46320ms step_avg:87.56ms
step:530/4740 train_time:46478ms step_avg:87.69ms
step:531/4740 train_time:46579ms step_avg:87.72ms
step:532/4740 train_time:46738ms step_avg:87.85ms
step:533/4740 train_time:46839ms step_avg:87.88ms
step:534/4740 train_time:47000ms step_avg:88.02ms
step:535/4740 train_time:47102ms step_avg:88.04ms
step:536/4740 train_time:47262ms step_avg:88.17ms
step:537/4740 train_time:47361ms step_avg:88.20ms
step:538/4740 train_time:47521ms step_avg:88.33ms
step:539/4740 train_time:47621ms step_avg:88.35ms
step:540/4740 train_time:47779ms step_avg:88.48ms
step:541/4740 train_time:47879ms step_avg:88.50ms
step:542/4740 train_time:48037ms step_avg:88.63ms
step:543/4740 train_time:48139ms step_avg:88.65ms
step:544/4740 train_time:48299ms step_avg:88.78ms
step:545/4740 train_time:48400ms step_avg:88.81ms
step:546/4740 train_time:48560ms step_avg:88.94ms
step:547/4740 train_time:48661ms step_avg:88.96ms
step:548/4740 train_time:48820ms step_avg:89.09ms
step:549/4740 train_time:48922ms step_avg:89.11ms
step:550/4740 train_time:49081ms step_avg:89.24ms
step:551/4740 train_time:49180ms step_avg:89.26ms
step:552/4740 train_time:49341ms step_avg:89.39ms
step:553/4740 train_time:49440ms step_avg:89.40ms
step:554/4740 train_time:49599ms step_avg:89.53ms
step:555/4740 train_time:49699ms step_avg:89.55ms
step:556/4740 train_time:49859ms step_avg:89.67ms
step:557/4740 train_time:49960ms step_avg:89.69ms
step:558/4740 train_time:50120ms step_avg:89.82ms
step:559/4740 train_time:50221ms step_avg:89.84ms
step:560/4740 train_time:50382ms step_avg:89.97ms
step:561/4740 train_time:50481ms step_avg:89.98ms
step:562/4740 train_time:50641ms step_avg:90.11ms
step:563/4740 train_time:50740ms step_avg:90.13ms
step:564/4740 train_time:50901ms step_avg:90.25ms
step:565/4740 train_time:51001ms step_avg:90.27ms
step:566/4740 train_time:51161ms step_avg:90.39ms
step:567/4740 train_time:51260ms step_avg:90.41ms
step:568/4740 train_time:51419ms step_avg:90.53ms
step:569/4740 train_time:51520ms step_avg:90.54ms
step:570/4740 train_time:51681ms step_avg:90.67ms
step:571/4740 train_time:51781ms step_avg:90.68ms
step:572/4740 train_time:51941ms step_avg:90.81ms
step:573/4740 train_time:52040ms step_avg:90.82ms
step:574/4740 train_time:52199ms step_avg:90.94ms
step:575/4740 train_time:52300ms step_avg:90.96ms
step:576/4740 train_time:52459ms step_avg:91.08ms
step:577/4740 train_time:52561ms step_avg:91.09ms
step:578/4740 train_time:52721ms step_avg:91.21ms
step:579/4740 train_time:52821ms step_avg:91.23ms
step:580/4740 train_time:52980ms step_avg:91.34ms
step:581/4740 train_time:53080ms step_avg:91.36ms
step:582/4740 train_time:53240ms step_avg:91.48ms
step:583/4740 train_time:53340ms step_avg:91.49ms
step:584/4740 train_time:53501ms step_avg:91.61ms
step:585/4740 train_time:53599ms step_avg:91.62ms
step:586/4740 train_time:53758ms step_avg:91.74ms
step:587/4740 train_time:53859ms step_avg:91.75ms
step:588/4740 train_time:54019ms step_avg:91.87ms
step:589/4740 train_time:54120ms step_avg:91.88ms
step:590/4740 train_time:54280ms step_avg:92.00ms
step:591/4740 train_time:54381ms step_avg:92.02ms
step:592/4740 train_time:54541ms step_avg:92.13ms
step:593/4740 train_time:54641ms step_avg:92.14ms
step:594/4740 train_time:54802ms step_avg:92.26ms
step:595/4740 train_time:54901ms step_avg:92.27ms
step:596/4740 train_time:55061ms step_avg:92.38ms
step:597/4740 train_time:55160ms step_avg:92.40ms
step:598/4740 train_time:55319ms step_avg:92.51ms
step:599/4740 train_time:55419ms step_avg:92.52ms
step:600/4740 train_time:55578ms step_avg:92.63ms
step:601/4740 train_time:55678ms step_avg:92.64ms
step:602/4740 train_time:55838ms step_avg:92.75ms
step:603/4740 train_time:55940ms step_avg:92.77ms
step:604/4740 train_time:56100ms step_avg:92.88ms
step:605/4740 train_time:56201ms step_avg:92.89ms
step:606/4740 train_time:56361ms step_avg:93.00ms
step:607/4740 train_time:56461ms step_avg:93.02ms
step:608/4740 train_time:56621ms step_avg:93.13ms
step:609/4740 train_time:56720ms step_avg:93.14ms
step:610/4740 train_time:56881ms step_avg:93.25ms
step:611/4740 train_time:56980ms step_avg:93.26ms
step:612/4740 train_time:57140ms step_avg:93.37ms
step:613/4740 train_time:57241ms step_avg:93.38ms
step:614/4740 train_time:57401ms step_avg:93.49ms
step:615/4740 train_time:57501ms step_avg:93.50ms
step:616/4740 train_time:57660ms step_avg:93.60ms
step:617/4740 train_time:57762ms step_avg:93.62ms
step:618/4740 train_time:57921ms step_avg:93.72ms
step:619/4740 train_time:58021ms step_avg:93.73ms
step:620/4740 train_time:58180ms step_avg:93.84ms
step:621/4740 train_time:58281ms step_avg:93.85ms
step:622/4740 train_time:58441ms step_avg:93.96ms
step:623/4740 train_time:58541ms step_avg:93.97ms
step:624/4740 train_time:58701ms step_avg:94.07ms
step:625/4740 train_time:58800ms step_avg:94.08ms
step:626/4740 train_time:58960ms step_avg:94.18ms
step:627/4740 train_time:59061ms step_avg:94.20ms
step:628/4740 train_time:59221ms step_avg:94.30ms
step:629/4740 train_time:59320ms step_avg:94.31ms
step:630/4740 train_time:59480ms step_avg:94.41ms
step:631/4740 train_time:59580ms step_avg:94.42ms
step:632/4740 train_time:59740ms step_avg:94.53ms
step:633/4740 train_time:59841ms step_avg:94.54ms
step:634/4740 train_time:60000ms step_avg:94.64ms
step:635/4740 train_time:60100ms step_avg:94.65ms
step:636/4740 train_time:60259ms step_avg:94.75ms
step:637/4740 train_time:60360ms step_avg:94.76ms
step:638/4740 train_time:60520ms step_avg:94.86ms
step:639/4740 train_time:60620ms step_avg:94.87ms
step:640/4740 train_time:60779ms step_avg:94.97ms
step:641/4740 train_time:60881ms step_avg:94.98ms
step:642/4740 train_time:61040ms step_avg:95.08ms
step:643/4740 train_time:61140ms step_avg:95.09ms
step:644/4740 train_time:61300ms step_avg:95.19ms
step:645/4740 train_time:61401ms step_avg:95.19ms
step:646/4740 train_time:61560ms step_avg:95.29ms
step:647/4740 train_time:61659ms step_avg:95.30ms
step:648/4740 train_time:61819ms step_avg:95.40ms
step:649/4740 train_time:61919ms step_avg:95.41ms
step:650/4740 train_time:62078ms step_avg:95.50ms
step:651/4740 train_time:62178ms step_avg:95.51ms
step:652/4740 train_time:62337ms step_avg:95.61ms
step:653/4740 train_time:62438ms step_avg:95.62ms
step:654/4740 train_time:62597ms step_avg:95.71ms
step:655/4740 train_time:62698ms step_avg:95.72ms
step:656/4740 train_time:62857ms step_avg:95.82ms
step:657/4740 train_time:62959ms step_avg:95.83ms
step:658/4740 train_time:63118ms step_avg:95.92ms
step:659/4740 train_time:63219ms step_avg:95.93ms
step:660/4740 train_time:63378ms step_avg:96.03ms
step:661/4740 train_time:63481ms step_avg:96.04ms
step:662/4740 train_time:63641ms step_avg:96.13ms
step:663/4740 train_time:63739ms step_avg:96.14ms
step:664/4740 train_time:63901ms step_avg:96.24ms
step:665/4740 train_time:64001ms step_avg:96.24ms
step:666/4740 train_time:64162ms step_avg:96.34ms
step:667/4740 train_time:64261ms step_avg:96.34ms
step:668/4740 train_time:64421ms step_avg:96.44ms
step:669/4740 train_time:64521ms step_avg:96.44ms
step:670/4740 train_time:64680ms step_avg:96.54ms
step:671/4740 train_time:64779ms step_avg:96.54ms
step:672/4740 train_time:64939ms step_avg:96.64ms
step:673/4740 train_time:65039ms step_avg:96.64ms
step:674/4740 train_time:65199ms step_avg:96.73ms
step:675/4740 train_time:65301ms step_avg:96.74ms
step:676/4740 train_time:65459ms step_avg:96.83ms
step:677/4740 train_time:65559ms step_avg:96.84ms
step:678/4740 train_time:65717ms step_avg:96.93ms
step:679/4740 train_time:65819ms step_avg:96.93ms
step:680/4740 train_time:65978ms step_avg:97.03ms
step:681/4740 train_time:66079ms step_avg:97.03ms
step:682/4740 train_time:66237ms step_avg:97.12ms
step:683/4740 train_time:66338ms step_avg:97.13ms
step:684/4740 train_time:66498ms step_avg:97.22ms
step:685/4740 train_time:66599ms step_avg:97.23ms
step:686/4740 train_time:66760ms step_avg:97.32ms
step:687/4740 train_time:66861ms step_avg:97.32ms
step:688/4740 train_time:67020ms step_avg:97.41ms
step:689/4740 train_time:67121ms step_avg:97.42ms
step:690/4740 train_time:67281ms step_avg:97.51ms
step:691/4740 train_time:67380ms step_avg:97.51ms
step:692/4740 train_time:67540ms step_avg:97.60ms
step:693/4740 train_time:67640ms step_avg:97.60ms
step:694/4740 train_time:67801ms step_avg:97.70ms
step:695/4740 train_time:67901ms step_avg:97.70ms
step:696/4740 train_time:68061ms step_avg:97.79ms
step:697/4740 train_time:68161ms step_avg:97.79ms
step:698/4740 train_time:68320ms step_avg:97.88ms
step:699/4740 train_time:68420ms step_avg:97.88ms
step:700/4740 train_time:68579ms step_avg:97.97ms
step:701/4740 train_time:68681ms step_avg:97.98ms
step:702/4740 train_time:68840ms step_avg:98.06ms
step:703/4740 train_time:68940ms step_avg:98.07ms
step:704/4740 train_time:69102ms step_avg:98.16ms
step:705/4740 train_time:69201ms step_avg:98.16ms
step:706/4740 train_time:69362ms step_avg:98.25ms
step:707/4740 train_time:69461ms step_avg:98.25ms
step:708/4740 train_time:69621ms step_avg:98.33ms
step:709/4740 train_time:69720ms step_avg:98.34ms
step:710/4740 train_time:69881ms step_avg:98.42ms
step:711/4740 train_time:69981ms step_avg:98.43ms
step:712/4740 train_time:70141ms step_avg:98.51ms
step:713/4740 train_time:70241ms step_avg:98.51ms
step:714/4740 train_time:70400ms step_avg:98.60ms
step:715/4740 train_time:70500ms step_avg:98.60ms
step:716/4740 train_time:70661ms step_avg:98.69ms
step:717/4740 train_time:70761ms step_avg:98.69ms
step:718/4740 train_time:70920ms step_avg:98.77ms
step:719/4740 train_time:71021ms step_avg:98.78ms
step:720/4740 train_time:71181ms step_avg:98.86ms
step:721/4740 train_time:71281ms step_avg:98.86ms
step:722/4740 train_time:71442ms step_avg:98.95ms
step:723/4740 train_time:71542ms step_avg:98.95ms
step:724/4740 train_time:71702ms step_avg:99.04ms
step:725/4740 train_time:71801ms step_avg:99.04ms
step:726/4740 train_time:71962ms step_avg:99.12ms
step:727/4740 train_time:72061ms step_avg:99.12ms
step:728/4740 train_time:72222ms step_avg:99.21ms
step:729/4740 train_time:72322ms step_avg:99.21ms
step:730/4740 train_time:72482ms step_avg:99.29ms
step:731/4740 train_time:72582ms step_avg:99.29ms
step:732/4740 train_time:72742ms step_avg:99.37ms
step:733/4740 train_time:72843ms step_avg:99.38ms
step:734/4740 train_time:73002ms step_avg:99.46ms
step:735/4740 train_time:73103ms step_avg:99.46ms
step:736/4740 train_time:73263ms step_avg:99.54ms
step:737/4740 train_time:73363ms step_avg:99.54ms
step:738/4740 train_time:73521ms step_avg:99.62ms
step:739/4740 train_time:73622ms step_avg:99.62ms
step:740/4740 train_time:73782ms step_avg:99.71ms
step:741/4740 train_time:73882ms step_avg:99.71ms
step:742/4740 train_time:74042ms step_avg:99.79ms
step:743/4740 train_time:74141ms step_avg:99.79ms
step:744/4740 train_time:74301ms step_avg:99.87ms
step:745/4740 train_time:74401ms step_avg:99.87ms
step:746/4740 train_time:74561ms step_avg:99.95ms
step:747/4740 train_time:74661ms step_avg:99.95ms
step:748/4740 train_time:74820ms step_avg:100.03ms
step:749/4740 train_time:74921ms step_avg:100.03ms
step:750/4740 train_time:75080ms step_avg:100.11ms
step:750/4740 val_loss:3.6043 train_time:75152ms step_avg:100.20ms
step:751/4740 train_time:75186ms step_avg:100.11ms
step:752/4740 train_time:75340ms step_avg:100.19ms
step:753/4740 train_time:75443ms step_avg:100.19ms
step:754/4740 train_time:75605ms step_avg:100.27ms
step:755/4740 train_time:75707ms step_avg:100.27ms
step:756/4740 train_time:75864ms step_avg:100.35ms
step:757/4740 train_time:75962ms step_avg:100.35ms
step:758/4740 train_time:76121ms step_avg:100.42ms
step:759/4740 train_time:76221ms step_avg:100.42ms
step:760/4740 train_time:76382ms step_avg:100.50ms
step:761/4740 train_time:76484ms step_avg:100.50ms
step:762/4740 train_time:76645ms step_avg:100.58ms
step:763/4740 train_time:76748ms step_avg:100.59ms
step:764/4740 train_time:76905ms step_avg:100.66ms
step:765/4740 train_time:77008ms step_avg:100.66ms
step:766/4740 train_time:77164ms step_avg:100.74ms
step:767/4740 train_time:77267ms step_avg:100.74ms
step:768/4740 train_time:77426ms step_avg:100.81ms
step:769/4740 train_time:77529ms step_avg:100.82ms
step:770/4740 train_time:77688ms step_avg:100.89ms
step:771/4740 train_time:77790ms step_avg:100.90ms
step:772/4740 train_time:77948ms step_avg:100.97ms
step:773/4740 train_time:78049ms step_avg:100.97ms
step:774/4740 train_time:78206ms step_avg:101.04ms
step:775/4740 train_time:78308ms step_avg:101.04ms
step:776/4740 train_time:78467ms step_avg:101.12ms
step:777/4740 train_time:78570ms step_avg:101.12ms
step:778/4740 train_time:78729ms step_avg:101.19ms
step:779/4740 train_time:78831ms step_avg:101.20ms
step:780/4740 train_time:78990ms step_avg:101.27ms
step:781/4740 train_time:79092ms step_avg:101.27ms
step:782/4740 train_time:79251ms step_avg:101.34ms
step:783/4740 train_time:79352ms step_avg:101.34ms
step:784/4740 train_time:79510ms step_avg:101.42ms
step:785/4740 train_time:79626ms step_avg:101.43ms
step:786/4740 train_time:79861ms step_avg:101.60ms
step:787/4740 train_time:80009ms step_avg:101.66ms
step:788/4740 train_time:80253ms step_avg:101.84ms
step:789/4740 train_time:80392ms step_avg:101.89ms
step:790/4740 train_time:80637ms step_avg:102.07ms
step:791/4740 train_time:80774ms step_avg:102.12ms
step:792/4740 train_time:81015ms step_avg:102.29ms
step:793/4740 train_time:81154ms step_avg:102.34ms
step:794/4740 train_time:81396ms step_avg:102.51ms
step:795/4740 train_time:81536ms step_avg:102.56ms
step:796/4740 train_time:81778ms step_avg:102.74ms
step:797/4740 train_time:81917ms step_avg:102.78ms
step:798/4740 train_time:82158ms step_avg:102.95ms
step:799/4740 train_time:82297ms step_avg:103.00ms
step:800/4740 train_time:82540ms step_avg:103.18ms
step:801/4740 train_time:82680ms step_avg:103.22ms
step:802/4740 train_time:82920ms step_avg:103.39ms
step:803/4740 train_time:83063ms step_avg:103.44ms
step:804/4740 train_time:83307ms step_avg:103.62ms
step:805/4740 train_time:83446ms step_avg:103.66ms
step:806/4740 train_time:83694ms step_avg:103.84ms
step:807/4740 train_time:83835ms step_avg:103.88ms
step:808/4740 train_time:84077ms step_avg:104.06ms
step:809/4740 train_time:84217ms step_avg:104.10ms
step:810/4740 train_time:84460ms step_avg:104.27ms
step:811/4740 train_time:84601ms step_avg:104.32ms
step:812/4740 train_time:84844ms step_avg:104.49ms
step:813/4740 train_time:84983ms step_avg:104.53ms
step:814/4740 train_time:85227ms step_avg:104.70ms
step:815/4740 train_time:85370ms step_avg:104.75ms
step:816/4740 train_time:85612ms step_avg:104.92ms
step:817/4740 train_time:85749ms step_avg:104.96ms
step:818/4740 train_time:85994ms step_avg:105.13ms
step:819/4740 train_time:86135ms step_avg:105.17ms
step:820/4740 train_time:86382ms step_avg:105.34ms
step:821/4740 train_time:86522ms step_avg:105.39ms
step:822/4740 train_time:86763ms step_avg:105.55ms
step:823/4740 train_time:86903ms step_avg:105.59ms
step:824/4740 train_time:87145ms step_avg:105.76ms
step:825/4740 train_time:87285ms step_avg:105.80ms
step:826/4740 train_time:87530ms step_avg:105.97ms
step:827/4740 train_time:87674ms step_avg:106.01ms
step:828/4740 train_time:87916ms step_avg:106.18ms
step:829/4740 train_time:88055ms step_avg:106.22ms
step:830/4740 train_time:88299ms step_avg:106.38ms
step:831/4740 train_time:88437ms step_avg:106.42ms
step:832/4740 train_time:88679ms step_avg:106.59ms
step:833/4740 train_time:88820ms step_avg:106.63ms
step:834/4740 train_time:89067ms step_avg:106.79ms
step:835/4740 train_time:89206ms step_avg:106.83ms
step:836/4740 train_time:89449ms step_avg:107.00ms
step:837/4740 train_time:89588ms step_avg:107.03ms
step:838/4740 train_time:89835ms step_avg:107.20ms
step:839/4740 train_time:89974ms step_avg:107.24ms
step:840/4740 train_time:90216ms step_avg:107.40ms
step:841/4740 train_time:90354ms step_avg:107.44ms
step:842/4740 train_time:90600ms step_avg:107.60ms
step:843/4740 train_time:90739ms step_avg:107.64ms
step:844/4740 train_time:90987ms step_avg:107.80ms
step:845/4740 train_time:91125ms step_avg:107.84ms
step:846/4740 train_time:91370ms step_avg:108.00ms
step:847/4740 train_time:91506ms step_avg:108.04ms
step:848/4740 train_time:91751ms step_avg:108.20ms
step:849/4740 train_time:91891ms step_avg:108.23ms
step:850/4740 train_time:92134ms step_avg:108.39ms
step:851/4740 train_time:92274ms step_avg:108.43ms
step:852/4740 train_time:92515ms step_avg:108.59ms
step:853/4740 train_time:92653ms step_avg:108.62ms
step:854/4740 train_time:92899ms step_avg:108.78ms
step:855/4740 train_time:93037ms step_avg:108.81ms
step:856/4740 train_time:93279ms step_avg:108.97ms
step:857/4740 train_time:93417ms step_avg:109.01ms
step:858/4740 train_time:93661ms step_avg:109.16ms
step:859/4740 train_time:93799ms step_avg:109.20ms
step:860/4740 train_time:94043ms step_avg:109.35ms
step:861/4740 train_time:94185ms step_avg:109.39ms
step:862/4740 train_time:94428ms step_avg:109.55ms
step:863/4740 train_time:94566ms step_avg:109.58ms
step:864/4740 train_time:94810ms step_avg:109.73ms
step:865/4740 train_time:94948ms step_avg:109.77ms
step:866/4740 train_time:95195ms step_avg:109.92ms
step:867/4740 train_time:95335ms step_avg:109.96ms
step:868/4740 train_time:95578ms step_avg:110.11ms
step:869/4740 train_time:95716ms step_avg:110.14ms
step:870/4740 train_time:95959ms step_avg:110.30ms
step:871/4740 train_time:96099ms step_avg:110.33ms
step:872/4740 train_time:96343ms step_avg:110.49ms
step:873/4740 train_time:96487ms step_avg:110.52ms
step:874/4740 train_time:96730ms step_avg:110.68ms
step:875/4740 train_time:96868ms step_avg:110.71ms
step:876/4740 train_time:97111ms step_avg:110.86ms
step:877/4740 train_time:97251ms step_avg:110.89ms
step:878/4740 train_time:97494ms step_avg:111.04ms
step:879/4740 train_time:97636ms step_avg:111.08ms
step:880/4740 train_time:97877ms step_avg:111.22ms
step:881/4740 train_time:98018ms step_avg:111.26ms
step:882/4740 train_time:98260ms step_avg:111.41ms
step:883/4740 train_time:98401ms step_avg:111.44ms
step:884/4740 train_time:98646ms step_avg:111.59ms
step:885/4740 train_time:98785ms step_avg:111.62ms
step:886/4740 train_time:99028ms step_avg:111.77ms
step:887/4740 train_time:99167ms step_avg:111.80ms
step:888/4740 train_time:99411ms step_avg:111.95ms
step:889/4740 train_time:99552ms step_avg:111.98ms
step:890/4740 train_time:99794ms step_avg:112.13ms
step:891/4740 train_time:99933ms step_avg:112.16ms
step:892/4740 train_time:100177ms step_avg:112.31ms
step:893/4740 train_time:100316ms step_avg:112.34ms
step:894/4740 train_time:100559ms step_avg:112.48ms
step:895/4740 train_time:100698ms step_avg:112.51ms
step:896/4740 train_time:100939ms step_avg:112.66ms
step:897/4740 train_time:101079ms step_avg:112.69ms
step:898/4740 train_time:101323ms step_avg:112.83ms
step:899/4740 train_time:101462ms step_avg:112.86ms
step:900/4740 train_time:101703ms step_avg:113.00ms
step:901/4740 train_time:101845ms step_avg:113.04ms
step:902/4740 train_time:102089ms step_avg:113.18ms
step:903/4740 train_time:102229ms step_avg:113.21ms
step:904/4740 train_time:102472ms step_avg:113.35ms
step:905/4740 train_time:102607ms step_avg:113.38ms
step:906/4740 train_time:102852ms step_avg:113.52ms
step:907/4740 train_time:102993ms step_avg:113.55ms
step:908/4740 train_time:103236ms step_avg:113.70ms
step:909/4740 train_time:103375ms step_avg:113.72ms
step:910/4740 train_time:103616ms step_avg:113.86ms
step:911/4740 train_time:103756ms step_avg:113.89ms
step:912/4740 train_time:104000ms step_avg:114.03ms
step:913/4740 train_time:104141ms step_avg:114.06ms
step:914/4740 train_time:104387ms step_avg:114.21ms
step:915/4740 train_time:104526ms step_avg:114.24ms
step:916/4740 train_time:104768ms step_avg:114.38ms
step:917/4740 train_time:104908ms step_avg:114.40ms
step:918/4740 train_time:105151ms step_avg:114.54ms
step:919/4740 train_time:105292ms step_avg:114.57ms
step:920/4740 train_time:105535ms step_avg:114.71ms
step:921/4740 train_time:105673ms step_avg:114.74ms
step:922/4740 train_time:105918ms step_avg:114.88ms
step:923/4740 train_time:106056ms step_avg:114.90ms
step:924/4740 train_time:106298ms step_avg:115.04ms
step:925/4740 train_time:106440ms step_avg:115.07ms
step:926/4740 train_time:106682ms step_avg:115.21ms
step:927/4740 train_time:106824ms step_avg:115.24ms
step:928/4740 train_time:107065ms step_avg:115.37ms
step:929/4740 train_time:107205ms step_avg:115.40ms
step:930/4740 train_time:107448ms step_avg:115.54ms
step:931/4740 train_time:107591ms step_avg:115.56ms
step:932/4740 train_time:107835ms step_avg:115.70ms
step:933/4740 train_time:107975ms step_avg:115.73ms
step:934/4740 train_time:108221ms step_avg:115.87ms
step:935/4740 train_time:108360ms step_avg:115.89ms
step:936/4740 train_time:108604ms step_avg:116.03ms
step:937/4740 train_time:108745ms step_avg:116.06ms
step:938/4740 train_time:108990ms step_avg:116.19ms
step:939/4740 train_time:109127ms step_avg:116.22ms
step:940/4740 train_time:109370ms step_avg:116.35ms
step:941/4740 train_time:109510ms step_avg:116.38ms
step:942/4740 train_time:109755ms step_avg:116.51ms
step:943/4740 train_time:109894ms step_avg:116.54ms
step:944/4740 train_time:110137ms step_avg:116.67ms
step:945/4740 train_time:110278ms step_avg:116.70ms
step:946/4740 train_time:110520ms step_avg:116.83ms
step:947/4740 train_time:110660ms step_avg:116.85ms
step:948/4740 train_time:110901ms step_avg:116.98ms
step:949/4740 train_time:111043ms step_avg:117.01ms
step:950/4740 train_time:111288ms step_avg:117.15ms
step:951/4740 train_time:111427ms step_avg:117.17ms
step:952/4740 train_time:111672ms step_avg:117.30ms
step:953/4740 train_time:111807ms step_avg:117.32ms
step:954/4740 train_time:112052ms step_avg:117.45ms
step:955/4740 train_time:112194ms step_avg:117.48ms
step:956/4740 train_time:112434ms step_avg:117.61ms
step:957/4740 train_time:112572ms step_avg:117.63ms
step:958/4740 train_time:112815ms step_avg:117.76ms
step:959/4740 train_time:112952ms step_avg:117.78ms
step:960/4740 train_time:113197ms step_avg:117.91ms
step:961/4740 train_time:113333ms step_avg:117.93ms
step:962/4740 train_time:113575ms step_avg:118.06ms
step:963/4740 train_time:113715ms step_avg:118.08ms
step:964/4740 train_time:113959ms step_avg:118.21ms
step:965/4740 train_time:114098ms step_avg:118.24ms
step:966/4740 train_time:114343ms step_avg:118.37ms
step:967/4740 train_time:114483ms step_avg:118.39ms
step:968/4740 train_time:114727ms step_avg:118.52ms
step:969/4740 train_time:114866ms step_avg:118.54ms
step:970/4740 train_time:115112ms step_avg:118.67ms
step:971/4740 train_time:115250ms step_avg:118.69ms
step:972/4740 train_time:115493ms step_avg:118.82ms
step:973/4740 train_time:115632ms step_avg:118.84ms
step:974/4740 train_time:115875ms step_avg:118.97ms
step:975/4740 train_time:116015ms step_avg:118.99ms
step:976/4740 train_time:116261ms step_avg:119.12ms
step:977/4740 train_time:116399ms step_avg:119.14ms
step:978/4740 train_time:116641ms step_avg:119.26ms
step:979/4740 train_time:116784ms step_avg:119.29ms
step:980/4740 train_time:117027ms step_avg:119.41ms
step:981/4740 train_time:117166ms step_avg:119.44ms
step:982/4740 train_time:117410ms step_avg:119.56ms
step:983/4740 train_time:117548ms step_avg:119.58ms
step:984/4740 train_time:117794ms step_avg:119.71ms
step:985/4740 train_time:117933ms step_avg:119.73ms
step:986/4740 train_time:118175ms step_avg:119.85ms
step:987/4740 train_time:118315ms step_avg:119.87ms
step:988/4740 train_time:118557ms step_avg:120.00ms
step:989/4740 train_time:118696ms step_avg:120.02ms
step:990/4740 train_time:118940ms step_avg:120.14ms
step:991/4740 train_time:119079ms step_avg:120.16ms
step:992/4740 train_time:119322ms step_avg:120.28ms
step:993/4740 train_time:119463ms step_avg:120.30ms
step:994/4740 train_time:119704ms step_avg:120.43ms
step:995/4740 train_time:119845ms step_avg:120.45ms
step:996/4740 train_time:120090ms step_avg:120.57ms
step:997/4740 train_time:120229ms step_avg:120.59ms
step:998/4740 train_time:120473ms step_avg:120.71ms
step:999/4740 train_time:120611ms step_avg:120.73ms
step:1000/4740 train_time:120854ms step_avg:120.85ms
step:1000/4740 val_loss:3.4844 train_time:120953ms step_avg:120.95ms
step:1001/4740 train_time:120996ms step_avg:120.88ms
step:1002/4740 train_time:121243ms step_avg:121.00ms
step:1003/4740 train_time:121383ms step_avg:121.02ms
step:1004/4740 train_time:121627ms step_avg:121.14ms
step:1005/4740 train_time:121766ms step_avg:121.16ms
step:1006/4740 train_time:122008ms step_avg:121.28ms
step:1007/4740 train_time:122144ms step_avg:121.29ms
step:1008/4740 train_time:122392ms step_avg:121.42ms
step:1009/4740 train_time:122530ms step_avg:121.44ms
step:1010/4740 train_time:122773ms step_avg:121.56ms
step:1011/4740 train_time:122910ms step_avg:121.57ms
step:1012/4740 train_time:123153ms step_avg:121.69ms
step:1013/4740 train_time:123292ms step_avg:121.71ms
step:1014/4740 train_time:123539ms step_avg:121.83ms
step:1015/4740 train_time:123679ms step_avg:121.85ms
step:1016/4740 train_time:123919ms step_avg:121.97ms
step:1017/4740 train_time:124057ms step_avg:121.98ms
step:1018/4740 train_time:124298ms step_avg:122.10ms
step:1019/4740 train_time:124441ms step_avg:122.12ms
step:1020/4740 train_time:124686ms step_avg:122.24ms
step:1021/4740 train_time:124825ms step_avg:122.26ms
step:1022/4740 train_time:125067ms step_avg:122.38ms
step:1023/4740 train_time:125207ms step_avg:122.39ms
step:1024/4740 train_time:125453ms step_avg:122.51ms
step:1025/4740 train_time:125592ms step_avg:122.53ms
step:1026/4740 train_time:125835ms step_avg:122.65ms
step:1027/4740 train_time:125973ms step_avg:122.66ms
step:1028/4740 train_time:126214ms step_avg:122.78ms
step:1029/4740 train_time:126355ms step_avg:122.79ms
step:1030/4740 train_time:126600ms step_avg:122.91ms
step:1031/4740 train_time:126739ms step_avg:122.93ms
step:1032/4740 train_time:126981ms step_avg:123.04ms
step:1033/4740 train_time:127124ms step_avg:123.06ms
step:1034/4740 train_time:127369ms step_avg:123.18ms
step:1035/4740 train_time:127508ms step_avg:123.20ms
step:1036/4740 train_time:127752ms step_avg:123.31ms
step:1037/4740 train_time:127889ms step_avg:123.33ms
step:1038/4740 train_time:128133ms step_avg:123.44ms
step:1039/4740 train_time:128271ms step_avg:123.46ms
step:1040/4740 train_time:128513ms step_avg:123.57ms
step:1041/4740 train_time:128650ms step_avg:123.58ms
step:1042/4740 train_time:128892ms step_avg:123.70ms
step:1043/4740 train_time:129030ms step_avg:123.71ms
step:1044/4740 train_time:129271ms step_avg:123.82ms
step:1045/4740 train_time:129413ms step_avg:123.84ms
step:1046/4740 train_time:129655ms step_avg:123.95ms
step:1047/4740 train_time:129795ms step_avg:123.97ms
step:1048/4740 train_time:130037ms step_avg:124.08ms
step:1049/4740 train_time:130176ms step_avg:124.09ms
step:1050/4740 train_time:130418ms step_avg:124.21ms
step:1051/4740 train_time:130559ms step_avg:124.22ms
step:1052/4740 train_time:130802ms step_avg:124.34ms
step:1053/4740 train_time:130940ms step_avg:124.35ms
step:1054/4740 train_time:131181ms step_avg:124.46ms
step:1055/4740 train_time:131322ms step_avg:124.48ms
step:1056/4740 train_time:131566ms step_avg:124.59ms
step:1057/4740 train_time:131705ms step_avg:124.60ms
step:1058/4740 train_time:131947ms step_avg:124.71ms
step:1059/4740 train_time:132086ms step_avg:124.73ms
step:1060/4740 train_time:132332ms step_avg:124.84ms
step:1061/4740 train_time:132468ms step_avg:124.85ms
step:1062/4740 train_time:132712ms step_avg:124.96ms
step:1063/4740 train_time:132851ms step_avg:124.98ms
step:1064/4740 train_time:133094ms step_avg:125.09ms
step:1065/4740 train_time:133235ms step_avg:125.10ms
step:1066/4740 train_time:133477ms step_avg:125.21ms
step:1067/4740 train_time:133619ms step_avg:125.23ms
step:1068/4740 train_time:133861ms step_avg:125.34ms
step:1069/4740 train_time:134002ms step_avg:125.35ms
step:1070/4740 train_time:134247ms step_avg:125.46ms
step:1071/4740 train_time:134385ms step_avg:125.48ms
step:1072/4740 train_time:134627ms step_avg:125.59ms
step:1073/4740 train_time:134764ms step_avg:125.60ms
step:1074/4740 train_time:135009ms step_avg:125.71ms
step:1075/4740 train_time:135147ms step_avg:125.72ms
step:1076/4740 train_time:135390ms step_avg:125.83ms
step:1077/4740 train_time:135531ms step_avg:125.84ms
step:1078/4740 train_time:135773ms step_avg:125.95ms
step:1079/4740 train_time:135912ms step_avg:125.96ms
step:1080/4740 train_time:136153ms step_avg:126.07ms
step:1081/4740 train_time:136293ms step_avg:126.08ms
step:1082/4740 train_time:136535ms step_avg:126.19ms
step:1083/4740 train_time:136676ms step_avg:126.20ms
step:1084/4740 train_time:136922ms step_avg:126.31ms
step:1085/4740 train_time:137063ms step_avg:126.33ms
step:1086/4740 train_time:137306ms step_avg:126.43ms
step:1087/4740 train_time:137447ms step_avg:126.45ms
step:1088/4740 train_time:137689ms step_avg:126.55ms
step:1089/4740 train_time:137827ms step_avg:126.56ms
step:1090/4740 train_time:138071ms step_avg:126.67ms
step:1091/4740 train_time:138212ms step_avg:126.68ms
step:1092/4740 train_time:138455ms step_avg:126.79ms
step:1093/4740 train_time:138596ms step_avg:126.80ms
step:1094/4740 train_time:138841ms step_avg:126.91ms
step:1095/4740 train_time:138980ms step_avg:126.92ms
step:1096/4740 train_time:139222ms step_avg:127.03ms
step:1097/4740 train_time:139361ms step_avg:127.04ms
step:1098/4740 train_time:139605ms step_avg:127.15ms
step:1099/4740 train_time:139744ms step_avg:127.16ms
step:1100/4740 train_time:139988ms step_avg:127.26ms
step:1101/4740 train_time:140127ms step_avg:127.27ms
step:1102/4740 train_time:140369ms step_avg:127.38ms
step:1103/4740 train_time:140507ms step_avg:127.39ms
step:1104/4740 train_time:140749ms step_avg:127.49ms
step:1105/4740 train_time:140888ms step_avg:127.50ms
step:1106/4740 train_time:141130ms step_avg:127.60ms
step:1107/4740 train_time:141270ms step_avg:127.62ms
step:1108/4740 train_time:141514ms step_avg:127.72ms
step:1109/4740 train_time:141651ms step_avg:127.73ms
step:1110/4740 train_time:141894ms step_avg:127.83ms
step:1111/4740 train_time:142034ms step_avg:127.84ms
step:1112/4740 train_time:142278ms step_avg:127.95ms
step:1113/4740 train_time:142421ms step_avg:127.96ms
step:1114/4740 train_time:142668ms step_avg:128.07ms
step:1115/4740 train_time:142806ms step_avg:128.08ms
step:1116/4740 train_time:143048ms step_avg:128.18ms
step:1117/4740 train_time:143187ms step_avg:128.19ms
step:1118/4740 train_time:143431ms step_avg:128.29ms
step:1119/4740 train_time:143570ms step_avg:128.30ms
step:1120/4740 train_time:143817ms step_avg:128.41ms
step:1121/4740 train_time:143953ms step_avg:128.41ms
step:1122/4740 train_time:144196ms step_avg:128.52ms
step:1123/4740 train_time:144336ms step_avg:128.53ms
step:1124/4740 train_time:144577ms step_avg:128.63ms
step:1125/4740 train_time:144721ms step_avg:128.64ms
step:1126/4740 train_time:144963ms step_avg:128.74ms
step:1127/4740 train_time:145103ms step_avg:128.75ms
step:1128/4740 train_time:145348ms step_avg:128.85ms
step:1129/4740 train_time:145489ms step_avg:128.87ms
step:1130/4740 train_time:145731ms step_avg:128.97ms
step:1131/4740 train_time:145869ms step_avg:128.97ms
step:1132/4740 train_time:146112ms step_avg:129.07ms
step:1133/4740 train_time:146254ms step_avg:129.09ms
step:1134/4740 train_time:146495ms step_avg:129.18ms
step:1135/4740 train_time:146635ms step_avg:129.19ms
step:1136/4740 train_time:146878ms step_avg:129.29ms
step:1137/4740 train_time:147018ms step_avg:129.30ms
step:1138/4740 train_time:147261ms step_avg:129.40ms
step:1139/4740 train_time:147403ms step_avg:129.41ms
step:1140/4740 train_time:147648ms step_avg:129.52ms
step:1141/4740 train_time:147788ms step_avg:129.52ms
step:1142/4740 train_time:148030ms step_avg:129.62ms
step:1143/4740 train_time:148168ms step_avg:129.63ms
step:1144/4740 train_time:148409ms step_avg:129.73ms
step:1145/4740 train_time:148550ms step_avg:129.74ms
step:1146/4740 train_time:148791ms step_avg:129.84ms
step:1147/4740 train_time:148929ms step_avg:129.84ms
step:1148/4740 train_time:149171ms step_avg:129.94ms
step:1149/4740 train_time:149311ms step_avg:129.95ms
step:1150/4740 train_time:149551ms step_avg:130.04ms
step:1151/4740 train_time:149692ms step_avg:130.05ms
step:1152/4740 train_time:149932ms step_avg:130.15ms
step:1153/4740 train_time:150073ms step_avg:130.16ms
step:1154/4740 train_time:150314ms step_avg:130.26ms
step:1155/4740 train_time:150456ms step_avg:130.26ms
step:1156/4740 train_time:150697ms step_avg:130.36ms
step:1157/4740 train_time:150838ms step_avg:130.37ms
step:1158/4740 train_time:151078ms step_avg:130.46ms
step:1159/4740 train_time:151220ms step_avg:130.47ms
step:1160/4740 train_time:151462ms step_avg:130.57ms
step:1161/4740 train_time:151605ms step_avg:130.58ms
step:1162/4740 train_time:151848ms step_avg:130.68ms
step:1163/4740 train_time:151986ms step_avg:130.68ms
step:1164/4740 train_time:152229ms step_avg:130.78ms
step:1165/4740 train_time:152368ms step_avg:130.79ms
step:1166/4740 train_time:152611ms step_avg:130.88ms
step:1167/4740 train_time:152751ms step_avg:130.89ms
step:1168/4740 train_time:152991ms step_avg:130.99ms
step:1169/4740 train_time:153128ms step_avg:130.99ms
step:1170/4740 train_time:153373ms step_avg:131.09ms
step:1171/4740 train_time:153512ms step_avg:131.09ms
step:1172/4740 train_time:153756ms step_avg:131.19ms
step:1173/4740 train_time:153899ms step_avg:131.20ms
step:1174/4740 train_time:154139ms step_avg:131.29ms
step:1175/4740 train_time:154283ms step_avg:131.30ms
step:1176/4740 train_time:154555ms step_avg:131.42ms
step:1177/4740 train_time:154737ms step_avg:131.47ms
step:1178/4740 train_time:155059ms step_avg:131.63ms
step:1179/4740 train_time:155241ms step_avg:131.67ms
step:1180/4740 train_time:155560ms step_avg:131.83ms
step:1181/4740 train_time:155741ms step_avg:131.87ms
step:1182/4740 train_time:156062ms step_avg:132.03ms
step:1183/4740 train_time:156243ms step_avg:132.07ms
step:1184/4740 train_time:156561ms step_avg:132.23ms
step:1185/4740 train_time:156741ms step_avg:132.27ms
step:1186/4740 train_time:157061ms step_avg:132.43ms
step:1187/4740 train_time:157239ms step_avg:132.47ms
step:1188/4740 train_time:157560ms step_avg:132.63ms
step:1189/4740 train_time:157741ms step_avg:132.67ms
step:1190/4740 train_time:158060ms step_avg:132.82ms
step:1191/4740 train_time:158241ms step_avg:132.86ms
step:1192/4740 train_time:158560ms step_avg:133.02ms
step:1193/4740 train_time:158740ms step_avg:133.06ms
step:1194/4740 train_time:159062ms step_avg:133.22ms
step:1195/4740 train_time:159239ms step_avg:133.25ms
step:1196/4740 train_time:159560ms step_avg:133.41ms
step:1197/4740 train_time:159742ms step_avg:133.45ms
step:1198/4740 train_time:160061ms step_avg:133.61ms
step:1199/4740 train_time:160243ms step_avg:133.65ms
step:1200/4740 train_time:160563ms step_avg:133.80ms
step:1201/4740 train_time:160740ms step_avg:133.84ms
step:1202/4740 train_time:161058ms step_avg:133.99ms
step:1203/4740 train_time:161239ms step_avg:134.03ms
step:1204/4740 train_time:161555ms step_avg:134.18ms
step:1205/4740 train_time:161738ms step_avg:134.22ms
step:1206/4740 train_time:162057ms step_avg:134.38ms
step:1207/4740 train_time:162238ms step_avg:134.41ms
step:1208/4740 train_time:162559ms step_avg:134.57ms
step:1209/4740 train_time:162737ms step_avg:134.60ms
step:1210/4740 train_time:163056ms step_avg:134.76ms
step:1211/4740 train_time:163238ms step_avg:134.80ms
step:1212/4740 train_time:163561ms step_avg:134.95ms
step:1213/4740 train_time:163740ms step_avg:134.99ms
step:1214/4740 train_time:164060ms step_avg:135.14ms
step:1215/4740 train_time:164244ms step_avg:135.18ms
step:1216/4740 train_time:164565ms step_avg:135.33ms
step:1217/4740 train_time:164743ms step_avg:135.37ms
step:1218/4740 train_time:165063ms step_avg:135.52ms
step:1219/4740 train_time:165242ms step_avg:135.56ms
step:1220/4740 train_time:165563ms step_avg:135.71ms
step:1221/4740 train_time:165739ms step_avg:135.74ms
step:1222/4740 train_time:166061ms step_avg:135.89ms
step:1223/4740 train_time:166240ms step_avg:135.93ms
step:1224/4740 train_time:166557ms step_avg:136.08ms
step:1225/4740 train_time:166737ms step_avg:136.11ms
step:1226/4740 train_time:167055ms step_avg:136.26ms
step:1227/4740 train_time:167236ms step_avg:136.30ms
step:1228/4740 train_time:167560ms step_avg:136.45ms
step:1229/4740 train_time:167738ms step_avg:136.48ms
step:1230/4740 train_time:168056ms step_avg:136.63ms
step:1231/4740 train_time:168237ms step_avg:136.67ms
step:1232/4740 train_time:168557ms step_avg:136.82ms
step:1233/4740 train_time:168738ms step_avg:136.85ms
step:1234/4740 train_time:169056ms step_avg:137.00ms
step:1235/4740 train_time:169236ms step_avg:137.03ms
step:1236/4740 train_time:169554ms step_avg:137.18ms
step:1237/4740 train_time:169735ms step_avg:137.22ms
step:1238/4740 train_time:170051ms step_avg:137.36ms
step:1239/4740 train_time:170234ms step_avg:137.40ms
step:1240/4740 train_time:170552ms step_avg:137.54ms
step:1241/4740 train_time:170736ms step_avg:137.58ms
step:1242/4740 train_time:171052ms step_avg:137.72ms
step:1243/4740 train_time:171234ms step_avg:137.76ms
step:1244/4740 train_time:171551ms step_avg:137.90ms
step:1245/4740 train_time:171734ms step_avg:137.94ms
step:1246/4740 train_time:172051ms step_avg:138.08ms
step:1247/4740 train_time:172233ms step_avg:138.12ms
step:1248/4740 train_time:172552ms step_avg:138.26ms
step:1249/4740 train_time:172732ms step_avg:138.30ms
step:1250/4740 train_time:173052ms step_avg:138.44ms
step:1250/4740 val_loss:3.3650 train_time:173178ms step_avg:138.54ms
step:1251/4740 train_time:173235ms step_avg:138.48ms
step:1252/4740 train_time:173559ms step_avg:138.63ms
step:1253/4740 train_time:173740ms step_avg:138.66ms
step:1254/4740 train_time:174059ms step_avg:138.80ms
step:1255/4740 train_time:174237ms step_avg:138.83ms
step:1256/4740 train_time:174556ms step_avg:138.98ms
step:1257/4740 train_time:174744ms step_avg:139.02ms
step:1258/4740 train_time:175058ms step_avg:139.16ms
step:1259/4740 train_time:175235ms step_avg:139.19ms
step:1260/4740 train_time:175557ms step_avg:139.33ms
step:1261/4740 train_time:175741ms step_avg:139.37ms
step:1262/4740 train_time:176058ms step_avg:139.51ms
step:1263/4740 train_time:176235ms step_avg:139.54ms
step:1264/4740 train_time:176556ms step_avg:139.68ms
step:1265/4740 train_time:176736ms step_avg:139.71ms
step:1266/4740 train_time:177059ms step_avg:139.86ms
step:1267/4740 train_time:177234ms step_avg:139.88ms
step:1268/4740 train_time:177557ms step_avg:140.03ms
step:1269/4740 train_time:177735ms step_avg:140.06ms
step:1270/4740 train_time:178053ms step_avg:140.20ms
step:1271/4740 train_time:178235ms step_avg:140.23ms
step:1272/4740 train_time:178552ms step_avg:140.37ms
step:1273/4740 train_time:178734ms step_avg:140.40ms
step:1274/4740 train_time:179052ms step_avg:140.54ms
step:1275/4740 train_time:179234ms step_avg:140.58ms
step:1276/4740 train_time:179554ms step_avg:140.72ms
step:1277/4740 train_time:179732ms step_avg:140.75ms
step:1278/4740 train_time:180053ms step_avg:140.89ms
step:1279/4740 train_time:180231ms step_avg:140.92ms
step:1280/4740 train_time:180553ms step_avg:141.06ms
step:1281/4740 train_time:180730ms step_avg:141.08ms
step:1282/4740 train_time:181050ms step_avg:141.22ms
step:1283/4740 train_time:181232ms step_avg:141.26ms
step:1284/4740 train_time:181554ms step_avg:141.40ms
step:1285/4740 train_time:181731ms step_avg:141.42ms
step:1286/4740 train_time:182050ms step_avg:141.56ms
step:1287/4740 train_time:182231ms step_avg:141.59ms
step:1288/4740 train_time:182553ms step_avg:141.73ms
step:1289/4740 train_time:182730ms step_avg:141.76ms
step:1290/4740 train_time:183051ms step_avg:141.90ms
step:1291/4740 train_time:183230ms step_avg:141.93ms
step:1292/4740 train_time:183546ms step_avg:142.06ms
step:1293/4740 train_time:183732ms step_avg:142.10ms
step:1294/4740 train_time:184053ms step_avg:142.24ms
step:1295/4740 train_time:184231ms step_avg:142.26ms
step:1296/4740 train_time:184550ms step_avg:142.40ms
step:1297/4740 train_time:184730ms step_avg:142.43ms
step:1298/4740 train_time:185050ms step_avg:142.57ms
step:1299/4740 train_time:185229ms step_avg:142.59ms
step:1300/4740 train_time:185551ms step_avg:142.73ms
step:1301/4740 train_time:185729ms step_avg:142.76ms
step:1302/4740 train_time:186050ms step_avg:142.90ms
step:1303/4740 train_time:186231ms step_avg:142.92ms
step:1304/4740 train_time:186552ms step_avg:143.06ms
step:1305/4740 train_time:186732ms step_avg:143.09ms
step:1306/4740 train_time:187050ms step_avg:143.22ms
step:1307/4740 train_time:187230ms step_avg:143.25ms
step:1308/4740 train_time:187551ms step_avg:143.39ms
step:1309/4740 train_time:187731ms step_avg:143.42ms
step:1310/4740 train_time:188052ms step_avg:143.55ms
step:1311/4740 train_time:188230ms step_avg:143.58ms
step:1312/4740 train_time:188550ms step_avg:143.71ms
step:1313/4740 train_time:188730ms step_avg:143.74ms
step:1314/4740 train_time:189046ms step_avg:143.87ms
step:1315/4740 train_time:189230ms step_avg:143.90ms
step:1316/4740 train_time:189546ms step_avg:144.03ms
step:1317/4740 train_time:189728ms step_avg:144.06ms
step:1318/4740 train_time:190047ms step_avg:144.19ms
step:1319/4740 train_time:190228ms step_avg:144.22ms
step:1320/4740 train_time:190543ms step_avg:144.35ms
step:1321/4740 train_time:190726ms step_avg:144.38ms
step:1322/4740 train_time:191043ms step_avg:144.51ms
step:1323/4740 train_time:191226ms step_avg:144.54ms
step:1324/4740 train_time:191543ms step_avg:144.67ms
step:1325/4740 train_time:191725ms step_avg:144.70ms
step:1326/4740 train_time:192041ms step_avg:144.83ms
step:1327/4740 train_time:192225ms step_avg:144.86ms
step:1328/4740 train_time:192540ms step_avg:144.99ms
step:1329/4740 train_time:192725ms step_avg:145.01ms
step:1330/4740 train_time:193040ms step_avg:145.14ms
step:1331/4740 train_time:193222ms step_avg:145.17ms
step:1332/4740 train_time:193540ms step_avg:145.30ms
step:1333/4740 train_time:193724ms step_avg:145.33ms
step:1334/4740 train_time:194041ms step_avg:145.46ms
step:1335/4740 train_time:194223ms step_avg:145.49ms
step:1336/4740 train_time:194541ms step_avg:145.61ms
step:1337/4740 train_time:194723ms step_avg:145.64ms
step:1338/4740 train_time:195039ms step_avg:145.77ms
step:1339/4740 train_time:195221ms step_avg:145.80ms
step:1340/4740 train_time:195539ms step_avg:145.92ms
step:1341/4740 train_time:195720ms step_avg:145.95ms
step:1342/4740 train_time:196038ms step_avg:146.08ms
step:1343/4740 train_time:196217ms step_avg:146.10ms
step:1344/4740 train_time:196536ms step_avg:146.23ms
step:1345/4740 train_time:196717ms step_avg:146.26ms
step:1346/4740 train_time:197034ms step_avg:146.38ms
step:1347/4740 train_time:197214ms step_avg:146.41ms
step:1348/4740 train_time:197534ms step_avg:146.54ms
step:1349/4740 train_time:197714ms step_avg:146.56ms
step:1350/4740 train_time:198032ms step_avg:146.69ms
step:1351/4740 train_time:198211ms step_avg:146.71ms
step:1352/4740 train_time:198533ms step_avg:146.84ms
step:1353/4740 train_time:198715ms step_avg:146.87ms
step:1354/4740 train_time:199034ms step_avg:147.00ms
step:1355/4740 train_time:199213ms step_avg:147.02ms
step:1356/4740 train_time:199534ms step_avg:147.15ms
step:1357/4740 train_time:199718ms step_avg:147.18ms
step:1358/4740 train_time:200039ms step_avg:147.30ms
step:1359/4740 train_time:200221ms step_avg:147.33ms
step:1360/4740 train_time:200542ms step_avg:147.46ms
step:1361/4740 train_time:200723ms step_avg:147.48ms
step:1362/4740 train_time:201038ms step_avg:147.61ms
step:1363/4740 train_time:201217ms step_avg:147.63ms
step:1364/4740 train_time:201539ms step_avg:147.76ms
step:1365/4740 train_time:201721ms step_avg:147.78ms
step:1366/4740 train_time:202039ms step_avg:147.91ms
step:1367/4740 train_time:202219ms step_avg:147.93ms
step:1368/4740 train_time:202538ms step_avg:148.05ms
step:1369/4740 train_time:202718ms step_avg:148.08ms
step:1370/4740 train_time:203035ms step_avg:148.20ms
step:1371/4740 train_time:203217ms step_avg:148.23ms
step:1372/4740 train_time:203536ms step_avg:148.35ms
step:1373/4740 train_time:203718ms step_avg:148.37ms
step:1374/4740 train_time:204035ms step_avg:148.50ms
step:1375/4740 train_time:204215ms step_avg:148.52ms
step:1376/4740 train_time:204533ms step_avg:148.64ms
step:1377/4740 train_time:204712ms step_avg:148.67ms
step:1378/4740 train_time:205030ms step_avg:148.79ms
step:1379/4740 train_time:205210ms step_avg:148.81ms
step:1380/4740 train_time:205530ms step_avg:148.93ms
step:1381/4740 train_time:205712ms step_avg:148.96ms
step:1382/4740 train_time:206031ms step_avg:149.08ms
step:1383/4740 train_time:206211ms step_avg:149.10ms
step:1384/4740 train_time:206529ms step_avg:149.23ms
step:1385/4740 train_time:206712ms step_avg:149.25ms
step:1386/4740 train_time:207031ms step_avg:149.37ms
step:1387/4740 train_time:207212ms step_avg:149.40ms
step:1388/4740 train_time:207530ms step_avg:149.52ms
step:1389/4740 train_time:207710ms step_avg:149.54ms
step:1390/4740 train_time:208030ms step_avg:149.66ms
step:1391/4740 train_time:208211ms step_avg:149.68ms
step:1392/4740 train_time:208531ms step_avg:149.81ms
step:1393/4740 train_time:208711ms step_avg:149.83ms
step:1394/4740 train_time:209027ms step_avg:149.95ms
step:1395/4740 train_time:209208ms step_avg:149.97ms
step:1396/4740 train_time:209530ms step_avg:150.09ms
step:1397/4740 train_time:209708ms step_avg:150.11ms
step:1398/4740 train_time:210027ms step_avg:150.23ms
step:1399/4740 train_time:210207ms step_avg:150.26ms
step:1400/4740 train_time:210524ms step_avg:150.37ms
step:1401/4740 train_time:210704ms step_avg:150.40ms
step:1402/4740 train_time:211023ms step_avg:150.52ms
step:1403/4740 train_time:211205ms step_avg:150.54ms
step:1404/4740 train_time:211521ms step_avg:150.66ms
step:1405/4740 train_time:211704ms step_avg:150.68ms
step:1406/4740 train_time:212018ms step_avg:150.80ms
step:1407/4740 train_time:212198ms step_avg:150.82ms
step:1408/4740 train_time:212516ms step_avg:150.93ms
step:1409/4740 train_time:212697ms step_avg:150.96ms
step:1410/4740 train_time:213018ms step_avg:151.08ms
step:1411/4740 train_time:213197ms step_avg:151.10ms
step:1412/4740 train_time:213520ms step_avg:151.22ms
step:1413/4740 train_time:213699ms step_avg:151.24ms
step:1414/4740 train_time:214019ms step_avg:151.36ms
step:1415/4740 train_time:214196ms step_avg:151.38ms
step:1416/4740 train_time:214520ms step_avg:151.50ms
step:1417/4740 train_time:214698ms step_avg:151.52ms
step:1418/4740 train_time:215017ms step_avg:151.63ms
step:1419/4740 train_time:215200ms step_avg:151.66ms
step:1420/4740 train_time:215519ms step_avg:151.77ms
step:1421/4740 train_time:215701ms step_avg:151.80ms
step:1422/4740 train_time:216018ms step_avg:151.91ms
step:1423/4740 train_time:216199ms step_avg:151.93ms
step:1424/4740 train_time:216519ms step_avg:152.05ms
step:1425/4740 train_time:216698ms step_avg:152.07ms
step:1426/4740 train_time:217018ms step_avg:152.19ms
step:1427/4740 train_time:217195ms step_avg:152.20ms
step:1428/4740 train_time:217517ms step_avg:152.32ms
step:1429/4740 train_time:217695ms step_avg:152.34ms
step:1430/4740 train_time:218015ms step_avg:152.46ms
step:1431/4740 train_time:218193ms step_avg:152.48ms
step:1432/4740 train_time:218513ms step_avg:152.59ms
step:1433/4740 train_time:218697ms step_avg:152.61ms
step:1434/4740 train_time:219014ms step_avg:152.73ms
step:1435/4740 train_time:219195ms step_avg:152.75ms
step:1436/4740 train_time:219515ms step_avg:152.87ms
step:1437/4740 train_time:219695ms step_avg:152.88ms
step:1438/4740 train_time:220016ms step_avg:153.00ms
step:1439/4740 train_time:220193ms step_avg:153.02ms
step:1440/4740 train_time:220515ms step_avg:153.14ms
step:1441/4740 train_time:220694ms step_avg:153.15ms
step:1442/4740 train_time:221016ms step_avg:153.27ms
step:1443/4740 train_time:221194ms step_avg:153.29ms
step:1444/4740 train_time:221514ms step_avg:153.40ms
step:1445/4740 train_time:221692ms step_avg:153.42ms
step:1446/4740 train_time:222012ms step_avg:153.54ms
step:1447/4740 train_time:222193ms step_avg:153.55ms
step:1448/4740 train_time:222513ms step_avg:153.67ms
step:1449/4740 train_time:222693ms step_avg:153.69ms
step:1450/4740 train_time:223012ms step_avg:153.80ms
step:1451/4740 train_time:223192ms step_avg:153.82ms
step:1452/4740 train_time:223511ms step_avg:153.93ms
step:1453/4740 train_time:223687ms step_avg:153.95ms
step:1454/4740 train_time:224005ms step_avg:154.06ms
step:1455/4740 train_time:224186ms step_avg:154.08ms
step:1456/4740 train_time:224503ms step_avg:154.19ms
step:1457/4740 train_time:224688ms step_avg:154.21ms
step:1458/4740 train_time:225006ms step_avg:154.33ms
step:1459/4740 train_time:225187ms step_avg:154.34ms
step:1460/4740 train_time:225504ms step_avg:154.46ms
step:1461/4740 train_time:225684ms step_avg:154.47ms
step:1462/4740 train_time:226000ms step_avg:154.58ms
step:1463/4740 train_time:226182ms step_avg:154.60ms
step:1464/4740 train_time:226497ms step_avg:154.71ms
step:1465/4740 train_time:226683ms step_avg:154.73ms
step:1466/4740 train_time:226996ms step_avg:154.84ms
step:1467/4740 train_time:227180ms step_avg:154.86ms
step:1468/4740 train_time:227496ms step_avg:154.97ms
step:1469/4740 train_time:227679ms step_avg:154.99ms
step:1470/4740 train_time:227998ms step_avg:155.10ms
step:1471/4740 train_time:228178ms step_avg:155.12ms
step:1472/4740 train_time:228499ms step_avg:155.23ms
step:1473/4740 train_time:228680ms step_avg:155.25ms
step:1474/4740 train_time:228999ms step_avg:155.36ms
step:1475/4740 train_time:229178ms step_avg:155.38ms
step:1476/4740 train_time:229498ms step_avg:155.49ms
step:1477/4740 train_time:229677ms step_avg:155.50ms
step:1478/4740 train_time:229993ms step_avg:155.61ms
step:1479/4740 train_time:230179ms step_avg:155.63ms
step:1480/4740 train_time:230493ms step_avg:155.74ms
step:1481/4740 train_time:230677ms step_avg:155.76ms
step:1482/4740 train_time:230993ms step_avg:155.87ms
step:1483/4740 train_time:231175ms step_avg:155.88ms
step:1484/4740 train_time:231495ms step_avg:155.99ms
step:1485/4740 train_time:231675ms step_avg:156.01ms
step:1486/4740 train_time:231995ms step_avg:156.12ms
step:1487/4740 train_time:232175ms step_avg:156.14ms
step:1488/4740 train_time:232495ms step_avg:156.25ms
step:1489/4740 train_time:232673ms step_avg:156.26ms
step:1490/4740 train_time:232995ms step_avg:156.37ms
step:1491/4740 train_time:233175ms step_avg:156.39ms
step:1492/4740 train_time:233493ms step_avg:156.50ms
step:1493/4740 train_time:233674ms step_avg:156.51ms
step:1494/4740 train_time:233991ms step_avg:156.62ms
step:1495/4740 train_time:234174ms step_avg:156.64ms
step:1496/4740 train_time:234492ms step_avg:156.75ms
step:1497/4740 train_time:234673ms step_avg:156.76ms
step:1498/4740 train_time:234992ms step_avg:156.87ms
step:1499/4740 train_time:235169ms step_avg:156.88ms
step:1500/4740 train_time:235487ms step_avg:156.99ms
step:1500/4740 val_loss:3.2921 train_time:235617ms step_avg:157.08ms
step:1501/4740 train_time:235674ms step_avg:157.01ms
step:1502/4740 train_time:235997ms step_avg:157.12ms
step:1503/4740 train_time:236175ms step_avg:157.14ms
step:1504/4740 train_time:236491ms step_avg:157.24ms
step:1505/4740 train_time:236667ms step_avg:157.25ms
step:1506/4740 train_time:236992ms step_avg:157.37ms
step:1507/4740 train_time:237171ms step_avg:157.38ms
step:1508/4740 train_time:237493ms step_avg:157.49ms
step:1509/4740 train_time:237667ms step_avg:157.50ms
step:1510/4740 train_time:237991ms step_avg:157.61ms
step:1511/4740 train_time:238168ms step_avg:157.62ms
step:1512/4740 train_time:238491ms step_avg:157.73ms
step:1513/4740 train_time:238666ms step_avg:157.74ms
step:1514/4740 train_time:238991ms step_avg:157.85ms
step:1515/4740 train_time:239169ms step_avg:157.87ms
step:1516/4740 train_time:239491ms step_avg:157.98ms
step:1517/4740 train_time:239667ms step_avg:157.99ms
step:1518/4740 train_time:239988ms step_avg:158.10ms
step:1519/4740 train_time:240166ms step_avg:158.11ms
step:1520/4740 train_time:240489ms step_avg:158.22ms
step:1521/4740 train_time:240664ms step_avg:158.23ms
step:1522/4740 train_time:240989ms step_avg:158.34ms
step:1523/4740 train_time:241166ms step_avg:158.35ms
step:1524/4740 train_time:241489ms step_avg:158.46ms
step:1525/4740 train_time:241663ms step_avg:158.47ms
step:1526/4740 train_time:241988ms step_avg:158.58ms
step:1527/4740 train_time:242164ms step_avg:158.59ms
step:1528/4740 train_time:242486ms step_avg:158.70ms
step:1529/4740 train_time:242663ms step_avg:158.71ms
step:1530/4740 train_time:242986ms step_avg:158.81ms
step:1531/4740 train_time:243162ms step_avg:158.83ms
step:1532/4740 train_time:243484ms step_avg:158.93ms
step:1533/4740 train_time:243661ms step_avg:158.94ms
step:1534/4740 train_time:243983ms step_avg:159.05ms
step:1535/4740 train_time:244161ms step_avg:159.06ms
step:1536/4740 train_time:244480ms step_avg:159.17ms
step:1537/4740 train_time:244661ms step_avg:159.18ms
step:1538/4740 train_time:244978ms step_avg:159.28ms
step:1539/4740 train_time:245159ms step_avg:159.30ms
step:1540/4740 train_time:245477ms step_avg:159.40ms
step:1541/4740 train_time:245662ms step_avg:159.42ms
step:1542/4740 train_time:245980ms step_avg:159.52ms
step:1543/4740 train_time:246158ms step_avg:159.53ms
step:1544/4740 train_time:246475ms step_avg:159.63ms
step:1545/4740 train_time:246656ms step_avg:159.65ms
step:1546/4740 train_time:246974ms step_avg:159.75ms
step:1547/4740 train_time:247152ms step_avg:159.76ms
step:1548/4740 train_time:247474ms step_avg:159.87ms
step:1549/4740 train_time:247654ms step_avg:159.88ms
step:1550/4740 train_time:247969ms step_avg:159.98ms
step:1551/4740 train_time:248151ms step_avg:159.99ms
step:1552/4740 train_time:248470ms step_avg:160.10ms
step:1553/4740 train_time:248650ms step_avg:160.11ms
step:1554/4740 train_time:248968ms step_avg:160.21ms
step:1555/4740 train_time:249148ms step_avg:160.22ms
step:1556/4740 train_time:249467ms step_avg:160.33ms
step:1557/4740 train_time:249648ms step_avg:160.34ms
step:1558/4740 train_time:249965ms step_avg:160.44ms
step:1559/4740 train_time:250148ms step_avg:160.45ms
step:1560/4740 train_time:250466ms step_avg:160.56ms
step:1561/4740 train_time:250646ms step_avg:160.57ms
step:1562/4740 train_time:250965ms step_avg:160.67ms
step:1563/4740 train_time:251144ms step_avg:160.68ms
step:1564/4740 train_time:251459ms step_avg:160.78ms
step:1565/4740 train_time:251642ms step_avg:160.79ms
step:1566/4740 train_time:251965ms step_avg:160.90ms
step:1567/4740 train_time:252143ms step_avg:160.91ms
step:1568/4740 train_time:252464ms step_avg:161.01ms
step:1569/4740 train_time:252643ms step_avg:161.02ms
step:1570/4740 train_time:252966ms step_avg:161.13ms
step:1571/4740 train_time:253144ms step_avg:161.14ms
step:1572/4740 train_time:253466ms step_avg:161.24ms
step:1573/4740 train_time:253644ms step_avg:161.25ms
step:1574/4740 train_time:253964ms step_avg:161.35ms
step:1575/4740 train_time:254146ms step_avg:161.36ms
step:1576/4740 train_time:254466ms step_avg:161.46ms
step:1577/4740 train_time:254644ms step_avg:161.47ms
step:1578/4740 train_time:254967ms step_avg:161.58ms
step:1579/4740 train_time:255147ms step_avg:161.59ms
step:1580/4740 train_time:255468ms step_avg:161.69ms
step:1581/4740 train_time:255649ms step_avg:161.70ms
step:1582/4740 train_time:255970ms step_avg:161.80ms
step:1583/4740 train_time:256152ms step_avg:161.81ms
step:1584/4740 train_time:256472ms step_avg:161.91ms
step:1585/4740 train_time:256655ms step_avg:161.93ms
step:1586/4740 train_time:256973ms step_avg:162.03ms
step:1587/4740 train_time:257155ms step_avg:162.04ms
step:1588/4740 train_time:257473ms step_avg:162.14ms
step:1589/4740 train_time:257655ms step_avg:162.15ms
step:1590/4740 train_time:257974ms step_avg:162.25ms
step:1591/4740 train_time:258156ms step_avg:162.26ms
step:1592/4740 train_time:258475ms step_avg:162.36ms
step:1593/4740 train_time:258657ms step_avg:162.37ms
step:1594/4740 train_time:258976ms step_avg:162.47ms
step:1595/4740 train_time:259159ms step_avg:162.48ms
step:1596/4740 train_time:259476ms step_avg:162.58ms
step:1597/4740 train_time:259658ms step_avg:162.59ms
step:1598/4740 train_time:259977ms step_avg:162.69ms
step:1599/4740 train_time:260158ms step_avg:162.70ms
step:1600/4740 train_time:260475ms step_avg:162.80ms
step:1601/4740 train_time:260658ms step_avg:162.81ms
step:1602/4740 train_time:260976ms step_avg:162.91ms
step:1603/4740 train_time:261158ms step_avg:162.92ms
step:1604/4740 train_time:261477ms step_avg:163.02ms
step:1605/4740 train_time:261657ms step_avg:163.03ms
step:1606/4740 train_time:261976ms step_avg:163.12ms
step:1607/4740 train_time:262158ms step_avg:163.13ms
step:1608/4740 train_time:262477ms step_avg:163.23ms
step:1609/4740 train_time:262661ms step_avg:163.24ms
step:1610/4740 train_time:262984ms step_avg:163.34ms
step:1611/4740 train_time:263164ms step_avg:163.35ms
step:1612/4740 train_time:263485ms step_avg:163.45ms
step:1613/4740 train_time:263664ms step_avg:163.46ms
step:1614/4740 train_time:263986ms step_avg:163.56ms
step:1615/4740 train_time:264164ms step_avg:163.57ms
step:1616/4740 train_time:264484ms step_avg:163.67ms
step:1617/4740 train_time:264663ms step_avg:163.68ms
step:1618/4740 train_time:264987ms step_avg:163.77ms
step:1619/4740 train_time:265167ms step_avg:163.78ms
step:1620/4740 train_time:265487ms step_avg:163.88ms
step:1621/4740 train_time:265667ms step_avg:163.89ms
step:1622/4740 train_time:265989ms step_avg:163.99ms
step:1623/4740 train_time:266167ms step_avg:164.00ms
step:1624/4740 train_time:266487ms step_avg:164.09ms
step:1625/4740 train_time:266666ms step_avg:164.10ms
step:1626/4740 train_time:266987ms step_avg:164.20ms
step:1627/4740 train_time:267165ms step_avg:164.21ms
step:1628/4740 train_time:267488ms step_avg:164.30ms
step:1629/4740 train_time:267664ms step_avg:164.31ms
step:1630/4740 train_time:267987ms step_avg:164.41ms
step:1631/4740 train_time:268164ms step_avg:164.42ms
step:1632/4740 train_time:268489ms step_avg:164.52ms
step:1633/4740 train_time:268667ms step_avg:164.52ms
step:1634/4740 train_time:268990ms step_avg:164.62ms
step:1635/4740 train_time:269167ms step_avg:164.63ms
step:1636/4740 train_time:269491ms step_avg:164.73ms
step:1637/4740 train_time:269668ms step_avg:164.73ms
step:1638/4740 train_time:269989ms step_avg:164.83ms
step:1639/4740 train_time:270166ms step_avg:164.84ms
step:1640/4740 train_time:270487ms step_avg:164.93ms
step:1641/4740 train_time:270664ms step_avg:164.94ms
step:1642/4740 train_time:270986ms step_avg:165.03ms
step:1643/4740 train_time:271163ms step_avg:165.04ms
step:1644/4740 train_time:271482ms step_avg:165.13ms
step:1645/4740 train_time:271664ms step_avg:165.15ms
step:1646/4740 train_time:271986ms step_avg:165.24ms
step:1647/4740 train_time:272165ms step_avg:165.25ms
step:1648/4740 train_time:272486ms step_avg:165.34ms
step:1649/4740 train_time:272665ms step_avg:165.35ms
step:1650/4740 train_time:272986ms step_avg:165.45ms
step:1651/4740 train_time:273165ms step_avg:165.45ms
step:1652/4740 train_time:273484ms step_avg:165.55ms
step:1653/4740 train_time:273669ms step_avg:165.56ms
step:1654/4740 train_time:273989ms step_avg:165.65ms
step:1655/4740 train_time:274164ms step_avg:165.66ms
step:1656/4740 train_time:274487ms step_avg:165.75ms
step:1657/4740 train_time:274667ms step_avg:165.76ms
step:1658/4740 train_time:274987ms step_avg:165.85ms
step:1659/4740 train_time:275170ms step_avg:165.87ms
step:1660/4740 train_time:275492ms step_avg:165.96ms
step:1661/4740 train_time:275671ms step_avg:165.97ms
step:1662/4740 train_time:275989ms step_avg:166.06ms
step:1663/4740 train_time:276171ms step_avg:166.07ms
step:1664/4740 train_time:276492ms step_avg:166.16ms
step:1665/4740 train_time:276675ms step_avg:166.17ms
step:1666/4740 train_time:276994ms step_avg:166.26ms
step:1667/4740 train_time:277174ms step_avg:166.27ms
step:1668/4740 train_time:277496ms step_avg:166.36ms
step:1669/4740 train_time:277677ms step_avg:166.37ms
step:1670/4740 train_time:277994ms step_avg:166.46ms
step:1671/4740 train_time:278178ms step_avg:166.47ms
step:1672/4740 train_time:278499ms step_avg:166.57ms
step:1673/4740 train_time:278683ms step_avg:166.58ms
step:1674/4740 train_time:279001ms step_avg:166.67ms
step:1675/4740 train_time:279186ms step_avg:166.68ms
step:1676/4740 train_time:279503ms step_avg:166.77ms
step:1677/4740 train_time:279689ms step_avg:166.78ms
step:1678/4740 train_time:280006ms step_avg:166.87ms
step:1679/4740 train_time:280186ms step_avg:166.88ms
step:1680/4740 train_time:280504ms step_avg:166.97ms
step:1681/4740 train_time:280686ms step_avg:166.98ms
step:1682/4740 train_time:281005ms step_avg:167.07ms
step:1683/4740 train_time:281188ms step_avg:167.08ms
step:1684/4740 train_time:281509ms step_avg:167.17ms
step:1685/4740 train_time:281690ms step_avg:167.18ms
step:1686/4740 train_time:282012ms step_avg:167.27ms
step:1687/4740 train_time:282194ms step_avg:167.28ms
step:1688/4740 train_time:282511ms step_avg:167.36ms
step:1689/4740 train_time:282694ms step_avg:167.37ms
step:1690/4740 train_time:283012ms step_avg:167.46ms
step:1691/4740 train_time:283191ms step_avg:167.47ms
step:1692/4740 train_time:283509ms step_avg:167.56ms
step:1693/4740 train_time:283690ms step_avg:167.57ms
step:1694/4740 train_time:284009ms step_avg:167.66ms
step:1695/4740 train_time:284189ms step_avg:167.66ms
step:1696/4740 train_time:284508ms step_avg:167.75ms
step:1697/4740 train_time:284690ms step_avg:167.76ms
step:1698/4740 train_time:285010ms step_avg:167.85ms
step:1699/4740 train_time:285193ms step_avg:167.86ms
step:1700/4740 train_time:285512ms step_avg:167.95ms
step:1701/4740 train_time:285692ms step_avg:167.96ms
step:1702/4740 train_time:286010ms step_avg:168.04ms
step:1703/4740 train_time:286195ms step_avg:168.05ms
step:1704/4740 train_time:286514ms step_avg:168.14ms
step:1705/4740 train_time:286695ms step_avg:168.15ms
step:1706/4740 train_time:287012ms step_avg:168.24ms
step:1707/4740 train_time:287194ms step_avg:168.25ms
step:1708/4740 train_time:287515ms step_avg:168.33ms
step:1709/4740 train_time:287696ms step_avg:168.34ms
step:1710/4740 train_time:288015ms step_avg:168.43ms
step:1711/4740 train_time:288194ms step_avg:168.44ms
step:1712/4740 train_time:288514ms step_avg:168.52ms
step:1713/4740 train_time:288696ms step_avg:168.53ms
step:1714/4740 train_time:289016ms step_avg:168.62ms
step:1715/4740 train_time:289197ms step_avg:168.63ms
step:1716/4740 train_time:289518ms step_avg:168.72ms
step:1717/4740 train_time:289700ms step_avg:168.72ms
step:1718/4740 train_time:290018ms step_avg:168.81ms
step:1719/4740 train_time:290200ms step_avg:168.82ms
step:1720/4740 train_time:290522ms step_avg:168.91ms
step:1721/4740 train_time:290703ms step_avg:168.92ms
step:1722/4740 train_time:291024ms step_avg:169.00ms
step:1723/4740 train_time:291203ms step_avg:169.01ms
step:1724/4740 train_time:291523ms step_avg:169.10ms
step:1725/4740 train_time:291705ms step_avg:169.10ms
step:1726/4740 train_time:292026ms step_avg:169.19ms
step:1727/4740 train_time:292207ms step_avg:169.20ms
step:1728/4740 train_time:292527ms step_avg:169.29ms
step:1729/4740 train_time:292709ms step_avg:169.29ms
step:1730/4740 train_time:293030ms step_avg:169.38ms
step:1731/4740 train_time:293209ms step_avg:169.39ms
step:1732/4740 train_time:293530ms step_avg:169.47ms
step:1733/4740 train_time:293709ms step_avg:169.48ms
step:1734/4740 train_time:294032ms step_avg:169.57ms
step:1735/4740 train_time:294209ms step_avg:169.57ms
step:1736/4740 train_time:294532ms step_avg:169.66ms
step:1737/4740 train_time:294712ms step_avg:169.67ms
step:1738/4740 train_time:295031ms step_avg:169.75ms
step:1739/4740 train_time:295214ms step_avg:169.76ms
step:1740/4740 train_time:295532ms step_avg:169.85ms
step:1741/4740 train_time:295712ms step_avg:169.85ms
step:1742/4740 train_time:296030ms step_avg:169.94ms
step:1743/4740 train_time:296217ms step_avg:169.95ms
step:1744/4740 train_time:296535ms step_avg:170.03ms
step:1745/4740 train_time:296716ms step_avg:170.04ms
step:1746/4740 train_time:297035ms step_avg:170.12ms
step:1747/4740 train_time:297218ms step_avg:170.13ms
step:1748/4740 train_time:297539ms step_avg:170.22ms
step:1749/4740 train_time:297716ms step_avg:170.22ms
step:1750/4740 train_time:298036ms step_avg:170.31ms
step:1750/4740 val_loss:3.2565 train_time:298162ms step_avg:170.38ms
step:1751/4740 train_time:298217ms step_avg:170.31ms
step:1752/4740 train_time:298547ms step_avg:170.40ms
step:1753/4740 train_time:298724ms step_avg:170.41ms
step:1754/4740 train_time:299035ms step_avg:170.49ms
step:1755/4740 train_time:299220ms step_avg:170.50ms
step:1756/4740 train_time:299545ms step_avg:170.58ms
step:1757/4740 train_time:299724ms step_avg:170.59ms
step:1758/4740 train_time:300039ms step_avg:170.67ms
step:1759/4740 train_time:300220ms step_avg:170.68ms
step:1760/4740 train_time:300542ms step_avg:170.76ms
step:1761/4740 train_time:300725ms step_avg:170.77ms
step:1762/4740 train_time:301045ms step_avg:170.85ms
step:1763/4740 train_time:301224ms step_avg:170.86ms
step:1764/4740 train_time:301545ms step_avg:170.94ms
step:1765/4740 train_time:301729ms step_avg:170.95ms
step:1766/4740 train_time:302051ms step_avg:171.04ms
step:1767/4740 train_time:302229ms step_avg:171.04ms
step:1768/4740 train_time:302549ms step_avg:171.13ms
step:1769/4740 train_time:302733ms step_avg:171.13ms
step:1770/4740 train_time:303054ms step_avg:171.22ms
step:1771/4740 train_time:303232ms step_avg:171.22ms
step:1772/4740 train_time:303552ms step_avg:171.30ms
step:1773/4740 train_time:303737ms step_avg:171.31ms
step:1774/4740 train_time:304060ms step_avg:171.40ms
step:1775/4740 train_time:304237ms step_avg:171.40ms
step:1776/4740 train_time:304555ms step_avg:171.48ms
step:1777/4740 train_time:304739ms step_avg:171.49ms
step:1778/4740 train_time:305059ms step_avg:171.57ms
step:1779/4740 train_time:305243ms step_avg:171.58ms
step:1780/4740 train_time:305561ms step_avg:171.66ms
step:1781/4740 train_time:305740ms step_avg:171.67ms
step:1782/4740 train_time:306061ms step_avg:171.75ms
step:1783/4740 train_time:306241ms step_avg:171.76ms
step:1784/4740 train_time:306563ms step_avg:171.84ms
step:1785/4740 train_time:306743ms step_avg:171.84ms
step:1786/4740 train_time:307061ms step_avg:171.93ms
step:1787/4740 train_time:307243ms step_avg:171.93ms
step:1788/4740 train_time:307565ms step_avg:172.02ms
step:1789/4740 train_time:307748ms step_avg:172.02ms
step:1790/4740 train_time:308066ms step_avg:172.10ms
step:1791/4740 train_time:308250ms step_avg:172.11ms
step:1792/4740 train_time:308572ms step_avg:172.19ms
step:1793/4740 train_time:308752ms step_avg:172.20ms
step:1794/4740 train_time:309073ms step_avg:172.28ms
step:1795/4740 train_time:309252ms step_avg:172.29ms
step:1796/4740 train_time:309572ms step_avg:172.37ms
step:1797/4740 train_time:309750ms step_avg:172.37ms
step:1798/4740 train_time:310072ms step_avg:172.45ms
step:1799/4740 train_time:310250ms step_avg:172.46ms
step:1800/4740 train_time:310567ms step_avg:172.54ms
step:1801/4740 train_time:310749ms step_avg:172.54ms
step:1802/4740 train_time:311069ms step_avg:172.62ms
step:1803/4740 train_time:311253ms step_avg:172.63ms
step:1804/4740 train_time:311572ms step_avg:172.71ms
step:1805/4740 train_time:311752ms step_avg:172.72ms
step:1806/4740 train_time:312075ms step_avg:172.80ms
step:1807/4740 train_time:312256ms step_avg:172.80ms
step:1808/4740 train_time:312578ms step_avg:172.89ms
step:1809/4740 train_time:312756ms step_avg:172.89ms
step:1810/4740 train_time:313078ms step_avg:172.97ms
step:1811/4740 train_time:313258ms step_avg:172.97ms
step:1812/4740 train_time:313578ms step_avg:173.06ms
step:1813/4740 train_time:313759ms step_avg:173.06ms
step:1814/4740 train_time:314079ms step_avg:173.14ms
step:1815/4740 train_time:314259ms step_avg:173.15ms
step:1816/4740 train_time:314582ms step_avg:173.23ms
step:1817/4740 train_time:314761ms step_avg:173.23ms
step:1818/4740 train_time:315082ms step_avg:173.31ms
step:1819/4740 train_time:315264ms step_avg:173.32ms
step:1820/4740 train_time:315582ms step_avg:173.40ms
step:1821/4740 train_time:315763ms step_avg:173.40ms
step:1822/4740 train_time:316085ms step_avg:173.48ms
step:1823/4740 train_time:316264ms step_avg:173.49ms
step:1824/4740 train_time:316581ms step_avg:173.56ms
step:1825/4740 train_time:316763ms step_avg:173.57ms
step:1826/4740 train_time:317082ms step_avg:173.65ms
step:1827/4740 train_time:317263ms step_avg:173.65ms
step:1828/4740 train_time:317583ms step_avg:173.73ms
step:1829/4740 train_time:317761ms step_avg:173.73ms
step:1830/4740 train_time:318084ms step_avg:173.82ms
step:1831/4740 train_time:318261ms step_avg:173.82ms
step:1832/4740 train_time:318583ms step_avg:173.90ms
step:1833/4740 train_time:318761ms step_avg:173.90ms
step:1834/4740 train_time:319080ms step_avg:173.98ms
step:1835/4740 train_time:319259ms step_avg:173.98ms
step:1836/4740 train_time:319580ms step_avg:174.06ms
step:1837/4740 train_time:319760ms step_avg:174.07ms
step:1838/4740 train_time:320082ms step_avg:174.15ms
step:1839/4740 train_time:320261ms step_avg:174.15ms
step:1840/4740 train_time:320583ms step_avg:174.23ms
step:1841/4740 train_time:320762ms step_avg:174.23ms
step:1842/4740 train_time:321083ms step_avg:174.31ms
step:1843/4740 train_time:321266ms step_avg:174.32ms
step:1844/4740 train_time:321587ms step_avg:174.40ms
step:1845/4740 train_time:321766ms step_avg:174.40ms
step:1846/4740 train_time:322088ms step_avg:174.48ms
step:1847/4740 train_time:322269ms step_avg:174.48ms
step:1848/4740 train_time:322588ms step_avg:174.56ms
step:1849/4740 train_time:322769ms step_avg:174.56ms
step:1850/4740 train_time:323092ms step_avg:174.64ms
step:1851/4740 train_time:323272ms step_avg:174.65ms
step:1852/4740 train_time:323593ms step_avg:174.73ms
step:1853/4740 train_time:323772ms step_avg:174.73ms
step:1854/4740 train_time:324092ms step_avg:174.81ms
step:1855/4740 train_time:324273ms step_avg:174.81ms
step:1856/4740 train_time:324591ms step_avg:174.89ms
step:1857/4740 train_time:324770ms step_avg:174.89ms
step:1858/4740 train_time:325093ms step_avg:174.97ms
step:1859/4740 train_time:325273ms step_avg:174.97ms
step:1860/4740 train_time:325592ms step_avg:175.05ms
step:1861/4740 train_time:325770ms step_avg:175.05ms
step:1862/4740 train_time:326092ms step_avg:175.13ms
step:1863/4740 train_time:326270ms step_avg:175.13ms
step:1864/4740 train_time:326591ms step_avg:175.21ms
step:1865/4740 train_time:326769ms step_avg:175.21ms
step:1866/4740 train_time:327091ms step_avg:175.29ms
step:1867/4740 train_time:327268ms step_avg:175.29ms
step:1868/4740 train_time:327588ms step_avg:175.37ms
step:1869/4740 train_time:327769ms step_avg:175.37ms
step:1870/4740 train_time:328085ms step_avg:175.45ms
step:1871/4740 train_time:328267ms step_avg:175.45ms
step:1872/4740 train_time:328588ms step_avg:175.53ms
step:1873/4740 train_time:328768ms step_avg:175.53ms
step:1874/4740 train_time:329087ms step_avg:175.61ms
step:1875/4740 train_time:329267ms step_avg:175.61ms
step:1876/4740 train_time:329588ms step_avg:175.69ms
step:1877/4740 train_time:329772ms step_avg:175.69ms
step:1878/4740 train_time:330092ms step_avg:175.77ms
step:1879/4740 train_time:330274ms step_avg:175.77ms
step:1880/4740 train_time:330591ms step_avg:175.85ms
step:1881/4740 train_time:330773ms step_avg:175.85ms
step:1882/4740 train_time:331094ms step_avg:175.93ms
step:1883/4740 train_time:331272ms step_avg:175.93ms
step:1884/4740 train_time:331592ms step_avg:176.00ms
step:1885/4740 train_time:331773ms step_avg:176.01ms
step:1886/4740 train_time:332094ms step_avg:176.08ms
step:1887/4740 train_time:332275ms step_avg:176.09ms
step:1888/4740 train_time:332593ms step_avg:176.16ms
step:1889/4740 train_time:332776ms step_avg:176.16ms
step:1890/4740 train_time:333095ms step_avg:176.24ms
step:1891/4740 train_time:333277ms step_avg:176.24ms
step:1892/4740 train_time:333594ms step_avg:176.32ms
step:1893/4740 train_time:333777ms step_avg:176.32ms
step:1894/4740 train_time:334098ms step_avg:176.40ms
step:1895/4740 train_time:334279ms step_avg:176.40ms
step:1896/4740 train_time:334596ms step_avg:176.47ms
step:1897/4740 train_time:334779ms step_avg:176.48ms
step:1898/4740 train_time:335097ms step_avg:176.55ms
step:1899/4740 train_time:335277ms step_avg:176.55ms
step:1900/4740 train_time:335597ms step_avg:176.63ms
step:1901/4740 train_time:335780ms step_avg:176.63ms
step:1902/4740 train_time:336101ms step_avg:176.71ms
step:1903/4740 train_time:336281ms step_avg:176.71ms
step:1904/4740 train_time:336601ms step_avg:176.79ms
step:1905/4740 train_time:336778ms step_avg:176.79ms
step:1906/4740 train_time:337099ms step_avg:176.86ms
step:1907/4740 train_time:337279ms step_avg:176.86ms
step:1908/4740 train_time:337599ms step_avg:176.94ms
step:1909/4740 train_time:337784ms step_avg:176.94ms
step:1910/4740 train_time:338108ms step_avg:177.02ms
step:1911/4740 train_time:338289ms step_avg:177.02ms
step:1912/4740 train_time:338610ms step_avg:177.10ms
step:1913/4740 train_time:338793ms step_avg:177.10ms
step:1914/4740 train_time:339114ms step_avg:177.18ms
step:1915/4740 train_time:339292ms step_avg:177.18ms
step:1916/4740 train_time:339617ms step_avg:177.25ms
step:1917/4740 train_time:339795ms step_avg:177.25ms
step:1918/4740 train_time:340116ms step_avg:177.33ms
step:1919/4740 train_time:340292ms step_avg:177.33ms
step:1920/4740 train_time:340615ms step_avg:177.40ms
step:1921/4740 train_time:340797ms step_avg:177.41ms
step:1922/4740 train_time:341116ms step_avg:177.48ms
step:1923/4740 train_time:341299ms step_avg:177.48ms
step:1924/4740 train_time:341620ms step_avg:177.56ms
step:1925/4740 train_time:341799ms step_avg:177.56ms
step:1926/4740 train_time:342118ms step_avg:177.63ms
step:1927/4740 train_time:342298ms step_avg:177.63ms
step:1928/4740 train_time:342621ms step_avg:177.71ms
step:1929/4740 train_time:342800ms step_avg:177.71ms
step:1930/4740 train_time:343120ms step_avg:177.78ms
step:1931/4740 train_time:343299ms step_avg:177.78ms
step:1932/4740 train_time:343619ms step_avg:177.86ms
step:1933/4740 train_time:343798ms step_avg:177.86ms
step:1934/4740 train_time:344116ms step_avg:177.93ms
step:1935/4740 train_time:344300ms step_avg:177.93ms
step:1936/4740 train_time:344619ms step_avg:178.01ms
step:1937/4740 train_time:344797ms step_avg:178.01ms
step:1938/4740 train_time:345117ms step_avg:178.08ms
step:1939/4740 train_time:345297ms step_avg:178.08ms
step:1940/4740 train_time:345617ms step_avg:178.15ms
step:1941/4740 train_time:345794ms step_avg:178.15ms
step:1942/4740 train_time:346117ms step_avg:178.23ms
step:1943/4740 train_time:346299ms step_avg:178.23ms
step:1944/4740 train_time:346620ms step_avg:178.30ms
step:1945/4740 train_time:346795ms step_avg:178.30ms
step:1946/4740 train_time:347118ms step_avg:178.38ms
step:1947/4740 train_time:347298ms step_avg:178.38ms
step:1948/4740 train_time:347624ms step_avg:178.45ms
step:1949/4740 train_time:347801ms step_avg:178.45ms
step:1950/4740 train_time:348120ms step_avg:178.52ms
step:1951/4740 train_time:348304ms step_avg:178.53ms
step:1952/4740 train_time:348624ms step_avg:178.60ms
step:1953/4740 train_time:348805ms step_avg:178.60ms
step:1954/4740 train_time:349129ms step_avg:178.67ms
step:1955/4740 train_time:349312ms step_avg:178.68ms
step:1956/4740 train_time:349631ms step_avg:178.75ms
step:1957/4740 train_time:349812ms step_avg:178.75ms
step:1958/4740 train_time:350130ms step_avg:178.82ms
step:1959/4740 train_time:350316ms step_avg:178.82ms
step:1960/4740 train_time:350633ms step_avg:178.89ms
step:1961/4740 train_time:350818ms step_avg:178.90ms
step:1962/4740 train_time:351139ms step_avg:178.97ms
step:1963/4740 train_time:351318ms step_avg:178.97ms
step:1964/4740 train_time:351637ms step_avg:179.04ms
step:1965/4740 train_time:351820ms step_avg:179.04ms
step:1966/4740 train_time:352141ms step_avg:179.12ms
step:1967/4740 train_time:352323ms step_avg:179.12ms
step:1968/4740 train_time:352647ms step_avg:179.19ms
step:1969/4740 train_time:352828ms step_avg:179.19ms
step:1970/4740 train_time:353150ms step_avg:179.26ms
step:1971/4740 train_time:353331ms step_avg:179.27ms
step:1972/4740 train_time:353655ms step_avg:179.34ms
step:1973/4740 train_time:353832ms step_avg:179.34ms
step:1974/4740 train_time:354148ms step_avg:179.41ms
step:1975/4740 train_time:354332ms step_avg:179.41ms
step:1976/4740 train_time:354654ms step_avg:179.48ms
step:1977/4740 train_time:354833ms step_avg:179.48ms
step:1978/4740 train_time:355153ms step_avg:179.55ms
step:1979/4740 train_time:355336ms step_avg:179.55ms
step:1980/4740 train_time:355659ms step_avg:179.63ms
step:1981/4740 train_time:355839ms step_avg:179.63ms
step:1982/4740 train_time:356160ms step_avg:179.70ms
step:1983/4740 train_time:356343ms step_avg:179.70ms
step:1984/4740 train_time:356662ms step_avg:179.77ms
step:1985/4740 train_time:356846ms step_avg:179.77ms
step:1986/4740 train_time:357168ms step_avg:179.84ms
step:1987/4740 train_time:357352ms step_avg:179.84ms
step:1988/4740 train_time:357674ms step_avg:179.92ms
step:1989/4740 train_time:357854ms step_avg:179.92ms
step:1990/4740 train_time:358174ms step_avg:179.99ms
step:1991/4740 train_time:358359ms step_avg:179.99ms
step:1992/4740 train_time:358680ms step_avg:180.06ms
step:1993/4740 train_time:358858ms step_avg:180.06ms
step:1994/4740 train_time:359179ms step_avg:180.13ms
step:1995/4740 train_time:359360ms step_avg:180.13ms
step:1996/4740 train_time:359684ms step_avg:180.20ms
step:1997/4740 train_time:359865ms step_avg:180.20ms
step:1998/4740 train_time:360188ms step_avg:180.27ms
step:1999/4740 train_time:360370ms step_avg:180.28ms
step:2000/4740 train_time:360692ms step_avg:180.35ms
step:2000/4740 val_loss:3.2072 train_time:360818ms step_avg:180.41ms
step:2001/4740 train_time:360874ms step_avg:180.35ms
step:2002/4740 train_time:361202ms step_avg:180.42ms
step:2003/4740 train_time:361378ms step_avg:180.42ms
step:2004/4740 train_time:361693ms step_avg:180.49ms
step:2005/4740 train_time:361873ms step_avg:180.49ms
step:2006/4740 train_time:362200ms step_avg:180.56ms
step:2007/4740 train_time:362379ms step_avg:180.56ms
step:2008/4740 train_time:362701ms step_avg:180.63ms
step:2009/4740 train_time:362878ms step_avg:180.63ms
step:2010/4740 train_time:363206ms step_avg:180.70ms
step:2011/4740 train_time:363382ms step_avg:180.70ms
step:2012/4740 train_time:363703ms step_avg:180.77ms
step:2013/4740 train_time:363884ms step_avg:180.77ms
step:2014/4740 train_time:364203ms step_avg:180.84ms
step:2015/4740 train_time:364388ms step_avg:180.84ms
step:2016/4740 train_time:364710ms step_avg:180.91ms
step:2017/4740 train_time:364890ms step_avg:180.91ms
step:2018/4740 train_time:365210ms step_avg:180.98ms
step:2019/4740 train_time:365391ms step_avg:180.98ms
step:2020/4740 train_time:365712ms step_avg:181.05ms
step:2021/4740 train_time:365895ms step_avg:181.05ms
step:2022/4740 train_time:366213ms step_avg:181.11ms
step:2023/4740 train_time:366395ms step_avg:181.11ms
step:2024/4740 train_time:366716ms step_avg:181.18ms
step:2025/4740 train_time:366899ms step_avg:181.18ms
step:2026/4740 train_time:367219ms step_avg:181.25ms
step:2027/4740 train_time:367402ms step_avg:181.25ms
step:2028/4740 train_time:367723ms step_avg:181.32ms
step:2029/4740 train_time:367906ms step_avg:181.32ms
step:2030/4740 train_time:368230ms step_avg:181.39ms
step:2031/4740 train_time:368411ms step_avg:181.39ms
step:2032/4740 train_time:368735ms step_avg:181.46ms
step:2033/4740 train_time:368916ms step_avg:181.46ms
step:2034/4740 train_time:369238ms step_avg:181.53ms
step:2035/4740 train_time:369415ms step_avg:181.53ms
step:2036/4740 train_time:369740ms step_avg:181.60ms
step:2037/4740 train_time:369915ms step_avg:181.60ms
step:2038/4740 train_time:370241ms step_avg:181.67ms
step:2039/4740 train_time:370420ms step_avg:181.67ms
step:2040/4740 train_time:370744ms step_avg:181.74ms
step:2041/4740 train_time:370922ms step_avg:181.74ms
step:2042/4740 train_time:371242ms step_avg:181.80ms
step:2043/4740 train_time:371423ms step_avg:181.80ms
step:2044/4740 train_time:371743ms step_avg:181.87ms
step:2045/4740 train_time:371924ms step_avg:181.87ms
step:2046/4740 train_time:372244ms step_avg:181.94ms
step:2047/4740 train_time:372425ms step_avg:181.94ms
step:2048/4740 train_time:372744ms step_avg:182.00ms
step:2049/4740 train_time:372926ms step_avg:182.00ms
step:2050/4740 train_time:373246ms step_avg:182.07ms
step:2051/4740 train_time:373431ms step_avg:182.07ms
step:2052/4740 train_time:373753ms step_avg:182.14ms
step:2053/4740 train_time:373937ms step_avg:182.14ms
step:2054/4740 train_time:374256ms step_avg:182.21ms
step:2055/4740 train_time:374438ms step_avg:182.21ms
step:2056/4740 train_time:374760ms step_avg:182.28ms
step:2057/4740 train_time:374943ms step_avg:182.28ms
step:2058/4740 train_time:375263ms step_avg:182.34ms
step:2059/4740 train_time:375447ms step_avg:182.34ms
step:2060/4740 train_time:375771ms step_avg:182.41ms
step:2061/4740 train_time:375951ms step_avg:182.41ms
step:2062/4740 train_time:376272ms step_avg:182.48ms
step:2063/4740 train_time:376451ms step_avg:182.48ms
step:2064/4740 train_time:376776ms step_avg:182.55ms
step:2065/4740 train_time:376955ms step_avg:182.54ms
step:2066/4740 train_time:377276ms step_avg:182.61ms
step:2067/4740 train_time:377458ms step_avg:182.61ms
step:2068/4740 train_time:377780ms step_avg:182.68ms
step:2069/4740 train_time:377961ms step_avg:182.68ms
step:2070/4740 train_time:378282ms step_avg:182.74ms
step:2071/4740 train_time:378464ms step_avg:182.74ms
step:2072/4740 train_time:378790ms step_avg:182.81ms
step:2073/4740 train_time:378972ms step_avg:182.81ms
step:2074/4740 train_time:379292ms step_avg:182.88ms
step:2075/4740 train_time:379475ms step_avg:182.88ms
step:2076/4740 train_time:379798ms step_avg:182.95ms
step:2077/4740 train_time:379977ms step_avg:182.94ms
step:2078/4740 train_time:380299ms step_avg:183.01ms
step:2079/4740 train_time:380482ms step_avg:183.01ms
step:2080/4740 train_time:380804ms step_avg:183.08ms
step:2081/4740 train_time:380984ms step_avg:183.08ms
step:2082/4740 train_time:381304ms step_avg:183.14ms
step:2083/4740 train_time:381485ms step_avg:183.14ms
step:2084/4740 train_time:381802ms step_avg:183.21ms
step:2085/4740 train_time:381985ms step_avg:183.21ms
step:2086/4740 train_time:382304ms step_avg:183.27ms
step:2087/4740 train_time:382487ms step_avg:183.27ms
step:2088/4740 train_time:382810ms step_avg:183.34ms
step:2089/4740 train_time:382992ms step_avg:183.34ms
step:2090/4740 train_time:383312ms step_avg:183.40ms
step:2091/4740 train_time:383496ms step_avg:183.40ms
step:2092/4740 train_time:383813ms step_avg:183.47ms
step:2093/4740 train_time:383995ms step_avg:183.47ms
step:2094/4740 train_time:384315ms step_avg:183.53ms
step:2095/4740 train_time:384499ms step_avg:183.53ms
step:2096/4740 train_time:384820ms step_avg:183.60ms
step:2097/4740 train_time:384999ms step_avg:183.60ms
step:2098/4740 train_time:385319ms step_avg:183.66ms
step:2099/4740 train_time:385503ms step_avg:183.66ms
step:2100/4740 train_time:385822ms step_avg:183.72ms
step:2101/4740 train_time:386004ms step_avg:183.72ms
step:2102/4740 train_time:386324ms step_avg:183.79ms
step:2103/4740 train_time:386509ms step_avg:183.79ms
step:2104/4740 train_time:386834ms step_avg:183.86ms
step:2105/4740 train_time:387012ms step_avg:183.85ms
step:2106/4740 train_time:387333ms step_avg:183.92ms
step:2107/4740 train_time:387517ms step_avg:183.92ms
step:2108/4740 train_time:387838ms step_avg:183.98ms
step:2109/4740 train_time:388021ms step_avg:183.98ms
step:2110/4740 train_time:388344ms step_avg:184.05ms
step:2111/4740 train_time:388526ms step_avg:184.05ms
step:2112/4740 train_time:388848ms step_avg:184.11ms
step:2113/4740 train_time:389033ms step_avg:184.11ms
step:2114/4740 train_time:389349ms step_avg:184.18ms
step:2115/4740 train_time:389533ms step_avg:184.18ms
step:2116/4740 train_time:389852ms step_avg:184.24ms
step:2117/4740 train_time:390037ms step_avg:184.24ms
step:2118/4740 train_time:390357ms step_avg:184.30ms
step:2119/4740 train_time:390538ms step_avg:184.30ms
step:2120/4740 train_time:390858ms step_avg:184.37ms
step:2121/4740 train_time:391043ms step_avg:184.37ms
step:2122/4740 train_time:391364ms step_avg:184.43ms
step:2123/4740 train_time:391544ms step_avg:184.43ms
step:2124/4740 train_time:391867ms step_avg:184.50ms
step:2125/4740 train_time:392049ms step_avg:184.49ms
step:2126/4740 train_time:392370ms step_avg:184.56ms
step:2127/4740 train_time:392548ms step_avg:184.55ms
step:2128/4740 train_time:392868ms step_avg:184.62ms
step:2129/4740 train_time:393050ms step_avg:184.62ms
step:2130/4740 train_time:393374ms step_avg:184.68ms
step:2131/4740 train_time:393552ms step_avg:184.68ms
step:2132/4740 train_time:393872ms step_avg:184.74ms
step:2133/4740 train_time:394052ms step_avg:184.74ms
step:2134/4740 train_time:394375ms step_avg:184.81ms
step:2135/4740 train_time:394555ms step_avg:184.80ms
step:2136/4740 train_time:394875ms step_avg:184.87ms
step:2137/4740 train_time:395055ms step_avg:184.86ms
step:2138/4740 train_time:395378ms step_avg:184.93ms
step:2139/4740 train_time:395559ms step_avg:184.93ms
step:2140/4740 train_time:395882ms step_avg:184.99ms
step:2141/4740 train_time:396062ms step_avg:184.99ms
step:2142/4740 train_time:396385ms step_avg:185.05ms
step:2143/4740 train_time:396566ms step_avg:185.05ms
step:2144/4740 train_time:396889ms step_avg:185.12ms
step:2145/4740 train_time:397068ms step_avg:185.11ms
step:2146/4740 train_time:397384ms step_avg:185.17ms
step:2147/4740 train_time:397570ms step_avg:185.17ms
step:2148/4740 train_time:397892ms step_avg:185.24ms
step:2149/4740 train_time:398071ms step_avg:185.24ms
step:2150/4740 train_time:398391ms step_avg:185.30ms
step:2151/4740 train_time:398571ms step_avg:185.30ms
step:2152/4740 train_time:398893ms step_avg:185.36ms
step:2153/4740 train_time:399077ms step_avg:185.36ms
step:2154/4740 train_time:399399ms step_avg:185.42ms
step:2155/4740 train_time:399580ms step_avg:185.42ms
step:2156/4740 train_time:399900ms step_avg:185.48ms
step:2157/4740 train_time:400082ms step_avg:185.48ms
step:2158/4740 train_time:400403ms step_avg:185.54ms
step:2159/4740 train_time:400584ms step_avg:185.54ms
step:2160/4740 train_time:400903ms step_avg:185.60ms
step:2161/4740 train_time:401087ms step_avg:185.60ms
step:2162/4740 train_time:401407ms step_avg:185.66ms
step:2163/4740 train_time:401590ms step_avg:185.66ms
step:2164/4740 train_time:401912ms step_avg:185.73ms
step:2165/4740 train_time:402092ms step_avg:185.72ms
step:2166/4740 train_time:402412ms step_avg:185.79ms
step:2167/4740 train_time:402595ms step_avg:185.78ms
step:2168/4740 train_time:402917ms step_avg:185.85ms
step:2169/4740 train_time:403098ms step_avg:185.85ms
step:2170/4740 train_time:403416ms step_avg:185.91ms
step:2171/4740 train_time:403597ms step_avg:185.90ms
step:2172/4740 train_time:403918ms step_avg:185.97ms
step:2173/4740 train_time:404099ms step_avg:185.96ms
step:2174/4740 train_time:404421ms step_avg:186.03ms
step:2175/4740 train_time:404606ms step_avg:186.03ms
step:2176/4740 train_time:404931ms step_avg:186.09ms
step:2177/4740 train_time:405113ms step_avg:186.09ms
step:2178/4740 train_time:405433ms step_avg:186.15ms
step:2179/4740 train_time:405613ms step_avg:186.15ms
step:2180/4740 train_time:405935ms step_avg:186.21ms
step:2181/4740 train_time:406115ms step_avg:186.21ms
step:2182/4740 train_time:406436ms step_avg:186.27ms
step:2183/4740 train_time:406614ms step_avg:186.26ms
step:2184/4740 train_time:406939ms step_avg:186.33ms
step:2185/4740 train_time:407117ms step_avg:186.32ms
step:2186/4740 train_time:407437ms step_avg:186.38ms
step:2187/4740 train_time:407617ms step_avg:186.38ms
step:2188/4740 train_time:407939ms step_avg:186.44ms
step:2189/4740 train_time:408115ms step_avg:186.44ms
step:2190/4740 train_time:408436ms step_avg:186.50ms
step:2191/4740 train_time:408621ms step_avg:186.50ms
step:2192/4740 train_time:408941ms step_avg:186.56ms
step:2193/4740 train_time:409122ms step_avg:186.56ms
step:2194/4740 train_time:409444ms step_avg:186.62ms
step:2195/4740 train_time:409626ms step_avg:186.62ms
step:2196/4740 train_time:409949ms step_avg:186.68ms
step:2197/4740 train_time:410129ms step_avg:186.68ms
step:2198/4740 train_time:410452ms step_avg:186.74ms
step:2199/4740 train_time:410634ms step_avg:186.74ms
step:2200/4740 train_time:410957ms step_avg:186.80ms
step:2201/4740 train_time:411136ms step_avg:186.80ms
step:2202/4740 train_time:411455ms step_avg:186.86ms
step:2203/4740 train_time:411637ms step_avg:186.85ms
step:2204/4740 train_time:411960ms step_avg:186.91ms
step:2205/4740 train_time:412141ms step_avg:186.91ms
step:2206/4740 train_time:412459ms step_avg:186.97ms
step:2207/4740 train_time:412642ms step_avg:186.97ms
step:2208/4740 train_time:412962ms step_avg:187.03ms
step:2209/4740 train_time:413142ms step_avg:187.03ms
step:2210/4740 train_time:413460ms step_avg:187.09ms
step:2211/4740 train_time:413645ms step_avg:187.09ms
step:2212/4740 train_time:413967ms step_avg:187.15ms
step:2213/4740 train_time:414151ms step_avg:187.14ms
step:2214/4740 train_time:414466ms step_avg:187.20ms
step:2215/4740 train_time:414650ms step_avg:187.20ms
step:2216/4740 train_time:414969ms step_avg:187.26ms
step:2217/4740 train_time:415154ms step_avg:187.26ms
step:2218/4740 train_time:415472ms step_avg:187.32ms
step:2219/4740 train_time:415655ms step_avg:187.32ms
step:2220/4740 train_time:415978ms step_avg:187.38ms
step:2221/4740 train_time:416162ms step_avg:187.38ms
step:2222/4740 train_time:416483ms step_avg:187.44ms
step:2223/4740 train_time:416663ms step_avg:187.43ms
step:2224/4740 train_time:416984ms step_avg:187.49ms
step:2225/4740 train_time:417166ms step_avg:187.49ms
step:2226/4740 train_time:417485ms step_avg:187.55ms
step:2227/4740 train_time:417668ms step_avg:187.55ms
step:2228/4740 train_time:417990ms step_avg:187.61ms
step:2229/4740 train_time:418169ms step_avg:187.60ms
step:2230/4740 train_time:418491ms step_avg:187.66ms
step:2231/4740 train_time:418672ms step_avg:187.66ms
step:2232/4740 train_time:418994ms step_avg:187.72ms
step:2233/4740 train_time:419173ms step_avg:187.72ms
step:2234/4740 train_time:419494ms step_avg:187.78ms
step:2235/4740 train_time:419674ms step_avg:187.77ms
step:2236/4740 train_time:419992ms step_avg:187.83ms
step:2237/4740 train_time:420176ms step_avg:187.83ms
step:2238/4740 train_time:420494ms step_avg:187.89ms
step:2239/4740 train_time:420679ms step_avg:187.89ms
step:2240/4740 train_time:421000ms step_avg:187.95ms
step:2241/4740 train_time:421182ms step_avg:187.94ms
step:2242/4740 train_time:421502ms step_avg:188.00ms
step:2243/4740 train_time:421683ms step_avg:188.00ms
step:2244/4740 train_time:422004ms step_avg:188.06ms
step:2245/4740 train_time:422185ms step_avg:188.06ms
step:2246/4740 train_time:422503ms step_avg:188.11ms
step:2247/4740 train_time:422684ms step_avg:188.11ms
step:2248/4740 train_time:423005ms step_avg:188.17ms
step:2249/4740 train_time:423185ms step_avg:188.17ms
step:2250/4740 train_time:423510ms step_avg:188.23ms
step:2250/4740 val_loss:3.1682 train_time:423639ms step_avg:188.28ms
step:2251/4740 train_time:423695ms step_avg:188.23ms
step:2252/4740 train_time:424022ms step_avg:188.29ms
step:2253/4740 train_time:424201ms step_avg:188.28ms
step:2254/4740 train_time:424519ms step_avg:188.34ms
step:2255/4740 train_time:424696ms step_avg:188.34ms
step:2256/4740 train_time:425022ms step_avg:188.40ms
step:2257/4740 train_time:425205ms step_avg:188.39ms
step:2258/4740 train_time:425526ms step_avg:188.45ms
step:2259/4740 train_time:425704ms step_avg:188.45ms
step:2260/4740 train_time:426030ms step_avg:188.51ms
step:2261/4740 train_time:426214ms step_avg:188.51ms
step:2262/4740 train_time:426537ms step_avg:188.57ms
step:2263/4740 train_time:426716ms step_avg:188.56ms
step:2264/4740 train_time:427037ms step_avg:188.62ms
step:2265/4740 train_time:427219ms step_avg:188.62ms
step:2266/4740 train_time:427537ms step_avg:188.67ms
step:2267/4740 train_time:427718ms step_avg:188.67ms
step:2268/4740 train_time:428039ms step_avg:188.73ms
step:2269/4740 train_time:428226ms step_avg:188.73ms
step:2270/4740 train_time:428545ms step_avg:188.79ms
step:2271/4740 train_time:428725ms step_avg:188.78ms
step:2272/4740 train_time:429047ms step_avg:188.84ms
step:2273/4740 train_time:429230ms step_avg:188.84ms
step:2274/4740 train_time:429549ms step_avg:188.90ms
step:2275/4740 train_time:429730ms step_avg:188.89ms
step:2276/4740 train_time:430050ms step_avg:188.95ms
step:2277/4740 train_time:430232ms step_avg:188.95ms
step:2278/4740 train_time:430555ms step_avg:189.01ms
step:2279/4740 train_time:430734ms step_avg:189.00ms
step:2280/4740 train_time:431058ms step_avg:189.06ms
step:2281/4740 train_time:431244ms step_avg:189.06ms
step:2282/4740 train_time:431562ms step_avg:189.12ms
step:2283/4740 train_time:431742ms step_avg:189.11ms
step:2284/4740 train_time:432065ms step_avg:189.17ms
step:2285/4740 train_time:432243ms step_avg:189.17ms
step:2286/4740 train_time:432567ms step_avg:189.22ms
step:2287/4740 train_time:432748ms step_avg:189.22ms
step:2288/4740 train_time:433070ms step_avg:189.28ms
step:2289/4740 train_time:433248ms step_avg:189.27ms
step:2290/4740 train_time:433570ms step_avg:189.33ms
step:2291/4740 train_time:433751ms step_avg:189.33ms
step:2292/4740 train_time:434070ms step_avg:189.38ms
step:2293/4740 train_time:434255ms step_avg:189.38ms
step:2294/4740 train_time:434580ms step_avg:189.44ms
step:2295/4740 train_time:434758ms step_avg:189.44ms
step:2296/4740 train_time:435078ms step_avg:189.49ms
step:2297/4740 train_time:435260ms step_avg:189.49ms
step:2298/4740 train_time:435580ms step_avg:189.55ms
step:2299/4740 train_time:435761ms step_avg:189.54ms
step:2300/4740 train_time:436079ms step_avg:189.60ms
step:2301/4740 train_time:436263ms step_avg:189.60ms
step:2302/4740 train_time:436587ms step_avg:189.66ms
step:2303/4740 train_time:436765ms step_avg:189.65ms
step:2304/4740 train_time:437084ms step_avg:189.71ms
step:2305/4740 train_time:437269ms step_avg:189.70ms
step:2306/4740 train_time:437589ms step_avg:189.76ms
step:2307/4740 train_time:437772ms step_avg:189.76ms
step:2308/4740 train_time:438094ms step_avg:189.82ms
step:2309/4740 train_time:438277ms step_avg:189.81ms
step:2310/4740 train_time:438597ms step_avg:189.87ms
step:2311/4740 train_time:438778ms step_avg:189.86ms
step:2312/4740 train_time:439099ms step_avg:189.92ms
step:2313/4740 train_time:439281ms step_avg:189.92ms
step:2314/4740 train_time:439600ms step_avg:189.97ms
step:2315/4740 train_time:439782ms step_avg:189.97ms
step:2316/4740 train_time:440100ms step_avg:190.03ms
step:2317/4740 train_time:440286ms step_avg:190.02ms
step:2318/4740 train_time:440605ms step_avg:190.08ms
step:2319/4740 train_time:440787ms step_avg:190.08ms
step:2320/4740 train_time:441108ms step_avg:190.13ms
step:2321/4740 train_time:441290ms step_avg:190.13ms
step:2322/4740 train_time:441610ms step_avg:190.19ms
step:2323/4740 train_time:441790ms step_avg:190.18ms
step:2324/4740 train_time:442111ms step_avg:190.24ms
step:2325/4740 train_time:442296ms step_avg:190.23ms
step:2326/4740 train_time:442619ms step_avg:190.29ms
step:2327/4740 train_time:442801ms step_avg:190.29ms
step:2328/4740 train_time:443120ms step_avg:190.34ms
step:2329/4740 train_time:443302ms step_avg:190.34ms
step:2330/4740 train_time:443623ms step_avg:190.40ms
step:2331/4740 train_time:443801ms step_avg:190.39ms
step:2332/4740 train_time:444125ms step_avg:190.45ms
step:2333/4740 train_time:444303ms step_avg:190.44ms
step:2334/4740 train_time:444624ms step_avg:190.50ms
step:2335/4740 train_time:444805ms step_avg:190.49ms
step:2336/4740 train_time:445126ms step_avg:190.55ms
step:2337/4740 train_time:445306ms step_avg:190.55ms
step:2338/4740 train_time:445626ms step_avg:190.60ms
step:2339/4740 train_time:445809ms step_avg:190.60ms
step:2340/4740 train_time:446135ms step_avg:190.66ms
step:2341/4740 train_time:446312ms step_avg:190.65ms
step:2342/4740 train_time:446632ms step_avg:190.71ms
step:2343/4740 train_time:446813ms step_avg:190.70ms
step:2344/4740 train_time:447137ms step_avg:190.76ms
step:2345/4740 train_time:447314ms step_avg:190.75ms
step:2346/4740 train_time:447636ms step_avg:190.81ms
step:2347/4740 train_time:447814ms step_avg:190.80ms
step:2348/4740 train_time:448136ms step_avg:190.86ms
step:2349/4740 train_time:448317ms step_avg:190.85ms
step:2350/4740 train_time:448635ms step_avg:190.91ms
step:2351/4740 train_time:448820ms step_avg:190.91ms
step:2352/4740 train_time:449141ms step_avg:190.96ms
step:2353/4740 train_time:449323ms step_avg:190.96ms
step:2354/4740 train_time:449644ms step_avg:191.01ms
step:2355/4740 train_time:449826ms step_avg:191.01ms
step:2356/4740 train_time:450152ms step_avg:191.07ms
step:2357/4740 train_time:450331ms step_avg:191.06ms
step:2358/4740 train_time:450654ms step_avg:191.12ms
step:2359/4740 train_time:450843ms step_avg:191.12ms
step:2360/4740 train_time:451161ms step_avg:191.17ms
step:2361/4740 train_time:451348ms step_avg:191.17ms
step:2362/4740 train_time:451667ms step_avg:191.22ms
step:2363/4740 train_time:451848ms step_avg:191.22ms
step:2364/4740 train_time:452169ms step_avg:191.27ms
step:2365/4740 train_time:452352ms step_avg:191.27ms
step:2366/4740 train_time:452677ms step_avg:191.33ms
step:2367/4740 train_time:452862ms step_avg:191.32ms
step:2368/4740 train_time:453184ms step_avg:191.38ms
step:2369/4740 train_time:453365ms step_avg:191.37ms
step:2370/4740 train_time:453689ms step_avg:191.43ms
step:2371/4740 train_time:453871ms step_avg:191.43ms
step:2372/4740 train_time:454195ms step_avg:191.48ms
step:2373/4740 train_time:454376ms step_avg:191.48ms
step:2374/4740 train_time:454701ms step_avg:191.53ms
step:2375/4740 train_time:454882ms step_avg:191.53ms
step:2376/4740 train_time:455202ms step_avg:191.58ms
step:2377/4740 train_time:455382ms step_avg:191.58ms
step:2378/4740 train_time:455703ms step_avg:191.63ms
step:2379/4740 train_time:455892ms step_avg:191.63ms
step:2380/4740 train_time:456216ms step_avg:191.69ms
step:2381/4740 train_time:456396ms step_avg:191.68ms
step:2382/4740 train_time:456717ms step_avg:191.74ms
step:2383/4740 train_time:456905ms step_avg:191.74ms
step:2384/4740 train_time:457227ms step_avg:191.79ms
step:2385/4740 train_time:457408ms step_avg:191.79ms
step:2386/4740 train_time:457731ms step_avg:191.84ms
step:2387/4740 train_time:457914ms step_avg:191.84ms
step:2388/4740 train_time:458235ms step_avg:191.89ms
step:2389/4740 train_time:458416ms step_avg:191.89ms
step:2390/4740 train_time:458739ms step_avg:191.94ms
step:2391/4740 train_time:458919ms step_avg:191.94ms
step:2392/4740 train_time:459241ms step_avg:191.99ms
step:2393/4740 train_time:459422ms step_avg:191.99ms
step:2394/4740 train_time:459743ms step_avg:192.04ms
step:2395/4740 train_time:459922ms step_avg:192.03ms
step:2396/4740 train_time:460247ms step_avg:192.09ms
step:2397/4740 train_time:460429ms step_avg:192.09ms
step:2398/4740 train_time:460752ms step_avg:192.14ms
step:2399/4740 train_time:460935ms step_avg:192.14ms
step:2400/4740 train_time:461256ms step_avg:192.19ms
step:2401/4740 train_time:461435ms step_avg:192.18ms
step:2402/4740 train_time:461754ms step_avg:192.24ms
step:2403/4740 train_time:461939ms step_avg:192.23ms
step:2404/4740 train_time:462264ms step_avg:192.29ms
step:2405/4740 train_time:462444ms step_avg:192.28ms
step:2406/4740 train_time:462767ms step_avg:192.34ms
step:2407/4740 train_time:462950ms step_avg:192.34ms
step:2408/4740 train_time:463271ms step_avg:192.39ms
step:2409/4740 train_time:463452ms step_avg:192.38ms
step:2410/4740 train_time:463776ms step_avg:192.44ms
step:2411/4740 train_time:463958ms step_avg:192.43ms
step:2412/4740 train_time:464279ms step_avg:192.49ms
step:2413/4740 train_time:464460ms step_avg:192.48ms
step:2414/4740 train_time:464780ms step_avg:192.54ms
step:2415/4740 train_time:464964ms step_avg:192.53ms
step:2416/4740 train_time:465285ms step_avg:192.58ms
step:2417/4740 train_time:465468ms step_avg:192.58ms
step:2418/4740 train_time:465788ms step_avg:192.63ms
step:2419/4740 train_time:465971ms step_avg:192.63ms
step:2420/4740 train_time:466296ms step_avg:192.68ms
step:2421/4740 train_time:466480ms step_avg:192.68ms
step:2422/4740 train_time:466799ms step_avg:192.73ms
step:2423/4740 train_time:466985ms step_avg:192.73ms
step:2424/4740 train_time:467309ms step_avg:192.78ms
step:2425/4740 train_time:467499ms step_avg:192.78ms
step:2426/4740 train_time:467820ms step_avg:192.84ms
step:2427/4740 train_time:468001ms step_avg:192.83ms
step:2428/4740 train_time:468325ms step_avg:192.89ms
step:2429/4740 train_time:468509ms step_avg:192.88ms
step:2430/4740 train_time:468829ms step_avg:192.93ms
step:2431/4740 train_time:469014ms step_avg:192.93ms
step:2432/4740 train_time:469337ms step_avg:192.98ms
step:2433/4740 train_time:469518ms step_avg:192.98ms
step:2434/4740 train_time:469840ms step_avg:193.03ms
step:2435/4740 train_time:470022ms step_avg:193.03ms
step:2436/4740 train_time:470341ms step_avg:193.08ms
step:2437/4740 train_time:470528ms step_avg:193.08ms
step:2438/4740 train_time:470850ms step_avg:193.13ms
step:2439/4740 train_time:471031ms step_avg:193.12ms
step:2440/4740 train_time:471355ms step_avg:193.18ms
step:2441/4740 train_time:471536ms step_avg:193.17ms
step:2442/4740 train_time:471858ms step_avg:193.23ms
step:2443/4740 train_time:472041ms step_avg:193.22ms
step:2444/4740 train_time:472362ms step_avg:193.27ms
step:2445/4740 train_time:472549ms step_avg:193.27ms
step:2446/4740 train_time:472863ms step_avg:193.32ms
step:2447/4740 train_time:473048ms step_avg:193.32ms
step:2448/4740 train_time:473369ms step_avg:193.37ms
step:2449/4740 train_time:473552ms step_avg:193.37ms
step:2450/4740 train_time:473870ms step_avg:193.42ms
step:2451/4740 train_time:474055ms step_avg:193.41ms
step:2452/4740 train_time:474378ms step_avg:193.47ms
step:2453/4740 train_time:474564ms step_avg:193.46ms
step:2454/4740 train_time:474887ms step_avg:193.52ms
step:2455/4740 train_time:475070ms step_avg:193.51ms
step:2456/4740 train_time:475389ms step_avg:193.56ms
step:2457/4740 train_time:475572ms step_avg:193.56ms
step:2458/4740 train_time:475891ms step_avg:193.61ms
step:2459/4740 train_time:476071ms step_avg:193.60ms
step:2460/4740 train_time:476396ms step_avg:193.66ms
step:2461/4740 train_time:476576ms step_avg:193.65ms
step:2462/4740 train_time:476899ms step_avg:193.70ms
step:2463/4740 train_time:477079ms step_avg:193.70ms
step:2464/4740 train_time:477400ms step_avg:193.75ms
step:2465/4740 train_time:477586ms step_avg:193.75ms
step:2466/4740 train_time:477908ms step_avg:193.80ms
step:2467/4740 train_time:478088ms step_avg:193.79ms
step:2468/4740 train_time:478413ms step_avg:193.85ms
step:2469/4740 train_time:478593ms step_avg:193.84ms
step:2470/4740 train_time:478912ms step_avg:193.89ms
step:2471/4740 train_time:479096ms step_avg:193.89ms
step:2472/4740 train_time:479416ms step_avg:193.94ms
step:2473/4740 train_time:479601ms step_avg:193.93ms
step:2474/4740 train_time:479921ms step_avg:193.99ms
step:2475/4740 train_time:480106ms step_avg:193.98ms
step:2476/4740 train_time:480428ms step_avg:194.03ms
step:2477/4740 train_time:480610ms step_avg:194.03ms
step:2478/4740 train_time:480930ms step_avg:194.08ms
step:2479/4740 train_time:481112ms step_avg:194.08ms
step:2480/4740 train_time:481438ms step_avg:194.13ms
step:2481/4740 train_time:481620ms step_avg:194.12ms
step:2482/4740 train_time:481941ms step_avg:194.17ms
step:2483/4740 train_time:482122ms step_avg:194.17ms
step:2484/4740 train_time:482445ms step_avg:194.22ms
step:2485/4740 train_time:482628ms step_avg:194.22ms
step:2486/4740 train_time:482947ms step_avg:194.27ms
step:2487/4740 train_time:483133ms step_avg:194.26ms
step:2488/4740 train_time:483455ms step_avg:194.31ms
step:2489/4740 train_time:483635ms step_avg:194.31ms
step:2490/4740 train_time:483956ms step_avg:194.36ms
step:2491/4740 train_time:484140ms step_avg:194.36ms
step:2492/4740 train_time:484460ms step_avg:194.41ms
step:2493/4740 train_time:484643ms step_avg:194.40ms
step:2494/4740 train_time:484961ms step_avg:194.45ms
step:2495/4740 train_time:485145ms step_avg:194.45ms
step:2496/4740 train_time:485466ms step_avg:194.50ms
step:2497/4740 train_time:485648ms step_avg:194.49ms
step:2498/4740 train_time:485972ms step_avg:194.54ms
step:2499/4740 train_time:486157ms step_avg:194.54ms
step:2500/4740 train_time:486478ms step_avg:194.59ms
step:2500/4740 val_loss:3.1951 train_time:486606ms step_avg:194.64ms
step:2501/4740 train_time:486663ms step_avg:194.59ms
step:2502/4740 train_time:486993ms step_avg:194.64ms
step:2503/4740 train_time:487174ms step_avg:194.64ms
step:2504/4740 train_time:487491ms step_avg:194.68ms
step:2505/4740 train_time:487670ms step_avg:194.68ms
step:2506/4740 train_time:487997ms step_avg:194.73ms
step:2507/4740 train_time:488184ms step_avg:194.73ms
step:2508/4740 train_time:488508ms step_avg:194.78ms
step:2509/4740 train_time:488687ms step_avg:194.77ms
step:2510/4740 train_time:489008ms step_avg:194.82ms
step:2511/4740 train_time:489193ms step_avg:194.82ms
step:2512/4740 train_time:489514ms step_avg:194.87ms
step:2513/4740 train_time:489696ms step_avg:194.86ms
step:2514/4740 train_time:490017ms step_avg:194.92ms
step:2515/4740 train_time:490199ms step_avg:194.91ms
step:2516/4740 train_time:490518ms step_avg:194.96ms
step:2517/4740 train_time:490700ms step_avg:194.95ms
step:2518/4740 train_time:491024ms step_avg:195.01ms
step:2519/4740 train_time:491203ms step_avg:195.00ms
step:2520/4740 train_time:491527ms step_avg:195.05ms
step:2521/4740 train_time:491708ms step_avg:195.04ms
step:2522/4740 train_time:492028ms step_avg:195.09ms
step:2523/4740 train_time:492211ms step_avg:195.09ms
step:2524/4740 train_time:492534ms step_avg:195.14ms
step:2525/4740 train_time:492717ms step_avg:195.14ms
step:2526/4740 train_time:493039ms step_avg:195.19ms
step:2527/4740 train_time:493220ms step_avg:195.18ms
step:2528/4740 train_time:493543ms step_avg:195.23ms
step:2529/4740 train_time:493724ms step_avg:195.22ms
step:2530/4740 train_time:494049ms step_avg:195.28ms
step:2531/4740 train_time:494232ms step_avg:195.27ms
step:2532/4740 train_time:494556ms step_avg:195.32ms
step:2533/4740 train_time:494736ms step_avg:195.32ms
step:2534/4740 train_time:495058ms step_avg:195.37ms
step:2535/4740 train_time:495243ms step_avg:195.36ms
step:2536/4740 train_time:495567ms step_avg:195.41ms
step:2537/4740 train_time:495750ms step_avg:195.41ms
step:2538/4740 train_time:496069ms step_avg:195.46ms
step:2539/4740 train_time:496252ms step_avg:195.45ms
step:2540/4740 train_time:496578ms step_avg:195.50ms
step:2541/4740 train_time:496759ms step_avg:195.50ms
step:2542/4740 train_time:497079ms step_avg:195.55ms
step:2543/4740 train_time:497263ms step_avg:195.54ms
step:2544/4740 train_time:497583ms step_avg:195.59ms
step:2545/4740 train_time:497764ms step_avg:195.59ms
step:2546/4740 train_time:498084ms step_avg:195.63ms
step:2547/4740 train_time:498267ms step_avg:195.63ms
step:2548/4740 train_time:498590ms step_avg:195.68ms
step:2549/4740 train_time:498772ms step_avg:195.67ms
step:2550/4740 train_time:499094ms step_avg:195.72ms
step:2551/4740 train_time:499280ms step_avg:195.72ms
step:2552/4740 train_time:499595ms step_avg:195.77ms
step:2553/4740 train_time:499782ms step_avg:195.76ms
step:2554/4740 train_time:500101ms step_avg:195.81ms
step:2555/4740 train_time:500285ms step_avg:195.81ms
step:2556/4740 train_time:500602ms step_avg:195.85ms
step:2557/4740 train_time:500786ms step_avg:195.85ms
step:2558/4740 train_time:501110ms step_avg:195.90ms
step:2559/4740 train_time:501293ms step_avg:195.89ms
step:2560/4740 train_time:501614ms step_avg:195.94ms
step:2561/4740 train_time:501798ms step_avg:195.94ms
step:2562/4740 train_time:502117ms step_avg:195.99ms
step:2563/4740 train_time:502300ms step_avg:195.98ms
step:2564/4740 train_time:502625ms step_avg:196.03ms
step:2565/4740 train_time:502809ms step_avg:196.03ms
step:2566/4740 train_time:503127ms step_avg:196.07ms
step:2567/4740 train_time:503311ms step_avg:196.07ms
step:2568/4740 train_time:503636ms step_avg:196.12ms
step:2569/4740 train_time:503815ms step_avg:196.11ms
step:2570/4740 train_time:504136ms step_avg:196.16ms
step:2571/4740 train_time:504321ms step_avg:196.16ms
step:2572/4740 train_time:504643ms step_avg:196.21ms
step:2573/4740 train_time:504825ms step_avg:196.20ms
step:2574/4740 train_time:505146ms step_avg:196.25ms
step:2575/4740 train_time:505329ms step_avg:196.24ms
step:2576/4740 train_time:505653ms step_avg:196.29ms
step:2577/4740 train_time:505835ms step_avg:196.29ms
step:2578/4740 train_time:506156ms step_avg:196.34ms
step:2579/4740 train_time:506340ms step_avg:196.33ms
step:2580/4740 train_time:506662ms step_avg:196.38ms
step:2581/4740 train_time:506842ms step_avg:196.37ms
step:2582/4740 train_time:507160ms step_avg:196.42ms
step:2583/4740 train_time:507343ms step_avg:196.42ms
step:2584/4740 train_time:507662ms step_avg:196.46ms
step:2585/4740 train_time:507847ms step_avg:196.46ms
step:2586/4740 train_time:508167ms step_avg:196.51ms
step:2587/4740 train_time:508349ms step_avg:196.50ms
step:2588/4740 train_time:508674ms step_avg:196.55ms
step:2589/4740 train_time:508853ms step_avg:196.54ms
step:2590/4740 train_time:509176ms step_avg:196.59ms
step:2591/4740 train_time:509356ms step_avg:196.59ms
step:2592/4740 train_time:509679ms step_avg:196.64ms
step:2593/4740 train_time:509859ms step_avg:196.63ms
step:2594/4740 train_time:510182ms step_avg:196.68ms
step:2595/4740 train_time:510368ms step_avg:196.67ms
step:2596/4740 train_time:510687ms step_avg:196.72ms
step:2597/4740 train_time:510869ms step_avg:196.71ms
step:2598/4740 train_time:511191ms step_avg:196.76ms
step:2599/4740 train_time:511376ms step_avg:196.76ms
step:2600/4740 train_time:511698ms step_avg:196.81ms
step:2601/4740 train_time:511879ms step_avg:196.80ms
step:2602/4740 train_time:512198ms step_avg:196.85ms
step:2603/4740 train_time:512382ms step_avg:196.84ms
step:2604/4740 train_time:512703ms step_avg:196.89ms
step:2605/4740 train_time:512884ms step_avg:196.88ms
step:2606/4740 train_time:513204ms step_avg:196.93ms
step:2607/4740 train_time:513389ms step_avg:196.93ms
step:2608/4740 train_time:513714ms step_avg:196.98ms
step:2609/4740 train_time:513896ms step_avg:196.97ms
step:2610/4740 train_time:514219ms step_avg:197.02ms
step:2611/4740 train_time:514403ms step_avg:197.01ms
step:2612/4740 train_time:514719ms step_avg:197.06ms
step:2613/4740 train_time:514906ms step_avg:197.06ms
step:2614/4740 train_time:515225ms step_avg:197.10ms
step:2615/4740 train_time:515407ms step_avg:197.10ms
step:2616/4740 train_time:515729ms step_avg:197.14ms
step:2617/4740 train_time:515913ms step_avg:197.14ms
step:2618/4740 train_time:516236ms step_avg:197.19ms
step:2619/4740 train_time:516415ms step_avg:197.18ms
step:2620/4740 train_time:516734ms step_avg:197.23ms
step:2621/4740 train_time:516916ms step_avg:197.22ms
step:2622/4740 train_time:517240ms step_avg:197.27ms
step:2623/4740 train_time:517420ms step_avg:197.26ms
step:2624/4740 train_time:517740ms step_avg:197.31ms
step:2625/4740 train_time:517920ms step_avg:197.30ms
step:2626/4740 train_time:518241ms step_avg:197.35ms
step:2627/4740 train_time:518424ms step_avg:197.34ms
step:2628/4740 train_time:518748ms step_avg:197.39ms
step:2629/4740 train_time:518926ms step_avg:197.39ms
step:2630/4740 train_time:519253ms step_avg:197.43ms
step:2631/4740 train_time:519437ms step_avg:197.43ms
step:2632/4740 train_time:519754ms step_avg:197.48ms
step:2633/4740 train_time:519936ms step_avg:197.47ms
step:2634/4740 train_time:520258ms step_avg:197.52ms
step:2635/4740 train_time:520442ms step_avg:197.51ms
step:2636/4740 train_time:520763ms step_avg:197.56ms
step:2637/4740 train_time:520942ms step_avg:197.55ms
step:2638/4740 train_time:521267ms step_avg:197.60ms
step:2639/4740 train_time:521451ms step_avg:197.59ms
step:2640/4740 train_time:521769ms step_avg:197.64ms
step:2641/4740 train_time:521950ms step_avg:197.63ms
step:2642/4740 train_time:522275ms step_avg:197.68ms
step:2643/4740 train_time:522458ms step_avg:197.68ms
step:2644/4740 train_time:522778ms step_avg:197.72ms
step:2645/4740 train_time:522960ms step_avg:197.72ms
step:2646/4740 train_time:523285ms step_avg:197.76ms
step:2647/4740 train_time:523471ms step_avg:197.76ms
step:2648/4740 train_time:523794ms step_avg:197.81ms
step:2649/4740 train_time:523977ms step_avg:197.80ms
step:2650/4740 train_time:524296ms step_avg:197.85ms
step:2651/4740 train_time:524484ms step_avg:197.84ms
step:2652/4740 train_time:524803ms step_avg:197.89ms
step:2653/4740 train_time:524986ms step_avg:197.88ms
step:2654/4740 train_time:525306ms step_avg:197.93ms
step:2655/4740 train_time:525489ms step_avg:197.92ms
step:2656/4740 train_time:525809ms step_avg:197.97ms
step:2657/4740 train_time:525995ms step_avg:197.97ms
step:2658/4740 train_time:526316ms step_avg:198.01ms
step:2659/4740 train_time:526502ms step_avg:198.01ms
step:2660/4740 train_time:526821ms step_avg:198.05ms
step:2661/4740 train_time:527005ms step_avg:198.05ms
step:2662/4740 train_time:527327ms step_avg:198.09ms
step:2663/4740 train_time:527508ms step_avg:198.09ms
step:2664/4740 train_time:527829ms step_avg:198.13ms
step:2665/4740 train_time:528014ms step_avg:198.13ms
step:2666/4740 train_time:528338ms step_avg:198.18ms
step:2667/4740 train_time:528517ms step_avg:198.17ms
step:2668/4740 train_time:528839ms step_avg:198.22ms
step:2669/4740 train_time:529020ms step_avg:198.21ms
step:2670/4740 train_time:529342ms step_avg:198.26ms
step:2671/4740 train_time:529524ms step_avg:198.25ms
step:2672/4740 train_time:529847ms step_avg:198.30ms
step:2673/4740 train_time:530027ms step_avg:198.29ms
step:2674/4740 train_time:530348ms step_avg:198.34ms
step:2675/4740 train_time:530532ms step_avg:198.33ms
step:2676/4740 train_time:530856ms step_avg:198.38ms
step:2677/4740 train_time:531040ms step_avg:198.37ms
step:2678/4740 train_time:531362ms step_avg:198.42ms
step:2679/4740 train_time:531547ms step_avg:198.41ms
step:2680/4740 train_time:531869ms step_avg:198.46ms
step:2681/4740 train_time:532052ms step_avg:198.45ms
step:2682/4740 train_time:532376ms step_avg:198.50ms
step:2683/4740 train_time:532555ms step_avg:198.49ms
step:2684/4740 train_time:532878ms step_avg:198.54ms
step:2685/4740 train_time:533061ms step_avg:198.53ms
step:2686/4740 train_time:533385ms step_avg:198.58ms
step:2687/4740 train_time:533564ms step_avg:198.57ms
step:2688/4740 train_time:533888ms step_avg:198.62ms
step:2689/4740 train_time:534070ms step_avg:198.61ms
step:2690/4740 train_time:534393ms step_avg:198.66ms
step:2691/4740 train_time:534575ms step_avg:198.65ms
step:2692/4740 train_time:534898ms step_avg:198.70ms
step:2693/4740 train_time:535079ms step_avg:198.69ms
step:2694/4740 train_time:535403ms step_avg:198.74ms
step:2695/4740 train_time:535581ms step_avg:198.73ms
step:2696/4740 train_time:535906ms step_avg:198.78ms
step:2697/4740 train_time:536088ms step_avg:198.77ms
step:2698/4740 train_time:536408ms step_avg:198.82ms
step:2699/4740 train_time:536590ms step_avg:198.81ms
step:2700/4740 train_time:536910ms step_avg:198.86ms
step:2701/4740 train_time:537092ms step_avg:198.85ms
step:2702/4740 train_time:537416ms step_avg:198.90ms
step:2703/4740 train_time:537595ms step_avg:198.89ms
step:2704/4740 train_time:537917ms step_avg:198.93ms
step:2705/4740 train_time:538099ms step_avg:198.93ms
step:2706/4740 train_time:538424ms step_avg:198.97ms
step:2707/4740 train_time:538603ms step_avg:198.97ms
step:2708/4740 train_time:538925ms step_avg:199.01ms
step:2709/4740 train_time:539110ms step_avg:199.01ms
step:2710/4740 train_time:539428ms step_avg:199.05ms
step:2711/4740 train_time:539610ms step_avg:199.04ms
step:2712/4740 train_time:539931ms step_avg:199.09ms
step:2713/4740 train_time:540113ms step_avg:199.08ms
step:2714/4740 train_time:540433ms step_avg:199.13ms
step:2715/4740 train_time:540618ms step_avg:199.12ms
step:2716/4740 train_time:540940ms step_avg:199.17ms
step:2717/4740 train_time:541120ms step_avg:199.16ms
step:2718/4740 train_time:541441ms step_avg:199.21ms
step:2719/4740 train_time:541623ms step_avg:199.20ms
step:2720/4740 train_time:541945ms step_avg:199.24ms
step:2721/4740 train_time:542127ms step_avg:199.24ms
step:2722/4740 train_time:542446ms step_avg:199.28ms
step:2723/4740 train_time:542630ms step_avg:199.28ms
step:2724/4740 train_time:542949ms step_avg:199.32ms
step:2725/4740 train_time:543131ms step_avg:199.31ms
step:2726/4740 train_time:543453ms step_avg:199.36ms
step:2727/4740 train_time:543637ms step_avg:199.35ms
step:2728/4740 train_time:543957ms step_avg:199.40ms
step:2729/4740 train_time:544144ms step_avg:199.39ms
step:2730/4740 train_time:544464ms step_avg:199.44ms
step:2731/4740 train_time:544648ms step_avg:199.43ms
step:2732/4740 train_time:544968ms step_avg:199.48ms
step:2733/4740 train_time:545150ms step_avg:199.47ms
step:2734/4740 train_time:545471ms step_avg:199.51ms
step:2735/4740 train_time:545653ms step_avg:199.51ms
step:2736/4740 train_time:545976ms step_avg:199.55ms
step:2737/4740 train_time:546159ms step_avg:199.55ms
step:2738/4740 train_time:546483ms step_avg:199.59ms
step:2739/4740 train_time:546662ms step_avg:199.58ms
step:2740/4740 train_time:546983ms step_avg:199.63ms
step:2741/4740 train_time:547167ms step_avg:199.62ms
step:2742/4740 train_time:547485ms step_avg:199.67ms
step:2743/4740 train_time:547672ms step_avg:199.66ms
step:2744/4740 train_time:547992ms step_avg:199.71ms
step:2745/4740 train_time:548175ms step_avg:199.70ms
step:2746/4740 train_time:548495ms step_avg:199.74ms
step:2747/4740 train_time:548679ms step_avg:199.74ms
step:2748/4740 train_time:549001ms step_avg:199.78ms
step:2749/4740 train_time:549188ms step_avg:199.78ms
step:2750/4740 train_time:549508ms step_avg:199.82ms
step:2750/4740 val_loss:3.1603 train_time:549638ms step_avg:199.87ms
step:2751/4740 train_time:549695ms step_avg:199.82ms
step:2752/4740 train_time:550025ms step_avg:199.86ms
step:2753/4740 train_time:550203ms step_avg:199.86ms
step:2754/4740 train_time:550519ms step_avg:199.90ms
step:2755/4740 train_time:550701ms step_avg:199.89ms
step:2756/4740 train_time:551031ms step_avg:199.94ms
step:2757/4740 train_time:551218ms step_avg:199.93ms
step:2758/4740 train_time:551534ms step_avg:199.98ms
step:2759/4740 train_time:551720ms step_avg:199.97ms
step:2760/4740 train_time:552046ms step_avg:200.02ms
step:2761/4740 train_time:552227ms step_avg:200.01ms
step:2762/4740 train_time:552550ms step_avg:200.05ms
step:2763/4740 train_time:552735ms step_avg:200.05ms
step:2764/4740 train_time:553061ms step_avg:200.09ms
step:2765/4740 train_time:553242ms step_avg:200.09ms
step:2766/4740 train_time:553563ms step_avg:200.13ms
step:2767/4740 train_time:553746ms step_avg:200.12ms
step:2768/4740 train_time:554070ms step_avg:200.17ms
step:2769/4740 train_time:554247ms step_avg:200.16ms
step:2770/4740 train_time:554571ms step_avg:200.21ms
step:2771/4740 train_time:554753ms step_avg:200.20ms
step:2772/4740 train_time:555077ms step_avg:200.24ms
step:2773/4740 train_time:555261ms step_avg:200.24ms
step:2774/4740 train_time:555585ms step_avg:200.28ms
step:2775/4740 train_time:555766ms step_avg:200.28ms
step:2776/4740 train_time:556093ms step_avg:200.32ms
step:2777/4740 train_time:556274ms step_avg:200.31ms
step:2778/4740 train_time:556596ms step_avg:200.36ms
step:2779/4740 train_time:556776ms step_avg:200.35ms
step:2780/4740 train_time:557099ms step_avg:200.40ms
step:2781/4740 train_time:557280ms step_avg:200.39ms
step:2782/4740 train_time:557602ms step_avg:200.43ms
step:2783/4740 train_time:557786ms step_avg:200.43ms
step:2784/4740 train_time:558110ms step_avg:200.47ms
step:2785/4740 train_time:558293ms step_avg:200.46ms
step:2786/4740 train_time:558615ms step_avg:200.51ms
step:2787/4740 train_time:558800ms step_avg:200.50ms
step:2788/4740 train_time:559119ms step_avg:200.54ms
step:2789/4740 train_time:559305ms step_avg:200.54ms
step:2790/4740 train_time:559627ms step_avg:200.58ms
step:2791/4740 train_time:559816ms step_avg:200.58ms
step:2792/4740 train_time:560138ms step_avg:200.62ms
step:2793/4740 train_time:560326ms step_avg:200.62ms
step:2794/4740 train_time:560646ms step_avg:200.66ms
step:2795/4740 train_time:560829ms step_avg:200.65ms
step:2796/4740 train_time:561152ms step_avg:200.70ms
step:2797/4740 train_time:561334ms step_avg:200.69ms
step:2798/4740 train_time:561658ms step_avg:200.74ms
step:2799/4740 train_time:561842ms step_avg:200.73ms
step:2800/4740 train_time:562168ms step_avg:200.77ms
step:2801/4740 train_time:562351ms step_avg:200.77ms
step:2802/4740 train_time:562670ms step_avg:200.81ms
step:2803/4740 train_time:562853ms step_avg:200.80ms
step:2804/4740 train_time:563175ms step_avg:200.85ms
step:2805/4740 train_time:563359ms step_avg:200.84ms
step:2806/4740 train_time:563689ms step_avg:200.89ms
step:2807/4740 train_time:563868ms step_avg:200.88ms
step:2808/4740 train_time:564191ms step_avg:200.92ms
step:2809/4740 train_time:564375ms step_avg:200.92ms
step:2810/4740 train_time:564695ms step_avg:200.96ms
step:2811/4740 train_time:564875ms step_avg:200.95ms
step:2812/4740 train_time:565198ms step_avg:201.00ms
step:2813/4740 train_time:565380ms step_avg:200.99ms
step:2814/4740 train_time:565705ms step_avg:201.03ms
step:2815/4740 train_time:565887ms step_avg:201.03ms
step:2816/4740 train_time:566211ms step_avg:201.07ms
step:2817/4740 train_time:566389ms step_avg:201.06ms
step:2818/4740 train_time:566711ms step_avg:201.10ms
step:2819/4740 train_time:566893ms step_avg:201.10ms
step:2820/4740 train_time:567214ms step_avg:201.14ms
step:2821/4740 train_time:567395ms step_avg:201.13ms
step:2822/4740 train_time:567717ms step_avg:201.18ms
step:2823/4740 train_time:567899ms step_avg:201.17ms
step:2824/4740 train_time:568221ms step_avg:201.21ms
step:2825/4740 train_time:568401ms step_avg:201.20ms
step:2826/4740 train_time:568723ms step_avg:201.25ms
step:2827/4740 train_time:568910ms step_avg:201.24ms
step:2828/4740 train_time:569229ms step_avg:201.28ms
step:2829/4740 train_time:569418ms step_avg:201.28ms
step:2830/4740 train_time:569735ms step_avg:201.32ms
step:2831/4740 train_time:569923ms step_avg:201.32ms
step:2832/4740 train_time:570244ms step_avg:201.36ms
step:2833/4740 train_time:570426ms step_avg:201.35ms
step:2834/4740 train_time:570749ms step_avg:201.39ms
step:2835/4740 train_time:570930ms step_avg:201.39ms
step:2836/4740 train_time:571255ms step_avg:201.43ms
step:2837/4740 train_time:571435ms step_avg:201.42ms
step:2838/4740 train_time:571760ms step_avg:201.47ms
step:2839/4740 train_time:571940ms step_avg:201.46ms
step:2840/4740 train_time:572266ms step_avg:201.50ms
step:2841/4740 train_time:572446ms step_avg:201.49ms
step:2842/4740 train_time:572768ms step_avg:201.54ms
step:2843/4740 train_time:572952ms step_avg:201.53ms
step:2844/4740 train_time:573273ms step_avg:201.57ms
step:2845/4740 train_time:573459ms step_avg:201.57ms
step:2846/4740 train_time:573780ms step_avg:201.61ms
step:2847/4740 train_time:573963ms step_avg:201.60ms
step:2848/4740 train_time:574287ms step_avg:201.65ms
step:2849/4740 train_time:574471ms step_avg:201.64ms
step:2850/4740 train_time:574796ms step_avg:201.68ms
step:2851/4740 train_time:574976ms step_avg:201.68ms
step:2852/4740 train_time:575297ms step_avg:201.72ms
step:2853/4740 train_time:575481ms step_avg:201.71ms
step:2854/4740 train_time:575803ms step_avg:201.75ms
step:2855/4740 train_time:575985ms step_avg:201.75ms
step:2856/4740 train_time:576304ms step_avg:201.79ms
step:2857/4740 train_time:576487ms step_avg:201.78ms
step:2858/4740 train_time:576808ms step_avg:201.82ms
step:2859/4740 train_time:576995ms step_avg:201.82ms
step:2860/4740 train_time:577317ms step_avg:201.86ms
step:2861/4740 train_time:577502ms step_avg:201.85ms
step:2862/4740 train_time:577820ms step_avg:201.89ms
step:2863/4740 train_time:578005ms step_avg:201.89ms
step:2864/4740 train_time:578328ms step_avg:201.93ms
step:2865/4740 train_time:578514ms step_avg:201.92ms
step:2866/4740 train_time:578830ms step_avg:201.96ms
step:2867/4740 train_time:579016ms step_avg:201.96ms
step:2868/4740 train_time:579338ms step_avg:202.00ms
step:2869/4740 train_time:579519ms step_avg:201.99ms
step:2870/4740 train_time:579844ms step_avg:202.04ms
step:2871/4740 train_time:580030ms step_avg:202.03ms
step:2872/4740 train_time:580353ms step_avg:202.07ms
step:2873/4740 train_time:580535ms step_avg:202.07ms
step:2874/4740 train_time:580854ms step_avg:202.11ms
step:2875/4740 train_time:581038ms step_avg:202.10ms
step:2876/4740 train_time:581359ms step_avg:202.14ms
step:2877/4740 train_time:581542ms step_avg:202.13ms
step:2878/4740 train_time:581862ms step_avg:202.18ms
step:2879/4740 train_time:582049ms step_avg:202.17ms
step:2880/4740 train_time:582372ms step_avg:202.21ms
step:2881/4740 train_time:582551ms step_avg:202.20ms
step:2882/4740 train_time:582877ms step_avg:202.25ms
step:2883/4740 train_time:583059ms step_avg:202.24ms
step:2884/4740 train_time:583380ms step_avg:202.28ms
step:2885/4740 train_time:583563ms step_avg:202.27ms
step:2886/4740 train_time:583889ms step_avg:202.32ms
step:2887/4740 train_time:584066ms step_avg:202.31ms
step:2888/4740 train_time:584392ms step_avg:202.35ms
step:2889/4740 train_time:584574ms step_avg:202.34ms
step:2890/4740 train_time:584896ms step_avg:202.39ms
step:2891/4740 train_time:585081ms step_avg:202.38ms
step:2892/4740 train_time:585406ms step_avg:202.42ms
step:2893/4740 train_time:585591ms step_avg:202.42ms
step:2894/4740 train_time:585908ms step_avg:202.46ms
step:2895/4740 train_time:586095ms step_avg:202.45ms
step:2896/4740 train_time:586413ms step_avg:202.49ms
step:2897/4740 train_time:586595ms step_avg:202.48ms
step:2898/4740 train_time:586921ms step_avg:202.53ms
step:2899/4740 train_time:587101ms step_avg:202.52ms
step:2900/4740 train_time:587420ms step_avg:202.56ms
step:2901/4740 train_time:587602ms step_avg:202.55ms
step:2902/4740 train_time:587930ms step_avg:202.59ms
step:2903/4740 train_time:588107ms step_avg:202.59ms
step:2904/4740 train_time:588428ms step_avg:202.63ms
step:2905/4740 train_time:588611ms step_avg:202.62ms
step:2906/4740 train_time:588936ms step_avg:202.66ms
step:2907/4740 train_time:589118ms step_avg:202.65ms
step:2908/4740 train_time:589443ms step_avg:202.70ms
step:2909/4740 train_time:589624ms step_avg:202.69ms
step:2910/4740 train_time:589951ms step_avg:202.73ms
step:2911/4740 train_time:590132ms step_avg:202.72ms
step:2912/4740 train_time:590449ms step_avg:202.76ms
step:2913/4740 train_time:590633ms step_avg:202.76ms
step:2914/4740 train_time:590958ms step_avg:202.80ms
step:2915/4740 train_time:591141ms step_avg:202.79ms
step:2916/4740 train_time:591462ms step_avg:202.83ms
step:2917/4740 train_time:591646ms step_avg:202.83ms
step:2918/4740 train_time:591967ms step_avg:202.87ms
step:2919/4740 train_time:592152ms step_avg:202.86ms
step:2920/4740 train_time:592475ms step_avg:202.90ms
step:2921/4740 train_time:592658ms step_avg:202.90ms
step:2922/4740 train_time:592977ms step_avg:202.94ms
step:2923/4740 train_time:593160ms step_avg:202.93ms
step:2924/4740 train_time:593484ms step_avg:202.97ms
step:2925/4740 train_time:593669ms step_avg:202.96ms
step:2926/4740 train_time:593992ms step_avg:203.00ms
step:2927/4740 train_time:594173ms step_avg:203.00ms
step:2928/4740 train_time:594499ms step_avg:203.04ms
step:2929/4740 train_time:594680ms step_avg:203.03ms
step:2930/4740 train_time:595000ms step_avg:203.07ms
step:2931/4740 train_time:595182ms step_avg:203.06ms
step:2932/4740 train_time:595503ms step_avg:203.10ms
step:2933/4740 train_time:595687ms step_avg:203.10ms
step:2934/4740 train_time:596009ms step_avg:203.14ms
step:2935/4740 train_time:596193ms step_avg:203.13ms
step:2936/4740 train_time:596514ms step_avg:203.17ms
step:2937/4740 train_time:596695ms step_avg:203.16ms
step:2938/4740 train_time:597019ms step_avg:203.21ms
step:2939/4740 train_time:597202ms step_avg:203.20ms
step:2940/4740 train_time:597523ms step_avg:203.24ms
step:2941/4740 train_time:597705ms step_avg:203.23ms
step:2942/4740 train_time:598028ms step_avg:203.27ms
step:2943/4740 train_time:598216ms step_avg:203.27ms
step:2944/4740 train_time:598539ms step_avg:203.31ms
step:2945/4740 train_time:598721ms step_avg:203.30ms
step:2946/4740 train_time:599040ms step_avg:203.34ms
step:2947/4740 train_time:599221ms step_avg:203.33ms
step:2948/4740 train_time:599543ms step_avg:203.37ms
step:2949/4740 train_time:599731ms step_avg:203.37ms
step:2950/4740 train_time:600052ms step_avg:203.41ms
step:2951/4740 train_time:600231ms step_avg:203.40ms
step:2952/4740 train_time:600552ms step_avg:203.44ms
step:2953/4740 train_time:600738ms step_avg:203.43ms
step:2954/4740 train_time:601060ms step_avg:203.47ms
step:2955/4740 train_time:601241ms step_avg:203.47ms
step:2956/4740 train_time:601563ms step_avg:203.51ms
step:2957/4740 train_time:601749ms step_avg:203.50ms
step:2958/4740 train_time:602070ms step_avg:203.54ms
step:2959/4740 train_time:602254ms step_avg:203.53ms
step:2960/4740 train_time:602575ms step_avg:203.57ms
step:2961/4740 train_time:602756ms step_avg:203.57ms
step:2962/4740 train_time:603079ms step_avg:203.61ms
step:2963/4740 train_time:603263ms step_avg:203.60ms
step:2964/4740 train_time:603588ms step_avg:203.64ms
step:2965/4740 train_time:603766ms step_avg:203.63ms
step:2966/4740 train_time:604089ms step_avg:203.67ms
step:2967/4740 train_time:604271ms step_avg:203.66ms
step:2968/4740 train_time:604593ms step_avg:203.70ms
step:2969/4740 train_time:604778ms step_avg:203.70ms
step:2970/4740 train_time:605100ms step_avg:203.74ms
step:2971/4740 train_time:605284ms step_avg:203.73ms
step:2972/4740 train_time:605600ms step_avg:203.77ms
step:2973/4740 train_time:605786ms step_avg:203.76ms
step:2974/4740 train_time:606105ms step_avg:203.80ms
step:2975/4740 train_time:606289ms step_avg:203.79ms
step:2976/4740 train_time:606610ms step_avg:203.83ms
step:2977/4740 train_time:606796ms step_avg:203.83ms
step:2978/4740 train_time:607113ms step_avg:203.87ms
step:2979/4740 train_time:607297ms step_avg:203.86ms
step:2980/4740 train_time:607616ms step_avg:203.90ms
step:2981/4740 train_time:607800ms step_avg:203.89ms
step:2982/4740 train_time:608122ms step_avg:203.93ms
step:2983/4740 train_time:608306ms step_avg:203.92ms
step:2984/4740 train_time:608631ms step_avg:203.96ms
step:2985/4740 train_time:608814ms step_avg:203.96ms
step:2986/4740 train_time:609135ms step_avg:204.00ms
step:2987/4740 train_time:609324ms step_avg:203.99ms
step:2988/4740 train_time:609643ms step_avg:204.03ms
step:2989/4740 train_time:609829ms step_avg:204.02ms
step:2990/4740 train_time:610149ms step_avg:204.06ms
step:2991/4740 train_time:610333ms step_avg:204.06ms
step:2992/4740 train_time:610655ms step_avg:204.10ms
step:2993/4740 train_time:610836ms step_avg:204.09ms
step:2994/4740 train_time:611160ms step_avg:204.13ms
step:2995/4740 train_time:611345ms step_avg:204.12ms
step:2996/4740 train_time:611666ms step_avg:204.16ms
step:2997/4740 train_time:611847ms step_avg:204.15ms
step:2998/4740 train_time:612168ms step_avg:204.19ms
step:2999/4740 train_time:612351ms step_avg:204.18ms
step:3000/4740 train_time:612672ms step_avg:204.22ms
step:3000/4740 val_loss:3.1263 train_time:612798ms step_avg:204.27ms
step:3001/4740 train_time:612854ms step_avg:204.22ms
step:3002/4740 train_time:613184ms step_avg:204.26ms
step:3003/4740 train_time:613367ms step_avg:204.25ms
step:3004/4740 train_time:613682ms step_avg:204.29ms
step:3005/4740 train_time:613865ms step_avg:204.28ms
step:3006/4740 train_time:614191ms step_avg:204.32ms
step:3007/4740 train_time:614371ms step_avg:204.31ms
step:3008/4740 train_time:614692ms step_avg:204.35ms
step:3009/4740 train_time:614874ms step_avg:204.35ms
step:3010/4740 train_time:615201ms step_avg:204.39ms
step:3011/4740 train_time:615386ms step_avg:204.38ms
step:3012/4740 train_time:615708ms step_avg:204.42ms
step:3013/4740 train_time:615889ms step_avg:204.41ms
step:3014/4740 train_time:616210ms step_avg:204.45ms
step:3015/4740 train_time:616398ms step_avg:204.44ms
step:3016/4740 train_time:616720ms step_avg:204.48ms
step:3017/4740 train_time:616907ms step_avg:204.48ms
step:3018/4740 train_time:617227ms step_avg:204.52ms
step:3019/4740 train_time:617409ms step_avg:204.51ms
step:3020/4740 train_time:617731ms step_avg:204.55ms
step:3021/4740 train_time:617910ms step_avg:204.54ms
step:3022/4740 train_time:618231ms step_avg:204.58ms
step:3023/4740 train_time:618413ms step_avg:204.57ms
step:3024/4740 train_time:618737ms step_avg:204.61ms
step:3025/4740 train_time:618918ms step_avg:204.60ms
step:3026/4740 train_time:619236ms step_avg:204.64ms
step:3027/4740 train_time:619422ms step_avg:204.63ms
step:3028/4740 train_time:619745ms step_avg:204.67ms
step:3029/4740 train_time:619927ms step_avg:204.66ms
step:3030/4740 train_time:620249ms step_avg:204.70ms
step:3031/4740 train_time:620431ms step_avg:204.70ms
step:3032/4740 train_time:620753ms step_avg:204.73ms
step:3033/4740 train_time:620938ms step_avg:204.73ms
step:3034/4740 train_time:621260ms step_avg:204.77ms
step:3035/4740 train_time:621442ms step_avg:204.76ms
step:3036/4740 train_time:621761ms step_avg:204.80ms
step:3037/4740 train_time:621947ms step_avg:204.79ms
step:3038/4740 train_time:622268ms step_avg:204.83ms
step:3039/4740 train_time:622452ms step_avg:204.82ms
step:3040/4740 train_time:622773ms step_avg:204.86ms
step:3041/4740 train_time:622954ms step_avg:204.85ms
step:3042/4740 train_time:623272ms step_avg:204.89ms
step:3043/4740 train_time:623459ms step_avg:204.88ms
step:3044/4740 train_time:623784ms step_avg:204.92ms
step:3045/4740 train_time:623966ms step_avg:204.91ms
step:3046/4740 train_time:624287ms step_avg:204.95ms
step:3047/4740 train_time:624471ms step_avg:204.95ms
step:3048/4740 train_time:624793ms step_avg:204.98ms
step:3049/4740 train_time:624977ms step_avg:204.98ms
step:3050/4740 train_time:625301ms step_avg:205.02ms
step:3051/4740 train_time:625484ms step_avg:205.01ms
step:3052/4740 train_time:625806ms step_avg:205.05ms
step:3053/4740 train_time:625988ms step_avg:205.04ms
step:3054/4740 train_time:626310ms step_avg:205.08ms
step:3055/4740 train_time:626490ms step_avg:205.07ms
step:3056/4740 train_time:626817ms step_avg:205.11ms
step:3057/4740 train_time:626998ms step_avg:205.10ms
step:3058/4740 train_time:627321ms step_avg:205.14ms
step:3059/4740 train_time:627500ms step_avg:205.13ms
step:3060/4740 train_time:627824ms step_avg:205.17ms
step:3061/4740 train_time:628007ms step_avg:205.16ms
step:3062/4740 train_time:628328ms step_avg:205.20ms
step:3063/4740 train_time:628509ms step_avg:205.19ms
step:3064/4740 train_time:628836ms step_avg:205.23ms
step:3065/4740 train_time:629015ms step_avg:205.23ms
step:3066/4740 train_time:629338ms step_avg:205.26ms
step:3067/4740 train_time:629520ms step_avg:205.26ms
step:3068/4740 train_time:629843ms step_avg:205.29ms
step:3069/4740 train_time:630026ms step_avg:205.29ms
step:3070/4740 train_time:630349ms step_avg:205.33ms
step:3071/4740 train_time:630532ms step_avg:205.32ms
step:3072/4740 train_time:630854ms step_avg:205.36ms
step:3073/4740 train_time:631036ms step_avg:205.35ms
step:3074/4740 train_time:631356ms step_avg:205.39ms
step:3075/4740 train_time:631542ms step_avg:205.38ms
step:3076/4740 train_time:631864ms step_avg:205.42ms
step:3077/4740 train_time:632046ms step_avg:205.41ms
step:3078/4740 train_time:632371ms step_avg:205.45ms
step:3079/4740 train_time:632551ms step_avg:205.44ms
step:3080/4740 train_time:632877ms step_avg:205.48ms
step:3081/4740 train_time:633057ms step_avg:205.47ms
step:3082/4740 train_time:633379ms step_avg:205.51ms
step:3083/4740 train_time:633560ms step_avg:205.50ms
step:3084/4740 train_time:633885ms step_avg:205.54ms
step:3085/4740 train_time:634066ms step_avg:205.53ms
step:3086/4740 train_time:634387ms step_avg:205.57ms
step:3087/4740 train_time:634570ms step_avg:205.56ms
step:3088/4740 train_time:634893ms step_avg:205.60ms
step:3089/4740 train_time:635078ms step_avg:205.59ms
step:3090/4740 train_time:635401ms step_avg:205.63ms
step:3091/4740 train_time:635581ms step_avg:205.62ms
step:3092/4740 train_time:635907ms step_avg:205.66ms
step:3093/4740 train_time:636088ms step_avg:205.65ms
step:3094/4740 train_time:636408ms step_avg:205.69ms
step:3095/4740 train_time:636587ms step_avg:205.68ms
step:3096/4740 train_time:636911ms step_avg:205.72ms
step:3097/4740 train_time:637092ms step_avg:205.71ms
step:3098/4740 train_time:637416ms step_avg:205.75ms
step:3099/4740 train_time:637599ms step_avg:205.74ms
step:3100/4740 train_time:637921ms step_avg:205.78ms
step:3101/4740 train_time:638104ms step_avg:205.77ms
step:3102/4740 train_time:638426ms step_avg:205.81ms
step:3103/4740 train_time:638608ms step_avg:205.80ms
step:3104/4740 train_time:638929ms step_avg:205.84ms
step:3105/4740 train_time:639113ms step_avg:205.83ms
step:3106/4740 train_time:639430ms step_avg:205.87ms
step:3107/4740 train_time:639617ms step_avg:205.86ms
step:3108/4740 train_time:639938ms step_avg:205.90ms
step:3109/4740 train_time:640123ms step_avg:205.89ms
step:3110/4740 train_time:640447ms step_avg:205.93ms
step:3111/4740 train_time:640632ms step_avg:205.92ms
step:3112/4740 train_time:640953ms step_avg:205.96ms
step:3113/4740 train_time:641135ms step_avg:205.95ms
step:3114/4740 train_time:641454ms step_avg:205.99ms
step:3115/4740 train_time:641641ms step_avg:205.98ms
step:3116/4740 train_time:641962ms step_avg:206.02ms
step:3117/4740 train_time:642145ms step_avg:206.01ms
step:3118/4740 train_time:642469ms step_avg:206.05ms
step:3119/4740 train_time:642650ms step_avg:206.04ms
step:3120/4740 train_time:642971ms step_avg:206.08ms
step:3121/4740 train_time:643151ms step_avg:206.07ms
step:3122/4740 train_time:643478ms step_avg:206.11ms
step:3123/4740 train_time:643659ms step_avg:206.10ms
step:3124/4740 train_time:643979ms step_avg:206.14ms
step:3125/4740 train_time:644162ms step_avg:206.13ms
step:3126/4740 train_time:644485ms step_avg:206.17ms
step:3127/4740 train_time:644667ms step_avg:206.16ms
step:3128/4740 train_time:644990ms step_avg:206.20ms
step:3129/4740 train_time:645173ms step_avg:206.19ms
step:3130/4740 train_time:645496ms step_avg:206.23ms
step:3131/4740 train_time:645678ms step_avg:206.22ms
step:3132/4740 train_time:646003ms step_avg:206.26ms
step:3133/4740 train_time:646186ms step_avg:206.25ms
step:3134/4740 train_time:646512ms step_avg:206.29ms
step:3135/4740 train_time:646695ms step_avg:206.28ms
step:3136/4740 train_time:647016ms step_avg:206.32ms
step:3137/4740 train_time:647198ms step_avg:206.31ms
step:3138/4740 train_time:647523ms step_avg:206.35ms
step:3139/4740 train_time:647707ms step_avg:206.34ms
step:3140/4740 train_time:648028ms step_avg:206.38ms
step:3141/4740 train_time:648208ms step_avg:206.37ms
step:3142/4740 train_time:648532ms step_avg:206.41ms
step:3143/4740 train_time:648714ms step_avg:206.40ms
step:3144/4740 train_time:649035ms step_avg:206.44ms
step:3145/4740 train_time:649223ms step_avg:206.43ms
step:3146/4740 train_time:649547ms step_avg:206.47ms
step:3147/4740 train_time:649725ms step_avg:206.46ms
step:3148/4740 train_time:650050ms step_avg:206.50ms
step:3149/4740 train_time:650229ms step_avg:206.49ms
step:3150/4740 train_time:650549ms step_avg:206.52ms
step:3151/4740 train_time:650733ms step_avg:206.52ms
step:3152/4740 train_time:651058ms step_avg:206.55ms
step:3153/4740 train_time:651239ms step_avg:206.55ms
step:3154/4740 train_time:651565ms step_avg:206.58ms
step:3155/4740 train_time:651747ms step_avg:206.58ms
step:3156/4740 train_time:652071ms step_avg:206.61ms
step:3157/4740 train_time:652252ms step_avg:206.61ms
step:3158/4740 train_time:652574ms step_avg:206.64ms
step:3159/4740 train_time:652758ms step_avg:206.63ms
step:3160/4740 train_time:653083ms step_avg:206.67ms
step:3161/4740 train_time:653267ms step_avg:206.66ms
step:3162/4740 train_time:653585ms step_avg:206.70ms
step:3163/4740 train_time:653769ms step_avg:206.69ms
step:3164/4740 train_time:654095ms step_avg:206.73ms
step:3165/4740 train_time:654279ms step_avg:206.72ms
step:3166/4740 train_time:654601ms step_avg:206.76ms
step:3167/4740 train_time:654785ms step_avg:206.75ms
step:3168/4740 train_time:655108ms step_avg:206.79ms
step:3169/4740 train_time:655290ms step_avg:206.78ms
step:3170/4740 train_time:655612ms step_avg:206.82ms
step:3171/4740 train_time:655791ms step_avg:206.81ms
step:3172/4740 train_time:656115ms step_avg:206.85ms
step:3173/4740 train_time:656299ms step_avg:206.84ms
step:3174/4740 train_time:656621ms step_avg:206.87ms
step:3175/4740 train_time:656801ms step_avg:206.87ms
step:3176/4740 train_time:657124ms step_avg:206.90ms
step:3177/4740 train_time:657306ms step_avg:206.90ms
step:3178/4740 train_time:657634ms step_avg:206.93ms
step:3179/4740 train_time:657812ms step_avg:206.92ms
step:3180/4740 train_time:658139ms step_avg:206.96ms
step:3181/4740 train_time:658319ms step_avg:206.95ms
step:3182/4740 train_time:658642ms step_avg:206.99ms
step:3183/4740 train_time:658825ms step_avg:206.98ms
step:3184/4740 train_time:659150ms step_avg:207.02ms
step:3185/4740 train_time:659332ms step_avg:207.01ms
step:3186/4740 train_time:659655ms step_avg:207.05ms
step:3187/4740 train_time:659838ms step_avg:207.04ms
step:3188/4740 train_time:660164ms step_avg:207.08ms
step:3189/4740 train_time:660347ms step_avg:207.07ms
step:3190/4740 train_time:660673ms step_avg:207.11ms
step:3191/4740 train_time:660856ms step_avg:207.10ms
step:3192/4740 train_time:661179ms step_avg:207.14ms
step:3193/4740 train_time:661357ms step_avg:207.13ms
step:3194/4740 train_time:661685ms step_avg:207.16ms
step:3195/4740 train_time:661866ms step_avg:207.16ms
step:3196/4740 train_time:662188ms step_avg:207.19ms
step:3197/4740 train_time:662373ms step_avg:207.19ms
step:3198/4740 train_time:662698ms step_avg:207.22ms
step:3199/4740 train_time:662881ms step_avg:207.22ms
step:3200/4740 train_time:663201ms step_avg:207.25ms
step:3201/4740 train_time:663384ms step_avg:207.24ms
step:3202/4740 train_time:663706ms step_avg:207.28ms
step:3203/4740 train_time:663885ms step_avg:207.27ms
step:3204/4740 train_time:664207ms step_avg:207.31ms
step:3205/4740 train_time:664391ms step_avg:207.30ms
step:3206/4740 train_time:664712ms step_avg:207.33ms
step:3207/4740 train_time:664899ms step_avg:207.33ms
step:3208/4740 train_time:665219ms step_avg:207.36ms
step:3209/4740 train_time:665406ms step_avg:207.36ms
step:3210/4740 train_time:665728ms step_avg:207.39ms
step:3211/4740 train_time:665910ms step_avg:207.38ms
step:3212/4740 train_time:666231ms step_avg:207.42ms
step:3213/4740 train_time:666411ms step_avg:207.41ms
step:3214/4740 train_time:666736ms step_avg:207.45ms
step:3215/4740 train_time:666918ms step_avg:207.44ms
step:3216/4740 train_time:667236ms step_avg:207.47ms
step:3217/4740 train_time:667420ms step_avg:207.47ms
step:3218/4740 train_time:667744ms step_avg:207.50ms
step:3219/4740 train_time:667931ms step_avg:207.50ms
step:3220/4740 train_time:668256ms step_avg:207.53ms
step:3221/4740 train_time:668437ms step_avg:207.52ms
step:3222/4740 train_time:668760ms step_avg:207.56ms
step:3223/4740 train_time:668943ms step_avg:207.55ms
step:3224/4740 train_time:669260ms step_avg:207.59ms
step:3225/4740 train_time:669449ms step_avg:207.58ms
step:3226/4740 train_time:669774ms step_avg:207.62ms
step:3227/4740 train_time:669956ms step_avg:207.61ms
step:3228/4740 train_time:670276ms step_avg:207.64ms
step:3229/4740 train_time:670463ms step_avg:207.64ms
step:3230/4740 train_time:670787ms step_avg:207.67ms
step:3231/4740 train_time:670967ms step_avg:207.67ms
step:3232/4740 train_time:671290ms step_avg:207.70ms
step:3233/4740 train_time:671478ms step_avg:207.70ms
step:3234/4740 train_time:671798ms step_avg:207.73ms
step:3235/4740 train_time:671982ms step_avg:207.72ms
step:3236/4740 train_time:672303ms step_avg:207.76ms
step:3237/4740 train_time:672487ms step_avg:207.75ms
step:3238/4740 train_time:672810ms step_avg:207.79ms
step:3239/4740 train_time:672992ms step_avg:207.78ms
step:3240/4740 train_time:673316ms step_avg:207.81ms
step:3241/4740 train_time:673500ms step_avg:207.81ms
step:3242/4740 train_time:673824ms step_avg:207.84ms
step:3243/4740 train_time:674007ms step_avg:207.83ms
step:3244/4740 train_time:674329ms step_avg:207.87ms
step:3245/4740 train_time:674513ms step_avg:207.86ms
step:3246/4740 train_time:674835ms step_avg:207.90ms
step:3247/4740 train_time:675020ms step_avg:207.89ms
step:3248/4740 train_time:675345ms step_avg:207.93ms
step:3249/4740 train_time:675525ms step_avg:207.92ms
step:3250/4740 train_time:675852ms step_avg:207.95ms
step:3250/4740 val_loss:3.0929 train_time:675979ms step_avg:207.99ms
step:3251/4740 train_time:676035ms step_avg:207.95ms
step:3252/4740 train_time:676367ms step_avg:207.98ms
step:3253/4740 train_time:676549ms step_avg:207.98ms
step:3254/4740 train_time:676867ms step_avg:208.01ms
step:3255/4740 train_time:677046ms step_avg:208.00ms
step:3256/4740 train_time:677373ms step_avg:208.04ms
step:3257/4740 train_time:677560ms step_avg:208.03ms
step:3258/4740 train_time:677880ms step_avg:208.07ms
step:3259/4740 train_time:678060ms step_avg:208.06ms
step:3260/4740 train_time:678384ms step_avg:208.09ms
step:3261/4740 train_time:678567ms step_avg:208.09ms
step:3262/4740 train_time:678888ms step_avg:208.12ms
step:3263/4740 train_time:679069ms step_avg:208.11ms
step:3264/4740 train_time:679392ms step_avg:208.15ms
step:3265/4740 train_time:679579ms step_avg:208.14ms
step:3266/4740 train_time:679897ms step_avg:208.17ms
step:3267/4740 train_time:680082ms step_avg:208.17ms
step:3268/4740 train_time:680405ms step_avg:208.20ms
step:3269/4740 train_time:680587ms step_avg:208.19ms
step:3270/4740 train_time:680911ms step_avg:208.23ms
step:3271/4740 train_time:681092ms step_avg:208.22ms
step:3272/4740 train_time:681413ms step_avg:208.26ms
step:3273/4740 train_time:681597ms step_avg:208.25ms
step:3274/4740 train_time:681920ms step_avg:208.28ms
step:3275/4740 train_time:682100ms step_avg:208.27ms
step:3276/4740 train_time:682424ms step_avg:208.31ms
step:3277/4740 train_time:682607ms step_avg:208.30ms
step:3278/4740 train_time:682932ms step_avg:208.34ms
step:3279/4740 train_time:683112ms step_avg:208.33ms
step:3280/4740 train_time:683434ms step_avg:208.36ms
step:3281/4740 train_time:683616ms step_avg:208.36ms
step:3282/4740 train_time:683939ms step_avg:208.39ms
step:3283/4740 train_time:684120ms step_avg:208.38ms
step:3284/4740 train_time:684446ms step_avg:208.42ms
step:3285/4740 train_time:684631ms step_avg:208.41ms
step:3286/4740 train_time:684951ms step_avg:208.45ms
step:3287/4740 train_time:685134ms step_avg:208.44ms
step:3288/4740 train_time:685457ms step_avg:208.47ms
step:3289/4740 train_time:685639ms step_avg:208.46ms
step:3290/4740 train_time:685960ms step_avg:208.50ms
step:3291/4740 train_time:686143ms step_avg:208.49ms
step:3292/4740 train_time:686465ms step_avg:208.53ms
step:3293/4740 train_time:686645ms step_avg:208.52ms
step:3294/4740 train_time:686966ms step_avg:208.55ms
step:3295/4740 train_time:687148ms step_avg:208.54ms
step:3296/4740 train_time:687471ms step_avg:208.58ms
step:3297/4740 train_time:687653ms step_avg:208.57ms
step:3298/4740 train_time:687978ms step_avg:208.60ms
step:3299/4740 train_time:688160ms step_avg:208.60ms
step:3300/4740 train_time:688479ms step_avg:208.63ms
step:3301/4740 train_time:688661ms step_avg:208.62ms
step:3302/4740 train_time:688982ms step_avg:208.66ms
step:3303/4740 train_time:689168ms step_avg:208.65ms
step:3304/4740 train_time:689489ms step_avg:208.68ms
step:3305/4740 train_time:689670ms step_avg:208.67ms
step:3306/4740 train_time:689993ms step_avg:208.71ms
step:3307/4740 train_time:690176ms step_avg:208.70ms
step:3308/4740 train_time:690501ms step_avg:208.74ms
step:3309/4740 train_time:690684ms step_avg:208.73ms
step:3310/4740 train_time:691005ms step_avg:208.76ms
step:3311/4740 train_time:691190ms step_avg:208.76ms
step:3312/4740 train_time:691514ms step_avg:208.79ms
step:3313/4740 train_time:691692ms step_avg:208.78ms
step:3314/4740 train_time:692014ms step_avg:208.82ms
step:3315/4740 train_time:692196ms step_avg:208.81ms
step:3316/4740 train_time:692521ms step_avg:208.84ms
step:3317/4740 train_time:692705ms step_avg:208.83ms
step:3318/4740 train_time:693032ms step_avg:208.87ms
step:3319/4740 train_time:693212ms step_avg:208.86ms
step:3320/4740 train_time:693531ms step_avg:208.90ms
step:3321/4740 train_time:693716ms step_avg:208.89ms
step:3322/4740 train_time:694037ms step_avg:208.92ms
step:3323/4740 train_time:694223ms step_avg:208.91ms
step:3324/4740 train_time:694545ms step_avg:208.95ms
step:3325/4740 train_time:694730ms step_avg:208.94ms
step:3326/4740 train_time:695052ms step_avg:208.98ms
step:3327/4740 train_time:695236ms step_avg:208.97ms
step:3328/4740 train_time:695558ms step_avg:209.00ms
step:3329/4740 train_time:695740ms step_avg:208.99ms
step:3330/4740 train_time:696058ms step_avg:209.03ms
step:3331/4740 train_time:696245ms step_avg:209.02ms
step:3332/4740 train_time:696565ms step_avg:209.05ms
step:3333/4740 train_time:696749ms step_avg:209.05ms
step:3334/4740 train_time:697071ms step_avg:209.08ms
step:3335/4740 train_time:697253ms step_avg:209.07ms
step:3336/4740 train_time:697577ms step_avg:209.11ms
step:3337/4740 train_time:697755ms step_avg:209.10ms
step:3338/4740 train_time:698079ms step_avg:209.13ms
step:3339/4740 train_time:698262ms step_avg:209.12ms
step:3340/4740 train_time:698584ms step_avg:209.16ms
step:3341/4740 train_time:698767ms step_avg:209.15ms
step:3342/4740 train_time:699090ms step_avg:209.18ms
step:3343/4740 train_time:699272ms step_avg:209.17ms
step:3344/4740 train_time:699595ms step_avg:209.21ms
step:3345/4740 train_time:699775ms step_avg:209.20ms
step:3346/4740 train_time:700099ms step_avg:209.23ms
step:3347/4740 train_time:700281ms step_avg:209.23ms
step:3348/4740 train_time:700605ms step_avg:209.26ms
step:3349/4740 train_time:700788ms step_avg:209.25ms
step:3350/4740 train_time:701113ms step_avg:209.29ms
step:3351/4740 train_time:701298ms step_avg:209.28ms
step:3352/4740 train_time:701620ms step_avg:209.31ms
step:3353/4740 train_time:701802ms step_avg:209.31ms
step:3354/4740 train_time:702125ms step_avg:209.34ms
step:3355/4740 train_time:702307ms step_avg:209.33ms
step:3356/4740 train_time:702631ms step_avg:209.37ms
step:3357/4740 train_time:702817ms step_avg:209.36ms
step:3358/4740 train_time:703138ms step_avg:209.39ms
step:3359/4740 train_time:703320ms step_avg:209.38ms
step:3360/4740 train_time:703644ms step_avg:209.42ms
step:3361/4740 train_time:703829ms step_avg:209.41ms
step:3362/4740 train_time:704153ms step_avg:209.44ms
step:3363/4740 train_time:704335ms step_avg:209.44ms
step:3364/4740 train_time:704659ms step_avg:209.47ms
step:3365/4740 train_time:704846ms step_avg:209.46ms
step:3366/4740 train_time:705169ms step_avg:209.50ms
step:3367/4740 train_time:705346ms step_avg:209.49ms
step:3368/4740 train_time:705669ms step_avg:209.52ms
step:3369/4740 train_time:705853ms step_avg:209.51ms
step:3370/4740 train_time:706176ms step_avg:209.55ms
step:3371/4740 train_time:706357ms step_avg:209.54ms
step:3372/4740 train_time:706679ms step_avg:209.57ms
step:3373/4740 train_time:706864ms step_avg:209.57ms
step:3374/4740 train_time:707188ms step_avg:209.60ms
step:3375/4740 train_time:707368ms step_avg:209.59ms
step:3376/4740 train_time:707690ms step_avg:209.62ms
step:3377/4740 train_time:707873ms step_avg:209.62ms
step:3378/4740 train_time:708195ms step_avg:209.65ms
step:3379/4740 train_time:708381ms step_avg:209.64ms
step:3380/4740 train_time:708704ms step_avg:209.68ms
step:3381/4740 train_time:708885ms step_avg:209.67ms
step:3382/4740 train_time:709207ms step_avg:209.70ms
step:3383/4740 train_time:709391ms step_avg:209.69ms
step:3384/4740 train_time:709712ms step_avg:209.73ms
step:3385/4740 train_time:709893ms step_avg:209.72ms
step:3386/4740 train_time:710221ms step_avg:209.75ms
step:3387/4740 train_time:710405ms step_avg:209.74ms
step:3388/4740 train_time:710728ms step_avg:209.78ms
step:3389/4740 train_time:710910ms step_avg:209.77ms
step:3390/4740 train_time:711235ms step_avg:209.80ms
step:3391/4740 train_time:711415ms step_avg:209.79ms
step:3392/4740 train_time:711736ms step_avg:209.83ms
step:3393/4740 train_time:711916ms step_avg:209.82ms
step:3394/4740 train_time:712244ms step_avg:209.85ms
step:3395/4740 train_time:712428ms step_avg:209.85ms
step:3396/4740 train_time:712750ms step_avg:209.88ms
step:3397/4740 train_time:712933ms step_avg:209.87ms
step:3398/4740 train_time:713258ms step_avg:209.91ms
step:3399/4740 train_time:713439ms step_avg:209.90ms
step:3400/4740 train_time:713762ms step_avg:209.93ms
step:3401/4740 train_time:713946ms step_avg:209.92ms
step:3402/4740 train_time:714271ms step_avg:209.96ms
step:3403/4740 train_time:714454ms step_avg:209.95ms
step:3404/4740 train_time:714781ms step_avg:209.98ms
step:3405/4740 train_time:714959ms step_avg:209.97ms
step:3406/4740 train_time:715282ms step_avg:210.01ms
step:3407/4740 train_time:715465ms step_avg:210.00ms
step:3408/4740 train_time:715789ms step_avg:210.03ms
step:3409/4740 train_time:715971ms step_avg:210.02ms
step:3410/4740 train_time:716288ms step_avg:210.06ms
step:3411/4740 train_time:716474ms step_avg:210.05ms
step:3412/4740 train_time:716800ms step_avg:210.08ms
step:3413/4740 train_time:716981ms step_avg:210.07ms
step:3414/4740 train_time:717303ms step_avg:210.11ms
step:3415/4740 train_time:717486ms step_avg:210.10ms
step:3416/4740 train_time:717812ms step_avg:210.13ms
step:3417/4740 train_time:717996ms step_avg:210.12ms
step:3418/4740 train_time:718319ms step_avg:210.16ms
step:3419/4740 train_time:718498ms step_avg:210.15ms
step:3420/4740 train_time:718819ms step_avg:210.18ms
step:3421/4740 train_time:719006ms step_avg:210.17ms
step:3422/4740 train_time:719328ms step_avg:210.21ms
step:3423/4740 train_time:719514ms step_avg:210.20ms
step:3424/4740 train_time:719833ms step_avg:210.23ms
step:3425/4740 train_time:720018ms step_avg:210.22ms
step:3426/4740 train_time:720340ms step_avg:210.26ms
step:3427/4740 train_time:720520ms step_avg:210.25ms
step:3428/4740 train_time:720843ms step_avg:210.28ms
step:3429/4740 train_time:721027ms step_avg:210.27ms
step:3430/4740 train_time:721350ms step_avg:210.31ms
step:3431/4740 train_time:721535ms step_avg:210.30ms
step:3432/4740 train_time:721860ms step_avg:210.33ms
step:3433/4740 train_time:722041ms step_avg:210.32ms
step:3434/4740 train_time:722363ms step_avg:210.36ms
step:3435/4740 train_time:722547ms step_avg:210.35ms
step:3436/4740 train_time:722868ms step_avg:210.38ms
step:3437/4740 train_time:723047ms step_avg:210.37ms
step:3438/4740 train_time:723366ms step_avg:210.40ms
step:3439/4740 train_time:723551ms step_avg:210.40ms
step:3440/4740 train_time:723874ms step_avg:210.43ms
step:3441/4740 train_time:724057ms step_avg:210.42ms
step:3442/4740 train_time:724383ms step_avg:210.45ms
step:3443/4740 train_time:724563ms step_avg:210.45ms
step:3444/4740 train_time:724887ms step_avg:210.48ms
step:3445/4740 train_time:725072ms step_avg:210.47ms
step:3446/4740 train_time:725392ms step_avg:210.50ms
step:3447/4740 train_time:725573ms step_avg:210.49ms
step:3448/4740 train_time:725896ms step_avg:210.53ms
step:3449/4740 train_time:726081ms step_avg:210.52ms
step:3450/4740 train_time:726401ms step_avg:210.55ms
step:3451/4740 train_time:726587ms step_avg:210.54ms
step:3452/4740 train_time:726911ms step_avg:210.58ms
step:3453/4740 train_time:727095ms step_avg:210.57ms
step:3454/4740 train_time:727414ms step_avg:210.60ms
step:3455/4740 train_time:727599ms step_avg:210.59ms
step:3456/4740 train_time:727925ms step_avg:210.63ms
step:3457/4740 train_time:728103ms step_avg:210.62ms
step:3458/4740 train_time:728427ms step_avg:210.65ms
step:3459/4740 train_time:728612ms step_avg:210.64ms
step:3460/4740 train_time:728934ms step_avg:210.67ms
step:3461/4740 train_time:729115ms step_avg:210.67ms
step:3462/4740 train_time:729440ms step_avg:210.70ms
step:3463/4740 train_time:729624ms step_avg:210.69ms
step:3464/4740 train_time:729948ms step_avg:210.72ms
step:3465/4740 train_time:730132ms step_avg:210.72ms
step:3466/4740 train_time:730457ms step_avg:210.75ms
step:3467/4740 train_time:730636ms step_avg:210.74ms
step:3468/4740 train_time:730963ms step_avg:210.77ms
step:3469/4740 train_time:731145ms step_avg:210.77ms
step:3470/4740 train_time:731467ms step_avg:210.80ms
step:3471/4740 train_time:731651ms step_avg:210.79ms
step:3472/4740 train_time:731974ms step_avg:210.82ms
step:3473/4740 train_time:732158ms step_avg:210.81ms
step:3474/4740 train_time:732478ms step_avg:210.85ms
step:3475/4740 train_time:732661ms step_avg:210.84ms
step:3476/4740 train_time:732982ms step_avg:210.87ms
step:3477/4740 train_time:733167ms step_avg:210.86ms
step:3478/4740 train_time:733488ms step_avg:210.89ms
step:3479/4740 train_time:733676ms step_avg:210.89ms
step:3480/4740 train_time:733999ms step_avg:210.92ms
step:3481/4740 train_time:734179ms step_avg:210.91ms
step:3482/4740 train_time:734504ms step_avg:210.94ms
step:3483/4740 train_time:734684ms step_avg:210.93ms
step:3484/4740 train_time:735007ms step_avg:210.97ms
step:3485/4740 train_time:735192ms step_avg:210.96ms
step:3486/4740 train_time:735514ms step_avg:210.99ms
step:3487/4740 train_time:735695ms step_avg:210.98ms
step:3488/4740 train_time:736019ms step_avg:211.01ms
step:3489/4740 train_time:736201ms step_avg:211.01ms
step:3490/4740 train_time:736522ms step_avg:211.04ms
step:3491/4740 train_time:736707ms step_avg:211.03ms
step:3492/4740 train_time:737031ms step_avg:211.06ms
step:3493/4740 train_time:737211ms step_avg:211.05ms
step:3494/4740 train_time:737539ms step_avg:211.09ms
step:3495/4740 train_time:737720ms step_avg:211.08ms
step:3496/4740 train_time:738040ms step_avg:211.11ms
step:3497/4740 train_time:738224ms step_avg:211.10ms
step:3498/4740 train_time:738546ms step_avg:211.13ms
step:3499/4740 train_time:738734ms step_avg:211.13ms
step:3500/4740 train_time:739057ms step_avg:211.16ms
step:3500/4740 val_loss:3.0567 train_time:739183ms step_avg:211.20ms
step:3501/4740 train_time:739240ms step_avg:211.15ms
step:3502/4740 train_time:739569ms step_avg:211.18ms
step:3503/4740 train_time:739747ms step_avg:211.18ms
step:3504/4740 train_time:740065ms step_avg:211.21ms
step:3505/4740 train_time:740245ms step_avg:211.20ms
step:3506/4740 train_time:740575ms step_avg:211.23ms
step:3507/4740 train_time:740759ms step_avg:211.22ms
step:3508/4740 train_time:741079ms step_avg:211.25ms
step:3509/4740 train_time:741258ms step_avg:211.24ms
step:3510/4740 train_time:741584ms step_avg:211.28ms
step:3511/4740 train_time:741769ms step_avg:211.27ms
step:3512/4740 train_time:742089ms step_avg:211.30ms
step:3513/4740 train_time:742271ms step_avg:211.29ms
step:3514/4740 train_time:742597ms step_avg:211.33ms
step:3515/4740 train_time:742782ms step_avg:211.32ms
step:3516/4740 train_time:743102ms step_avg:211.35ms
step:3517/4740 train_time:743283ms step_avg:211.34ms
step:3518/4740 train_time:743603ms step_avg:211.37ms
step:3519/4740 train_time:743790ms step_avg:211.36ms
step:3520/4740 train_time:744113ms step_avg:211.40ms
step:3521/4740 train_time:744295ms step_avg:211.39ms
step:3522/4740 train_time:744617ms step_avg:211.42ms
step:3523/4740 train_time:744800ms step_avg:211.41ms
step:3524/4740 train_time:745123ms step_avg:211.44ms
step:3525/4740 train_time:745307ms step_avg:211.43ms
step:3526/4740 train_time:745632ms step_avg:211.47ms
step:3527/4740 train_time:745815ms step_avg:211.46ms
step:3528/4740 train_time:746137ms step_avg:211.49ms
step:3529/4740 train_time:746321ms step_avg:211.48ms
step:3530/4740 train_time:746644ms step_avg:211.51ms
step:3531/4740 train_time:746824ms step_avg:211.50ms
step:3532/4740 train_time:747144ms step_avg:211.54ms
step:3533/4740 train_time:747329ms step_avg:211.53ms
step:3534/4740 train_time:747651ms step_avg:211.56ms
step:3535/4740 train_time:747835ms step_avg:211.55ms
step:3536/4740 train_time:748159ms step_avg:211.58ms
step:3537/4740 train_time:748340ms step_avg:211.57ms
step:3538/4740 train_time:748663ms step_avg:211.61ms
step:3539/4740 train_time:748845ms step_avg:211.60ms
step:3540/4740 train_time:749166ms step_avg:211.63ms
step:3541/4740 train_time:749353ms step_avg:211.62ms
step:3542/4740 train_time:749673ms step_avg:211.65ms
step:3543/4740 train_time:749855ms step_avg:211.64ms
step:3544/4740 train_time:750178ms step_avg:211.68ms
step:3545/4740 train_time:750357ms step_avg:211.67ms
step:3546/4740 train_time:750677ms step_avg:211.70ms
step:3547/4740 train_time:750864ms step_avg:211.69ms
step:3548/4740 train_time:751189ms step_avg:211.72ms
step:3549/4740 train_time:751369ms step_avg:211.71ms
step:3550/4740 train_time:751695ms step_avg:211.75ms
step:3551/4740 train_time:751876ms step_avg:211.74ms
step:3552/4740 train_time:752199ms step_avg:211.77ms
step:3553/4740 train_time:752382ms step_avg:211.76ms
step:3554/4740 train_time:752702ms step_avg:211.79ms
step:3555/4740 train_time:752889ms step_avg:211.78ms
step:3556/4740 train_time:753215ms step_avg:211.82ms
step:3557/4740 train_time:753398ms step_avg:211.81ms
step:3558/4740 train_time:753723ms step_avg:211.84ms
step:3559/4740 train_time:753904ms step_avg:211.83ms
step:3560/4740 train_time:754226ms step_avg:211.86ms
step:3561/4740 train_time:754409ms step_avg:211.85ms
step:3562/4740 train_time:754731ms step_avg:211.88ms
step:3563/4740 train_time:754913ms step_avg:211.88ms
step:3564/4740 train_time:755233ms step_avg:211.91ms
step:3565/4740 train_time:755416ms step_avg:211.90ms
step:3566/4740 train_time:755736ms step_avg:211.93ms
step:3567/4740 train_time:755920ms step_avg:211.92ms
step:3568/4740 train_time:756239ms step_avg:211.95ms
step:3569/4740 train_time:756421ms step_avg:211.94ms
step:3570/4740 train_time:756741ms step_avg:211.97ms
step:3571/4740 train_time:756924ms step_avg:211.96ms
step:3572/4740 train_time:757245ms step_avg:211.99ms
step:3573/4740 train_time:757428ms step_avg:211.99ms
step:3574/4740 train_time:757751ms step_avg:212.02ms
step:3575/4740 train_time:757936ms step_avg:212.01ms
step:3576/4740 train_time:758259ms step_avg:212.04ms
step:3577/4740 train_time:758441ms step_avg:212.03ms
step:3578/4740 train_time:758763ms step_avg:212.06ms
step:3579/4740 train_time:758949ms step_avg:212.06ms
step:3580/4740 train_time:759273ms step_avg:212.09ms
step:3581/4740 train_time:759458ms step_avg:212.08ms
step:3582/4740 train_time:759782ms step_avg:212.11ms
step:3583/4740 train_time:759969ms step_avg:212.10ms
step:3584/4740 train_time:760290ms step_avg:212.13ms
step:3585/4740 train_time:760473ms step_avg:212.13ms
step:3586/4740 train_time:760794ms step_avg:212.16ms
step:3587/4740 train_time:760978ms step_avg:212.15ms
step:3588/4740 train_time:761299ms step_avg:212.18ms
step:3589/4740 train_time:761484ms step_avg:212.17ms
step:3590/4740 train_time:761805ms step_avg:212.20ms
step:3591/4740 train_time:761991ms step_avg:212.19ms
step:3592/4740 train_time:762314ms step_avg:212.23ms
step:3593/4740 train_time:762497ms step_avg:212.22ms
step:3594/4740 train_time:762821ms step_avg:212.25ms
step:3595/4740 train_time:763001ms step_avg:212.24ms
step:3596/4740 train_time:763325ms step_avg:212.27ms
step:3597/4740 train_time:763508ms step_avg:212.26ms
step:3598/4740 train_time:763830ms step_avg:212.29ms
step:3599/4740 train_time:764014ms step_avg:212.29ms
step:3600/4740 train_time:764339ms step_avg:212.32ms
step:3601/4740 train_time:764519ms step_avg:212.31ms
step:3602/4740 train_time:764838ms step_avg:212.34ms
step:3603/4740 train_time:765025ms step_avg:212.33ms
step:3604/4740 train_time:765350ms step_avg:212.36ms
step:3605/4740 train_time:765533ms step_avg:212.35ms
step:3606/4740 train_time:765856ms step_avg:212.38ms
step:3607/4740 train_time:766037ms step_avg:212.38ms
step:3608/4740 train_time:766358ms step_avg:212.41ms
step:3609/4740 train_time:766542ms step_avg:212.40ms
step:3610/4740 train_time:766862ms step_avg:212.43ms
step:3611/4740 train_time:767045ms step_avg:212.42ms
step:3612/4740 train_time:767367ms step_avg:212.45ms
step:3613/4740 train_time:767551ms step_avg:212.44ms
step:3614/4740 train_time:767872ms step_avg:212.47ms
step:3615/4740 train_time:768055ms step_avg:212.46ms
step:3616/4740 train_time:768382ms step_avg:212.49ms
step:3617/4740 train_time:768565ms step_avg:212.49ms
step:3618/4740 train_time:768884ms step_avg:212.52ms
step:3619/4740 train_time:769068ms step_avg:212.51ms
step:3620/4740 train_time:769390ms step_avg:212.54ms
step:3621/4740 train_time:769573ms step_avg:212.53ms
step:3622/4740 train_time:769895ms step_avg:212.56ms
step:3623/4740 train_time:770080ms step_avg:212.55ms
step:3624/4740 train_time:770400ms step_avg:212.58ms
step:3625/4740 train_time:770584ms step_avg:212.58ms
step:3626/4740 train_time:770903ms step_avg:212.60ms
step:3627/4740 train_time:771089ms step_avg:212.60ms
step:3628/4740 train_time:771418ms step_avg:212.63ms
step:3629/4740 train_time:771599ms step_avg:212.62ms
step:3630/4740 train_time:771920ms step_avg:212.65ms
step:3631/4740 train_time:772102ms step_avg:212.64ms
step:3632/4740 train_time:772428ms step_avg:212.67ms
step:3633/4740 train_time:772609ms step_avg:212.66ms
step:3634/4740 train_time:772933ms step_avg:212.69ms
step:3635/4740 train_time:773112ms step_avg:212.69ms
step:3636/4740 train_time:773434ms step_avg:212.72ms
step:3637/4740 train_time:773619ms step_avg:212.71ms
step:3638/4740 train_time:773940ms step_avg:212.74ms
step:3639/4740 train_time:774123ms step_avg:212.73ms
step:3640/4740 train_time:774442ms step_avg:212.76ms
step:3641/4740 train_time:774629ms step_avg:212.75ms
step:3642/4740 train_time:774949ms step_avg:212.78ms
step:3643/4740 train_time:775134ms step_avg:212.77ms
step:3644/4740 train_time:775456ms step_avg:212.80ms
step:3645/4740 train_time:775646ms step_avg:212.80ms
step:3646/4740 train_time:775967ms step_avg:212.83ms
step:3647/4740 train_time:776149ms step_avg:212.82ms
step:3648/4740 train_time:776472ms step_avg:212.85ms
step:3649/4740 train_time:776662ms step_avg:212.84ms
step:3650/4740 train_time:776986ms step_avg:212.87ms
step:3651/4740 train_time:777169ms step_avg:212.86ms
step:3652/4740 train_time:777492ms step_avg:212.89ms
step:3653/4740 train_time:777674ms step_avg:212.89ms
step:3654/4740 train_time:777998ms step_avg:212.92ms
step:3655/4740 train_time:778177ms step_avg:212.91ms
step:3656/4740 train_time:778498ms step_avg:212.94ms
step:3657/4740 train_time:778679ms step_avg:212.93ms
step:3658/4740 train_time:779000ms step_avg:212.96ms
step:3659/4740 train_time:779184ms step_avg:212.95ms
step:3660/4740 train_time:779504ms step_avg:212.98ms
step:3661/4740 train_time:779691ms step_avg:212.97ms
step:3662/4740 train_time:780017ms step_avg:213.00ms
step:3663/4740 train_time:780195ms step_avg:212.99ms
step:3664/4740 train_time:780521ms step_avg:213.02ms
step:3665/4740 train_time:780707ms step_avg:213.02ms
step:3666/4740 train_time:781027ms step_avg:213.05ms
step:3667/4740 train_time:781211ms step_avg:213.04ms
step:3668/4740 train_time:781535ms step_avg:213.07ms
step:3669/4740 train_time:781714ms step_avg:213.06ms
step:3670/4740 train_time:782038ms step_avg:213.09ms
step:3671/4740 train_time:782222ms step_avg:213.08ms
step:3672/4740 train_time:782545ms step_avg:213.11ms
step:3673/4740 train_time:782724ms step_avg:213.10ms
step:3674/4740 train_time:783046ms step_avg:213.13ms
step:3675/4740 train_time:783226ms step_avg:213.12ms
step:3676/4740 train_time:783547ms step_avg:213.15ms
step:3677/4740 train_time:783729ms step_avg:213.14ms
step:3678/4740 train_time:784055ms step_avg:213.17ms
step:3679/4740 train_time:784236ms step_avg:213.17ms
step:3680/4740 train_time:784564ms step_avg:213.20ms
step:3681/4740 train_time:784743ms step_avg:213.19ms
step:3682/4740 train_time:785067ms step_avg:213.22ms
step:3683/4740 train_time:785248ms step_avg:213.21ms
step:3684/4740 train_time:785573ms step_avg:213.24ms
step:3685/4740 train_time:785752ms step_avg:213.23ms
step:3686/4740 train_time:786076ms step_avg:213.26ms
step:3687/4740 train_time:786264ms step_avg:213.25ms
step:3688/4740 train_time:786583ms step_avg:213.28ms
step:3689/4740 train_time:786767ms step_avg:213.27ms
step:3690/4740 train_time:787090ms step_avg:213.30ms
step:3691/4740 train_time:787271ms step_avg:213.29ms
step:3692/4740 train_time:787593ms step_avg:213.32ms
step:3693/4740 train_time:787775ms step_avg:213.32ms
step:3694/4740 train_time:788098ms step_avg:213.35ms
step:3695/4740 train_time:788281ms step_avg:213.34ms
step:3696/4740 train_time:788599ms step_avg:213.37ms
step:3697/4740 train_time:788783ms step_avg:213.36ms
step:3698/4740 train_time:789106ms step_avg:213.39ms
step:3699/4740 train_time:789288ms step_avg:213.38ms
step:3700/4740 train_time:789607ms step_avg:213.41ms
step:3701/4740 train_time:789792ms step_avg:213.40ms
step:3702/4740 train_time:790117ms step_avg:213.43ms
step:3703/4740 train_time:790302ms step_avg:213.42ms
step:3704/4740 train_time:790623ms step_avg:213.45ms
step:3705/4740 train_time:790805ms step_avg:213.44ms
step:3706/4740 train_time:791127ms step_avg:213.47ms
step:3707/4740 train_time:791310ms step_avg:213.46ms
step:3708/4740 train_time:791634ms step_avg:213.49ms
step:3709/4740 train_time:791815ms step_avg:213.48ms
step:3710/4740 train_time:792138ms step_avg:213.51ms
step:3711/4740 train_time:792321ms step_avg:213.51ms
step:3712/4740 train_time:792641ms step_avg:213.53ms
step:3713/4740 train_time:792828ms step_avg:213.53ms
step:3714/4740 train_time:793150ms step_avg:213.56ms
step:3715/4740 train_time:793331ms step_avg:213.55ms
step:3716/4740 train_time:793656ms step_avg:213.58ms
step:3717/4740 train_time:793837ms step_avg:213.57ms
step:3718/4740 train_time:794161ms step_avg:213.60ms
step:3719/4740 train_time:794344ms step_avg:213.59ms
step:3720/4740 train_time:794666ms step_avg:213.62ms
step:3721/4740 train_time:794851ms step_avg:213.61ms
step:3722/4740 train_time:795176ms step_avg:213.64ms
step:3723/4740 train_time:795357ms step_avg:213.63ms
step:3724/4740 train_time:795681ms step_avg:213.66ms
step:3725/4740 train_time:795861ms step_avg:213.65ms
step:3726/4740 train_time:796186ms step_avg:213.68ms
step:3727/4740 train_time:796373ms step_avg:213.68ms
step:3728/4740 train_time:796696ms step_avg:213.71ms
step:3729/4740 train_time:796875ms step_avg:213.70ms
step:3730/4740 train_time:797196ms step_avg:213.73ms
step:3731/4740 train_time:797384ms step_avg:213.72ms
step:3732/4740 train_time:797706ms step_avg:213.75ms
step:3733/4740 train_time:797887ms step_avg:213.74ms
step:3734/4740 train_time:798211ms step_avg:213.77ms
step:3735/4740 train_time:798395ms step_avg:213.76ms
step:3736/4740 train_time:798719ms step_avg:213.79ms
step:3737/4740 train_time:798899ms step_avg:213.78ms
step:3738/4740 train_time:799223ms step_avg:213.81ms
step:3739/4740 train_time:799403ms step_avg:213.80ms
step:3740/4740 train_time:799723ms step_avg:213.83ms
step:3741/4740 train_time:799909ms step_avg:213.82ms
step:3742/4740 train_time:800231ms step_avg:213.85ms
step:3743/4740 train_time:800417ms step_avg:213.84ms
step:3744/4740 train_time:800740ms step_avg:213.87ms
step:3745/4740 train_time:800921ms step_avg:213.86ms
step:3746/4740 train_time:801246ms step_avg:213.89ms
step:3747/4740 train_time:801431ms step_avg:213.89ms
step:3748/4740 train_time:801748ms step_avg:213.91ms
step:3749/4740 train_time:801932ms step_avg:213.91ms
step:3750/4740 train_time:802256ms step_avg:213.93ms
step:3750/4740 val_loss:3.0259 train_time:802383ms step_avg:213.97ms
step:3751/4740 train_time:802439ms step_avg:213.93ms
step:3752/4740 train_time:802765ms step_avg:213.96ms
step:3753/4740 train_time:802953ms step_avg:213.95ms
step:3754/4740 train_time:803268ms step_avg:213.98ms
step:3755/4740 train_time:803455ms step_avg:213.97ms
step:3756/4740 train_time:803780ms step_avg:214.00ms
step:3757/4740 train_time:803968ms step_avg:213.99ms
step:3758/4740 train_time:804291ms step_avg:214.02ms
step:3759/4740 train_time:804472ms step_avg:214.01ms
step:3760/4740 train_time:804796ms step_avg:214.04ms
step:3761/4740 train_time:804982ms step_avg:214.03ms
step:3762/4740 train_time:805300ms step_avg:214.06ms
step:3763/4740 train_time:805480ms step_avg:214.05ms
step:3764/4740 train_time:805802ms step_avg:214.08ms
step:3765/4740 train_time:805986ms step_avg:214.07ms
step:3766/4740 train_time:806306ms step_avg:214.10ms
step:3767/4740 train_time:806486ms step_avg:214.09ms
step:3768/4740 train_time:806808ms step_avg:214.12ms
step:3769/4740 train_time:806992ms step_avg:214.11ms
step:3770/4740 train_time:807316ms step_avg:214.14ms
step:3771/4740 train_time:807497ms step_avg:214.13ms
step:3772/4740 train_time:807818ms step_avg:214.16ms
step:3773/4740 train_time:808000ms step_avg:214.15ms
step:3774/4740 train_time:808323ms step_avg:214.18ms
step:3775/4740 train_time:808507ms step_avg:214.17ms
step:3776/4740 train_time:808832ms step_avg:214.20ms
step:3777/4740 train_time:809012ms step_avg:214.19ms
step:3778/4740 train_time:809335ms step_avg:214.22ms
step:3779/4740 train_time:809518ms step_avg:214.21ms
step:3780/4740 train_time:809843ms step_avg:214.24ms
step:3781/4740 train_time:810024ms step_avg:214.24ms
step:3782/4740 train_time:810346ms step_avg:214.26ms
step:3783/4740 train_time:810528ms step_avg:214.26ms
step:3784/4740 train_time:810851ms step_avg:214.28ms
step:3785/4740 train_time:811034ms step_avg:214.28ms
step:3786/4740 train_time:811352ms step_avg:214.30ms
step:3787/4740 train_time:811539ms step_avg:214.30ms
step:3788/4740 train_time:811857ms step_avg:214.32ms
step:3789/4740 train_time:812046ms step_avg:214.32ms
step:3790/4740 train_time:812370ms step_avg:214.35ms
step:3791/4740 train_time:812559ms step_avg:214.34ms
step:3792/4740 train_time:812882ms step_avg:214.37ms
step:3793/4740 train_time:813062ms step_avg:214.36ms
step:3794/4740 train_time:813384ms step_avg:214.39ms
step:3795/4740 train_time:813569ms step_avg:214.38ms
step:3796/4740 train_time:813891ms step_avg:214.41ms
step:3797/4740 train_time:814073ms step_avg:214.40ms
step:3798/4740 train_time:814396ms step_avg:214.43ms
step:3799/4740 train_time:814578ms step_avg:214.42ms
step:3800/4740 train_time:814902ms step_avg:214.45ms
step:3801/4740 train_time:815082ms step_avg:214.44ms
step:3802/4740 train_time:815405ms step_avg:214.47ms
step:3803/4740 train_time:815585ms step_avg:214.46ms
step:3804/4740 train_time:815907ms step_avg:214.49ms
step:3805/4740 train_time:816090ms step_avg:214.48ms
step:3806/4740 train_time:816412ms step_avg:214.51ms
step:3807/4740 train_time:816596ms step_avg:214.50ms
step:3808/4740 train_time:816924ms step_avg:214.53ms
step:3809/4740 train_time:817103ms step_avg:214.52ms
step:3810/4740 train_time:817429ms step_avg:214.55ms
step:3811/4740 train_time:817609ms step_avg:214.54ms
step:3812/4740 train_time:817930ms step_avg:214.57ms
step:3813/4740 train_time:818113ms step_avg:214.56ms
step:3814/4740 train_time:818435ms step_avg:214.59ms
step:3815/4740 train_time:818617ms step_avg:214.58ms
step:3816/4740 train_time:818937ms step_avg:214.61ms
step:3817/4740 train_time:819123ms step_avg:214.60ms
step:3818/4740 train_time:819442ms step_avg:214.63ms
step:3819/4740 train_time:819627ms step_avg:214.62ms
step:3820/4740 train_time:819949ms step_avg:214.65ms
step:3821/4740 train_time:820129ms step_avg:214.64ms
step:3822/4740 train_time:820450ms step_avg:214.67ms
step:3823/4740 train_time:820636ms step_avg:214.66ms
step:3824/4740 train_time:820958ms step_avg:214.69ms
step:3825/4740 train_time:821140ms step_avg:214.68ms
step:3826/4740 train_time:821465ms step_avg:214.71ms
step:3827/4740 train_time:821650ms step_avg:214.70ms
step:3828/4740 train_time:821969ms step_avg:214.73ms
step:3829/4740 train_time:822155ms step_avg:214.72ms
step:3830/4740 train_time:822475ms step_avg:214.75ms
step:3831/4740 train_time:822661ms step_avg:214.74ms
step:3832/4740 train_time:822984ms step_avg:214.77ms
step:3833/4740 train_time:823165ms step_avg:214.76ms
step:3834/4740 train_time:823486ms step_avg:214.79ms
step:3835/4740 train_time:823668ms step_avg:214.78ms
step:3836/4740 train_time:823991ms step_avg:214.80ms
step:3837/4740 train_time:824176ms step_avg:214.80ms
step:3838/4740 train_time:824504ms step_avg:214.83ms
step:3839/4740 train_time:824679ms step_avg:214.82ms
step:3840/4740 train_time:824997ms step_avg:214.84ms
step:3841/4740 train_time:825185ms step_avg:214.84ms
step:3842/4740 train_time:825509ms step_avg:214.86ms
step:3843/4740 train_time:825690ms step_avg:214.86ms
step:3844/4740 train_time:826014ms step_avg:214.88ms
step:3845/4740 train_time:826197ms step_avg:214.88ms
step:3846/4740 train_time:826526ms step_avg:214.91ms
step:3847/4740 train_time:826705ms step_avg:214.90ms
step:3848/4740 train_time:827032ms step_avg:214.93ms
step:3849/4740 train_time:827213ms step_avg:214.92ms
step:3850/4740 train_time:827536ms step_avg:214.94ms
step:3851/4740 train_time:827718ms step_avg:214.94ms
step:3852/4740 train_time:828043ms step_avg:214.96ms
step:3853/4740 train_time:828226ms step_avg:214.96ms
step:3854/4740 train_time:828545ms step_avg:214.98ms
step:3855/4740 train_time:828729ms step_avg:214.98ms
step:3856/4740 train_time:829052ms step_avg:215.00ms
step:3857/4740 train_time:829234ms step_avg:214.99ms
step:3858/4740 train_time:829553ms step_avg:215.02ms
step:3859/4740 train_time:829741ms step_avg:215.01ms
step:3860/4740 train_time:830067ms step_avg:215.04ms
step:3861/4740 train_time:830250ms step_avg:215.04ms
step:3862/4740 train_time:830572ms step_avg:215.06ms
step:3863/4740 train_time:830758ms step_avg:215.06ms
step:3864/4740 train_time:831078ms step_avg:215.08ms
step:3865/4740 train_time:831265ms step_avg:215.07ms
step:3866/4740 train_time:831588ms step_avg:215.10ms
step:3867/4740 train_time:831768ms step_avg:215.09ms
step:3868/4740 train_time:832088ms step_avg:215.12ms
step:3869/4740 train_time:832269ms step_avg:215.11ms
step:3870/4740 train_time:832594ms step_avg:215.14ms
step:3871/4740 train_time:832776ms step_avg:215.13ms
step:3872/4740 train_time:833101ms step_avg:215.16ms
step:3873/4740 train_time:833285ms step_avg:215.15ms
step:3874/4740 train_time:833607ms step_avg:215.18ms
step:3875/4740 train_time:833795ms step_avg:215.17ms
step:3876/4740 train_time:834116ms step_avg:215.20ms
step:3877/4740 train_time:834299ms step_avg:215.19ms
step:3878/4740 train_time:834623ms step_avg:215.22ms
step:3879/4740 train_time:834806ms step_avg:215.21ms
step:3880/4740 train_time:835127ms step_avg:215.24ms
step:3881/4740 train_time:835314ms step_avg:215.23ms
step:3882/4740 train_time:835635ms step_avg:215.26ms
step:3883/4740 train_time:835818ms step_avg:215.25ms
step:3884/4740 train_time:836142ms step_avg:215.28ms
step:3885/4740 train_time:836327ms step_avg:215.27ms
step:3886/4740 train_time:836650ms step_avg:215.30ms
step:3887/4740 train_time:836832ms step_avg:215.29ms
step:3888/4740 train_time:837153ms step_avg:215.32ms
step:3889/4740 train_time:837338ms step_avg:215.31ms
step:3890/4740 train_time:837659ms step_avg:215.34ms
step:3891/4740 train_time:837842ms step_avg:215.33ms
step:3892/4740 train_time:838164ms step_avg:215.36ms
step:3893/4740 train_time:838348ms step_avg:215.35ms
step:3894/4740 train_time:838669ms step_avg:215.37ms
step:3895/4740 train_time:838851ms step_avg:215.37ms
step:3896/4740 train_time:839174ms step_avg:215.39ms
step:3897/4740 train_time:839359ms step_avg:215.39ms
step:3898/4740 train_time:839682ms step_avg:215.41ms
step:3899/4740 train_time:839865ms step_avg:215.41ms
step:3900/4740 train_time:840192ms step_avg:215.43ms
step:3901/4740 train_time:840371ms step_avg:215.42ms
step:3902/4740 train_time:840700ms step_avg:215.45ms
step:3903/4740 train_time:840882ms step_avg:215.45ms
step:3904/4740 train_time:841205ms step_avg:215.47ms
step:3905/4740 train_time:841390ms step_avg:215.46ms
step:3906/4740 train_time:841712ms step_avg:215.49ms
step:3907/4740 train_time:841895ms step_avg:215.48ms
step:3908/4740 train_time:842217ms step_avg:215.51ms
step:3909/4740 train_time:842399ms step_avg:215.50ms
step:3910/4740 train_time:842725ms step_avg:215.53ms
step:3911/4740 train_time:842905ms step_avg:215.52ms
step:3912/4740 train_time:843227ms step_avg:215.55ms
step:3913/4740 train_time:843411ms step_avg:215.54ms
step:3914/4740 train_time:843735ms step_avg:215.57ms
step:3915/4740 train_time:843920ms step_avg:215.56ms
step:3916/4740 train_time:844247ms step_avg:215.59ms
step:3917/4740 train_time:844431ms step_avg:215.58ms
step:3918/4740 train_time:844754ms step_avg:215.61ms
step:3919/4740 train_time:844940ms step_avg:215.60ms
step:3920/4740 train_time:845261ms step_avg:215.63ms
step:3921/4740 train_time:845442ms step_avg:215.62ms
step:3922/4740 train_time:845763ms step_avg:215.65ms
step:3923/4740 train_time:845952ms step_avg:215.64ms
step:3924/4740 train_time:846274ms step_avg:215.67ms
step:3925/4740 train_time:846454ms step_avg:215.66ms
step:3926/4740 train_time:846775ms step_avg:215.68ms
step:3927/4740 train_time:846958ms step_avg:215.68ms
step:3928/4740 train_time:847282ms step_avg:215.70ms
step:3929/4740 train_time:847462ms step_avg:215.69ms
step:3930/4740 train_time:847785ms step_avg:215.72ms
step:3931/4740 train_time:847974ms step_avg:215.71ms
step:3932/4740 train_time:848293ms step_avg:215.74ms
step:3933/4740 train_time:848476ms step_avg:215.73ms
step:3934/4740 train_time:848798ms step_avg:215.76ms
step:3935/4740 train_time:848988ms step_avg:215.75ms
step:3936/4740 train_time:849312ms step_avg:215.78ms
step:3937/4740 train_time:849493ms step_avg:215.77ms
step:3938/4740 train_time:849820ms step_avg:215.80ms
step:3939/4740 train_time:850003ms step_avg:215.79ms
step:3940/4740 train_time:850326ms step_avg:215.82ms
step:3941/4740 train_time:850508ms step_avg:215.81ms
step:3942/4740 train_time:850832ms step_avg:215.84ms
step:3943/4740 train_time:851017ms step_avg:215.83ms
step:3944/4740 train_time:851338ms step_avg:215.86ms
step:3945/4740 train_time:851520ms step_avg:215.85ms
step:3946/4740 train_time:851844ms step_avg:215.88ms
step:3947/4740 train_time:852030ms step_avg:215.87ms
step:3948/4740 train_time:852350ms step_avg:215.89ms
step:3949/4740 train_time:852531ms step_avg:215.89ms
step:3950/4740 train_time:852854ms step_avg:215.91ms
step:3951/4740 train_time:853036ms step_avg:215.90ms
step:3952/4740 train_time:853361ms step_avg:215.93ms
step:3953/4740 train_time:853541ms step_avg:215.92ms
step:3954/4740 train_time:853865ms step_avg:215.95ms
step:3955/4740 train_time:854043ms step_avg:215.94ms
step:3956/4740 train_time:854364ms step_avg:215.97ms
step:3957/4740 train_time:854550ms step_avg:215.96ms
step:3958/4740 train_time:854875ms step_avg:215.99ms
step:3959/4740 train_time:855059ms step_avg:215.98ms
step:3960/4740 train_time:855381ms step_avg:216.01ms
step:3961/4740 train_time:855567ms step_avg:216.00ms
step:3962/4740 train_time:855892ms step_avg:216.03ms
step:3963/4740 train_time:856073ms step_avg:216.02ms
step:3964/4740 train_time:856393ms step_avg:216.04ms
step:3965/4740 train_time:856578ms step_avg:216.03ms
step:3966/4740 train_time:856905ms step_avg:216.06ms
step:3967/4740 train_time:857084ms step_avg:216.05ms
step:3968/4740 train_time:857408ms step_avg:216.08ms
step:3969/4740 train_time:857590ms step_avg:216.07ms
step:3970/4740 train_time:857914ms step_avg:216.10ms
step:3971/4740 train_time:858101ms step_avg:216.09ms
step:3972/4740 train_time:858426ms step_avg:216.12ms
step:3973/4740 train_time:858602ms step_avg:216.11ms
step:3974/4740 train_time:858926ms step_avg:216.14ms
step:3975/4740 train_time:859110ms step_avg:216.13ms
step:3976/4740 train_time:859434ms step_avg:216.16ms
step:3977/4740 train_time:859616ms step_avg:216.15ms
step:3978/4740 train_time:859941ms step_avg:216.17ms
step:3979/4740 train_time:860122ms step_avg:216.17ms
step:3980/4740 train_time:860445ms step_avg:216.19ms
step:3981/4740 train_time:860628ms step_avg:216.18ms
step:3982/4740 train_time:860949ms step_avg:216.21ms
step:3983/4740 train_time:861129ms step_avg:216.20ms
step:3984/4740 train_time:861450ms step_avg:216.23ms
step:3985/4740 train_time:861634ms step_avg:216.22ms
step:3986/4740 train_time:861956ms step_avg:216.25ms
step:3987/4740 train_time:862141ms step_avg:216.24ms
step:3988/4740 train_time:862464ms step_avg:216.26ms
step:3989/4740 train_time:862649ms step_avg:216.26ms
step:3990/4740 train_time:862970ms step_avg:216.28ms
step:3991/4740 train_time:863155ms step_avg:216.28ms
step:3992/4740 train_time:863475ms step_avg:216.30ms
step:3993/4740 train_time:863659ms step_avg:216.29ms
step:3994/4740 train_time:863983ms step_avg:216.32ms
step:3995/4740 train_time:864166ms step_avg:216.31ms
step:3996/4740 train_time:864489ms step_avg:216.34ms
step:3997/4740 train_time:864672ms step_avg:216.33ms
step:3998/4740 train_time:864995ms step_avg:216.36ms
step:3999/4740 train_time:865178ms step_avg:216.35ms
step:4000/4740 train_time:865502ms step_avg:216.38ms
step:4000/4740 val_loss:2.9958 train_time:865629ms step_avg:216.41ms
step:4001/4740 train_time:865686ms step_avg:216.37ms
step:4002/4740 train_time:866019ms step_avg:216.40ms
step:4003/4740 train_time:866196ms step_avg:216.39ms
step:4004/4740 train_time:866518ms step_avg:216.41ms
step:4005/4740 train_time:866697ms step_avg:216.40ms
step:4006/4740 train_time:867026ms step_avg:216.43ms
step:4007/4740 train_time:867208ms step_avg:216.42ms
step:4008/4740 train_time:867529ms step_avg:216.45ms
step:4009/4740 train_time:867711ms step_avg:216.44ms
step:4010/4740 train_time:868036ms step_avg:216.47ms
step:4011/4740 train_time:868218ms step_avg:216.46ms
step:4012/4740 train_time:868542ms step_avg:216.49ms
step:4013/4740 train_time:868723ms step_avg:216.48ms
step:4014/4740 train_time:869045ms step_avg:216.50ms
step:4015/4740 train_time:869231ms step_avg:216.50ms
step:4016/4740 train_time:869552ms step_avg:216.52ms
step:4017/4740 train_time:869733ms step_avg:216.51ms
step:4018/4740 train_time:870055ms step_avg:216.54ms
step:4019/4740 train_time:870240ms step_avg:216.53ms
step:4020/4740 train_time:870561ms step_avg:216.56ms
step:4021/4740 train_time:870743ms step_avg:216.55ms
step:4022/4740 train_time:871070ms step_avg:216.58ms
step:4023/4740 train_time:871249ms step_avg:216.57ms
step:4024/4740 train_time:871569ms step_avg:216.59ms
step:4025/4740 train_time:871752ms step_avg:216.58ms
step:4026/4740 train_time:872072ms step_avg:216.61ms
step:4027/4740 train_time:872256ms step_avg:216.60ms
step:4028/4740 train_time:872579ms step_avg:216.63ms
step:4029/4740 train_time:872764ms step_avg:216.62ms
step:4030/4740 train_time:873090ms step_avg:216.65ms
step:4031/4740 train_time:873273ms step_avg:216.64ms
step:4032/4740 train_time:873598ms step_avg:216.67ms
step:4033/4740 train_time:873778ms step_avg:216.66ms
step:4034/4740 train_time:874101ms step_avg:216.68ms
step:4035/4740 train_time:874281ms step_avg:216.67ms
step:4036/4740 train_time:874605ms step_avg:216.70ms
step:4037/4740 train_time:874789ms step_avg:216.69ms
step:4038/4740 train_time:875111ms step_avg:216.72ms
step:4039/4740 train_time:875298ms step_avg:216.71ms
step:4040/4740 train_time:875619ms step_avg:216.74ms
step:4041/4740 train_time:875804ms step_avg:216.73ms
step:4042/4740 train_time:876124ms step_avg:216.75ms
step:4043/4740 train_time:876310ms step_avg:216.75ms
step:4044/4740 train_time:876630ms step_avg:216.77ms
step:4045/4740 train_time:876814ms step_avg:216.76ms
step:4046/4740 train_time:877136ms step_avg:216.79ms
step:4047/4740 train_time:877318ms step_avg:216.78ms
step:4048/4740 train_time:877640ms step_avg:216.81ms
step:4049/4740 train_time:877824ms step_avg:216.80ms
step:4050/4740 train_time:878147ms step_avg:216.83ms
step:4051/4740 train_time:878329ms step_avg:216.82ms
step:4052/4740 train_time:878648ms step_avg:216.84ms
step:4053/4740 train_time:878833ms step_avg:216.84ms
step:4054/4740 train_time:879155ms step_avg:216.86ms
step:4055/4740 train_time:879337ms step_avg:216.85ms
step:4056/4740 train_time:879658ms step_avg:216.88ms
step:4057/4740 train_time:879847ms step_avg:216.87ms
step:4058/4740 train_time:880172ms step_avg:216.90ms
step:4059/4740 train_time:880355ms step_avg:216.89ms
step:4060/4740 train_time:880678ms step_avg:216.92ms
step:4061/4740 train_time:880859ms step_avg:216.91ms
step:4062/4740 train_time:881182ms step_avg:216.93ms
step:4063/4740 train_time:881368ms step_avg:216.93ms
step:4064/4740 train_time:881689ms step_avg:216.95ms
step:4065/4740 train_time:881872ms step_avg:216.94ms
step:4066/4740 train_time:882195ms step_avg:216.97ms
step:4067/4740 train_time:882377ms step_avg:216.96ms
step:4068/4740 train_time:882699ms step_avg:216.99ms
step:4069/4740 train_time:882880ms step_avg:216.98ms
step:4070/4740 train_time:883202ms step_avg:217.00ms
step:4071/4740 train_time:883385ms step_avg:216.99ms
step:4072/4740 train_time:883705ms step_avg:217.02ms
step:4073/4740 train_time:883890ms step_avg:217.01ms
step:4074/4740 train_time:884212ms step_avg:217.04ms
step:4075/4740 train_time:884398ms step_avg:217.03ms
step:4076/4740 train_time:884722ms step_avg:217.06ms
step:4077/4740 train_time:884906ms step_avg:217.05ms
step:4078/4740 train_time:885232ms step_avg:217.08ms
step:4079/4740 train_time:885416ms step_avg:217.07ms
step:4080/4740 train_time:885737ms step_avg:217.09ms
step:4081/4740 train_time:885921ms step_avg:217.08ms
step:4082/4740 train_time:886244ms step_avg:217.11ms
step:4083/4740 train_time:886425ms step_avg:217.10ms
step:4084/4740 train_time:886748ms step_avg:217.13ms
step:4085/4740 train_time:886930ms step_avg:217.12ms
step:4086/4740 train_time:887254ms step_avg:217.14ms
step:4087/4740 train_time:887436ms step_avg:217.14ms
step:4088/4740 train_time:887759ms step_avg:217.16ms
step:4089/4740 train_time:887943ms step_avg:217.15ms
step:4090/4740 train_time:888263ms step_avg:217.18ms
step:4091/4740 train_time:888446ms step_avg:217.17ms
step:4092/4740 train_time:888765ms step_avg:217.20ms
step:4093/4740 train_time:888953ms step_avg:217.19ms
step:4094/4740 train_time:889278ms step_avg:217.21ms
step:4095/4740 train_time:889461ms step_avg:217.21ms
step:4096/4740 train_time:889785ms step_avg:217.23ms
step:4097/4740 train_time:889972ms step_avg:217.23ms
step:4098/4740 train_time:890290ms step_avg:217.25ms
step:4099/4740 train_time:890471ms step_avg:217.24ms
step:4100/4740 train_time:890794ms step_avg:217.27ms
step:4101/4740 train_time:890976ms step_avg:217.26ms
step:4102/4740 train_time:891299ms step_avg:217.28ms
step:4103/4740 train_time:891480ms step_avg:217.28ms
step:4104/4740 train_time:891804ms step_avg:217.30ms
step:4105/4740 train_time:891986ms step_avg:217.29ms
step:4106/4740 train_time:892309ms step_avg:217.32ms
step:4107/4740 train_time:892490ms step_avg:217.31ms
step:4108/4740 train_time:892814ms step_avg:217.34ms
step:4109/4740 train_time:892994ms step_avg:217.33ms
step:4110/4740 train_time:893317ms step_avg:217.35ms
step:4111/4740 train_time:893499ms step_avg:217.34ms
step:4112/4740 train_time:893821ms step_avg:217.37ms
step:4113/4740 train_time:894006ms step_avg:217.36ms
step:4114/4740 train_time:894329ms step_avg:217.39ms
step:4115/4740 train_time:894514ms step_avg:217.38ms
step:4116/4740 train_time:894835ms step_avg:217.40ms
step:4117/4740 train_time:895015ms step_avg:217.40ms
step:4118/4740 train_time:895339ms step_avg:217.42ms
step:4119/4740 train_time:895524ms step_avg:217.41ms
step:4120/4740 train_time:895848ms step_avg:217.44ms
step:4121/4740 train_time:896030ms step_avg:217.43ms
step:4122/4740 train_time:896352ms step_avg:217.46ms
step:4123/4740 train_time:896536ms step_avg:217.45ms
step:4124/4740 train_time:896859ms step_avg:217.47ms
step:4125/4740 train_time:897040ms step_avg:217.46ms
step:4126/4740 train_time:897364ms step_avg:217.49ms
step:4127/4740 train_time:897548ms step_avg:217.48ms
step:4128/4740 train_time:897867ms step_avg:217.51ms
step:4129/4740 train_time:898053ms step_avg:217.50ms
step:4130/4740 train_time:898378ms step_avg:217.52ms
step:4131/4740 train_time:898563ms step_avg:217.52ms
step:4132/4740 train_time:898883ms step_avg:217.54ms
step:4133/4740 train_time:899074ms step_avg:217.54ms
step:4134/4740 train_time:899398ms step_avg:217.56ms
step:4135/4740 train_time:899581ms step_avg:217.55ms
step:4136/4740 train_time:899899ms step_avg:217.58ms
step:4137/4740 train_time:900083ms step_avg:217.57ms
step:4138/4740 train_time:900408ms step_avg:217.60ms
step:4139/4740 train_time:900592ms step_avg:217.59ms
step:4140/4740 train_time:900916ms step_avg:217.61ms
step:4141/4740 train_time:901095ms step_avg:217.60ms
step:4142/4740 train_time:901419ms step_avg:217.63ms
step:4143/4740 train_time:901599ms step_avg:217.62ms
step:4144/4740 train_time:901920ms step_avg:217.64ms
step:4145/4740 train_time:902104ms step_avg:217.64ms
step:4146/4740 train_time:902425ms step_avg:217.66ms
step:4147/4740 train_time:902609ms step_avg:217.65ms
step:4148/4740 train_time:902932ms step_avg:217.68ms
step:4149/4740 train_time:903114ms step_avg:217.67ms
step:4150/4740 train_time:903438ms step_avg:217.70ms
step:4151/4740 train_time:903623ms step_avg:217.69ms
step:4152/4740 train_time:903942ms step_avg:217.71ms
step:4153/4740 train_time:904126ms step_avg:217.70ms
step:4154/4740 train_time:904453ms step_avg:217.73ms
step:4155/4740 train_time:904633ms step_avg:217.72ms
step:4156/4740 train_time:904955ms step_avg:217.75ms
step:4157/4740 train_time:905141ms step_avg:217.74ms
step:4158/4740 train_time:905462ms step_avg:217.76ms
step:4159/4740 train_time:905645ms step_avg:217.76ms
step:4160/4740 train_time:905968ms step_avg:217.78ms
step:4161/4740 train_time:906151ms step_avg:217.77ms
step:4162/4740 train_time:906474ms step_avg:217.80ms
step:4163/4740 train_time:906660ms step_avg:217.79ms
step:4164/4740 train_time:906980ms step_avg:217.81ms
step:4165/4740 train_time:907167ms step_avg:217.81ms
step:4166/4740 train_time:907489ms step_avg:217.83ms
step:4167/4740 train_time:907674ms step_avg:217.82ms
step:4168/4740 train_time:907998ms step_avg:217.85ms
step:4169/4740 train_time:908180ms step_avg:217.84ms
step:4170/4740 train_time:908501ms step_avg:217.87ms
step:4171/4740 train_time:908685ms step_avg:217.86ms
step:4172/4740 train_time:909013ms step_avg:217.88ms
step:4173/4740 train_time:909195ms step_avg:217.88ms
step:4174/4740 train_time:909518ms step_avg:217.90ms
step:4175/4740 train_time:909700ms step_avg:217.89ms
step:4176/4740 train_time:910024ms step_avg:217.92ms
step:4177/4740 train_time:910209ms step_avg:217.91ms
step:4178/4740 train_time:910528ms step_avg:217.93ms
step:4179/4740 train_time:910710ms step_avg:217.93ms
step:4180/4740 train_time:911033ms step_avg:217.95ms
step:4181/4740 train_time:911220ms step_avg:217.94ms
step:4182/4740 train_time:911543ms step_avg:217.97ms
step:4183/4740 train_time:911724ms step_avg:217.96ms
step:4184/4740 train_time:912048ms step_avg:217.98ms
step:4185/4740 train_time:912233ms step_avg:217.98ms
step:4186/4740 train_time:912558ms step_avg:218.00ms
step:4187/4740 train_time:912737ms step_avg:217.99ms
step:4188/4740 train_time:913058ms step_avg:218.02ms
step:4189/4740 train_time:913241ms step_avg:218.01ms
step:4190/4740 train_time:913564ms step_avg:218.03ms
step:4191/4740 train_time:913743ms step_avg:218.03ms
step:4192/4740 train_time:914063ms step_avg:218.05ms
step:4193/4740 train_time:914247ms step_avg:218.04ms
step:4194/4740 train_time:914569ms step_avg:218.07ms
step:4195/4740 train_time:914749ms step_avg:218.06ms
step:4196/4740 train_time:915072ms step_avg:218.08ms
step:4197/4740 train_time:915256ms step_avg:218.07ms
step:4198/4740 train_time:915580ms step_avg:218.10ms
step:4199/4740 train_time:915767ms step_avg:218.09ms
step:4200/4740 train_time:916090ms step_avg:218.12ms
step:4201/4740 train_time:916271ms step_avg:218.11ms
step:4202/4740 train_time:916593ms step_avg:218.13ms
step:4203/4740 train_time:916779ms step_avg:218.12ms
step:4204/4740 train_time:917102ms step_avg:218.15ms
step:4205/4740 train_time:917282ms step_avg:218.14ms
step:4206/4740 train_time:917605ms step_avg:218.17ms
step:4207/4740 train_time:917791ms step_avg:218.16ms
step:4208/4740 train_time:918114ms step_avg:218.18ms
step:4209/4740 train_time:918296ms step_avg:218.17ms
step:4210/4740 train_time:918621ms step_avg:218.20ms
step:4211/4740 train_time:918804ms step_avg:218.19ms
step:4212/4740 train_time:919120ms step_avg:218.21ms
step:4213/4740 train_time:919304ms step_avg:218.21ms
step:4214/4740 train_time:919627ms step_avg:218.23ms
step:4215/4740 train_time:919813ms step_avg:218.22ms
step:4216/4740 train_time:920131ms step_avg:218.25ms
step:4217/4740 train_time:920316ms step_avg:218.24ms
step:4218/4740 train_time:920641ms step_avg:218.26ms
step:4219/4740 train_time:920828ms step_avg:218.26ms
step:4220/4740 train_time:921147ms step_avg:218.28ms
step:4221/4740 train_time:921332ms step_avg:218.27ms
step:4222/4740 train_time:921654ms step_avg:218.30ms
step:4223/4740 train_time:921837ms step_avg:218.29ms
step:4224/4740 train_time:922161ms step_avg:218.31ms
step:4225/4740 train_time:922344ms step_avg:218.31ms
step:4226/4740 train_time:922665ms step_avg:218.33ms
step:4227/4740 train_time:922848ms step_avg:218.32ms
step:4228/4740 train_time:923168ms step_avg:218.35ms
step:4229/4740 train_time:923351ms step_avg:218.34ms
step:4230/4740 train_time:923672ms step_avg:218.36ms
step:4231/4740 train_time:923856ms step_avg:218.35ms
step:4232/4740 train_time:924182ms step_avg:218.38ms
step:4233/4740 train_time:924369ms step_avg:218.37ms
step:4234/4740 train_time:924691ms step_avg:218.40ms
step:4235/4740 train_time:924872ms step_avg:218.39ms
step:4236/4740 train_time:925194ms step_avg:218.41ms
step:4237/4740 train_time:925376ms step_avg:218.40ms
step:4238/4740 train_time:925696ms step_avg:218.43ms
step:4239/4740 train_time:925882ms step_avg:218.42ms
step:4240/4740 train_time:926206ms step_avg:218.44ms
step:4241/4740 train_time:926386ms step_avg:218.44ms
step:4242/4740 train_time:926709ms step_avg:218.46ms
step:4243/4740 train_time:926889ms step_avg:218.45ms
step:4244/4740 train_time:927209ms step_avg:218.48ms
step:4245/4740 train_time:927394ms step_avg:218.47ms
step:4246/4740 train_time:927718ms step_avg:218.49ms
step:4247/4740 train_time:927905ms step_avg:218.48ms
step:4248/4740 train_time:928226ms step_avg:218.51ms
step:4249/4740 train_time:928412ms step_avg:218.50ms
step:4250/4740 train_time:928734ms step_avg:218.53ms
step:4250/4740 val_loss:2.9672 train_time:928862ms step_avg:218.56ms
step:4251/4740 train_time:928919ms step_avg:218.52ms
step:4252/4740 train_time:929247ms step_avg:218.54ms
step:4253/4740 train_time:929434ms step_avg:218.54ms
step:4254/4740 train_time:929751ms step_avg:218.56ms
step:4255/4740 train_time:929933ms step_avg:218.55ms
step:4256/4740 train_time:930258ms step_avg:218.58ms
step:4257/4740 train_time:930442ms step_avg:218.57ms
step:4258/4740 train_time:930762ms step_avg:218.59ms
step:4259/4740 train_time:930942ms step_avg:218.58ms
step:4260/4740 train_time:931269ms step_avg:218.61ms
step:4261/4740 train_time:931454ms step_avg:218.60ms
step:4262/4740 train_time:931778ms step_avg:218.62ms
step:4263/4740 train_time:931959ms step_avg:218.62ms
step:4264/4740 train_time:932279ms step_avg:218.64ms
step:4265/4740 train_time:932466ms step_avg:218.63ms
step:4266/4740 train_time:932788ms step_avg:218.66ms
step:4267/4740 train_time:932969ms step_avg:218.65ms
step:4268/4740 train_time:933291ms step_avg:218.67ms
step:4269/4740 train_time:933475ms step_avg:218.66ms
step:4270/4740 train_time:933801ms step_avg:218.69ms
step:4271/4740 train_time:933982ms step_avg:218.68ms
step:4272/4740 train_time:934306ms step_avg:218.70ms
step:4273/4740 train_time:934490ms step_avg:218.70ms
step:4274/4740 train_time:934814ms step_avg:218.72ms
step:4275/4740 train_time:934994ms step_avg:218.71ms
step:4276/4740 train_time:935321ms step_avg:218.74ms
step:4277/4740 train_time:935500ms step_avg:218.73ms
step:4278/4740 train_time:935826ms step_avg:218.75ms
step:4279/4740 train_time:936011ms step_avg:218.75ms
step:4280/4740 train_time:936331ms step_avg:218.77ms
step:4281/4740 train_time:936513ms step_avg:218.76ms
step:4282/4740 train_time:936832ms step_avg:218.78ms
step:4283/4740 train_time:937014ms step_avg:218.78ms
step:4284/4740 train_time:937337ms step_avg:218.80ms
step:4285/4740 train_time:937523ms step_avg:218.79ms
step:4286/4740 train_time:937846ms step_avg:218.82ms
step:4287/4740 train_time:938031ms step_avg:218.81ms
step:4288/4740 train_time:938354ms step_avg:218.83ms
step:4289/4740 train_time:938536ms step_avg:218.82ms
step:4290/4740 train_time:938857ms step_avg:218.85ms
step:4291/4740 train_time:939039ms step_avg:218.84ms
step:4292/4740 train_time:939364ms step_avg:218.86ms
step:4293/4740 train_time:939551ms step_avg:218.86ms
step:4294/4740 train_time:939877ms step_avg:218.88ms
step:4295/4740 train_time:940057ms step_avg:218.87ms
step:4296/4740 train_time:940380ms step_avg:218.90ms
step:4297/4740 train_time:940563ms step_avg:218.89ms
step:4298/4740 train_time:940888ms step_avg:218.91ms
step:4299/4740 train_time:941075ms step_avg:218.91ms
step:4300/4740 train_time:941398ms step_avg:218.93ms
step:4301/4740 train_time:941584ms step_avg:218.92ms
step:4302/4740 train_time:941907ms step_avg:218.95ms
step:4303/4740 train_time:942088ms step_avg:218.94ms
step:4304/4740 train_time:942416ms step_avg:218.96ms
step:4305/4740 train_time:942598ms step_avg:218.95ms
step:4306/4740 train_time:942922ms step_avg:218.98ms
step:4307/4740 train_time:943106ms step_avg:218.97ms
step:4308/4740 train_time:943430ms step_avg:218.99ms
step:4309/4740 train_time:943611ms step_avg:218.99ms
step:4310/4740 train_time:943932ms step_avg:219.01ms
step:4311/4740 train_time:944110ms step_avg:219.00ms
step:4312/4740 train_time:944435ms step_avg:219.02ms
step:4313/4740 train_time:944621ms step_avg:219.02ms
step:4314/4740 train_time:944941ms step_avg:219.04ms
step:4315/4740 train_time:945124ms step_avg:219.03ms
step:4316/4740 train_time:945450ms step_avg:219.06ms
step:4317/4740 train_time:945630ms step_avg:219.05ms
step:4318/4740 train_time:945955ms step_avg:219.07ms
step:4319/4740 train_time:946135ms step_avg:219.06ms
step:4320/4740 train_time:946458ms step_avg:219.09ms
step:4321/4740 train_time:946642ms step_avg:219.08ms
step:4322/4740 train_time:946969ms step_avg:219.10ms
step:4323/4740 train_time:947155ms step_avg:219.10ms
step:4324/4740 train_time:947479ms step_avg:219.12ms
step:4325/4740 train_time:947660ms step_avg:219.11ms
step:4326/4740 train_time:947982ms step_avg:219.14ms
step:4327/4740 train_time:948168ms step_avg:219.13ms
step:4328/4740 train_time:948491ms step_avg:219.15ms
step:4329/4740 train_time:948670ms step_avg:219.14ms
step:4330/4740 train_time:948990ms step_avg:219.17ms
step:4331/4740 train_time:949174ms step_avg:219.16ms
step:4332/4740 train_time:949494ms step_avg:219.18ms
step:4333/4740 train_time:949676ms step_avg:219.17ms
step:4334/4740 train_time:949998ms step_avg:219.20ms
step:4335/4740 train_time:950186ms step_avg:219.19ms
step:4336/4740 train_time:950509ms step_avg:219.21ms
step:4337/4740 train_time:950693ms step_avg:219.21ms
step:4338/4740 train_time:951016ms step_avg:219.23ms
step:4339/4740 train_time:951200ms step_avg:219.22ms
step:4340/4740 train_time:951526ms step_avg:219.25ms
step:4341/4740 train_time:951709ms step_avg:219.24ms
step:4342/4740 train_time:952032ms step_avg:219.26ms
step:4343/4740 train_time:952211ms step_avg:219.25ms
step:4344/4740 train_time:952533ms step_avg:219.28ms
step:4345/4740 train_time:952714ms step_avg:219.27ms
step:4346/4740 train_time:953035ms step_avg:219.29ms
step:4347/4740 train_time:953220ms step_avg:219.28ms
step:4348/4740 train_time:953547ms step_avg:219.31ms
step:4349/4740 train_time:953729ms step_avg:219.30ms
step:4350/4740 train_time:954055ms step_avg:219.32ms
step:4351/4740 train_time:954234ms step_avg:219.31ms
step:4352/4740 train_time:954559ms step_avg:219.34ms
step:4353/4740 train_time:954735ms step_avg:219.33ms
step:4354/4740 train_time:955061ms step_avg:219.35ms
step:4355/4740 train_time:955239ms step_avg:219.34ms
step:4356/4740 train_time:955563ms step_avg:219.37ms
step:4357/4740 train_time:955746ms step_avg:219.36ms
step:4358/4740 train_time:956072ms step_avg:219.38ms
step:4359/4740 train_time:956258ms step_avg:219.38ms
step:4360/4740 train_time:956581ms step_avg:219.40ms
step:4361/4740 train_time:956765ms step_avg:219.39ms
step:4362/4740 train_time:957090ms step_avg:219.42ms
step:4363/4740 train_time:957273ms step_avg:219.41ms
step:4364/4740 train_time:957597ms step_avg:219.43ms
step:4365/4740 train_time:957776ms step_avg:219.42ms
step:4366/4740 train_time:958098ms step_avg:219.45ms
step:4367/4740 train_time:958282ms step_avg:219.44ms
step:4368/4740 train_time:958609ms step_avg:219.46ms
step:4369/4740 train_time:958792ms step_avg:219.45ms
step:4370/4740 train_time:959113ms step_avg:219.48ms
step:4371/4740 train_time:959295ms step_avg:219.47ms
step:4372/4740 train_time:959618ms step_avg:219.49ms
step:4373/4740 train_time:959801ms step_avg:219.48ms
step:4374/4740 train_time:960126ms step_avg:219.51ms
step:4375/4740 train_time:960307ms step_avg:219.50ms
step:4376/4740 train_time:960631ms step_avg:219.52ms
step:4377/4740 train_time:960814ms step_avg:219.51ms
step:4378/4740 train_time:961138ms step_avg:219.54ms
step:4379/4740 train_time:961325ms step_avg:219.53ms
step:4380/4740 train_time:961650ms step_avg:219.55ms
step:4381/4740 train_time:961831ms step_avg:219.55ms
step:4382/4740 train_time:962152ms step_avg:219.57ms
step:4383/4740 train_time:962336ms step_avg:219.56ms
step:4384/4740 train_time:962660ms step_avg:219.58ms
step:4385/4740 train_time:962843ms step_avg:219.58ms
step:4386/4740 train_time:963165ms step_avg:219.60ms
step:4387/4740 train_time:963348ms step_avg:219.59ms
step:4388/4740 train_time:963674ms step_avg:219.62ms
step:4389/4740 train_time:963853ms step_avg:219.61ms
step:4390/4740 train_time:964176ms step_avg:219.63ms
step:4391/4740 train_time:964360ms step_avg:219.62ms
step:4392/4740 train_time:964683ms step_avg:219.65ms
step:4393/4740 train_time:964866ms step_avg:219.64ms
step:4394/4740 train_time:965189ms step_avg:219.66ms
step:4395/4740 train_time:965372ms step_avg:219.65ms
step:4396/4740 train_time:965695ms step_avg:219.68ms
step:4397/4740 train_time:965875ms step_avg:219.67ms
step:4398/4740 train_time:966200ms step_avg:219.69ms
step:4399/4740 train_time:966378ms step_avg:219.68ms
step:4400/4740 train_time:966702ms step_avg:219.70ms
step:4401/4740 train_time:966884ms step_avg:219.70ms
step:4402/4740 train_time:967210ms step_avg:219.72ms
step:4403/4740 train_time:967391ms step_avg:219.71ms
step:4404/4740 train_time:967716ms step_avg:219.74ms
step:4405/4740 train_time:967896ms step_avg:219.73ms
step:4406/4740 train_time:968221ms step_avg:219.75ms
step:4407/4740 train_time:968404ms step_avg:219.74ms
step:4408/4740 train_time:968731ms step_avg:219.77ms
step:4409/4740 train_time:968914ms step_avg:219.76ms
step:4410/4740 train_time:969233ms step_avg:219.78ms
step:4411/4740 train_time:969415ms step_avg:219.77ms
step:4412/4740 train_time:969735ms step_avg:219.79ms
step:4413/4740 train_time:969919ms step_avg:219.79ms
step:4414/4740 train_time:970243ms step_avg:219.81ms
step:4415/4740 train_time:970423ms step_avg:219.80ms
step:4416/4740 train_time:970751ms step_avg:219.83ms
step:4417/4740 train_time:970933ms step_avg:219.82ms
step:4418/4740 train_time:971253ms step_avg:219.84ms
step:4419/4740 train_time:971437ms step_avg:219.83ms
step:4420/4740 train_time:971761ms step_avg:219.86ms
step:4421/4740 train_time:971944ms step_avg:219.85ms
step:4422/4740 train_time:972265ms step_avg:219.87ms
step:4423/4740 train_time:972451ms step_avg:219.86ms
step:4424/4740 train_time:972774ms step_avg:219.89ms
step:4425/4740 train_time:972957ms step_avg:219.88ms
step:4426/4740 train_time:973280ms step_avg:219.90ms
step:4427/4740 train_time:973465ms step_avg:219.89ms
step:4428/4740 train_time:973794ms step_avg:219.92ms
step:4429/4740 train_time:973973ms step_avg:219.91ms
step:4430/4740 train_time:974296ms step_avg:219.93ms
step:4431/4740 train_time:974482ms step_avg:219.92ms
step:4432/4740 train_time:974805ms step_avg:219.95ms
step:4433/4740 train_time:974988ms step_avg:219.94ms
step:4434/4740 train_time:975308ms step_avg:219.96ms
step:4435/4740 train_time:975493ms step_avg:219.95ms
step:4436/4740 train_time:975813ms step_avg:219.98ms
step:4437/4740 train_time:975997ms step_avg:219.97ms
step:4438/4740 train_time:976322ms step_avg:219.99ms
step:4439/4740 train_time:976504ms step_avg:219.98ms
step:4440/4740 train_time:976828ms step_avg:220.01ms
step:4441/4740 train_time:977008ms step_avg:220.00ms
step:4442/4740 train_time:977333ms step_avg:220.02ms
step:4443/4740 train_time:977514ms step_avg:220.01ms
step:4444/4740 train_time:977835ms step_avg:220.03ms
step:4445/4740 train_time:978017ms step_avg:220.03ms
step:4446/4740 train_time:978341ms step_avg:220.05ms
step:4447/4740 train_time:978525ms step_avg:220.04ms
step:4448/4740 train_time:978850ms step_avg:220.07ms
step:4449/4740 train_time:979031ms step_avg:220.06ms
step:4450/4740 train_time:979356ms step_avg:220.08ms
step:4451/4740 train_time:979540ms step_avg:220.07ms
step:4452/4740 train_time:979864ms step_avg:220.10ms
step:4453/4740 train_time:980044ms step_avg:220.09ms
step:4454/4740 train_time:980371ms step_avg:220.11ms
step:4455/4740 train_time:980552ms step_avg:220.10ms
step:4456/4740 train_time:980874ms step_avg:220.12ms
step:4457/4740 train_time:981058ms step_avg:220.12ms
step:4458/4740 train_time:981383ms step_avg:220.14ms
step:4459/4740 train_time:981566ms step_avg:220.13ms
step:4460/4740 train_time:981892ms step_avg:220.16ms
step:4461/4740 train_time:982076ms step_avg:220.15ms
step:4462/4740 train_time:982398ms step_avg:220.17ms
step:4463/4740 train_time:982585ms step_avg:220.16ms
step:4464/4740 train_time:982910ms step_avg:220.19ms
step:4465/4740 train_time:983091ms step_avg:220.18ms
step:4466/4740 train_time:983415ms step_avg:220.20ms
step:4467/4740 train_time:983599ms step_avg:220.19ms
step:4468/4740 train_time:983924ms step_avg:220.22ms
step:4469/4740 train_time:984108ms step_avg:220.21ms
step:4470/4740 train_time:984434ms step_avg:220.23ms
step:4471/4740 train_time:984613ms step_avg:220.22ms
step:4472/4740 train_time:984936ms step_avg:220.25ms
step:4473/4740 train_time:985124ms step_avg:220.24ms
step:4474/4740 train_time:985448ms step_avg:220.26ms
step:4475/4740 train_time:985629ms step_avg:220.25ms
step:4476/4740 train_time:985952ms step_avg:220.28ms
step:4477/4740 train_time:986135ms step_avg:220.27ms
step:4478/4740 train_time:986460ms step_avg:220.29ms
step:4479/4740 train_time:986642ms step_avg:220.28ms
step:4480/4740 train_time:986965ms step_avg:220.30ms
step:4481/4740 train_time:987148ms step_avg:220.30ms
step:4482/4740 train_time:987472ms step_avg:220.32ms
step:4483/4740 train_time:987650ms step_avg:220.31ms
step:4484/4740 train_time:987974ms step_avg:220.33ms
step:4485/4740 train_time:988154ms step_avg:220.32ms
step:4486/4740 train_time:988478ms step_avg:220.35ms
step:4487/4740 train_time:988658ms step_avg:220.34ms
step:4488/4740 train_time:988984ms step_avg:220.36ms
step:4489/4740 train_time:989167ms step_avg:220.35ms
step:4490/4740 train_time:989488ms step_avg:220.38ms
step:4491/4740 train_time:989673ms step_avg:220.37ms
step:4492/4740 train_time:989995ms step_avg:220.39ms
step:4493/4740 train_time:990179ms step_avg:220.38ms
step:4494/4740 train_time:990503ms step_avg:220.41ms
step:4495/4740 train_time:990686ms step_avg:220.40ms
step:4496/4740 train_time:991006ms step_avg:220.42ms
step:4497/4740 train_time:991189ms step_avg:220.41ms
step:4498/4740 train_time:991513ms step_avg:220.43ms
step:4499/4740 train_time:991691ms step_avg:220.42ms
step:4500/4740 train_time:992014ms step_avg:220.45ms
step:4500/4740 val_loss:2.9421 train_time:992142ms step_avg:220.48ms
step:4501/4740 train_time:992199ms step_avg:220.44ms
step:4502/4740 train_time:992533ms step_avg:220.46ms
step:4503/4740 train_time:992719ms step_avg:220.46ms
step:4504/4740 train_time:993038ms step_avg:220.48ms
step:4505/4740 train_time:993218ms step_avg:220.47ms
step:4506/4740 train_time:993544ms step_avg:220.49ms
step:4507/4740 train_time:993733ms step_avg:220.49ms
step:4508/4740 train_time:994052ms step_avg:220.51ms
step:4509/4740 train_time:994232ms step_avg:220.50ms
step:4510/4740 train_time:994561ms step_avg:220.52ms
step:4511/4740 train_time:994745ms step_avg:220.52ms
step:4512/4740 train_time:995069ms step_avg:220.54ms
step:4513/4740 train_time:995249ms step_avg:220.53ms
step:4514/4740 train_time:995577ms step_avg:220.55ms
step:4515/4740 train_time:995757ms step_avg:220.54ms
step:4516/4740 train_time:996080ms step_avg:220.57ms
step:4517/4740 train_time:996259ms step_avg:220.56ms
step:4518/4740 train_time:996583ms step_avg:220.58ms
step:4519/4740 train_time:996767ms step_avg:220.57ms
step:4520/4740 train_time:997089ms step_avg:220.59ms
step:4521/4740 train_time:997270ms step_avg:220.59ms
step:4522/4740 train_time:997593ms step_avg:220.61ms
step:4523/4740 train_time:997779ms step_avg:220.60ms
step:4524/4740 train_time:998103ms step_avg:220.62ms
step:4525/4740 train_time:998285ms step_avg:220.62ms
step:4526/4740 train_time:998606ms step_avg:220.64ms
step:4527/4740 train_time:998795ms step_avg:220.63ms
step:4528/4740 train_time:999115ms step_avg:220.65ms
step:4529/4740 train_time:999300ms step_avg:220.64ms
step:4530/4740 train_time:999623ms step_avg:220.67ms
step:4531/4740 train_time:999806ms step_avg:220.66ms
step:4532/4740 train_time:1000131ms step_avg:220.68ms
step:4533/4740 train_time:1000314ms step_avg:220.67ms
step:4534/4740 train_time:1000636ms step_avg:220.70ms
step:4535/4740 train_time:1000819ms step_avg:220.69ms
step:4536/4740 train_time:1001141ms step_avg:220.71ms
step:4537/4740 train_time:1001328ms step_avg:220.70ms
step:4538/4740 train_time:1001652ms step_avg:220.73ms
step:4539/4740 train_time:1001835ms step_avg:220.72ms
step:4540/4740 train_time:1002162ms step_avg:220.74ms
step:4541/4740 train_time:1002344ms step_avg:220.73ms
step:4542/4740 train_time:1002664ms step_avg:220.75ms
step:4543/4740 train_time:1002848ms step_avg:220.75ms
step:4544/4740 train_time:1003173ms step_avg:220.77ms
step:4545/4740 train_time:1003354ms step_avg:220.76ms
step:4546/4740 train_time:1003680ms step_avg:220.78ms
step:4547/4740 train_time:1003861ms step_avg:220.77ms
step:4548/4740 train_time:1004183ms step_avg:220.80ms
step:4549/4740 train_time:1004371ms step_avg:220.79ms
step:4550/4740 train_time:1004692ms step_avg:220.81ms
step:4551/4740 train_time:1004875ms step_avg:220.80ms
step:4552/4740 train_time:1005196ms step_avg:220.83ms
step:4553/4740 train_time:1005381ms step_avg:220.82ms
step:4554/4740 train_time:1005709ms step_avg:220.84ms
step:4555/4740 train_time:1005886ms step_avg:220.83ms
step:4556/4740 train_time:1006212ms step_avg:220.85ms
step:4557/4740 train_time:1006398ms step_avg:220.85ms
step:4558/4740 train_time:1006721ms step_avg:220.87ms
step:4559/4740 train_time:1006909ms step_avg:220.86ms
step:4560/4740 train_time:1007238ms step_avg:220.89ms
step:4561/4740 train_time:1007419ms step_avg:220.88ms
step:4562/4740 train_time:1007741ms step_avg:220.90ms
step:4563/4740 train_time:1007925ms step_avg:220.89ms
step:4564/4740 train_time:1008252ms step_avg:220.91ms
step:4565/4740 train_time:1008438ms step_avg:220.91ms
step:4566/4740 train_time:1008760ms step_avg:220.93ms
step:4567/4740 train_time:1008943ms step_avg:220.92ms
step:4568/4740 train_time:1009266ms step_avg:220.94ms
step:4569/4740 train_time:1009448ms step_avg:220.93ms
step:4570/4740 train_time:1009773ms step_avg:220.96ms
step:4571/4740 train_time:1009953ms step_avg:220.95ms
step:4572/4740 train_time:1010279ms step_avg:220.97ms
step:4573/4740 train_time:1010460ms step_avg:220.96ms
step:4574/4740 train_time:1010782ms step_avg:220.98ms
step:4575/4740 train_time:1010960ms step_avg:220.97ms
step:4576/4740 train_time:1011284ms step_avg:221.00ms
step:4577/4740 train_time:1011466ms step_avg:220.99ms
step:4578/4740 train_time:1011785ms step_avg:221.01ms
step:4579/4740 train_time:1011972ms step_avg:221.00ms
step:4580/4740 train_time:1012294ms step_avg:221.02ms
step:4581/4740 train_time:1012480ms step_avg:221.02ms
step:4582/4740 train_time:1012802ms step_avg:221.04ms
step:4583/4740 train_time:1012987ms step_avg:221.03ms
step:4584/4740 train_time:1013310ms step_avg:221.05ms
step:4585/4740 train_time:1013493ms step_avg:221.05ms
step:4586/4740 train_time:1013812ms step_avg:221.07ms
step:4587/4740 train_time:1013994ms step_avg:221.06ms
step:4588/4740 train_time:1014315ms step_avg:221.08ms
step:4589/4740 train_time:1014502ms step_avg:221.07ms
step:4590/4740 train_time:1014826ms step_avg:221.09ms
step:4591/4740 train_time:1015007ms step_avg:221.09ms
step:4592/4740 train_time:1015335ms step_avg:221.11ms
step:4593/4740 train_time:1015519ms step_avg:221.10ms
step:4594/4740 train_time:1015842ms step_avg:221.12ms
step:4595/4740 train_time:1016025ms step_avg:221.12ms
step:4596/4740 train_time:1016352ms step_avg:221.14ms
step:4597/4740 train_time:1016532ms step_avg:221.13ms
step:4598/4740 train_time:1016854ms step_avg:221.15ms
step:4599/4740 train_time:1017039ms step_avg:221.14ms
step:4600/4740 train_time:1017365ms step_avg:221.17ms
step:4601/4740 train_time:1017546ms step_avg:221.16ms
step:4602/4740 train_time:1017873ms step_avg:221.18ms
step:4603/4740 train_time:1018053ms step_avg:221.17ms
step:4604/4740 train_time:1018376ms step_avg:221.19ms
step:4605/4740 train_time:1018560ms step_avg:221.19ms
step:4606/4740 train_time:1018883ms step_avg:221.21ms
step:4607/4740 train_time:1019062ms step_avg:221.20ms
step:4608/4740 train_time:1019385ms step_avg:221.22ms
step:4609/4740 train_time:1019567ms step_avg:221.21ms
step:4610/4740 train_time:1019891ms step_avg:221.23ms
step:4611/4740 train_time:1020073ms step_avg:221.23ms
step:4612/4740 train_time:1020394ms step_avg:221.25ms
step:4613/4740 train_time:1020576ms step_avg:221.24ms
step:4614/4740 train_time:1020904ms step_avg:221.26ms
step:4615/4740 train_time:1021082ms step_avg:221.25ms
step:4616/4740 train_time:1021408ms step_avg:221.28ms
step:4617/4740 train_time:1021589ms step_avg:221.27ms
step:4618/4740 train_time:1021912ms step_avg:221.29ms
step:4619/4740 train_time:1022095ms step_avg:221.28ms
step:4620/4740 train_time:1022417ms step_avg:221.30ms
step:4621/4740 train_time:1022601ms step_avg:221.29ms
step:4622/4740 train_time:1022926ms step_avg:221.32ms
step:4623/4740 train_time:1023108ms step_avg:221.31ms
step:4624/4740 train_time:1023431ms step_avg:221.33ms
step:4625/4740 train_time:1023614ms step_avg:221.32ms
step:4626/4740 train_time:1023936ms step_avg:221.34ms
step:4627/4740 train_time:1024125ms step_avg:221.34ms
step:4628/4740 train_time:1024448ms step_avg:221.36ms
step:4629/4740 train_time:1024632ms step_avg:221.35ms
step:4630/4740 train_time:1024952ms step_avg:221.37ms
step:4631/4740 train_time:1025138ms step_avg:221.36ms
step:4632/4740 train_time:1025459ms step_avg:221.39ms
step:4633/4740 train_time:1025643ms step_avg:221.38ms
step:4634/4740 train_time:1025970ms step_avg:221.40ms
step:4635/4740 train_time:1026150ms step_avg:221.39ms
step:4636/4740 train_time:1026475ms step_avg:221.41ms
step:4637/4740 train_time:1026659ms step_avg:221.41ms
step:4638/4740 train_time:1026981ms step_avg:221.43ms
step:4639/4740 train_time:1027164ms step_avg:221.42ms
step:4640/4740 train_time:1027486ms step_avg:221.44ms
step:4641/4740 train_time:1027666ms step_avg:221.43ms
step:4642/4740 train_time:1027991ms step_avg:221.45ms
step:4643/4740 train_time:1028176ms step_avg:221.45ms
step:4644/4740 train_time:1028499ms step_avg:221.47ms
step:4645/4740 train_time:1028688ms step_avg:221.46ms
step:4646/4740 train_time:1029007ms step_avg:221.48ms
step:4647/4740 train_time:1029189ms step_avg:221.47ms
step:4648/4740 train_time:1029513ms step_avg:221.50ms
step:4649/4740 train_time:1029695ms step_avg:221.49ms
step:4650/4740 train_time:1030019ms step_avg:221.51ms
step:4651/4740 train_time:1030205ms step_avg:221.50ms
step:4652/4740 train_time:1030532ms step_avg:221.52ms
step:4653/4740 train_time:1030714ms step_avg:221.52ms
step:4654/4740 train_time:1031035ms step_avg:221.54ms
step:4655/4740 train_time:1031218ms step_avg:221.53ms
step:4656/4740 train_time:1031543ms step_avg:221.55ms
step:4657/4740 train_time:1031728ms step_avg:221.54ms
step:4658/4740 train_time:1032051ms step_avg:221.57ms
step:4659/4740 train_time:1032238ms step_avg:221.56ms
step:4660/4740 train_time:1032562ms step_avg:221.58ms
step:4661/4740 train_time:1032743ms step_avg:221.57ms
step:4662/4740 train_time:1033065ms step_avg:221.59ms
step:4663/4740 train_time:1033247ms step_avg:221.58ms
step:4664/4740 train_time:1033571ms step_avg:221.61ms
step:4665/4740 train_time:1033753ms step_avg:221.60ms
step:4666/4740 train_time:1034072ms step_avg:221.62ms
step:4667/4740 train_time:1034257ms step_avg:221.61ms
step:4668/4740 train_time:1034582ms step_avg:221.63ms
step:4669/4740 train_time:1034764ms step_avg:221.62ms
step:4670/4740 train_time:1035085ms step_avg:221.65ms
step:4671/4740 train_time:1035269ms step_avg:221.64ms
step:4672/4740 train_time:1035590ms step_avg:221.66ms
step:4673/4740 train_time:1035776ms step_avg:221.65ms
step:4674/4740 train_time:1036098ms step_avg:221.67ms
step:4675/4740 train_time:1036283ms step_avg:221.66ms
step:4676/4740 train_time:1036606ms step_avg:221.69ms
step:4677/4740 train_time:1036789ms step_avg:221.68ms
step:4678/4740 train_time:1037110ms step_avg:221.70ms
step:4679/4740 train_time:1037295ms step_avg:221.69ms
step:4680/4740 train_time:1037622ms step_avg:221.71ms
step:4681/4740 train_time:1037801ms step_avg:221.71ms
step:4682/4740 train_time:1038124ms step_avg:221.73ms
step:4683/4740 train_time:1038310ms step_avg:221.72ms
step:4684/4740 train_time:1038632ms step_avg:221.74ms
step:4685/4740 train_time:1038816ms step_avg:221.73ms
step:4686/4740 train_time:1039141ms step_avg:221.75ms
step:4687/4740 train_time:1039327ms step_avg:221.75ms
step:4688/4740 train_time:1039649ms step_avg:221.77ms
step:4689/4740 train_time:1039833ms step_avg:221.76ms
step:4690/4740 train_time:1040154ms step_avg:221.78ms
step:4691/4740 train_time:1040338ms step_avg:221.77ms
step:4692/4740 train_time:1040663ms step_avg:221.80ms
step:4693/4740 train_time:1040842ms step_avg:221.79ms
step:4694/4740 train_time:1041167ms step_avg:221.81ms
step:4695/4740 train_time:1041346ms step_avg:221.80ms
step:4696/4740 train_time:1041669ms step_avg:221.82ms
step:4697/4740 train_time:1041850ms step_avg:221.81ms
step:4698/4740 train_time:1042172ms step_avg:221.83ms
step:4699/4740 train_time:1042353ms step_avg:221.82ms
step:4700/4740 train_time:1042675ms step_avg:221.85ms
step:4701/4740 train_time:1042857ms step_avg:221.84ms
step:4702/4740 train_time:1043183ms step_avg:221.86ms
step:4703/4740 train_time:1043367ms step_avg:221.85ms
step:4704/4740 train_time:1043693ms step_avg:221.87ms
step:4705/4740 train_time:1043879ms step_avg:221.87ms
step:4706/4740 train_time:1044206ms step_avg:221.89ms
step:4707/4740 train_time:1044387ms step_avg:221.88ms
step:4708/4740 train_time:1044710ms step_avg:221.90ms
step:4709/4740 train_time:1044894ms step_avg:221.89ms
step:4710/4740 train_time:1045223ms step_avg:221.92ms
step:4711/4740 train_time:1045405ms step_avg:221.91ms
step:4712/4740 train_time:1045728ms step_avg:221.93ms
step:4713/4740 train_time:1045910ms step_avg:221.92ms
step:4714/4740 train_time:1046233ms step_avg:221.94ms
step:4715/4740 train_time:1046414ms step_avg:221.93ms
step:4716/4740 train_time:1046741ms step_avg:221.96ms
step:4717/4740 train_time:1046924ms step_avg:221.95ms
step:4718/4740 train_time:1047248ms step_avg:221.97ms
step:4719/4740 train_time:1047429ms step_avg:221.96ms
step:4720/4740 train_time:1047749ms step_avg:221.98ms
step:4721/4740 train_time:1047936ms step_avg:221.97ms
step:4722/4740 train_time:1048264ms step_avg:222.00ms
step:4723/4740 train_time:1048448ms step_avg:221.99ms
step:4724/4740 train_time:1048769ms step_avg:222.01ms
step:4725/4740 train_time:1048956ms step_avg:222.00ms
step:4726/4740 train_time:1049278ms step_avg:222.02ms
step:4727/4740 train_time:1049459ms step_avg:222.01ms
step:4728/4740 train_time:1049781ms step_avg:222.03ms
step:4729/4740 train_time:1049967ms step_avg:222.03ms
step:4730/4740 train_time:1050287ms step_avg:222.05ms
step:4731/4740 train_time:1050473ms step_avg:222.04ms
step:4732/4740 train_time:1050799ms step_avg:222.06ms
step:4733/4740 train_time:1050984ms step_avg:222.05ms
step:4734/4740 train_time:1051304ms step_avg:222.08ms
step:4735/4740 train_time:1051486ms step_avg:222.07ms
step:4736/4740 train_time:1051809ms step_avg:222.09ms
step:4737/4740 train_time:1051993ms step_avg:222.08ms
step:4738/4740 train_time:1052314ms step_avg:222.10ms
step:4739/4740 train_time:1052498ms step_avg:222.09ms
step:4740/4740 train_time:1052821ms step_avg:222.11ms
step:4740/4740 val_loss:2.9237 train_time:1052948ms step_avg:222.14ms
peak memory allocated: 57397 MiB reserved: 61872 MiB
