W0209 00:34:06.361000 2230765 torch/distributed/run.py:852] 
W0209 00:34:06.361000 2230765 torch/distributed/run.py:852] *****************************************
W0209 00:34:06.361000 2230765 torch/distributed/run.py:852] Setting OMP_NUM_THREADS environment variable for each process to be 1 in default, to avoid your system being overloaded, please further tune the variable for optimal performance in your application as needed. 
W0209 00:34:06.361000 2230765 torch/distributed/run.py:852] *****************************************
Fetching 4 files:   0%|          | 0/4 [00:00<?, ?it/s]Fetching 4 files: 100%|██████████| 4/4 [00:00<00:00, 56679.78it/s]
Fetching 4 files:   0%|          | 0/4 [00:00<?, ?it/s]Fetching 4 files: 100%|██████████| 4/4 [00:00<00:00, 65281.00it/s]
Fetching 4 files:   0%|          | 0/4 [00:00<?, ?it/s]Fetching 4 files: 100%|██████████| 4/4 [00:00<00:00, 8085.41it/s]
Fetching 4 files:   0%|          | 0/4 [00:00<?, ?it/s]Fetching 4 files: 100%|██████████| 4/4 [00:00<00:00, 60133.39it/s]
Fetching 4 files:   0%|          | 0/4 [00:00<?, ?it/s]Fetching 4 files: 100%|██████████| 4/4 [00:00<00:00, 63550.06it/s]
Fetching 4 files:   0%|          | 0/4 [00:00<?, ?it/s]Fetching 4 files: 100%|██████████| 4/4 [00:00<00:00, 55007.27it/s]
Fetching 4 files:   0%|          | 0/4 [00:00<?, ?it/s]Fetching 4 files: 100%|██████████| 4/4 [00:00<00:00, 84733.41it/s]
Fetching 4 files:   0%|          | 0/4 [00:00<?, ?it/s]Fetching 4 files: 100%|██████████| 4/4 [00:00<00:00, 13946.15it/s]
logs/sweep_muon0.010_cd0.60.txt
74
Compiling model and warming up kernels (~7 minutes on first execution)
Sampling steps [0, 1, 391, 392, 393, 783, 784, 785, 1174, 1175, 1176, 1566, 1567, 1568, 1958, 1959, 1960, 2349, 2350, 2351, 2741, 2742, 2743, 3133, 3134, 3135] for warmup
Resetting Model
step:0/4740 val_loss:10.8338 train_time:1ms step_avg:1.01ms
step:1/4740 train_time:97ms step_avg:96.68ms
step:2/4740 train_time:156ms step_avg:78.24ms
step:3/4740 train_time:215ms step_avg:71.67ms
step:4/4740 train_time:301ms step_avg:75.15ms
step:5/4740 train_time:360ms step_avg:71.90ms
step:6/4740 train_time:445ms step_avg:74.23ms
step:7/4740 train_time:504ms step_avg:72.06ms
step:8/4740 train_time:589ms step_avg:73.64ms
step:9/4740 train_time:648ms step_avg:71.97ms
step:10/4740 train_time:733ms step_avg:73.31ms
step:11/4740 train_time:792ms step_avg:71.99ms
step:12/4740 train_time:878ms step_avg:73.15ms
step:13/4740 train_time:937ms step_avg:72.04ms
step:14/4740 train_time:1023ms step_avg:73.06ms
step:15/4740 train_time:1084ms step_avg:72.29ms
step:16/4740 train_time:1172ms step_avg:73.24ms
step:17/4740 train_time:1233ms step_avg:72.51ms
step:18/4740 train_time:1319ms step_avg:73.28ms
step:19/4740 train_time:1379ms step_avg:72.56ms
step:20/4740 train_time:1465ms step_avg:73.25ms
step:21/4740 train_time:1525ms step_avg:72.60ms
step:22/4740 train_time:1611ms step_avg:73.23ms
step:23/4740 train_time:1670ms step_avg:72.62ms
step:24/4740 train_time:1756ms step_avg:73.16ms
step:25/4740 train_time:1815ms step_avg:72.60ms
step:26/4740 train_time:1901ms step_avg:73.10ms
step:27/4740 train_time:1960ms step_avg:72.60ms
step:28/4740 train_time:2047ms step_avg:73.10ms
step:29/4740 train_time:2107ms step_avg:72.67ms
step:30/4740 train_time:2194ms step_avg:73.12ms
step:31/4740 train_time:2253ms step_avg:72.68ms
step:32/4740 train_time:2341ms step_avg:73.15ms
step:33/4740 train_time:2400ms step_avg:72.74ms
step:34/4740 train_time:2487ms step_avg:73.15ms
step:35/4740 train_time:2547ms step_avg:72.78ms
step:36/4740 train_time:2633ms step_avg:73.15ms
step:37/4740 train_time:2693ms step_avg:72.77ms
step:38/4740 train_time:2779ms step_avg:73.13ms
step:39/4740 train_time:2838ms step_avg:72.78ms
step:40/4740 train_time:2924ms step_avg:73.11ms
step:41/4740 train_time:2984ms step_avg:72.78ms
step:42/4740 train_time:3070ms step_avg:73.10ms
step:43/4740 train_time:3130ms step_avg:72.80ms
step:44/4740 train_time:3216ms step_avg:73.10ms
step:45/4740 train_time:3276ms step_avg:72.81ms
step:46/4740 train_time:3363ms step_avg:73.11ms
step:47/4740 train_time:3423ms step_avg:72.83ms
step:48/4740 train_time:3509ms step_avg:73.10ms
step:49/4740 train_time:3569ms step_avg:72.85ms
step:50/4740 train_time:3655ms step_avg:73.11ms
step:51/4740 train_time:3715ms step_avg:72.84ms
step:52/4740 train_time:3801ms step_avg:73.10ms
step:53/4740 train_time:3861ms step_avg:72.84ms
step:54/4740 train_time:3947ms step_avg:73.10ms
step:55/4740 train_time:4007ms step_avg:72.86ms
step:56/4740 train_time:4094ms step_avg:73.10ms
step:57/4740 train_time:4153ms step_avg:72.85ms
step:58/4740 train_time:4240ms step_avg:73.10ms
step:59/4740 train_time:4299ms step_avg:72.87ms
step:60/4740 train_time:4386ms step_avg:73.10ms
step:61/4740 train_time:4446ms step_avg:72.89ms
step:62/4740 train_time:4533ms step_avg:73.11ms
step:63/4740 train_time:4592ms step_avg:72.89ms
step:64/4740 train_time:4679ms step_avg:73.11ms
step:65/4740 train_time:4738ms step_avg:72.89ms
step:66/4740 train_time:4824ms step_avg:73.10ms
step:67/4740 train_time:4885ms step_avg:72.91ms
step:68/4740 train_time:4971ms step_avg:73.11ms
step:69/4740 train_time:5032ms step_avg:72.93ms
step:70/4740 train_time:5119ms step_avg:73.13ms
step:71/4740 train_time:5179ms step_avg:72.94ms
step:72/4740 train_time:5265ms step_avg:73.13ms
step:73/4740 train_time:5327ms step_avg:72.97ms
step:74/4740 train_time:5412ms step_avg:73.14ms
step:75/4740 train_time:5472ms step_avg:72.96ms
step:76/4740 train_time:5558ms step_avg:73.13ms
step:77/4740 train_time:5618ms step_avg:72.96ms
step:78/4740 train_time:5704ms step_avg:73.13ms
step:79/4740 train_time:5764ms step_avg:72.96ms
step:80/4740 train_time:5850ms step_avg:73.13ms
step:81/4740 train_time:5910ms step_avg:72.96ms
step:82/4740 train_time:5996ms step_avg:73.12ms
step:83/4740 train_time:6055ms step_avg:72.95ms
step:84/4740 train_time:6141ms step_avg:73.11ms
step:85/4740 train_time:6201ms step_avg:72.95ms
step:86/4740 train_time:6286ms step_avg:73.10ms
step:87/4740 train_time:6347ms step_avg:72.95ms
step:88/4740 train_time:6432ms step_avg:73.09ms
step:89/4740 train_time:6492ms step_avg:72.95ms
step:90/4740 train_time:6579ms step_avg:73.10ms
step:91/4740 train_time:6639ms step_avg:72.95ms
step:92/4740 train_time:6725ms step_avg:73.10ms
step:93/4740 train_time:6785ms step_avg:72.96ms
step:94/4740 train_time:6872ms step_avg:73.10ms
step:95/4740 train_time:6931ms step_avg:72.95ms
step:96/4740 train_time:7016ms step_avg:73.09ms
step:97/4740 train_time:7075ms step_avg:72.94ms
step:98/4740 train_time:7162ms step_avg:73.08ms
step:99/4740 train_time:7222ms step_avg:72.95ms
step:100/4740 train_time:7308ms step_avg:73.08ms
step:101/4740 train_time:7368ms step_avg:72.95ms
step:102/4740 train_time:7454ms step_avg:73.08ms
step:103/4740 train_time:7513ms step_avg:72.94ms
step:104/4740 train_time:7600ms step_avg:73.08ms
step:105/4740 train_time:7660ms step_avg:72.95ms
step:106/4740 train_time:7747ms step_avg:73.08ms
step:107/4740 train_time:7808ms step_avg:72.97ms
step:108/4740 train_time:7893ms step_avg:73.09ms
step:109/4740 train_time:7953ms step_avg:72.96ms
step:110/4740 train_time:8039ms step_avg:73.08ms
step:111/4740 train_time:8098ms step_avg:72.96ms
step:112/4740 train_time:8185ms step_avg:73.08ms
step:113/4740 train_time:8244ms step_avg:72.96ms
step:114/4740 train_time:8331ms step_avg:73.08ms
step:115/4740 train_time:8390ms step_avg:72.96ms
step:116/4740 train_time:8476ms step_avg:73.07ms
step:117/4740 train_time:8536ms step_avg:72.96ms
step:118/4740 train_time:8622ms step_avg:73.07ms
step:119/4740 train_time:8683ms step_avg:72.97ms
step:120/4740 train_time:8769ms step_avg:73.08ms
step:121/4740 train_time:8829ms step_avg:72.97ms
step:122/4740 train_time:8916ms step_avg:73.08ms
step:123/4740 train_time:8975ms step_avg:72.97ms
step:124/4740 train_time:9061ms step_avg:73.07ms
step:125/4740 train_time:9122ms step_avg:72.97ms
step:126/4740 train_time:9207ms step_avg:73.07ms
step:127/4740 train_time:9268ms step_avg:72.97ms
step:128/4740 train_time:9353ms step_avg:73.07ms
step:129/4740 train_time:9412ms step_avg:72.96ms
step:130/4740 train_time:9500ms step_avg:73.07ms
step:131/4740 train_time:9559ms step_avg:72.97ms
step:132/4740 train_time:9646ms step_avg:73.07ms
step:133/4740 train_time:9706ms step_avg:72.98ms
step:134/4740 train_time:9792ms step_avg:73.08ms
step:135/4740 train_time:9852ms step_avg:72.97ms
step:136/4740 train_time:9938ms step_avg:73.08ms
step:137/4740 train_time:9999ms step_avg:72.98ms
step:138/4740 train_time:10085ms step_avg:73.08ms
step:139/4740 train_time:10144ms step_avg:72.98ms
step:140/4740 train_time:10231ms step_avg:73.08ms
step:141/4740 train_time:10290ms step_avg:72.98ms
step:142/4740 train_time:10377ms step_avg:73.08ms
step:143/4740 train_time:10436ms step_avg:72.98ms
step:144/4740 train_time:10522ms step_avg:73.07ms
step:145/4740 train_time:10582ms step_avg:72.98ms
step:146/4740 train_time:10668ms step_avg:73.07ms
step:147/4740 train_time:10727ms step_avg:72.98ms
step:148/4740 train_time:10813ms step_avg:73.06ms
step:149/4740 train_time:10873ms step_avg:72.97ms
step:150/4740 train_time:10960ms step_avg:73.07ms
step:151/4740 train_time:11020ms step_avg:72.98ms
step:152/4740 train_time:11106ms step_avg:73.06ms
step:153/4740 train_time:11167ms step_avg:72.99ms
step:154/4740 train_time:11254ms step_avg:73.08ms
step:155/4740 train_time:11313ms step_avg:72.99ms
step:156/4740 train_time:11399ms step_avg:73.07ms
step:157/4740 train_time:11458ms step_avg:72.98ms
step:158/4740 train_time:11544ms step_avg:73.07ms
step:159/4740 train_time:11605ms step_avg:72.98ms
step:160/4740 train_time:11691ms step_avg:73.07ms
step:161/4740 train_time:11751ms step_avg:72.99ms
step:162/4740 train_time:11837ms step_avg:73.07ms
step:163/4740 train_time:11896ms step_avg:72.98ms
step:164/4740 train_time:11982ms step_avg:73.06ms
step:165/4740 train_time:12042ms step_avg:72.98ms
step:166/4740 train_time:12128ms step_avg:73.06ms
step:167/4740 train_time:12188ms step_avg:72.98ms
step:168/4740 train_time:12275ms step_avg:73.06ms
step:169/4740 train_time:12334ms step_avg:72.98ms
step:170/4740 train_time:12420ms step_avg:73.06ms
step:171/4740 train_time:12480ms step_avg:72.98ms
step:172/4740 train_time:12567ms step_avg:73.06ms
step:173/4740 train_time:12627ms step_avg:72.99ms
step:174/4740 train_time:12713ms step_avg:73.07ms
step:175/4740 train_time:12774ms step_avg:73.00ms
step:176/4740 train_time:12861ms step_avg:73.07ms
step:177/4740 train_time:12922ms step_avg:73.01ms
step:178/4740 train_time:13008ms step_avg:73.08ms
step:179/4740 train_time:13068ms step_avg:73.01ms
step:180/4740 train_time:13154ms step_avg:73.08ms
step:181/4740 train_time:13213ms step_avg:73.00ms
step:182/4740 train_time:13300ms step_avg:73.08ms
step:183/4740 train_time:13360ms step_avg:73.00ms
step:184/4740 train_time:13446ms step_avg:73.08ms
step:185/4740 train_time:13505ms step_avg:73.00ms
step:186/4740 train_time:13591ms step_avg:73.07ms
step:187/4740 train_time:13650ms step_avg:73.00ms
step:188/4740 train_time:13736ms step_avg:73.06ms
step:189/4740 train_time:13795ms step_avg:72.99ms
step:190/4740 train_time:13883ms step_avg:73.07ms
step:191/4740 train_time:13943ms step_avg:73.00ms
step:192/4740 train_time:14029ms step_avg:73.07ms
step:193/4740 train_time:14090ms step_avg:73.00ms
step:194/4740 train_time:14176ms step_avg:73.07ms
step:195/4740 train_time:14235ms step_avg:73.00ms
step:196/4740 train_time:14320ms step_avg:73.06ms
step:197/4740 train_time:14380ms step_avg:73.00ms
step:198/4740 train_time:14466ms step_avg:73.06ms
step:199/4740 train_time:14526ms step_avg:73.00ms
step:200/4740 train_time:14612ms step_avg:73.06ms
step:201/4740 train_time:14672ms step_avg:72.99ms
step:202/4740 train_time:14758ms step_avg:73.06ms
step:203/4740 train_time:14818ms step_avg:72.99ms
step:204/4740 train_time:14904ms step_avg:73.06ms
step:205/4740 train_time:14963ms step_avg:72.99ms
step:206/4740 train_time:15049ms step_avg:73.05ms
step:207/4740 train_time:15109ms step_avg:72.99ms
step:208/4740 train_time:15195ms step_avg:73.05ms
step:209/4740 train_time:15255ms step_avg:72.99ms
step:210/4740 train_time:15341ms step_avg:73.05ms
step:211/4740 train_time:15400ms step_avg:72.99ms
step:212/4740 train_time:15486ms step_avg:73.05ms
step:213/4740 train_time:15546ms step_avg:72.99ms
step:214/4740 train_time:15633ms step_avg:73.05ms
step:215/4740 train_time:15694ms step_avg:72.99ms
step:216/4740 train_time:15780ms step_avg:73.06ms
step:217/4740 train_time:15840ms step_avg:72.99ms
step:218/4740 train_time:15925ms step_avg:73.05ms
step:219/4740 train_time:15985ms step_avg:72.99ms
step:220/4740 train_time:16072ms step_avg:73.05ms
step:221/4740 train_time:16131ms step_avg:72.99ms
step:222/4740 train_time:16217ms step_avg:73.05ms
step:223/4740 train_time:16276ms step_avg:72.99ms
step:224/4740 train_time:16363ms step_avg:73.05ms
step:225/4740 train_time:16423ms step_avg:72.99ms
step:226/4740 train_time:16509ms step_avg:73.05ms
step:227/4740 train_time:16568ms step_avg:72.99ms
step:228/4740 train_time:16655ms step_avg:73.05ms
step:229/4740 train_time:16714ms step_avg:72.99ms
step:230/4740 train_time:16800ms step_avg:73.04ms
step:231/4740 train_time:16860ms step_avg:72.99ms
step:232/4740 train_time:16946ms step_avg:73.04ms
step:233/4740 train_time:17006ms step_avg:72.99ms
step:234/4740 train_time:17092ms step_avg:73.04ms
step:235/4740 train_time:17151ms step_avg:72.98ms
step:236/4740 train_time:17238ms step_avg:73.04ms
step:237/4740 train_time:17297ms step_avg:72.98ms
step:238/4740 train_time:17384ms step_avg:73.04ms
step:239/4740 train_time:17444ms step_avg:72.99ms
step:240/4740 train_time:17529ms step_avg:73.04ms
step:241/4740 train_time:17589ms step_avg:72.98ms
step:242/4740 train_time:17675ms step_avg:73.04ms
step:243/4740 train_time:17734ms step_avg:72.98ms
step:244/4740 train_time:17820ms step_avg:73.03ms
step:245/4740 train_time:17880ms step_avg:72.98ms
step:246/4740 train_time:17966ms step_avg:73.03ms
step:247/4740 train_time:18026ms step_avg:72.98ms
step:248/4740 train_time:18112ms step_avg:73.03ms
step:249/4740 train_time:18171ms step_avg:72.98ms
step:250/4740 train_time:18258ms step_avg:73.03ms
step:250/4740 val_loss:4.5645 train_time:18304ms step_avg:73.21ms
step:251/4740 train_time:18333ms step_avg:73.04ms
step:252/4740 train_time:18406ms step_avg:73.04ms
step:253/4740 train_time:18466ms step_avg:72.99ms
step:254/4740 train_time:18552ms step_avg:73.04ms
step:255/4740 train_time:18615ms step_avg:73.00ms
step:256/4740 train_time:18701ms step_avg:73.05ms
step:257/4740 train_time:18761ms step_avg:73.00ms
step:258/4740 train_time:18847ms step_avg:73.05ms
step:259/4740 train_time:18906ms step_avg:73.00ms
step:260/4740 train_time:18992ms step_avg:73.04ms
step:261/4740 train_time:19051ms step_avg:72.99ms
step:262/4740 train_time:19136ms step_avg:73.04ms
step:263/4740 train_time:19195ms step_avg:72.99ms
step:264/4740 train_time:19282ms step_avg:73.04ms
step:265/4740 train_time:19343ms step_avg:72.99ms
step:266/4740 train_time:19429ms step_avg:73.04ms
step:267/4740 train_time:19489ms step_avg:72.99ms
step:268/4740 train_time:19576ms step_avg:73.04ms
step:269/4740 train_time:19636ms step_avg:72.99ms
step:270/4740 train_time:19722ms step_avg:73.04ms
step:271/4740 train_time:19781ms step_avg:72.99ms
step:272/4740 train_time:19867ms step_avg:73.04ms
step:273/4740 train_time:19927ms step_avg:72.99ms
step:274/4740 train_time:20013ms step_avg:73.04ms
step:275/4740 train_time:20071ms step_avg:72.99ms
step:276/4740 train_time:20158ms step_avg:73.03ms
step:277/4740 train_time:20217ms step_avg:72.98ms
step:278/4740 train_time:20304ms step_avg:73.03ms
step:279/4740 train_time:20362ms step_avg:72.98ms
step:280/4740 train_time:20449ms step_avg:73.03ms
step:281/4740 train_time:20509ms step_avg:72.99ms
step:282/4740 train_time:20595ms step_avg:73.03ms
step:283/4740 train_time:20655ms step_avg:72.99ms
step:284/4740 train_time:20741ms step_avg:73.03ms
step:285/4740 train_time:20800ms step_avg:72.98ms
step:286/4740 train_time:20886ms step_avg:73.03ms
step:287/4740 train_time:20946ms step_avg:72.98ms
step:288/4740 train_time:21033ms step_avg:73.03ms
step:289/4740 train_time:21093ms step_avg:72.99ms
step:290/4740 train_time:21179ms step_avg:73.03ms
step:291/4740 train_time:21238ms step_avg:72.98ms
step:292/4740 train_time:21324ms step_avg:73.03ms
step:293/4740 train_time:21383ms step_avg:72.98ms
step:294/4740 train_time:21469ms step_avg:73.02ms
step:295/4740 train_time:21528ms step_avg:72.98ms
step:296/4740 train_time:21614ms step_avg:73.02ms
step:297/4740 train_time:21674ms step_avg:72.98ms
step:298/4740 train_time:21760ms step_avg:73.02ms
step:299/4740 train_time:21819ms step_avg:72.97ms
step:300/4740 train_time:21904ms step_avg:73.01ms
step:301/4740 train_time:21964ms step_avg:72.97ms
step:302/4740 train_time:22050ms step_avg:73.01ms
step:303/4740 train_time:22109ms step_avg:72.97ms
step:304/4740 train_time:22194ms step_avg:73.01ms
step:305/4740 train_time:22254ms step_avg:72.96ms
step:306/4740 train_time:22340ms step_avg:73.01ms
step:307/4740 train_time:22399ms step_avg:72.96ms
step:308/4740 train_time:22485ms step_avg:73.00ms
step:309/4740 train_time:22545ms step_avg:72.96ms
step:310/4740 train_time:22630ms step_avg:73.00ms
step:311/4740 train_time:22690ms step_avg:72.96ms
step:312/4740 train_time:22775ms step_avg:73.00ms
step:313/4740 train_time:22834ms step_avg:72.95ms
step:314/4740 train_time:22921ms step_avg:73.00ms
step:315/4740 train_time:22980ms step_avg:72.95ms
step:316/4740 train_time:23067ms step_avg:73.00ms
step:317/4740 train_time:23127ms step_avg:72.95ms
step:318/4740 train_time:23212ms step_avg:72.99ms
step:319/4740 train_time:23272ms step_avg:72.95ms
step:320/4740 train_time:23357ms step_avg:72.99ms
step:321/4740 train_time:23416ms step_avg:72.95ms
step:322/4740 train_time:23503ms step_avg:72.99ms
step:323/4740 train_time:23561ms step_avg:72.95ms
step:324/4740 train_time:23647ms step_avg:72.99ms
step:325/4740 train_time:23707ms step_avg:72.95ms
step:326/4740 train_time:23793ms step_avg:72.98ms
step:327/4740 train_time:23853ms step_avg:72.95ms
step:328/4740 train_time:23939ms step_avg:72.98ms
step:329/4740 train_time:23999ms step_avg:72.95ms
step:330/4740 train_time:24084ms step_avg:72.98ms
step:331/4740 train_time:24144ms step_avg:72.94ms
step:332/4740 train_time:24229ms step_avg:72.98ms
step:333/4740 train_time:24288ms step_avg:72.94ms
step:334/4740 train_time:24374ms step_avg:72.98ms
step:335/4740 train_time:24434ms step_avg:72.94ms
step:336/4740 train_time:24519ms step_avg:72.97ms
step:337/4740 train_time:24579ms step_avg:72.93ms
step:338/4740 train_time:24665ms step_avg:72.97ms
step:339/4740 train_time:24725ms step_avg:72.93ms
step:340/4740 train_time:24810ms step_avg:72.97ms
step:341/4740 train_time:24870ms step_avg:72.93ms
step:342/4740 train_time:24956ms step_avg:72.97ms
step:343/4740 train_time:25016ms step_avg:72.93ms
step:344/4740 train_time:25101ms step_avg:72.97ms
step:345/4740 train_time:25161ms step_avg:72.93ms
step:346/4740 train_time:25247ms step_avg:72.97ms
step:347/4740 train_time:25308ms step_avg:72.93ms
step:348/4740 train_time:25393ms step_avg:72.97ms
step:349/4740 train_time:25452ms step_avg:72.93ms
step:350/4740 train_time:25539ms step_avg:72.97ms
step:351/4740 train_time:25599ms step_avg:72.93ms
step:352/4740 train_time:25685ms step_avg:72.97ms
step:353/4740 train_time:25744ms step_avg:72.93ms
step:354/4740 train_time:25829ms step_avg:72.96ms
step:355/4740 train_time:25889ms step_avg:72.93ms
step:356/4740 train_time:25975ms step_avg:72.96ms
step:357/4740 train_time:26034ms step_avg:72.92ms
step:358/4740 train_time:26120ms step_avg:72.96ms
step:359/4740 train_time:26179ms step_avg:72.92ms
step:360/4740 train_time:26265ms step_avg:72.96ms
step:361/4740 train_time:26324ms step_avg:72.92ms
step:362/4740 train_time:26410ms step_avg:72.96ms
step:363/4740 train_time:26469ms step_avg:72.92ms
step:364/4740 train_time:26555ms step_avg:72.95ms
step:365/4740 train_time:26615ms step_avg:72.92ms
step:366/4740 train_time:26700ms step_avg:72.95ms
step:367/4740 train_time:26760ms step_avg:72.91ms
step:368/4740 train_time:26846ms step_avg:72.95ms
step:369/4740 train_time:26906ms step_avg:72.92ms
step:370/4740 train_time:26992ms step_avg:72.95ms
step:371/4740 train_time:27051ms step_avg:72.91ms
step:372/4740 train_time:27137ms step_avg:72.95ms
step:373/4740 train_time:27196ms step_avg:72.91ms
step:374/4740 train_time:27282ms step_avg:72.95ms
step:375/4740 train_time:27341ms step_avg:72.91ms
step:376/4740 train_time:27426ms step_avg:72.94ms
step:377/4740 train_time:27486ms step_avg:72.91ms
step:378/4740 train_time:27572ms step_avg:72.94ms
step:379/4740 train_time:27632ms step_avg:72.91ms
step:380/4740 train_time:27718ms step_avg:72.94ms
step:381/4740 train_time:27777ms step_avg:72.90ms
step:382/4740 train_time:27863ms step_avg:72.94ms
step:383/4740 train_time:27923ms step_avg:72.91ms
step:384/4740 train_time:28010ms step_avg:72.94ms
step:385/4740 train_time:28069ms step_avg:72.91ms
step:386/4740 train_time:28155ms step_avg:72.94ms
step:387/4740 train_time:28215ms step_avg:72.91ms
step:388/4740 train_time:28300ms step_avg:72.94ms
step:389/4740 train_time:28359ms step_avg:72.90ms
step:390/4740 train_time:28445ms step_avg:72.94ms
step:391/4740 train_time:28505ms step_avg:72.90ms
step:392/4740 train_time:28591ms step_avg:72.94ms
step:393/4740 train_time:28665ms step_avg:72.94ms
step:394/4740 train_time:28823ms step_avg:73.15ms
step:395/4740 train_time:28925ms step_avg:73.23ms
step:396/4740 train_time:29086ms step_avg:73.45ms
step:397/4740 train_time:29187ms step_avg:73.52ms
step:398/4740 train_time:29347ms step_avg:73.74ms
step:399/4740 train_time:29447ms step_avg:73.80ms
step:400/4740 train_time:29606ms step_avg:74.02ms
step:401/4740 train_time:29706ms step_avg:74.08ms
step:402/4740 train_time:29864ms step_avg:74.29ms
step:403/4740 train_time:29966ms step_avg:74.36ms
step:404/4740 train_time:30125ms step_avg:74.57ms
step:405/4740 train_time:30226ms step_avg:74.63ms
step:406/4740 train_time:30384ms step_avg:74.84ms
step:407/4740 train_time:30485ms step_avg:74.90ms
step:408/4740 train_time:30643ms step_avg:75.11ms
step:409/4740 train_time:30747ms step_avg:75.18ms
step:410/4740 train_time:30905ms step_avg:75.38ms
step:411/4740 train_time:31008ms step_avg:75.45ms
step:412/4740 train_time:31169ms step_avg:75.65ms
step:413/4740 train_time:31269ms step_avg:75.71ms
step:414/4740 train_time:31428ms step_avg:75.91ms
step:415/4740 train_time:31528ms step_avg:75.97ms
step:416/4740 train_time:31688ms step_avg:76.17ms
step:417/4740 train_time:31788ms step_avg:76.23ms
step:418/4740 train_time:31949ms step_avg:76.43ms
step:419/4740 train_time:32050ms step_avg:76.49ms
step:420/4740 train_time:32210ms step_avg:76.69ms
step:421/4740 train_time:32310ms step_avg:76.75ms
step:422/4740 train_time:32470ms step_avg:76.94ms
step:423/4740 train_time:32570ms step_avg:77.00ms
step:424/4740 train_time:32730ms step_avg:77.19ms
step:425/4740 train_time:32830ms step_avg:77.25ms
step:426/4740 train_time:32990ms step_avg:77.44ms
step:427/4740 train_time:33092ms step_avg:77.50ms
step:428/4740 train_time:33252ms step_avg:77.69ms
step:429/4740 train_time:33353ms step_avg:77.75ms
step:430/4740 train_time:33512ms step_avg:77.93ms
step:431/4740 train_time:33613ms step_avg:77.99ms
step:432/4740 train_time:33772ms step_avg:78.18ms
step:433/4740 train_time:33873ms step_avg:78.23ms
step:434/4740 train_time:34033ms step_avg:78.42ms
step:435/4740 train_time:34133ms step_avg:78.47ms
step:436/4740 train_time:34294ms step_avg:78.66ms
step:437/4740 train_time:34396ms step_avg:78.71ms
step:438/4740 train_time:34556ms step_avg:78.90ms
step:439/4740 train_time:34657ms step_avg:78.94ms
step:440/4740 train_time:34815ms step_avg:79.13ms
step:441/4740 train_time:34918ms step_avg:79.18ms
step:442/4740 train_time:35076ms step_avg:79.36ms
step:443/4740 train_time:35180ms step_avg:79.41ms
step:444/4740 train_time:35338ms step_avg:79.59ms
step:445/4740 train_time:35442ms step_avg:79.64ms
step:446/4740 train_time:35601ms step_avg:79.82ms
step:447/4740 train_time:35704ms step_avg:79.87ms
step:448/4740 train_time:35863ms step_avg:80.05ms
step:449/4740 train_time:35965ms step_avg:80.10ms
step:450/4740 train_time:36125ms step_avg:80.28ms
step:451/4740 train_time:36226ms step_avg:80.32ms
step:452/4740 train_time:36385ms step_avg:80.50ms
step:453/4740 train_time:36487ms step_avg:80.55ms
step:454/4740 train_time:36647ms step_avg:80.72ms
step:455/4740 train_time:36748ms step_avg:80.77ms
step:456/4740 train_time:36906ms step_avg:80.94ms
step:457/4740 train_time:37008ms step_avg:80.98ms
step:458/4740 train_time:37167ms step_avg:81.15ms
step:459/4740 train_time:37269ms step_avg:81.20ms
step:460/4740 train_time:37428ms step_avg:81.36ms
step:461/4740 train_time:37530ms step_avg:81.41ms
step:462/4740 train_time:37689ms step_avg:81.58ms
step:463/4740 train_time:37789ms step_avg:81.62ms
step:464/4740 train_time:37949ms step_avg:81.79ms
step:465/4740 train_time:38049ms step_avg:81.83ms
step:466/4740 train_time:38210ms step_avg:82.00ms
step:467/4740 train_time:38310ms step_avg:82.03ms
step:468/4740 train_time:38471ms step_avg:82.20ms
step:469/4740 train_time:38571ms step_avg:82.24ms
step:470/4740 train_time:38731ms step_avg:82.41ms
step:471/4740 train_time:38831ms step_avg:82.44ms
step:472/4740 train_time:38991ms step_avg:82.61ms
step:473/4740 train_time:39092ms step_avg:82.65ms
step:474/4740 train_time:39252ms step_avg:82.81ms
step:475/4740 train_time:39352ms step_avg:82.85ms
step:476/4740 train_time:39511ms step_avg:83.01ms
step:477/4740 train_time:39613ms step_avg:83.05ms
step:478/4740 train_time:39771ms step_avg:83.20ms
step:479/4740 train_time:39872ms step_avg:83.24ms
step:480/4740 train_time:40033ms step_avg:83.40ms
step:481/4740 train_time:40133ms step_avg:83.44ms
step:482/4740 train_time:40292ms step_avg:83.59ms
step:483/4740 train_time:40394ms step_avg:83.63ms
step:484/4740 train_time:40553ms step_avg:83.79ms
step:485/4740 train_time:40655ms step_avg:83.83ms
step:486/4740 train_time:40815ms step_avg:83.98ms
step:487/4740 train_time:40916ms step_avg:84.02ms
step:488/4740 train_time:41075ms step_avg:84.17ms
step:489/4740 train_time:41176ms step_avg:84.20ms
step:490/4740 train_time:41337ms step_avg:84.36ms
step:491/4740 train_time:41438ms step_avg:84.39ms
step:492/4740 train_time:41599ms step_avg:84.55ms
step:493/4740 train_time:41700ms step_avg:84.58ms
step:494/4740 train_time:41858ms step_avg:84.73ms
step:495/4740 train_time:41960ms step_avg:84.77ms
step:496/4740 train_time:42117ms step_avg:84.91ms
step:497/4740 train_time:42220ms step_avg:84.95ms
step:498/4740 train_time:42379ms step_avg:85.10ms
step:499/4740 train_time:42481ms step_avg:85.13ms
step:500/4740 train_time:42642ms step_avg:85.28ms
step:500/4740 val_loss:4.0439 train_time:42715ms step_avg:85.43ms
step:501/4740 train_time:42745ms step_avg:85.32ms
step:502/4740 train_time:42901ms step_avg:85.46ms
step:503/4740 train_time:43005ms step_avg:85.50ms
step:504/4740 train_time:43167ms step_avg:85.65ms
step:505/4740 train_time:43268ms step_avg:85.68ms
step:506/4740 train_time:43425ms step_avg:85.82ms
step:507/4740 train_time:43525ms step_avg:85.85ms
step:508/4740 train_time:43687ms step_avg:86.00ms
step:509/4740 train_time:43790ms step_avg:86.03ms
step:510/4740 train_time:43949ms step_avg:86.17ms
step:511/4740 train_time:44054ms step_avg:86.21ms
step:512/4740 train_time:44213ms step_avg:86.35ms
step:513/4740 train_time:44315ms step_avg:86.38ms
step:514/4740 train_time:44474ms step_avg:86.53ms
step:515/4740 train_time:44574ms step_avg:86.55ms
step:516/4740 train_time:44734ms step_avg:86.69ms
step:517/4740 train_time:44836ms step_avg:86.72ms
step:518/4740 train_time:44995ms step_avg:86.86ms
step:519/4740 train_time:45098ms step_avg:86.89ms
step:520/4740 train_time:45258ms step_avg:87.04ms
step:521/4740 train_time:45358ms step_avg:87.06ms
step:522/4740 train_time:45517ms step_avg:87.20ms
step:523/4740 train_time:45617ms step_avg:87.22ms
step:524/4740 train_time:45776ms step_avg:87.36ms
step:525/4740 train_time:45880ms step_avg:87.39ms
step:526/4740 train_time:46040ms step_avg:87.53ms
step:527/4740 train_time:46140ms step_avg:87.55ms
step:528/4740 train_time:46300ms step_avg:87.69ms
step:529/4740 train_time:46401ms step_avg:87.71ms
step:530/4740 train_time:46560ms step_avg:87.85ms
step:531/4740 train_time:46661ms step_avg:87.87ms
step:532/4740 train_time:46821ms step_avg:88.01ms
step:533/4740 train_time:46922ms step_avg:88.03ms
step:534/4740 train_time:47081ms step_avg:88.17ms
step:535/4740 train_time:47183ms step_avg:88.19ms
step:536/4740 train_time:47341ms step_avg:88.32ms
step:537/4740 train_time:47443ms step_avg:88.35ms
step:538/4740 train_time:47601ms step_avg:88.48ms
step:539/4740 train_time:47703ms step_avg:88.50ms
step:540/4740 train_time:47863ms step_avg:88.64ms
step:541/4740 train_time:47964ms step_avg:88.66ms
step:542/4740 train_time:48123ms step_avg:88.79ms
step:543/4740 train_time:48225ms step_avg:88.81ms
step:544/4740 train_time:48384ms step_avg:88.94ms
step:545/4740 train_time:48485ms step_avg:88.96ms
step:546/4740 train_time:48645ms step_avg:89.09ms
step:547/4740 train_time:48747ms step_avg:89.12ms
step:548/4740 train_time:48906ms step_avg:89.24ms
step:549/4740 train_time:49009ms step_avg:89.27ms
step:550/4740 train_time:49168ms step_avg:89.40ms
step:551/4740 train_time:49270ms step_avg:89.42ms
step:552/4740 train_time:49427ms step_avg:89.54ms
step:553/4740 train_time:49529ms step_avg:89.56ms
step:554/4740 train_time:49687ms step_avg:89.69ms
step:555/4740 train_time:49790ms step_avg:89.71ms
step:556/4740 train_time:49949ms step_avg:89.84ms
step:557/4740 train_time:50052ms step_avg:89.86ms
step:558/4740 train_time:50210ms step_avg:89.98ms
step:559/4740 train_time:50312ms step_avg:90.00ms
step:560/4740 train_time:50471ms step_avg:90.13ms
step:561/4740 train_time:50572ms step_avg:90.15ms
step:562/4740 train_time:50730ms step_avg:90.27ms
step:563/4740 train_time:50835ms step_avg:90.29ms
step:564/4740 train_time:50994ms step_avg:90.41ms
step:565/4740 train_time:51095ms step_avg:90.43ms
step:566/4740 train_time:51254ms step_avg:90.55ms
step:567/4740 train_time:51356ms step_avg:90.58ms
step:568/4740 train_time:51514ms step_avg:90.69ms
step:569/4740 train_time:51615ms step_avg:90.71ms
step:570/4740 train_time:51774ms step_avg:90.83ms
step:571/4740 train_time:51876ms step_avg:90.85ms
step:572/4740 train_time:52035ms step_avg:90.97ms
step:573/4740 train_time:52136ms step_avg:90.99ms
step:574/4740 train_time:52295ms step_avg:91.11ms
step:575/4740 train_time:52397ms step_avg:91.13ms
step:576/4740 train_time:52557ms step_avg:91.24ms
step:577/4740 train_time:52657ms step_avg:91.26ms
step:578/4740 train_time:52817ms step_avg:91.38ms
step:579/4740 train_time:52917ms step_avg:91.39ms
step:580/4740 train_time:53077ms step_avg:91.51ms
step:581/4740 train_time:53177ms step_avg:91.53ms
step:582/4740 train_time:53337ms step_avg:91.64ms
step:583/4740 train_time:53438ms step_avg:91.66ms
step:584/4740 train_time:53597ms step_avg:91.78ms
step:585/4740 train_time:53697ms step_avg:91.79ms
step:586/4740 train_time:53857ms step_avg:91.91ms
step:587/4740 train_time:53958ms step_avg:91.92ms
step:588/4740 train_time:54117ms step_avg:92.04ms
step:589/4740 train_time:54217ms step_avg:92.05ms
step:590/4740 train_time:54376ms step_avg:92.16ms
step:591/4740 train_time:54478ms step_avg:92.18ms
step:592/4740 train_time:54637ms step_avg:92.29ms
step:593/4740 train_time:54738ms step_avg:92.31ms
step:594/4740 train_time:54898ms step_avg:92.42ms
step:595/4740 train_time:54998ms step_avg:92.43ms
step:596/4740 train_time:55159ms step_avg:92.55ms
step:597/4740 train_time:55258ms step_avg:92.56ms
step:598/4740 train_time:55418ms step_avg:92.67ms
step:599/4740 train_time:55517ms step_avg:92.68ms
step:600/4740 train_time:55677ms step_avg:92.79ms
step:601/4740 train_time:55777ms step_avg:92.81ms
step:602/4740 train_time:55937ms step_avg:92.92ms
step:603/4740 train_time:56039ms step_avg:92.93ms
step:604/4740 train_time:56198ms step_avg:93.04ms
step:605/4740 train_time:56298ms step_avg:93.06ms
step:606/4740 train_time:56459ms step_avg:93.17ms
step:607/4740 train_time:56558ms step_avg:93.18ms
step:608/4740 train_time:56717ms step_avg:93.29ms
step:609/4740 train_time:56819ms step_avg:93.30ms
step:610/4740 train_time:56978ms step_avg:93.41ms
step:611/4740 train_time:57078ms step_avg:93.42ms
step:612/4740 train_time:57239ms step_avg:93.53ms
step:613/4740 train_time:57339ms step_avg:93.54ms
step:614/4740 train_time:57498ms step_avg:93.64ms
step:615/4740 train_time:57598ms step_avg:93.66ms
step:616/4740 train_time:57759ms step_avg:93.77ms
step:617/4740 train_time:57859ms step_avg:93.77ms
step:618/4740 train_time:58019ms step_avg:93.88ms
step:619/4740 train_time:58118ms step_avg:93.89ms
step:620/4740 train_time:58279ms step_avg:94.00ms
step:621/4740 train_time:58379ms step_avg:94.01ms
step:622/4740 train_time:58539ms step_avg:94.11ms
step:623/4740 train_time:58638ms step_avg:94.12ms
step:624/4740 train_time:58799ms step_avg:94.23ms
step:625/4740 train_time:58899ms step_avg:94.24ms
step:626/4740 train_time:59060ms step_avg:94.35ms
step:627/4740 train_time:59160ms step_avg:94.35ms
step:628/4740 train_time:59320ms step_avg:94.46ms
step:629/4740 train_time:59421ms step_avg:94.47ms
step:630/4740 train_time:59580ms step_avg:94.57ms
step:631/4740 train_time:59680ms step_avg:94.58ms
step:632/4740 train_time:59840ms step_avg:94.68ms
step:633/4740 train_time:59941ms step_avg:94.69ms
step:634/4740 train_time:60101ms step_avg:94.80ms
step:635/4740 train_time:60201ms step_avg:94.80ms
step:636/4740 train_time:60361ms step_avg:94.91ms
step:637/4740 train_time:60462ms step_avg:94.92ms
step:638/4740 train_time:60622ms step_avg:95.02ms
step:639/4740 train_time:60723ms step_avg:95.03ms
step:640/4740 train_time:60883ms step_avg:95.13ms
step:641/4740 train_time:60984ms step_avg:95.14ms
step:642/4740 train_time:61143ms step_avg:95.24ms
step:643/4740 train_time:61247ms step_avg:95.25ms
step:644/4740 train_time:61405ms step_avg:95.35ms
step:645/4740 train_time:61507ms step_avg:95.36ms
step:646/4740 train_time:61666ms step_avg:95.46ms
step:647/4740 train_time:61768ms step_avg:95.47ms
step:648/4740 train_time:61926ms step_avg:95.56ms
step:649/4740 train_time:62028ms step_avg:95.57ms
step:650/4740 train_time:62187ms step_avg:95.67ms
step:651/4740 train_time:62290ms step_avg:95.68ms
step:652/4740 train_time:62449ms step_avg:95.78ms
step:653/4740 train_time:62551ms step_avg:95.79ms
step:654/4740 train_time:62710ms step_avg:95.89ms
step:655/4740 train_time:62813ms step_avg:95.90ms
step:656/4740 train_time:62972ms step_avg:95.99ms
step:657/4740 train_time:63074ms step_avg:96.00ms
step:658/4740 train_time:63233ms step_avg:96.10ms
step:659/4740 train_time:63334ms step_avg:96.11ms
step:660/4740 train_time:63493ms step_avg:96.20ms
step:661/4740 train_time:63593ms step_avg:96.21ms
step:662/4740 train_time:63753ms step_avg:96.30ms
step:663/4740 train_time:63856ms step_avg:96.31ms
step:664/4740 train_time:64016ms step_avg:96.41ms
step:665/4740 train_time:64117ms step_avg:96.42ms
step:666/4740 train_time:64277ms step_avg:96.51ms
step:667/4740 train_time:64377ms step_avg:96.52ms
step:668/4740 train_time:64537ms step_avg:96.61ms
step:669/4740 train_time:64636ms step_avg:96.62ms
step:670/4740 train_time:64795ms step_avg:96.71ms
step:671/4740 train_time:64896ms step_avg:96.72ms
step:672/4740 train_time:65056ms step_avg:96.81ms
step:673/4740 train_time:65156ms step_avg:96.81ms
step:674/4740 train_time:65315ms step_avg:96.91ms
step:675/4740 train_time:65418ms step_avg:96.92ms
step:676/4740 train_time:65577ms step_avg:97.01ms
step:677/4740 train_time:65678ms step_avg:97.01ms
step:678/4740 train_time:65838ms step_avg:97.11ms
step:679/4740 train_time:65939ms step_avg:97.11ms
step:680/4740 train_time:66099ms step_avg:97.20ms
step:681/4740 train_time:66198ms step_avg:97.21ms
step:682/4740 train_time:66359ms step_avg:97.30ms
step:683/4740 train_time:66459ms step_avg:97.30ms
step:684/4740 train_time:66618ms step_avg:97.40ms
step:685/4740 train_time:66719ms step_avg:97.40ms
step:686/4740 train_time:66880ms step_avg:97.49ms
step:687/4740 train_time:66980ms step_avg:97.50ms
step:688/4740 train_time:67140ms step_avg:97.59ms
step:689/4740 train_time:67243ms step_avg:97.59ms
step:690/4740 train_time:67401ms step_avg:97.68ms
step:691/4740 train_time:67501ms step_avg:97.69ms
step:692/4740 train_time:67663ms step_avg:97.78ms
step:693/4740 train_time:67763ms step_avg:97.78ms
step:694/4740 train_time:67922ms step_avg:97.87ms
step:695/4740 train_time:68025ms step_avg:97.88ms
step:696/4740 train_time:68183ms step_avg:97.96ms
step:697/4740 train_time:68286ms step_avg:97.97ms
step:698/4740 train_time:68443ms step_avg:98.06ms
step:699/4740 train_time:68546ms step_avg:98.06ms
step:700/4740 train_time:68704ms step_avg:98.15ms
step:701/4740 train_time:68807ms step_avg:98.15ms
step:702/4740 train_time:68965ms step_avg:98.24ms
step:703/4740 train_time:69066ms step_avg:98.25ms
step:704/4740 train_time:69225ms step_avg:98.33ms
step:705/4740 train_time:69327ms step_avg:98.34ms
step:706/4740 train_time:69485ms step_avg:98.42ms
step:707/4740 train_time:69587ms step_avg:98.43ms
step:708/4740 train_time:69745ms step_avg:98.51ms
step:709/4740 train_time:69849ms step_avg:98.52ms
step:710/4740 train_time:70008ms step_avg:98.60ms
step:711/4740 train_time:70110ms step_avg:98.61ms
step:712/4740 train_time:70270ms step_avg:98.69ms
step:713/4740 train_time:70372ms step_avg:98.70ms
step:714/4740 train_time:70530ms step_avg:98.78ms
step:715/4740 train_time:70633ms step_avg:98.79ms
step:716/4740 train_time:70793ms step_avg:98.87ms
step:717/4740 train_time:70895ms step_avg:98.88ms
step:718/4740 train_time:71054ms step_avg:98.96ms
step:719/4740 train_time:71156ms step_avg:98.97ms
step:720/4740 train_time:71314ms step_avg:99.05ms
step:721/4740 train_time:71414ms step_avg:99.05ms
step:722/4740 train_time:71574ms step_avg:99.13ms
step:723/4740 train_time:71675ms step_avg:99.14ms
step:724/4740 train_time:71834ms step_avg:99.22ms
step:725/4740 train_time:71936ms step_avg:99.22ms
step:726/4740 train_time:72097ms step_avg:99.31ms
step:727/4740 train_time:72197ms step_avg:99.31ms
step:728/4740 train_time:72357ms step_avg:99.39ms
step:729/4740 train_time:72457ms step_avg:99.39ms
step:730/4740 train_time:72618ms step_avg:99.48ms
step:731/4740 train_time:72717ms step_avg:99.48ms
step:732/4740 train_time:72878ms step_avg:99.56ms
step:733/4740 train_time:72979ms step_avg:99.56ms
step:734/4740 train_time:73139ms step_avg:99.64ms
step:735/4740 train_time:73238ms step_avg:99.64ms
step:736/4740 train_time:73399ms step_avg:99.73ms
step:737/4740 train_time:73498ms step_avg:99.73ms
step:738/4740 train_time:73659ms step_avg:99.81ms
step:739/4740 train_time:73758ms step_avg:99.81ms
step:740/4740 train_time:73919ms step_avg:99.89ms
step:741/4740 train_time:74018ms step_avg:99.89ms
step:742/4740 train_time:74179ms step_avg:99.97ms
step:743/4740 train_time:74279ms step_avg:99.97ms
step:744/4740 train_time:74439ms step_avg:100.05ms
step:745/4740 train_time:74539ms step_avg:100.05ms
step:746/4740 train_time:74699ms step_avg:100.13ms
step:747/4740 train_time:74799ms step_avg:100.13ms
step:748/4740 train_time:74960ms step_avg:100.21ms
step:749/4740 train_time:75059ms step_avg:100.21ms
step:750/4740 train_time:75219ms step_avg:100.29ms
step:750/4740 val_loss:3.6286 train_time:75292ms step_avg:100.39ms
step:751/4740 train_time:75323ms step_avg:100.30ms
step:752/4740 train_time:75477ms step_avg:100.37ms
step:753/4740 train_time:75585ms step_avg:100.38ms
step:754/4740 train_time:75748ms step_avg:100.46ms
step:755/4740 train_time:75849ms step_avg:100.46ms
step:756/4740 train_time:76006ms step_avg:100.54ms
step:757/4740 train_time:76106ms step_avg:100.54ms
step:758/4740 train_time:76268ms step_avg:100.62ms
step:759/4740 train_time:76370ms step_avg:100.62ms
step:760/4740 train_time:76529ms step_avg:100.70ms
step:761/4740 train_time:76632ms step_avg:100.70ms
step:762/4740 train_time:76795ms step_avg:100.78ms
step:763/4740 train_time:76895ms step_avg:100.78ms
step:764/4740 train_time:77053ms step_avg:100.85ms
step:765/4740 train_time:77153ms step_avg:100.85ms
step:766/4740 train_time:77312ms step_avg:100.93ms
step:767/4740 train_time:77413ms step_avg:100.93ms
step:768/4740 train_time:77573ms step_avg:101.01ms
step:769/4740 train_time:77676ms step_avg:101.01ms
step:770/4740 train_time:77835ms step_avg:101.08ms
step:771/4740 train_time:77936ms step_avg:101.08ms
step:772/4740 train_time:78094ms step_avg:101.16ms
step:773/4740 train_time:78195ms step_avg:101.16ms
step:774/4740 train_time:78354ms step_avg:101.23ms
step:775/4740 train_time:78458ms step_avg:101.24ms
step:776/4740 train_time:78616ms step_avg:101.31ms
step:777/4740 train_time:78720ms step_avg:101.31ms
step:778/4740 train_time:78879ms step_avg:101.39ms
step:779/4740 train_time:78982ms step_avg:101.39ms
step:780/4740 train_time:79140ms step_avg:101.46ms
step:781/4740 train_time:79242ms step_avg:101.46ms
step:782/4740 train_time:79401ms step_avg:101.54ms
step:783/4740 train_time:79505ms step_avg:101.54ms
step:784/4740 train_time:79663ms step_avg:101.61ms
step:785/4740 train_time:79779ms step_avg:101.63ms
step:786/4740 train_time:80016ms step_avg:101.80ms
step:787/4740 train_time:80162ms step_avg:101.86ms
step:788/4740 train_time:80407ms step_avg:102.04ms
step:789/4740 train_time:80543ms step_avg:102.08ms
step:790/4740 train_time:80786ms step_avg:102.26ms
step:791/4740 train_time:80924ms step_avg:102.31ms
step:792/4740 train_time:81165ms step_avg:102.48ms
step:793/4740 train_time:81304ms step_avg:102.53ms
step:794/4740 train_time:81547ms step_avg:102.70ms
step:795/4740 train_time:81690ms step_avg:102.75ms
step:796/4740 train_time:81931ms step_avg:102.93ms
step:797/4740 train_time:82075ms step_avg:102.98ms
step:798/4740 train_time:82319ms step_avg:103.16ms
step:799/4740 train_time:82458ms step_avg:103.20ms
step:800/4740 train_time:82702ms step_avg:103.38ms
step:801/4740 train_time:82839ms step_avg:103.42ms
step:802/4740 train_time:83082ms step_avg:103.59ms
step:803/4740 train_time:83224ms step_avg:103.64ms
step:804/4740 train_time:83467ms step_avg:103.81ms
step:805/4740 train_time:83607ms step_avg:103.86ms
step:806/4740 train_time:83849ms step_avg:104.03ms
step:807/4740 train_time:83988ms step_avg:104.07ms
step:808/4740 train_time:84231ms step_avg:104.25ms
step:809/4740 train_time:84371ms step_avg:104.29ms
step:810/4740 train_time:84612ms step_avg:104.46ms
step:811/4740 train_time:84752ms step_avg:104.50ms
step:812/4740 train_time:84993ms step_avg:104.67ms
step:813/4740 train_time:85135ms step_avg:104.72ms
step:814/4740 train_time:85376ms step_avg:104.88ms
step:815/4740 train_time:85519ms step_avg:104.93ms
step:816/4740 train_time:85764ms step_avg:105.10ms
step:817/4740 train_time:85902ms step_avg:105.14ms
step:818/4740 train_time:86146ms step_avg:105.31ms
step:819/4740 train_time:86286ms step_avg:105.35ms
step:820/4740 train_time:86528ms step_avg:105.52ms
step:821/4740 train_time:86668ms step_avg:105.56ms
step:822/4740 train_time:86909ms step_avg:105.73ms
step:823/4740 train_time:87051ms step_avg:105.77ms
step:824/4740 train_time:87296ms step_avg:105.94ms
step:825/4740 train_time:87436ms step_avg:105.98ms
step:826/4740 train_time:87680ms step_avg:106.15ms
step:827/4740 train_time:87820ms step_avg:106.19ms
step:828/4740 train_time:88064ms step_avg:106.36ms
step:829/4740 train_time:88202ms step_avg:106.40ms
step:830/4740 train_time:88446ms step_avg:106.56ms
step:831/4740 train_time:88586ms step_avg:106.60ms
step:832/4740 train_time:88827ms step_avg:106.76ms
step:833/4740 train_time:88967ms step_avg:106.80ms
step:834/4740 train_time:89207ms step_avg:106.96ms
step:835/4740 train_time:89347ms step_avg:107.00ms
step:836/4740 train_time:89588ms step_avg:107.16ms
step:837/4740 train_time:89728ms step_avg:107.20ms
step:838/4740 train_time:89971ms step_avg:107.36ms
step:839/4740 train_time:90111ms step_avg:107.40ms
step:840/4740 train_time:90353ms step_avg:107.56ms
step:841/4740 train_time:90493ms step_avg:107.60ms
step:842/4740 train_time:90737ms step_avg:107.76ms
step:843/4740 train_time:90878ms step_avg:107.80ms
step:844/4740 train_time:91122ms step_avg:107.96ms
step:845/4740 train_time:91260ms step_avg:108.00ms
step:846/4740 train_time:91502ms step_avg:108.16ms
step:847/4740 train_time:91642ms step_avg:108.20ms
step:848/4740 train_time:91886ms step_avg:108.36ms
step:849/4740 train_time:92024ms step_avg:108.39ms
step:850/4740 train_time:92267ms step_avg:108.55ms
step:851/4740 train_time:92405ms step_avg:108.58ms
step:852/4740 train_time:92647ms step_avg:108.74ms
step:853/4740 train_time:92789ms step_avg:108.78ms
step:854/4740 train_time:93030ms step_avg:108.93ms
step:855/4740 train_time:93168ms step_avg:108.97ms
step:856/4740 train_time:93408ms step_avg:109.12ms
step:857/4740 train_time:93549ms step_avg:109.16ms
step:858/4740 train_time:93793ms step_avg:109.32ms
step:859/4740 train_time:93933ms step_avg:109.35ms
step:860/4740 train_time:94176ms step_avg:109.51ms
step:861/4740 train_time:94314ms step_avg:109.54ms
step:862/4740 train_time:94558ms step_avg:109.70ms
step:863/4740 train_time:94696ms step_avg:109.73ms
step:864/4740 train_time:94941ms step_avg:109.89ms
step:865/4740 train_time:95079ms step_avg:109.92ms
step:866/4740 train_time:95323ms step_avg:110.07ms
step:867/4740 train_time:95461ms step_avg:110.11ms
step:868/4740 train_time:95704ms step_avg:110.26ms
step:869/4740 train_time:95844ms step_avg:110.29ms
step:870/4740 train_time:96089ms step_avg:110.45ms
step:871/4740 train_time:96226ms step_avg:110.48ms
step:872/4740 train_time:96468ms step_avg:110.63ms
step:873/4740 train_time:96608ms step_avg:110.66ms
step:874/4740 train_time:96852ms step_avg:110.81ms
step:875/4740 train_time:96996ms step_avg:110.85ms
step:876/4740 train_time:97242ms step_avg:111.01ms
step:877/4740 train_time:97382ms step_avg:111.04ms
step:878/4740 train_time:97622ms step_avg:111.19ms
step:879/4740 train_time:97763ms step_avg:111.22ms
step:880/4740 train_time:98006ms step_avg:111.37ms
step:881/4740 train_time:98145ms step_avg:111.40ms
step:882/4740 train_time:98386ms step_avg:111.55ms
step:883/4740 train_time:98527ms step_avg:111.58ms
step:884/4740 train_time:98769ms step_avg:111.73ms
step:885/4740 train_time:98911ms step_avg:111.76ms
step:886/4740 train_time:99153ms step_avg:111.91ms
step:887/4740 train_time:99294ms step_avg:111.94ms
step:888/4740 train_time:99538ms step_avg:112.09ms
step:889/4740 train_time:99676ms step_avg:112.12ms
step:890/4740 train_time:99922ms step_avg:112.27ms
step:891/4740 train_time:100061ms step_avg:112.30ms
step:892/4740 train_time:100302ms step_avg:112.45ms
step:893/4740 train_time:100444ms step_avg:112.48ms
step:894/4740 train_time:100686ms step_avg:112.62ms
step:895/4740 train_time:100826ms step_avg:112.65ms
step:896/4740 train_time:101068ms step_avg:112.80ms
step:897/4740 train_time:101208ms step_avg:112.83ms
step:898/4740 train_time:101451ms step_avg:112.97ms
step:899/4740 train_time:101595ms step_avg:113.01ms
step:900/4740 train_time:101837ms step_avg:113.15ms
step:901/4740 train_time:101979ms step_avg:113.18ms
step:902/4740 train_time:102224ms step_avg:113.33ms
step:903/4740 train_time:102361ms step_avg:113.36ms
step:904/4740 train_time:102604ms step_avg:113.50ms
step:905/4740 train_time:102743ms step_avg:113.53ms
step:906/4740 train_time:102985ms step_avg:113.67ms
step:907/4740 train_time:103126ms step_avg:113.70ms
step:908/4740 train_time:103368ms step_avg:113.84ms
step:909/4740 train_time:103511ms step_avg:113.87ms
step:910/4740 train_time:103753ms step_avg:114.01ms
step:911/4740 train_time:103892ms step_avg:114.04ms
step:912/4740 train_time:104136ms step_avg:114.18ms
step:913/4740 train_time:104277ms step_avg:114.21ms
step:914/4740 train_time:104523ms step_avg:114.36ms
step:915/4740 train_time:104660ms step_avg:114.38ms
step:916/4740 train_time:104903ms step_avg:114.52ms
step:917/4740 train_time:105043ms step_avg:114.55ms
step:918/4740 train_time:105287ms step_avg:114.69ms
step:919/4740 train_time:105427ms step_avg:114.72ms
step:920/4740 train_time:105669ms step_avg:114.86ms
step:921/4740 train_time:105808ms step_avg:114.88ms
step:922/4740 train_time:106051ms step_avg:115.02ms
step:923/4740 train_time:106191ms step_avg:115.05ms
step:924/4740 train_time:106431ms step_avg:115.19ms
step:925/4740 train_time:106575ms step_avg:115.22ms
step:926/4740 train_time:106819ms step_avg:115.36ms
step:927/4740 train_time:106958ms step_avg:115.38ms
step:928/4740 train_time:107199ms step_avg:115.52ms
step:929/4740 train_time:107337ms step_avg:115.54ms
step:930/4740 train_time:107581ms step_avg:115.68ms
step:931/4740 train_time:107721ms step_avg:115.70ms
step:932/4740 train_time:107965ms step_avg:115.84ms
step:933/4740 train_time:108104ms step_avg:115.87ms
step:934/4740 train_time:108347ms step_avg:116.00ms
step:935/4740 train_time:108485ms step_avg:116.03ms
step:936/4740 train_time:108731ms step_avg:116.17ms
step:937/4740 train_time:108868ms step_avg:116.19ms
step:938/4740 train_time:109109ms step_avg:116.32ms
step:939/4740 train_time:109250ms step_avg:116.35ms
step:940/4740 train_time:109493ms step_avg:116.48ms
step:941/4740 train_time:109635ms step_avg:116.51ms
step:942/4740 train_time:109881ms step_avg:116.65ms
step:943/4740 train_time:110020ms step_avg:116.67ms
step:944/4740 train_time:110263ms step_avg:116.80ms
step:945/4740 train_time:110402ms step_avg:116.83ms
step:946/4740 train_time:110647ms step_avg:116.96ms
step:947/4740 train_time:110787ms step_avg:116.99ms
step:948/4740 train_time:111029ms step_avg:117.12ms
step:949/4740 train_time:111171ms step_avg:117.15ms
step:950/4740 train_time:111412ms step_avg:117.28ms
step:951/4740 train_time:111553ms step_avg:117.30ms
step:952/4740 train_time:111796ms step_avg:117.43ms
step:953/4740 train_time:111937ms step_avg:117.46ms
step:954/4740 train_time:112180ms step_avg:117.59ms
step:955/4740 train_time:112320ms step_avg:117.61ms
step:956/4740 train_time:112563ms step_avg:117.74ms
step:957/4740 train_time:112704ms step_avg:117.77ms
step:958/4740 train_time:112946ms step_avg:117.90ms
step:959/4740 train_time:113088ms step_avg:117.92ms
step:960/4740 train_time:113328ms step_avg:118.05ms
step:961/4740 train_time:113467ms step_avg:118.07ms
step:962/4740 train_time:113710ms step_avg:118.20ms
step:963/4740 train_time:113853ms step_avg:118.23ms
step:964/4740 train_time:114097ms step_avg:118.36ms
step:965/4740 train_time:114237ms step_avg:118.38ms
step:966/4740 train_time:114479ms step_avg:118.51ms
step:967/4740 train_time:114620ms step_avg:118.53ms
step:968/4740 train_time:114865ms step_avg:118.66ms
step:969/4740 train_time:115001ms step_avg:118.68ms
step:970/4740 train_time:115243ms step_avg:118.81ms
step:971/4740 train_time:115380ms step_avg:118.83ms
step:972/4740 train_time:115624ms step_avg:118.95ms
step:973/4740 train_time:115764ms step_avg:118.98ms
step:974/4740 train_time:116007ms step_avg:119.10ms
step:975/4740 train_time:116145ms step_avg:119.12ms
step:976/4740 train_time:116389ms step_avg:119.25ms
step:977/4740 train_time:116529ms step_avg:119.27ms
step:978/4740 train_time:116772ms step_avg:119.40ms
step:979/4740 train_time:116916ms step_avg:119.42ms
step:980/4740 train_time:117159ms step_avg:119.55ms
step:981/4740 train_time:117298ms step_avg:119.57ms
step:982/4740 train_time:117543ms step_avg:119.70ms
step:983/4740 train_time:117680ms step_avg:119.72ms
step:984/4740 train_time:117925ms step_avg:119.84ms
step:985/4740 train_time:118064ms step_avg:119.86ms
step:986/4740 train_time:118307ms step_avg:119.99ms
step:987/4740 train_time:118444ms step_avg:120.00ms
step:988/4740 train_time:118687ms step_avg:120.13ms
step:989/4740 train_time:118826ms step_avg:120.15ms
step:990/4740 train_time:119070ms step_avg:120.27ms
step:991/4740 train_time:119208ms step_avg:120.29ms
step:992/4740 train_time:119450ms step_avg:120.41ms
step:993/4740 train_time:119591ms step_avg:120.43ms
step:994/4740 train_time:119832ms step_avg:120.56ms
step:995/4740 train_time:119975ms step_avg:120.58ms
step:996/4740 train_time:120220ms step_avg:120.70ms
step:997/4740 train_time:120360ms step_avg:120.72ms
step:998/4740 train_time:120604ms step_avg:120.85ms
step:999/4740 train_time:120746ms step_avg:120.87ms
step:1000/4740 train_time:120989ms step_avg:120.99ms
step:1000/4740 val_loss:3.4572 train_time:121091ms step_avg:121.09ms
step:1001/4740 train_time:121133ms step_avg:121.01ms
step:1002/4740 train_time:121375ms step_avg:121.13ms
step:1003/4740 train_time:121518ms step_avg:121.15ms
step:1004/4740 train_time:121762ms step_avg:121.28ms
step:1005/4740 train_time:121900ms step_avg:121.29ms
step:1006/4740 train_time:122140ms step_avg:121.41ms
step:1007/4740 train_time:122284ms step_avg:121.43ms
step:1008/4740 train_time:122526ms step_avg:121.55ms
step:1009/4740 train_time:122667ms step_avg:121.57ms
step:1010/4740 train_time:122910ms step_avg:121.69ms
step:1011/4740 train_time:123049ms step_avg:121.71ms
step:1012/4740 train_time:123294ms step_avg:121.83ms
step:1013/4740 train_time:123436ms step_avg:121.85ms
step:1014/4740 train_time:123679ms step_avg:121.97ms
step:1015/4740 train_time:123820ms step_avg:121.99ms
step:1016/4740 train_time:124062ms step_avg:122.11ms
step:1017/4740 train_time:124202ms step_avg:122.13ms
step:1018/4740 train_time:124446ms step_avg:122.25ms
step:1019/4740 train_time:124586ms step_avg:122.26ms
step:1020/4740 train_time:124827ms step_avg:122.38ms
step:1021/4740 train_time:124965ms step_avg:122.39ms
step:1022/4740 train_time:125205ms step_avg:122.51ms
step:1023/4740 train_time:125347ms step_avg:122.53ms
step:1024/4740 train_time:125590ms step_avg:122.65ms
step:1025/4740 train_time:125729ms step_avg:122.66ms
step:1026/4740 train_time:125974ms step_avg:122.78ms
step:1027/4740 train_time:126112ms step_avg:122.80ms
step:1028/4740 train_time:126357ms step_avg:122.91ms
step:1029/4740 train_time:126496ms step_avg:122.93ms
step:1030/4740 train_time:126738ms step_avg:123.05ms
step:1031/4740 train_time:126880ms step_avg:123.06ms
step:1032/4740 train_time:127122ms step_avg:123.18ms
step:1033/4740 train_time:127262ms step_avg:123.20ms
step:1034/4740 train_time:127505ms step_avg:123.31ms
step:1035/4740 train_time:127647ms step_avg:123.33ms
step:1036/4740 train_time:127890ms step_avg:123.45ms
step:1037/4740 train_time:128031ms step_avg:123.46ms
step:1038/4740 train_time:128270ms step_avg:123.57ms
step:1039/4740 train_time:128411ms step_avg:123.59ms
step:1040/4740 train_time:128650ms step_avg:123.70ms
step:1041/4740 train_time:128791ms step_avg:123.72ms
step:1042/4740 train_time:129034ms step_avg:123.83ms
step:1043/4740 train_time:129173ms step_avg:123.85ms
step:1044/4740 train_time:129413ms step_avg:123.96ms
step:1045/4740 train_time:129555ms step_avg:123.98ms
step:1046/4740 train_time:129798ms step_avg:124.09ms
step:1047/4740 train_time:129938ms step_avg:124.11ms
step:1048/4740 train_time:130182ms step_avg:124.22ms
step:1049/4740 train_time:130325ms step_avg:124.24ms
step:1050/4740 train_time:130566ms step_avg:124.35ms
step:1051/4740 train_time:130708ms step_avg:124.37ms
step:1052/4740 train_time:130949ms step_avg:124.48ms
step:1053/4740 train_time:131088ms step_avg:124.49ms
step:1054/4740 train_time:131330ms step_avg:124.60ms
step:1055/4740 train_time:131473ms step_avg:124.62ms
step:1056/4740 train_time:131714ms step_avg:124.73ms
step:1057/4740 train_time:131858ms step_avg:124.75ms
step:1058/4740 train_time:132103ms step_avg:124.86ms
step:1059/4740 train_time:132242ms step_avg:124.87ms
step:1060/4740 train_time:132487ms step_avg:124.99ms
step:1061/4740 train_time:132626ms step_avg:125.00ms
step:1062/4740 train_time:132869ms step_avg:125.11ms
step:1063/4740 train_time:133010ms step_avg:125.13ms
step:1064/4740 train_time:133254ms step_avg:125.24ms
step:1065/4740 train_time:133394ms step_avg:125.25ms
step:1066/4740 train_time:133634ms step_avg:125.36ms
step:1067/4740 train_time:133778ms step_avg:125.38ms
step:1068/4740 train_time:134021ms step_avg:125.49ms
step:1069/4740 train_time:134159ms step_avg:125.50ms
step:1070/4740 train_time:134402ms step_avg:125.61ms
step:1071/4740 train_time:134543ms step_avg:125.62ms
step:1072/4740 train_time:134787ms step_avg:125.73ms
step:1073/4740 train_time:134924ms step_avg:125.75ms
step:1074/4740 train_time:135167ms step_avg:125.85ms
step:1075/4740 train_time:135306ms step_avg:125.87ms
step:1076/4740 train_time:135547ms step_avg:125.97ms
step:1077/4740 train_time:135687ms step_avg:125.99ms
step:1078/4740 train_time:135930ms step_avg:126.09ms
step:1079/4740 train_time:136071ms step_avg:126.11ms
step:1080/4740 train_time:136312ms step_avg:126.21ms
step:1081/4740 train_time:136455ms step_avg:126.23ms
step:1082/4740 train_time:136700ms step_avg:126.34ms
step:1083/4740 train_time:136839ms step_avg:126.35ms
step:1084/4740 train_time:137084ms step_avg:126.46ms
step:1085/4740 train_time:137224ms step_avg:126.47ms
step:1086/4740 train_time:137469ms step_avg:126.58ms
step:1087/4740 train_time:137610ms step_avg:126.60ms
step:1088/4740 train_time:137852ms step_avg:126.70ms
step:1089/4740 train_time:137992ms step_avg:126.71ms
step:1090/4740 train_time:138233ms step_avg:126.82ms
step:1091/4740 train_time:138376ms step_avg:126.83ms
step:1092/4740 train_time:138617ms step_avg:126.94ms
step:1093/4740 train_time:138757ms step_avg:126.95ms
step:1094/4740 train_time:139001ms step_avg:127.06ms
step:1095/4740 train_time:139141ms step_avg:127.07ms
step:1096/4740 train_time:139384ms step_avg:127.18ms
step:1097/4740 train_time:139522ms step_avg:127.18ms
step:1098/4740 train_time:139764ms step_avg:127.29ms
step:1099/4740 train_time:139905ms step_avg:127.30ms
step:1100/4740 train_time:140149ms step_avg:127.41ms
step:1101/4740 train_time:140286ms step_avg:127.42ms
step:1102/4740 train_time:140529ms step_avg:127.52ms
step:1103/4740 train_time:140668ms step_avg:127.53ms
step:1104/4740 train_time:140910ms step_avg:127.64ms
step:1105/4740 train_time:141051ms step_avg:127.65ms
step:1106/4740 train_time:141294ms step_avg:127.75ms
step:1107/4740 train_time:141434ms step_avg:127.76ms
step:1108/4740 train_time:141678ms step_avg:127.87ms
step:1109/4740 train_time:141818ms step_avg:127.88ms
step:1110/4740 train_time:142061ms step_avg:127.98ms
step:1111/4740 train_time:142202ms step_avg:127.99ms
step:1112/4740 train_time:142445ms step_avg:128.10ms
step:1113/4740 train_time:142583ms step_avg:128.11ms
step:1114/4740 train_time:142827ms step_avg:128.21ms
step:1115/4740 train_time:142964ms step_avg:128.22ms
step:1116/4740 train_time:143209ms step_avg:128.32ms
step:1117/4740 train_time:143349ms step_avg:128.33ms
step:1118/4740 train_time:143591ms step_avg:128.44ms
step:1119/4740 train_time:143733ms step_avg:128.45ms
step:1120/4740 train_time:143977ms step_avg:128.55ms
step:1121/4740 train_time:144119ms step_avg:128.56ms
step:1122/4740 train_time:144361ms step_avg:128.66ms
step:1123/4740 train_time:144500ms step_avg:128.67ms
step:1124/4740 train_time:144743ms step_avg:128.77ms
step:1125/4740 train_time:144883ms step_avg:128.79ms
step:1126/4740 train_time:145126ms step_avg:128.89ms
step:1127/4740 train_time:145264ms step_avg:128.89ms
step:1128/4740 train_time:145506ms step_avg:128.99ms
step:1129/4740 train_time:145649ms step_avg:129.01ms
step:1130/4740 train_time:145889ms step_avg:129.11ms
step:1131/4740 train_time:146030ms step_avg:129.12ms
step:1132/4740 train_time:146272ms step_avg:129.22ms
step:1133/4740 train_time:146412ms step_avg:129.22ms
step:1134/4740 train_time:146654ms step_avg:129.32ms
step:1135/4740 train_time:146793ms step_avg:129.33ms
step:1136/4740 train_time:147036ms step_avg:129.43ms
step:1137/4740 train_time:147177ms step_avg:129.44ms
step:1138/4740 train_time:147423ms step_avg:129.55ms
step:1139/4740 train_time:147561ms step_avg:129.55ms
step:1140/4740 train_time:147803ms step_avg:129.65ms
step:1141/4740 train_time:147943ms step_avg:129.66ms
step:1142/4740 train_time:148184ms step_avg:129.76ms
step:1143/4740 train_time:148326ms step_avg:129.77ms
step:1144/4740 train_time:148567ms step_avg:129.87ms
step:1145/4740 train_time:148709ms step_avg:129.88ms
step:1146/4740 train_time:148950ms step_avg:129.97ms
step:1147/4740 train_time:149089ms step_avg:129.98ms
step:1148/4740 train_time:149332ms step_avg:130.08ms
step:1149/4740 train_time:149473ms step_avg:130.09ms
step:1150/4740 train_time:149717ms step_avg:130.19ms
step:1151/4740 train_time:149857ms step_avg:130.20ms
step:1152/4740 train_time:150100ms step_avg:130.29ms
step:1153/4740 train_time:150241ms step_avg:130.30ms
step:1154/4740 train_time:150486ms step_avg:130.40ms
step:1155/4740 train_time:150624ms step_avg:130.41ms
step:1156/4740 train_time:150867ms step_avg:130.51ms
step:1157/4740 train_time:151007ms step_avg:130.52ms
step:1158/4740 train_time:151248ms step_avg:130.61ms
step:1159/4740 train_time:151388ms step_avg:130.62ms
step:1160/4740 train_time:151632ms step_avg:130.72ms
step:1161/4740 train_time:151776ms step_avg:130.73ms
step:1162/4740 train_time:152021ms step_avg:130.83ms
step:1163/4740 train_time:152159ms step_avg:130.83ms
step:1164/4740 train_time:152402ms step_avg:130.93ms
step:1165/4740 train_time:152540ms step_avg:130.94ms
step:1166/4740 train_time:152788ms step_avg:131.04ms
step:1167/4740 train_time:152928ms step_avg:131.04ms
step:1168/4740 train_time:153170ms step_avg:131.14ms
step:1169/4740 train_time:153307ms step_avg:131.14ms
step:1170/4740 train_time:153549ms step_avg:131.24ms
step:1171/4740 train_time:153689ms step_avg:131.25ms
step:1172/4740 train_time:153932ms step_avg:131.34ms
step:1173/4740 train_time:154073ms step_avg:131.35ms
step:1174/4740 train_time:154312ms step_avg:131.44ms
step:1175/4740 train_time:154456ms step_avg:131.45ms
step:1176/4740 train_time:154733ms step_avg:131.58ms
step:1177/4740 train_time:154912ms step_avg:131.62ms
step:1178/4740 train_time:155230ms step_avg:131.77ms
step:1179/4740 train_time:155414ms step_avg:131.82ms
step:1180/4740 train_time:155735ms step_avg:131.98ms
step:1181/4740 train_time:155916ms step_avg:132.02ms
step:1182/4740 train_time:156236ms step_avg:132.18ms
step:1183/4740 train_time:156416ms step_avg:132.22ms
step:1184/4740 train_time:156738ms step_avg:132.38ms
step:1185/4740 train_time:156919ms step_avg:132.42ms
step:1186/4740 train_time:157239ms step_avg:132.58ms
step:1187/4740 train_time:157416ms step_avg:132.62ms
step:1188/4740 train_time:157735ms step_avg:132.77ms
step:1189/4740 train_time:157919ms step_avg:132.82ms
step:1190/4740 train_time:158236ms step_avg:132.97ms
step:1191/4740 train_time:158419ms step_avg:133.01ms
step:1192/4740 train_time:158732ms step_avg:133.16ms
step:1193/4740 train_time:158913ms step_avg:133.20ms
step:1194/4740 train_time:159231ms step_avg:133.36ms
step:1195/4740 train_time:159415ms step_avg:133.40ms
step:1196/4740 train_time:159732ms step_avg:133.55ms
step:1197/4740 train_time:159913ms step_avg:133.59ms
step:1198/4740 train_time:160231ms step_avg:133.75ms
step:1199/4740 train_time:160414ms step_avg:133.79ms
step:1200/4740 train_time:160733ms step_avg:133.94ms
step:1201/4740 train_time:160915ms step_avg:133.98ms
step:1202/4740 train_time:161233ms step_avg:134.14ms
step:1203/4740 train_time:161416ms step_avg:134.18ms
step:1204/4740 train_time:161732ms step_avg:134.33ms
step:1205/4740 train_time:161913ms step_avg:134.37ms
step:1206/4740 train_time:162232ms step_avg:134.52ms
step:1207/4740 train_time:162413ms step_avg:134.56ms
step:1208/4740 train_time:162731ms step_avg:134.71ms
step:1209/4740 train_time:162911ms step_avg:134.75ms
step:1210/4740 train_time:163230ms step_avg:134.90ms
step:1211/4740 train_time:163411ms step_avg:134.94ms
step:1212/4740 train_time:163731ms step_avg:135.09ms
step:1213/4740 train_time:163912ms step_avg:135.13ms
step:1214/4740 train_time:164233ms step_avg:135.28ms
step:1215/4740 train_time:164415ms step_avg:135.32ms
step:1216/4740 train_time:164736ms step_avg:135.47ms
step:1217/4740 train_time:164917ms step_avg:135.51ms
step:1218/4740 train_time:165234ms step_avg:135.66ms
step:1219/4740 train_time:165415ms step_avg:135.70ms
step:1220/4740 train_time:165734ms step_avg:135.85ms
step:1221/4740 train_time:165913ms step_avg:135.88ms
step:1222/4740 train_time:166232ms step_avg:136.03ms
step:1223/4740 train_time:166412ms step_avg:136.07ms
step:1224/4740 train_time:166731ms step_avg:136.22ms
step:1225/4740 train_time:166911ms step_avg:136.25ms
step:1226/4740 train_time:167229ms step_avg:136.40ms
step:1227/4740 train_time:167408ms step_avg:136.44ms
step:1228/4740 train_time:167728ms step_avg:136.59ms
step:1229/4740 train_time:167908ms step_avg:136.62ms
step:1230/4740 train_time:168228ms step_avg:136.77ms
step:1231/4740 train_time:168409ms step_avg:136.81ms
step:1232/4740 train_time:168727ms step_avg:136.95ms
step:1233/4740 train_time:168908ms step_avg:136.99ms
step:1234/4740 train_time:169225ms step_avg:137.13ms
step:1235/4740 train_time:169408ms step_avg:137.17ms
step:1236/4740 train_time:169727ms step_avg:137.32ms
step:1237/4740 train_time:169907ms step_avg:137.35ms
step:1238/4740 train_time:170226ms step_avg:137.50ms
step:1239/4740 train_time:170405ms step_avg:137.53ms
step:1240/4740 train_time:170725ms step_avg:137.68ms
step:1241/4740 train_time:170906ms step_avg:137.72ms
step:1242/4740 train_time:171224ms step_avg:137.86ms
step:1243/4740 train_time:171406ms step_avg:137.90ms
step:1244/4740 train_time:171725ms step_avg:138.04ms
step:1245/4740 train_time:171906ms step_avg:138.08ms
step:1246/4740 train_time:172225ms step_avg:138.22ms
step:1247/4740 train_time:172405ms step_avg:138.26ms
step:1248/4740 train_time:172725ms step_avg:138.40ms
step:1249/4740 train_time:172903ms step_avg:138.43ms
step:1250/4740 train_time:173221ms step_avg:138.58ms
step:1250/4740 val_loss:3.3702 train_time:173349ms step_avg:138.68ms
step:1251/4740 train_time:173404ms step_avg:138.61ms
step:1252/4740 train_time:173727ms step_avg:138.76ms
step:1253/4740 train_time:173912ms step_avg:138.80ms
step:1254/4740 train_time:174231ms step_avg:138.94ms
step:1255/4740 train_time:174409ms step_avg:138.97ms
step:1256/4740 train_time:174728ms step_avg:139.11ms
step:1257/4740 train_time:174915ms step_avg:139.15ms
step:1258/4740 train_time:175232ms step_avg:139.29ms
step:1259/4740 train_time:175409ms step_avg:139.32ms
step:1260/4740 train_time:175731ms step_avg:139.47ms
step:1261/4740 train_time:175915ms step_avg:139.50ms
step:1262/4740 train_time:176231ms step_avg:139.64ms
step:1263/4740 train_time:176412ms step_avg:139.68ms
step:1264/4740 train_time:176732ms step_avg:139.82ms
step:1265/4740 train_time:176911ms step_avg:139.85ms
step:1266/4740 train_time:177232ms step_avg:139.99ms
step:1267/4740 train_time:177409ms step_avg:140.02ms
step:1268/4740 train_time:177729ms step_avg:140.16ms
step:1269/4740 train_time:177910ms step_avg:140.20ms
step:1270/4740 train_time:178231ms step_avg:140.34ms
step:1271/4740 train_time:178407ms step_avg:140.37ms
step:1272/4740 train_time:178728ms step_avg:140.51ms
step:1273/4740 train_time:178910ms step_avg:140.54ms
step:1274/4740 train_time:179228ms step_avg:140.68ms
step:1275/4740 train_time:179410ms step_avg:140.71ms
step:1276/4740 train_time:179727ms step_avg:140.85ms
step:1277/4740 train_time:179910ms step_avg:140.89ms
step:1278/4740 train_time:180230ms step_avg:141.03ms
step:1279/4740 train_time:180409ms step_avg:141.05ms
step:1280/4740 train_time:180728ms step_avg:141.19ms
step:1281/4740 train_time:180909ms step_avg:141.22ms
step:1282/4740 train_time:181231ms step_avg:141.37ms
step:1283/4740 train_time:181409ms step_avg:141.39ms
step:1284/4740 train_time:181729ms step_avg:141.53ms
step:1285/4740 train_time:181908ms step_avg:141.56ms
step:1286/4740 train_time:182227ms step_avg:141.70ms
step:1287/4740 train_time:182404ms step_avg:141.73ms
step:1288/4740 train_time:182720ms step_avg:141.86ms
step:1289/4740 train_time:182901ms step_avg:141.89ms
step:1290/4740 train_time:183222ms step_avg:142.03ms
step:1291/4740 train_time:183402ms step_avg:142.06ms
step:1292/4740 train_time:183719ms step_avg:142.20ms
step:1293/4740 train_time:183897ms step_avg:142.23ms
step:1294/4740 train_time:184217ms step_avg:142.36ms
step:1295/4740 train_time:184401ms step_avg:142.39ms
step:1296/4740 train_time:184716ms step_avg:142.53ms
step:1297/4740 train_time:184896ms step_avg:142.56ms
step:1298/4740 train_time:185214ms step_avg:142.69ms
step:1299/4740 train_time:185397ms step_avg:142.72ms
step:1300/4740 train_time:185718ms step_avg:142.86ms
step:1301/4740 train_time:185896ms step_avg:142.89ms
step:1302/4740 train_time:186214ms step_avg:143.02ms
step:1303/4740 train_time:186395ms step_avg:143.05ms
step:1304/4740 train_time:186715ms step_avg:143.19ms
step:1305/4740 train_time:186893ms step_avg:143.21ms
step:1306/4740 train_time:187215ms step_avg:143.35ms
step:1307/4740 train_time:187392ms step_avg:143.38ms
step:1308/4740 train_time:187712ms step_avg:143.51ms
step:1309/4740 train_time:187891ms step_avg:143.54ms
step:1310/4740 train_time:188210ms step_avg:143.67ms
step:1311/4740 train_time:188389ms step_avg:143.70ms
step:1312/4740 train_time:188710ms step_avg:143.83ms
step:1313/4740 train_time:188890ms step_avg:143.86ms
step:1314/4740 train_time:189207ms step_avg:143.99ms
step:1315/4740 train_time:189388ms step_avg:144.02ms
step:1316/4740 train_time:189711ms step_avg:144.16ms
step:1317/4740 train_time:189889ms step_avg:144.18ms
step:1318/4740 train_time:190210ms step_avg:144.32ms
step:1319/4740 train_time:190389ms step_avg:144.34ms
step:1320/4740 train_time:190711ms step_avg:144.48ms
step:1321/4740 train_time:190889ms step_avg:144.50ms
step:1322/4740 train_time:191207ms step_avg:144.63ms
step:1323/4740 train_time:191389ms step_avg:144.66ms
step:1324/4740 train_time:191707ms step_avg:144.79ms
step:1325/4740 train_time:191887ms step_avg:144.82ms
step:1326/4740 train_time:192209ms step_avg:144.95ms
step:1327/4740 train_time:192389ms step_avg:144.98ms
step:1328/4740 train_time:192705ms step_avg:145.11ms
step:1329/4740 train_time:192886ms step_avg:145.14ms
step:1330/4740 train_time:193209ms step_avg:145.27ms
step:1331/4740 train_time:193386ms step_avg:145.29ms
step:1332/4740 train_time:193703ms step_avg:145.42ms
step:1333/4740 train_time:193886ms step_avg:145.45ms
step:1334/4740 train_time:194210ms step_avg:145.58ms
step:1335/4740 train_time:194388ms step_avg:145.61ms
step:1336/4740 train_time:194708ms step_avg:145.74ms
step:1337/4740 train_time:194886ms step_avg:145.76ms
step:1338/4740 train_time:195204ms step_avg:145.89ms
step:1339/4740 train_time:195385ms step_avg:145.92ms
step:1340/4740 train_time:195703ms step_avg:146.05ms
step:1341/4740 train_time:195886ms step_avg:146.07ms
step:1342/4740 train_time:196205ms step_avg:146.20ms
step:1343/4740 train_time:196385ms step_avg:146.23ms
step:1344/4740 train_time:196705ms step_avg:146.36ms
step:1345/4740 train_time:196885ms step_avg:146.38ms
step:1346/4740 train_time:197206ms step_avg:146.51ms
step:1347/4740 train_time:197386ms step_avg:146.54ms
step:1348/4740 train_time:197702ms step_avg:146.66ms
step:1349/4740 train_time:197884ms step_avg:146.69ms
step:1350/4740 train_time:198200ms step_avg:146.81ms
step:1351/4740 train_time:198383ms step_avg:146.84ms
step:1352/4740 train_time:198701ms step_avg:146.97ms
step:1353/4740 train_time:198885ms step_avg:147.00ms
step:1354/4740 train_time:199204ms step_avg:147.12ms
step:1355/4740 train_time:199384ms step_avg:147.15ms
step:1356/4740 train_time:199702ms step_avg:147.27ms
step:1357/4740 train_time:199887ms step_avg:147.30ms
step:1358/4740 train_time:200209ms step_avg:147.43ms
step:1359/4740 train_time:200389ms step_avg:147.45ms
step:1360/4740 train_time:200707ms step_avg:147.58ms
step:1361/4740 train_time:200885ms step_avg:147.60ms
step:1362/4740 train_time:201202ms step_avg:147.73ms
step:1363/4740 train_time:201382ms step_avg:147.75ms
step:1364/4740 train_time:201704ms step_avg:147.88ms
step:1365/4740 train_time:201883ms step_avg:147.90ms
step:1366/4740 train_time:202203ms step_avg:148.03ms
step:1367/4740 train_time:202384ms step_avg:148.05ms
step:1368/4740 train_time:202705ms step_avg:148.18ms
step:1369/4740 train_time:202884ms step_avg:148.20ms
step:1370/4740 train_time:203201ms step_avg:148.32ms
step:1371/4740 train_time:203383ms step_avg:148.35ms
step:1372/4740 train_time:203701ms step_avg:148.47ms
step:1373/4740 train_time:203883ms step_avg:148.49ms
step:1374/4740 train_time:204199ms step_avg:148.62ms
step:1375/4740 train_time:204383ms step_avg:148.64ms
step:1376/4740 train_time:204697ms step_avg:148.76ms
step:1377/4740 train_time:204878ms step_avg:148.79ms
step:1378/4740 train_time:205197ms step_avg:148.91ms
step:1379/4740 train_time:205378ms step_avg:148.93ms
step:1380/4740 train_time:205696ms step_avg:149.06ms
step:1381/4740 train_time:205879ms step_avg:149.08ms
step:1382/4740 train_time:206196ms step_avg:149.20ms
step:1383/4740 train_time:206378ms step_avg:149.22ms
step:1384/4740 train_time:206697ms step_avg:149.35ms
step:1385/4740 train_time:206878ms step_avg:149.37ms
step:1386/4740 train_time:207198ms step_avg:149.49ms
step:1387/4740 train_time:207376ms step_avg:149.51ms
step:1388/4740 train_time:207694ms step_avg:149.64ms
step:1389/4740 train_time:207875ms step_avg:149.66ms
step:1390/4740 train_time:208194ms step_avg:149.78ms
step:1391/4740 train_time:208375ms step_avg:149.80ms
step:1392/4740 train_time:208695ms step_avg:149.92ms
step:1393/4740 train_time:208876ms step_avg:149.95ms
step:1394/4740 train_time:209194ms step_avg:150.07ms
step:1395/4740 train_time:209372ms step_avg:150.09ms
step:1396/4740 train_time:209689ms step_avg:150.21ms
step:1397/4740 train_time:209872ms step_avg:150.23ms
step:1398/4740 train_time:210190ms step_avg:150.35ms
step:1399/4740 train_time:210369ms step_avg:150.37ms
step:1400/4740 train_time:210689ms step_avg:150.49ms
step:1401/4740 train_time:210869ms step_avg:150.51ms
step:1402/4740 train_time:211187ms step_avg:150.63ms
step:1403/4740 train_time:211369ms step_avg:150.66ms
step:1404/4740 train_time:211687ms step_avg:150.77ms
step:1405/4740 train_time:211867ms step_avg:150.79ms
step:1406/4740 train_time:212186ms step_avg:150.91ms
step:1407/4740 train_time:212365ms step_avg:150.93ms
step:1408/4740 train_time:212683ms step_avg:151.05ms
step:1409/4740 train_time:212864ms step_avg:151.07ms
step:1410/4740 train_time:213180ms step_avg:151.19ms
step:1411/4740 train_time:213364ms step_avg:151.21ms
step:1412/4740 train_time:213684ms step_avg:151.33ms
step:1413/4740 train_time:213867ms step_avg:151.36ms
step:1414/4740 train_time:214185ms step_avg:151.47ms
step:1415/4740 train_time:214366ms step_avg:151.50ms
step:1416/4740 train_time:214684ms step_avg:151.61ms
step:1417/4740 train_time:214869ms step_avg:151.64ms
step:1418/4740 train_time:215187ms step_avg:151.75ms
step:1419/4740 train_time:215370ms step_avg:151.78ms
step:1420/4740 train_time:215688ms step_avg:151.89ms
step:1421/4740 train_time:215869ms step_avg:151.91ms
step:1422/4740 train_time:216190ms step_avg:152.03ms
step:1423/4740 train_time:216372ms step_avg:152.05ms
step:1424/4740 train_time:216688ms step_avg:152.17ms
step:1425/4740 train_time:216867ms step_avg:152.19ms
step:1426/4740 train_time:217186ms step_avg:152.30ms
step:1427/4740 train_time:217367ms step_avg:152.32ms
step:1428/4740 train_time:217688ms step_avg:152.44ms
step:1429/4740 train_time:217869ms step_avg:152.46ms
step:1430/4740 train_time:218185ms step_avg:152.58ms
step:1431/4740 train_time:218367ms step_avg:152.60ms
step:1432/4740 train_time:218689ms step_avg:152.72ms
step:1433/4740 train_time:218871ms step_avg:152.74ms
step:1434/4740 train_time:219189ms step_avg:152.85ms
step:1435/4740 train_time:219371ms step_avg:152.87ms
step:1436/4740 train_time:219690ms step_avg:152.99ms
step:1437/4740 train_time:219869ms step_avg:153.01ms
step:1438/4740 train_time:220189ms step_avg:153.12ms
step:1439/4740 train_time:220369ms step_avg:153.14ms
step:1440/4740 train_time:220690ms step_avg:153.26ms
step:1441/4740 train_time:220870ms step_avg:153.28ms
step:1442/4740 train_time:221187ms step_avg:153.39ms
step:1443/4740 train_time:221370ms step_avg:153.41ms
step:1444/4740 train_time:221690ms step_avg:153.52ms
step:1445/4740 train_time:221870ms step_avg:153.54ms
step:1446/4740 train_time:222186ms step_avg:153.66ms
step:1447/4740 train_time:222367ms step_avg:153.67ms
step:1448/4740 train_time:222688ms step_avg:153.79ms
step:1449/4740 train_time:222869ms step_avg:153.81ms
step:1450/4740 train_time:223188ms step_avg:153.92ms
step:1451/4740 train_time:223368ms step_avg:153.94ms
step:1452/4740 train_time:223688ms step_avg:154.06ms
step:1453/4740 train_time:223869ms step_avg:154.07ms
step:1454/4740 train_time:224189ms step_avg:154.19ms
step:1455/4740 train_time:224368ms step_avg:154.20ms
step:1456/4740 train_time:224689ms step_avg:154.32ms
step:1457/4740 train_time:224873ms step_avg:154.34ms
step:1458/4740 train_time:225190ms step_avg:154.45ms
step:1459/4740 train_time:225371ms step_avg:154.47ms
step:1460/4740 train_time:225691ms step_avg:154.58ms
step:1461/4740 train_time:225870ms step_avg:154.60ms
step:1462/4740 train_time:226188ms step_avg:154.71ms
step:1463/4740 train_time:226368ms step_avg:154.73ms
step:1464/4740 train_time:226688ms step_avg:154.84ms
step:1465/4740 train_time:226868ms step_avg:154.86ms
step:1466/4740 train_time:227186ms step_avg:154.97ms
step:1467/4740 train_time:227366ms step_avg:154.99ms
step:1468/4740 train_time:227683ms step_avg:155.10ms
step:1469/4740 train_time:227867ms step_avg:155.12ms
step:1470/4740 train_time:228184ms step_avg:155.23ms
step:1471/4740 train_time:228368ms step_avg:155.25ms
step:1472/4740 train_time:228685ms step_avg:155.36ms
step:1473/4740 train_time:228867ms step_avg:155.37ms
step:1474/4740 train_time:229184ms step_avg:155.48ms
step:1475/4740 train_time:229368ms step_avg:155.50ms
step:1476/4740 train_time:229687ms step_avg:155.61ms
step:1477/4740 train_time:229868ms step_avg:155.63ms
step:1478/4740 train_time:230185ms step_avg:155.74ms
step:1479/4740 train_time:230368ms step_avg:155.76ms
step:1480/4740 train_time:230685ms step_avg:155.87ms
step:1481/4740 train_time:230867ms step_avg:155.89ms
step:1482/4740 train_time:231183ms step_avg:155.99ms
step:1483/4740 train_time:231366ms step_avg:156.01ms
step:1484/4740 train_time:231686ms step_avg:156.12ms
step:1485/4740 train_time:231867ms step_avg:156.14ms
step:1486/4740 train_time:232186ms step_avg:156.25ms
step:1487/4740 train_time:232367ms step_avg:156.27ms
step:1488/4740 train_time:232687ms step_avg:156.38ms
step:1489/4740 train_time:232866ms step_avg:156.39ms
step:1490/4740 train_time:233181ms step_avg:156.50ms
step:1491/4740 train_time:233363ms step_avg:156.51ms
step:1492/4740 train_time:233681ms step_avg:156.62ms
step:1493/4740 train_time:233862ms step_avg:156.64ms
step:1494/4740 train_time:234179ms step_avg:156.75ms
step:1495/4740 train_time:234364ms step_avg:156.77ms
step:1496/4740 train_time:234683ms step_avg:156.87ms
step:1497/4740 train_time:234863ms step_avg:156.89ms
step:1498/4740 train_time:235179ms step_avg:157.00ms
step:1499/4740 train_time:235361ms step_avg:157.01ms
step:1500/4740 train_time:235676ms step_avg:157.12ms
step:1500/4740 val_loss:3.3045 train_time:235806ms step_avg:157.20ms
step:1501/4740 train_time:235862ms step_avg:157.14ms
step:1502/4740 train_time:236188ms step_avg:157.25ms
step:1503/4740 train_time:236368ms step_avg:157.26ms
step:1504/4740 train_time:236684ms step_avg:157.37ms
step:1505/4740 train_time:236863ms step_avg:157.38ms
step:1506/4740 train_time:237182ms step_avg:157.49ms
step:1507/4740 train_time:237368ms step_avg:157.51ms
step:1508/4740 train_time:237687ms step_avg:157.62ms
step:1509/4740 train_time:237861ms step_avg:157.63ms
step:1510/4740 train_time:238183ms step_avg:157.74ms
step:1511/4740 train_time:238364ms step_avg:157.75ms
step:1512/4740 train_time:238686ms step_avg:157.86ms
step:1513/4740 train_time:238861ms step_avg:157.87ms
step:1514/4740 train_time:239184ms step_avg:157.98ms
step:1515/4740 train_time:239367ms step_avg:158.00ms
step:1516/4740 train_time:239688ms step_avg:158.11ms
step:1517/4740 train_time:239868ms step_avg:158.12ms
step:1518/4740 train_time:240186ms step_avg:158.23ms
step:1519/4740 train_time:240368ms step_avg:158.24ms
step:1520/4740 train_time:240686ms step_avg:158.35ms
step:1521/4740 train_time:240870ms step_avg:158.36ms
step:1522/4740 train_time:241188ms step_avg:158.47ms
step:1523/4740 train_time:241369ms step_avg:158.48ms
step:1524/4740 train_time:241688ms step_avg:158.59ms
step:1525/4740 train_time:241870ms step_avg:158.60ms
step:1526/4740 train_time:242188ms step_avg:158.71ms
step:1527/4740 train_time:242367ms step_avg:158.72ms
step:1528/4740 train_time:242685ms step_avg:158.83ms
step:1529/4740 train_time:242867ms step_avg:158.84ms
step:1530/4740 train_time:243185ms step_avg:158.94ms
step:1531/4740 train_time:243364ms step_avg:158.96ms
step:1532/4740 train_time:243684ms step_avg:159.06ms
step:1533/4740 train_time:243861ms step_avg:159.07ms
step:1534/4740 train_time:244182ms step_avg:159.18ms
step:1535/4740 train_time:244361ms step_avg:159.19ms
step:1536/4740 train_time:244680ms step_avg:159.30ms
step:1537/4740 train_time:244859ms step_avg:159.31ms
step:1538/4740 train_time:245179ms step_avg:159.41ms
step:1539/4740 train_time:245357ms step_avg:159.43ms
step:1540/4740 train_time:245677ms step_avg:159.53ms
step:1541/4740 train_time:245855ms step_avg:159.54ms
step:1542/4740 train_time:246173ms step_avg:159.65ms
step:1543/4740 train_time:246354ms step_avg:159.66ms
step:1544/4740 train_time:246673ms step_avg:159.76ms
step:1545/4740 train_time:246851ms step_avg:159.77ms
step:1546/4740 train_time:247171ms step_avg:159.88ms
step:1547/4740 train_time:247351ms step_avg:159.89ms
step:1548/4740 train_time:247669ms step_avg:159.99ms
step:1549/4740 train_time:247851ms step_avg:160.01ms
step:1550/4740 train_time:248167ms step_avg:160.11ms
step:1551/4740 train_time:248348ms step_avg:160.12ms
step:1552/4740 train_time:248666ms step_avg:160.22ms
step:1553/4740 train_time:248848ms step_avg:160.24ms
step:1554/4740 train_time:249165ms step_avg:160.34ms
step:1555/4740 train_time:249344ms step_avg:160.35ms
step:1556/4740 train_time:249664ms step_avg:160.45ms
step:1557/4740 train_time:249843ms step_avg:160.46ms
step:1558/4740 train_time:250162ms step_avg:160.57ms
step:1559/4740 train_time:250340ms step_avg:160.58ms
step:1560/4740 train_time:250662ms step_avg:160.68ms
step:1561/4740 train_time:250841ms step_avg:160.69ms
step:1562/4740 train_time:251161ms step_avg:160.79ms
step:1563/4740 train_time:251340ms step_avg:160.81ms
step:1564/4740 train_time:251658ms step_avg:160.91ms
step:1565/4740 train_time:251835ms step_avg:160.92ms
step:1566/4740 train_time:252159ms step_avg:161.02ms
step:1567/4740 train_time:252338ms step_avg:161.03ms
step:1568/4740 train_time:252658ms step_avg:161.13ms
step:1569/4740 train_time:252842ms step_avg:161.15ms
step:1570/4740 train_time:253163ms step_avg:161.25ms
step:1571/4740 train_time:253338ms step_avg:161.26ms
step:1572/4740 train_time:253658ms step_avg:161.36ms
step:1573/4740 train_time:253839ms step_avg:161.37ms
step:1574/4740 train_time:254159ms step_avg:161.47ms
step:1575/4740 train_time:254339ms step_avg:161.49ms
step:1576/4740 train_time:254660ms step_avg:161.59ms
step:1577/4740 train_time:254838ms step_avg:161.60ms
step:1578/4740 train_time:255155ms step_avg:161.70ms
step:1579/4740 train_time:255339ms step_avg:161.71ms
step:1580/4740 train_time:255657ms step_avg:161.81ms
step:1581/4740 train_time:255839ms step_avg:161.82ms
step:1582/4740 train_time:256158ms step_avg:161.92ms
step:1583/4740 train_time:256341ms step_avg:161.93ms
step:1584/4740 train_time:256660ms step_avg:162.03ms
step:1585/4740 train_time:256841ms step_avg:162.04ms
step:1586/4740 train_time:257163ms step_avg:162.15ms
step:1587/4740 train_time:257339ms step_avg:162.15ms
step:1588/4740 train_time:257661ms step_avg:162.25ms
step:1589/4740 train_time:257843ms step_avg:162.27ms
step:1590/4740 train_time:258162ms step_avg:162.37ms
step:1591/4740 train_time:258341ms step_avg:162.38ms
step:1592/4740 train_time:258663ms step_avg:162.48ms
step:1593/4740 train_time:258844ms step_avg:162.49ms
step:1594/4740 train_time:259166ms step_avg:162.59ms
step:1595/4740 train_time:259346ms step_avg:162.60ms
step:1596/4740 train_time:259666ms step_avg:162.70ms
step:1597/4740 train_time:259845ms step_avg:162.71ms
step:1598/4740 train_time:260163ms step_avg:162.81ms
step:1599/4740 train_time:260343ms step_avg:162.82ms
step:1600/4740 train_time:260666ms step_avg:162.92ms
step:1601/4740 train_time:260844ms step_avg:162.93ms
step:1602/4740 train_time:261168ms step_avg:163.03ms
step:1603/4740 train_time:261348ms step_avg:163.04ms
step:1604/4740 train_time:261669ms step_avg:163.14ms
step:1605/4740 train_time:261848ms step_avg:163.15ms
step:1606/4740 train_time:262170ms step_avg:163.24ms
step:1607/4740 train_time:262352ms step_avg:163.26ms
step:1608/4740 train_time:262672ms step_avg:163.35ms
step:1609/4740 train_time:262853ms step_avg:163.36ms
step:1610/4740 train_time:263173ms step_avg:163.46ms
step:1611/4740 train_time:263353ms step_avg:163.47ms
step:1612/4740 train_time:263672ms step_avg:163.57ms
step:1613/4740 train_time:263854ms step_avg:163.58ms
step:1614/4740 train_time:264174ms step_avg:163.68ms
step:1615/4740 train_time:264357ms step_avg:163.69ms
step:1616/4740 train_time:264676ms step_avg:163.78ms
step:1617/4740 train_time:264856ms step_avg:163.79ms
step:1618/4740 train_time:265177ms step_avg:163.89ms
step:1619/4740 train_time:265357ms step_avg:163.90ms
step:1620/4740 train_time:265679ms step_avg:164.00ms
step:1621/4740 train_time:265860ms step_avg:164.01ms
step:1622/4740 train_time:266181ms step_avg:164.11ms
step:1623/4740 train_time:266360ms step_avg:164.12ms
step:1624/4740 train_time:266682ms step_avg:164.21ms
step:1625/4740 train_time:266858ms step_avg:164.22ms
step:1626/4740 train_time:267181ms step_avg:164.32ms
step:1627/4740 train_time:267360ms step_avg:164.33ms
step:1628/4740 train_time:267682ms step_avg:164.42ms
step:1629/4740 train_time:267859ms step_avg:164.43ms
step:1630/4740 train_time:268182ms step_avg:164.53ms
step:1631/4740 train_time:268357ms step_avg:164.54ms
step:1632/4740 train_time:268677ms step_avg:164.63ms
step:1633/4740 train_time:268861ms step_avg:164.64ms
step:1634/4740 train_time:269182ms step_avg:164.74ms
step:1635/4740 train_time:269359ms step_avg:164.75ms
step:1636/4740 train_time:269681ms step_avg:164.84ms
step:1637/4740 train_time:269858ms step_avg:164.85ms
step:1638/4740 train_time:270181ms step_avg:164.95ms
step:1639/4740 train_time:270359ms step_avg:164.95ms
step:1640/4740 train_time:270676ms step_avg:165.05ms
step:1641/4740 train_time:270857ms step_avg:165.06ms
step:1642/4740 train_time:271181ms step_avg:165.15ms
step:1643/4740 train_time:271361ms step_avg:165.16ms
step:1644/4740 train_time:271679ms step_avg:165.25ms
step:1645/4740 train_time:271859ms step_avg:165.26ms
step:1646/4740 train_time:272182ms step_avg:165.36ms
step:1647/4740 train_time:272362ms step_avg:165.37ms
step:1648/4740 train_time:272684ms step_avg:165.46ms
step:1649/4740 train_time:272862ms step_avg:165.47ms
step:1650/4740 train_time:273184ms step_avg:165.57ms
step:1651/4740 train_time:273363ms step_avg:165.57ms
step:1652/4740 train_time:273685ms step_avg:165.67ms
step:1653/4740 train_time:273865ms step_avg:165.68ms
step:1654/4740 train_time:274186ms step_avg:165.77ms
step:1655/4740 train_time:274362ms step_avg:165.78ms
step:1656/4740 train_time:274686ms step_avg:165.87ms
step:1657/4740 train_time:274864ms step_avg:165.88ms
step:1658/4740 train_time:275188ms step_avg:165.98ms
step:1659/4740 train_time:275370ms step_avg:165.99ms
step:1660/4740 train_time:275693ms step_avg:166.08ms
step:1661/4740 train_time:275873ms step_avg:166.09ms
step:1662/4740 train_time:276193ms step_avg:166.18ms
step:1663/4740 train_time:276377ms step_avg:166.19ms
step:1664/4740 train_time:276696ms step_avg:166.28ms
step:1665/4740 train_time:276879ms step_avg:166.29ms
step:1666/4740 train_time:277201ms step_avg:166.39ms
step:1667/4740 train_time:277381ms step_avg:166.40ms
step:1668/4740 train_time:277701ms step_avg:166.49ms
step:1669/4740 train_time:277883ms step_avg:166.50ms
step:1670/4740 train_time:278201ms step_avg:166.59ms
step:1671/4740 train_time:278385ms step_avg:166.60ms
step:1672/4740 train_time:278704ms step_avg:166.69ms
step:1673/4740 train_time:278889ms step_avg:166.70ms
step:1674/4740 train_time:279206ms step_avg:166.79ms
step:1675/4740 train_time:279390ms step_avg:166.80ms
step:1676/4740 train_time:279710ms step_avg:166.89ms
step:1677/4740 train_time:279893ms step_avg:166.90ms
step:1678/4740 train_time:280211ms step_avg:166.99ms
step:1679/4740 train_time:280393ms step_avg:167.00ms
step:1680/4740 train_time:280713ms step_avg:167.09ms
step:1681/4740 train_time:280895ms step_avg:167.10ms
step:1682/4740 train_time:281219ms step_avg:167.19ms
step:1683/4740 train_time:281397ms step_avg:167.20ms
step:1684/4740 train_time:281722ms step_avg:167.29ms
step:1685/4740 train_time:281898ms step_avg:167.30ms
step:1686/4740 train_time:282220ms step_avg:167.39ms
step:1687/4740 train_time:282400ms step_avg:167.40ms
step:1688/4740 train_time:282717ms step_avg:167.49ms
step:1689/4740 train_time:282903ms step_avg:167.50ms
step:1690/4740 train_time:283221ms step_avg:167.59ms
step:1691/4740 train_time:283398ms step_avg:167.59ms
step:1692/4740 train_time:283721ms step_avg:167.68ms
step:1693/4740 train_time:283898ms step_avg:167.69ms
step:1694/4740 train_time:284220ms step_avg:167.78ms
step:1695/4740 train_time:284401ms step_avg:167.79ms
step:1696/4740 train_time:284724ms step_avg:167.88ms
step:1697/4740 train_time:284902ms step_avg:167.89ms
step:1698/4740 train_time:285225ms step_avg:167.98ms
step:1699/4740 train_time:285402ms step_avg:167.98ms
step:1700/4740 train_time:285725ms step_avg:168.07ms
step:1701/4740 train_time:285904ms step_avg:168.08ms
step:1702/4740 train_time:286225ms step_avg:168.17ms
step:1703/4740 train_time:286404ms step_avg:168.18ms
step:1704/4740 train_time:286728ms step_avg:168.27ms
step:1705/4740 train_time:286907ms step_avg:168.27ms
step:1706/4740 train_time:287229ms step_avg:168.36ms
step:1707/4740 train_time:287408ms step_avg:168.37ms
step:1708/4740 train_time:287726ms step_avg:168.46ms
step:1709/4740 train_time:287908ms step_avg:168.47ms
step:1710/4740 train_time:288229ms step_avg:168.55ms
step:1711/4740 train_time:288409ms step_avg:168.56ms
step:1712/4740 train_time:288729ms step_avg:168.65ms
step:1713/4740 train_time:288911ms step_avg:168.66ms
step:1714/4740 train_time:289232ms step_avg:168.75ms
step:1715/4740 train_time:289413ms step_avg:168.75ms
step:1716/4740 train_time:289734ms step_avg:168.84ms
step:1717/4740 train_time:289913ms step_avg:168.85ms
step:1718/4740 train_time:290233ms step_avg:168.94ms
step:1719/4740 train_time:290415ms step_avg:168.94ms
step:1720/4740 train_time:290734ms step_avg:169.03ms
step:1721/4740 train_time:290914ms step_avg:169.04ms
step:1722/4740 train_time:291236ms step_avg:169.13ms
step:1723/4740 train_time:291417ms step_avg:169.13ms
step:1724/4740 train_time:291734ms step_avg:169.22ms
step:1725/4740 train_time:291917ms step_avg:169.23ms
step:1726/4740 train_time:292237ms step_avg:169.31ms
step:1727/4740 train_time:292420ms step_avg:169.32ms
step:1728/4740 train_time:292742ms step_avg:169.41ms
step:1729/4740 train_time:292919ms step_avg:169.42ms
step:1730/4740 train_time:293240ms step_avg:169.50ms
step:1731/4740 train_time:293421ms step_avg:169.51ms
step:1732/4740 train_time:293745ms step_avg:169.60ms
step:1733/4740 train_time:293921ms step_avg:169.60ms
step:1734/4740 train_time:294241ms step_avg:169.69ms
step:1735/4740 train_time:294425ms step_avg:169.70ms
step:1736/4740 train_time:294748ms step_avg:169.79ms
step:1737/4740 train_time:294924ms step_avg:169.79ms
step:1738/4740 train_time:295243ms step_avg:169.87ms
step:1739/4740 train_time:295422ms step_avg:169.88ms
step:1740/4740 train_time:295745ms step_avg:169.97ms
step:1741/4740 train_time:295921ms step_avg:169.97ms
step:1742/4740 train_time:296241ms step_avg:170.06ms
step:1743/4740 train_time:296421ms step_avg:170.06ms
step:1744/4740 train_time:296741ms step_avg:170.15ms
step:1745/4740 train_time:296920ms step_avg:170.15ms
step:1746/4740 train_time:297240ms step_avg:170.24ms
step:1747/4740 train_time:297423ms step_avg:170.25ms
step:1748/4740 train_time:297742ms step_avg:170.33ms
step:1749/4740 train_time:297921ms step_avg:170.34ms
step:1750/4740 train_time:298244ms step_avg:170.42ms
step:1750/4740 val_loss:3.2586 train_time:298368ms step_avg:170.50ms
step:1751/4740 train_time:298423ms step_avg:170.43ms
step:1752/4740 train_time:298751ms step_avg:170.52ms
step:1753/4740 train_time:298937ms step_avg:170.53ms
step:1754/4740 train_time:299253ms step_avg:170.61ms
step:1755/4740 train_time:299435ms step_avg:170.62ms
step:1756/4740 train_time:299757ms step_avg:170.70ms
step:1757/4740 train_time:299945ms step_avg:170.71ms
step:1758/4740 train_time:300260ms step_avg:170.80ms
step:1759/4740 train_time:300438ms step_avg:170.80ms
step:1760/4740 train_time:300761ms step_avg:170.89ms
step:1761/4740 train_time:300945ms step_avg:170.89ms
step:1762/4740 train_time:301267ms step_avg:170.98ms
step:1763/4740 train_time:301444ms step_avg:170.98ms
step:1764/4740 train_time:301768ms step_avg:171.07ms
step:1765/4740 train_time:301949ms step_avg:171.08ms
step:1766/4740 train_time:302268ms step_avg:171.16ms
step:1767/4740 train_time:302449ms step_avg:171.17ms
step:1768/4740 train_time:302767ms step_avg:171.25ms
step:1769/4740 train_time:302952ms step_avg:171.26ms
step:1770/4740 train_time:303272ms step_avg:171.34ms
step:1771/4740 train_time:303452ms step_avg:171.34ms
step:1772/4740 train_time:303772ms step_avg:171.43ms
step:1773/4740 train_time:303954ms step_avg:171.43ms
step:1774/4740 train_time:304279ms step_avg:171.52ms
step:1775/4740 train_time:304454ms step_avg:171.52ms
step:1776/4740 train_time:304774ms step_avg:171.61ms
step:1777/4740 train_time:304958ms step_avg:171.61ms
step:1778/4740 train_time:305280ms step_avg:171.70ms
step:1779/4740 train_time:305462ms step_avg:171.70ms
step:1780/4740 train_time:305783ms step_avg:171.79ms
step:1781/4740 train_time:305963ms step_avg:171.79ms
step:1782/4740 train_time:306286ms step_avg:171.88ms
step:1783/4740 train_time:306462ms step_avg:171.88ms
step:1784/4740 train_time:306787ms step_avg:171.97ms
step:1785/4740 train_time:306963ms step_avg:171.97ms
step:1786/4740 train_time:307285ms step_avg:172.05ms
step:1787/4740 train_time:307462ms step_avg:172.05ms
step:1788/4740 train_time:307784ms step_avg:172.14ms
step:1789/4740 train_time:307965ms step_avg:172.14ms
step:1790/4740 train_time:308288ms step_avg:172.23ms
step:1791/4740 train_time:308466ms step_avg:172.23ms
step:1792/4740 train_time:308788ms step_avg:172.31ms
step:1793/4740 train_time:308968ms step_avg:172.32ms
step:1794/4740 train_time:309290ms step_avg:172.40ms
step:1795/4740 train_time:309468ms step_avg:172.41ms
step:1796/4740 train_time:309789ms step_avg:172.49ms
step:1797/4740 train_time:309967ms step_avg:172.49ms
step:1798/4740 train_time:310289ms step_avg:172.57ms
step:1799/4740 train_time:310468ms step_avg:172.58ms
step:1800/4740 train_time:310791ms step_avg:172.66ms
step:1801/4740 train_time:310971ms step_avg:172.67ms
step:1802/4740 train_time:311292ms step_avg:172.75ms
step:1803/4740 train_time:311471ms step_avg:172.75ms
step:1804/4740 train_time:311792ms step_avg:172.83ms
step:1805/4740 train_time:311971ms step_avg:172.84ms
step:1806/4740 train_time:312291ms step_avg:172.92ms
step:1807/4740 train_time:312475ms step_avg:172.92ms
step:1808/4740 train_time:312795ms step_avg:173.01ms
step:1809/4740 train_time:312976ms step_avg:173.01ms
step:1810/4740 train_time:313296ms step_avg:173.09ms
step:1811/4740 train_time:313477ms step_avg:173.10ms
step:1812/4740 train_time:313796ms step_avg:173.18ms
step:1813/4740 train_time:313979ms step_avg:173.18ms
step:1814/4740 train_time:314301ms step_avg:173.26ms
step:1815/4740 train_time:314485ms step_avg:173.27ms
step:1816/4740 train_time:314804ms step_avg:173.35ms
step:1817/4740 train_time:314984ms step_avg:173.35ms
step:1818/4740 train_time:315306ms step_avg:173.44ms
step:1819/4740 train_time:315485ms step_avg:173.44ms
step:1820/4740 train_time:315805ms step_avg:173.52ms
step:1821/4740 train_time:315986ms step_avg:173.52ms
step:1822/4740 train_time:316306ms step_avg:173.60ms
step:1823/4740 train_time:316486ms step_avg:173.61ms
step:1824/4740 train_time:316804ms step_avg:173.69ms
step:1825/4740 train_time:316985ms step_avg:173.69ms
step:1826/4740 train_time:317307ms step_avg:173.77ms
step:1827/4740 train_time:317487ms step_avg:173.78ms
step:1828/4740 train_time:317808ms step_avg:173.86ms
step:1829/4740 train_time:317985ms step_avg:173.86ms
step:1830/4740 train_time:318306ms step_avg:173.94ms
step:1831/4740 train_time:318484ms step_avg:173.94ms
step:1832/4740 train_time:318804ms step_avg:174.02ms
step:1833/4740 train_time:318985ms step_avg:174.02ms
step:1834/4740 train_time:319304ms step_avg:174.10ms
step:1835/4740 train_time:319485ms step_avg:174.11ms
step:1836/4740 train_time:319801ms step_avg:174.18ms
step:1837/4740 train_time:319984ms step_avg:174.19ms
step:1838/4740 train_time:320304ms step_avg:174.27ms
step:1839/4740 train_time:320487ms step_avg:174.27ms
step:1840/4740 train_time:320805ms step_avg:174.35ms
step:1841/4740 train_time:320986ms step_avg:174.35ms
step:1842/4740 train_time:321307ms step_avg:174.43ms
step:1843/4740 train_time:321490ms step_avg:174.44ms
step:1844/4740 train_time:321807ms step_avg:174.52ms
step:1845/4740 train_time:321990ms step_avg:174.52ms
step:1846/4740 train_time:322310ms step_avg:174.60ms
step:1847/4740 train_time:322493ms step_avg:174.60ms
step:1848/4740 train_time:322812ms step_avg:174.68ms
step:1849/4740 train_time:322993ms step_avg:174.69ms
step:1850/4740 train_time:323313ms step_avg:174.76ms
step:1851/4740 train_time:323494ms step_avg:174.77ms
step:1852/4740 train_time:323816ms step_avg:174.85ms
step:1853/4740 train_time:323996ms step_avg:174.85ms
step:1854/4740 train_time:324317ms step_avg:174.93ms
step:1855/4740 train_time:324497ms step_avg:174.93ms
step:1856/4740 train_time:324813ms step_avg:175.01ms
step:1857/4740 train_time:324994ms step_avg:175.01ms
step:1858/4740 train_time:325313ms step_avg:175.09ms
step:1859/4740 train_time:325496ms step_avg:175.09ms
step:1860/4740 train_time:325810ms step_avg:175.17ms
step:1861/4740 train_time:325995ms step_avg:175.17ms
step:1862/4740 train_time:326313ms step_avg:175.25ms
step:1863/4740 train_time:326491ms step_avg:175.25ms
step:1864/4740 train_time:326811ms step_avg:175.33ms
step:1865/4740 train_time:326993ms step_avg:175.33ms
step:1866/4740 train_time:327310ms step_avg:175.41ms
step:1867/4740 train_time:327491ms step_avg:175.41ms
step:1868/4740 train_time:327811ms step_avg:175.49ms
step:1869/4740 train_time:327993ms step_avg:175.49ms
step:1870/4740 train_time:328309ms step_avg:175.57ms
step:1871/4740 train_time:328489ms step_avg:175.57ms
step:1872/4740 train_time:328810ms step_avg:175.65ms
step:1873/4740 train_time:328992ms step_avg:175.65ms
step:1874/4740 train_time:329311ms step_avg:175.73ms
step:1875/4740 train_time:329493ms step_avg:175.73ms
step:1876/4740 train_time:329815ms step_avg:175.81ms
step:1877/4740 train_time:329998ms step_avg:175.81ms
step:1878/4740 train_time:330318ms step_avg:175.89ms
step:1879/4740 train_time:330499ms step_avg:175.89ms
step:1880/4740 train_time:330818ms step_avg:175.97ms
step:1881/4740 train_time:331002ms step_avg:175.97ms
step:1882/4740 train_time:331322ms step_avg:176.05ms
step:1883/4740 train_time:331500ms step_avg:176.05ms
step:1884/4740 train_time:331815ms step_avg:176.12ms
step:1885/4740 train_time:331998ms step_avg:176.13ms
step:1886/4740 train_time:332317ms step_avg:176.20ms
step:1887/4740 train_time:332500ms step_avg:176.21ms
step:1888/4740 train_time:332821ms step_avg:176.28ms
step:1889/4740 train_time:333002ms step_avg:176.28ms
step:1890/4740 train_time:333324ms step_avg:176.36ms
step:1891/4740 train_time:333503ms step_avg:176.36ms
step:1892/4740 train_time:333826ms step_avg:176.44ms
step:1893/4740 train_time:334006ms step_avg:176.44ms
step:1894/4740 train_time:334329ms step_avg:176.52ms
step:1895/4740 train_time:334508ms step_avg:176.52ms
step:1896/4740 train_time:334829ms step_avg:176.60ms
step:1897/4740 train_time:335006ms step_avg:176.60ms
step:1898/4740 train_time:335329ms step_avg:176.67ms
step:1899/4740 train_time:335508ms step_avg:176.68ms
step:1900/4740 train_time:335828ms step_avg:176.75ms
step:1901/4740 train_time:336007ms step_avg:176.75ms
step:1902/4740 train_time:336331ms step_avg:176.83ms
step:1903/4740 train_time:336508ms step_avg:176.83ms
step:1904/4740 train_time:336830ms step_avg:176.91ms
step:1905/4740 train_time:337005ms step_avg:176.91ms
step:1906/4740 train_time:337329ms step_avg:176.98ms
step:1907/4740 train_time:337507ms step_avg:176.98ms
step:1908/4740 train_time:337829ms step_avg:177.06ms
step:1909/4740 train_time:338006ms step_avg:177.06ms
step:1910/4740 train_time:338333ms step_avg:177.14ms
step:1911/4740 train_time:338517ms step_avg:177.14ms
step:1912/4740 train_time:338838ms step_avg:177.22ms
step:1913/4740 train_time:339017ms step_avg:177.22ms
step:1914/4740 train_time:339335ms step_avg:177.29ms
step:1915/4740 train_time:339516ms step_avg:177.29ms
step:1916/4740 train_time:339837ms step_avg:177.37ms
step:1917/4740 train_time:340015ms step_avg:177.37ms
step:1918/4740 train_time:340336ms step_avg:177.44ms
step:1919/4740 train_time:340517ms step_avg:177.44ms
step:1920/4740 train_time:340836ms step_avg:177.52ms
step:1921/4740 train_time:341020ms step_avg:177.52ms
step:1922/4740 train_time:341342ms step_avg:177.60ms
step:1923/4740 train_time:341526ms step_avg:177.60ms
step:1924/4740 train_time:341846ms step_avg:177.67ms
step:1925/4740 train_time:342026ms step_avg:177.68ms
step:1926/4740 train_time:342349ms step_avg:177.75ms
step:1927/4740 train_time:342528ms step_avg:177.75ms
step:1928/4740 train_time:342848ms step_avg:177.83ms
step:1929/4740 train_time:343027ms step_avg:177.83ms
step:1930/4740 train_time:343347ms step_avg:177.90ms
step:1931/4740 train_time:343529ms step_avg:177.90ms
step:1932/4740 train_time:343850ms step_avg:177.98ms
step:1933/4740 train_time:344028ms step_avg:177.98ms
step:1934/4740 train_time:344348ms step_avg:178.05ms
step:1935/4740 train_time:344529ms step_avg:178.05ms
step:1936/4740 train_time:344848ms step_avg:178.12ms
step:1937/4740 train_time:345026ms step_avg:178.12ms
step:1938/4740 train_time:345348ms step_avg:178.20ms
step:1939/4740 train_time:345526ms step_avg:178.20ms
step:1940/4740 train_time:345847ms step_avg:178.27ms
step:1941/4740 train_time:346025ms step_avg:178.27ms
step:1942/4740 train_time:346347ms step_avg:178.35ms
step:1943/4740 train_time:346525ms step_avg:178.35ms
step:1944/4740 train_time:346846ms step_avg:178.42ms
step:1945/4740 train_time:347025ms step_avg:178.42ms
step:1946/4740 train_time:347344ms step_avg:178.49ms
step:1947/4740 train_time:347524ms step_avg:178.49ms
step:1948/4740 train_time:347846ms step_avg:178.57ms
step:1949/4740 train_time:348025ms step_avg:178.57ms
step:1950/4740 train_time:348346ms step_avg:178.64ms
step:1951/4740 train_time:348526ms step_avg:178.64ms
step:1952/4740 train_time:348847ms step_avg:178.71ms
step:1953/4740 train_time:349027ms step_avg:178.71ms
step:1954/4740 train_time:349348ms step_avg:178.79ms
step:1955/4740 train_time:349531ms step_avg:178.79ms
step:1956/4740 train_time:349853ms step_avg:178.86ms
step:1957/4740 train_time:350033ms step_avg:178.86ms
step:1958/4740 train_time:350352ms step_avg:178.93ms
step:1959/4740 train_time:350534ms step_avg:178.94ms
step:1960/4740 train_time:350854ms step_avg:179.01ms
step:1961/4740 train_time:351037ms step_avg:179.01ms
step:1962/4740 train_time:351357ms step_avg:179.08ms
step:1963/4740 train_time:351539ms step_avg:179.08ms
step:1964/4740 train_time:351860ms step_avg:179.16ms
step:1965/4740 train_time:352043ms step_avg:179.16ms
step:1966/4740 train_time:352365ms step_avg:179.23ms
step:1967/4740 train_time:352542ms step_avg:179.23ms
step:1968/4740 train_time:352865ms step_avg:179.30ms
step:1969/4740 train_time:353045ms step_avg:179.30ms
step:1970/4740 train_time:353368ms step_avg:179.37ms
step:1971/4740 train_time:353545ms step_avg:179.37ms
step:1972/4740 train_time:353868ms step_avg:179.45ms
step:1973/4740 train_time:354047ms step_avg:179.45ms
step:1974/4740 train_time:354366ms step_avg:179.52ms
step:1975/4740 train_time:354547ms step_avg:179.52ms
step:1976/4740 train_time:354868ms step_avg:179.59ms
step:1977/4740 train_time:355046ms step_avg:179.59ms
step:1978/4740 train_time:355369ms step_avg:179.66ms
step:1979/4740 train_time:355549ms step_avg:179.66ms
step:1980/4740 train_time:355872ms step_avg:179.73ms
step:1981/4740 train_time:356053ms step_avg:179.73ms
step:1982/4740 train_time:356372ms step_avg:179.80ms
step:1983/4740 train_time:356556ms step_avg:179.81ms
step:1984/4740 train_time:356874ms step_avg:179.88ms
step:1985/4740 train_time:357059ms step_avg:179.88ms
step:1986/4740 train_time:357382ms step_avg:179.95ms
step:1987/4740 train_time:357561ms step_avg:179.95ms
step:1988/4740 train_time:357885ms step_avg:180.02ms
step:1989/4740 train_time:358064ms step_avg:180.02ms
step:1990/4740 train_time:358388ms step_avg:180.09ms
step:1991/4740 train_time:358567ms step_avg:180.09ms
step:1992/4740 train_time:358888ms step_avg:180.16ms
step:1993/4740 train_time:359066ms step_avg:180.16ms
step:1994/4740 train_time:359387ms step_avg:180.23ms
step:1995/4740 train_time:359567ms step_avg:180.23ms
step:1996/4740 train_time:359889ms step_avg:180.31ms
step:1997/4740 train_time:360070ms step_avg:180.31ms
step:1998/4740 train_time:360395ms step_avg:180.38ms
step:1999/4740 train_time:360575ms step_avg:180.38ms
step:2000/4740 train_time:360898ms step_avg:180.45ms
step:2000/4740 val_loss:3.2199 train_time:361028ms step_avg:180.51ms
step:2001/4740 train_time:361084ms step_avg:180.45ms
step:2002/4740 train_time:361408ms step_avg:180.52ms
step:2003/4740 train_time:361598ms step_avg:180.53ms
step:2004/4740 train_time:361912ms step_avg:180.59ms
step:2005/4740 train_time:362094ms step_avg:180.60ms
step:2006/4740 train_time:362422ms step_avg:180.67ms
step:2007/4740 train_time:362610ms step_avg:180.67ms
step:2008/4740 train_time:362930ms step_avg:180.74ms
step:2009/4740 train_time:363106ms step_avg:180.74ms
step:2010/4740 train_time:363428ms step_avg:180.81ms
step:2011/4740 train_time:363616ms step_avg:180.81ms
step:2012/4740 train_time:363933ms step_avg:180.88ms
step:2013/4740 train_time:364115ms step_avg:180.88ms
step:2014/4740 train_time:364437ms step_avg:180.95ms
step:2015/4740 train_time:364623ms step_avg:180.95ms
step:2016/4740 train_time:364943ms step_avg:181.02ms
step:2017/4740 train_time:365122ms step_avg:181.02ms
step:2018/4740 train_time:365443ms step_avg:181.09ms
step:2019/4740 train_time:365625ms step_avg:181.09ms
step:2020/4740 train_time:365944ms step_avg:181.16ms
step:2021/4740 train_time:366128ms step_avg:181.16ms
step:2022/4740 train_time:366446ms step_avg:181.23ms
step:2023/4740 train_time:366630ms step_avg:181.23ms
step:2024/4740 train_time:366949ms step_avg:181.30ms
step:2025/4740 train_time:367128ms step_avg:181.30ms
step:2026/4740 train_time:367449ms step_avg:181.37ms
step:2027/4740 train_time:367629ms step_avg:181.37ms
step:2028/4740 train_time:367951ms step_avg:181.44ms
step:2029/4740 train_time:368131ms step_avg:181.43ms
step:2030/4740 train_time:368454ms step_avg:181.50ms
step:2031/4740 train_time:368637ms step_avg:181.50ms
step:2032/4740 train_time:368959ms step_avg:181.57ms
step:2033/4740 train_time:369139ms step_avg:181.57ms
step:2034/4740 train_time:369463ms step_avg:181.64ms
step:2035/4740 train_time:369642ms step_avg:181.64ms
step:2036/4740 train_time:369962ms step_avg:181.71ms
step:2037/4740 train_time:370141ms step_avg:181.71ms
step:2038/4740 train_time:370467ms step_avg:181.78ms
step:2039/4740 train_time:370644ms step_avg:181.78ms
step:2040/4740 train_time:370968ms step_avg:181.85ms
step:2041/4740 train_time:371144ms step_avg:181.84ms
step:2042/4740 train_time:371469ms step_avg:181.91ms
step:2043/4740 train_time:371648ms step_avg:181.91ms
step:2044/4740 train_time:371971ms step_avg:181.98ms
step:2045/4740 train_time:372150ms step_avg:181.98ms
step:2046/4740 train_time:372473ms step_avg:182.05ms
step:2047/4740 train_time:372653ms step_avg:182.05ms
step:2048/4740 train_time:372974ms step_avg:182.12ms
step:2049/4740 train_time:373154ms step_avg:182.12ms
step:2050/4740 train_time:373475ms step_avg:182.18ms
step:2051/4740 train_time:373659ms step_avg:182.18ms
step:2052/4740 train_time:373982ms step_avg:182.25ms
step:2053/4740 train_time:374165ms step_avg:182.25ms
step:2054/4740 train_time:374486ms step_avg:182.32ms
step:2055/4740 train_time:374668ms step_avg:182.32ms
step:2056/4740 train_time:374987ms step_avg:182.39ms
step:2057/4740 train_time:375170ms step_avg:182.39ms
step:2058/4740 train_time:375492ms step_avg:182.45ms
step:2059/4740 train_time:375677ms step_avg:182.46ms
step:2060/4740 train_time:375999ms step_avg:182.52ms
step:2061/4740 train_time:376177ms step_avg:182.52ms
step:2062/4740 train_time:376504ms step_avg:182.59ms
step:2063/4740 train_time:376682ms step_avg:182.59ms
step:2064/4740 train_time:377003ms step_avg:182.66ms
step:2065/4740 train_time:377186ms step_avg:182.66ms
step:2066/4740 train_time:377506ms step_avg:182.72ms
step:2067/4740 train_time:377686ms step_avg:182.72ms
step:2068/4740 train_time:378007ms step_avg:182.79ms
step:2069/4740 train_time:378188ms step_avg:182.79ms
step:2070/4740 train_time:378507ms step_avg:182.85ms
step:2071/4740 train_time:378690ms step_avg:182.85ms
step:2072/4740 train_time:379012ms step_avg:182.92ms
step:2073/4740 train_time:379196ms step_avg:182.92ms
step:2074/4740 train_time:379516ms step_avg:182.99ms
step:2075/4740 train_time:379702ms step_avg:182.99ms
step:2076/4740 train_time:380024ms step_avg:183.06ms
step:2077/4740 train_time:380203ms step_avg:183.05ms
step:2078/4740 train_time:380525ms step_avg:183.12ms
step:2079/4740 train_time:380707ms step_avg:183.12ms
step:2080/4740 train_time:381027ms step_avg:183.19ms
step:2081/4740 train_time:381206ms step_avg:183.18ms
step:2082/4740 train_time:381528ms step_avg:183.25ms
step:2083/4740 train_time:381707ms step_avg:183.25ms
step:2084/4740 train_time:382029ms step_avg:183.32ms
step:2085/4740 train_time:382208ms step_avg:183.31ms
step:2086/4740 train_time:382527ms step_avg:183.38ms
step:2087/4740 train_time:382709ms step_avg:183.38ms
step:2088/4740 train_time:383029ms step_avg:183.44ms
step:2089/4740 train_time:383216ms step_avg:183.44ms
step:2090/4740 train_time:383538ms step_avg:183.51ms
step:2091/4740 train_time:383719ms step_avg:183.51ms
step:2092/4740 train_time:384039ms step_avg:183.58ms
step:2093/4740 train_time:384224ms step_avg:183.58ms
step:2094/4740 train_time:384547ms step_avg:183.64ms
step:2095/4740 train_time:384729ms step_avg:183.64ms
step:2096/4740 train_time:385050ms step_avg:183.71ms
step:2097/4740 train_time:385229ms step_avg:183.71ms
step:2098/4740 train_time:385552ms step_avg:183.77ms
step:2099/4740 train_time:385739ms step_avg:183.77ms
step:2100/4740 train_time:386059ms step_avg:183.84ms
step:2101/4740 train_time:386240ms step_avg:183.84ms
step:2102/4740 train_time:386561ms step_avg:183.90ms
step:2103/4740 train_time:386744ms step_avg:183.90ms
step:2104/4740 train_time:387068ms step_avg:183.97ms
step:2105/4740 train_time:387247ms step_avg:183.97ms
step:2106/4740 train_time:387568ms step_avg:184.03ms
step:2107/4740 train_time:387750ms step_avg:184.03ms
step:2108/4740 train_time:388069ms step_avg:184.09ms
step:2109/4740 train_time:388254ms step_avg:184.09ms
step:2110/4740 train_time:388573ms step_avg:184.16ms
step:2111/4740 train_time:388753ms step_avg:184.16ms
step:2112/4740 train_time:389074ms step_avg:184.22ms
step:2113/4740 train_time:389257ms step_avg:184.22ms
step:2114/4740 train_time:389579ms step_avg:184.29ms
step:2115/4740 train_time:389761ms step_avg:184.28ms
step:2116/4740 train_time:390081ms step_avg:184.35ms
step:2117/4740 train_time:390264ms step_avg:184.35ms
step:2118/4740 train_time:390585ms step_avg:184.41ms
step:2119/4740 train_time:390766ms step_avg:184.41ms
step:2120/4740 train_time:391086ms step_avg:184.47ms
step:2121/4740 train_time:391267ms step_avg:184.47ms
step:2122/4740 train_time:391594ms step_avg:184.54ms
step:2123/4740 train_time:391774ms step_avg:184.54ms
step:2124/4740 train_time:392094ms step_avg:184.60ms
step:2125/4740 train_time:392277ms step_avg:184.60ms
step:2126/4740 train_time:392597ms step_avg:184.66ms
step:2127/4740 train_time:392778ms step_avg:184.66ms
step:2128/4740 train_time:393102ms step_avg:184.73ms
step:2129/4740 train_time:393282ms step_avg:184.73ms
step:2130/4740 train_time:393603ms step_avg:184.79ms
step:2131/4740 train_time:393783ms step_avg:184.79ms
step:2132/4740 train_time:394104ms step_avg:184.85ms
step:2133/4740 train_time:394284ms step_avg:184.85ms
step:2134/4740 train_time:394601ms step_avg:184.91ms
step:2135/4740 train_time:394785ms step_avg:184.91ms
step:2136/4740 train_time:395107ms step_avg:184.97ms
step:2137/4740 train_time:395286ms step_avg:184.97ms
step:2138/4740 train_time:395607ms step_avg:185.04ms
step:2139/4740 train_time:395791ms step_avg:185.04ms
step:2140/4740 train_time:396113ms step_avg:185.10ms
step:2141/4740 train_time:396294ms step_avg:185.10ms
step:2142/4740 train_time:396614ms step_avg:185.16ms
step:2143/4740 train_time:396796ms step_avg:185.16ms
step:2144/4740 train_time:397118ms step_avg:185.22ms
step:2145/4740 train_time:397299ms step_avg:185.22ms
step:2146/4740 train_time:397619ms step_avg:185.28ms
step:2147/4740 train_time:397802ms step_avg:185.28ms
step:2148/4740 train_time:398122ms step_avg:185.35ms
step:2149/4740 train_time:398303ms step_avg:185.34ms
step:2150/4740 train_time:398625ms step_avg:185.41ms
step:2151/4740 train_time:398804ms step_avg:185.40ms
step:2152/4740 train_time:399125ms step_avg:185.47ms
step:2153/4740 train_time:399308ms step_avg:185.47ms
step:2154/4740 train_time:399628ms step_avg:185.53ms
step:2155/4740 train_time:399807ms step_avg:185.53ms
step:2156/4740 train_time:400131ms step_avg:185.59ms
step:2157/4740 train_time:400312ms step_avg:185.59ms
step:2158/4740 train_time:400631ms step_avg:185.65ms
step:2159/4740 train_time:400813ms step_avg:185.65ms
step:2160/4740 train_time:401135ms step_avg:185.71ms
step:2161/4740 train_time:401319ms step_avg:185.71ms
step:2162/4740 train_time:401641ms step_avg:185.77ms
step:2163/4740 train_time:401826ms step_avg:185.77ms
step:2164/4740 train_time:402144ms step_avg:185.83ms
step:2165/4740 train_time:402326ms step_avg:185.83ms
step:2166/4740 train_time:402651ms step_avg:185.90ms
step:2167/4740 train_time:402837ms step_avg:185.90ms
step:2168/4740 train_time:403159ms step_avg:185.96ms
step:2169/4740 train_time:403339ms step_avg:185.96ms
step:2170/4740 train_time:403662ms step_avg:186.02ms
step:2171/4740 train_time:403841ms step_avg:186.02ms
step:2172/4740 train_time:404162ms step_avg:186.08ms
step:2173/4740 train_time:404343ms step_avg:186.08ms
step:2174/4740 train_time:404666ms step_avg:186.14ms
step:2175/4740 train_time:404848ms step_avg:186.14ms
step:2176/4740 train_time:405171ms step_avg:186.20ms
step:2177/4740 train_time:405351ms step_avg:186.20ms
step:2178/4740 train_time:405671ms step_avg:186.26ms
step:2179/4740 train_time:405852ms step_avg:186.26ms
step:2180/4740 train_time:406173ms step_avg:186.32ms
step:2181/4740 train_time:406355ms step_avg:186.32ms
step:2182/4740 train_time:406674ms step_avg:186.38ms
step:2183/4740 train_time:406855ms step_avg:186.37ms
step:2184/4740 train_time:407177ms step_avg:186.44ms
step:2185/4740 train_time:407359ms step_avg:186.43ms
step:2186/4740 train_time:407677ms step_avg:186.49ms
step:2187/4740 train_time:407862ms step_avg:186.49ms
step:2188/4740 train_time:408186ms step_avg:186.56ms
step:2189/4740 train_time:408364ms step_avg:186.55ms
step:2190/4740 train_time:408685ms step_avg:186.61ms
step:2191/4740 train_time:408864ms step_avg:186.61ms
step:2192/4740 train_time:409188ms step_avg:186.67ms
step:2193/4740 train_time:409368ms step_avg:186.67ms
step:2194/4740 train_time:409689ms step_avg:186.73ms
step:2195/4740 train_time:409870ms step_avg:186.73ms
step:2196/4740 train_time:410192ms step_avg:186.79ms
step:2197/4740 train_time:410374ms step_avg:186.79ms
step:2198/4740 train_time:410697ms step_avg:186.85ms
step:2199/4740 train_time:410878ms step_avg:186.85ms
step:2200/4740 train_time:411200ms step_avg:186.91ms
step:2201/4740 train_time:411380ms step_avg:186.91ms
step:2202/4740 train_time:411704ms step_avg:186.97ms
step:2203/4740 train_time:411883ms step_avg:186.96ms
step:2204/4740 train_time:412205ms step_avg:187.03ms
step:2205/4740 train_time:412388ms step_avg:187.02ms
step:2206/4740 train_time:412712ms step_avg:187.09ms
step:2207/4740 train_time:412893ms step_avg:187.08ms
step:2208/4740 train_time:413212ms step_avg:187.14ms
step:2209/4740 train_time:413396ms step_avg:187.14ms
step:2210/4740 train_time:413714ms step_avg:187.20ms
step:2211/4740 train_time:413899ms step_avg:187.20ms
step:2212/4740 train_time:414225ms step_avg:187.26ms
step:2213/4740 train_time:414403ms step_avg:187.26ms
step:2214/4740 train_time:414725ms step_avg:187.32ms
step:2215/4740 train_time:414905ms step_avg:187.32ms
step:2216/4740 train_time:415227ms step_avg:187.38ms
step:2217/4740 train_time:415409ms step_avg:187.37ms
step:2218/4740 train_time:415729ms step_avg:187.43ms
step:2219/4740 train_time:415914ms step_avg:187.43ms
step:2220/4740 train_time:416237ms step_avg:187.49ms
step:2221/4740 train_time:416423ms step_avg:187.49ms
step:2222/4740 train_time:416742ms step_avg:187.55ms
step:2223/4740 train_time:416925ms step_avg:187.55ms
step:2224/4740 train_time:417245ms step_avg:187.61ms
step:2225/4740 train_time:417426ms step_avg:187.61ms
step:2226/4740 train_time:417748ms step_avg:187.67ms
step:2227/4740 train_time:417931ms step_avg:187.67ms
step:2228/4740 train_time:418250ms step_avg:187.72ms
step:2229/4740 train_time:418430ms step_avg:187.72ms
step:2230/4740 train_time:418752ms step_avg:187.78ms
step:2231/4740 train_time:418933ms step_avg:187.78ms
step:2232/4740 train_time:419255ms step_avg:187.84ms
step:2233/4740 train_time:419436ms step_avg:187.84ms
step:2234/4740 train_time:419757ms step_avg:187.89ms
step:2235/4740 train_time:419940ms step_avg:187.89ms
step:2236/4740 train_time:420257ms step_avg:187.95ms
step:2237/4740 train_time:420442ms step_avg:187.95ms
step:2238/4740 train_time:420764ms step_avg:188.01ms
step:2239/4740 train_time:420949ms step_avg:188.01ms
step:2240/4740 train_time:421267ms step_avg:188.07ms
step:2241/4740 train_time:421446ms step_avg:188.06ms
step:2242/4740 train_time:421769ms step_avg:188.12ms
step:2243/4740 train_time:421951ms step_avg:188.12ms
step:2244/4740 train_time:422273ms step_avg:188.18ms
step:2245/4740 train_time:422452ms step_avg:188.17ms
step:2246/4740 train_time:422771ms step_avg:188.23ms
step:2247/4740 train_time:422954ms step_avg:188.23ms
step:2248/4740 train_time:423276ms step_avg:188.29ms
step:2249/4740 train_time:423458ms step_avg:188.29ms
step:2250/4740 train_time:423777ms step_avg:188.35ms
step:2250/4740 val_loss:3.1794 train_time:423907ms step_avg:188.40ms
step:2251/4740 train_time:423963ms step_avg:188.34ms
step:2252/4740 train_time:424285ms step_avg:188.40ms
step:2253/4740 train_time:424466ms step_avg:188.40ms
step:2254/4740 train_time:424787ms step_avg:188.46ms
step:2255/4740 train_time:424968ms step_avg:188.46ms
step:2256/4740 train_time:425290ms step_avg:188.51ms
step:2257/4740 train_time:425474ms step_avg:188.51ms
step:2258/4740 train_time:425797ms step_avg:188.57ms
step:2259/4740 train_time:425976ms step_avg:188.57ms
step:2260/4740 train_time:426297ms step_avg:188.63ms
step:2261/4740 train_time:426484ms step_avg:188.63ms
step:2262/4740 train_time:426806ms step_avg:188.69ms
step:2263/4740 train_time:426983ms step_avg:188.68ms
step:2264/4740 train_time:427308ms step_avg:188.74ms
step:2265/4740 train_time:427489ms step_avg:188.74ms
step:2266/4740 train_time:427806ms step_avg:188.79ms
step:2267/4740 train_time:427991ms step_avg:188.79ms
step:2268/4740 train_time:428309ms step_avg:188.85ms
step:2269/4740 train_time:428496ms step_avg:188.85ms
step:2270/4740 train_time:428814ms step_avg:188.90ms
step:2271/4740 train_time:428996ms step_avg:188.90ms
step:2272/4740 train_time:429321ms step_avg:188.96ms
step:2273/4740 train_time:429498ms step_avg:188.96ms
step:2274/4740 train_time:429820ms step_avg:189.01ms
step:2275/4740 train_time:429997ms step_avg:189.01ms
step:2276/4740 train_time:430322ms step_avg:189.07ms
step:2277/4740 train_time:430500ms step_avg:189.06ms
step:2278/4740 train_time:430821ms step_avg:189.12ms
step:2279/4740 train_time:431000ms step_avg:189.12ms
step:2280/4740 train_time:431323ms step_avg:189.18ms
step:2281/4740 train_time:431505ms step_avg:189.17ms
step:2282/4740 train_time:431824ms step_avg:189.23ms
step:2283/4740 train_time:432007ms step_avg:189.23ms
step:2284/4740 train_time:432328ms step_avg:189.29ms
step:2285/4740 train_time:432507ms step_avg:189.28ms
step:2286/4740 train_time:432828ms step_avg:189.34ms
step:2287/4740 train_time:433011ms step_avg:189.34ms
step:2288/4740 train_time:433333ms step_avg:189.39ms
step:2289/4740 train_time:433514ms step_avg:189.39ms
step:2290/4740 train_time:433838ms step_avg:189.45ms
step:2291/4740 train_time:434018ms step_avg:189.44ms
step:2292/4740 train_time:434341ms step_avg:189.50ms
step:2293/4740 train_time:434520ms step_avg:189.50ms
step:2294/4740 train_time:434843ms step_avg:189.56ms
step:2295/4740 train_time:435022ms step_avg:189.55ms
step:2296/4740 train_time:435345ms step_avg:189.61ms
step:2297/4740 train_time:435525ms step_avg:189.61ms
step:2298/4740 train_time:435847ms step_avg:189.66ms
step:2299/4740 train_time:436028ms step_avg:189.66ms
step:2300/4740 train_time:436344ms step_avg:189.71ms
step:2301/4740 train_time:436532ms step_avg:189.71ms
step:2302/4740 train_time:436851ms step_avg:189.77ms
step:2303/4740 train_time:437035ms step_avg:189.77ms
step:2304/4740 train_time:437357ms step_avg:189.82ms
step:2305/4740 train_time:437541ms step_avg:189.82ms
step:2306/4740 train_time:437859ms step_avg:189.88ms
step:2307/4740 train_time:438042ms step_avg:189.87ms
step:2308/4740 train_time:438363ms step_avg:189.93ms
step:2309/4740 train_time:438544ms step_avg:189.93ms
step:2310/4740 train_time:438863ms step_avg:189.98ms
step:2311/4740 train_time:439048ms step_avg:189.98ms
step:2312/4740 train_time:439371ms step_avg:190.04ms
step:2313/4740 train_time:439553ms step_avg:190.04ms
step:2314/4740 train_time:439878ms step_avg:190.09ms
step:2315/4740 train_time:440056ms step_avg:190.09ms
step:2316/4740 train_time:440378ms step_avg:190.15ms
step:2317/4740 train_time:440560ms step_avg:190.14ms
step:2318/4740 train_time:440881ms step_avg:190.20ms
step:2319/4740 train_time:441061ms step_avg:190.19ms
step:2320/4740 train_time:441384ms step_avg:190.25ms
step:2321/4740 train_time:441563ms step_avg:190.25ms
step:2322/4740 train_time:441888ms step_avg:190.30ms
step:2323/4740 train_time:442067ms step_avg:190.30ms
step:2324/4740 train_time:442390ms step_avg:190.36ms
step:2325/4740 train_time:442572ms step_avg:190.35ms
step:2326/4740 train_time:442894ms step_avg:190.41ms
step:2327/4740 train_time:443078ms step_avg:190.41ms
step:2328/4740 train_time:443400ms step_avg:190.46ms
step:2329/4740 train_time:443581ms step_avg:190.46ms
step:2330/4740 train_time:443902ms step_avg:190.52ms
step:2331/4740 train_time:444078ms step_avg:190.51ms
step:2332/4740 train_time:444401ms step_avg:190.57ms
step:2333/4740 train_time:444580ms step_avg:190.56ms
step:2334/4740 train_time:444901ms step_avg:190.62ms
step:2335/4740 train_time:445082ms step_avg:190.61ms
step:2336/4740 train_time:445402ms step_avg:190.67ms
step:2337/4740 train_time:445584ms step_avg:190.66ms
step:2338/4740 train_time:445906ms step_avg:190.72ms
step:2339/4740 train_time:446091ms step_avg:190.72ms
step:2340/4740 train_time:446416ms step_avg:190.78ms
step:2341/4740 train_time:446597ms step_avg:190.77ms
step:2342/4740 train_time:446917ms step_avg:190.83ms
step:2343/4740 train_time:447096ms step_avg:190.82ms
step:2344/4740 train_time:447417ms step_avg:190.88ms
step:2345/4740 train_time:447596ms step_avg:190.87ms
step:2346/4740 train_time:447917ms step_avg:190.93ms
step:2347/4740 train_time:448096ms step_avg:190.92ms
step:2348/4740 train_time:448419ms step_avg:190.98ms
step:2349/4740 train_time:448600ms step_avg:190.97ms
step:2350/4740 train_time:448923ms step_avg:191.03ms
step:2351/4740 train_time:449099ms step_avg:191.02ms
step:2352/4740 train_time:449421ms step_avg:191.08ms
step:2353/4740 train_time:449601ms step_avg:191.08ms
step:2354/4740 train_time:449922ms step_avg:191.13ms
step:2355/4740 train_time:450101ms step_avg:191.13ms
step:2356/4740 train_time:450424ms step_avg:191.18ms
step:2357/4740 train_time:450605ms step_avg:191.18ms
step:2358/4740 train_time:450929ms step_avg:191.23ms
step:2359/4740 train_time:451116ms step_avg:191.23ms
step:2360/4740 train_time:451439ms step_avg:191.29ms
step:2361/4740 train_time:451621ms step_avg:191.28ms
step:2362/4740 train_time:451943ms step_avg:191.34ms
step:2363/4740 train_time:452122ms step_avg:191.33ms
step:2364/4740 train_time:452444ms step_avg:191.39ms
step:2365/4740 train_time:452624ms step_avg:191.38ms
step:2366/4740 train_time:452950ms step_avg:191.44ms
step:2367/4740 train_time:453134ms step_avg:191.44ms
step:2368/4740 train_time:453455ms step_avg:191.49ms
step:2369/4740 train_time:453636ms step_avg:191.49ms
step:2370/4740 train_time:453959ms step_avg:191.54ms
step:2371/4740 train_time:454143ms step_avg:191.54ms
step:2372/4740 train_time:454463ms step_avg:191.59ms
step:2373/4740 train_time:454643ms step_avg:191.59ms
step:2374/4740 train_time:454966ms step_avg:191.65ms
step:2375/4740 train_time:455149ms step_avg:191.64ms
step:2376/4740 train_time:455469ms step_avg:191.70ms
step:2377/4740 train_time:455650ms step_avg:191.69ms
step:2378/4740 train_time:455971ms step_avg:191.75ms
step:2379/4740 train_time:456156ms step_avg:191.74ms
step:2380/4740 train_time:456479ms step_avg:191.80ms
step:2381/4740 train_time:456660ms step_avg:191.79ms
step:2382/4740 train_time:456981ms step_avg:191.85ms
step:2383/4740 train_time:457163ms step_avg:191.84ms
step:2384/4740 train_time:457483ms step_avg:191.90ms
step:2385/4740 train_time:457665ms step_avg:191.89ms
step:2386/4740 train_time:457989ms step_avg:191.95ms
step:2387/4740 train_time:458170ms step_avg:191.94ms
step:2388/4740 train_time:458489ms step_avg:192.00ms
step:2389/4740 train_time:458672ms step_avg:191.99ms
step:2390/4740 train_time:458994ms step_avg:192.05ms
step:2391/4740 train_time:459178ms step_avg:192.04ms
step:2392/4740 train_time:459501ms step_avg:192.10ms
step:2393/4740 train_time:459681ms step_avg:192.09ms
step:2394/4740 train_time:460001ms step_avg:192.15ms
step:2395/4740 train_time:460180ms step_avg:192.14ms
step:2396/4740 train_time:460503ms step_avg:192.20ms
step:2397/4740 train_time:460684ms step_avg:192.19ms
step:2398/4740 train_time:461010ms step_avg:192.25ms
step:2399/4740 train_time:461193ms step_avg:192.24ms
step:2400/4740 train_time:461513ms step_avg:192.30ms
step:2401/4740 train_time:461693ms step_avg:192.29ms
step:2402/4740 train_time:462014ms step_avg:192.35ms
step:2403/4740 train_time:462200ms step_avg:192.34ms
step:2404/4740 train_time:462524ms step_avg:192.40ms
step:2405/4740 train_time:462706ms step_avg:192.39ms
step:2406/4740 train_time:463027ms step_avg:192.45ms
step:2407/4740 train_time:463211ms step_avg:192.44ms
step:2408/4740 train_time:463533ms step_avg:192.50ms
step:2409/4740 train_time:463717ms step_avg:192.49ms
step:2410/4740 train_time:464037ms step_avg:192.55ms
step:2411/4740 train_time:464220ms step_avg:192.54ms
step:2412/4740 train_time:464538ms step_avg:192.59ms
step:2413/4740 train_time:464724ms step_avg:192.59ms
step:2414/4740 train_time:465044ms step_avg:192.64ms
step:2415/4740 train_time:465228ms step_avg:192.64ms
step:2416/4740 train_time:465552ms step_avg:192.70ms
step:2417/4740 train_time:465734ms step_avg:192.69ms
step:2418/4740 train_time:466055ms step_avg:192.74ms
step:2419/4740 train_time:466237ms step_avg:192.74ms
step:2420/4740 train_time:466562ms step_avg:192.79ms
step:2421/4740 train_time:466743ms step_avg:192.79ms
step:2422/4740 train_time:467062ms step_avg:192.84ms
step:2423/4740 train_time:467250ms step_avg:192.84ms
step:2424/4740 train_time:467576ms step_avg:192.89ms
step:2425/4740 train_time:467761ms step_avg:192.89ms
step:2426/4740 train_time:468085ms step_avg:192.95ms
step:2427/4740 train_time:468268ms step_avg:192.94ms
step:2428/4740 train_time:468593ms step_avg:193.00ms
step:2429/4740 train_time:468773ms step_avg:192.99ms
step:2430/4740 train_time:469094ms step_avg:193.04ms
step:2431/4740 train_time:469281ms step_avg:193.04ms
step:2432/4740 train_time:469601ms step_avg:193.09ms
step:2433/4740 train_time:469783ms step_avg:193.09ms
step:2434/4740 train_time:470103ms step_avg:193.14ms
step:2435/4740 train_time:470286ms step_avg:193.14ms
step:2436/4740 train_time:470608ms step_avg:193.19ms
step:2437/4740 train_time:470792ms step_avg:193.18ms
step:2438/4740 train_time:471117ms step_avg:193.24ms
step:2439/4740 train_time:471298ms step_avg:193.23ms
step:2440/4740 train_time:471621ms step_avg:193.29ms
step:2441/4740 train_time:471800ms step_avg:193.28ms
step:2442/4740 train_time:472120ms step_avg:193.33ms
step:2443/4740 train_time:472302ms step_avg:193.33ms
step:2444/4740 train_time:472626ms step_avg:193.38ms
step:2445/4740 train_time:472809ms step_avg:193.38ms
step:2446/4740 train_time:473125ms step_avg:193.43ms
step:2447/4740 train_time:473309ms step_avg:193.42ms
step:2448/4740 train_time:473632ms step_avg:193.48ms
step:2449/4740 train_time:473814ms step_avg:193.47ms
step:2450/4740 train_time:474136ms step_avg:193.52ms
step:2451/4740 train_time:474321ms step_avg:193.52ms
step:2452/4740 train_time:474641ms step_avg:193.57ms
step:2453/4740 train_time:474830ms step_avg:193.57ms
step:2454/4740 train_time:475152ms step_avg:193.62ms
step:2455/4740 train_time:475337ms step_avg:193.62ms
step:2456/4740 train_time:475658ms step_avg:193.67ms
step:2457/4740 train_time:475839ms step_avg:193.67ms
step:2458/4740 train_time:476162ms step_avg:193.72ms
step:2459/4740 train_time:476339ms step_avg:193.71ms
step:2460/4740 train_time:476660ms step_avg:193.76ms
step:2461/4740 train_time:476843ms step_avg:193.76ms
step:2462/4740 train_time:477159ms step_avg:193.81ms
step:2463/4740 train_time:477344ms step_avg:193.81ms
step:2464/4740 train_time:477667ms step_avg:193.86ms
step:2465/4740 train_time:477848ms step_avg:193.85ms
step:2466/4740 train_time:478170ms step_avg:193.91ms
step:2467/4740 train_time:478350ms step_avg:193.90ms
step:2468/4740 train_time:478674ms step_avg:193.95ms
step:2469/4740 train_time:478856ms step_avg:193.95ms
step:2470/4740 train_time:479174ms step_avg:194.00ms
step:2471/4740 train_time:479358ms step_avg:193.99ms
step:2472/4740 train_time:479680ms step_avg:194.05ms
step:2473/4740 train_time:479864ms step_avg:194.04ms
step:2474/4740 train_time:480183ms step_avg:194.09ms
step:2475/4740 train_time:480367ms step_avg:194.09ms
step:2476/4740 train_time:480690ms step_avg:194.14ms
step:2477/4740 train_time:480870ms step_avg:194.13ms
step:2478/4740 train_time:481192ms step_avg:194.19ms
step:2479/4740 train_time:481374ms step_avg:194.18ms
step:2480/4740 train_time:481697ms step_avg:194.23ms
step:2481/4740 train_time:481881ms step_avg:194.23ms
step:2482/4740 train_time:482202ms step_avg:194.28ms
step:2483/4740 train_time:482384ms step_avg:194.27ms
step:2484/4740 train_time:482707ms step_avg:194.33ms
step:2485/4740 train_time:482890ms step_avg:194.32ms
step:2486/4740 train_time:483212ms step_avg:194.37ms
step:2487/4740 train_time:483395ms step_avg:194.37ms
step:2488/4740 train_time:483716ms step_avg:194.42ms
step:2489/4740 train_time:483898ms step_avg:194.41ms
step:2490/4740 train_time:484219ms step_avg:194.47ms
step:2491/4740 train_time:484403ms step_avg:194.46ms
step:2492/4740 train_time:484722ms step_avg:194.51ms
step:2493/4740 train_time:484904ms step_avg:194.51ms
step:2494/4740 train_time:485224ms step_avg:194.56ms
step:2495/4740 train_time:485404ms step_avg:194.55ms
step:2496/4740 train_time:485724ms step_avg:194.60ms
step:2497/4740 train_time:485909ms step_avg:194.60ms
step:2498/4740 train_time:486232ms step_avg:194.65ms
step:2499/4740 train_time:486416ms step_avg:194.64ms
step:2500/4740 train_time:486737ms step_avg:194.69ms
step:2500/4740 val_loss:3.1442 train_time:486867ms step_avg:194.75ms
step:2501/4740 train_time:486922ms step_avg:194.69ms
step:2502/4740 train_time:487251ms step_avg:194.74ms
step:2503/4740 train_time:487437ms step_avg:194.74ms
step:2504/4740 train_time:487754ms step_avg:194.79ms
step:2505/4740 train_time:487937ms step_avg:194.79ms
step:2506/4740 train_time:488258ms step_avg:194.84ms
step:2507/4740 train_time:488446ms step_avg:194.83ms
step:2508/4740 train_time:488769ms step_avg:194.88ms
step:2509/4740 train_time:488947ms step_avg:194.88ms
step:2510/4740 train_time:489272ms step_avg:194.93ms
step:2511/4740 train_time:489450ms step_avg:194.92ms
step:2512/4740 train_time:489774ms step_avg:194.97ms
step:2513/4740 train_time:489950ms step_avg:194.97ms
step:2514/4740 train_time:490274ms step_avg:195.02ms
step:2515/4740 train_time:490456ms step_avg:195.01ms
step:2516/4740 train_time:490777ms step_avg:195.06ms
step:2517/4740 train_time:490958ms step_avg:195.06ms
step:2518/4740 train_time:491283ms step_avg:195.11ms
step:2519/4740 train_time:491463ms step_avg:195.10ms
step:2520/4740 train_time:491784ms step_avg:195.15ms
step:2521/4740 train_time:491966ms step_avg:195.15ms
step:2522/4740 train_time:492290ms step_avg:195.20ms
step:2523/4740 train_time:492470ms step_avg:195.19ms
step:2524/4740 train_time:492788ms step_avg:195.24ms
step:2525/4740 train_time:492974ms step_avg:195.24ms
step:2526/4740 train_time:493297ms step_avg:195.29ms
step:2527/4740 train_time:493479ms step_avg:195.28ms
step:2528/4740 train_time:493802ms step_avg:195.33ms
step:2529/4740 train_time:493983ms step_avg:195.33ms
step:2530/4740 train_time:494306ms step_avg:195.38ms
step:2531/4740 train_time:494492ms step_avg:195.37ms
step:2532/4740 train_time:494816ms step_avg:195.42ms
step:2533/4740 train_time:494996ms step_avg:195.42ms
step:2534/4740 train_time:495321ms step_avg:195.47ms
step:2535/4740 train_time:495505ms step_avg:195.47ms
step:2536/4740 train_time:495832ms step_avg:195.52ms
step:2537/4740 train_time:496013ms step_avg:195.51ms
step:2538/4740 train_time:496335ms step_avg:195.56ms
step:2539/4740 train_time:496513ms step_avg:195.55ms
step:2540/4740 train_time:496837ms step_avg:195.61ms
step:2541/4740 train_time:497019ms step_avg:195.60ms
step:2542/4740 train_time:497340ms step_avg:195.65ms
step:2543/4740 train_time:497522ms step_avg:195.64ms
step:2544/4740 train_time:497841ms step_avg:195.69ms
step:2545/4740 train_time:498025ms step_avg:195.69ms
step:2546/4740 train_time:498347ms step_avg:195.74ms
step:2547/4740 train_time:498531ms step_avg:195.73ms
step:2548/4740 train_time:498854ms step_avg:195.78ms
step:2549/4740 train_time:499034ms step_avg:195.78ms
step:2550/4740 train_time:499356ms step_avg:195.83ms
step:2551/4740 train_time:499538ms step_avg:195.82ms
step:2552/4740 train_time:499860ms step_avg:195.87ms
step:2553/4740 train_time:500041ms step_avg:195.86ms
step:2554/4740 train_time:500364ms step_avg:195.91ms
step:2555/4740 train_time:500547ms step_avg:195.91ms
step:2556/4740 train_time:500867ms step_avg:195.96ms
step:2557/4740 train_time:501047ms step_avg:195.95ms
step:2558/4740 train_time:501374ms step_avg:196.00ms
step:2559/4740 train_time:501553ms step_avg:196.00ms
step:2560/4740 train_time:501875ms step_avg:196.04ms
step:2561/4740 train_time:502059ms step_avg:196.04ms
step:2562/4740 train_time:502383ms step_avg:196.09ms
step:2563/4740 train_time:502566ms step_avg:196.08ms
step:2564/4740 train_time:502888ms step_avg:196.13ms
step:2565/4740 train_time:503074ms step_avg:196.13ms
step:2566/4740 train_time:503395ms step_avg:196.18ms
step:2567/4740 train_time:503577ms step_avg:196.17ms
step:2568/4740 train_time:503900ms step_avg:196.22ms
step:2569/4740 train_time:504082ms step_avg:196.22ms
step:2570/4740 train_time:504404ms step_avg:196.27ms
step:2571/4740 train_time:504590ms step_avg:196.26ms
step:2572/4740 train_time:504912ms step_avg:196.31ms
step:2573/4740 train_time:505095ms step_avg:196.31ms
step:2574/4740 train_time:505417ms step_avg:196.35ms
step:2575/4740 train_time:505600ms step_avg:196.35ms
step:2576/4740 train_time:505922ms step_avg:196.40ms
step:2577/4740 train_time:506108ms step_avg:196.39ms
step:2578/4740 train_time:506429ms step_avg:196.44ms
step:2579/4740 train_time:506614ms step_avg:196.44ms
step:2580/4740 train_time:506934ms step_avg:196.49ms
step:2581/4740 train_time:507114ms step_avg:196.48ms
step:2582/4740 train_time:507436ms step_avg:196.53ms
step:2583/4740 train_time:507615ms step_avg:196.52ms
step:2584/4740 train_time:507932ms step_avg:196.57ms
step:2585/4740 train_time:508118ms step_avg:196.56ms
step:2586/4740 train_time:508441ms step_avg:196.61ms
step:2587/4740 train_time:508622ms step_avg:196.61ms
step:2588/4740 train_time:508944ms step_avg:196.66ms
step:2589/4740 train_time:509125ms step_avg:196.65ms
step:2590/4740 train_time:509446ms step_avg:196.70ms
step:2591/4740 train_time:509627ms step_avg:196.69ms
step:2592/4740 train_time:509951ms step_avg:196.74ms
step:2593/4740 train_time:510132ms step_avg:196.73ms
step:2594/4740 train_time:510452ms step_avg:196.78ms
step:2595/4740 train_time:510639ms step_avg:196.78ms
step:2596/4740 train_time:510959ms step_avg:196.83ms
step:2597/4740 train_time:511143ms step_avg:196.82ms
step:2598/4740 train_time:511464ms step_avg:196.87ms
step:2599/4740 train_time:511647ms step_avg:196.86ms
step:2600/4740 train_time:511969ms step_avg:196.91ms
step:2601/4740 train_time:512150ms step_avg:196.91ms
step:2602/4740 train_time:512469ms step_avg:196.95ms
step:2603/4740 train_time:512652ms step_avg:196.95ms
step:2604/4740 train_time:512971ms step_avg:196.99ms
step:2605/4740 train_time:513155ms step_avg:196.99ms
step:2606/4740 train_time:513476ms step_avg:197.04ms
step:2607/4740 train_time:513661ms step_avg:197.03ms
step:2608/4740 train_time:513985ms step_avg:197.08ms
step:2609/4740 train_time:514167ms step_avg:197.07ms
step:2610/4740 train_time:514488ms step_avg:197.12ms
step:2611/4740 train_time:514674ms step_avg:197.12ms
step:2612/4740 train_time:514994ms step_avg:197.16ms
step:2613/4740 train_time:515176ms step_avg:197.16ms
step:2614/4740 train_time:515494ms step_avg:197.21ms
step:2615/4740 train_time:515678ms step_avg:197.20ms
step:2616/4740 train_time:515999ms step_avg:197.25ms
step:2617/4740 train_time:516184ms step_avg:197.24ms
step:2618/4740 train_time:516501ms step_avg:197.29ms
step:2619/4740 train_time:516686ms step_avg:197.28ms
step:2620/4740 train_time:517007ms step_avg:197.33ms
step:2621/4740 train_time:517187ms step_avg:197.32ms
step:2622/4740 train_time:517511ms step_avg:197.37ms
step:2623/4740 train_time:517692ms step_avg:197.37ms
step:2624/4740 train_time:518012ms step_avg:197.41ms
step:2625/4740 train_time:518198ms step_avg:197.41ms
step:2626/4740 train_time:518515ms step_avg:197.45ms
step:2627/4740 train_time:518699ms step_avg:197.45ms
step:2628/4740 train_time:519023ms step_avg:197.50ms
step:2629/4740 train_time:519206ms step_avg:197.49ms
step:2630/4740 train_time:519530ms step_avg:197.54ms
step:2631/4740 train_time:519712ms step_avg:197.53ms
step:2632/4740 train_time:520031ms step_avg:197.58ms
step:2633/4740 train_time:520214ms step_avg:197.57ms
step:2634/4740 train_time:520534ms step_avg:197.62ms
step:2635/4740 train_time:520721ms step_avg:197.62ms
step:2636/4740 train_time:521045ms step_avg:197.67ms
step:2637/4740 train_time:521225ms step_avg:197.66ms
step:2638/4740 train_time:521550ms step_avg:197.71ms
step:2639/4740 train_time:521730ms step_avg:197.70ms
step:2640/4740 train_time:522048ms step_avg:197.75ms
step:2641/4740 train_time:522231ms step_avg:197.74ms
step:2642/4740 train_time:522552ms step_avg:197.79ms
step:2643/4740 train_time:522738ms step_avg:197.78ms
step:2644/4740 train_time:523058ms step_avg:197.83ms
step:2645/4740 train_time:523238ms step_avg:197.82ms
step:2646/4740 train_time:523559ms step_avg:197.87ms
step:2647/4740 train_time:523746ms step_avg:197.86ms
step:2648/4740 train_time:524069ms step_avg:197.91ms
step:2649/4740 train_time:524251ms step_avg:197.91ms
step:2650/4740 train_time:524575ms step_avg:197.95ms
step:2651/4740 train_time:524758ms step_avg:197.95ms
step:2652/4740 train_time:525080ms step_avg:197.99ms
step:2653/4740 train_time:525259ms step_avg:197.99ms
step:2654/4740 train_time:525581ms step_avg:198.03ms
step:2655/4740 train_time:525766ms step_avg:198.03ms
step:2656/4740 train_time:526085ms step_avg:198.07ms
step:2657/4740 train_time:526271ms step_avg:198.07ms
step:2658/4740 train_time:526591ms step_avg:198.12ms
step:2659/4740 train_time:526780ms step_avg:198.11ms
step:2660/4740 train_time:527103ms step_avg:198.16ms
step:2661/4740 train_time:527286ms step_avg:198.15ms
step:2662/4740 train_time:527610ms step_avg:198.20ms
step:2663/4740 train_time:527788ms step_avg:198.19ms
step:2664/4740 train_time:528113ms step_avg:198.24ms
step:2665/4740 train_time:528295ms step_avg:198.23ms
step:2666/4740 train_time:528621ms step_avg:198.28ms
step:2667/4740 train_time:528800ms step_avg:198.28ms
step:2668/4740 train_time:529121ms step_avg:198.32ms
step:2669/4740 train_time:529305ms step_avg:198.32ms
step:2670/4740 train_time:529628ms step_avg:198.36ms
step:2671/4740 train_time:529809ms step_avg:198.36ms
step:2672/4740 train_time:530131ms step_avg:198.40ms
step:2673/4740 train_time:530312ms step_avg:198.40ms
step:2674/4740 train_time:530636ms step_avg:198.44ms
step:2675/4740 train_time:530820ms step_avg:198.44ms
step:2676/4740 train_time:531144ms step_avg:198.48ms
step:2677/4740 train_time:531328ms step_avg:198.48ms
step:2678/4740 train_time:531651ms step_avg:198.53ms
step:2679/4740 train_time:531833ms step_avg:198.52ms
step:2680/4740 train_time:532154ms step_avg:198.57ms
step:2681/4740 train_time:532336ms step_avg:198.56ms
step:2682/4740 train_time:532658ms step_avg:198.60ms
step:2683/4740 train_time:532842ms step_avg:198.60ms
step:2684/4740 train_time:533166ms step_avg:198.65ms
step:2685/4740 train_time:533348ms step_avg:198.64ms
step:2686/4740 train_time:533670ms step_avg:198.69ms
step:2687/4740 train_time:533851ms step_avg:198.68ms
step:2688/4740 train_time:534173ms step_avg:198.72ms
step:2689/4740 train_time:534357ms step_avg:198.72ms
step:2690/4740 train_time:534678ms step_avg:198.77ms
step:2691/4740 train_time:534860ms step_avg:198.76ms
step:2692/4740 train_time:535184ms step_avg:198.81ms
step:2693/4740 train_time:535366ms step_avg:198.80ms
step:2694/4740 train_time:535690ms step_avg:198.85ms
step:2695/4740 train_time:535869ms step_avg:198.84ms
step:2696/4740 train_time:536193ms step_avg:198.88ms
step:2697/4740 train_time:536374ms step_avg:198.88ms
step:2698/4740 train_time:536696ms step_avg:198.92ms
step:2699/4740 train_time:536878ms step_avg:198.92ms
step:2700/4740 train_time:537199ms step_avg:198.96ms
step:2701/4740 train_time:537381ms step_avg:198.96ms
step:2702/4740 train_time:537704ms step_avg:199.00ms
step:2703/4740 train_time:537886ms step_avg:199.00ms
step:2704/4740 train_time:538205ms step_avg:199.04ms
step:2705/4740 train_time:538389ms step_avg:199.03ms
step:2706/4740 train_time:538712ms step_avg:199.08ms
step:2707/4740 train_time:538897ms step_avg:199.08ms
step:2708/4740 train_time:539220ms step_avg:199.12ms
step:2709/4740 train_time:539403ms step_avg:199.12ms
step:2710/4740 train_time:539725ms step_avg:199.16ms
step:2711/4740 train_time:539905ms step_avg:199.15ms
step:2712/4740 train_time:540226ms step_avg:199.20ms
step:2713/4740 train_time:540406ms step_avg:199.19ms
step:2714/4740 train_time:540727ms step_avg:199.24ms
step:2715/4740 train_time:540911ms step_avg:199.23ms
step:2716/4740 train_time:541231ms step_avg:199.27ms
step:2717/4740 train_time:541413ms step_avg:199.27ms
step:2718/4740 train_time:541733ms step_avg:199.31ms
step:2719/4740 train_time:541918ms step_avg:199.31ms
step:2720/4740 train_time:542238ms step_avg:199.35ms
step:2721/4740 train_time:542422ms step_avg:199.35ms
step:2722/4740 train_time:542740ms step_avg:199.39ms
step:2723/4740 train_time:542925ms step_avg:199.38ms
step:2724/4740 train_time:543250ms step_avg:199.43ms
step:2725/4740 train_time:543429ms step_avg:199.42ms
step:2726/4740 train_time:543748ms step_avg:199.47ms
step:2727/4740 train_time:543934ms step_avg:199.46ms
step:2728/4740 train_time:544253ms step_avg:199.51ms
step:2729/4740 train_time:544441ms step_avg:199.50ms
step:2730/4740 train_time:544758ms step_avg:199.55ms
step:2731/4740 train_time:544940ms step_avg:199.54ms
step:2732/4740 train_time:545264ms step_avg:199.58ms
step:2733/4740 train_time:545444ms step_avg:199.58ms
step:2734/4740 train_time:545766ms step_avg:199.62ms
step:2735/4740 train_time:545947ms step_avg:199.61ms
step:2736/4740 train_time:546269ms step_avg:199.66ms
step:2737/4740 train_time:546448ms step_avg:199.65ms
step:2738/4740 train_time:546769ms step_avg:199.70ms
step:2739/4740 train_time:546952ms step_avg:199.69ms
step:2740/4740 train_time:547273ms step_avg:199.73ms
step:2741/4740 train_time:547453ms step_avg:199.73ms
step:2742/4740 train_time:547773ms step_avg:199.77ms
step:2743/4740 train_time:547959ms step_avg:199.77ms
step:2744/4740 train_time:548278ms step_avg:199.81ms
step:2745/4740 train_time:548462ms step_avg:199.80ms
step:2746/4740 train_time:548787ms step_avg:199.85ms
step:2747/4740 train_time:548967ms step_avg:199.84ms
step:2748/4740 train_time:549289ms step_avg:199.89ms
step:2749/4740 train_time:549479ms step_avg:199.88ms
step:2750/4740 train_time:549797ms step_avg:199.93ms
step:2750/4740 val_loss:3.1109 train_time:549929ms step_avg:199.97ms
step:2751/4740 train_time:549985ms step_avg:199.92ms
step:2752/4740 train_time:550310ms step_avg:199.97ms
step:2753/4740 train_time:550496ms step_avg:199.96ms
step:2754/4740 train_time:550816ms step_avg:200.01ms
step:2755/4740 train_time:550997ms step_avg:200.00ms
step:2756/4740 train_time:551324ms step_avg:200.04ms
step:2757/4740 train_time:551514ms step_avg:200.04ms
step:2758/4740 train_time:551833ms step_avg:200.08ms
step:2759/4740 train_time:552015ms step_avg:200.08ms
step:2760/4740 train_time:552341ms step_avg:200.12ms
step:2761/4740 train_time:552522ms step_avg:200.12ms
step:2762/4740 train_time:552847ms step_avg:200.16ms
step:2763/4740 train_time:553029ms step_avg:200.16ms
step:2764/4740 train_time:553353ms step_avg:200.20ms
step:2765/4740 train_time:553539ms step_avg:200.19ms
step:2766/4740 train_time:553861ms step_avg:200.24ms
step:2767/4740 train_time:554043ms step_avg:200.23ms
step:2768/4740 train_time:554366ms step_avg:200.28ms
step:2769/4740 train_time:554547ms step_avg:200.27ms
step:2770/4740 train_time:554872ms step_avg:200.31ms
step:2771/4740 train_time:555055ms step_avg:200.31ms
step:2772/4740 train_time:555377ms step_avg:200.35ms
step:2773/4740 train_time:555564ms step_avg:200.35ms
step:2774/4740 train_time:555889ms step_avg:200.39ms
step:2775/4740 train_time:556069ms step_avg:200.39ms
step:2776/4740 train_time:556390ms step_avg:200.43ms
step:2777/4740 train_time:556575ms step_avg:200.42ms
step:2778/4740 train_time:556899ms step_avg:200.47ms
step:2779/4740 train_time:557077ms step_avg:200.46ms
step:2780/4740 train_time:557402ms step_avg:200.50ms
step:2781/4740 train_time:557583ms step_avg:200.50ms
step:2782/4740 train_time:557903ms step_avg:200.54ms
step:2783/4740 train_time:558087ms step_avg:200.53ms
step:2784/4740 train_time:558413ms step_avg:200.58ms
step:2785/4740 train_time:558597ms step_avg:200.57ms
step:2786/4740 train_time:558919ms step_avg:200.62ms
step:2787/4740 train_time:559102ms step_avg:200.61ms
step:2788/4740 train_time:559419ms step_avg:200.65ms
step:2789/4740 train_time:559606ms step_avg:200.65ms
step:2790/4740 train_time:559930ms step_avg:200.69ms
step:2791/4740 train_time:560113ms step_avg:200.69ms
step:2792/4740 train_time:560435ms step_avg:200.73ms
step:2793/4740 train_time:560624ms step_avg:200.72ms
step:2794/4740 train_time:560944ms step_avg:200.77ms
step:2795/4740 train_time:561130ms step_avg:200.76ms
step:2796/4740 train_time:561449ms step_avg:200.80ms
step:2797/4740 train_time:561635ms step_avg:200.80ms
step:2798/4740 train_time:561962ms step_avg:200.84ms
step:2799/4740 train_time:562142ms step_avg:200.84ms
step:2800/4740 train_time:562466ms step_avg:200.88ms
step:2801/4740 train_time:562647ms step_avg:200.87ms
step:2802/4740 train_time:562970ms step_avg:200.92ms
step:2803/4740 train_time:563154ms step_avg:200.91ms
step:2804/4740 train_time:563477ms step_avg:200.95ms
step:2805/4740 train_time:563660ms step_avg:200.95ms
step:2806/4740 train_time:563982ms step_avg:200.99ms
step:2807/4740 train_time:564165ms step_avg:200.99ms
step:2808/4740 train_time:564484ms step_avg:201.03ms
step:2809/4740 train_time:564672ms step_avg:201.02ms
step:2810/4740 train_time:564995ms step_avg:201.07ms
step:2811/4740 train_time:565175ms step_avg:201.06ms
step:2812/4740 train_time:565497ms step_avg:201.10ms
step:2813/4740 train_time:565678ms step_avg:201.09ms
step:2814/4740 train_time:566005ms step_avg:201.14ms
step:2815/4740 train_time:566181ms step_avg:201.13ms
step:2816/4740 train_time:566504ms step_avg:201.17ms
step:2817/4740 train_time:566685ms step_avg:201.17ms
step:2818/4740 train_time:567008ms step_avg:201.21ms
step:2819/4740 train_time:567189ms step_avg:201.20ms
step:2820/4740 train_time:567513ms step_avg:201.25ms
step:2821/4740 train_time:567696ms step_avg:201.24ms
step:2822/4740 train_time:568017ms step_avg:201.28ms
step:2823/4740 train_time:568204ms step_avg:201.28ms
step:2824/4740 train_time:568524ms step_avg:201.32ms
step:2825/4740 train_time:568704ms step_avg:201.31ms
step:2826/4740 train_time:569029ms step_avg:201.35ms
step:2827/4740 train_time:569214ms step_avg:201.35ms
step:2828/4740 train_time:569535ms step_avg:201.39ms
step:2829/4740 train_time:569723ms step_avg:201.39ms
step:2830/4740 train_time:570045ms step_avg:201.43ms
step:2831/4740 train_time:570228ms step_avg:201.42ms
step:2832/4740 train_time:570548ms step_avg:201.46ms
step:2833/4740 train_time:570733ms step_avg:201.46ms
step:2834/4740 train_time:571058ms step_avg:201.50ms
step:2835/4740 train_time:571238ms step_avg:201.49ms
step:2836/4740 train_time:571560ms step_avg:201.54ms
step:2837/4740 train_time:571742ms step_avg:201.53ms
step:2838/4740 train_time:572066ms step_avg:201.57ms
step:2839/4740 train_time:572247ms step_avg:201.57ms
step:2840/4740 train_time:572568ms step_avg:201.61ms
step:2841/4740 train_time:572755ms step_avg:201.60ms
step:2842/4740 train_time:573080ms step_avg:201.65ms
step:2843/4740 train_time:573262ms step_avg:201.64ms
step:2844/4740 train_time:573584ms step_avg:201.68ms
step:2845/4740 train_time:573770ms step_avg:201.68ms
step:2846/4740 train_time:574093ms step_avg:201.72ms
step:2847/4740 train_time:574276ms step_avg:201.71ms
step:2848/4740 train_time:574600ms step_avg:201.76ms
step:2849/4740 train_time:574787ms step_avg:201.75ms
step:2850/4740 train_time:575111ms step_avg:201.79ms
step:2851/4740 train_time:575291ms step_avg:201.79ms
step:2852/4740 train_time:575615ms step_avg:201.83ms
step:2853/4740 train_time:575800ms step_avg:201.82ms
step:2854/4740 train_time:576123ms step_avg:201.87ms
step:2855/4740 train_time:576307ms step_avg:201.86ms
step:2856/4740 train_time:576625ms step_avg:201.90ms
step:2857/4740 train_time:576808ms step_avg:201.89ms
step:2858/4740 train_time:577132ms step_avg:201.94ms
step:2859/4740 train_time:577315ms step_avg:201.93ms
step:2860/4740 train_time:577639ms step_avg:201.97ms
step:2861/4740 train_time:577821ms step_avg:201.96ms
step:2862/4740 train_time:578141ms step_avg:202.01ms
step:2863/4740 train_time:578324ms step_avg:202.00ms
step:2864/4740 train_time:578644ms step_avg:202.04ms
step:2865/4740 train_time:578828ms step_avg:202.03ms
step:2866/4740 train_time:579148ms step_avg:202.08ms
step:2867/4740 train_time:579333ms step_avg:202.07ms
step:2868/4740 train_time:579651ms step_avg:202.11ms
step:2869/4740 train_time:579840ms step_avg:202.11ms
step:2870/4740 train_time:580164ms step_avg:202.15ms
step:2871/4740 train_time:580350ms step_avg:202.14ms
step:2872/4740 train_time:580678ms step_avg:202.19ms
step:2873/4740 train_time:580857ms step_avg:202.18ms
step:2874/4740 train_time:581177ms step_avg:202.22ms
step:2875/4740 train_time:581362ms step_avg:202.21ms
step:2876/4740 train_time:581679ms step_avg:202.25ms
step:2877/4740 train_time:581864ms step_avg:202.25ms
step:2878/4740 train_time:582183ms step_avg:202.29ms
step:2879/4740 train_time:582371ms step_avg:202.28ms
step:2880/4740 train_time:582696ms step_avg:202.32ms
step:2881/4740 train_time:582877ms step_avg:202.32ms
step:2882/4740 train_time:583201ms step_avg:202.36ms
step:2883/4740 train_time:583381ms step_avg:202.35ms
step:2884/4740 train_time:583701ms step_avg:202.39ms
step:2885/4740 train_time:583889ms step_avg:202.39ms
step:2886/4740 train_time:584210ms step_avg:202.43ms
step:2887/4740 train_time:584391ms step_avg:202.42ms
step:2888/4740 train_time:584715ms step_avg:202.46ms
step:2889/4740 train_time:584901ms step_avg:202.46ms
step:2890/4740 train_time:585224ms step_avg:202.50ms
step:2891/4740 train_time:585408ms step_avg:202.49ms
step:2892/4740 train_time:585732ms step_avg:202.54ms
step:2893/4740 train_time:585915ms step_avg:202.53ms
step:2894/4740 train_time:586238ms step_avg:202.57ms
step:2895/4740 train_time:586424ms step_avg:202.56ms
step:2896/4740 train_time:586743ms step_avg:202.60ms
step:2897/4740 train_time:586923ms step_avg:202.60ms
step:2898/4740 train_time:587246ms step_avg:202.64ms
step:2899/4740 train_time:587431ms step_avg:202.63ms
step:2900/4740 train_time:587750ms step_avg:202.67ms
step:2901/4740 train_time:587932ms step_avg:202.67ms
step:2902/4740 train_time:588255ms step_avg:202.71ms
step:2903/4740 train_time:588438ms step_avg:202.70ms
step:2904/4740 train_time:588760ms step_avg:202.74ms
step:2905/4740 train_time:588942ms step_avg:202.73ms
step:2906/4740 train_time:589265ms step_avg:202.78ms
step:2907/4740 train_time:589448ms step_avg:202.77ms
step:2908/4740 train_time:589771ms step_avg:202.81ms
step:2909/4740 train_time:589952ms step_avg:202.80ms
step:2910/4740 train_time:590278ms step_avg:202.84ms
step:2911/4740 train_time:590463ms step_avg:202.84ms
step:2912/4740 train_time:590780ms step_avg:202.88ms
step:2913/4740 train_time:590961ms step_avg:202.87ms
step:2914/4740 train_time:591288ms step_avg:202.91ms
step:2915/4740 train_time:591473ms step_avg:202.91ms
step:2916/4740 train_time:591793ms step_avg:202.95ms
step:2917/4740 train_time:591976ms step_avg:202.94ms
step:2918/4740 train_time:592299ms step_avg:202.98ms
step:2919/4740 train_time:592483ms step_avg:202.97ms
step:2920/4740 train_time:592806ms step_avg:203.02ms
step:2921/4740 train_time:592990ms step_avg:203.01ms
step:2922/4740 train_time:593310ms step_avg:203.05ms
step:2923/4740 train_time:593493ms step_avg:203.04ms
step:2924/4740 train_time:593816ms step_avg:203.08ms
step:2925/4740 train_time:594001ms step_avg:203.08ms
step:2926/4740 train_time:594325ms step_avg:203.12ms
step:2927/4740 train_time:594511ms step_avg:203.11ms
step:2928/4740 train_time:594834ms step_avg:203.15ms
step:2929/4740 train_time:595017ms step_avg:203.15ms
step:2930/4740 train_time:595341ms step_avg:203.19ms
step:2931/4740 train_time:595519ms step_avg:203.18ms
step:2932/4740 train_time:595841ms step_avg:203.22ms
step:2933/4740 train_time:596023ms step_avg:203.21ms
step:2934/4740 train_time:596347ms step_avg:203.25ms
step:2935/4740 train_time:596530ms step_avg:203.25ms
step:2936/4740 train_time:596854ms step_avg:203.29ms
step:2937/4740 train_time:597037ms step_avg:203.28ms
step:2938/4740 train_time:597359ms step_avg:203.32ms
step:2939/4740 train_time:597543ms step_avg:203.32ms
step:2940/4740 train_time:597863ms step_avg:203.35ms
step:2941/4740 train_time:598044ms step_avg:203.35ms
step:2942/4740 train_time:598368ms step_avg:203.39ms
step:2943/4740 train_time:598556ms step_avg:203.38ms
step:2944/4740 train_time:598878ms step_avg:203.42ms
step:2945/4740 train_time:599060ms step_avg:203.42ms
step:2946/4740 train_time:599382ms step_avg:203.46ms
step:2947/4740 train_time:599565ms step_avg:203.45ms
step:2948/4740 train_time:599886ms step_avg:203.49ms
step:2949/4740 train_time:600072ms step_avg:203.48ms
step:2950/4740 train_time:600396ms step_avg:203.52ms
step:2951/4740 train_time:600579ms step_avg:203.52ms
step:2952/4740 train_time:600903ms step_avg:203.56ms
step:2953/4740 train_time:601083ms step_avg:203.55ms
step:2954/4740 train_time:601403ms step_avg:203.59ms
step:2955/4740 train_time:601585ms step_avg:203.58ms
step:2956/4740 train_time:601905ms step_avg:203.62ms
step:2957/4740 train_time:602088ms step_avg:203.61ms
step:2958/4740 train_time:602412ms step_avg:203.66ms
step:2959/4740 train_time:602599ms step_avg:203.65ms
step:2960/4740 train_time:602919ms step_avg:203.69ms
step:2961/4740 train_time:603101ms step_avg:203.68ms
step:2962/4740 train_time:603424ms step_avg:203.72ms
step:2963/4740 train_time:603606ms step_avg:203.71ms
step:2964/4740 train_time:603925ms step_avg:203.75ms
step:2965/4740 train_time:604108ms step_avg:203.75ms
step:2966/4740 train_time:604431ms step_avg:203.79ms
step:2967/4740 train_time:604614ms step_avg:203.78ms
step:2968/4740 train_time:604940ms step_avg:203.82ms
step:2969/4740 train_time:605123ms step_avg:203.81ms
step:2970/4740 train_time:605447ms step_avg:203.85ms
step:2971/4740 train_time:605628ms step_avg:203.85ms
step:2972/4740 train_time:605949ms step_avg:203.89ms
step:2973/4740 train_time:606130ms step_avg:203.88ms
step:2974/4740 train_time:606453ms step_avg:203.92ms
step:2975/4740 train_time:606636ms step_avg:203.91ms
step:2976/4740 train_time:606957ms step_avg:203.95ms
step:2977/4740 train_time:607141ms step_avg:203.94ms
step:2978/4740 train_time:607465ms step_avg:203.98ms
step:2979/4740 train_time:607645ms step_avg:203.98ms
step:2980/4740 train_time:607966ms step_avg:204.02ms
step:2981/4740 train_time:608147ms step_avg:204.01ms
step:2982/4740 train_time:608473ms step_avg:204.05ms
step:2983/4740 train_time:608654ms step_avg:204.04ms
step:2984/4740 train_time:608978ms step_avg:204.08ms
step:2985/4740 train_time:609161ms step_avg:204.07ms
step:2986/4740 train_time:609484ms step_avg:204.11ms
step:2987/4740 train_time:609669ms step_avg:204.11ms
step:2988/4740 train_time:609990ms step_avg:204.15ms
step:2989/4740 train_time:610175ms step_avg:204.14ms
step:2990/4740 train_time:610498ms step_avg:204.18ms
step:2991/4740 train_time:610679ms step_avg:204.17ms
step:2992/4740 train_time:611001ms step_avg:204.21ms
step:2993/4740 train_time:611183ms step_avg:204.20ms
step:2994/4740 train_time:611506ms step_avg:204.24ms
step:2995/4740 train_time:611691ms step_avg:204.24ms
step:2996/4740 train_time:612011ms step_avg:204.28ms
step:2997/4740 train_time:612195ms step_avg:204.27ms
step:2998/4740 train_time:612516ms step_avg:204.31ms
step:2999/4740 train_time:612701ms step_avg:204.30ms
step:3000/4740 train_time:613024ms step_avg:204.34ms
step:3000/4740 val_loss:3.0817 train_time:613147ms step_avg:204.38ms
step:3001/4740 train_time:613204ms step_avg:204.33ms
step:3002/4740 train_time:613533ms step_avg:204.37ms
step:3003/4740 train_time:613716ms step_avg:204.37ms
step:3004/4740 train_time:614034ms step_avg:204.41ms
step:3005/4740 train_time:614219ms step_avg:204.40ms
step:3006/4740 train_time:614546ms step_avg:204.44ms
step:3007/4740 train_time:614728ms step_avg:204.43ms
step:3008/4740 train_time:615048ms step_avg:204.47ms
step:3009/4740 train_time:615232ms step_avg:204.46ms
step:3010/4740 train_time:615557ms step_avg:204.50ms
step:3011/4740 train_time:615743ms step_avg:204.50ms
step:3012/4740 train_time:616065ms step_avg:204.54ms
step:3013/4740 train_time:616249ms step_avg:204.53ms
step:3014/4740 train_time:616574ms step_avg:204.57ms
step:3015/4740 train_time:616757ms step_avg:204.56ms
step:3016/4740 train_time:617079ms step_avg:204.60ms
step:3017/4740 train_time:617263ms step_avg:204.59ms
step:3018/4740 train_time:617588ms step_avg:204.63ms
step:3019/4740 train_time:617767ms step_avg:204.63ms
step:3020/4740 train_time:618090ms step_avg:204.67ms
step:3021/4740 train_time:618267ms step_avg:204.66ms
step:3022/4740 train_time:618591ms step_avg:204.70ms
step:3023/4740 train_time:618772ms step_avg:204.69ms
step:3024/4740 train_time:619098ms step_avg:204.73ms
step:3025/4740 train_time:619277ms step_avg:204.72ms
step:3026/4740 train_time:619597ms step_avg:204.76ms
step:3027/4740 train_time:619779ms step_avg:204.75ms
step:3028/4740 train_time:620099ms step_avg:204.79ms
step:3029/4740 train_time:620282ms step_avg:204.78ms
step:3030/4740 train_time:620609ms step_avg:204.82ms
step:3031/4740 train_time:620791ms step_avg:204.81ms
step:3032/4740 train_time:621115ms step_avg:204.85ms
step:3033/4740 train_time:621295ms step_avg:204.84ms
step:3034/4740 train_time:621612ms step_avg:204.88ms
step:3035/4740 train_time:621798ms step_avg:204.88ms
step:3036/4740 train_time:622119ms step_avg:204.91ms
step:3037/4740 train_time:622303ms step_avg:204.91ms
step:3038/4740 train_time:622622ms step_avg:204.94ms
step:3039/4740 train_time:622807ms step_avg:204.94ms
step:3040/4740 train_time:623131ms step_avg:204.98ms
step:3041/4740 train_time:623309ms step_avg:204.97ms
step:3042/4740 train_time:623628ms step_avg:205.01ms
step:3043/4740 train_time:623812ms step_avg:205.00ms
step:3044/4740 train_time:624136ms step_avg:205.04ms
step:3045/4740 train_time:624319ms step_avg:205.03ms
step:3046/4740 train_time:624644ms step_avg:205.07ms
step:3047/4740 train_time:624821ms step_avg:205.06ms
step:3048/4740 train_time:625144ms step_avg:205.10ms
step:3049/4740 train_time:625327ms step_avg:205.09ms
step:3050/4740 train_time:625651ms step_avg:205.13ms
step:3051/4740 train_time:625833ms step_avg:205.12ms
step:3052/4740 train_time:626154ms step_avg:205.16ms
step:3053/4740 train_time:626340ms step_avg:205.16ms
step:3054/4740 train_time:626666ms step_avg:205.20ms
step:3055/4740 train_time:626844ms step_avg:205.19ms
step:3056/4740 train_time:627168ms step_avg:205.23ms
step:3057/4740 train_time:627348ms step_avg:205.22ms
step:3058/4740 train_time:627672ms step_avg:205.26ms
step:3059/4740 train_time:627852ms step_avg:205.25ms
step:3060/4740 train_time:628174ms step_avg:205.29ms
step:3061/4740 train_time:628356ms step_avg:205.28ms
step:3062/4740 train_time:628677ms step_avg:205.32ms
step:3063/4740 train_time:628860ms step_avg:205.31ms
step:3064/4740 train_time:629186ms step_avg:205.35ms
step:3065/4740 train_time:629367ms step_avg:205.34ms
step:3066/4740 train_time:629691ms step_avg:205.38ms
step:3067/4740 train_time:629870ms step_avg:205.37ms
step:3068/4740 train_time:630193ms step_avg:205.41ms
step:3069/4740 train_time:630376ms step_avg:205.40ms
step:3070/4740 train_time:630698ms step_avg:205.44ms
step:3071/4740 train_time:630882ms step_avg:205.43ms
step:3072/4740 train_time:631206ms step_avg:205.47ms
step:3073/4740 train_time:631388ms step_avg:205.46ms
step:3074/4740 train_time:631711ms step_avg:205.50ms
step:3075/4740 train_time:631892ms step_avg:205.49ms
step:3076/4740 train_time:632213ms step_avg:205.53ms
step:3077/4740 train_time:632395ms step_avg:205.52ms
step:3078/4740 train_time:632720ms step_avg:205.56ms
step:3079/4740 train_time:632900ms step_avg:205.55ms
step:3080/4740 train_time:633226ms step_avg:205.59ms
step:3081/4740 train_time:633407ms step_avg:205.58ms
step:3082/4740 train_time:633726ms step_avg:205.62ms
step:3083/4740 train_time:633907ms step_avg:205.61ms
step:3084/4740 train_time:634232ms step_avg:205.65ms
step:3085/4740 train_time:634411ms step_avg:205.64ms
step:3086/4740 train_time:634733ms step_avg:205.68ms
step:3087/4740 train_time:634917ms step_avg:205.67ms
step:3088/4740 train_time:635240ms step_avg:205.71ms
step:3089/4740 train_time:635423ms step_avg:205.71ms
step:3090/4740 train_time:635749ms step_avg:205.74ms
step:3091/4740 train_time:635930ms step_avg:205.74ms
step:3092/4740 train_time:636255ms step_avg:205.77ms
step:3093/4740 train_time:636439ms step_avg:205.77ms
step:3094/4740 train_time:636760ms step_avg:205.80ms
step:3095/4740 train_time:636942ms step_avg:205.80ms
step:3096/4740 train_time:637265ms step_avg:205.83ms
step:3097/4740 train_time:637447ms step_avg:205.83ms
step:3098/4740 train_time:637769ms step_avg:205.86ms
step:3099/4740 train_time:637952ms step_avg:205.86ms
step:3100/4740 train_time:638275ms step_avg:205.90ms
step:3101/4740 train_time:638456ms step_avg:205.89ms
step:3102/4740 train_time:638777ms step_avg:205.92ms
step:3103/4740 train_time:638959ms step_avg:205.92ms
step:3104/4740 train_time:639282ms step_avg:205.95ms
step:3105/4740 train_time:639465ms step_avg:205.95ms
step:3106/4740 train_time:639786ms step_avg:205.98ms
step:3107/4740 train_time:639972ms step_avg:205.98ms
step:3108/4740 train_time:640293ms step_avg:206.01ms
step:3109/4740 train_time:640475ms step_avg:206.01ms
step:3110/4740 train_time:640796ms step_avg:206.04ms
step:3111/4740 train_time:640987ms step_avg:206.04ms
step:3112/4740 train_time:641310ms step_avg:206.08ms
step:3113/4740 train_time:641486ms step_avg:206.07ms
step:3114/4740 train_time:641805ms step_avg:206.10ms
step:3115/4740 train_time:641994ms step_avg:206.10ms
step:3116/4740 train_time:642315ms step_avg:206.13ms
step:3117/4740 train_time:642496ms step_avg:206.13ms
step:3118/4740 train_time:642820ms step_avg:206.16ms
step:3119/4740 train_time:643002ms step_avg:206.16ms
step:3120/4740 train_time:643326ms step_avg:206.19ms
step:3121/4740 train_time:643504ms step_avg:206.19ms
step:3122/4740 train_time:643829ms step_avg:206.22ms
step:3123/4740 train_time:644009ms step_avg:206.21ms
step:3124/4740 train_time:644333ms step_avg:206.25ms
step:3125/4740 train_time:644514ms step_avg:206.24ms
step:3126/4740 train_time:644836ms step_avg:206.28ms
step:3127/4740 train_time:645016ms step_avg:206.27ms
step:3128/4740 train_time:645345ms step_avg:206.31ms
step:3129/4740 train_time:645528ms step_avg:206.30ms
step:3130/4740 train_time:645852ms step_avg:206.34ms
step:3131/4740 train_time:646033ms step_avg:206.33ms
step:3132/4740 train_time:646360ms step_avg:206.37ms
step:3133/4740 train_time:646545ms step_avg:206.37ms
step:3134/4740 train_time:646870ms step_avg:206.40ms
step:3135/4740 train_time:647054ms step_avg:206.40ms
step:3136/4740 train_time:647375ms step_avg:206.43ms
step:3137/4740 train_time:647560ms step_avg:206.43ms
step:3138/4740 train_time:647882ms step_avg:206.46ms
step:3139/4740 train_time:648065ms step_avg:206.46ms
step:3140/4740 train_time:648385ms step_avg:206.49ms
step:3141/4740 train_time:648567ms step_avg:206.48ms
step:3142/4740 train_time:648894ms step_avg:206.52ms
step:3143/4740 train_time:649072ms step_avg:206.51ms
step:3144/4740 train_time:649394ms step_avg:206.55ms
step:3145/4740 train_time:649582ms step_avg:206.54ms
step:3146/4740 train_time:649907ms step_avg:206.58ms
step:3147/4740 train_time:650085ms step_avg:206.57ms
step:3148/4740 train_time:650414ms step_avg:206.61ms
step:3149/4740 train_time:650591ms step_avg:206.60ms
step:3150/4740 train_time:650913ms step_avg:206.64ms
step:3151/4740 train_time:651093ms step_avg:206.63ms
step:3152/4740 train_time:651419ms step_avg:206.67ms
step:3153/4740 train_time:651600ms step_avg:206.66ms
step:3154/4740 train_time:651926ms step_avg:206.70ms
step:3155/4740 train_time:652109ms step_avg:206.69ms
step:3156/4740 train_time:652432ms step_avg:206.73ms
step:3157/4740 train_time:652612ms step_avg:206.72ms
step:3158/4740 train_time:652934ms step_avg:206.76ms
step:3159/4740 train_time:653119ms step_avg:206.75ms
step:3160/4740 train_time:653441ms step_avg:206.79ms
step:3161/4740 train_time:653627ms step_avg:206.78ms
step:3162/4740 train_time:653952ms step_avg:206.82ms
step:3163/4740 train_time:654133ms step_avg:206.81ms
step:3164/4740 train_time:654457ms step_avg:206.84ms
step:3165/4740 train_time:654641ms step_avg:206.84ms
step:3166/4740 train_time:654965ms step_avg:206.87ms
step:3167/4740 train_time:655149ms step_avg:206.87ms
step:3168/4740 train_time:655474ms step_avg:206.90ms
step:3169/4740 train_time:655655ms step_avg:206.90ms
step:3170/4740 train_time:655977ms step_avg:206.93ms
step:3171/4740 train_time:656160ms step_avg:206.93ms
step:3172/4740 train_time:656483ms step_avg:206.96ms
step:3173/4740 train_time:656666ms step_avg:206.95ms
step:3174/4740 train_time:656989ms step_avg:206.99ms
step:3175/4740 train_time:657171ms step_avg:206.98ms
step:3176/4740 train_time:657497ms step_avg:207.02ms
step:3177/4740 train_time:657678ms step_avg:207.01ms
step:3178/4740 train_time:658003ms step_avg:207.05ms
step:3179/4740 train_time:658189ms step_avg:207.04ms
step:3180/4740 train_time:658509ms step_avg:207.08ms
step:3181/4740 train_time:658693ms step_avg:207.07ms
step:3182/4740 train_time:659015ms step_avg:207.11ms
step:3183/4740 train_time:659201ms step_avg:207.10ms
step:3184/4740 train_time:659524ms step_avg:207.14ms
step:3185/4740 train_time:659709ms step_avg:207.13ms
step:3186/4740 train_time:660033ms step_avg:207.17ms
step:3187/4740 train_time:660215ms step_avg:207.16ms
step:3188/4740 train_time:660537ms step_avg:207.19ms
step:3189/4740 train_time:660721ms step_avg:207.19ms
step:3190/4740 train_time:661048ms step_avg:207.23ms
step:3191/4740 train_time:661227ms step_avg:207.22ms
step:3192/4740 train_time:661552ms step_avg:207.25ms
step:3193/4740 train_time:661731ms step_avg:207.24ms
step:3194/4740 train_time:662056ms step_avg:207.28ms
step:3195/4740 train_time:662240ms step_avg:207.27ms
step:3196/4740 train_time:662565ms step_avg:207.31ms
step:3197/4740 train_time:662748ms step_avg:207.30ms
step:3198/4740 train_time:663074ms step_avg:207.34ms
step:3199/4740 train_time:663253ms step_avg:207.33ms
step:3200/4740 train_time:663573ms step_avg:207.37ms
step:3201/4740 train_time:663757ms step_avg:207.36ms
step:3202/4740 train_time:664080ms step_avg:207.40ms
step:3203/4740 train_time:664260ms step_avg:207.39ms
step:3204/4740 train_time:664583ms step_avg:207.42ms
step:3205/4740 train_time:664767ms step_avg:207.42ms
step:3206/4740 train_time:665088ms step_avg:207.45ms
step:3207/4740 train_time:665272ms step_avg:207.44ms
step:3208/4740 train_time:665594ms step_avg:207.48ms
step:3209/4740 train_time:665779ms step_avg:207.47ms
step:3210/4740 train_time:666101ms step_avg:207.51ms
step:3211/4740 train_time:666282ms step_avg:207.50ms
step:3212/4740 train_time:666606ms step_avg:207.54ms
step:3213/4740 train_time:666787ms step_avg:207.53ms
step:3214/4740 train_time:667108ms step_avg:207.56ms
step:3215/4740 train_time:667293ms step_avg:207.56ms
step:3216/4740 train_time:667614ms step_avg:207.59ms
step:3217/4740 train_time:667797ms step_avg:207.58ms
step:3218/4740 train_time:668120ms step_avg:207.62ms
step:3219/4740 train_time:668308ms step_avg:207.61ms
step:3220/4740 train_time:668633ms step_avg:207.65ms
step:3221/4740 train_time:668814ms step_avg:207.64ms
step:3222/4740 train_time:669136ms step_avg:207.68ms
step:3223/4740 train_time:669321ms step_avg:207.67ms
step:3224/4740 train_time:669647ms step_avg:207.71ms
step:3225/4740 train_time:669830ms step_avg:207.70ms
step:3226/4740 train_time:670155ms step_avg:207.74ms
step:3227/4740 train_time:670337ms step_avg:207.73ms
step:3228/4740 train_time:670661ms step_avg:207.76ms
step:3229/4740 train_time:670844ms step_avg:207.76ms
step:3230/4740 train_time:671170ms step_avg:207.79ms
step:3231/4740 train_time:671349ms step_avg:207.78ms
step:3232/4740 train_time:671671ms step_avg:207.82ms
step:3233/4740 train_time:671856ms step_avg:207.81ms
step:3234/4740 train_time:672177ms step_avg:207.85ms
step:3235/4740 train_time:672364ms step_avg:207.84ms
step:3236/4740 train_time:672687ms step_avg:207.88ms
step:3237/4740 train_time:672867ms step_avg:207.87ms
step:3238/4740 train_time:673191ms step_avg:207.90ms
step:3239/4740 train_time:673375ms step_avg:207.90ms
step:3240/4740 train_time:673698ms step_avg:207.93ms
step:3241/4740 train_time:673884ms step_avg:207.92ms
step:3242/4740 train_time:674209ms step_avg:207.96ms
step:3243/4740 train_time:674391ms step_avg:207.95ms
step:3244/4740 train_time:674717ms step_avg:207.99ms
step:3245/4740 train_time:674903ms step_avg:207.98ms
step:3246/4740 train_time:675227ms step_avg:208.02ms
step:3247/4740 train_time:675411ms step_avg:208.01ms
step:3248/4740 train_time:675732ms step_avg:208.05ms
step:3249/4740 train_time:675911ms step_avg:208.04ms
step:3250/4740 train_time:676238ms step_avg:208.07ms
step:3250/4740 val_loss:3.0537 train_time:676366ms step_avg:208.11ms
step:3251/4740 train_time:676422ms step_avg:208.07ms
step:3252/4740 train_time:676753ms step_avg:208.10ms
step:3253/4740 train_time:676933ms step_avg:208.09ms
step:3254/4740 train_time:677253ms step_avg:208.13ms
step:3255/4740 train_time:677434ms step_avg:208.12ms
step:3256/4740 train_time:677760ms step_avg:208.16ms
step:3257/4740 train_time:677946ms step_avg:208.15ms
step:3258/4740 train_time:678268ms step_avg:208.19ms
step:3259/4740 train_time:678451ms step_avg:208.18ms
step:3260/4740 train_time:678776ms step_avg:208.21ms
step:3261/4740 train_time:678956ms step_avg:208.20ms
step:3262/4740 train_time:679279ms step_avg:208.24ms
step:3263/4740 train_time:679458ms step_avg:208.23ms
step:3264/4740 train_time:679786ms step_avg:208.27ms
step:3265/4740 train_time:679966ms step_avg:208.26ms
step:3266/4740 train_time:680289ms step_avg:208.29ms
step:3267/4740 train_time:680470ms step_avg:208.29ms
step:3268/4740 train_time:680794ms step_avg:208.32ms
step:3269/4740 train_time:680975ms step_avg:208.31ms
step:3270/4740 train_time:681296ms step_avg:208.35ms
step:3271/4740 train_time:681479ms step_avg:208.34ms
step:3272/4740 train_time:681800ms step_avg:208.37ms
step:3273/4740 train_time:681984ms step_avg:208.37ms
step:3274/4740 train_time:682307ms step_avg:208.40ms
step:3275/4740 train_time:682488ms step_avg:208.39ms
step:3276/4740 train_time:682814ms step_avg:208.43ms
step:3277/4740 train_time:682999ms step_avg:208.42ms
step:3278/4740 train_time:683318ms step_avg:208.46ms
step:3279/4740 train_time:683502ms step_avg:208.45ms
step:3280/4740 train_time:683826ms step_avg:208.48ms
step:3281/4740 train_time:684007ms step_avg:208.48ms
step:3282/4740 train_time:684328ms step_avg:208.51ms
step:3283/4740 train_time:684511ms step_avg:208.50ms
step:3284/4740 train_time:684837ms step_avg:208.54ms
step:3285/4740 train_time:685017ms step_avg:208.53ms
step:3286/4740 train_time:685338ms step_avg:208.56ms
step:3287/4740 train_time:685520ms step_avg:208.55ms
step:3288/4740 train_time:685843ms step_avg:208.59ms
step:3289/4740 train_time:686028ms step_avg:208.58ms
step:3290/4740 train_time:686352ms step_avg:208.62ms
step:3291/4740 train_time:686530ms step_avg:208.61ms
step:3292/4740 train_time:686853ms step_avg:208.64ms
step:3293/4740 train_time:687034ms step_avg:208.63ms
step:3294/4740 train_time:687353ms step_avg:208.67ms
step:3295/4740 train_time:687536ms step_avg:208.66ms
step:3296/4740 train_time:687859ms step_avg:208.69ms
step:3297/4740 train_time:688043ms step_avg:208.69ms
step:3298/4740 train_time:688361ms step_avg:208.72ms
step:3299/4740 train_time:688543ms step_avg:208.71ms
step:3300/4740 train_time:688869ms step_avg:208.75ms
step:3301/4740 train_time:689049ms step_avg:208.74ms
step:3302/4740 train_time:689374ms step_avg:208.77ms
step:3303/4740 train_time:689554ms step_avg:208.77ms
step:3304/4740 train_time:689880ms step_avg:208.80ms
step:3305/4740 train_time:690058ms step_avg:208.79ms
step:3306/4740 train_time:690382ms step_avg:208.83ms
step:3307/4740 train_time:690564ms step_avg:208.82ms
step:3308/4740 train_time:690887ms step_avg:208.85ms
step:3309/4740 train_time:691068ms step_avg:208.85ms
step:3310/4740 train_time:691393ms step_avg:208.88ms
step:3311/4740 train_time:691577ms step_avg:208.87ms
step:3312/4740 train_time:691901ms step_avg:208.91ms
step:3313/4740 train_time:692078ms step_avg:208.90ms
step:3314/4740 train_time:692403ms step_avg:208.93ms
step:3315/4740 train_time:692586ms step_avg:208.92ms
step:3316/4740 train_time:692913ms step_avg:208.96ms
step:3317/4740 train_time:693098ms step_avg:208.95ms
step:3318/4740 train_time:693422ms step_avg:208.99ms
step:3319/4740 train_time:693600ms step_avg:208.98ms
step:3320/4740 train_time:693924ms step_avg:209.01ms
step:3321/4740 train_time:694105ms step_avg:209.00ms
step:3322/4740 train_time:694431ms step_avg:209.04ms
step:3323/4740 train_time:694614ms step_avg:209.03ms
step:3324/4740 train_time:694935ms step_avg:209.07ms
step:3325/4740 train_time:695120ms step_avg:209.06ms
step:3326/4740 train_time:695442ms step_avg:209.09ms
step:3327/4740 train_time:695628ms step_avg:209.09ms
step:3328/4740 train_time:695951ms step_avg:209.12ms
step:3329/4740 train_time:696133ms step_avg:209.11ms
step:3330/4740 train_time:696455ms step_avg:209.15ms
step:3331/4740 train_time:696637ms step_avg:209.14ms
step:3332/4740 train_time:696961ms step_avg:209.17ms
step:3333/4740 train_time:697147ms step_avg:209.16ms
step:3334/4740 train_time:697469ms step_avg:209.20ms
step:3335/4740 train_time:697649ms step_avg:209.19ms
step:3336/4740 train_time:697974ms step_avg:209.22ms
step:3337/4740 train_time:698154ms step_avg:209.22ms
step:3338/4740 train_time:698473ms step_avg:209.25ms
step:3339/4740 train_time:698658ms step_avg:209.24ms
step:3340/4740 train_time:698982ms step_avg:209.28ms
step:3341/4740 train_time:699162ms step_avg:209.27ms
step:3342/4740 train_time:699486ms step_avg:209.30ms
step:3343/4740 train_time:699671ms step_avg:209.29ms
step:3344/4740 train_time:699997ms step_avg:209.33ms
step:3345/4740 train_time:700175ms step_avg:209.32ms
step:3346/4740 train_time:700500ms step_avg:209.35ms
step:3347/4740 train_time:700682ms step_avg:209.35ms
step:3348/4740 train_time:701002ms step_avg:209.38ms
step:3349/4740 train_time:701188ms step_avg:209.37ms
step:3350/4740 train_time:701513ms step_avg:209.41ms
step:3351/4740 train_time:701702ms step_avg:209.40ms
step:3352/4740 train_time:702022ms step_avg:209.43ms
step:3353/4740 train_time:702206ms step_avg:209.43ms
step:3354/4740 train_time:702529ms step_avg:209.46ms
step:3355/4740 train_time:702714ms step_avg:209.45ms
step:3356/4740 train_time:703036ms step_avg:209.49ms
step:3357/4740 train_time:703220ms step_avg:209.48ms
step:3358/4740 train_time:703545ms step_avg:209.51ms
step:3359/4740 train_time:703727ms step_avg:209.50ms
step:3360/4740 train_time:704053ms step_avg:209.54ms
step:3361/4740 train_time:704234ms step_avg:209.53ms
step:3362/4740 train_time:704557ms step_avg:209.56ms
step:3363/4740 train_time:704741ms step_avg:209.56ms
step:3364/4740 train_time:705067ms step_avg:209.59ms
step:3365/4740 train_time:705250ms step_avg:209.58ms
step:3366/4740 train_time:705575ms step_avg:209.62ms
step:3367/4740 train_time:705755ms step_avg:209.61ms
step:3368/4740 train_time:706077ms step_avg:209.64ms
step:3369/4740 train_time:706258ms step_avg:209.63ms
step:3370/4740 train_time:706581ms step_avg:209.67ms
step:3371/4740 train_time:706765ms step_avg:209.66ms
step:3372/4740 train_time:707093ms step_avg:209.70ms
step:3373/4740 train_time:707274ms step_avg:209.69ms
step:3374/4740 train_time:707594ms step_avg:209.72ms
step:3375/4740 train_time:707778ms step_avg:209.71ms
step:3376/4740 train_time:708102ms step_avg:209.75ms
step:3377/4740 train_time:708284ms step_avg:209.74ms
step:3378/4740 train_time:708605ms step_avg:209.77ms
step:3379/4740 train_time:708791ms step_avg:209.76ms
step:3380/4740 train_time:709111ms step_avg:209.80ms
step:3381/4740 train_time:709295ms step_avg:209.79ms
step:3382/4740 train_time:709615ms step_avg:209.82ms
step:3383/4740 train_time:709800ms step_avg:209.81ms
step:3384/4740 train_time:710125ms step_avg:209.85ms
step:3385/4740 train_time:710306ms step_avg:209.84ms
step:3386/4740 train_time:710632ms step_avg:209.87ms
step:3387/4740 train_time:710815ms step_avg:209.87ms
step:3388/4740 train_time:711138ms step_avg:209.90ms
step:3389/4740 train_time:711323ms step_avg:209.89ms
step:3390/4740 train_time:711645ms step_avg:209.92ms
step:3391/4740 train_time:711827ms step_avg:209.92ms
step:3392/4740 train_time:712151ms step_avg:209.95ms
step:3393/4740 train_time:712334ms step_avg:209.94ms
step:3394/4740 train_time:712656ms step_avg:209.98ms
step:3395/4740 train_time:712842ms step_avg:209.97ms
step:3396/4740 train_time:713165ms step_avg:210.00ms
step:3397/4740 train_time:713350ms step_avg:209.99ms
step:3398/4740 train_time:713675ms step_avg:210.03ms
step:3399/4740 train_time:713856ms step_avg:210.02ms
step:3400/4740 train_time:714180ms step_avg:210.05ms
step:3401/4740 train_time:714360ms step_avg:210.04ms
step:3402/4740 train_time:714683ms step_avg:210.08ms
step:3403/4740 train_time:714866ms step_avg:210.07ms
step:3404/4740 train_time:715194ms step_avg:210.10ms
step:3405/4740 train_time:715374ms step_avg:210.10ms
step:3406/4740 train_time:715697ms step_avg:210.13ms
step:3407/4740 train_time:715878ms step_avg:210.12ms
step:3408/4740 train_time:716202ms step_avg:210.15ms
step:3409/4740 train_time:716385ms step_avg:210.15ms
step:3410/4740 train_time:716708ms step_avg:210.18ms
step:3411/4740 train_time:716892ms step_avg:210.17ms
step:3412/4740 train_time:717219ms step_avg:210.20ms
step:3413/4740 train_time:717400ms step_avg:210.20ms
step:3414/4740 train_time:717726ms step_avg:210.23ms
step:3415/4740 train_time:717907ms step_avg:210.22ms
step:3416/4740 train_time:718235ms step_avg:210.26ms
step:3417/4740 train_time:718416ms step_avg:210.25ms
step:3418/4740 train_time:718739ms step_avg:210.28ms
step:3419/4740 train_time:718916ms step_avg:210.27ms
step:3420/4740 train_time:719242ms step_avg:210.30ms
step:3421/4740 train_time:719426ms step_avg:210.30ms
step:3422/4740 train_time:719751ms step_avg:210.33ms
step:3423/4740 train_time:719934ms step_avg:210.32ms
step:3424/4740 train_time:720256ms step_avg:210.36ms
step:3425/4740 train_time:720439ms step_avg:210.35ms
step:3426/4740 train_time:720760ms step_avg:210.38ms
step:3427/4740 train_time:720941ms step_avg:210.37ms
step:3428/4740 train_time:721264ms step_avg:210.40ms
step:3429/4740 train_time:721449ms step_avg:210.40ms
step:3430/4740 train_time:721771ms step_avg:210.43ms
step:3431/4740 train_time:721954ms step_avg:210.42ms
step:3432/4740 train_time:722276ms step_avg:210.45ms
step:3433/4740 train_time:722460ms step_avg:210.45ms
step:3434/4740 train_time:722784ms step_avg:210.48ms
step:3435/4740 train_time:722965ms step_avg:210.47ms
step:3436/4740 train_time:723285ms step_avg:210.50ms
step:3437/4740 train_time:723468ms step_avg:210.49ms
step:3438/4740 train_time:723792ms step_avg:210.53ms
step:3439/4740 train_time:723974ms step_avg:210.52ms
step:3440/4740 train_time:724299ms step_avg:210.55ms
step:3441/4740 train_time:724483ms step_avg:210.54ms
step:3442/4740 train_time:724806ms step_avg:210.58ms
step:3443/4740 train_time:724986ms step_avg:210.57ms
step:3444/4740 train_time:725309ms step_avg:210.60ms
step:3445/4740 train_time:725494ms step_avg:210.59ms
step:3446/4740 train_time:725818ms step_avg:210.63ms
step:3447/4740 train_time:725998ms step_avg:210.62ms
step:3448/4740 train_time:726322ms step_avg:210.65ms
step:3449/4740 train_time:726504ms step_avg:210.64ms
step:3450/4740 train_time:726828ms step_avg:210.67ms
step:3451/4740 train_time:727011ms step_avg:210.67ms
step:3452/4740 train_time:727333ms step_avg:210.70ms
step:3453/4740 train_time:727517ms step_avg:210.69ms
step:3454/4740 train_time:727838ms step_avg:210.72ms
step:3455/4740 train_time:728023ms step_avg:210.72ms
step:3456/4740 train_time:728346ms step_avg:210.75ms
step:3457/4740 train_time:728527ms step_avg:210.74ms
step:3458/4740 train_time:728851ms step_avg:210.77ms
step:3459/4740 train_time:729035ms step_avg:210.76ms
step:3460/4740 train_time:729356ms step_avg:210.80ms
step:3461/4740 train_time:729539ms step_avg:210.79ms
step:3462/4740 train_time:729862ms step_avg:210.82ms
step:3463/4740 train_time:730044ms step_avg:210.81ms
step:3464/4740 train_time:730367ms step_avg:210.84ms
step:3465/4740 train_time:730552ms step_avg:210.84ms
step:3466/4740 train_time:730876ms step_avg:210.87ms
step:3467/4740 train_time:731056ms step_avg:210.86ms
step:3468/4740 train_time:731382ms step_avg:210.89ms
step:3469/4740 train_time:731565ms step_avg:210.89ms
step:3470/4740 train_time:731886ms step_avg:210.92ms
step:3471/4740 train_time:732066ms step_avg:210.91ms
step:3472/4740 train_time:732388ms step_avg:210.94ms
step:3473/4740 train_time:732577ms step_avg:210.93ms
step:3474/4740 train_time:732894ms step_avg:210.97ms
step:3475/4740 train_time:733077ms step_avg:210.96ms
step:3476/4740 train_time:733397ms step_avg:210.99ms
step:3477/4740 train_time:733581ms step_avg:210.98ms
step:3478/4740 train_time:733905ms step_avg:211.01ms
step:3479/4740 train_time:734091ms step_avg:211.01ms
step:3480/4740 train_time:734415ms step_avg:211.04ms
step:3481/4740 train_time:734593ms step_avg:211.03ms
step:3482/4740 train_time:734919ms step_avg:211.06ms
step:3483/4740 train_time:735100ms step_avg:211.05ms
step:3484/4740 train_time:735425ms step_avg:211.09ms
step:3485/4740 train_time:735610ms step_avg:211.08ms
step:3486/4740 train_time:735933ms step_avg:211.11ms
step:3487/4740 train_time:736115ms step_avg:211.10ms
step:3488/4740 train_time:736438ms step_avg:211.13ms
step:3489/4740 train_time:736617ms step_avg:211.13ms
step:3490/4740 train_time:736941ms step_avg:211.16ms
step:3491/4740 train_time:737123ms step_avg:211.15ms
step:3492/4740 train_time:737445ms step_avg:211.18ms
step:3493/4740 train_time:737626ms step_avg:211.17ms
step:3494/4740 train_time:737955ms step_avg:211.21ms
step:3495/4740 train_time:738135ms step_avg:211.20ms
step:3496/4740 train_time:738455ms step_avg:211.23ms
step:3497/4740 train_time:738637ms step_avg:211.22ms
step:3498/4740 train_time:738960ms step_avg:211.25ms
step:3499/4740 train_time:739145ms step_avg:211.24ms
step:3500/4740 train_time:739464ms step_avg:211.28ms
step:3500/4740 val_loss:3.0244 train_time:739593ms step_avg:211.31ms
step:3501/4740 train_time:739649ms step_avg:211.27ms
step:3502/4740 train_time:739976ms step_avg:211.30ms
step:3503/4740 train_time:740160ms step_avg:211.29ms
step:3504/4740 train_time:740475ms step_avg:211.32ms
step:3505/4740 train_time:740659ms step_avg:211.31ms
step:3506/4740 train_time:740984ms step_avg:211.35ms
step:3507/4740 train_time:741170ms step_avg:211.34ms
step:3508/4740 train_time:741490ms step_avg:211.37ms
step:3509/4740 train_time:741672ms step_avg:211.36ms
step:3510/4740 train_time:741998ms step_avg:211.40ms
step:3511/4740 train_time:742181ms step_avg:211.39ms
step:3512/4740 train_time:742502ms step_avg:211.42ms
step:3513/4740 train_time:742686ms step_avg:211.41ms
step:3514/4740 train_time:743010ms step_avg:211.44ms
step:3515/4740 train_time:743192ms step_avg:211.43ms
step:3516/4740 train_time:743515ms step_avg:211.47ms
step:3517/4740 train_time:743696ms step_avg:211.46ms
step:3518/4740 train_time:744020ms step_avg:211.49ms
step:3519/4740 train_time:744202ms step_avg:211.48ms
step:3520/4740 train_time:744523ms step_avg:211.51ms
step:3521/4740 train_time:744705ms step_avg:211.50ms
step:3522/4740 train_time:745028ms step_avg:211.54ms
step:3523/4740 train_time:745213ms step_avg:211.53ms
step:3524/4740 train_time:745538ms step_avg:211.56ms
step:3525/4740 train_time:745717ms step_avg:211.55ms
step:3526/4740 train_time:746042ms step_avg:211.58ms
step:3527/4740 train_time:746223ms step_avg:211.57ms
step:3528/4740 train_time:746543ms step_avg:211.61ms
step:3529/4740 train_time:746728ms step_avg:211.60ms
step:3530/4740 train_time:747047ms step_avg:211.63ms
step:3531/4740 train_time:747235ms step_avg:211.62ms
step:3532/4740 train_time:747560ms step_avg:211.65ms
step:3533/4740 train_time:747738ms step_avg:211.64ms
step:3534/4740 train_time:748061ms step_avg:211.68ms
step:3535/4740 train_time:748246ms step_avg:211.67ms
step:3536/4740 train_time:748570ms step_avg:211.70ms
step:3537/4740 train_time:748751ms step_avg:211.69ms
step:3538/4740 train_time:749072ms step_avg:211.72ms
step:3539/4740 train_time:749259ms step_avg:211.71ms
step:3540/4740 train_time:749577ms step_avg:211.75ms
step:3541/4740 train_time:749761ms step_avg:211.74ms
step:3542/4740 train_time:750085ms step_avg:211.77ms
step:3543/4740 train_time:750267ms step_avg:211.76ms
step:3544/4740 train_time:750587ms step_avg:211.79ms
step:3545/4740 train_time:750769ms step_avg:211.78ms
step:3546/4740 train_time:751093ms step_avg:211.81ms
step:3547/4740 train_time:751280ms step_avg:211.81ms
step:3548/4740 train_time:751602ms step_avg:211.84ms
step:3549/4740 train_time:751784ms step_avg:211.83ms
step:3550/4740 train_time:752106ms step_avg:211.86ms
step:3551/4740 train_time:752289ms step_avg:211.85ms
step:3552/4740 train_time:752613ms step_avg:211.88ms
step:3553/4740 train_time:752796ms step_avg:211.88ms
step:3554/4740 train_time:753119ms step_avg:211.91ms
step:3555/4740 train_time:753303ms step_avg:211.90ms
step:3556/4740 train_time:753631ms step_avg:211.93ms
step:3557/4740 train_time:753815ms step_avg:211.92ms
step:3558/4740 train_time:754139ms step_avg:211.96ms
step:3559/4740 train_time:754324ms step_avg:211.95ms
step:3560/4740 train_time:754645ms step_avg:211.98ms
step:3561/4740 train_time:754830ms step_avg:211.97ms
step:3562/4740 train_time:755154ms step_avg:212.00ms
step:3563/4740 train_time:755336ms step_avg:211.99ms
step:3564/4740 train_time:755657ms step_avg:212.02ms
step:3565/4740 train_time:755838ms step_avg:212.02ms
step:3566/4740 train_time:756161ms step_avg:212.05ms
step:3567/4740 train_time:756341ms step_avg:212.04ms
step:3568/4740 train_time:756661ms step_avg:212.07ms
step:3569/4740 train_time:756843ms step_avg:212.06ms
step:3570/4740 train_time:757165ms step_avg:212.09ms
step:3571/4740 train_time:757345ms step_avg:212.08ms
step:3572/4740 train_time:757668ms step_avg:212.11ms
step:3573/4740 train_time:757849ms step_avg:212.10ms
step:3574/4740 train_time:758175ms step_avg:212.14ms
step:3575/4740 train_time:758359ms step_avg:212.13ms
step:3576/4740 train_time:758679ms step_avg:212.16ms
step:3577/4740 train_time:758861ms step_avg:212.15ms
step:3578/4740 train_time:759188ms step_avg:212.18ms
step:3579/4740 train_time:759369ms step_avg:212.17ms
step:3580/4740 train_time:759694ms step_avg:212.20ms
step:3581/4740 train_time:759880ms step_avg:212.20ms
step:3582/4740 train_time:760203ms step_avg:212.23ms
step:3583/4740 train_time:760389ms step_avg:212.22ms
step:3584/4740 train_time:760713ms step_avg:212.25ms
step:3585/4740 train_time:760896ms step_avg:212.24ms
step:3586/4740 train_time:761219ms step_avg:212.28ms
step:3587/4740 train_time:761399ms step_avg:212.27ms
step:3588/4740 train_time:761720ms step_avg:212.30ms
step:3589/4740 train_time:761903ms step_avg:212.29ms
step:3590/4740 train_time:762226ms step_avg:212.32ms
step:3591/4740 train_time:762408ms step_avg:212.31ms
step:3592/4740 train_time:762729ms step_avg:212.34ms
step:3593/4740 train_time:762916ms step_avg:212.33ms
step:3594/4740 train_time:763238ms step_avg:212.36ms
step:3595/4740 train_time:763419ms step_avg:212.36ms
step:3596/4740 train_time:763740ms step_avg:212.39ms
step:3597/4740 train_time:763926ms step_avg:212.38ms
step:3598/4740 train_time:764248ms step_avg:212.41ms
step:3599/4740 train_time:764434ms step_avg:212.40ms
step:3600/4740 train_time:764758ms step_avg:212.43ms
step:3601/4740 train_time:764937ms step_avg:212.42ms
step:3602/4740 train_time:765261ms step_avg:212.45ms
step:3603/4740 train_time:765442ms step_avg:212.45ms
step:3604/4740 train_time:765767ms step_avg:212.48ms
step:3605/4740 train_time:765947ms step_avg:212.47ms
step:3606/4740 train_time:766273ms step_avg:212.50ms
step:3607/4740 train_time:766452ms step_avg:212.49ms
step:3608/4740 train_time:766777ms step_avg:212.52ms
step:3609/4740 train_time:766956ms step_avg:212.51ms
step:3610/4740 train_time:767280ms step_avg:212.54ms
step:3611/4740 train_time:767463ms step_avg:212.53ms
step:3612/4740 train_time:767786ms step_avg:212.57ms
step:3613/4740 train_time:767966ms step_avg:212.56ms
step:3614/4740 train_time:768291ms step_avg:212.59ms
step:3615/4740 train_time:768474ms step_avg:212.58ms
step:3616/4740 train_time:768799ms step_avg:212.61ms
step:3617/4740 train_time:768985ms step_avg:212.60ms
step:3618/4740 train_time:769306ms step_avg:212.63ms
step:3619/4740 train_time:769489ms step_avg:212.62ms
step:3620/4740 train_time:769812ms step_avg:212.66ms
step:3621/4740 train_time:769994ms step_avg:212.65ms
step:3622/4740 train_time:770317ms step_avg:212.68ms
step:3623/4740 train_time:770501ms step_avg:212.67ms
step:3624/4740 train_time:770823ms step_avg:212.70ms
step:3625/4740 train_time:771006ms step_avg:212.69ms
step:3626/4740 train_time:771325ms step_avg:212.72ms
step:3627/4740 train_time:771514ms step_avg:212.71ms
step:3628/4740 train_time:771835ms step_avg:212.74ms
step:3629/4740 train_time:772021ms step_avg:212.74ms
step:3630/4740 train_time:772342ms step_avg:212.77ms
step:3631/4740 train_time:772526ms step_avg:212.76ms
step:3632/4740 train_time:772850ms step_avg:212.79ms
step:3633/4740 train_time:773033ms step_avg:212.78ms
step:3634/4740 train_time:773358ms step_avg:212.81ms
step:3635/4740 train_time:773538ms step_avg:212.80ms
step:3636/4740 train_time:773860ms step_avg:212.83ms
step:3637/4740 train_time:774044ms step_avg:212.82ms
step:3638/4740 train_time:774367ms step_avg:212.86ms
step:3639/4740 train_time:774548ms step_avg:212.85ms
step:3640/4740 train_time:774870ms step_avg:212.88ms
step:3641/4740 train_time:775052ms step_avg:212.87ms
step:3642/4740 train_time:775375ms step_avg:212.90ms
step:3643/4740 train_time:775558ms step_avg:212.89ms
step:3644/4740 train_time:775880ms step_avg:212.92ms
step:3645/4740 train_time:776068ms step_avg:212.91ms
step:3646/4740 train_time:776393ms step_avg:212.94ms
step:3647/4740 train_time:776574ms step_avg:212.93ms
step:3648/4740 train_time:776899ms step_avg:212.97ms
step:3649/4740 train_time:777083ms step_avg:212.96ms
step:3650/4740 train_time:777407ms step_avg:212.99ms
step:3651/4740 train_time:777592ms step_avg:212.98ms
step:3652/4740 train_time:777917ms step_avg:213.01ms
step:3653/4740 train_time:778098ms step_avg:213.00ms
step:3654/4740 train_time:778417ms step_avg:213.03ms
step:3655/4740 train_time:778601ms step_avg:213.02ms
step:3656/4740 train_time:778922ms step_avg:213.05ms
step:3657/4740 train_time:779099ms step_avg:213.04ms
step:3658/4740 train_time:779420ms step_avg:213.07ms
step:3659/4740 train_time:779606ms step_avg:213.07ms
step:3660/4740 train_time:779931ms step_avg:213.10ms
step:3661/4740 train_time:780115ms step_avg:213.09ms
step:3662/4740 train_time:780439ms step_avg:213.12ms
step:3663/4740 train_time:780621ms step_avg:213.11ms
step:3664/4740 train_time:780949ms step_avg:213.14ms
step:3665/4740 train_time:781134ms step_avg:213.13ms
step:3666/4740 train_time:781458ms step_avg:213.16ms
step:3667/4740 train_time:781640ms step_avg:213.16ms
step:3668/4740 train_time:781963ms step_avg:213.19ms
step:3669/4740 train_time:782142ms step_avg:213.18ms
step:3670/4740 train_time:782466ms step_avg:213.21ms
step:3671/4740 train_time:782649ms step_avg:213.20ms
step:3672/4740 train_time:782972ms step_avg:213.23ms
step:3673/4740 train_time:783154ms step_avg:213.22ms
step:3674/4740 train_time:783477ms step_avg:213.25ms
step:3675/4740 train_time:783656ms step_avg:213.24ms
step:3676/4740 train_time:783980ms step_avg:213.27ms
step:3677/4740 train_time:784157ms step_avg:213.26ms
step:3678/4740 train_time:784484ms step_avg:213.29ms
step:3679/4740 train_time:784669ms step_avg:213.28ms
step:3680/4740 train_time:784995ms step_avg:213.31ms
step:3681/4740 train_time:785177ms step_avg:213.31ms
step:3682/4740 train_time:785500ms step_avg:213.34ms
step:3683/4740 train_time:785680ms step_avg:213.33ms
step:3684/4740 train_time:786008ms step_avg:213.36ms
step:3685/4740 train_time:786188ms step_avg:213.35ms
step:3686/4740 train_time:786509ms step_avg:213.38ms
step:3687/4740 train_time:786695ms step_avg:213.37ms
step:3688/4740 train_time:787019ms step_avg:213.40ms
step:3689/4740 train_time:787199ms step_avg:213.39ms
step:3690/4740 train_time:787522ms step_avg:213.42ms
step:3691/4740 train_time:787701ms step_avg:213.41ms
step:3692/4740 train_time:788025ms step_avg:213.44ms
step:3693/4740 train_time:788206ms step_avg:213.43ms
step:3694/4740 train_time:788531ms step_avg:213.46ms
step:3695/4740 train_time:788713ms step_avg:213.45ms
step:3696/4740 train_time:789030ms step_avg:213.48ms
step:3697/4740 train_time:789216ms step_avg:213.47ms
step:3698/4740 train_time:789537ms step_avg:213.50ms
step:3699/4740 train_time:789719ms step_avg:213.50ms
step:3700/4740 train_time:790039ms step_avg:213.52ms
step:3701/4740 train_time:790226ms step_avg:213.52ms
step:3702/4740 train_time:790549ms step_avg:213.55ms
step:3703/4740 train_time:790735ms step_avg:213.54ms
step:3704/4740 train_time:791054ms step_avg:213.57ms
step:3705/4740 train_time:791237ms step_avg:213.56ms
step:3706/4740 train_time:791560ms step_avg:213.59ms
step:3707/4740 train_time:791744ms step_avg:213.58ms
step:3708/4740 train_time:792068ms step_avg:213.61ms
step:3709/4740 train_time:792249ms step_avg:213.60ms
step:3710/4740 train_time:792573ms step_avg:213.63ms
step:3711/4740 train_time:792756ms step_avg:213.62ms
step:3712/4740 train_time:793077ms step_avg:213.65ms
step:3713/4740 train_time:793258ms step_avg:213.64ms
step:3714/4740 train_time:793583ms step_avg:213.67ms
step:3715/4740 train_time:793763ms step_avg:213.66ms
step:3716/4740 train_time:794089ms step_avg:213.69ms
step:3717/4740 train_time:794272ms step_avg:213.69ms
step:3718/4740 train_time:794597ms step_avg:213.72ms
step:3719/4740 train_time:794779ms step_avg:213.71ms
step:3720/4740 train_time:795104ms step_avg:213.74ms
step:3721/4740 train_time:795285ms step_avg:213.73ms
step:3722/4740 train_time:795609ms step_avg:213.76ms
step:3723/4740 train_time:795795ms step_avg:213.75ms
step:3724/4740 train_time:796119ms step_avg:213.78ms
step:3725/4740 train_time:796300ms step_avg:213.77ms
step:3726/4740 train_time:796621ms step_avg:213.80ms
step:3727/4740 train_time:796809ms step_avg:213.79ms
step:3728/4740 train_time:797129ms step_avg:213.82ms
step:3729/4740 train_time:797312ms step_avg:213.81ms
step:3730/4740 train_time:797634ms step_avg:213.84ms
step:3731/4740 train_time:797821ms step_avg:213.84ms
step:3732/4740 train_time:798141ms step_avg:213.86ms
step:3733/4740 train_time:798325ms step_avg:213.86ms
step:3734/4740 train_time:798649ms step_avg:213.89ms
step:3735/4740 train_time:798834ms step_avg:213.88ms
step:3736/4740 train_time:799157ms step_avg:213.91ms
step:3737/4740 train_time:799336ms step_avg:213.90ms
step:3738/4740 train_time:799659ms step_avg:213.93ms
step:3739/4740 train_time:799843ms step_avg:213.92ms
step:3740/4740 train_time:800164ms step_avg:213.95ms
step:3741/4740 train_time:800346ms step_avg:213.94ms
step:3742/4740 train_time:800670ms step_avg:213.97ms
step:3743/4740 train_time:800857ms step_avg:213.96ms
step:3744/4740 train_time:801181ms step_avg:213.99ms
step:3745/4740 train_time:801361ms step_avg:213.98ms
step:3746/4740 train_time:801684ms step_avg:214.01ms
step:3747/4740 train_time:801869ms step_avg:214.00ms
step:3748/4740 train_time:802188ms step_avg:214.03ms
step:3749/4740 train_time:802371ms step_avg:214.02ms
step:3750/4740 train_time:802695ms step_avg:214.05ms
step:3750/4740 val_loss:2.9985 train_time:802823ms step_avg:214.09ms
step:3751/4740 train_time:802879ms step_avg:214.04ms
step:3752/4740 train_time:803208ms step_avg:214.07ms
step:3753/4740 train_time:803393ms step_avg:214.07ms
step:3754/4740 train_time:803713ms step_avg:214.10ms
step:3755/4740 train_time:803899ms step_avg:214.09ms
step:3756/4740 train_time:804225ms step_avg:214.12ms
step:3757/4740 train_time:804414ms step_avg:214.11ms
step:3758/4740 train_time:804732ms step_avg:214.14ms
step:3759/4740 train_time:804915ms step_avg:214.13ms
step:3760/4740 train_time:805243ms step_avg:214.16ms
step:3761/4740 train_time:805425ms step_avg:214.15ms
step:3762/4740 train_time:805745ms step_avg:214.18ms
step:3763/4740 train_time:805923ms step_avg:214.17ms
step:3764/4740 train_time:806247ms step_avg:214.20ms
step:3765/4740 train_time:806424ms step_avg:214.19ms
step:3766/4740 train_time:806748ms step_avg:214.22ms
step:3767/4740 train_time:806925ms step_avg:214.21ms
step:3768/4740 train_time:807253ms step_avg:214.24ms
step:3769/4740 train_time:807432ms step_avg:214.23ms
step:3770/4740 train_time:807759ms step_avg:214.26ms
step:3771/4740 train_time:807939ms step_avg:214.25ms
step:3772/4740 train_time:808263ms step_avg:214.28ms
step:3773/4740 train_time:808444ms step_avg:214.27ms
step:3774/4740 train_time:808764ms step_avg:214.30ms
step:3775/4740 train_time:808951ms step_avg:214.29ms
step:3776/4740 train_time:809275ms step_avg:214.32ms
step:3777/4740 train_time:809455ms step_avg:214.31ms
step:3778/4740 train_time:809778ms step_avg:214.34ms
step:3779/4740 train_time:809961ms step_avg:214.33ms
step:3780/4740 train_time:810285ms step_avg:214.36ms
step:3781/4740 train_time:810468ms step_avg:214.35ms
step:3782/4740 train_time:810787ms step_avg:214.38ms
step:3783/4740 train_time:810972ms step_avg:214.37ms
step:3784/4740 train_time:811289ms step_avg:214.40ms
step:3785/4740 train_time:811475ms step_avg:214.39ms
step:3786/4740 train_time:811795ms step_avg:214.42ms
step:3787/4740 train_time:811984ms step_avg:214.41ms
step:3788/4740 train_time:812305ms step_avg:214.44ms
step:3789/4740 train_time:812487ms step_avg:214.43ms
step:3790/4740 train_time:812812ms step_avg:214.46ms
step:3791/4740 train_time:812998ms step_avg:214.45ms
step:3792/4740 train_time:813324ms step_avg:214.48ms
step:3793/4740 train_time:813503ms step_avg:214.47ms
step:3794/4740 train_time:813826ms step_avg:214.50ms
step:3795/4740 train_time:814009ms step_avg:214.50ms
step:3796/4740 train_time:814330ms step_avg:214.52ms
step:3797/4740 train_time:814513ms step_avg:214.51ms
step:3798/4740 train_time:814839ms step_avg:214.54ms
step:3799/4740 train_time:815022ms step_avg:214.54ms
step:3800/4740 train_time:815347ms step_avg:214.57ms
step:3801/4740 train_time:815525ms step_avg:214.56ms
step:3802/4740 train_time:815846ms step_avg:214.58ms
step:3803/4740 train_time:816032ms step_avg:214.58ms
step:3804/4740 train_time:816355ms step_avg:214.60ms
step:3805/4740 train_time:816537ms step_avg:214.60ms
step:3806/4740 train_time:816860ms step_avg:214.62ms
step:3807/4740 train_time:817046ms step_avg:214.62ms
step:3808/4740 train_time:817373ms step_avg:214.65ms
step:3809/4740 train_time:817554ms step_avg:214.64ms
step:3810/4740 train_time:817875ms step_avg:214.67ms
step:3811/4740 train_time:818059ms step_avg:214.66ms
step:3812/4740 train_time:818380ms step_avg:214.69ms
step:3813/4740 train_time:818563ms step_avg:214.68ms
step:3814/4740 train_time:818887ms step_avg:214.71ms
step:3815/4740 train_time:819066ms step_avg:214.70ms
step:3816/4740 train_time:819386ms step_avg:214.72ms
step:3817/4740 train_time:819573ms step_avg:214.72ms
step:3818/4740 train_time:819896ms step_avg:214.74ms
step:3819/4740 train_time:820078ms step_avg:214.74ms
step:3820/4740 train_time:820400ms step_avg:214.76ms
step:3821/4740 train_time:820584ms step_avg:214.76ms
step:3822/4740 train_time:820906ms step_avg:214.78ms
step:3823/4740 train_time:821089ms step_avg:214.78ms
step:3824/4740 train_time:821414ms step_avg:214.80ms
step:3825/4740 train_time:821596ms step_avg:214.80ms
step:3826/4740 train_time:821924ms step_avg:214.83ms
step:3827/4740 train_time:822107ms step_avg:214.82ms
step:3828/4740 train_time:822430ms step_avg:214.85ms
step:3829/4740 train_time:822611ms step_avg:214.84ms
step:3830/4740 train_time:822932ms step_avg:214.86ms
step:3831/4740 train_time:823117ms step_avg:214.86ms
step:3832/4740 train_time:823445ms step_avg:214.89ms
step:3833/4740 train_time:823621ms step_avg:214.88ms
step:3834/4740 train_time:823944ms step_avg:214.90ms
step:3835/4740 train_time:824126ms step_avg:214.90ms
step:3836/4740 train_time:824450ms step_avg:214.92ms
step:3837/4740 train_time:824633ms step_avg:214.92ms
step:3838/4740 train_time:824958ms step_avg:214.94ms
step:3839/4740 train_time:825139ms step_avg:214.94ms
step:3840/4740 train_time:825459ms step_avg:214.96ms
step:3841/4740 train_time:825643ms step_avg:214.96ms
step:3842/4740 train_time:825966ms step_avg:214.98ms
step:3843/4740 train_time:826147ms step_avg:214.97ms
step:3844/4740 train_time:826473ms step_avg:215.00ms
step:3845/4740 train_time:826655ms step_avg:214.99ms
step:3846/4740 train_time:826980ms step_avg:215.02ms
step:3847/4740 train_time:827162ms step_avg:215.01ms
step:3848/4740 train_time:827488ms step_avg:215.04ms
step:3849/4740 train_time:827666ms step_avg:215.03ms
step:3850/4740 train_time:827990ms step_avg:215.06ms
step:3851/4740 train_time:828171ms step_avg:215.05ms
step:3852/4740 train_time:828501ms step_avg:215.08ms
step:3853/4740 train_time:828678ms step_avg:215.07ms
step:3854/4740 train_time:828998ms step_avg:215.10ms
step:3855/4740 train_time:829183ms step_avg:215.09ms
step:3856/4740 train_time:829507ms step_avg:215.12ms
step:3857/4740 train_time:829686ms step_avg:215.11ms
step:3858/4740 train_time:830009ms step_avg:215.14ms
step:3859/4740 train_time:830193ms step_avg:215.13ms
step:3860/4740 train_time:830515ms step_avg:215.16ms
step:3861/4740 train_time:830699ms step_avg:215.15ms
step:3862/4740 train_time:831022ms step_avg:215.18ms
step:3863/4740 train_time:831209ms step_avg:215.17ms
step:3864/4740 train_time:831532ms step_avg:215.20ms
step:3865/4740 train_time:831718ms step_avg:215.19ms
step:3866/4740 train_time:832039ms step_avg:215.22ms
step:3867/4740 train_time:832222ms step_avg:215.21ms
step:3868/4740 train_time:832544ms step_avg:215.24ms
step:3869/4740 train_time:832724ms step_avg:215.23ms
step:3870/4740 train_time:833048ms step_avg:215.26ms
step:3871/4740 train_time:833228ms step_avg:215.25ms
step:3872/4740 train_time:833551ms step_avg:215.28ms
step:3873/4740 train_time:833735ms step_avg:215.27ms
step:3874/4740 train_time:834056ms step_avg:215.30ms
step:3875/4740 train_time:834247ms step_avg:215.29ms
step:3876/4740 train_time:834569ms step_avg:215.32ms
step:3877/4740 train_time:834749ms step_avg:215.31ms
step:3878/4740 train_time:835071ms step_avg:215.34ms
step:3879/4740 train_time:835254ms step_avg:215.33ms
step:3880/4740 train_time:835577ms step_avg:215.35ms
step:3881/4740 train_time:835762ms step_avg:215.35ms
step:3882/4740 train_time:836085ms step_avg:215.37ms
step:3883/4740 train_time:836269ms step_avg:215.37ms
step:3884/4740 train_time:836592ms step_avg:215.39ms
step:3885/4740 train_time:836774ms step_avg:215.39ms
step:3886/4740 train_time:837100ms step_avg:215.41ms
step:3887/4740 train_time:837284ms step_avg:215.41ms
step:3888/4740 train_time:837605ms step_avg:215.43ms
step:3889/4740 train_time:837788ms step_avg:215.43ms
step:3890/4740 train_time:838110ms step_avg:215.45ms
step:3891/4740 train_time:838294ms step_avg:215.44ms
step:3892/4740 train_time:838619ms step_avg:215.47ms
step:3893/4740 train_time:838802ms step_avg:215.46ms
step:3894/4740 train_time:839125ms step_avg:215.49ms
step:3895/4740 train_time:839306ms step_avg:215.48ms
step:3896/4740 train_time:839627ms step_avg:215.51ms
step:3897/4740 train_time:839813ms step_avg:215.50ms
step:3898/4740 train_time:840131ms step_avg:215.53ms
step:3899/4740 train_time:840317ms step_avg:215.52ms
step:3900/4740 train_time:840639ms step_avg:215.55ms
step:3901/4740 train_time:840827ms step_avg:215.54ms
step:3902/4740 train_time:841156ms step_avg:215.57ms
step:3903/4740 train_time:841340ms step_avg:215.56ms
step:3904/4740 train_time:841663ms step_avg:215.59ms
step:3905/4740 train_time:841847ms step_avg:215.58ms
step:3906/4740 train_time:842173ms step_avg:215.61ms
step:3907/4740 train_time:842354ms step_avg:215.60ms
step:3908/4740 train_time:842677ms step_avg:215.63ms
step:3909/4740 train_time:842860ms step_avg:215.62ms
step:3910/4740 train_time:843182ms step_avg:215.65ms
step:3911/4740 train_time:843364ms step_avg:215.64ms
step:3912/4740 train_time:843683ms step_avg:215.67ms
step:3913/4740 train_time:843870ms step_avg:215.66ms
step:3914/4740 train_time:844192ms step_avg:215.69ms
step:3915/4740 train_time:844376ms step_avg:215.68ms
step:3916/4740 train_time:844702ms step_avg:215.71ms
step:3917/4740 train_time:844887ms step_avg:215.70ms
step:3918/4740 train_time:845211ms step_avg:215.73ms
step:3919/4740 train_time:845398ms step_avg:215.72ms
step:3920/4740 train_time:845720ms step_avg:215.74ms
step:3921/4740 train_time:845902ms step_avg:215.74ms
step:3922/4740 train_time:846225ms step_avg:215.76ms
step:3923/4740 train_time:846408ms step_avg:215.76ms
step:3924/4740 train_time:846729ms step_avg:215.78ms
step:3925/4740 train_time:846912ms step_avg:215.77ms
step:3926/4740 train_time:847234ms step_avg:215.80ms
step:3927/4740 train_time:847418ms step_avg:215.79ms
step:3928/4740 train_time:847742ms step_avg:215.82ms
step:3929/4740 train_time:847924ms step_avg:215.81ms
step:3930/4740 train_time:848247ms step_avg:215.84ms
step:3931/4740 train_time:848433ms step_avg:215.83ms
step:3932/4740 train_time:848760ms step_avg:215.86ms
step:3933/4740 train_time:848940ms step_avg:215.85ms
step:3934/4740 train_time:849264ms step_avg:215.88ms
step:3935/4740 train_time:849449ms step_avg:215.87ms
step:3936/4740 train_time:849774ms step_avg:215.90ms
step:3937/4740 train_time:849956ms step_avg:215.89ms
step:3938/4740 train_time:850284ms step_avg:215.92ms
step:3939/4740 train_time:850466ms step_avg:215.91ms
step:3940/4740 train_time:850790ms step_avg:215.94ms
step:3941/4740 train_time:850975ms step_avg:215.93ms
step:3942/4740 train_time:851301ms step_avg:215.96ms
step:3943/4740 train_time:851485ms step_avg:215.95ms
step:3944/4740 train_time:851803ms step_avg:215.97ms
step:3945/4740 train_time:851988ms step_avg:215.97ms
step:3946/4740 train_time:852314ms step_avg:215.99ms
step:3947/4740 train_time:852497ms step_avg:215.99ms
step:3948/4740 train_time:852818ms step_avg:216.01ms
step:3949/4740 train_time:853001ms step_avg:216.00ms
step:3950/4740 train_time:853324ms step_avg:216.03ms
step:3951/4740 train_time:853505ms step_avg:216.02ms
step:3952/4740 train_time:853827ms step_avg:216.05ms
step:3953/4740 train_time:854009ms step_avg:216.04ms
step:3954/4740 train_time:854329ms step_avg:216.07ms
step:3955/4740 train_time:854514ms step_avg:216.06ms
step:3956/4740 train_time:854833ms step_avg:216.09ms
step:3957/4740 train_time:855018ms step_avg:216.08ms
step:3958/4740 train_time:855341ms step_avg:216.10ms
step:3959/4740 train_time:855526ms step_avg:216.10ms
step:3960/4740 train_time:855850ms step_avg:216.12ms
step:3961/4740 train_time:856032ms step_avg:216.12ms
step:3962/4740 train_time:856357ms step_avg:216.14ms
step:3963/4740 train_time:856541ms step_avg:216.13ms
step:3964/4740 train_time:856866ms step_avg:216.16ms
step:3965/4740 train_time:857048ms step_avg:216.15ms
step:3966/4740 train_time:857370ms step_avg:216.18ms
step:3967/4740 train_time:857554ms step_avg:216.17ms
step:3968/4740 train_time:857881ms step_avg:216.20ms
step:3969/4740 train_time:858061ms step_avg:216.19ms
step:3970/4740 train_time:858385ms step_avg:216.22ms
step:3971/4740 train_time:858570ms step_avg:216.21ms
step:3972/4740 train_time:858889ms step_avg:216.24ms
step:3973/4740 train_time:859072ms step_avg:216.23ms
step:3974/4740 train_time:859395ms step_avg:216.25ms
step:3975/4740 train_time:859580ms step_avg:216.25ms
step:3976/4740 train_time:859904ms step_avg:216.27ms
step:3977/4740 train_time:860084ms step_avg:216.26ms
step:3978/4740 train_time:860408ms step_avg:216.29ms
step:3979/4740 train_time:860589ms step_avg:216.28ms
step:3980/4740 train_time:860912ms step_avg:216.31ms
step:3981/4740 train_time:861096ms step_avg:216.30ms
step:3982/4740 train_time:861417ms step_avg:216.33ms
step:3983/4740 train_time:861599ms step_avg:216.32ms
step:3984/4740 train_time:861922ms step_avg:216.35ms
step:3985/4740 train_time:862105ms step_avg:216.34ms
step:3986/4740 train_time:862426ms step_avg:216.36ms
step:3987/4740 train_time:862614ms step_avg:216.36ms
step:3988/4740 train_time:862934ms step_avg:216.38ms
step:3989/4740 train_time:863121ms step_avg:216.38ms
step:3990/4740 train_time:863447ms step_avg:216.40ms
step:3991/4740 train_time:863625ms step_avg:216.39ms
step:3992/4740 train_time:863949ms step_avg:216.42ms
step:3993/4740 train_time:864129ms step_avg:216.41ms
step:3994/4740 train_time:864455ms step_avg:216.44ms
step:3995/4740 train_time:864637ms step_avg:216.43ms
step:3996/4740 train_time:864959ms step_avg:216.46ms
step:3997/4740 train_time:865146ms step_avg:216.45ms
step:3998/4740 train_time:865470ms step_avg:216.48ms
step:3999/4740 train_time:865653ms step_avg:216.47ms
step:4000/4740 train_time:865973ms step_avg:216.49ms
step:4000/4740 val_loss:2.9745 train_time:866102ms step_avg:216.53ms
step:4001/4740 train_time:866158ms step_avg:216.49ms
step:4002/4740 train_time:866486ms step_avg:216.51ms
step:4003/4740 train_time:866668ms step_avg:216.50ms
step:4004/4740 train_time:866989ms step_avg:216.53ms
step:4005/4740 train_time:867172ms step_avg:216.52ms
step:4006/4740 train_time:867499ms step_avg:216.55ms
step:4007/4740 train_time:867683ms step_avg:216.54ms
step:4008/4740 train_time:868001ms step_avg:216.57ms
step:4009/4740 train_time:868182ms step_avg:216.56ms
step:4010/4740 train_time:868510ms step_avg:216.59ms
step:4011/4740 train_time:868694ms step_avg:216.58ms
step:4012/4740 train_time:869017ms step_avg:216.60ms
step:4013/4740 train_time:869197ms step_avg:216.60ms
step:4014/4740 train_time:869520ms step_avg:216.62ms
step:4015/4740 train_time:869707ms step_avg:216.61ms
step:4016/4740 train_time:870029ms step_avg:216.64ms
step:4017/4740 train_time:870210ms step_avg:216.63ms
step:4018/4740 train_time:870535ms step_avg:216.66ms
step:4019/4740 train_time:870718ms step_avg:216.65ms
step:4020/4740 train_time:871042ms step_avg:216.68ms
step:4021/4740 train_time:871222ms step_avg:216.67ms
step:4022/4740 train_time:871547ms step_avg:216.69ms
step:4023/4740 train_time:871728ms step_avg:216.69ms
step:4024/4740 train_time:872048ms step_avg:216.71ms
step:4025/4740 train_time:872232ms step_avg:216.70ms
step:4026/4740 train_time:872553ms step_avg:216.73ms
step:4027/4740 train_time:872737ms step_avg:216.72ms
step:4028/4740 train_time:873058ms step_avg:216.75ms
step:4029/4740 train_time:873245ms step_avg:216.74ms
step:4030/4740 train_time:873570ms step_avg:216.77ms
step:4031/4740 train_time:873752ms step_avg:216.76ms
step:4032/4740 train_time:874079ms step_avg:216.79ms
step:4033/4740 train_time:874259ms step_avg:216.78ms
step:4034/4740 train_time:874580ms step_avg:216.80ms
step:4035/4740 train_time:874763ms step_avg:216.79ms
step:4036/4740 train_time:875089ms step_avg:216.82ms
step:4037/4740 train_time:875275ms step_avg:216.81ms
step:4038/4740 train_time:875599ms step_avg:216.84ms
step:4039/4740 train_time:875782ms step_avg:216.83ms
step:4040/4740 train_time:876107ms step_avg:216.86ms
step:4041/4740 train_time:876291ms step_avg:216.85ms
step:4042/4740 train_time:876612ms step_avg:216.88ms
step:4043/4740 train_time:876798ms step_avg:216.87ms
step:4044/4740 train_time:877118ms step_avg:216.89ms
step:4045/4740 train_time:877302ms step_avg:216.89ms
step:4046/4740 train_time:877622ms step_avg:216.91ms
step:4047/4740 train_time:877807ms step_avg:216.90ms
step:4048/4740 train_time:878131ms step_avg:216.93ms
step:4049/4740 train_time:878315ms step_avg:216.92ms
step:4050/4740 train_time:878638ms step_avg:216.95ms
step:4051/4740 train_time:878818ms step_avg:216.94ms
step:4052/4740 train_time:879139ms step_avg:216.96ms
step:4053/4740 train_time:879325ms step_avg:216.96ms
step:4054/4740 train_time:879645ms step_avg:216.98ms
step:4055/4740 train_time:879830ms step_avg:216.97ms
step:4056/4740 train_time:880152ms step_avg:217.00ms
step:4057/4740 train_time:880337ms step_avg:216.99ms
step:4058/4740 train_time:880666ms step_avg:217.02ms
step:4059/4740 train_time:880849ms step_avg:217.01ms
step:4060/4740 train_time:881173ms step_avg:217.04ms
step:4061/4740 train_time:881355ms step_avg:217.03ms
step:4062/4740 train_time:881676ms step_avg:217.05ms
step:4063/4740 train_time:881862ms step_avg:217.05ms
step:4064/4740 train_time:882183ms step_avg:217.07ms
step:4065/4740 train_time:882367ms step_avg:217.06ms
step:4066/4740 train_time:882692ms step_avg:217.09ms
step:4067/4740 train_time:882872ms step_avg:217.08ms
step:4068/4740 train_time:883195ms step_avg:217.11ms
step:4069/4740 train_time:883375ms step_avg:217.10ms
step:4070/4740 train_time:883698ms step_avg:217.12ms
step:4071/4740 train_time:883884ms step_avg:217.12ms
step:4072/4740 train_time:884208ms step_avg:217.14ms
step:4073/4740 train_time:884388ms step_avg:217.13ms
step:4074/4740 train_time:884708ms step_avg:217.16ms
step:4075/4740 train_time:884895ms step_avg:217.15ms
step:4076/4740 train_time:885218ms step_avg:217.18ms
step:4077/4740 train_time:885404ms step_avg:217.17ms
step:4078/4740 train_time:885729ms step_avg:217.20ms
step:4079/4740 train_time:885913ms step_avg:217.19ms
step:4080/4740 train_time:886233ms step_avg:217.21ms
step:4081/4740 train_time:886420ms step_avg:217.21ms
step:4082/4740 train_time:886741ms step_avg:217.23ms
step:4083/4740 train_time:886923ms step_avg:217.22ms
step:4084/4740 train_time:887244ms step_avg:217.25ms
step:4085/4740 train_time:887427ms step_avg:217.24ms
step:4086/4740 train_time:887751ms step_avg:217.27ms
step:4087/4740 train_time:887936ms step_avg:217.26ms
step:4088/4740 train_time:888252ms step_avg:217.28ms
step:4089/4740 train_time:888439ms step_avg:217.28ms
step:4090/4740 train_time:888760ms step_avg:217.30ms
step:4091/4740 train_time:888944ms step_avg:217.29ms
step:4092/4740 train_time:889269ms step_avg:217.32ms
step:4093/4740 train_time:889454ms step_avg:217.31ms
step:4094/4740 train_time:889778ms step_avg:217.34ms
step:4095/4740 train_time:889959ms step_avg:217.33ms
step:4096/4740 train_time:890289ms step_avg:217.36ms
step:4097/4740 train_time:890469ms step_avg:217.35ms
step:4098/4740 train_time:890791ms step_avg:217.37ms
step:4099/4740 train_time:890969ms step_avg:217.36ms
step:4100/4740 train_time:891291ms step_avg:217.39ms
step:4101/4740 train_time:891474ms step_avg:217.38ms
step:4102/4740 train_time:891801ms step_avg:217.41ms
step:4103/4740 train_time:891984ms step_avg:217.40ms
step:4104/4740 train_time:892308ms step_avg:217.42ms
step:4105/4740 train_time:892494ms step_avg:217.42ms
step:4106/4740 train_time:892815ms step_avg:217.44ms
step:4107/4740 train_time:892997ms step_avg:217.43ms
step:4108/4740 train_time:893318ms step_avg:217.46ms
step:4109/4740 train_time:893502ms step_avg:217.45ms
step:4110/4740 train_time:893832ms step_avg:217.48ms
step:4111/4740 train_time:894009ms step_avg:217.47ms
step:4112/4740 train_time:894334ms step_avg:217.49ms
step:4113/4740 train_time:894517ms step_avg:217.49ms
step:4114/4740 train_time:894840ms step_avg:217.51ms
step:4115/4740 train_time:895026ms step_avg:217.50ms
step:4116/4740 train_time:895347ms step_avg:217.53ms
step:4117/4740 train_time:895530ms step_avg:217.52ms
step:4118/4740 train_time:895854ms step_avg:217.55ms
step:4119/4740 train_time:896040ms step_avg:217.54ms
step:4120/4740 train_time:896361ms step_avg:217.56ms
step:4121/4740 train_time:896547ms step_avg:217.56ms
step:4122/4740 train_time:896870ms step_avg:217.58ms
step:4123/4740 train_time:897051ms step_avg:217.57ms
step:4124/4740 train_time:897374ms step_avg:217.60ms
step:4125/4740 train_time:897553ms step_avg:217.59ms
step:4126/4740 train_time:897880ms step_avg:217.62ms
step:4127/4740 train_time:898060ms step_avg:217.61ms
step:4128/4740 train_time:898381ms step_avg:217.63ms
step:4129/4740 train_time:898568ms step_avg:217.62ms
step:4130/4740 train_time:898893ms step_avg:217.65ms
step:4131/4740 train_time:899078ms step_avg:217.64ms
step:4132/4740 train_time:899399ms step_avg:217.67ms
step:4133/4740 train_time:899586ms step_avg:217.66ms
step:4134/4740 train_time:899909ms step_avg:217.68ms
step:4135/4740 train_time:900095ms step_avg:217.68ms
step:4136/4740 train_time:900414ms step_avg:217.70ms
step:4137/4740 train_time:900598ms step_avg:217.69ms
step:4138/4740 train_time:900920ms step_avg:217.72ms
step:4139/4740 train_time:901105ms step_avg:217.71ms
step:4140/4740 train_time:901432ms step_avg:217.74ms
step:4141/4740 train_time:901610ms step_avg:217.73ms
step:4142/4740 train_time:901932ms step_avg:217.75ms
step:4143/4740 train_time:902114ms step_avg:217.74ms
step:4144/4740 train_time:902438ms step_avg:217.77ms
step:4145/4740 train_time:902619ms step_avg:217.76ms
step:4146/4740 train_time:902942ms step_avg:217.79ms
step:4147/4740 train_time:903122ms step_avg:217.78ms
step:4148/4740 train_time:903447ms step_avg:217.80ms
step:4149/4740 train_time:903631ms step_avg:217.79ms
step:4150/4740 train_time:903954ms step_avg:217.82ms
step:4151/4740 train_time:904135ms step_avg:217.81ms
step:4152/4740 train_time:904460ms step_avg:217.84ms
step:4153/4740 train_time:904642ms step_avg:217.83ms
step:4154/4740 train_time:904971ms step_avg:217.86ms
step:4155/4740 train_time:905152ms step_avg:217.85ms
step:4156/4740 train_time:905479ms step_avg:217.87ms
step:4157/4740 train_time:905661ms step_avg:217.86ms
step:4158/4740 train_time:905981ms step_avg:217.89ms
step:4159/4740 train_time:906161ms step_avg:217.88ms
step:4160/4740 train_time:906488ms step_avg:217.91ms
step:4161/4740 train_time:906669ms step_avg:217.90ms
step:4162/4740 train_time:906994ms step_avg:217.92ms
step:4163/4740 train_time:907182ms step_avg:217.92ms
step:4164/4740 train_time:907504ms step_avg:217.94ms
step:4165/4740 train_time:907690ms step_avg:217.93ms
step:4166/4740 train_time:908014ms step_avg:217.96ms
step:4167/4740 train_time:908196ms step_avg:217.95ms
step:4168/4740 train_time:908523ms step_avg:217.98ms
step:4169/4740 train_time:908703ms step_avg:217.97ms
step:4170/4740 train_time:909022ms step_avg:217.99ms
step:4171/4740 train_time:909210ms step_avg:217.98ms
step:4172/4740 train_time:909537ms step_avg:218.01ms
step:4173/4740 train_time:909717ms step_avg:218.00ms
step:4174/4740 train_time:910037ms step_avg:218.03ms
step:4175/4740 train_time:910222ms step_avg:218.02ms
step:4176/4740 train_time:910550ms step_avg:218.04ms
step:4177/4740 train_time:910731ms step_avg:218.03ms
step:4178/4740 train_time:911052ms step_avg:218.06ms
step:4179/4740 train_time:911231ms step_avg:218.05ms
step:4180/4740 train_time:911555ms step_avg:218.08ms
step:4181/4740 train_time:911742ms step_avg:218.07ms
step:4182/4740 train_time:912064ms step_avg:218.09ms
step:4183/4740 train_time:912247ms step_avg:218.08ms
step:4184/4740 train_time:912571ms step_avg:218.11ms
step:4185/4740 train_time:912755ms step_avg:218.10ms
step:4186/4740 train_time:913079ms step_avg:218.13ms
step:4187/4740 train_time:913260ms step_avg:218.12ms
step:4188/4740 train_time:913580ms step_avg:218.14ms
step:4189/4740 train_time:913762ms step_avg:218.13ms
step:4190/4740 train_time:914088ms step_avg:218.16ms
step:4191/4740 train_time:914269ms step_avg:218.15ms
step:4192/4740 train_time:914589ms step_avg:218.17ms
step:4193/4740 train_time:914773ms step_avg:218.17ms
step:4194/4740 train_time:915095ms step_avg:218.19ms
step:4195/4740 train_time:915276ms step_avg:218.18ms
step:4196/4740 train_time:915601ms step_avg:218.21ms
step:4197/4740 train_time:915787ms step_avg:218.20ms
step:4198/4740 train_time:916111ms step_avg:218.23ms
step:4199/4740 train_time:916296ms step_avg:218.22ms
step:4200/4740 train_time:916619ms step_avg:218.24ms
step:4201/4740 train_time:916801ms step_avg:218.23ms
step:4202/4740 train_time:917122ms step_avg:218.26ms
step:4203/4740 train_time:917308ms step_avg:218.25ms
step:4204/4740 train_time:917635ms step_avg:218.28ms
step:4205/4740 train_time:917814ms step_avg:218.27ms
step:4206/4740 train_time:918138ms step_avg:218.29ms
step:4207/4740 train_time:918323ms step_avg:218.28ms
step:4208/4740 train_time:918649ms step_avg:218.31ms
step:4209/4740 train_time:918830ms step_avg:218.30ms
step:4210/4740 train_time:919156ms step_avg:218.33ms
step:4211/4740 train_time:919336ms step_avg:218.32ms
step:4212/4740 train_time:919656ms step_avg:218.34ms
step:4213/4740 train_time:919837ms step_avg:218.33ms
step:4214/4740 train_time:920163ms step_avg:218.36ms
step:4215/4740 train_time:920347ms step_avg:218.35ms
step:4216/4740 train_time:920670ms step_avg:218.38ms
step:4217/4740 train_time:920853ms step_avg:218.37ms
step:4218/4740 train_time:921178ms step_avg:218.39ms
step:4219/4740 train_time:921365ms step_avg:218.38ms
step:4220/4740 train_time:921687ms step_avg:218.41ms
step:4221/4740 train_time:921870ms step_avg:218.40ms
step:4222/4740 train_time:922190ms step_avg:218.43ms
step:4223/4740 train_time:922374ms step_avg:218.42ms
step:4224/4740 train_time:922695ms step_avg:218.44ms
step:4225/4740 train_time:922880ms step_avg:218.43ms
step:4226/4740 train_time:923202ms step_avg:218.46ms
step:4227/4740 train_time:923383ms step_avg:218.45ms
step:4228/4740 train_time:923706ms step_avg:218.47ms
step:4229/4740 train_time:923887ms step_avg:218.46ms
step:4230/4740 train_time:924210ms step_avg:218.49ms
step:4231/4740 train_time:924394ms step_avg:218.48ms
step:4232/4740 train_time:924722ms step_avg:218.51ms
step:4233/4740 train_time:924908ms step_avg:218.50ms
step:4234/4740 train_time:925230ms step_avg:218.52ms
step:4235/4740 train_time:925410ms step_avg:218.51ms
step:4236/4740 train_time:925735ms step_avg:218.54ms
step:4237/4740 train_time:925912ms step_avg:218.53ms
step:4238/4740 train_time:926235ms step_avg:218.55ms
step:4239/4740 train_time:926419ms step_avg:218.55ms
step:4240/4740 train_time:926746ms step_avg:218.57ms
step:4241/4740 train_time:926929ms step_avg:218.56ms
step:4242/4740 train_time:927252ms step_avg:218.59ms
step:4243/4740 train_time:927431ms step_avg:218.58ms
step:4244/4740 train_time:927754ms step_avg:218.60ms
step:4245/4740 train_time:927940ms step_avg:218.60ms
step:4246/4740 train_time:928260ms step_avg:218.62ms
step:4247/4740 train_time:928445ms step_avg:218.61ms
step:4248/4740 train_time:928770ms step_avg:218.64ms
step:4249/4740 train_time:928955ms step_avg:218.63ms
step:4250/4740 train_time:929272ms step_avg:218.65ms
step:4250/4740 val_loss:2.9518 train_time:929404ms step_avg:218.68ms
step:4251/4740 train_time:929459ms step_avg:218.64ms
step:4252/4740 train_time:929787ms step_avg:218.67ms
step:4253/4740 train_time:929975ms step_avg:218.66ms
step:4254/4740 train_time:930294ms step_avg:218.69ms
step:4255/4740 train_time:930477ms step_avg:218.68ms
step:4256/4740 train_time:930799ms step_avg:218.70ms
step:4257/4740 train_time:930986ms step_avg:218.70ms
step:4258/4740 train_time:931303ms step_avg:218.72ms
step:4259/4740 train_time:931487ms step_avg:218.71ms
step:4260/4740 train_time:931815ms step_avg:218.74ms
step:4261/4740 train_time:932001ms step_avg:218.73ms
step:4262/4740 train_time:932320ms step_avg:218.75ms
step:4263/4740 train_time:932501ms step_avg:218.74ms
step:4264/4740 train_time:932827ms step_avg:218.77ms
step:4265/4740 train_time:933013ms step_avg:218.76ms
step:4266/4740 train_time:933336ms step_avg:218.78ms
step:4267/4740 train_time:933516ms step_avg:218.78ms
step:4268/4740 train_time:933839ms step_avg:218.80ms
step:4269/4740 train_time:934021ms step_avg:218.79ms
step:4270/4740 train_time:934346ms step_avg:218.82ms
step:4271/4740 train_time:934528ms step_avg:218.81ms
step:4272/4740 train_time:934852ms step_avg:218.83ms
step:4273/4740 train_time:935038ms step_avg:218.82ms
step:4274/4740 train_time:935363ms step_avg:218.85ms
step:4275/4740 train_time:935542ms step_avg:218.84ms
step:4276/4740 train_time:935866ms step_avg:218.86ms
step:4277/4740 train_time:936048ms step_avg:218.86ms
step:4278/4740 train_time:936374ms step_avg:218.88ms
step:4279/4740 train_time:936554ms step_avg:218.87ms
step:4280/4740 train_time:936878ms step_avg:218.90ms
step:4281/4740 train_time:937058ms step_avg:218.89ms
step:4282/4740 train_time:937381ms step_avg:218.91ms
step:4283/4740 train_time:937563ms step_avg:218.90ms
step:4284/4740 train_time:937887ms step_avg:218.93ms
step:4285/4740 train_time:938068ms step_avg:218.92ms
step:4286/4740 train_time:938390ms step_avg:218.94ms
step:4287/4740 train_time:938577ms step_avg:218.94ms
step:4288/4740 train_time:938897ms step_avg:218.96ms
step:4289/4740 train_time:939079ms step_avg:218.95ms
step:4290/4740 train_time:939401ms step_avg:218.97ms
step:4291/4740 train_time:939584ms step_avg:218.97ms
step:4292/4740 train_time:939909ms step_avg:218.99ms
step:4293/4740 train_time:940094ms step_avg:218.98ms
step:4294/4740 train_time:940419ms step_avg:219.01ms
step:4295/4740 train_time:940600ms step_avg:219.00ms
step:4296/4740 train_time:940924ms step_avg:219.02ms
step:4297/4740 train_time:941104ms step_avg:219.01ms
step:4298/4740 train_time:941430ms step_avg:219.04ms
step:4299/4740 train_time:941617ms step_avg:219.03ms
step:4300/4740 train_time:941943ms step_avg:219.06ms
step:4301/4740 train_time:942127ms step_avg:219.05ms
step:4302/4740 train_time:942449ms step_avg:219.07ms
step:4303/4740 train_time:942631ms step_avg:219.06ms
step:4304/4740 train_time:942956ms step_avg:219.09ms
step:4305/4740 train_time:943140ms step_avg:219.08ms
step:4306/4740 train_time:943465ms step_avg:219.10ms
step:4307/4740 train_time:943648ms step_avg:219.10ms
step:4308/4740 train_time:943969ms step_avg:219.12ms
step:4309/4740 train_time:944151ms step_avg:219.11ms
step:4310/4740 train_time:944475ms step_avg:219.14ms
step:4311/4740 train_time:944653ms step_avg:219.13ms
step:4312/4740 train_time:944979ms step_avg:219.15ms
step:4313/4740 train_time:945161ms step_avg:219.14ms
step:4314/4740 train_time:945485ms step_avg:219.17ms
step:4315/4740 train_time:945664ms step_avg:219.16ms
step:4316/4740 train_time:945990ms step_avg:219.18ms
step:4317/4740 train_time:946174ms step_avg:219.17ms
step:4318/4740 train_time:946497ms step_avg:219.20ms
step:4319/4740 train_time:946677ms step_avg:219.19ms
step:4320/4740 train_time:946999ms step_avg:219.21ms
step:4321/4740 train_time:947186ms step_avg:219.21ms
step:4322/4740 train_time:947511ms step_avg:219.23ms
step:4323/4740 train_time:947694ms step_avg:219.22ms
step:4324/4740 train_time:948019ms step_avg:219.25ms
step:4325/4740 train_time:948201ms step_avg:219.24ms
step:4326/4740 train_time:948525ms step_avg:219.26ms
step:4327/4740 train_time:948708ms step_avg:219.25ms
step:4328/4740 train_time:949030ms step_avg:219.28ms
step:4329/4740 train_time:949210ms step_avg:219.27ms
step:4330/4740 train_time:949529ms step_avg:219.29ms
step:4331/4740 train_time:949716ms step_avg:219.28ms
step:4332/4740 train_time:950039ms step_avg:219.31ms
step:4333/4740 train_time:950218ms step_avg:219.30ms
step:4334/4740 train_time:950539ms step_avg:219.32ms
step:4335/4740 train_time:950727ms step_avg:219.31ms
step:4336/4740 train_time:951049ms step_avg:219.34ms
step:4337/4740 train_time:951236ms step_avg:219.33ms
step:4338/4740 train_time:951560ms step_avg:219.35ms
step:4339/4740 train_time:951746ms step_avg:219.35ms
step:4340/4740 train_time:952067ms step_avg:219.37ms
step:4341/4740 train_time:952252ms step_avg:219.36ms
step:4342/4740 train_time:952576ms step_avg:219.39ms
step:4343/4740 train_time:952757ms step_avg:219.38ms
step:4344/4740 train_time:953080ms step_avg:219.40ms
step:4345/4740 train_time:953258ms step_avg:219.39ms
step:4346/4740 train_time:953584ms step_avg:219.42ms
step:4347/4740 train_time:953768ms step_avg:219.41ms
step:4348/4740 train_time:954095ms step_avg:219.43ms
step:4349/4740 train_time:954274ms step_avg:219.42ms
step:4350/4740 train_time:954598ms step_avg:219.45ms
step:4351/4740 train_time:954780ms step_avg:219.44ms
step:4352/4740 train_time:955102ms step_avg:219.46ms
step:4353/4740 train_time:955282ms step_avg:219.45ms
step:4354/4740 train_time:955602ms step_avg:219.48ms
step:4355/4740 train_time:955788ms step_avg:219.47ms
step:4356/4740 train_time:956110ms step_avg:219.49ms
step:4357/4740 train_time:956296ms step_avg:219.48ms
step:4358/4740 train_time:956622ms step_avg:219.51ms
step:4359/4740 train_time:956808ms step_avg:219.50ms
step:4360/4740 train_time:957131ms step_avg:219.53ms
step:4361/4740 train_time:957314ms step_avg:219.52ms
step:4362/4740 train_time:957638ms step_avg:219.54ms
step:4363/4740 train_time:957821ms step_avg:219.53ms
step:4364/4740 train_time:958142ms step_avg:219.56ms
step:4365/4740 train_time:958326ms step_avg:219.55ms
step:4366/4740 train_time:958646ms step_avg:219.57ms
step:4367/4740 train_time:958829ms step_avg:219.56ms
step:4368/4740 train_time:959155ms step_avg:219.59ms
step:4369/4740 train_time:959339ms step_avg:219.58ms
step:4370/4740 train_time:959660ms step_avg:219.60ms
step:4371/4740 train_time:959841ms step_avg:219.59ms
step:4372/4740 train_time:960166ms step_avg:219.62ms
step:4373/4740 train_time:960351ms step_avg:219.61ms
step:4374/4740 train_time:960675ms step_avg:219.63ms
step:4375/4740 train_time:960852ms step_avg:219.62ms
step:4376/4740 train_time:961178ms step_avg:219.65ms
step:4377/4740 train_time:961363ms step_avg:219.64ms
step:4378/4740 train_time:961685ms step_avg:219.66ms
step:4379/4740 train_time:961870ms step_avg:219.66ms
step:4380/4740 train_time:962194ms step_avg:219.68ms
step:4381/4740 train_time:962380ms step_avg:219.67ms
step:4382/4740 train_time:962699ms step_avg:219.69ms
step:4383/4740 train_time:962886ms step_avg:219.69ms
step:4384/4740 train_time:963208ms step_avg:219.71ms
step:4385/4740 train_time:963395ms step_avg:219.70ms
step:4386/4740 train_time:963717ms step_avg:219.73ms
step:4387/4740 train_time:963898ms step_avg:219.72ms
step:4388/4740 train_time:964225ms step_avg:219.74ms
step:4389/4740 train_time:964405ms step_avg:219.73ms
step:4390/4740 train_time:964728ms step_avg:219.76ms
step:4391/4740 train_time:964913ms step_avg:219.75ms
step:4392/4740 train_time:965240ms step_avg:219.77ms
step:4393/4740 train_time:965421ms step_avg:219.76ms
step:4394/4740 train_time:965741ms step_avg:219.79ms
step:4395/4740 train_time:965925ms step_avg:219.78ms
step:4396/4740 train_time:966246ms step_avg:219.80ms
step:4397/4740 train_time:966428ms step_avg:219.79ms
step:4398/4740 train_time:966752ms step_avg:219.82ms
step:4399/4740 train_time:966934ms step_avg:219.81ms
step:4400/4740 train_time:967258ms step_avg:219.83ms
step:4401/4740 train_time:967439ms step_avg:219.82ms
step:4402/4740 train_time:967765ms step_avg:219.85ms
step:4403/4740 train_time:967946ms step_avg:219.84ms
step:4404/4740 train_time:968266ms step_avg:219.86ms
step:4405/4740 train_time:968450ms step_avg:219.85ms
step:4406/4740 train_time:968774ms step_avg:219.88ms
step:4407/4740 train_time:968957ms step_avg:219.87ms
step:4408/4740 train_time:969285ms step_avg:219.89ms
step:4409/4740 train_time:969468ms step_avg:219.88ms
step:4410/4740 train_time:969789ms step_avg:219.91ms
step:4411/4740 train_time:969971ms step_avg:219.90ms
step:4412/4740 train_time:970292ms step_avg:219.92ms
step:4413/4740 train_time:970474ms step_avg:219.91ms
step:4414/4740 train_time:970797ms step_avg:219.94ms
step:4415/4740 train_time:970979ms step_avg:219.93ms
step:4416/4740 train_time:971304ms step_avg:219.95ms
step:4417/4740 train_time:971490ms step_avg:219.94ms
step:4418/4740 train_time:971813ms step_avg:219.97ms
step:4419/4740 train_time:971995ms step_avg:219.96ms
step:4420/4740 train_time:972317ms step_avg:219.98ms
step:4421/4740 train_time:972500ms step_avg:219.97ms
step:4422/4740 train_time:972824ms step_avg:220.00ms
step:4423/4740 train_time:973005ms step_avg:219.99ms
step:4424/4740 train_time:973333ms step_avg:220.01ms
step:4425/4740 train_time:973515ms step_avg:220.00ms
step:4426/4740 train_time:973842ms step_avg:220.03ms
step:4427/4740 train_time:974022ms step_avg:220.02ms
step:4428/4740 train_time:974347ms step_avg:220.04ms
step:4429/4740 train_time:974529ms step_avg:220.03ms
step:4430/4740 train_time:974854ms step_avg:220.06ms
step:4431/4740 train_time:975039ms step_avg:220.05ms
step:4432/4740 train_time:975361ms step_avg:220.07ms
step:4433/4740 train_time:975543ms step_avg:220.06ms
step:4434/4740 train_time:975863ms step_avg:220.09ms
step:4435/4740 train_time:976048ms step_avg:220.08ms
step:4436/4740 train_time:976368ms step_avg:220.10ms
step:4437/4740 train_time:976553ms step_avg:220.09ms
step:4438/4740 train_time:976878ms step_avg:220.12ms
step:4439/4740 train_time:977061ms step_avg:220.11ms
step:4440/4740 train_time:977384ms step_avg:220.13ms
step:4441/4740 train_time:977566ms step_avg:220.12ms
step:4442/4740 train_time:977895ms step_avg:220.15ms
step:4443/4740 train_time:978075ms step_avg:220.14ms
step:4444/4740 train_time:978396ms step_avg:220.16ms
step:4445/4740 train_time:978577ms step_avg:220.15ms
step:4446/4740 train_time:978900ms step_avg:220.18ms
step:4447/4740 train_time:979086ms step_avg:220.17ms
step:4448/4740 train_time:979406ms step_avg:220.19ms
step:4449/4740 train_time:979589ms step_avg:220.18ms
step:4450/4740 train_time:979915ms step_avg:220.21ms
step:4451/4740 train_time:980100ms step_avg:220.20ms
step:4452/4740 train_time:980418ms step_avg:220.22ms
step:4453/4740 train_time:980602ms step_avg:220.21ms
step:4454/4740 train_time:980929ms step_avg:220.24ms
step:4455/4740 train_time:981112ms step_avg:220.23ms
step:4456/4740 train_time:981433ms step_avg:220.25ms
step:4457/4740 train_time:981615ms step_avg:220.24ms
step:4458/4740 train_time:981938ms step_avg:220.26ms
step:4459/4740 train_time:982120ms step_avg:220.26ms
step:4460/4740 train_time:982446ms step_avg:220.28ms
step:4461/4740 train_time:982630ms step_avg:220.27ms
step:4462/4740 train_time:982952ms step_avg:220.29ms
step:4463/4740 train_time:983138ms step_avg:220.29ms
step:4464/4740 train_time:983466ms step_avg:220.31ms
step:4465/4740 train_time:983646ms step_avg:220.30ms
step:4466/4740 train_time:983971ms step_avg:220.32ms
step:4467/4740 train_time:984154ms step_avg:220.32ms
step:4468/4740 train_time:984481ms step_avg:220.34ms
step:4469/4740 train_time:984666ms step_avg:220.33ms
step:4470/4740 train_time:984989ms step_avg:220.36ms
step:4471/4740 train_time:985171ms step_avg:220.35ms
step:4472/4740 train_time:985493ms step_avg:220.37ms
step:4473/4740 train_time:985682ms step_avg:220.36ms
step:4474/4740 train_time:986004ms step_avg:220.39ms
step:4475/4740 train_time:986187ms step_avg:220.38ms
step:4476/4740 train_time:986508ms step_avg:220.40ms
step:4477/4740 train_time:986694ms step_avg:220.39ms
step:4478/4740 train_time:987016ms step_avg:220.41ms
step:4479/4740 train_time:987200ms step_avg:220.41ms
step:4480/4740 train_time:987524ms step_avg:220.43ms
step:4481/4740 train_time:987706ms step_avg:220.42ms
step:4482/4740 train_time:988030ms step_avg:220.44ms
step:4483/4740 train_time:988213ms step_avg:220.44ms
step:4484/4740 train_time:988537ms step_avg:220.46ms
step:4485/4740 train_time:988716ms step_avg:220.45ms
step:4486/4740 train_time:989038ms step_avg:220.47ms
step:4487/4740 train_time:989220ms step_avg:220.46ms
step:4488/4740 train_time:989547ms step_avg:220.49ms
step:4489/4740 train_time:989726ms step_avg:220.48ms
step:4490/4740 train_time:990046ms step_avg:220.50ms
step:4491/4740 train_time:990230ms step_avg:220.49ms
step:4492/4740 train_time:990555ms step_avg:220.52ms
step:4493/4740 train_time:990740ms step_avg:220.51ms
step:4494/4740 train_time:991066ms step_avg:220.53ms
step:4495/4740 train_time:991246ms step_avg:220.52ms
step:4496/4740 train_time:991569ms step_avg:220.54ms
step:4497/4740 train_time:991753ms step_avg:220.54ms
step:4498/4740 train_time:992080ms step_avg:220.56ms
step:4499/4740 train_time:992258ms step_avg:220.55ms
step:4500/4740 train_time:992582ms step_avg:220.57ms
step:4500/4740 val_loss:2.9326 train_time:992713ms step_avg:220.60ms
step:4501/4740 train_time:992769ms step_avg:220.57ms
step:4502/4740 train_time:993098ms step_avg:220.59ms
step:4503/4740 train_time:993284ms step_avg:220.58ms
step:4504/4740 train_time:993603ms step_avg:220.60ms
step:4505/4740 train_time:993788ms step_avg:220.60ms
step:4506/4740 train_time:994115ms step_avg:220.62ms
step:4507/4740 train_time:994305ms step_avg:220.61ms
step:4508/4740 train_time:994625ms step_avg:220.64ms
step:4509/4740 train_time:994807ms step_avg:220.63ms
step:4510/4740 train_time:995135ms step_avg:220.65ms
step:4511/4740 train_time:995322ms step_avg:220.64ms
step:4512/4740 train_time:995645ms step_avg:220.67ms
step:4513/4740 train_time:995825ms step_avg:220.66ms
step:4514/4740 train_time:996155ms step_avg:220.68ms
step:4515/4740 train_time:996336ms step_avg:220.67ms
step:4516/4740 train_time:996660ms step_avg:220.70ms
step:4517/4740 train_time:996838ms step_avg:220.69ms
step:4518/4740 train_time:997164ms step_avg:220.71ms
step:4519/4740 train_time:997348ms step_avg:220.70ms
step:4520/4740 train_time:997670ms step_avg:220.72ms
step:4521/4740 train_time:997853ms step_avg:220.72ms
step:4522/4740 train_time:998175ms step_avg:220.74ms
step:4523/4740 train_time:998364ms step_avg:220.73ms
step:4524/4740 train_time:998688ms step_avg:220.75ms
step:4525/4740 train_time:998875ms step_avg:220.75ms
step:4526/4740 train_time:999198ms step_avg:220.77ms
step:4527/4740 train_time:999380ms step_avg:220.76ms
step:4528/4740 train_time:999702ms step_avg:220.78ms
step:4529/4740 train_time:999889ms step_avg:220.77ms
step:4530/4740 train_time:1000214ms step_avg:220.80ms
step:4531/4740 train_time:1000397ms step_avg:220.79ms
step:4532/4740 train_time:1000719ms step_avg:220.81ms
step:4533/4740 train_time:1000905ms step_avg:220.80ms
step:4534/4740 train_time:1001226ms step_avg:220.83ms
step:4535/4740 train_time:1001408ms step_avg:220.82ms
step:4536/4740 train_time:1001736ms step_avg:220.84ms
step:4537/4740 train_time:1001919ms step_avg:220.83ms
step:4538/4740 train_time:1002243ms step_avg:220.86ms
step:4539/4740 train_time:1002425ms step_avg:220.85ms
step:4540/4740 train_time:1002751ms step_avg:220.87ms
step:4541/4740 train_time:1002937ms step_avg:220.86ms
step:4542/4740 train_time:1003257ms step_avg:220.88ms
step:4543/4740 train_time:1003440ms step_avg:220.88ms
step:4544/4740 train_time:1003763ms step_avg:220.90ms
step:4545/4740 train_time:1003946ms step_avg:220.89ms
step:4546/4740 train_time:1004274ms step_avg:220.91ms
step:4547/4740 train_time:1004457ms step_avg:220.91ms
step:4548/4740 train_time:1004778ms step_avg:220.93ms
step:4549/4740 train_time:1004964ms step_avg:220.92ms
step:4550/4740 train_time:1005289ms step_avg:220.94ms
step:4551/4740 train_time:1005471ms step_avg:220.93ms
step:4552/4740 train_time:1005795ms step_avg:220.96ms
step:4553/4740 train_time:1005976ms step_avg:220.95ms
step:4554/4740 train_time:1006303ms step_avg:220.97ms
step:4555/4740 train_time:1006483ms step_avg:220.96ms
step:4556/4740 train_time:1006808ms step_avg:220.99ms
step:4557/4740 train_time:1006992ms step_avg:220.98ms
step:4558/4740 train_time:1007315ms step_avg:221.00ms
step:4559/4740 train_time:1007504ms step_avg:220.99ms
step:4560/4740 train_time:1007830ms step_avg:221.02ms
step:4561/4740 train_time:1008013ms step_avg:221.01ms
step:4562/4740 train_time:1008338ms step_avg:221.03ms
step:4563/4740 train_time:1008521ms step_avg:221.02ms
step:4564/4740 train_time:1008851ms step_avg:221.05ms
step:4565/4740 train_time:1009035ms step_avg:221.04ms
step:4566/4740 train_time:1009358ms step_avg:221.06ms
step:4567/4740 train_time:1009540ms step_avg:221.05ms
step:4568/4740 train_time:1009866ms step_avg:221.07ms
step:4569/4740 train_time:1010049ms step_avg:221.07ms
step:4570/4740 train_time:1010375ms step_avg:221.09ms
step:4571/4740 train_time:1010557ms step_avg:221.08ms
step:4572/4740 train_time:1010879ms step_avg:221.10ms
step:4573/4740 train_time:1011064ms step_avg:221.09ms
step:4574/4740 train_time:1011382ms step_avg:221.12ms
step:4575/4740 train_time:1011565ms step_avg:221.11ms
step:4576/4740 train_time:1011887ms step_avg:221.13ms
step:4577/4740 train_time:1012069ms step_avg:221.12ms
step:4578/4740 train_time:1012393ms step_avg:221.14ms
step:4579/4740 train_time:1012578ms step_avg:221.14ms
step:4580/4740 train_time:1012902ms step_avg:221.16ms
step:4581/4740 train_time:1013086ms step_avg:221.15ms
step:4582/4740 train_time:1013408ms step_avg:221.17ms
step:4583/4740 train_time:1013592ms step_avg:221.16ms
step:4584/4740 train_time:1013915ms step_avg:221.19ms
step:4585/4740 train_time:1014099ms step_avg:221.18ms
step:4586/4740 train_time:1014421ms step_avg:221.20ms
step:4587/4740 train_time:1014606ms step_avg:221.19ms
step:4588/4740 train_time:1014928ms step_avg:221.21ms
step:4589/4740 train_time:1015113ms step_avg:221.21ms
step:4590/4740 train_time:1015439ms step_avg:221.23ms
step:4591/4740 train_time:1015619ms step_avg:221.22ms
step:4592/4740 train_time:1015946ms step_avg:221.24ms
step:4593/4740 train_time:1016130ms step_avg:221.23ms
step:4594/4740 train_time:1016454ms step_avg:221.26ms
step:4595/4740 train_time:1016636ms step_avg:221.25ms
step:4596/4740 train_time:1016963ms step_avg:221.27ms
step:4597/4740 train_time:1017146ms step_avg:221.26ms
step:4598/4740 train_time:1017467ms step_avg:221.28ms
step:4599/4740 train_time:1017652ms step_avg:221.28ms
step:4600/4740 train_time:1017977ms step_avg:221.30ms
step:4601/4740 train_time:1018160ms step_avg:221.29ms
step:4602/4740 train_time:1018485ms step_avg:221.31ms
step:4603/4740 train_time:1018666ms step_avg:221.30ms
step:4604/4740 train_time:1018987ms step_avg:221.33ms
step:4605/4740 train_time:1019171ms step_avg:221.32ms
step:4606/4740 train_time:1019493ms step_avg:221.34ms
step:4607/4740 train_time:1019676ms step_avg:221.33ms
step:4608/4740 train_time:1019999ms step_avg:221.35ms
step:4609/4740 train_time:1020179ms step_avg:221.34ms
step:4610/4740 train_time:1020504ms step_avg:221.37ms
step:4611/4740 train_time:1020681ms step_avg:221.36ms
step:4612/4740 train_time:1021006ms step_avg:221.38ms
step:4613/4740 train_time:1021189ms step_avg:221.37ms
step:4614/4740 train_time:1021516ms step_avg:221.39ms
step:4615/4740 train_time:1021696ms step_avg:221.39ms
step:4616/4740 train_time:1022017ms step_avg:221.41ms
step:4617/4740 train_time:1022199ms step_avg:221.40ms
step:4618/4740 train_time:1022524ms step_avg:221.42ms
step:4619/4740 train_time:1022707ms step_avg:221.41ms
step:4620/4740 train_time:1023029ms step_avg:221.43ms
step:4621/4740 train_time:1023213ms step_avg:221.43ms
step:4622/4740 train_time:1023538ms step_avg:221.45ms
step:4623/4740 train_time:1023722ms step_avg:221.44ms
step:4624/4740 train_time:1024039ms step_avg:221.46ms
step:4625/4740 train_time:1024228ms step_avg:221.45ms
step:4626/4740 train_time:1024548ms step_avg:221.48ms
step:4627/4740 train_time:1024736ms step_avg:221.47ms
step:4628/4740 train_time:1025062ms step_avg:221.49ms
step:4629/4740 train_time:1025241ms step_avg:221.48ms
step:4630/4740 train_time:1025564ms step_avg:221.50ms
step:4631/4740 train_time:1025752ms step_avg:221.50ms
step:4632/4740 train_time:1026073ms step_avg:221.52ms
step:4633/4740 train_time:1026258ms step_avg:221.51ms
step:4634/4740 train_time:1026583ms step_avg:221.53ms
step:4635/4740 train_time:1026765ms step_avg:221.52ms
step:4636/4740 train_time:1027088ms step_avg:221.55ms
step:4637/4740 train_time:1027273ms step_avg:221.54ms
step:4638/4740 train_time:1027598ms step_avg:221.56ms
step:4639/4740 train_time:1027777ms step_avg:221.55ms
step:4640/4740 train_time:1028104ms step_avg:221.57ms
step:4641/4740 train_time:1028283ms step_avg:221.56ms
step:4642/4740 train_time:1028606ms step_avg:221.59ms
step:4643/4740 train_time:1028789ms step_avg:221.58ms
step:4644/4740 train_time:1029110ms step_avg:221.60ms
step:4645/4740 train_time:1029299ms step_avg:221.59ms
step:4646/4740 train_time:1029624ms step_avg:221.62ms
step:4647/4740 train_time:1029801ms step_avg:221.61ms
step:4648/4740 train_time:1030123ms step_avg:221.63ms
step:4649/4740 train_time:1030302ms step_avg:221.62ms
step:4650/4740 train_time:1030624ms step_avg:221.64ms
step:4651/4740 train_time:1030815ms step_avg:221.63ms
step:4652/4740 train_time:1031141ms step_avg:221.66ms
step:4653/4740 train_time:1031323ms step_avg:221.65ms
step:4654/4740 train_time:1031645ms step_avg:221.67ms
step:4655/4740 train_time:1031829ms step_avg:221.66ms
step:4656/4740 train_time:1032155ms step_avg:221.68ms
step:4657/4740 train_time:1032341ms step_avg:221.68ms
step:4658/4740 train_time:1032664ms step_avg:221.70ms
step:4659/4740 train_time:1032849ms step_avg:221.69ms
step:4660/4740 train_time:1033170ms step_avg:221.71ms
step:4661/4740 train_time:1033354ms step_avg:221.70ms
step:4662/4740 train_time:1033677ms step_avg:221.72ms
step:4663/4740 train_time:1033857ms step_avg:221.72ms
step:4664/4740 train_time:1034180ms step_avg:221.74ms
step:4665/4740 train_time:1034364ms step_avg:221.73ms
step:4666/4740 train_time:1034683ms step_avg:221.75ms
step:4667/4740 train_time:1034867ms step_avg:221.74ms
step:4668/4740 train_time:1035192ms step_avg:221.76ms
step:4669/4740 train_time:1035377ms step_avg:221.76ms
step:4670/4740 train_time:1035703ms step_avg:221.78ms
step:4671/4740 train_time:1035882ms step_avg:221.77ms
step:4672/4740 train_time:1036208ms step_avg:221.79ms
step:4673/4740 train_time:1036393ms step_avg:221.78ms
step:4674/4740 train_time:1036714ms step_avg:221.80ms
step:4675/4740 train_time:1036897ms step_avg:221.80ms
step:4676/4740 train_time:1037220ms step_avg:221.82ms
step:4677/4740 train_time:1037402ms step_avg:221.81ms
step:4678/4740 train_time:1037724ms step_avg:221.83ms
step:4679/4740 train_time:1037907ms step_avg:221.82ms
step:4680/4740 train_time:1038235ms step_avg:221.85ms
step:4681/4740 train_time:1038415ms step_avg:221.84ms
step:4682/4740 train_time:1038739ms step_avg:221.86ms
step:4683/4740 train_time:1038923ms step_avg:221.85ms
step:4684/4740 train_time:1039246ms step_avg:221.87ms
step:4685/4740 train_time:1039432ms step_avg:221.86ms
step:4686/4740 train_time:1039755ms step_avg:221.89ms
step:4687/4740 train_time:1039941ms step_avg:221.88ms
step:4688/4740 train_time:1040267ms step_avg:221.90ms
step:4689/4740 train_time:1040450ms step_avg:221.89ms
step:4690/4740 train_time:1040772ms step_avg:221.91ms
step:4691/4740 train_time:1040954ms step_avg:221.90ms
step:4692/4740 train_time:1041277ms step_avg:221.93ms
step:4693/4740 train_time:1041458ms step_avg:221.92ms
step:4694/4740 train_time:1041781ms step_avg:221.94ms
step:4695/4740 train_time:1041960ms step_avg:221.93ms
step:4696/4740 train_time:1042283ms step_avg:221.95ms
step:4697/4740 train_time:1042464ms step_avg:221.94ms
step:4698/4740 train_time:1042785ms step_avg:221.96ms
step:4699/4740 train_time:1042967ms step_avg:221.96ms
step:4700/4740 train_time:1043289ms step_avg:221.98ms
step:4701/4740 train_time:1043475ms step_avg:221.97ms
step:4702/4740 train_time:1043800ms step_avg:221.99ms
step:4703/4740 train_time:1043983ms step_avg:221.98ms
step:4704/4740 train_time:1044310ms step_avg:222.00ms
step:4705/4740 train_time:1044494ms step_avg:222.00ms
step:4706/4740 train_time:1044818ms step_avg:222.02ms
step:4707/4740 train_time:1045001ms step_avg:222.01ms
step:4708/4740 train_time:1045325ms step_avg:222.03ms
step:4709/4740 train_time:1045510ms step_avg:222.02ms
step:4710/4740 train_time:1045835ms step_avg:222.05ms
step:4711/4740 train_time:1046017ms step_avg:222.04ms
step:4712/4740 train_time:1046343ms step_avg:222.06ms
step:4713/4740 train_time:1046523ms step_avg:222.05ms
step:4714/4740 train_time:1046843ms step_avg:222.07ms
step:4715/4740 train_time:1047026ms step_avg:222.06ms
step:4716/4740 train_time:1047354ms step_avg:222.09ms
step:4717/4740 train_time:1047535ms step_avg:222.08ms
step:4718/4740 train_time:1047861ms step_avg:222.10ms
step:4719/4740 train_time:1048041ms step_avg:222.09ms
step:4720/4740 train_time:1048365ms step_avg:222.11ms
step:4721/4740 train_time:1048547ms step_avg:222.10ms
step:4722/4740 train_time:1048877ms step_avg:222.13ms
step:4723/4740 train_time:1049064ms step_avg:222.12ms
step:4724/4740 train_time:1049384ms step_avg:222.14ms
step:4725/4740 train_time:1049570ms step_avg:222.13ms
step:4726/4740 train_time:1049891ms step_avg:222.15ms
step:4727/4740 train_time:1050075ms step_avg:222.14ms
step:4728/4740 train_time:1050400ms step_avg:222.17ms
step:4729/4740 train_time:1050580ms step_avg:222.16ms
step:4730/4740 train_time:1050903ms step_avg:222.18ms
step:4731/4740 train_time:1051089ms step_avg:222.17ms
step:4732/4740 train_time:1051416ms step_avg:222.19ms
step:4733/4740 train_time:1051598ms step_avg:222.18ms
step:4734/4740 train_time:1051924ms step_avg:222.21ms
step:4735/4740 train_time:1052104ms step_avg:222.20ms
step:4736/4740 train_time:1052428ms step_avg:222.22ms
step:4737/4740 train_time:1052611ms step_avg:222.21ms
step:4738/4740 train_time:1052937ms step_avg:222.23ms
step:4739/4740 train_time:1053121ms step_avg:222.22ms
step:4740/4740 train_time:1053443ms step_avg:222.25ms
step:4740/4740 val_loss:2.9187 train_time:1053570ms step_avg:222.27ms
peak memory allocated: 57397 MiB reserved: 61812 MiB
