W0208 22:41:11.359000 2187547 torch/distributed/run.py:852] 
W0208 22:41:11.359000 2187547 torch/distributed/run.py:852] *****************************************
W0208 22:41:11.359000 2187547 torch/distributed/run.py:852] Setting OMP_NUM_THREADS environment variable for each process to be 1 in default, to avoid your system being overloaded, please further tune the variable for optimal performance in your application as needed. 
W0208 22:41:11.359000 2187547 torch/distributed/run.py:852] *****************************************
Fetching 4 files:   0%|          | 0/4 [00:00<?, ?it/s]Fetching 4 files:   0%|          | 0/4 [00:00<?, ?it/s]Fetching 4 files: 100%|██████████| 4/4 [00:00<00:00, 9720.29it/s]
Fetching 4 files: 100%|██████████| 4/4 [00:00<00:00, 8268.71it/s]
Fetching 4 files:   0%|          | 0/4 [00:00<?, ?it/s]Fetching 4 files: 100%|██████████| 4/4 [00:00<00:00, 65793.00it/s]
Fetching 4 files:   0%|          | 0/4 [00:00<?, ?it/s]Fetching 4 files: 100%|██████████| 4/4 [00:00<00:00, 10625.22it/s]
Fetching 4 files:   0%|          | 0/4 [00:00<?, ?it/s]Fetching 4 files: 100%|██████████| 4/4 [00:00<00:00, 12139.81it/s]
Fetching 4 files:   0%|          | 0/4 [00:00<?, ?it/s]Fetching 4 files: 100%|██████████| 4/4 [00:00<00:00, 85163.53it/s]
Fetching 4 files:   0%|          | 0/4 [00:00<?, ?it/s]Fetching 4 files: 100%|██████████| 4/4 [00:00<00:00, 6432.98it/s]
Fetching 4 files:   0%|          | 0/4 [00:00<?, ?it/s]Fetching 4 files: 100%|██████████| 4/4 [00:00<00:00, 60133.39it/s]
logs/sweep_muon0.008_cd0.55.txt
74
Compiling model and warming up kernels (~7 minutes on first execution)
Sampling steps [0, 1, 391, 392, 393, 783, 784, 785, 1174, 1175, 1176, 1566, 1567, 1568, 1958, 1959, 1960, 2349, 2350, 2351, 2741, 2742, 2743, 3133, 3134, 3135] for warmup
Resetting Model
step:0/4740 val_loss:10.8327 train_time:1ms step_avg:0.92ms
step:1/4740 train_time:97ms step_avg:97.47ms
step:2/4740 train_time:163ms step_avg:81.33ms
step:3/4740 train_time:221ms step_avg:73.76ms
step:4/4740 train_time:307ms step_avg:76.80ms
step:5/4740 train_time:366ms step_avg:73.25ms
step:6/4740 train_time:452ms step_avg:75.30ms
step:7/4740 train_time:510ms step_avg:72.92ms
step:8/4740 train_time:595ms step_avg:74.43ms
step:9/4740 train_time:655ms step_avg:72.77ms
step:10/4740 train_time:740ms step_avg:73.98ms
step:11/4740 train_time:799ms step_avg:72.60ms
step:12/4740 train_time:885ms step_avg:73.71ms
step:13/4740 train_time:943ms step_avg:72.54ms
step:14/4740 train_time:1031ms step_avg:73.61ms
step:15/4740 train_time:1092ms step_avg:72.83ms
step:16/4740 train_time:1178ms step_avg:73.65ms
step:17/4740 train_time:1238ms step_avg:72.84ms
step:18/4740 train_time:1325ms step_avg:73.60ms
step:19/4740 train_time:1385ms step_avg:72.90ms
step:20/4740 train_time:1471ms step_avg:73.57ms
step:21/4740 train_time:1531ms step_avg:72.90ms
step:22/4740 train_time:1617ms step_avg:73.49ms
step:23/4740 train_time:1676ms step_avg:72.87ms
step:24/4740 train_time:1762ms step_avg:73.43ms
step:25/4740 train_time:1822ms step_avg:72.87ms
step:26/4740 train_time:1907ms step_avg:73.36ms
step:27/4740 train_time:1967ms step_avg:72.86ms
step:28/4740 train_time:2054ms step_avg:73.36ms
step:29/4740 train_time:2115ms step_avg:72.93ms
step:30/4740 train_time:2202ms step_avg:73.40ms
step:31/4740 train_time:2262ms step_avg:72.97ms
step:32/4740 train_time:2349ms step_avg:73.41ms
step:33/4740 train_time:2409ms step_avg:73.00ms
step:34/4740 train_time:2495ms step_avg:73.39ms
step:35/4740 train_time:2555ms step_avg:73.01ms
step:36/4740 train_time:2641ms step_avg:73.36ms
step:37/4740 train_time:2701ms step_avg:72.99ms
step:38/4740 train_time:2787ms step_avg:73.35ms
step:39/4740 train_time:2847ms step_avg:73.00ms
step:40/4740 train_time:2934ms step_avg:73.34ms
step:41/4740 train_time:2993ms step_avg:73.01ms
step:42/4740 train_time:3080ms step_avg:73.33ms
step:43/4740 train_time:3139ms step_avg:73.00ms
step:44/4740 train_time:3225ms step_avg:73.31ms
step:45/4740 train_time:3286ms step_avg:73.02ms
step:46/4740 train_time:3373ms step_avg:73.32ms
step:47/4740 train_time:3433ms step_avg:73.03ms
step:48/4740 train_time:3519ms step_avg:73.30ms
step:49/4740 train_time:3578ms step_avg:73.02ms
step:50/4740 train_time:3664ms step_avg:73.28ms
step:51/4740 train_time:3724ms step_avg:73.02ms
step:52/4740 train_time:3810ms step_avg:73.27ms
step:53/4740 train_time:3871ms step_avg:73.03ms
step:54/4740 train_time:3958ms step_avg:73.30ms
step:55/4740 train_time:4019ms step_avg:73.07ms
step:56/4740 train_time:4105ms step_avg:73.30ms
step:57/4740 train_time:4165ms step_avg:73.07ms
step:58/4740 train_time:4251ms step_avg:73.30ms
step:59/4740 train_time:4312ms step_avg:73.09ms
step:60/4740 train_time:4399ms step_avg:73.31ms
step:61/4740 train_time:4459ms step_avg:73.09ms
step:62/4740 train_time:4545ms step_avg:73.31ms
step:63/4740 train_time:4604ms step_avg:73.09ms
step:64/4740 train_time:4691ms step_avg:73.30ms
step:65/4740 train_time:4751ms step_avg:73.10ms
step:66/4740 train_time:4837ms step_avg:73.29ms
step:67/4740 train_time:4897ms step_avg:73.09ms
step:68/4740 train_time:4984ms step_avg:73.29ms
step:69/4740 train_time:5043ms step_avg:73.09ms
step:70/4740 train_time:5130ms step_avg:73.29ms
step:71/4740 train_time:5190ms step_avg:73.10ms
step:72/4740 train_time:5276ms step_avg:73.28ms
step:73/4740 train_time:5337ms step_avg:73.10ms
step:74/4740 train_time:5423ms step_avg:73.29ms
step:75/4740 train_time:5483ms step_avg:73.11ms
step:76/4740 train_time:5570ms step_avg:73.29ms
step:77/4740 train_time:5630ms step_avg:73.11ms
step:78/4740 train_time:5716ms step_avg:73.28ms
step:79/4740 train_time:5776ms step_avg:73.11ms
step:80/4740 train_time:5862ms step_avg:73.28ms
step:81/4740 train_time:5922ms step_avg:73.12ms
step:82/4740 train_time:6009ms step_avg:73.28ms
step:83/4740 train_time:6070ms step_avg:73.13ms
step:84/4740 train_time:6156ms step_avg:73.29ms
step:85/4740 train_time:6216ms step_avg:73.14ms
step:86/4740 train_time:6303ms step_avg:73.29ms
step:87/4740 train_time:6363ms step_avg:73.14ms
step:88/4740 train_time:6449ms step_avg:73.28ms
step:89/4740 train_time:6509ms step_avg:73.13ms
step:90/4740 train_time:6596ms step_avg:73.28ms
step:91/4740 train_time:6655ms step_avg:73.14ms
step:92/4740 train_time:6742ms step_avg:73.29ms
step:93/4740 train_time:6801ms step_avg:73.13ms
step:94/4740 train_time:6889ms step_avg:73.28ms
step:95/4740 train_time:6949ms step_avg:73.14ms
step:96/4740 train_time:7035ms step_avg:73.28ms
step:97/4740 train_time:7095ms step_avg:73.15ms
step:98/4740 train_time:7182ms step_avg:73.28ms
step:99/4740 train_time:7241ms step_avg:73.14ms
step:100/4740 train_time:7328ms step_avg:73.28ms
step:101/4740 train_time:7387ms step_avg:73.14ms
step:102/4740 train_time:7473ms step_avg:73.26ms
step:103/4740 train_time:7533ms step_avg:73.14ms
step:104/4740 train_time:7619ms step_avg:73.26ms
step:105/4740 train_time:7679ms step_avg:73.14ms
step:106/4740 train_time:7766ms step_avg:73.26ms
step:107/4740 train_time:7826ms step_avg:73.14ms
step:108/4740 train_time:7913ms step_avg:73.27ms
step:109/4740 train_time:7973ms step_avg:73.14ms
step:110/4740 train_time:8059ms step_avg:73.26ms
step:111/4740 train_time:8119ms step_avg:73.14ms
step:112/4740 train_time:8205ms step_avg:73.26ms
step:113/4740 train_time:8266ms step_avg:73.15ms
step:114/4740 train_time:8351ms step_avg:73.26ms
step:115/4740 train_time:8412ms step_avg:73.14ms
step:116/4740 train_time:8498ms step_avg:73.26ms
step:117/4740 train_time:8558ms step_avg:73.15ms
step:118/4740 train_time:8644ms step_avg:73.25ms
step:119/4740 train_time:8704ms step_avg:73.14ms
step:120/4740 train_time:8791ms step_avg:73.25ms
step:121/4740 train_time:8850ms step_avg:73.14ms
step:122/4740 train_time:8936ms step_avg:73.25ms
step:123/4740 train_time:8996ms step_avg:73.14ms
step:124/4740 train_time:9083ms step_avg:73.25ms
step:125/4740 train_time:9142ms step_avg:73.14ms
step:126/4740 train_time:9229ms step_avg:73.24ms
step:127/4740 train_time:9288ms step_avg:73.14ms
step:128/4740 train_time:9375ms step_avg:73.24ms
step:129/4740 train_time:9434ms step_avg:73.13ms
step:130/4740 train_time:9521ms step_avg:73.24ms
step:131/4740 train_time:9580ms step_avg:73.13ms
step:132/4740 train_time:9667ms step_avg:73.23ms
step:133/4740 train_time:9726ms step_avg:73.13ms
step:134/4740 train_time:9813ms step_avg:73.23ms
step:135/4740 train_time:9872ms step_avg:73.13ms
step:136/4740 train_time:9958ms step_avg:73.22ms
step:137/4740 train_time:10018ms step_avg:73.13ms
step:138/4740 train_time:10104ms step_avg:73.22ms
step:139/4740 train_time:10163ms step_avg:73.12ms
step:140/4740 train_time:10250ms step_avg:73.21ms
step:141/4740 train_time:10310ms step_avg:73.12ms
step:142/4740 train_time:10397ms step_avg:73.22ms
step:143/4740 train_time:10457ms step_avg:73.13ms
step:144/4740 train_time:10544ms step_avg:73.22ms
step:145/4740 train_time:10603ms step_avg:73.13ms
step:146/4740 train_time:10690ms step_avg:73.22ms
step:147/4740 train_time:10750ms step_avg:73.13ms
step:148/4740 train_time:10836ms step_avg:73.21ms
step:149/4740 train_time:10896ms step_avg:73.13ms
step:150/4740 train_time:10983ms step_avg:73.22ms
step:151/4740 train_time:11042ms step_avg:73.12ms
step:152/4740 train_time:11128ms step_avg:73.21ms
step:153/4740 train_time:11187ms step_avg:73.12ms
step:154/4740 train_time:11274ms step_avg:73.21ms
step:155/4740 train_time:11334ms step_avg:73.12ms
step:156/4740 train_time:11420ms step_avg:73.21ms
step:157/4740 train_time:11480ms step_avg:73.12ms
step:158/4740 train_time:11566ms step_avg:73.20ms
step:159/4740 train_time:11626ms step_avg:73.12ms
step:160/4740 train_time:11713ms step_avg:73.20ms
step:161/4740 train_time:11772ms step_avg:73.12ms
step:162/4740 train_time:11858ms step_avg:73.20ms
step:163/4740 train_time:11918ms step_avg:73.12ms
step:164/4740 train_time:12004ms step_avg:73.20ms
step:165/4740 train_time:12064ms step_avg:73.12ms
step:166/4740 train_time:12151ms step_avg:73.20ms
step:167/4740 train_time:12212ms step_avg:73.12ms
step:168/4740 train_time:12297ms step_avg:73.20ms
step:169/4740 train_time:12357ms step_avg:73.12ms
step:170/4740 train_time:12444ms step_avg:73.20ms
step:171/4740 train_time:12504ms step_avg:73.12ms
step:172/4740 train_time:12591ms step_avg:73.20ms
step:173/4740 train_time:12651ms step_avg:73.13ms
step:174/4740 train_time:12738ms step_avg:73.21ms
step:175/4740 train_time:12798ms step_avg:73.13ms
step:176/4740 train_time:12884ms step_avg:73.21ms
step:177/4740 train_time:12944ms step_avg:73.13ms
step:178/4740 train_time:13030ms step_avg:73.20ms
step:179/4740 train_time:13090ms step_avg:73.13ms
step:180/4740 train_time:13177ms step_avg:73.20ms
step:181/4740 train_time:13236ms step_avg:73.13ms
step:182/4740 train_time:13321ms step_avg:73.19ms
step:183/4740 train_time:13381ms step_avg:73.12ms
step:184/4740 train_time:13466ms step_avg:73.19ms
step:185/4740 train_time:13526ms step_avg:73.12ms
step:186/4740 train_time:13613ms step_avg:73.19ms
step:187/4740 train_time:13673ms step_avg:73.12ms
step:188/4740 train_time:13758ms step_avg:73.18ms
step:189/4740 train_time:13819ms step_avg:73.12ms
step:190/4740 train_time:13905ms step_avg:73.19ms
step:191/4740 train_time:13965ms step_avg:73.12ms
step:192/4740 train_time:14051ms step_avg:73.18ms
step:193/4740 train_time:14112ms step_avg:73.12ms
step:194/4740 train_time:14198ms step_avg:73.18ms
step:195/4740 train_time:14257ms step_avg:73.12ms
step:196/4740 train_time:14344ms step_avg:73.18ms
step:197/4740 train_time:14403ms step_avg:73.11ms
step:198/4740 train_time:14489ms step_avg:73.18ms
step:199/4740 train_time:14548ms step_avg:73.11ms
step:200/4740 train_time:14634ms step_avg:73.17ms
step:201/4740 train_time:14695ms step_avg:73.11ms
step:202/4740 train_time:14780ms step_avg:73.17ms
step:203/4740 train_time:14840ms step_avg:73.10ms
step:204/4740 train_time:14927ms step_avg:73.17ms
step:205/4740 train_time:14986ms step_avg:73.10ms
step:206/4740 train_time:15073ms step_avg:73.17ms
step:207/4740 train_time:15133ms step_avg:73.11ms
step:208/4740 train_time:15219ms step_avg:73.17ms
step:209/4740 train_time:15279ms step_avg:73.11ms
step:210/4740 train_time:15366ms step_avg:73.17ms
step:211/4740 train_time:15425ms step_avg:73.10ms
step:212/4740 train_time:15512ms step_avg:73.17ms
step:213/4740 train_time:15571ms step_avg:73.10ms
step:214/4740 train_time:15658ms step_avg:73.17ms
step:215/4740 train_time:15717ms step_avg:73.10ms
step:216/4740 train_time:15804ms step_avg:73.17ms
step:217/4740 train_time:15863ms step_avg:73.10ms
step:218/4740 train_time:15950ms step_avg:73.16ms
step:219/4740 train_time:16008ms step_avg:73.10ms
step:220/4740 train_time:16094ms step_avg:73.16ms
step:221/4740 train_time:16154ms step_avg:73.10ms
step:222/4740 train_time:16240ms step_avg:73.15ms
step:223/4740 train_time:16300ms step_avg:73.09ms
step:224/4740 train_time:16386ms step_avg:73.15ms
step:225/4740 train_time:16446ms step_avg:73.10ms
step:226/4740 train_time:16532ms step_avg:73.15ms
step:227/4740 train_time:16592ms step_avg:73.09ms
step:228/4740 train_time:16678ms step_avg:73.15ms
step:229/4740 train_time:16737ms step_avg:73.09ms
step:230/4740 train_time:16824ms step_avg:73.15ms
step:231/4740 train_time:16884ms step_avg:73.09ms
step:232/4740 train_time:16970ms step_avg:73.15ms
step:233/4740 train_time:17029ms step_avg:73.09ms
step:234/4740 train_time:17115ms step_avg:73.14ms
step:235/4740 train_time:17175ms step_avg:73.09ms
step:236/4740 train_time:17261ms step_avg:73.14ms
step:237/4740 train_time:17321ms step_avg:73.08ms
step:238/4740 train_time:17408ms step_avg:73.14ms
step:239/4740 train_time:17468ms step_avg:73.09ms
step:240/4740 train_time:17553ms step_avg:73.14ms
step:241/4740 train_time:17613ms step_avg:73.08ms
step:242/4740 train_time:17700ms step_avg:73.14ms
step:243/4740 train_time:17760ms step_avg:73.08ms
step:244/4740 train_time:17846ms step_avg:73.14ms
step:245/4740 train_time:17906ms step_avg:73.09ms
step:246/4740 train_time:17992ms step_avg:73.14ms
step:247/4740 train_time:18052ms step_avg:73.09ms
step:248/4740 train_time:18138ms step_avg:73.14ms
step:249/4740 train_time:18197ms step_avg:73.08ms
step:250/4740 train_time:18284ms step_avg:73.13ms
step:250/4740 val_loss:4.5664 train_time:18329ms step_avg:73.32ms
step:251/4740 train_time:18359ms step_avg:73.14ms
step:252/4740 train_time:18431ms step_avg:73.14ms
step:253/4740 train_time:18490ms step_avg:73.08ms
step:254/4740 train_time:18578ms step_avg:73.14ms
step:255/4740 train_time:18639ms step_avg:73.09ms
step:256/4740 train_time:18727ms step_avg:73.15ms
step:257/4740 train_time:18788ms step_avg:73.10ms
step:258/4740 train_time:18873ms step_avg:73.15ms
step:259/4740 train_time:18933ms step_avg:73.10ms
step:260/4740 train_time:19019ms step_avg:73.15ms
step:261/4740 train_time:19078ms step_avg:73.10ms
step:262/4740 train_time:19164ms step_avg:73.15ms
step:263/4740 train_time:19224ms step_avg:73.09ms
step:264/4740 train_time:19310ms step_avg:73.14ms
step:265/4740 train_time:19371ms step_avg:73.10ms
step:266/4740 train_time:19457ms step_avg:73.15ms
step:267/4740 train_time:19517ms step_avg:73.10ms
step:268/4740 train_time:19603ms step_avg:73.15ms
step:269/4740 train_time:19664ms step_avg:73.10ms
step:270/4740 train_time:19750ms step_avg:73.15ms
step:271/4740 train_time:19810ms step_avg:73.10ms
step:272/4740 train_time:19897ms step_avg:73.15ms
step:273/4740 train_time:19956ms step_avg:73.10ms
step:274/4740 train_time:20043ms step_avg:73.15ms
step:275/4740 train_time:20101ms step_avg:73.09ms
step:276/4740 train_time:20188ms step_avg:73.15ms
step:277/4740 train_time:20247ms step_avg:73.09ms
step:278/4740 train_time:20334ms step_avg:73.14ms
step:279/4740 train_time:20393ms step_avg:73.09ms
step:280/4740 train_time:20479ms step_avg:73.14ms
step:281/4740 train_time:20539ms step_avg:73.09ms
step:282/4740 train_time:20626ms step_avg:73.14ms
step:283/4740 train_time:20685ms step_avg:73.09ms
step:284/4740 train_time:20772ms step_avg:73.14ms
step:285/4740 train_time:20833ms step_avg:73.10ms
step:286/4740 train_time:20919ms step_avg:73.14ms
step:287/4740 train_time:20979ms step_avg:73.10ms
step:288/4740 train_time:21065ms step_avg:73.14ms
step:289/4740 train_time:21125ms step_avg:73.10ms
step:290/4740 train_time:21210ms step_avg:73.14ms
step:291/4740 train_time:21269ms step_avg:73.09ms
step:292/4740 train_time:21355ms step_avg:73.13ms
step:293/4740 train_time:21415ms step_avg:73.09ms
step:294/4740 train_time:21501ms step_avg:73.13ms
step:295/4740 train_time:21561ms step_avg:73.09ms
step:296/4740 train_time:21648ms step_avg:73.13ms
step:297/4740 train_time:21707ms step_avg:73.09ms
step:298/4740 train_time:21793ms step_avg:73.13ms
step:299/4740 train_time:21852ms step_avg:73.08ms
step:300/4740 train_time:21938ms step_avg:73.13ms
step:301/4740 train_time:21997ms step_avg:73.08ms
step:302/4740 train_time:22084ms step_avg:73.13ms
step:303/4740 train_time:22143ms step_avg:73.08ms
step:304/4740 train_time:22229ms step_avg:73.12ms
step:305/4740 train_time:22289ms step_avg:73.08ms
step:306/4740 train_time:22374ms step_avg:73.12ms
step:307/4740 train_time:22434ms step_avg:73.07ms
step:308/4740 train_time:22520ms step_avg:73.12ms
step:309/4740 train_time:22580ms step_avg:73.07ms
step:310/4740 train_time:22666ms step_avg:73.12ms
step:311/4740 train_time:22725ms step_avg:73.07ms
step:312/4740 train_time:22811ms step_avg:73.11ms
step:313/4740 train_time:22872ms step_avg:73.07ms
step:314/4740 train_time:22957ms step_avg:73.11ms
step:315/4740 train_time:23017ms step_avg:73.07ms
step:316/4740 train_time:23103ms step_avg:73.11ms
step:317/4740 train_time:23162ms step_avg:73.07ms
step:318/4740 train_time:23249ms step_avg:73.11ms
step:319/4740 train_time:23308ms step_avg:73.06ms
step:320/4740 train_time:23393ms step_avg:73.10ms
step:321/4740 train_time:23454ms step_avg:73.06ms
step:322/4740 train_time:23540ms step_avg:73.10ms
step:323/4740 train_time:23599ms step_avg:73.06ms
step:324/4740 train_time:23686ms step_avg:73.11ms
step:325/4740 train_time:23745ms step_avg:73.06ms
step:326/4740 train_time:23831ms step_avg:73.10ms
step:327/4740 train_time:23892ms step_avg:73.06ms
step:328/4740 train_time:23978ms step_avg:73.10ms
step:329/4740 train_time:24037ms step_avg:73.06ms
step:330/4740 train_time:24124ms step_avg:73.10ms
step:331/4740 train_time:24184ms step_avg:73.06ms
step:332/4740 train_time:24270ms step_avg:73.10ms
step:333/4740 train_time:24329ms step_avg:73.06ms
step:334/4740 train_time:24414ms step_avg:73.10ms
step:335/4740 train_time:24473ms step_avg:73.05ms
step:336/4740 train_time:24559ms step_avg:73.09ms
step:337/4740 train_time:24619ms step_avg:73.05ms
step:338/4740 train_time:24704ms step_avg:73.09ms
step:339/4740 train_time:24763ms step_avg:73.05ms
step:340/4740 train_time:24849ms step_avg:73.09ms
step:341/4740 train_time:24909ms step_avg:73.05ms
step:342/4740 train_time:24995ms step_avg:73.09ms
step:343/4740 train_time:25055ms step_avg:73.05ms
step:344/4740 train_time:25142ms step_avg:73.09ms
step:345/4740 train_time:25202ms step_avg:73.05ms
step:346/4740 train_time:25288ms step_avg:73.09ms
step:347/4740 train_time:25347ms step_avg:73.05ms
step:348/4740 train_time:25433ms step_avg:73.08ms
step:349/4740 train_time:25494ms step_avg:73.05ms
step:350/4740 train_time:25580ms step_avg:73.08ms
step:351/4740 train_time:25638ms step_avg:73.04ms
step:352/4740 train_time:25725ms step_avg:73.08ms
step:353/4740 train_time:25784ms step_avg:73.04ms
step:354/4740 train_time:25870ms step_avg:73.08ms
step:355/4740 train_time:25930ms step_avg:73.04ms
step:356/4740 train_time:26015ms step_avg:73.08ms
step:357/4740 train_time:26075ms step_avg:73.04ms
step:358/4740 train_time:26161ms step_avg:73.08ms
step:359/4740 train_time:26221ms step_avg:73.04ms
step:360/4740 train_time:26307ms step_avg:73.07ms
step:361/4740 train_time:26367ms step_avg:73.04ms
step:362/4740 train_time:26452ms step_avg:73.07ms
step:363/4740 train_time:26513ms step_avg:73.04ms
step:364/4740 train_time:26599ms step_avg:73.07ms
step:365/4740 train_time:26658ms step_avg:73.03ms
step:366/4740 train_time:26744ms step_avg:73.07ms
step:367/4740 train_time:26804ms step_avg:73.03ms
step:368/4740 train_time:26890ms step_avg:73.07ms
step:369/4740 train_time:26949ms step_avg:73.03ms
step:370/4740 train_time:27035ms step_avg:73.07ms
step:371/4740 train_time:27095ms step_avg:73.03ms
step:372/4740 train_time:27181ms step_avg:73.07ms
step:373/4740 train_time:27240ms step_avg:73.03ms
step:374/4740 train_time:27327ms step_avg:73.07ms
step:375/4740 train_time:27387ms step_avg:73.03ms
step:376/4740 train_time:27473ms step_avg:73.07ms
step:377/4740 train_time:27532ms step_avg:73.03ms
step:378/4740 train_time:27618ms step_avg:73.06ms
step:379/4740 train_time:27678ms step_avg:73.03ms
step:380/4740 train_time:27764ms step_avg:73.06ms
step:381/4740 train_time:27825ms step_avg:73.03ms
step:382/4740 train_time:27911ms step_avg:73.07ms
step:383/4740 train_time:27972ms step_avg:73.03ms
step:384/4740 train_time:28058ms step_avg:73.07ms
step:385/4740 train_time:28117ms step_avg:73.03ms
step:386/4740 train_time:28205ms step_avg:73.07ms
step:387/4740 train_time:28265ms step_avg:73.03ms
step:388/4740 train_time:28350ms step_avg:73.07ms
step:389/4740 train_time:28410ms step_avg:73.03ms
step:390/4740 train_time:28496ms step_avg:73.07ms
step:391/4740 train_time:28555ms step_avg:73.03ms
step:392/4740 train_time:28641ms step_avg:73.06ms
step:393/4740 train_time:28715ms step_avg:73.07ms
step:394/4740 train_time:28876ms step_avg:73.29ms
step:395/4740 train_time:28977ms step_avg:73.36ms
step:396/4740 train_time:29137ms step_avg:73.58ms
step:397/4740 train_time:29239ms step_avg:73.65ms
step:398/4740 train_time:29399ms step_avg:73.87ms
step:399/4740 train_time:29501ms step_avg:73.94ms
step:400/4740 train_time:29660ms step_avg:74.15ms
step:401/4740 train_time:29761ms step_avg:74.22ms
step:402/4740 train_time:29921ms step_avg:74.43ms
step:403/4740 train_time:30022ms step_avg:74.50ms
step:404/4740 train_time:30182ms step_avg:74.71ms
step:405/4740 train_time:30284ms step_avg:74.78ms
step:406/4740 train_time:30443ms step_avg:74.98ms
step:407/4740 train_time:30545ms step_avg:75.05ms
step:408/4740 train_time:30704ms step_avg:75.25ms
step:409/4740 train_time:30805ms step_avg:75.32ms
step:410/4740 train_time:30965ms step_avg:75.52ms
step:411/4740 train_time:31065ms step_avg:75.58ms
step:412/4740 train_time:31226ms step_avg:75.79ms
step:413/4740 train_time:31328ms step_avg:75.85ms
step:414/4740 train_time:31486ms step_avg:76.05ms
step:415/4740 train_time:31589ms step_avg:76.12ms
step:416/4740 train_time:31748ms step_avg:76.32ms
step:417/4740 train_time:31850ms step_avg:76.38ms
step:418/4740 train_time:32009ms step_avg:76.58ms
step:419/4740 train_time:32110ms step_avg:76.63ms
step:420/4740 train_time:32269ms step_avg:76.83ms
step:421/4740 train_time:32370ms step_avg:76.89ms
step:422/4740 train_time:32530ms step_avg:77.09ms
step:423/4740 train_time:32632ms step_avg:77.14ms
step:424/4740 train_time:32791ms step_avg:77.34ms
step:425/4740 train_time:32892ms step_avg:77.39ms
step:426/4740 train_time:33052ms step_avg:77.59ms
step:427/4740 train_time:33153ms step_avg:77.64ms
step:428/4740 train_time:33312ms step_avg:77.83ms
step:429/4740 train_time:33414ms step_avg:77.89ms
step:430/4740 train_time:33574ms step_avg:78.08ms
step:431/4740 train_time:33675ms step_avg:78.13ms
step:432/4740 train_time:33835ms step_avg:78.32ms
step:433/4740 train_time:33936ms step_avg:78.37ms
step:434/4740 train_time:34097ms step_avg:78.56ms
step:435/4740 train_time:34198ms step_avg:78.62ms
step:436/4740 train_time:34359ms step_avg:78.80ms
step:437/4740 train_time:34459ms step_avg:78.85ms
step:438/4740 train_time:34619ms step_avg:79.04ms
step:439/4740 train_time:34720ms step_avg:79.09ms
step:440/4740 train_time:34880ms step_avg:79.27ms
step:441/4740 train_time:34981ms step_avg:79.32ms
step:442/4740 train_time:35140ms step_avg:79.50ms
step:443/4740 train_time:35243ms step_avg:79.56ms
step:444/4740 train_time:35403ms step_avg:79.74ms
step:445/4740 train_time:35505ms step_avg:79.79ms
step:446/4740 train_time:35665ms step_avg:79.97ms
step:447/4740 train_time:35767ms step_avg:80.02ms
step:448/4740 train_time:35926ms step_avg:80.19ms
step:449/4740 train_time:36028ms step_avg:80.24ms
step:450/4740 train_time:36186ms step_avg:80.41ms
step:451/4740 train_time:36289ms step_avg:80.46ms
step:452/4740 train_time:36448ms step_avg:80.64ms
step:453/4740 train_time:36549ms step_avg:80.68ms
step:454/4740 train_time:36708ms step_avg:80.86ms
step:455/4740 train_time:36811ms step_avg:80.90ms
step:456/4740 train_time:36969ms step_avg:81.07ms
step:457/4740 train_time:37071ms step_avg:81.12ms
step:458/4740 train_time:37231ms step_avg:81.29ms
step:459/4740 train_time:37332ms step_avg:81.33ms
step:460/4740 train_time:37491ms step_avg:81.50ms
step:461/4740 train_time:37596ms step_avg:81.55ms
step:462/4740 train_time:37755ms step_avg:81.72ms
step:463/4740 train_time:37856ms step_avg:81.76ms
step:464/4740 train_time:38015ms step_avg:81.93ms
step:465/4740 train_time:38117ms step_avg:81.97ms
step:466/4740 train_time:38276ms step_avg:82.14ms
step:467/4740 train_time:38378ms step_avg:82.18ms
step:468/4740 train_time:38538ms step_avg:82.35ms
step:469/4740 train_time:38640ms step_avg:82.39ms
step:470/4740 train_time:38800ms step_avg:82.55ms
step:471/4740 train_time:38900ms step_avg:82.59ms
step:472/4740 train_time:39061ms step_avg:82.76ms
step:473/4740 train_time:39161ms step_avg:82.79ms
step:474/4740 train_time:39322ms step_avg:82.96ms
step:475/4740 train_time:39422ms step_avg:82.99ms
step:476/4740 train_time:39583ms step_avg:83.16ms
step:477/4740 train_time:39686ms step_avg:83.20ms
step:478/4740 train_time:39844ms step_avg:83.36ms
step:479/4740 train_time:39945ms step_avg:83.39ms
step:480/4740 train_time:40105ms step_avg:83.55ms
step:481/4740 train_time:40207ms step_avg:83.59ms
step:482/4740 train_time:40367ms step_avg:83.75ms
step:483/4740 train_time:40468ms step_avg:83.78ms
step:484/4740 train_time:40626ms step_avg:83.94ms
step:485/4740 train_time:40729ms step_avg:83.98ms
step:486/4740 train_time:40888ms step_avg:84.13ms
step:487/4740 train_time:40988ms step_avg:84.16ms
step:488/4740 train_time:41148ms step_avg:84.32ms
step:489/4740 train_time:41249ms step_avg:84.35ms
step:490/4740 train_time:41408ms step_avg:84.51ms
step:491/4740 train_time:41510ms step_avg:84.54ms
step:492/4740 train_time:41670ms step_avg:84.69ms
step:493/4740 train_time:41770ms step_avg:84.73ms
step:494/4740 train_time:41929ms step_avg:84.88ms
step:495/4740 train_time:42032ms step_avg:84.91ms
step:496/4740 train_time:42192ms step_avg:85.06ms
step:497/4740 train_time:42296ms step_avg:85.10ms
step:498/4740 train_time:42456ms step_avg:85.25ms
step:499/4740 train_time:42557ms step_avg:85.28ms
step:500/4740 train_time:42716ms step_avg:85.43ms
step:500/4740 val_loss:4.0206 train_time:42790ms step_avg:85.58ms
step:501/4740 train_time:42821ms step_avg:85.47ms
step:502/4740 train_time:42978ms step_avg:85.61ms
step:503/4740 train_time:43085ms step_avg:85.66ms
step:504/4740 train_time:43248ms step_avg:85.81ms
step:505/4740 train_time:43348ms step_avg:85.84ms
step:506/4740 train_time:43505ms step_avg:85.98ms
step:507/4740 train_time:43605ms step_avg:86.01ms
step:508/4740 train_time:43768ms step_avg:86.16ms
step:509/4740 train_time:43873ms step_avg:86.19ms
step:510/4740 train_time:44033ms step_avg:86.34ms
step:511/4740 train_time:44136ms step_avg:86.37ms
step:512/4740 train_time:44296ms step_avg:86.52ms
step:513/4740 train_time:44397ms step_avg:86.54ms
step:514/4740 train_time:44555ms step_avg:86.68ms
step:515/4740 train_time:44657ms step_avg:86.71ms
step:516/4740 train_time:44818ms step_avg:86.86ms
step:517/4740 train_time:44919ms step_avg:86.88ms
step:518/4740 train_time:45080ms step_avg:87.03ms
step:519/4740 train_time:45183ms step_avg:87.06ms
step:520/4740 train_time:45343ms step_avg:87.20ms
step:521/4740 train_time:45444ms step_avg:87.22ms
step:522/4740 train_time:45603ms step_avg:87.36ms
step:523/4740 train_time:45703ms step_avg:87.39ms
step:524/4740 train_time:45863ms step_avg:87.52ms
step:525/4740 train_time:45966ms step_avg:87.55ms
step:526/4740 train_time:46127ms step_avg:87.69ms
step:527/4740 train_time:46228ms step_avg:87.72ms
step:528/4740 train_time:46387ms step_avg:87.86ms
step:529/4740 train_time:46488ms step_avg:87.88ms
step:530/4740 train_time:46647ms step_avg:88.01ms
step:531/4740 train_time:46748ms step_avg:88.04ms
step:532/4740 train_time:46910ms step_avg:88.18ms
step:533/4740 train_time:47011ms step_avg:88.20ms
step:534/4740 train_time:47171ms step_avg:88.33ms
step:535/4740 train_time:47273ms step_avg:88.36ms
step:536/4740 train_time:47433ms step_avg:88.49ms
step:537/4740 train_time:47533ms step_avg:88.52ms
step:538/4740 train_time:47692ms step_avg:88.65ms
step:539/4740 train_time:47793ms step_avg:88.67ms
step:540/4740 train_time:47951ms step_avg:88.80ms
step:541/4740 train_time:48054ms step_avg:88.82ms
step:542/4740 train_time:48213ms step_avg:88.95ms
step:543/4740 train_time:48315ms step_avg:88.98ms
step:544/4740 train_time:48474ms step_avg:89.11ms
step:545/4740 train_time:48576ms step_avg:89.13ms
step:546/4740 train_time:48735ms step_avg:89.26ms
step:547/4740 train_time:48836ms step_avg:89.28ms
step:548/4740 train_time:48995ms step_avg:89.41ms
step:549/4740 train_time:49097ms step_avg:89.43ms
step:550/4740 train_time:49258ms step_avg:89.56ms
step:551/4740 train_time:49359ms step_avg:89.58ms
step:552/4740 train_time:49518ms step_avg:89.71ms
step:553/4740 train_time:49618ms step_avg:89.72ms
step:554/4740 train_time:49778ms step_avg:89.85ms
step:555/4740 train_time:49878ms step_avg:89.87ms
step:556/4740 train_time:50037ms step_avg:89.99ms
step:557/4740 train_time:50139ms step_avg:90.02ms
step:558/4740 train_time:50299ms step_avg:90.14ms
step:559/4740 train_time:50401ms step_avg:90.16ms
step:560/4740 train_time:50560ms step_avg:90.28ms
step:561/4740 train_time:50662ms step_avg:90.31ms
step:562/4740 train_time:50821ms step_avg:90.43ms
step:563/4740 train_time:50922ms step_avg:90.45ms
step:564/4740 train_time:51082ms step_avg:90.57ms
step:565/4740 train_time:51183ms step_avg:90.59ms
step:566/4740 train_time:51343ms step_avg:90.71ms
step:567/4740 train_time:51446ms step_avg:90.73ms
step:568/4740 train_time:51605ms step_avg:90.85ms
step:569/4740 train_time:51707ms step_avg:90.87ms
step:570/4740 train_time:51867ms step_avg:90.99ms
step:571/4740 train_time:51968ms step_avg:91.01ms
step:572/4740 train_time:52129ms step_avg:91.13ms
step:573/4740 train_time:52231ms step_avg:91.15ms
step:574/4740 train_time:52390ms step_avg:91.27ms
step:575/4740 train_time:52492ms step_avg:91.29ms
step:576/4740 train_time:52650ms step_avg:91.41ms
step:577/4740 train_time:52752ms step_avg:91.42ms
step:578/4740 train_time:52910ms step_avg:91.54ms
step:579/4740 train_time:53012ms step_avg:91.56ms
step:580/4740 train_time:53170ms step_avg:91.67ms
step:581/4740 train_time:53273ms step_avg:91.69ms
step:582/4740 train_time:53432ms step_avg:91.81ms
step:583/4740 train_time:53533ms step_avg:91.82ms
step:584/4740 train_time:53691ms step_avg:91.94ms
step:585/4740 train_time:53794ms step_avg:91.96ms
step:586/4740 train_time:53952ms step_avg:92.07ms
step:587/4740 train_time:54052ms step_avg:92.08ms
step:588/4740 train_time:54211ms step_avg:92.20ms
step:589/4740 train_time:54313ms step_avg:92.21ms
step:590/4740 train_time:54472ms step_avg:92.33ms
step:591/4740 train_time:54574ms step_avg:92.34ms
step:592/4740 train_time:54733ms step_avg:92.45ms
step:593/4740 train_time:54834ms step_avg:92.47ms
step:594/4740 train_time:54993ms step_avg:92.58ms
step:595/4740 train_time:55094ms step_avg:92.59ms
step:596/4740 train_time:55253ms step_avg:92.71ms
step:597/4740 train_time:55355ms step_avg:92.72ms
step:598/4740 train_time:55513ms step_avg:92.83ms
step:599/4740 train_time:55616ms step_avg:92.85ms
step:600/4740 train_time:55775ms step_avg:92.96ms
step:601/4740 train_time:55877ms step_avg:92.97ms
step:602/4740 train_time:56037ms step_avg:93.09ms
step:603/4740 train_time:56139ms step_avg:93.10ms
step:604/4740 train_time:56300ms step_avg:93.21ms
step:605/4740 train_time:56401ms step_avg:93.22ms
step:606/4740 train_time:56561ms step_avg:93.33ms
step:607/4740 train_time:56663ms step_avg:93.35ms
step:608/4740 train_time:56821ms step_avg:93.46ms
step:609/4740 train_time:56922ms step_avg:93.47ms
step:610/4740 train_time:57082ms step_avg:93.58ms
step:611/4740 train_time:57184ms step_avg:93.59ms
step:612/4740 train_time:57347ms step_avg:93.70ms
step:613/4740 train_time:57448ms step_avg:93.72ms
step:614/4740 train_time:57607ms step_avg:93.82ms
step:615/4740 train_time:57710ms step_avg:93.84ms
step:616/4740 train_time:57870ms step_avg:93.94ms
step:617/4740 train_time:57970ms step_avg:93.95ms
step:618/4740 train_time:58129ms step_avg:94.06ms
step:619/4740 train_time:58232ms step_avg:94.07ms
step:620/4740 train_time:58391ms step_avg:94.18ms
step:621/4740 train_time:58492ms step_avg:94.19ms
step:622/4740 train_time:58650ms step_avg:94.29ms
step:623/4740 train_time:58752ms step_avg:94.31ms
step:624/4740 train_time:58912ms step_avg:94.41ms
step:625/4740 train_time:59013ms step_avg:94.42ms
step:626/4740 train_time:59171ms step_avg:94.52ms
step:627/4740 train_time:59274ms step_avg:94.54ms
step:628/4740 train_time:59434ms step_avg:94.64ms
step:629/4740 train_time:59534ms step_avg:94.65ms
step:630/4740 train_time:59694ms step_avg:94.75ms
step:631/4740 train_time:59795ms step_avg:94.76ms
step:632/4740 train_time:59955ms step_avg:94.87ms
step:633/4740 train_time:60056ms step_avg:94.88ms
step:634/4740 train_time:60215ms step_avg:94.98ms
step:635/4740 train_time:60317ms step_avg:94.99ms
step:636/4740 train_time:60476ms step_avg:95.09ms
step:637/4740 train_time:60578ms step_avg:95.10ms
step:638/4740 train_time:60738ms step_avg:95.20ms
step:639/4740 train_time:60839ms step_avg:95.21ms
step:640/4740 train_time:60999ms step_avg:95.31ms
step:641/4740 train_time:61099ms step_avg:95.32ms
step:642/4740 train_time:61259ms step_avg:95.42ms
step:643/4740 train_time:61360ms step_avg:95.43ms
step:644/4740 train_time:61521ms step_avg:95.53ms
step:645/4740 train_time:61622ms step_avg:95.54ms
step:646/4740 train_time:61782ms step_avg:95.64ms
step:647/4740 train_time:61884ms step_avg:95.65ms
step:648/4740 train_time:62043ms step_avg:95.75ms
step:649/4740 train_time:62146ms step_avg:95.76ms
step:650/4740 train_time:62305ms step_avg:95.85ms
step:651/4740 train_time:62407ms step_avg:95.86ms
step:652/4740 train_time:62567ms step_avg:95.96ms
step:653/4740 train_time:62667ms step_avg:95.97ms
step:654/4740 train_time:62828ms step_avg:96.07ms
step:655/4740 train_time:62929ms step_avg:96.08ms
step:656/4740 train_time:63089ms step_avg:96.17ms
step:657/4740 train_time:63191ms step_avg:96.18ms
step:658/4740 train_time:63350ms step_avg:96.28ms
step:659/4740 train_time:63451ms step_avg:96.28ms
step:660/4740 train_time:63609ms step_avg:96.38ms
step:661/4740 train_time:63710ms step_avg:96.38ms
step:662/4740 train_time:63869ms step_avg:96.48ms
step:663/4740 train_time:63970ms step_avg:96.49ms
step:664/4740 train_time:64130ms step_avg:96.58ms
step:665/4740 train_time:64232ms step_avg:96.59ms
step:666/4740 train_time:64393ms step_avg:96.69ms
step:667/4740 train_time:64494ms step_avg:96.69ms
step:668/4740 train_time:64654ms step_avg:96.79ms
step:669/4740 train_time:64755ms step_avg:96.79ms
step:670/4740 train_time:64915ms step_avg:96.89ms
step:671/4740 train_time:65016ms step_avg:96.89ms
step:672/4740 train_time:65175ms step_avg:96.99ms
step:673/4740 train_time:65278ms step_avg:96.99ms
step:674/4740 train_time:65438ms step_avg:97.09ms
step:675/4740 train_time:65539ms step_avg:97.09ms
step:676/4740 train_time:65698ms step_avg:97.19ms
step:677/4740 train_time:65799ms step_avg:97.19ms
step:678/4740 train_time:65960ms step_avg:97.29ms
step:679/4740 train_time:66061ms step_avg:97.29ms
step:680/4740 train_time:66220ms step_avg:97.38ms
step:681/4740 train_time:66321ms step_avg:97.39ms
step:682/4740 train_time:66481ms step_avg:97.48ms
step:683/4740 train_time:66582ms step_avg:97.48ms
step:684/4740 train_time:66741ms step_avg:97.57ms
step:685/4740 train_time:66843ms step_avg:97.58ms
step:686/4740 train_time:67004ms step_avg:97.67ms
step:687/4740 train_time:67105ms step_avg:97.68ms
step:688/4740 train_time:67264ms step_avg:97.77ms
step:689/4740 train_time:67366ms step_avg:97.77ms
step:690/4740 train_time:67526ms step_avg:97.86ms
step:691/4740 train_time:67627ms step_avg:97.87ms
step:692/4740 train_time:67786ms step_avg:97.96ms
step:693/4740 train_time:67887ms step_avg:97.96ms
step:694/4740 train_time:68046ms step_avg:98.05ms
step:695/4740 train_time:68148ms step_avg:98.05ms
step:696/4740 train_time:68307ms step_avg:98.14ms
step:697/4740 train_time:68408ms step_avg:98.15ms
step:698/4740 train_time:68568ms step_avg:98.23ms
step:699/4740 train_time:68670ms step_avg:98.24ms
step:700/4740 train_time:68830ms step_avg:98.33ms
step:701/4740 train_time:68932ms step_avg:98.33ms
step:702/4740 train_time:69090ms step_avg:98.42ms
step:703/4740 train_time:69192ms step_avg:98.42ms
step:704/4740 train_time:69352ms step_avg:98.51ms
step:705/4740 train_time:69454ms step_avg:98.52ms
step:706/4740 train_time:69613ms step_avg:98.60ms
step:707/4740 train_time:69715ms step_avg:98.61ms
step:708/4740 train_time:69874ms step_avg:98.69ms
step:709/4740 train_time:69977ms step_avg:98.70ms
step:710/4740 train_time:70135ms step_avg:98.78ms
step:711/4740 train_time:70238ms step_avg:98.79ms
step:712/4740 train_time:70398ms step_avg:98.87ms
step:713/4740 train_time:70501ms step_avg:98.88ms
step:714/4740 train_time:70660ms step_avg:98.96ms
step:715/4740 train_time:70762ms step_avg:98.97ms
step:716/4740 train_time:70921ms step_avg:99.05ms
step:717/4740 train_time:71023ms step_avg:99.06ms
step:718/4740 train_time:71182ms step_avg:99.14ms
step:719/4740 train_time:71285ms step_avg:99.14ms
step:720/4740 train_time:71444ms step_avg:99.23ms
step:721/4740 train_time:71546ms step_avg:99.23ms
step:722/4740 train_time:71707ms step_avg:99.32ms
step:723/4740 train_time:71809ms step_avg:99.32ms
step:724/4740 train_time:71968ms step_avg:99.40ms
step:725/4740 train_time:72070ms step_avg:99.41ms
step:726/4740 train_time:72231ms step_avg:99.49ms
step:727/4740 train_time:72331ms step_avg:99.49ms
step:728/4740 train_time:72491ms step_avg:99.58ms
step:729/4740 train_time:72592ms step_avg:99.58ms
step:730/4740 train_time:72752ms step_avg:99.66ms
step:731/4740 train_time:72853ms step_avg:99.66ms
step:732/4740 train_time:73013ms step_avg:99.74ms
step:733/4740 train_time:73112ms step_avg:99.74ms
step:734/4740 train_time:73271ms step_avg:99.82ms
step:735/4740 train_time:73374ms step_avg:99.83ms
step:736/4740 train_time:73533ms step_avg:99.91ms
step:737/4740 train_time:73634ms step_avg:99.91ms
step:738/4740 train_time:73793ms step_avg:99.99ms
step:739/4740 train_time:73895ms step_avg:99.99ms
step:740/4740 train_time:74053ms step_avg:100.07ms
step:741/4740 train_time:74154ms step_avg:100.07ms
step:742/4740 train_time:74313ms step_avg:100.15ms
step:743/4740 train_time:74415ms step_avg:100.15ms
step:744/4740 train_time:74575ms step_avg:100.24ms
step:745/4740 train_time:74677ms step_avg:100.24ms
step:746/4740 train_time:74837ms step_avg:100.32ms
step:747/4740 train_time:74938ms step_avg:100.32ms
step:748/4740 train_time:75099ms step_avg:100.40ms
step:749/4740 train_time:75199ms step_avg:100.40ms
step:750/4740 train_time:75358ms step_avg:100.48ms
step:750/4740 val_loss:3.6268 train_time:75433ms step_avg:100.58ms
step:751/4740 train_time:75465ms step_avg:100.49ms
step:752/4740 train_time:75620ms step_avg:100.56ms
step:753/4740 train_time:75727ms step_avg:100.57ms
step:754/4740 train_time:75890ms step_avg:100.65ms
step:755/4740 train_time:75993ms step_avg:100.65ms
step:756/4740 train_time:76151ms step_avg:100.73ms
step:757/4740 train_time:76251ms step_avg:100.73ms
step:758/4740 train_time:76414ms step_avg:100.81ms
step:759/4740 train_time:76516ms step_avg:100.81ms
step:760/4740 train_time:76676ms step_avg:100.89ms
step:761/4740 train_time:76780ms step_avg:100.89ms
step:762/4740 train_time:76942ms step_avg:100.97ms
step:763/4740 train_time:77045ms step_avg:100.98ms
step:764/4740 train_time:77203ms step_avg:101.05ms
step:765/4740 train_time:77304ms step_avg:101.05ms
step:766/4740 train_time:77464ms step_avg:101.13ms
step:767/4740 train_time:77566ms step_avg:101.13ms
step:768/4740 train_time:77726ms step_avg:101.21ms
step:769/4740 train_time:77829ms step_avg:101.21ms
step:770/4740 train_time:77988ms step_avg:101.28ms
step:771/4740 train_time:78090ms step_avg:101.28ms
step:772/4740 train_time:78249ms step_avg:101.36ms
step:773/4740 train_time:78350ms step_avg:101.36ms
step:774/4740 train_time:78511ms step_avg:101.44ms
step:775/4740 train_time:78612ms step_avg:101.44ms
step:776/4740 train_time:78774ms step_avg:101.51ms
step:777/4740 train_time:78876ms step_avg:101.51ms
step:778/4740 train_time:79035ms step_avg:101.59ms
step:779/4740 train_time:79136ms step_avg:101.59ms
step:780/4740 train_time:79295ms step_avg:101.66ms
step:781/4740 train_time:79396ms step_avg:101.66ms
step:782/4740 train_time:79557ms step_avg:101.74ms
step:783/4740 train_time:79658ms step_avg:101.73ms
step:784/4740 train_time:79818ms step_avg:101.81ms
step:785/4740 train_time:79934ms step_avg:101.83ms
step:786/4740 train_time:80168ms step_avg:102.00ms
step:787/4740 train_time:80313ms step_avg:102.05ms
step:788/4740 train_time:80558ms step_avg:102.23ms
step:789/4740 train_time:80697ms step_avg:102.28ms
step:790/4740 train_time:80941ms step_avg:102.46ms
step:791/4740 train_time:81079ms step_avg:102.50ms
step:792/4740 train_time:81321ms step_avg:102.68ms
step:793/4740 train_time:81459ms step_avg:102.72ms
step:794/4740 train_time:81705ms step_avg:102.90ms
step:795/4740 train_time:81843ms step_avg:102.95ms
step:796/4740 train_time:82088ms step_avg:103.13ms
step:797/4740 train_time:82226ms step_avg:103.17ms
step:798/4740 train_time:82472ms step_avg:103.35ms
step:799/4740 train_time:82612ms step_avg:103.39ms
step:800/4740 train_time:82855ms step_avg:103.57ms
step:801/4740 train_time:82996ms step_avg:103.62ms
step:802/4740 train_time:83235ms step_avg:103.78ms
step:803/4740 train_time:83378ms step_avg:103.83ms
step:804/4740 train_time:83623ms step_avg:104.01ms
step:805/4740 train_time:83763ms step_avg:104.05ms
step:806/4740 train_time:84006ms step_avg:104.23ms
step:807/4740 train_time:84146ms step_avg:104.27ms
step:808/4740 train_time:84388ms step_avg:104.44ms
step:809/4740 train_time:84532ms step_avg:104.49ms
step:810/4740 train_time:84774ms step_avg:104.66ms
step:811/4740 train_time:84912ms step_avg:104.70ms
step:812/4740 train_time:85156ms step_avg:104.87ms
step:813/4740 train_time:85296ms step_avg:104.92ms
step:814/4740 train_time:85538ms step_avg:105.08ms
step:815/4740 train_time:85677ms step_avg:105.13ms
step:816/4740 train_time:85919ms step_avg:105.29ms
step:817/4740 train_time:86064ms step_avg:105.34ms
step:818/4740 train_time:86306ms step_avg:105.51ms
step:819/4740 train_time:86447ms step_avg:105.55ms
step:820/4740 train_time:86691ms step_avg:105.72ms
step:821/4740 train_time:86831ms step_avg:105.76ms
step:822/4740 train_time:87073ms step_avg:105.93ms
step:823/4740 train_time:87212ms step_avg:105.97ms
step:824/4740 train_time:87460ms step_avg:106.14ms
step:825/4740 train_time:87598ms step_avg:106.18ms
step:826/4740 train_time:87842ms step_avg:106.35ms
step:827/4740 train_time:87981ms step_avg:106.39ms
step:828/4740 train_time:88223ms step_avg:106.55ms
step:829/4740 train_time:88365ms step_avg:106.59ms
step:830/4740 train_time:88608ms step_avg:106.76ms
step:831/4740 train_time:88749ms step_avg:106.80ms
step:832/4740 train_time:88993ms step_avg:106.96ms
step:833/4740 train_time:89134ms step_avg:107.00ms
step:834/4740 train_time:89375ms step_avg:107.16ms
step:835/4740 train_time:89515ms step_avg:107.20ms
step:836/4740 train_time:89758ms step_avg:107.37ms
step:837/4740 train_time:89902ms step_avg:107.41ms
step:838/4740 train_time:90146ms step_avg:107.57ms
step:839/4740 train_time:90289ms step_avg:107.62ms
step:840/4740 train_time:90533ms step_avg:107.78ms
step:841/4740 train_time:90672ms step_avg:107.81ms
step:842/4740 train_time:90916ms step_avg:107.98ms
step:843/4740 train_time:91057ms step_avg:108.02ms
step:844/4740 train_time:91299ms step_avg:108.17ms
step:845/4740 train_time:91442ms step_avg:108.21ms
step:846/4740 train_time:91684ms step_avg:108.37ms
step:847/4740 train_time:91823ms step_avg:108.41ms
step:848/4740 train_time:92067ms step_avg:108.57ms
step:849/4740 train_time:92208ms step_avg:108.61ms
step:850/4740 train_time:92450ms step_avg:108.77ms
step:851/4740 train_time:92589ms step_avg:108.80ms
step:852/4740 train_time:92833ms step_avg:108.96ms
step:853/4740 train_time:92972ms step_avg:108.99ms
step:854/4740 train_time:93216ms step_avg:109.15ms
step:855/4740 train_time:93354ms step_avg:109.19ms
step:856/4740 train_time:93597ms step_avg:109.34ms
step:857/4740 train_time:93738ms step_avg:109.38ms
step:858/4740 train_time:93981ms step_avg:109.54ms
step:859/4740 train_time:94121ms step_avg:109.57ms
step:860/4740 train_time:94365ms step_avg:109.73ms
step:861/4740 train_time:94505ms step_avg:109.76ms
step:862/4740 train_time:94747ms step_avg:109.91ms
step:863/4740 train_time:94887ms step_avg:109.95ms
step:864/4740 train_time:95136ms step_avg:110.11ms
step:865/4740 train_time:95276ms step_avg:110.15ms
step:866/4740 train_time:95518ms step_avg:110.30ms
step:867/4740 train_time:95657ms step_avg:110.33ms
step:868/4740 train_time:95899ms step_avg:110.48ms
step:869/4740 train_time:96040ms step_avg:110.52ms
step:870/4740 train_time:96280ms step_avg:110.67ms
step:871/4740 train_time:96421ms step_avg:110.70ms
step:872/4740 train_time:96664ms step_avg:110.85ms
step:873/4740 train_time:96803ms step_avg:110.89ms
step:874/4740 train_time:97047ms step_avg:111.04ms
step:875/4740 train_time:97187ms step_avg:111.07ms
step:876/4740 train_time:97431ms step_avg:111.22ms
step:877/4740 train_time:97572ms step_avg:111.26ms
step:878/4740 train_time:97815ms step_avg:111.41ms
step:879/4740 train_time:97956ms step_avg:111.44ms
step:880/4740 train_time:98198ms step_avg:111.59ms
step:881/4740 train_time:98340ms step_avg:111.62ms
step:882/4740 train_time:98583ms step_avg:111.77ms
step:883/4740 train_time:98722ms step_avg:111.80ms
step:884/4740 train_time:98964ms step_avg:111.95ms
step:885/4740 train_time:99105ms step_avg:111.98ms
step:886/4740 train_time:99349ms step_avg:112.13ms
step:887/4740 train_time:99489ms step_avg:112.16ms
step:888/4740 train_time:99733ms step_avg:112.31ms
step:889/4740 train_time:99871ms step_avg:112.34ms
step:890/4740 train_time:100115ms step_avg:112.49ms
step:891/4740 train_time:100254ms step_avg:112.52ms
step:892/4740 train_time:100496ms step_avg:112.66ms
step:893/4740 train_time:100636ms step_avg:112.69ms
step:894/4740 train_time:100879ms step_avg:112.84ms
step:895/4740 train_time:101017ms step_avg:112.87ms
step:896/4740 train_time:101262ms step_avg:113.02ms
step:897/4740 train_time:101400ms step_avg:113.04ms
step:898/4740 train_time:101642ms step_avg:113.19ms
step:899/4740 train_time:101784ms step_avg:113.22ms
step:900/4740 train_time:102025ms step_avg:113.36ms
step:901/4740 train_time:102170ms step_avg:113.40ms
step:902/4740 train_time:102412ms step_avg:113.54ms
step:903/4740 train_time:102555ms step_avg:113.57ms
step:904/4740 train_time:102796ms step_avg:113.71ms
step:905/4740 train_time:102936ms step_avg:113.74ms
step:906/4740 train_time:103180ms step_avg:113.88ms
step:907/4740 train_time:103319ms step_avg:113.91ms
step:908/4740 train_time:103562ms step_avg:114.05ms
step:909/4740 train_time:103702ms step_avg:114.08ms
step:910/4740 train_time:103945ms step_avg:114.23ms
step:911/4740 train_time:104083ms step_avg:114.25ms
step:912/4740 train_time:104324ms step_avg:114.39ms
step:913/4740 train_time:104468ms step_avg:114.42ms
step:914/4740 train_time:104712ms step_avg:114.56ms
step:915/4740 train_time:104851ms step_avg:114.59ms
step:916/4740 train_time:105092ms step_avg:114.73ms
step:917/4740 train_time:105231ms step_avg:114.76ms
step:918/4740 train_time:105475ms step_avg:114.90ms
step:919/4740 train_time:105616ms step_avg:114.93ms
step:920/4740 train_time:105861ms step_avg:115.07ms
step:921/4740 train_time:105999ms step_avg:115.09ms
step:922/4740 train_time:106242ms step_avg:115.23ms
step:923/4740 train_time:106382ms step_avg:115.26ms
step:924/4740 train_time:106623ms step_avg:115.39ms
step:925/4740 train_time:106767ms step_avg:115.42ms
step:926/4740 train_time:107012ms step_avg:115.56ms
step:927/4740 train_time:107153ms step_avg:115.59ms
step:928/4740 train_time:107392ms step_avg:115.72ms
step:929/4740 train_time:107533ms step_avg:115.75ms
step:930/4740 train_time:107779ms step_avg:115.89ms
step:931/4740 train_time:107921ms step_avg:115.92ms
step:932/4740 train_time:108162ms step_avg:116.05ms
step:933/4740 train_time:108302ms step_avg:116.08ms
step:934/4740 train_time:108544ms step_avg:116.21ms
step:935/4740 train_time:108684ms step_avg:116.24ms
step:936/4740 train_time:108927ms step_avg:116.38ms
step:937/4740 train_time:109068ms step_avg:116.40ms
step:938/4740 train_time:109310ms step_avg:116.54ms
step:939/4740 train_time:109448ms step_avg:116.56ms
step:940/4740 train_time:109694ms step_avg:116.70ms
step:941/4740 train_time:109833ms step_avg:116.72ms
step:942/4740 train_time:110077ms step_avg:116.85ms
step:943/4740 train_time:110214ms step_avg:116.88ms
step:944/4740 train_time:110457ms step_avg:117.01ms
step:945/4740 train_time:110597ms step_avg:117.03ms
step:946/4740 train_time:110841ms step_avg:117.17ms
step:947/4740 train_time:110977ms step_avg:117.19ms
step:948/4740 train_time:111222ms step_avg:117.32ms
step:949/4740 train_time:111359ms step_avg:117.34ms
step:950/4740 train_time:111602ms step_avg:117.48ms
step:951/4740 train_time:111744ms step_avg:117.50ms
step:952/4740 train_time:111988ms step_avg:117.63ms
step:953/4740 train_time:112127ms step_avg:117.66ms
step:954/4740 train_time:112371ms step_avg:117.79ms
step:955/4740 train_time:112511ms step_avg:117.81ms
step:956/4740 train_time:112754ms step_avg:117.94ms
step:957/4740 train_time:112895ms step_avg:117.97ms
step:958/4740 train_time:113137ms step_avg:118.10ms
step:959/4740 train_time:113275ms step_avg:118.12ms
step:960/4740 train_time:113517ms step_avg:118.25ms
step:961/4740 train_time:113657ms step_avg:118.27ms
step:962/4740 train_time:113900ms step_avg:118.40ms
step:963/4740 train_time:114041ms step_avg:118.42ms
step:964/4740 train_time:114283ms step_avg:118.55ms
step:965/4740 train_time:114422ms step_avg:118.57ms
step:966/4740 train_time:114666ms step_avg:118.70ms
step:967/4740 train_time:114807ms step_avg:118.72ms
step:968/4740 train_time:115053ms step_avg:118.86ms
step:969/4740 train_time:115192ms step_avg:118.88ms
step:970/4740 train_time:115433ms step_avg:119.00ms
step:971/4740 train_time:115571ms step_avg:119.02ms
step:972/4740 train_time:115815ms step_avg:119.15ms
step:973/4740 train_time:115957ms step_avg:119.17ms
step:974/4740 train_time:116197ms step_avg:119.30ms
step:975/4740 train_time:116339ms step_avg:119.32ms
step:976/4740 train_time:116583ms step_avg:119.45ms
step:977/4740 train_time:116721ms step_avg:119.47ms
step:978/4740 train_time:116967ms step_avg:119.60ms
step:979/4740 train_time:117108ms step_avg:119.62ms
step:980/4740 train_time:117351ms step_avg:119.75ms
step:981/4740 train_time:117489ms step_avg:119.76ms
step:982/4740 train_time:117731ms step_avg:119.89ms
step:983/4740 train_time:117870ms step_avg:119.91ms
step:984/4740 train_time:118115ms step_avg:120.04ms
step:985/4740 train_time:118253ms step_avg:120.05ms
step:986/4740 train_time:118498ms step_avg:120.18ms
step:987/4740 train_time:118638ms step_avg:120.20ms
step:988/4740 train_time:118880ms step_avg:120.32ms
step:989/4740 train_time:119019ms step_avg:120.34ms
step:990/4740 train_time:119261ms step_avg:120.47ms
step:991/4740 train_time:119402ms step_avg:120.49ms
step:992/4740 train_time:119645ms step_avg:120.61ms
step:993/4740 train_time:119784ms step_avg:120.63ms
step:994/4740 train_time:120027ms step_avg:120.75ms
step:995/4740 train_time:120167ms step_avg:120.77ms
step:996/4740 train_time:120412ms step_avg:120.90ms
step:997/4740 train_time:120552ms step_avg:120.92ms
step:998/4740 train_time:120796ms step_avg:121.04ms
step:999/4740 train_time:120936ms step_avg:121.06ms
step:1000/4740 train_time:121181ms step_avg:121.18ms
step:1000/4740 val_loss:3.4539 train_time:121283ms step_avg:121.28ms
step:1001/4740 train_time:121325ms step_avg:121.20ms
step:1002/4740 train_time:121568ms step_avg:121.33ms
step:1003/4740 train_time:121717ms step_avg:121.35ms
step:1004/4740 train_time:121962ms step_avg:121.48ms
step:1005/4740 train_time:122101ms step_avg:121.49ms
step:1006/4740 train_time:122344ms step_avg:121.61ms
step:1007/4740 train_time:122482ms step_avg:121.63ms
step:1008/4740 train_time:122728ms step_avg:121.75ms
step:1009/4740 train_time:122871ms step_avg:121.77ms
step:1010/4740 train_time:123112ms step_avg:121.89ms
step:1011/4740 train_time:123251ms step_avg:121.91ms
step:1012/4740 train_time:123493ms step_avg:122.03ms
step:1013/4740 train_time:123637ms step_avg:122.05ms
step:1014/4740 train_time:123885ms step_avg:122.17ms
step:1015/4740 train_time:124022ms step_avg:122.19ms
step:1016/4740 train_time:124264ms step_avg:122.31ms
step:1017/4740 train_time:124402ms step_avg:122.32ms
step:1018/4740 train_time:124650ms step_avg:122.45ms
step:1019/4740 train_time:124790ms step_avg:122.46ms
step:1020/4740 train_time:125034ms step_avg:122.58ms
step:1021/4740 train_time:125173ms step_avg:122.60ms
step:1022/4740 train_time:125415ms step_avg:122.71ms
step:1023/4740 train_time:125555ms step_avg:122.73ms
step:1024/4740 train_time:125800ms step_avg:122.85ms
step:1025/4740 train_time:125939ms step_avg:122.87ms
step:1026/4740 train_time:126183ms step_avg:122.98ms
step:1027/4740 train_time:126321ms step_avg:123.00ms
step:1028/4740 train_time:126566ms step_avg:123.12ms
step:1029/4740 train_time:126708ms step_avg:123.14ms
step:1030/4740 train_time:126952ms step_avg:123.25ms
step:1031/4740 train_time:127092ms step_avg:123.27ms
step:1032/4740 train_time:127331ms step_avg:123.38ms
step:1033/4740 train_time:127475ms step_avg:123.40ms
step:1034/4740 train_time:127718ms step_avg:123.52ms
step:1035/4740 train_time:127859ms step_avg:123.54ms
step:1036/4740 train_time:128110ms step_avg:123.66ms
step:1037/4740 train_time:128246ms step_avg:123.67ms
step:1038/4740 train_time:128489ms step_avg:123.79ms
step:1039/4740 train_time:128627ms step_avg:123.80ms
step:1040/4740 train_time:128873ms step_avg:123.92ms
step:1041/4740 train_time:129010ms step_avg:123.93ms
step:1042/4740 train_time:129253ms step_avg:124.04ms
step:1043/4740 train_time:129391ms step_avg:124.06ms
step:1044/4740 train_time:129632ms step_avg:124.17ms
step:1045/4740 train_time:129773ms step_avg:124.19ms
step:1046/4740 train_time:130016ms step_avg:124.30ms
step:1047/4740 train_time:130156ms step_avg:124.31ms
step:1048/4740 train_time:130400ms step_avg:124.43ms
step:1049/4740 train_time:130540ms step_avg:124.44ms
step:1050/4740 train_time:130783ms step_avg:124.56ms
step:1051/4740 train_time:130923ms step_avg:124.57ms
step:1052/4740 train_time:131165ms step_avg:124.68ms
step:1053/4740 train_time:131304ms step_avg:124.70ms
step:1054/4740 train_time:131545ms step_avg:124.81ms
step:1055/4740 train_time:131686ms step_avg:124.82ms
step:1056/4740 train_time:131927ms step_avg:124.93ms
step:1057/4740 train_time:132068ms step_avg:124.95ms
step:1058/4740 train_time:132312ms step_avg:125.06ms
step:1059/4740 train_time:132453ms step_avg:125.07ms
step:1060/4740 train_time:132696ms step_avg:125.19ms
step:1061/4740 train_time:132837ms step_avg:125.20ms
step:1062/4740 train_time:133080ms step_avg:125.31ms
step:1063/4740 train_time:133221ms step_avg:125.33ms
step:1064/4740 train_time:133466ms step_avg:125.44ms
step:1065/4740 train_time:133607ms step_avg:125.45ms
step:1066/4740 train_time:133847ms step_avg:125.56ms
step:1067/4740 train_time:133989ms step_avg:125.58ms
step:1068/4740 train_time:134234ms step_avg:125.69ms
step:1069/4740 train_time:134374ms step_avg:125.70ms
step:1070/4740 train_time:134619ms step_avg:125.81ms
step:1071/4740 train_time:134759ms step_avg:125.83ms
step:1072/4740 train_time:135002ms step_avg:125.93ms
step:1073/4740 train_time:135140ms step_avg:125.95ms
step:1074/4740 train_time:135384ms step_avg:126.06ms
step:1075/4740 train_time:135526ms step_avg:126.07ms
step:1076/4740 train_time:135769ms step_avg:126.18ms
step:1077/4740 train_time:135909ms step_avg:126.19ms
step:1078/4740 train_time:136154ms step_avg:126.30ms
step:1079/4740 train_time:136293ms step_avg:126.31ms
step:1080/4740 train_time:136534ms step_avg:126.42ms
step:1081/4740 train_time:136675ms step_avg:126.43ms
step:1082/4740 train_time:136919ms step_avg:126.54ms
step:1083/4740 train_time:137058ms step_avg:126.55ms
step:1084/4740 train_time:137302ms step_avg:126.66ms
step:1085/4740 train_time:137444ms step_avg:126.68ms
step:1086/4740 train_time:137691ms step_avg:126.79ms
step:1087/4740 train_time:137831ms step_avg:126.80ms
step:1088/4740 train_time:138076ms step_avg:126.91ms
step:1089/4740 train_time:138212ms step_avg:126.92ms
step:1090/4740 train_time:138456ms step_avg:127.02ms
step:1091/4740 train_time:138599ms step_avg:127.04ms
step:1092/4740 train_time:138841ms step_avg:127.14ms
step:1093/4740 train_time:138979ms step_avg:127.15ms
step:1094/4740 train_time:139222ms step_avg:127.26ms
step:1095/4740 train_time:139360ms step_avg:127.27ms
step:1096/4740 train_time:139607ms step_avg:127.38ms
step:1097/4740 train_time:139744ms step_avg:127.39ms
step:1098/4740 train_time:139988ms step_avg:127.49ms
step:1099/4740 train_time:140125ms step_avg:127.50ms
step:1100/4740 train_time:140368ms step_avg:127.61ms
step:1101/4740 train_time:140509ms step_avg:127.62ms
step:1102/4740 train_time:140751ms step_avg:127.72ms
step:1103/4740 train_time:140891ms step_avg:127.73ms
step:1104/4740 train_time:141133ms step_avg:127.84ms
step:1105/4740 train_time:141274ms step_avg:127.85ms
step:1106/4740 train_time:141518ms step_avg:127.95ms
step:1107/4740 train_time:141660ms step_avg:127.97ms
step:1108/4740 train_time:141905ms step_avg:128.07ms
step:1109/4740 train_time:142044ms step_avg:128.08ms
step:1110/4740 train_time:142286ms step_avg:128.19ms
step:1111/4740 train_time:142426ms step_avg:128.20ms
step:1112/4740 train_time:142671ms step_avg:128.30ms
step:1113/4740 train_time:142811ms step_avg:128.31ms
step:1114/4740 train_time:143055ms step_avg:128.42ms
step:1115/4740 train_time:143195ms step_avg:128.43ms
step:1116/4740 train_time:143439ms step_avg:128.53ms
step:1117/4740 train_time:143578ms step_avg:128.54ms
step:1118/4740 train_time:143820ms step_avg:128.64ms
step:1119/4740 train_time:143961ms step_avg:128.65ms
step:1120/4740 train_time:144204ms step_avg:128.75ms
step:1121/4740 train_time:144344ms step_avg:128.76ms
step:1122/4740 train_time:144591ms step_avg:128.87ms
step:1123/4740 train_time:144729ms step_avg:128.88ms
step:1124/4740 train_time:144970ms step_avg:128.98ms
step:1125/4740 train_time:145110ms step_avg:128.99ms
step:1126/4740 train_time:145351ms step_avg:129.09ms
step:1127/4740 train_time:145491ms step_avg:129.10ms
step:1128/4740 train_time:145733ms step_avg:129.20ms
step:1129/4740 train_time:145874ms step_avg:129.21ms
step:1130/4740 train_time:146116ms step_avg:129.31ms
step:1131/4740 train_time:146255ms step_avg:129.32ms
step:1132/4740 train_time:146500ms step_avg:129.42ms
step:1133/4740 train_time:146639ms step_avg:129.43ms
step:1134/4740 train_time:146882ms step_avg:129.53ms
step:1135/4740 train_time:147024ms step_avg:129.54ms
step:1136/4740 train_time:147268ms step_avg:129.64ms
step:1137/4740 train_time:147407ms step_avg:129.65ms
step:1138/4740 train_time:147652ms step_avg:129.75ms
step:1139/4740 train_time:147792ms step_avg:129.76ms
step:1140/4740 train_time:148033ms step_avg:129.85ms
step:1141/4740 train_time:148176ms step_avg:129.86ms
step:1142/4740 train_time:148421ms step_avg:129.97ms
step:1143/4740 train_time:148559ms step_avg:129.97ms
step:1144/4740 train_time:148805ms step_avg:130.07ms
step:1145/4740 train_time:148944ms step_avg:130.08ms
step:1146/4740 train_time:149187ms step_avg:130.18ms
step:1147/4740 train_time:149327ms step_avg:130.19ms
step:1148/4740 train_time:149570ms step_avg:130.29ms
step:1149/4740 train_time:149709ms step_avg:130.29ms
step:1150/4740 train_time:149953ms step_avg:130.39ms
step:1151/4740 train_time:150097ms step_avg:130.41ms
step:1152/4740 train_time:150340ms step_avg:130.50ms
step:1153/4740 train_time:150481ms step_avg:130.51ms
step:1154/4740 train_time:150726ms step_avg:130.61ms
step:1155/4740 train_time:150866ms step_avg:130.62ms
step:1156/4740 train_time:151111ms step_avg:130.72ms
step:1157/4740 train_time:151253ms step_avg:130.73ms
step:1158/4740 train_time:151497ms step_avg:130.83ms
step:1159/4740 train_time:151636ms step_avg:130.83ms
step:1160/4740 train_time:151878ms step_avg:130.93ms
step:1161/4740 train_time:152019ms step_avg:130.94ms
step:1162/4740 train_time:152267ms step_avg:131.04ms
step:1163/4740 train_time:152404ms step_avg:131.04ms
step:1164/4740 train_time:152647ms step_avg:131.14ms
step:1165/4740 train_time:152785ms step_avg:131.15ms
step:1166/4740 train_time:153028ms step_avg:131.24ms
step:1167/4740 train_time:153170ms step_avg:131.25ms
step:1168/4740 train_time:153412ms step_avg:131.35ms
step:1169/4740 train_time:153553ms step_avg:131.35ms
step:1170/4740 train_time:153797ms step_avg:131.45ms
step:1171/4740 train_time:153936ms step_avg:131.46ms
step:1172/4740 train_time:154178ms step_avg:131.55ms
step:1173/4740 train_time:154318ms step_avg:131.56ms
step:1174/4740 train_time:154562ms step_avg:131.65ms
step:1175/4740 train_time:154703ms step_avg:131.66ms
step:1176/4740 train_time:154982ms step_avg:131.79ms
step:1177/4740 train_time:155158ms step_avg:131.83ms
step:1178/4740 train_time:155475ms step_avg:131.98ms
step:1179/4740 train_time:155660ms step_avg:132.03ms
step:1180/4740 train_time:155979ms step_avg:132.19ms
step:1181/4740 train_time:156160ms step_avg:132.23ms
step:1182/4740 train_time:156479ms step_avg:132.38ms
step:1183/4740 train_time:156659ms step_avg:132.42ms
step:1184/4740 train_time:156982ms step_avg:132.59ms
step:1185/4740 train_time:157164ms step_avg:132.63ms
step:1186/4740 train_time:157479ms step_avg:132.78ms
step:1187/4740 train_time:157659ms step_avg:132.82ms
step:1188/4740 train_time:157982ms step_avg:132.98ms
step:1189/4740 train_time:158161ms step_avg:133.02ms
step:1190/4740 train_time:158481ms step_avg:133.18ms
step:1191/4740 train_time:158658ms step_avg:133.21ms
step:1192/4740 train_time:158977ms step_avg:133.37ms
step:1193/4740 train_time:159158ms step_avg:133.41ms
step:1194/4740 train_time:159478ms step_avg:133.57ms
step:1195/4740 train_time:159657ms step_avg:133.60ms
step:1196/4740 train_time:159978ms step_avg:133.76ms
step:1197/4740 train_time:160157ms step_avg:133.80ms
step:1198/4740 train_time:160480ms step_avg:133.96ms
step:1199/4740 train_time:160659ms step_avg:133.99ms
step:1200/4740 train_time:160982ms step_avg:134.15ms
step:1201/4740 train_time:161159ms step_avg:134.19ms
step:1202/4740 train_time:161479ms step_avg:134.34ms
step:1203/4740 train_time:161660ms step_avg:134.38ms
step:1204/4740 train_time:161979ms step_avg:134.53ms
step:1205/4740 train_time:162160ms step_avg:134.57ms
step:1206/4740 train_time:162481ms step_avg:134.73ms
step:1207/4740 train_time:162660ms step_avg:134.76ms
step:1208/4740 train_time:162979ms step_avg:134.92ms
step:1209/4740 train_time:163160ms step_avg:134.95ms
step:1210/4740 train_time:163477ms step_avg:135.11ms
step:1211/4740 train_time:163658ms step_avg:135.14ms
step:1212/4740 train_time:163981ms step_avg:135.30ms
step:1213/4740 train_time:164159ms step_avg:135.33ms
step:1214/4740 train_time:164483ms step_avg:135.49ms
step:1215/4740 train_time:164661ms step_avg:135.52ms
step:1216/4740 train_time:164981ms step_avg:135.68ms
step:1217/4740 train_time:165160ms step_avg:135.71ms
step:1218/4740 train_time:165480ms step_avg:135.86ms
step:1219/4740 train_time:165660ms step_avg:135.90ms
step:1220/4740 train_time:165984ms step_avg:136.05ms
step:1221/4740 train_time:166160ms step_avg:136.09ms
step:1222/4740 train_time:166481ms step_avg:136.24ms
step:1223/4740 train_time:166658ms step_avg:136.27ms
step:1224/4740 train_time:166979ms step_avg:136.42ms
step:1225/4740 train_time:167158ms step_avg:136.46ms
step:1226/4740 train_time:167478ms step_avg:136.61ms
step:1227/4740 train_time:167657ms step_avg:136.64ms
step:1228/4740 train_time:167980ms step_avg:136.79ms
step:1229/4740 train_time:168157ms step_avg:136.82ms
step:1230/4740 train_time:168480ms step_avg:136.98ms
step:1231/4740 train_time:168658ms step_avg:137.01ms
step:1232/4740 train_time:168978ms step_avg:137.16ms
step:1233/4740 train_time:169158ms step_avg:137.19ms
step:1234/4740 train_time:169479ms step_avg:137.34ms
step:1235/4740 train_time:169659ms step_avg:137.38ms
step:1236/4740 train_time:169981ms step_avg:137.52ms
step:1237/4740 train_time:170159ms step_avg:137.56ms
step:1238/4740 train_time:170475ms step_avg:137.70ms
step:1239/4740 train_time:170656ms step_avg:137.74ms
step:1240/4740 train_time:170977ms step_avg:137.88ms
step:1241/4740 train_time:171156ms step_avg:137.92ms
step:1242/4740 train_time:171479ms step_avg:138.07ms
step:1243/4740 train_time:171657ms step_avg:138.10ms
step:1244/4740 train_time:171978ms step_avg:138.25ms
step:1245/4740 train_time:172155ms step_avg:138.28ms
step:1246/4740 train_time:172476ms step_avg:138.42ms
step:1247/4740 train_time:172655ms step_avg:138.46ms
step:1248/4740 train_time:172975ms step_avg:138.60ms
step:1249/4740 train_time:173153ms step_avg:138.63ms
step:1250/4740 train_time:173469ms step_avg:138.78ms
step:1250/4740 val_loss:3.3704 train_time:173601ms step_avg:138.88ms
step:1251/4740 train_time:173656ms step_avg:138.81ms
step:1252/4740 train_time:173981ms step_avg:138.96ms
step:1253/4740 train_time:174165ms step_avg:139.00ms
step:1254/4740 train_time:174482ms step_avg:139.14ms
step:1255/4740 train_time:174662ms step_avg:139.17ms
step:1256/4740 train_time:174987ms step_avg:139.32ms
step:1257/4740 train_time:175168ms step_avg:139.35ms
step:1258/4740 train_time:175484ms step_avg:139.49ms
step:1259/4740 train_time:175662ms step_avg:139.52ms
step:1260/4740 train_time:175985ms step_avg:139.67ms
step:1261/4740 train_time:176167ms step_avg:139.70ms
step:1262/4740 train_time:176484ms step_avg:139.84ms
step:1263/4740 train_time:176662ms step_avg:139.87ms
step:1264/4740 train_time:176983ms step_avg:140.02ms
step:1265/4740 train_time:177162ms step_avg:140.05ms
step:1266/4740 train_time:177484ms step_avg:140.19ms
step:1267/4740 train_time:177663ms step_avg:140.22ms
step:1268/4740 train_time:177985ms step_avg:140.37ms
step:1269/4740 train_time:178164ms step_avg:140.40ms
step:1270/4740 train_time:178485ms step_avg:140.54ms
step:1271/4740 train_time:178663ms step_avg:140.57ms
step:1272/4740 train_time:178983ms step_avg:140.71ms
step:1273/4740 train_time:179162ms step_avg:140.74ms
step:1274/4740 train_time:179480ms step_avg:140.88ms
step:1275/4740 train_time:179660ms step_avg:140.91ms
step:1276/4740 train_time:179982ms step_avg:141.05ms
step:1277/4740 train_time:180161ms step_avg:141.08ms
step:1278/4740 train_time:180482ms step_avg:141.22ms
step:1279/4740 train_time:180661ms step_avg:141.25ms
step:1280/4740 train_time:180983ms step_avg:141.39ms
step:1281/4740 train_time:181163ms step_avg:141.42ms
step:1282/4740 train_time:181483ms step_avg:141.56ms
step:1283/4740 train_time:181663ms step_avg:141.59ms
step:1284/4740 train_time:181982ms step_avg:141.73ms
step:1285/4740 train_time:182162ms step_avg:141.76ms
step:1286/4740 train_time:182481ms step_avg:141.90ms
step:1287/4740 train_time:182659ms step_avg:141.93ms
step:1288/4740 train_time:182979ms step_avg:142.06ms
step:1289/4740 train_time:183161ms step_avg:142.10ms
step:1290/4740 train_time:183479ms step_avg:142.23ms
step:1291/4740 train_time:183661ms step_avg:142.26ms
step:1292/4740 train_time:183983ms step_avg:142.40ms
step:1293/4740 train_time:184161ms step_avg:142.43ms
step:1294/4740 train_time:184479ms step_avg:142.57ms
step:1295/4740 train_time:184660ms step_avg:142.59ms
step:1296/4740 train_time:184982ms step_avg:142.73ms
step:1297/4740 train_time:185160ms step_avg:142.76ms
step:1298/4740 train_time:185482ms step_avg:142.90ms
step:1299/4740 train_time:185662ms step_avg:142.93ms
step:1300/4740 train_time:185984ms step_avg:143.06ms
step:1301/4740 train_time:186162ms step_avg:143.09ms
step:1302/4740 train_time:186477ms step_avg:143.22ms
step:1303/4740 train_time:186659ms step_avg:143.25ms
step:1304/4740 train_time:186981ms step_avg:143.39ms
step:1305/4740 train_time:187161ms step_avg:143.42ms
step:1306/4740 train_time:187482ms step_avg:143.55ms
step:1307/4740 train_time:187661ms step_avg:143.58ms
step:1308/4740 train_time:187982ms step_avg:143.72ms
step:1309/4740 train_time:188160ms step_avg:143.74ms
step:1310/4740 train_time:188483ms step_avg:143.88ms
step:1311/4740 train_time:188662ms step_avg:143.91ms
step:1312/4740 train_time:188981ms step_avg:144.04ms
step:1313/4740 train_time:189161ms step_avg:144.07ms
step:1314/4740 train_time:189482ms step_avg:144.20ms
step:1315/4740 train_time:189661ms step_avg:144.23ms
step:1316/4740 train_time:189981ms step_avg:144.36ms
step:1317/4740 train_time:190161ms step_avg:144.39ms
step:1318/4740 train_time:190482ms step_avg:144.52ms
step:1319/4740 train_time:190661ms step_avg:144.55ms
step:1320/4740 train_time:190983ms step_avg:144.68ms
step:1321/4740 train_time:191161ms step_avg:144.71ms
step:1322/4740 train_time:191482ms step_avg:144.84ms
step:1323/4740 train_time:191663ms step_avg:144.87ms
step:1324/4740 train_time:191982ms step_avg:145.00ms
step:1325/4740 train_time:192161ms step_avg:145.03ms
step:1326/4740 train_time:192481ms step_avg:145.16ms
step:1327/4740 train_time:192661ms step_avg:145.19ms
step:1328/4740 train_time:192982ms step_avg:145.32ms
step:1329/4740 train_time:193159ms step_avg:145.34ms
step:1330/4740 train_time:193479ms step_avg:145.47ms
step:1331/4740 train_time:193658ms step_avg:145.50ms
step:1332/4740 train_time:193980ms step_avg:145.63ms
step:1333/4740 train_time:194159ms step_avg:145.66ms
step:1334/4740 train_time:194481ms step_avg:145.79ms
step:1335/4740 train_time:194660ms step_avg:145.81ms
step:1336/4740 train_time:194981ms step_avg:145.94ms
step:1337/4740 train_time:195159ms step_avg:145.97ms
step:1338/4740 train_time:195475ms step_avg:146.10ms
step:1339/4740 train_time:195656ms step_avg:146.12ms
step:1340/4740 train_time:195975ms step_avg:146.25ms
step:1341/4740 train_time:196155ms step_avg:146.28ms
step:1342/4740 train_time:196476ms step_avg:146.41ms
step:1343/4740 train_time:196655ms step_avg:146.43ms
step:1344/4740 train_time:196972ms step_avg:146.56ms
step:1345/4740 train_time:197152ms step_avg:146.58ms
step:1346/4740 train_time:197476ms step_avg:146.71ms
step:1347/4740 train_time:197653ms step_avg:146.74ms
step:1348/4740 train_time:197974ms step_avg:146.86ms
step:1349/4740 train_time:198152ms step_avg:146.89ms
step:1350/4740 train_time:198473ms step_avg:147.02ms
step:1351/4740 train_time:198650ms step_avg:147.04ms
step:1352/4740 train_time:198973ms step_avg:147.17ms
step:1353/4740 train_time:199153ms step_avg:147.19ms
step:1354/4740 train_time:199474ms step_avg:147.32ms
step:1355/4740 train_time:199652ms step_avg:147.34ms
step:1356/4740 train_time:199975ms step_avg:147.47ms
step:1357/4740 train_time:200157ms step_avg:147.50ms
step:1358/4740 train_time:200477ms step_avg:147.63ms
step:1359/4740 train_time:200658ms step_avg:147.65ms
step:1360/4740 train_time:200978ms step_avg:147.78ms
step:1361/4740 train_time:201157ms step_avg:147.80ms
step:1362/4740 train_time:201475ms step_avg:147.93ms
step:1363/4740 train_time:201655ms step_avg:147.95ms
step:1364/4740 train_time:201976ms step_avg:148.08ms
step:1365/4740 train_time:202157ms step_avg:148.10ms
step:1366/4740 train_time:202478ms step_avg:148.23ms
step:1367/4740 train_time:202658ms step_avg:148.25ms
step:1368/4740 train_time:202977ms step_avg:148.38ms
step:1369/4740 train_time:203157ms step_avg:148.40ms
step:1370/4740 train_time:203480ms step_avg:148.53ms
step:1371/4740 train_time:203658ms step_avg:148.55ms
step:1372/4740 train_time:203975ms step_avg:148.67ms
step:1373/4740 train_time:204156ms step_avg:148.69ms
step:1374/4740 train_time:204475ms step_avg:148.82ms
step:1375/4740 train_time:204654ms step_avg:148.84ms
step:1376/4740 train_time:204973ms step_avg:148.96ms
step:1377/4740 train_time:205153ms step_avg:148.99ms
step:1378/4740 train_time:205473ms step_avg:149.11ms
step:1379/4740 train_time:205652ms step_avg:149.13ms
step:1380/4740 train_time:205973ms step_avg:149.26ms
step:1381/4740 train_time:206151ms step_avg:149.28ms
step:1382/4740 train_time:206472ms step_avg:149.40ms
step:1383/4740 train_time:206653ms step_avg:149.42ms
step:1384/4740 train_time:206973ms step_avg:149.55ms
step:1385/4740 train_time:207152ms step_avg:149.57ms
step:1386/4740 train_time:207473ms step_avg:149.69ms
step:1387/4740 train_time:207652ms step_avg:149.71ms
step:1388/4740 train_time:207973ms step_avg:149.84ms
step:1389/4740 train_time:208152ms step_avg:149.86ms
step:1390/4740 train_time:208473ms step_avg:149.98ms
step:1391/4740 train_time:208653ms step_avg:150.00ms
step:1392/4740 train_time:208974ms step_avg:150.12ms
step:1393/4740 train_time:209154ms step_avg:150.15ms
step:1394/4740 train_time:209472ms step_avg:150.27ms
step:1395/4740 train_time:209651ms step_avg:150.29ms
step:1396/4740 train_time:209974ms step_avg:150.41ms
step:1397/4740 train_time:210152ms step_avg:150.43ms
step:1398/4740 train_time:210473ms step_avg:150.55ms
step:1399/4740 train_time:210652ms step_avg:150.57ms
step:1400/4740 train_time:210970ms step_avg:150.69ms
step:1401/4740 train_time:211151ms step_avg:150.71ms
step:1402/4740 train_time:211471ms step_avg:150.84ms
step:1403/4740 train_time:211647ms step_avg:150.85ms
step:1404/4740 train_time:211965ms step_avg:150.97ms
step:1405/4740 train_time:212144ms step_avg:150.99ms
step:1406/4740 train_time:212464ms step_avg:151.11ms
step:1407/4740 train_time:212641ms step_avg:151.13ms
step:1408/4740 train_time:212959ms step_avg:151.25ms
step:1409/4740 train_time:213139ms step_avg:151.27ms
step:1410/4740 train_time:213458ms step_avg:151.39ms
step:1411/4740 train_time:213639ms step_avg:151.41ms
step:1412/4740 train_time:213958ms step_avg:151.53ms
step:1413/4740 train_time:214138ms step_avg:151.55ms
step:1414/4740 train_time:214459ms step_avg:151.67ms
step:1415/4740 train_time:214636ms step_avg:151.69ms
step:1416/4740 train_time:214956ms step_avg:151.81ms
step:1417/4740 train_time:215140ms step_avg:151.83ms
step:1418/4740 train_time:215458ms step_avg:151.95ms
step:1419/4740 train_time:215641ms step_avg:151.97ms
step:1420/4740 train_time:215960ms step_avg:152.08ms
step:1421/4740 train_time:216141ms step_avg:152.11ms
step:1422/4740 train_time:216461ms step_avg:152.22ms
step:1423/4740 train_time:216642ms step_avg:152.24ms
step:1424/4740 train_time:216960ms step_avg:152.36ms
step:1425/4740 train_time:217139ms step_avg:152.38ms
step:1426/4740 train_time:217460ms step_avg:152.50ms
step:1427/4740 train_time:217639ms step_avg:152.52ms
step:1428/4740 train_time:217955ms step_avg:152.63ms
step:1429/4740 train_time:218140ms step_avg:152.65ms
step:1430/4740 train_time:218459ms step_avg:152.77ms
step:1431/4740 train_time:218641ms step_avg:152.79ms
step:1432/4740 train_time:218960ms step_avg:152.91ms
step:1433/4740 train_time:219143ms step_avg:152.93ms
step:1434/4740 train_time:219461ms step_avg:153.04ms
step:1435/4740 train_time:219643ms step_avg:153.06ms
step:1436/4740 train_time:219962ms step_avg:153.18ms
step:1437/4740 train_time:220143ms step_avg:153.20ms
step:1438/4740 train_time:220462ms step_avg:153.31ms
step:1439/4740 train_time:220642ms step_avg:153.33ms
step:1440/4740 train_time:220960ms step_avg:153.44ms
step:1441/4740 train_time:221139ms step_avg:153.46ms
step:1442/4740 train_time:221461ms step_avg:153.58ms
step:1443/4740 train_time:221639ms step_avg:153.60ms
step:1444/4740 train_time:221955ms step_avg:153.71ms
step:1445/4740 train_time:222139ms step_avg:153.73ms
step:1446/4740 train_time:222455ms step_avg:153.84ms
step:1447/4740 train_time:222640ms step_avg:153.86ms
step:1448/4740 train_time:222959ms step_avg:153.98ms
step:1449/4740 train_time:223141ms step_avg:154.00ms
step:1450/4740 train_time:223458ms step_avg:154.11ms
step:1451/4740 train_time:223639ms step_avg:154.13ms
step:1452/4740 train_time:223961ms step_avg:154.24ms
step:1453/4740 train_time:224139ms step_avg:154.26ms
step:1454/4740 train_time:224458ms step_avg:154.37ms
step:1455/4740 train_time:224638ms step_avg:154.39ms
step:1456/4740 train_time:224959ms step_avg:154.50ms
step:1457/4740 train_time:225140ms step_avg:154.52ms
step:1458/4740 train_time:225462ms step_avg:154.64ms
step:1459/4740 train_time:225642ms step_avg:154.66ms
step:1460/4740 train_time:225961ms step_avg:154.77ms
step:1461/4740 train_time:226140ms step_avg:154.78ms
step:1462/4740 train_time:226459ms step_avg:154.90ms
step:1463/4740 train_time:226636ms step_avg:154.91ms
step:1464/4740 train_time:226956ms step_avg:155.02ms
step:1465/4740 train_time:227138ms step_avg:155.04ms
step:1466/4740 train_time:227457ms step_avg:155.15ms
step:1467/4740 train_time:227638ms step_avg:155.17ms
step:1468/4740 train_time:227955ms step_avg:155.28ms
step:1469/4740 train_time:228138ms step_avg:155.30ms
step:1470/4740 train_time:228458ms step_avg:155.41ms
step:1471/4740 train_time:228641ms step_avg:155.43ms
step:1472/4740 train_time:228959ms step_avg:155.54ms
step:1473/4740 train_time:229141ms step_avg:155.56ms
step:1474/4740 train_time:229458ms step_avg:155.67ms
step:1475/4740 train_time:229640ms step_avg:155.69ms
step:1476/4740 train_time:229957ms step_avg:155.80ms
step:1477/4740 train_time:230140ms step_avg:155.82ms
step:1478/4740 train_time:230459ms step_avg:155.93ms
step:1479/4740 train_time:230638ms step_avg:155.94ms
step:1480/4740 train_time:230954ms step_avg:156.05ms
step:1481/4740 train_time:231140ms step_avg:156.07ms
step:1482/4740 train_time:231456ms step_avg:156.18ms
step:1483/4740 train_time:231639ms step_avg:156.20ms
step:1484/4740 train_time:231957ms step_avg:156.31ms
step:1485/4740 train_time:232142ms step_avg:156.32ms
step:1486/4740 train_time:232462ms step_avg:156.43ms
step:1487/4740 train_time:232642ms step_avg:156.45ms
step:1488/4740 train_time:232958ms step_avg:156.56ms
step:1489/4740 train_time:233140ms step_avg:156.57ms
step:1490/4740 train_time:233459ms step_avg:156.68ms
step:1491/4740 train_time:233640ms step_avg:156.70ms
step:1492/4740 train_time:233958ms step_avg:156.81ms
step:1493/4740 train_time:234139ms step_avg:156.82ms
step:1494/4740 train_time:234457ms step_avg:156.93ms
step:1495/4740 train_time:234640ms step_avg:156.95ms
step:1496/4740 train_time:234959ms step_avg:157.06ms
step:1497/4740 train_time:235141ms step_avg:157.07ms
step:1498/4740 train_time:235458ms step_avg:157.18ms
step:1499/4740 train_time:235639ms step_avg:157.20ms
step:1500/4740 train_time:235955ms step_avg:157.30ms
step:1500/4740 val_loss:3.2984 train_time:236086ms step_avg:157.39ms
step:1501/4740 train_time:236143ms step_avg:157.32ms
step:1502/4740 train_time:236467ms step_avg:157.43ms
step:1503/4740 train_time:236648ms step_avg:157.45ms
step:1504/4740 train_time:236965ms step_avg:157.56ms
step:1505/4740 train_time:237145ms step_avg:157.57ms
step:1506/4740 train_time:237467ms step_avg:157.68ms
step:1507/4740 train_time:237647ms step_avg:157.70ms
step:1508/4740 train_time:237968ms step_avg:157.80ms
step:1509/4740 train_time:238147ms step_avg:157.82ms
step:1510/4740 train_time:238472ms step_avg:157.93ms
step:1511/4740 train_time:238648ms step_avg:157.94ms
step:1512/4740 train_time:238969ms step_avg:158.05ms
step:1513/4740 train_time:239147ms step_avg:158.06ms
step:1514/4740 train_time:239467ms step_avg:158.17ms
step:1515/4740 train_time:239647ms step_avg:158.18ms
step:1516/4740 train_time:239967ms step_avg:158.29ms
step:1517/4740 train_time:240145ms step_avg:158.30ms
step:1518/4740 train_time:240466ms step_avg:158.41ms
step:1519/4740 train_time:240646ms step_avg:158.42ms
step:1520/4740 train_time:240965ms step_avg:158.53ms
step:1521/4740 train_time:241141ms step_avg:158.54ms
step:1522/4740 train_time:241462ms step_avg:158.65ms
step:1523/4740 train_time:241645ms step_avg:158.66ms
step:1524/4740 train_time:241963ms step_avg:158.77ms
step:1525/4740 train_time:242143ms step_avg:158.78ms
step:1526/4740 train_time:242463ms step_avg:158.89ms
step:1527/4740 train_time:242644ms step_avg:158.90ms
step:1528/4740 train_time:242962ms step_avg:159.01ms
step:1529/4740 train_time:243142ms step_avg:159.02ms
step:1530/4740 train_time:243461ms step_avg:159.13ms
step:1531/4740 train_time:243641ms step_avg:159.14ms
step:1532/4740 train_time:243959ms step_avg:159.24ms
step:1533/4740 train_time:244138ms step_avg:159.25ms
step:1534/4740 train_time:244459ms step_avg:159.36ms
step:1535/4740 train_time:244639ms step_avg:159.37ms
step:1536/4740 train_time:244956ms step_avg:159.48ms
step:1537/4740 train_time:245136ms step_avg:159.49ms
step:1538/4740 train_time:245455ms step_avg:159.59ms
step:1539/4740 train_time:245639ms step_avg:159.61ms
step:1540/4740 train_time:245954ms step_avg:159.71ms
step:1541/4740 train_time:246140ms step_avg:159.73ms
step:1542/4740 train_time:246459ms step_avg:159.83ms
step:1543/4740 train_time:246639ms step_avg:159.84ms
step:1544/4740 train_time:246956ms step_avg:159.95ms
step:1545/4740 train_time:247137ms step_avg:159.96ms
step:1546/4740 train_time:247457ms step_avg:160.06ms
step:1547/4740 train_time:247634ms step_avg:160.07ms
step:1548/4740 train_time:247952ms step_avg:160.18ms
step:1549/4740 train_time:248136ms step_avg:160.19ms
step:1550/4740 train_time:248455ms step_avg:160.29ms
step:1551/4740 train_time:248632ms step_avg:160.30ms
step:1552/4740 train_time:248954ms step_avg:160.41ms
step:1553/4740 train_time:249131ms step_avg:160.42ms
step:1554/4740 train_time:249453ms step_avg:160.52ms
step:1555/4740 train_time:249630ms step_avg:160.53ms
step:1556/4740 train_time:249953ms step_avg:160.64ms
step:1557/4740 train_time:250129ms step_avg:160.65ms
step:1558/4740 train_time:250453ms step_avg:160.75ms
step:1559/4740 train_time:250630ms step_avg:160.76ms
step:1560/4740 train_time:250950ms step_avg:160.87ms
step:1561/4740 train_time:251133ms step_avg:160.88ms
step:1562/4740 train_time:251451ms step_avg:160.98ms
step:1563/4740 train_time:251631ms step_avg:160.99ms
step:1564/4740 train_time:251950ms step_avg:161.09ms
step:1565/4740 train_time:252134ms step_avg:161.11ms
step:1566/4740 train_time:252453ms step_avg:161.21ms
step:1567/4740 train_time:252635ms step_avg:161.22ms
step:1568/4740 train_time:252953ms step_avg:161.32ms
step:1569/4740 train_time:253135ms step_avg:161.34ms
step:1570/4740 train_time:253454ms step_avg:161.44ms
step:1571/4740 train_time:253637ms step_avg:161.45ms
step:1572/4740 train_time:253957ms step_avg:161.55ms
step:1573/4740 train_time:254138ms step_avg:161.56ms
step:1574/4740 train_time:254459ms step_avg:161.66ms
step:1575/4740 train_time:254641ms step_avg:161.68ms
step:1576/4740 train_time:254961ms step_avg:161.78ms
step:1577/4740 train_time:255138ms step_avg:161.79ms
step:1578/4740 train_time:255462ms step_avg:161.89ms
step:1579/4740 train_time:255644ms step_avg:161.90ms
step:1580/4740 train_time:255960ms step_avg:162.00ms
step:1581/4740 train_time:256144ms step_avg:162.01ms
step:1582/4740 train_time:256462ms step_avg:162.11ms
step:1583/4740 train_time:256648ms step_avg:162.13ms
step:1584/4740 train_time:256966ms step_avg:162.23ms
step:1585/4740 train_time:257148ms step_avg:162.24ms
step:1586/4740 train_time:257469ms step_avg:162.34ms
step:1587/4740 train_time:257649ms step_avg:162.35ms
step:1588/4740 train_time:257967ms step_avg:162.45ms
step:1589/4740 train_time:258148ms step_avg:162.46ms
step:1590/4740 train_time:258472ms step_avg:162.56ms
step:1591/4740 train_time:258656ms step_avg:162.57ms
step:1592/4740 train_time:258974ms step_avg:162.67ms
step:1593/4740 train_time:259156ms step_avg:162.68ms
step:1594/4740 train_time:259478ms step_avg:162.78ms
step:1595/4740 train_time:259656ms step_avg:162.79ms
step:1596/4740 train_time:259976ms step_avg:162.89ms
step:1597/4740 train_time:260157ms step_avg:162.90ms
step:1598/4740 train_time:260478ms step_avg:163.00ms
step:1599/4740 train_time:260657ms step_avg:163.01ms
step:1600/4740 train_time:260979ms step_avg:163.11ms
step:1601/4740 train_time:261157ms step_avg:163.12ms
step:1602/4740 train_time:261481ms step_avg:163.22ms
step:1603/4740 train_time:261661ms step_avg:163.23ms
step:1604/4740 train_time:261981ms step_avg:163.33ms
step:1605/4740 train_time:262162ms step_avg:163.34ms
step:1606/4740 train_time:262484ms step_avg:163.44ms
step:1607/4740 train_time:262666ms step_avg:163.45ms
step:1608/4740 train_time:262985ms step_avg:163.55ms
step:1609/4740 train_time:263166ms step_avg:163.56ms
step:1610/4740 train_time:263488ms step_avg:163.66ms
step:1611/4740 train_time:263667ms step_avg:163.67ms
step:1612/4740 train_time:263986ms step_avg:163.76ms
step:1613/4740 train_time:264166ms step_avg:163.77ms
step:1614/4740 train_time:264487ms step_avg:163.87ms
step:1615/4740 train_time:264669ms step_avg:163.88ms
step:1616/4740 train_time:264987ms step_avg:163.98ms
step:1617/4740 train_time:265167ms step_avg:163.99ms
step:1618/4740 train_time:265486ms step_avg:164.08ms
step:1619/4740 train_time:265666ms step_avg:164.09ms
step:1620/4740 train_time:265987ms step_avg:164.19ms
step:1621/4740 train_time:266167ms step_avg:164.20ms
step:1622/4740 train_time:266484ms step_avg:164.29ms
step:1623/4740 train_time:266668ms step_avg:164.31ms
step:1624/4740 train_time:266984ms step_avg:164.40ms
step:1625/4740 train_time:267167ms step_avg:164.41ms
step:1626/4740 train_time:267488ms step_avg:164.51ms
step:1627/4740 train_time:267668ms step_avg:164.52ms
step:1628/4740 train_time:267989ms step_avg:164.61ms
step:1629/4740 train_time:268170ms step_avg:164.62ms
step:1630/4740 train_time:268490ms step_avg:164.72ms
step:1631/4740 train_time:268670ms step_avg:164.73ms
step:1632/4740 train_time:268993ms step_avg:164.82ms
step:1633/4740 train_time:269171ms step_avg:164.83ms
step:1634/4740 train_time:269492ms step_avg:164.93ms
step:1635/4740 train_time:269674ms step_avg:164.94ms
step:1636/4740 train_time:269993ms step_avg:165.03ms
step:1637/4740 train_time:270174ms step_avg:165.04ms
step:1638/4740 train_time:270492ms step_avg:165.14ms
step:1639/4740 train_time:270678ms step_avg:165.15ms
step:1640/4740 train_time:270993ms step_avg:165.24ms
step:1641/4740 train_time:271177ms step_avg:165.25ms
step:1642/4740 train_time:271497ms step_avg:165.35ms
step:1643/4740 train_time:271683ms step_avg:165.36ms
step:1644/4740 train_time:271998ms step_avg:165.45ms
step:1645/4740 train_time:272179ms step_avg:165.46ms
step:1646/4740 train_time:272496ms step_avg:165.55ms
step:1647/4740 train_time:272681ms step_avg:165.56ms
step:1648/4740 train_time:273002ms step_avg:165.66ms
step:1649/4740 train_time:273184ms step_avg:165.67ms
step:1650/4740 train_time:273503ms step_avg:165.76ms
step:1651/4740 train_time:273683ms step_avg:165.77ms
step:1652/4740 train_time:274002ms step_avg:165.86ms
step:1653/4740 train_time:274184ms step_avg:165.87ms
step:1654/4740 train_time:274502ms step_avg:165.96ms
step:1655/4740 train_time:274682ms step_avg:165.97ms
step:1656/4740 train_time:275001ms step_avg:166.06ms
step:1657/4740 train_time:275185ms step_avg:166.07ms
step:1658/4740 train_time:275505ms step_avg:166.17ms
step:1659/4740 train_time:275689ms step_avg:166.18ms
step:1660/4740 train_time:276010ms step_avg:166.27ms
step:1661/4740 train_time:276194ms step_avg:166.28ms
step:1662/4740 train_time:276514ms step_avg:166.37ms
step:1663/4740 train_time:276697ms step_avg:166.38ms
step:1664/4740 train_time:277015ms step_avg:166.48ms
step:1665/4740 train_time:277201ms step_avg:166.49ms
step:1666/4740 train_time:277521ms step_avg:166.58ms
step:1667/4740 train_time:277701ms step_avg:166.59ms
step:1668/4740 train_time:278021ms step_avg:166.68ms
step:1669/4740 train_time:278205ms step_avg:166.69ms
step:1670/4740 train_time:278523ms step_avg:166.78ms
step:1671/4740 train_time:278705ms step_avg:166.79ms
step:1672/4740 train_time:279023ms step_avg:166.88ms
step:1673/4740 train_time:279208ms step_avg:166.89ms
step:1674/4740 train_time:279526ms step_avg:166.98ms
step:1675/4740 train_time:279707ms step_avg:166.99ms
step:1676/4740 train_time:280030ms step_avg:167.08ms
step:1677/4740 train_time:280213ms step_avg:167.09ms
step:1678/4740 train_time:280531ms step_avg:167.18ms
step:1679/4740 train_time:280710ms step_avg:167.19ms
step:1680/4740 train_time:281031ms step_avg:167.28ms
step:1681/4740 train_time:281212ms step_avg:167.29ms
step:1682/4740 train_time:281534ms step_avg:167.38ms
step:1683/4740 train_time:281714ms step_avg:167.39ms
step:1684/4740 train_time:282036ms step_avg:167.48ms
step:1685/4740 train_time:282218ms step_avg:167.49ms
step:1686/4740 train_time:282537ms step_avg:167.58ms
step:1687/4740 train_time:282720ms step_avg:167.59ms
step:1688/4740 train_time:283041ms step_avg:167.68ms
step:1689/4740 train_time:283225ms step_avg:167.69ms
step:1690/4740 train_time:283543ms step_avg:167.78ms
step:1691/4740 train_time:283722ms step_avg:167.78ms
step:1692/4740 train_time:284043ms step_avg:167.87ms
step:1693/4740 train_time:284225ms step_avg:167.88ms
step:1694/4740 train_time:284545ms step_avg:167.97ms
step:1695/4740 train_time:284726ms step_avg:167.98ms
step:1696/4740 train_time:285047ms step_avg:168.07ms
step:1697/4740 train_time:285227ms step_avg:168.08ms
step:1698/4740 train_time:285551ms step_avg:168.17ms
step:1699/4740 train_time:285731ms step_avg:168.18ms
step:1700/4740 train_time:286051ms step_avg:168.27ms
step:1701/4740 train_time:286234ms step_avg:168.27ms
step:1702/4740 train_time:286555ms step_avg:168.36ms
step:1703/4740 train_time:286733ms step_avg:168.37ms
step:1704/4740 train_time:287055ms step_avg:168.46ms
step:1705/4740 train_time:287236ms step_avg:168.47ms
step:1706/4740 train_time:287557ms step_avg:168.56ms
step:1707/4740 train_time:287738ms step_avg:168.56ms
step:1708/4740 train_time:288058ms step_avg:168.65ms
step:1709/4740 train_time:288237ms step_avg:168.66ms
step:1710/4740 train_time:288559ms step_avg:168.75ms
step:1711/4740 train_time:288740ms step_avg:168.76ms
step:1712/4740 train_time:289061ms step_avg:168.84ms
step:1713/4740 train_time:289242ms step_avg:168.85ms
step:1714/4740 train_time:289561ms step_avg:168.94ms
step:1715/4740 train_time:289746ms step_avg:168.95ms
step:1716/4740 train_time:290065ms step_avg:169.04ms
step:1717/4740 train_time:290245ms step_avg:169.04ms
step:1718/4740 train_time:290564ms step_avg:169.13ms
step:1719/4740 train_time:290744ms step_avg:169.14ms
step:1720/4740 train_time:291067ms step_avg:169.22ms
step:1721/4740 train_time:291245ms step_avg:169.23ms
step:1722/4740 train_time:291565ms step_avg:169.32ms
step:1723/4740 train_time:291745ms step_avg:169.32ms
step:1724/4740 train_time:292065ms step_avg:169.41ms
step:1725/4740 train_time:292245ms step_avg:169.42ms
step:1726/4740 train_time:292566ms step_avg:169.51ms
step:1727/4740 train_time:292748ms step_avg:169.51ms
step:1728/4740 train_time:293066ms step_avg:169.60ms
step:1729/4740 train_time:293245ms step_avg:169.60ms
step:1730/4740 train_time:293567ms step_avg:169.69ms
step:1731/4740 train_time:293746ms step_avg:169.70ms
step:1732/4740 train_time:294067ms step_avg:169.78ms
step:1733/4740 train_time:294246ms step_avg:169.79ms
step:1734/4740 train_time:294565ms step_avg:169.88ms
step:1735/4740 train_time:294747ms step_avg:169.88ms
step:1736/4740 train_time:295067ms step_avg:169.97ms
step:1737/4740 train_time:295247ms step_avg:169.98ms
step:1738/4740 train_time:295566ms step_avg:170.06ms
step:1739/4740 train_time:295748ms step_avg:170.07ms
step:1740/4740 train_time:296066ms step_avg:170.15ms
step:1741/4740 train_time:296246ms step_avg:170.16ms
step:1742/4740 train_time:296563ms step_avg:170.24ms
step:1743/4740 train_time:296746ms step_avg:170.25ms
step:1744/4740 train_time:297065ms step_avg:170.34ms
step:1745/4740 train_time:297244ms step_avg:170.34ms
step:1746/4740 train_time:297563ms step_avg:170.43ms
step:1747/4740 train_time:297746ms step_avg:170.43ms
step:1748/4740 train_time:298067ms step_avg:170.52ms
step:1749/4740 train_time:298243ms step_avg:170.52ms
step:1750/4740 train_time:298566ms step_avg:170.61ms
step:1750/4740 val_loss:3.2839 train_time:298691ms step_avg:170.68ms
step:1751/4740 train_time:298747ms step_avg:170.61ms
step:1752/4740 train_time:299073ms step_avg:170.70ms
step:1753/4740 train_time:299258ms step_avg:170.71ms
step:1754/4740 train_time:299576ms step_avg:170.80ms
step:1755/4740 train_time:299758ms step_avg:170.80ms
step:1756/4740 train_time:300084ms step_avg:170.89ms
step:1757/4740 train_time:300267ms step_avg:170.90ms
step:1758/4740 train_time:300587ms step_avg:170.98ms
step:1759/4740 train_time:300765ms step_avg:170.99ms
step:1760/4740 train_time:301089ms step_avg:171.07ms
step:1761/4740 train_time:301275ms step_avg:171.08ms
step:1762/4740 train_time:301592ms step_avg:171.16ms
step:1763/4740 train_time:301773ms step_avg:171.17ms
step:1764/4740 train_time:302097ms step_avg:171.26ms
step:1765/4740 train_time:302281ms step_avg:171.26ms
step:1766/4740 train_time:302601ms step_avg:171.35ms
step:1767/4740 train_time:302779ms step_avg:171.35ms
step:1768/4740 train_time:303104ms step_avg:171.44ms
step:1769/4740 train_time:303287ms step_avg:171.45ms
step:1770/4740 train_time:303610ms step_avg:171.53ms
step:1771/4740 train_time:303789ms step_avg:171.54ms
step:1772/4740 train_time:304113ms step_avg:171.62ms
step:1773/4740 train_time:304294ms step_avg:171.63ms
step:1774/4740 train_time:304616ms step_avg:171.71ms
step:1775/4740 train_time:304793ms step_avg:171.71ms
step:1776/4740 train_time:305117ms step_avg:171.80ms
step:1777/4740 train_time:305296ms step_avg:171.80ms
step:1778/4740 train_time:305620ms step_avg:171.89ms
step:1779/4740 train_time:305801ms step_avg:171.89ms
step:1780/4740 train_time:306121ms step_avg:171.98ms
step:1781/4740 train_time:306301ms step_avg:171.98ms
step:1782/4740 train_time:306617ms step_avg:172.06ms
step:1783/4740 train_time:306801ms step_avg:172.07ms
step:1784/4740 train_time:307122ms step_avg:172.15ms
step:1785/4740 train_time:307302ms step_avg:172.16ms
step:1786/4740 train_time:307623ms step_avg:172.24ms
step:1787/4740 train_time:307801ms step_avg:172.24ms
step:1788/4740 train_time:308122ms step_avg:172.33ms
step:1789/4740 train_time:308307ms step_avg:172.33ms
step:1790/4740 train_time:308627ms step_avg:172.42ms
step:1791/4740 train_time:308808ms step_avg:172.42ms
step:1792/4740 train_time:309128ms step_avg:172.50ms
step:1793/4740 train_time:309314ms step_avg:172.51ms
step:1794/4740 train_time:309631ms step_avg:172.59ms
step:1795/4740 train_time:309811ms step_avg:172.60ms
step:1796/4740 train_time:310133ms step_avg:172.68ms
step:1797/4740 train_time:310314ms step_avg:172.68ms
step:1798/4740 train_time:310633ms step_avg:172.77ms
step:1799/4740 train_time:310816ms step_avg:172.77ms
step:1800/4740 train_time:311133ms step_avg:172.85ms
step:1801/4740 train_time:311316ms step_avg:172.86ms
step:1802/4740 train_time:311638ms step_avg:172.94ms
step:1803/4740 train_time:311818ms step_avg:172.94ms
step:1804/4740 train_time:312138ms step_avg:173.03ms
step:1805/4740 train_time:312319ms step_avg:173.03ms
step:1806/4740 train_time:312642ms step_avg:173.11ms
step:1807/4740 train_time:312820ms step_avg:173.12ms
step:1808/4740 train_time:313142ms step_avg:173.20ms
step:1809/4740 train_time:313323ms step_avg:173.20ms
step:1810/4740 train_time:313643ms step_avg:173.28ms
step:1811/4740 train_time:313824ms step_avg:173.29ms
step:1812/4740 train_time:314143ms step_avg:173.37ms
step:1813/4740 train_time:314325ms step_avg:173.37ms
step:1814/4740 train_time:314645ms step_avg:173.45ms
step:1815/4740 train_time:314825ms step_avg:173.46ms
step:1816/4740 train_time:315148ms step_avg:173.54ms
step:1817/4740 train_time:315330ms step_avg:173.54ms
step:1818/4740 train_time:315650ms step_avg:173.63ms
step:1819/4740 train_time:315830ms step_avg:173.63ms
step:1820/4740 train_time:316149ms step_avg:173.71ms
step:1821/4740 train_time:316331ms step_avg:173.71ms
step:1822/4740 train_time:316654ms step_avg:173.79ms
step:1823/4740 train_time:316836ms step_avg:173.80ms
step:1824/4740 train_time:317154ms step_avg:173.88ms
step:1825/4740 train_time:317336ms step_avg:173.88ms
step:1826/4740 train_time:317658ms step_avg:173.96ms
step:1827/4740 train_time:317840ms step_avg:173.97ms
step:1828/4740 train_time:318160ms step_avg:174.05ms
step:1829/4740 train_time:318340ms step_avg:174.05ms
step:1830/4740 train_time:318663ms step_avg:174.13ms
step:1831/4740 train_time:318842ms step_avg:174.14ms
step:1832/4740 train_time:319161ms step_avg:174.21ms
step:1833/4740 train_time:319342ms step_avg:174.22ms
step:1834/4740 train_time:319661ms step_avg:174.30ms
step:1835/4740 train_time:319842ms step_avg:174.30ms
step:1836/4740 train_time:320162ms step_avg:174.38ms
step:1837/4740 train_time:320343ms step_avg:174.38ms
step:1838/4740 train_time:320663ms step_avg:174.46ms
step:1839/4740 train_time:320845ms step_avg:174.47ms
step:1840/4740 train_time:321170ms step_avg:174.55ms
step:1841/4740 train_time:321346ms step_avg:174.55ms
step:1842/4740 train_time:321667ms step_avg:174.63ms
step:1843/4740 train_time:321852ms step_avg:174.63ms
step:1844/4740 train_time:322172ms step_avg:174.71ms
step:1845/4740 train_time:322352ms step_avg:174.72ms
step:1846/4740 train_time:322674ms step_avg:174.80ms
step:1847/4740 train_time:322856ms step_avg:174.80ms
step:1848/4740 train_time:323178ms step_avg:174.88ms
step:1849/4740 train_time:323358ms step_avg:174.88ms
step:1850/4740 train_time:323681ms step_avg:174.96ms
step:1851/4740 train_time:323861ms step_avg:174.97ms
step:1852/4740 train_time:324183ms step_avg:175.04ms
step:1853/4740 train_time:324362ms step_avg:175.05ms
step:1854/4740 train_time:324685ms step_avg:175.13ms
step:1855/4740 train_time:324863ms step_avg:175.13ms
step:1856/4740 train_time:325183ms step_avg:175.21ms
step:1857/4740 train_time:325359ms step_avg:175.21ms
step:1858/4740 train_time:325680ms step_avg:175.29ms
step:1859/4740 train_time:325862ms step_avg:175.29ms
step:1860/4740 train_time:326179ms step_avg:175.37ms
step:1861/4740 train_time:326360ms step_avg:175.37ms
step:1862/4740 train_time:326681ms step_avg:175.45ms
step:1863/4740 train_time:326859ms step_avg:175.45ms
step:1864/4740 train_time:327180ms step_avg:175.53ms
step:1865/4740 train_time:327359ms step_avg:175.53ms
step:1866/4740 train_time:327678ms step_avg:175.60ms
step:1867/4740 train_time:327858ms step_avg:175.61ms
step:1868/4740 train_time:328177ms step_avg:175.68ms
step:1869/4740 train_time:328360ms step_avg:175.69ms
step:1870/4740 train_time:328677ms step_avg:175.76ms
step:1871/4740 train_time:328856ms step_avg:175.76ms
step:1872/4740 train_time:329180ms step_avg:175.84ms
step:1873/4740 train_time:329358ms step_avg:175.85ms
step:1874/4740 train_time:329678ms step_avg:175.92ms
step:1875/4740 train_time:329859ms step_avg:175.92ms
step:1876/4740 train_time:330182ms step_avg:176.00ms
step:1877/4740 train_time:330365ms step_avg:176.01ms
step:1878/4740 train_time:330685ms step_avg:176.08ms
step:1879/4740 train_time:330866ms step_avg:176.09ms
step:1880/4740 train_time:331187ms step_avg:176.16ms
step:1881/4740 train_time:331367ms step_avg:176.17ms
step:1882/4740 train_time:331688ms step_avg:176.24ms
step:1883/4740 train_time:331864ms step_avg:176.24ms
step:1884/4740 train_time:332186ms step_avg:176.32ms
step:1885/4740 train_time:332366ms step_avg:176.32ms
step:1886/4740 train_time:332687ms step_avg:176.40ms
step:1887/4740 train_time:332868ms step_avg:176.40ms
step:1888/4740 train_time:333190ms step_avg:176.48ms
step:1889/4740 train_time:333369ms step_avg:176.48ms
step:1890/4740 train_time:333688ms step_avg:176.55ms
step:1891/4740 train_time:333871ms step_avg:176.56ms
step:1892/4740 train_time:334191ms step_avg:176.63ms
step:1893/4740 train_time:334375ms step_avg:176.64ms
step:1894/4740 train_time:334694ms step_avg:176.71ms
step:1895/4740 train_time:334876ms step_avg:176.72ms
step:1896/4740 train_time:335197ms step_avg:176.79ms
step:1897/4740 train_time:335381ms step_avg:176.80ms
step:1898/4740 train_time:335700ms step_avg:176.87ms
step:1899/4740 train_time:335886ms step_avg:176.88ms
step:1900/4740 train_time:336204ms step_avg:176.95ms
step:1901/4740 train_time:336389ms step_avg:176.95ms
step:1902/4740 train_time:336713ms step_avg:177.03ms
step:1903/4740 train_time:336891ms step_avg:177.03ms
step:1904/4740 train_time:337212ms step_avg:177.11ms
step:1905/4740 train_time:337390ms step_avg:177.11ms
step:1906/4740 train_time:337713ms step_avg:177.18ms
step:1907/4740 train_time:337893ms step_avg:177.19ms
step:1908/4740 train_time:338215ms step_avg:177.26ms
step:1909/4740 train_time:338396ms step_avg:177.26ms
step:1910/4740 train_time:338721ms step_avg:177.34ms
step:1911/4740 train_time:338902ms step_avg:177.34ms
step:1912/4740 train_time:339222ms step_avg:177.42ms
step:1913/4740 train_time:339402ms step_avg:177.42ms
step:1914/4740 train_time:339722ms step_avg:177.49ms
step:1915/4740 train_time:339903ms step_avg:177.50ms
step:1916/4740 train_time:340221ms step_avg:177.57ms
step:1917/4740 train_time:340400ms step_avg:177.57ms
step:1918/4740 train_time:340720ms step_avg:177.64ms
step:1919/4740 train_time:340898ms step_avg:177.64ms
step:1920/4740 train_time:341218ms step_avg:177.72ms
step:1921/4740 train_time:341402ms step_avg:177.72ms
step:1922/4740 train_time:341726ms step_avg:177.80ms
step:1923/4740 train_time:341907ms step_avg:177.80ms
step:1924/4740 train_time:342228ms step_avg:177.87ms
step:1925/4740 train_time:342411ms step_avg:177.88ms
step:1926/4740 train_time:342732ms step_avg:177.95ms
step:1927/4740 train_time:342914ms step_avg:177.95ms
step:1928/4740 train_time:343231ms step_avg:178.02ms
step:1929/4740 train_time:343415ms step_avg:178.03ms
step:1930/4740 train_time:343737ms step_avg:178.10ms
step:1931/4740 train_time:343917ms step_avg:178.10ms
step:1932/4740 train_time:344237ms step_avg:178.18ms
step:1933/4740 train_time:344418ms step_avg:178.18ms
step:1934/4740 train_time:344738ms step_avg:178.25ms
step:1935/4740 train_time:344920ms step_avg:178.25ms
step:1936/4740 train_time:345241ms step_avg:178.33ms
step:1937/4740 train_time:345418ms step_avg:178.33ms
step:1938/4740 train_time:345741ms step_avg:178.40ms
step:1939/4740 train_time:345920ms step_avg:178.40ms
step:1940/4740 train_time:346238ms step_avg:178.47ms
step:1941/4740 train_time:346420ms step_avg:178.48ms
step:1942/4740 train_time:346744ms step_avg:178.55ms
step:1943/4740 train_time:346928ms step_avg:178.55ms
step:1944/4740 train_time:347243ms step_avg:178.62ms
step:1945/4740 train_time:347426ms step_avg:178.63ms
step:1946/4740 train_time:347750ms step_avg:178.70ms
step:1947/4740 train_time:347930ms step_avg:178.70ms
step:1948/4740 train_time:348250ms step_avg:178.77ms
step:1949/4740 train_time:348431ms step_avg:178.77ms
step:1950/4740 train_time:348751ms step_avg:178.85ms
step:1951/4740 train_time:348939ms step_avg:178.85ms
step:1952/4740 train_time:349254ms step_avg:178.92ms
step:1953/4740 train_time:349438ms step_avg:178.92ms
step:1954/4740 train_time:349761ms step_avg:179.00ms
step:1955/4740 train_time:349944ms step_avg:179.00ms
step:1956/4740 train_time:350262ms step_avg:179.07ms
step:1957/4740 train_time:350443ms step_avg:179.07ms
step:1958/4740 train_time:350763ms step_avg:179.14ms
step:1959/4740 train_time:350943ms step_avg:179.14ms
step:1960/4740 train_time:351265ms step_avg:179.22ms
step:1961/4740 train_time:351447ms step_avg:179.22ms
step:1962/4740 train_time:351769ms step_avg:179.29ms
step:1963/4740 train_time:351949ms step_avg:179.29ms
step:1964/4740 train_time:352272ms step_avg:179.36ms
step:1965/4740 train_time:352452ms step_avg:179.36ms
step:1966/4740 train_time:352773ms step_avg:179.44ms
step:1967/4740 train_time:352953ms step_avg:179.44ms
step:1968/4740 train_time:353280ms step_avg:179.51ms
step:1969/4740 train_time:353459ms step_avg:179.51ms
step:1970/4740 train_time:353783ms step_avg:179.59ms
step:1971/4740 train_time:353961ms step_avg:179.58ms
step:1972/4740 train_time:354286ms step_avg:179.66ms
step:1973/4740 train_time:354467ms step_avg:179.66ms
step:1974/4740 train_time:354786ms step_avg:179.73ms
step:1975/4740 train_time:354965ms step_avg:179.73ms
step:1976/4740 train_time:355286ms step_avg:179.80ms
step:1977/4740 train_time:355464ms step_avg:179.80ms
step:1978/4740 train_time:355788ms step_avg:179.87ms
step:1979/4740 train_time:355970ms step_avg:179.87ms
step:1980/4740 train_time:356292ms step_avg:179.95ms
step:1981/4740 train_time:356474ms step_avg:179.95ms
step:1982/4740 train_time:356795ms step_avg:180.02ms
step:1983/4740 train_time:356980ms step_avg:180.02ms
step:1984/4740 train_time:357298ms step_avg:180.09ms
step:1985/4740 train_time:357483ms step_avg:180.09ms
step:1986/4740 train_time:357805ms step_avg:180.16ms
step:1987/4740 train_time:357989ms step_avg:180.17ms
step:1988/4740 train_time:358312ms step_avg:180.24ms
step:1989/4740 train_time:358496ms step_avg:180.24ms
step:1990/4740 train_time:358816ms step_avg:180.31ms
step:1991/4740 train_time:359000ms step_avg:180.31ms
step:1992/4740 train_time:359320ms step_avg:180.38ms
step:1993/4740 train_time:359500ms step_avg:180.38ms
step:1994/4740 train_time:359819ms step_avg:180.45ms
step:1995/4740 train_time:360002ms step_avg:180.45ms
step:1996/4740 train_time:360324ms step_avg:180.52ms
step:1997/4740 train_time:360507ms step_avg:180.52ms
step:1998/4740 train_time:360828ms step_avg:180.59ms
step:1999/4740 train_time:361009ms step_avg:180.59ms
step:2000/4740 train_time:361331ms step_avg:180.67ms
step:2000/4740 val_loss:3.2135 train_time:361461ms step_avg:180.73ms
step:2001/4740 train_time:361518ms step_avg:180.67ms
step:2002/4740 train_time:361843ms step_avg:180.74ms
step:2003/4740 train_time:362023ms step_avg:180.74ms
step:2004/4740 train_time:362340ms step_avg:180.81ms
step:2005/4740 train_time:362522ms step_avg:180.81ms
step:2006/4740 train_time:362846ms step_avg:180.88ms
step:2007/4740 train_time:363029ms step_avg:180.88ms
step:2008/4740 train_time:363349ms step_avg:180.95ms
step:2009/4740 train_time:363531ms step_avg:180.95ms
step:2010/4740 train_time:363857ms step_avg:181.02ms
step:2011/4740 train_time:364036ms step_avg:181.02ms
step:2012/4740 train_time:364358ms step_avg:181.09ms
step:2013/4740 train_time:364538ms step_avg:181.09ms
step:2014/4740 train_time:364858ms step_avg:181.16ms
step:2015/4740 train_time:365042ms step_avg:181.16ms
step:2016/4740 train_time:365364ms step_avg:181.23ms
step:2017/4740 train_time:365545ms step_avg:181.23ms
step:2018/4740 train_time:365866ms step_avg:181.30ms
step:2019/4740 train_time:366047ms step_avg:181.30ms
step:2020/4740 train_time:366367ms step_avg:181.37ms
step:2021/4740 train_time:366550ms step_avg:181.37ms
step:2022/4740 train_time:366867ms step_avg:181.44ms
step:2023/4740 train_time:367053ms step_avg:181.44ms
step:2024/4740 train_time:367374ms step_avg:181.51ms
step:2025/4740 train_time:367558ms step_avg:181.51ms
step:2026/4740 train_time:367879ms step_avg:181.58ms
step:2027/4740 train_time:368061ms step_avg:181.58ms
step:2028/4740 train_time:368382ms step_avg:181.65ms
step:2029/4740 train_time:368560ms step_avg:181.65ms
step:2030/4740 train_time:368884ms step_avg:181.72ms
step:2031/4740 train_time:369068ms step_avg:181.72ms
step:2032/4740 train_time:369385ms step_avg:181.78ms
step:2033/4740 train_time:369570ms step_avg:181.79ms
step:2034/4740 train_time:369895ms step_avg:181.86ms
step:2035/4740 train_time:370075ms step_avg:181.86ms
step:2036/4740 train_time:370393ms step_avg:181.92ms
step:2037/4740 train_time:370572ms step_avg:181.92ms
step:2038/4740 train_time:370899ms step_avg:181.99ms
step:2039/4740 train_time:371078ms step_avg:181.99ms
step:2040/4740 train_time:371403ms step_avg:182.06ms
step:2041/4740 train_time:371583ms step_avg:182.06ms
step:2042/4740 train_time:371906ms step_avg:182.13ms
step:2043/4740 train_time:372084ms step_avg:182.13ms
step:2044/4740 train_time:372404ms step_avg:182.19ms
step:2045/4740 train_time:372586ms step_avg:182.19ms
step:2046/4740 train_time:372908ms step_avg:182.26ms
step:2047/4740 train_time:373089ms step_avg:182.26ms
step:2048/4740 train_time:373409ms step_avg:182.33ms
step:2049/4740 train_time:373590ms step_avg:182.33ms
step:2050/4740 train_time:373915ms step_avg:182.40ms
step:2051/4740 train_time:374099ms step_avg:182.40ms
step:2052/4740 train_time:374418ms step_avg:182.46ms
step:2053/4740 train_time:374603ms step_avg:182.47ms
step:2054/4740 train_time:374924ms step_avg:182.53ms
step:2055/4740 train_time:375109ms step_avg:182.53ms
step:2056/4740 train_time:375428ms step_avg:182.60ms
step:2057/4740 train_time:375611ms step_avg:182.60ms
step:2058/4740 train_time:375937ms step_avg:182.67ms
step:2059/4740 train_time:376123ms step_avg:182.67ms
step:2060/4740 train_time:376443ms step_avg:182.74ms
step:2061/4740 train_time:376623ms step_avg:182.74ms
step:2062/4740 train_time:376947ms step_avg:182.81ms
step:2063/4740 train_time:377126ms step_avg:182.80ms
step:2064/4740 train_time:377447ms step_avg:182.87ms
step:2065/4740 train_time:377631ms step_avg:182.87ms
step:2066/4740 train_time:377951ms step_avg:182.94ms
step:2067/4740 train_time:378131ms step_avg:182.94ms
step:2068/4740 train_time:378454ms step_avg:183.01ms
step:2069/4740 train_time:378635ms step_avg:183.00ms
step:2070/4740 train_time:378954ms step_avg:183.07ms
step:2071/4740 train_time:379137ms step_avg:183.07ms
step:2072/4740 train_time:379462ms step_avg:183.14ms
step:2073/4740 train_time:379645ms step_avg:183.14ms
step:2074/4740 train_time:379965ms step_avg:183.20ms
step:2075/4740 train_time:380150ms step_avg:183.20ms
step:2076/4740 train_time:380474ms step_avg:183.27ms
step:2077/4740 train_time:380652ms step_avg:183.27ms
step:2078/4740 train_time:380973ms step_avg:183.34ms
step:2079/4740 train_time:381155ms step_avg:183.34ms
step:2080/4740 train_time:381474ms step_avg:183.40ms
step:2081/4740 train_time:381654ms step_avg:183.40ms
step:2082/4740 train_time:381976ms step_avg:183.47ms
step:2083/4740 train_time:382157ms step_avg:183.46ms
step:2084/4740 train_time:382478ms step_avg:183.53ms
step:2085/4740 train_time:382658ms step_avg:183.53ms
step:2086/4740 train_time:382978ms step_avg:183.59ms
step:2087/4740 train_time:383158ms step_avg:183.59ms
step:2088/4740 train_time:383481ms step_avg:183.66ms
step:2089/4740 train_time:383661ms step_avg:183.66ms
step:2090/4740 train_time:383982ms step_avg:183.72ms
step:2091/4740 train_time:384165ms step_avg:183.72ms
step:2092/4740 train_time:384488ms step_avg:183.79ms
step:2093/4740 train_time:384668ms step_avg:183.79ms
step:2094/4740 train_time:384991ms step_avg:183.85ms
step:2095/4740 train_time:385175ms step_avg:183.85ms
step:2096/4740 train_time:385494ms step_avg:183.92ms
step:2097/4740 train_time:385677ms step_avg:183.92ms
step:2098/4740 train_time:385998ms step_avg:183.98ms
step:2099/4740 train_time:386186ms step_avg:183.99ms
step:2100/4740 train_time:386505ms step_avg:184.05ms
step:2101/4740 train_time:386688ms step_avg:184.05ms
step:2102/4740 train_time:387009ms step_avg:184.11ms
step:2103/4740 train_time:387189ms step_avg:184.11ms
step:2104/4740 train_time:387515ms step_avg:184.18ms
step:2105/4740 train_time:387694ms step_avg:184.18ms
step:2106/4740 train_time:388014ms step_avg:184.24ms
step:2107/4740 train_time:388198ms step_avg:184.24ms
step:2108/4740 train_time:388518ms step_avg:184.31ms
step:2109/4740 train_time:388701ms step_avg:184.31ms
step:2110/4740 train_time:389025ms step_avg:184.37ms
step:2111/4740 train_time:389207ms step_avg:184.37ms
step:2112/4740 train_time:389530ms step_avg:184.44ms
step:2113/4740 train_time:389713ms step_avg:184.44ms
step:2114/4740 train_time:390036ms step_avg:184.50ms
step:2115/4740 train_time:390218ms step_avg:184.50ms
step:2116/4740 train_time:390538ms step_avg:184.56ms
step:2117/4740 train_time:390721ms step_avg:184.56ms
step:2118/4740 train_time:391043ms step_avg:184.63ms
step:2119/4740 train_time:391226ms step_avg:184.63ms
step:2120/4740 train_time:391546ms step_avg:184.69ms
step:2121/4740 train_time:391728ms step_avg:184.69ms
step:2122/4740 train_time:392051ms step_avg:184.76ms
step:2123/4740 train_time:392234ms step_avg:184.75ms
step:2124/4740 train_time:392554ms step_avg:184.82ms
step:2125/4740 train_time:392736ms step_avg:184.82ms
step:2126/4740 train_time:393054ms step_avg:184.88ms
step:2127/4740 train_time:393235ms step_avg:184.88ms
step:2128/4740 train_time:393558ms step_avg:184.94ms
step:2129/4740 train_time:393739ms step_avg:184.94ms
step:2130/4740 train_time:394062ms step_avg:185.01ms
step:2131/4740 train_time:394239ms step_avg:185.00ms
step:2132/4740 train_time:394562ms step_avg:185.07ms
step:2133/4740 train_time:394740ms step_avg:185.06ms
step:2134/4740 train_time:395061ms step_avg:185.13ms
step:2135/4740 train_time:395243ms step_avg:185.13ms
step:2136/4740 train_time:395563ms step_avg:185.19ms
step:2137/4740 train_time:395743ms step_avg:185.19ms
step:2138/4740 train_time:396063ms step_avg:185.25ms
step:2139/4740 train_time:396245ms step_avg:185.25ms
step:2140/4740 train_time:396568ms step_avg:185.31ms
step:2141/4740 train_time:396747ms step_avg:185.31ms
step:2142/4740 train_time:397071ms step_avg:185.37ms
step:2143/4740 train_time:397249ms step_avg:185.37ms
step:2144/4740 train_time:397571ms step_avg:185.43ms
step:2145/4740 train_time:397752ms step_avg:185.43ms
step:2146/4740 train_time:398072ms step_avg:185.49ms
step:2147/4740 train_time:398254ms step_avg:185.49ms
step:2148/4740 train_time:398573ms step_avg:185.56ms
step:2149/4740 train_time:398754ms step_avg:185.55ms
step:2150/4740 train_time:399076ms step_avg:185.62ms
step:2151/4740 train_time:399256ms step_avg:185.61ms
step:2152/4740 train_time:399575ms step_avg:185.68ms
step:2153/4740 train_time:399758ms step_avg:185.67ms
step:2154/4740 train_time:400081ms step_avg:185.74ms
step:2155/4740 train_time:400261ms step_avg:185.74ms
step:2156/4740 train_time:400582ms step_avg:185.80ms
step:2157/4740 train_time:400763ms step_avg:185.80ms
step:2158/4740 train_time:401084ms step_avg:185.86ms
step:2159/4740 train_time:401267ms step_avg:185.86ms
step:2160/4740 train_time:401585ms step_avg:185.92ms
step:2161/4740 train_time:401772ms step_avg:185.92ms
step:2162/4740 train_time:402091ms step_avg:185.98ms
step:2163/4740 train_time:402277ms step_avg:185.98ms
step:2164/4740 train_time:402599ms step_avg:186.04ms
step:2165/4740 train_time:402781ms step_avg:186.04ms
step:2166/4740 train_time:403104ms step_avg:186.11ms
step:2167/4740 train_time:403286ms step_avg:186.10ms
step:2168/4740 train_time:403609ms step_avg:186.17ms
step:2169/4740 train_time:403790ms step_avg:186.16ms
step:2170/4740 train_time:404112ms step_avg:186.23ms
step:2171/4740 train_time:404292ms step_avg:186.22ms
step:2172/4740 train_time:404613ms step_avg:186.29ms
step:2173/4740 train_time:404795ms step_avg:186.28ms
step:2174/4740 train_time:405116ms step_avg:186.35ms
step:2175/4740 train_time:405300ms step_avg:186.34ms
step:2176/4740 train_time:405620ms step_avg:186.41ms
step:2177/4740 train_time:405804ms step_avg:186.41ms
step:2178/4740 train_time:406127ms step_avg:186.47ms
step:2179/4740 train_time:406309ms step_avg:186.47ms
step:2180/4740 train_time:406627ms step_avg:186.53ms
step:2181/4740 train_time:406812ms step_avg:186.53ms
step:2182/4740 train_time:407134ms step_avg:186.59ms
step:2183/4740 train_time:407312ms step_avg:186.58ms
step:2184/4740 train_time:407632ms step_avg:186.64ms
step:2185/4740 train_time:407814ms step_avg:186.64ms
step:2186/4740 train_time:408134ms step_avg:186.70ms
step:2187/4740 train_time:408317ms step_avg:186.70ms
step:2188/4740 train_time:408638ms step_avg:186.76ms
step:2189/4740 train_time:408818ms step_avg:186.76ms
step:2190/4740 train_time:409140ms step_avg:186.82ms
step:2191/4740 train_time:409323ms step_avg:186.82ms
step:2192/4740 train_time:409647ms step_avg:186.88ms
step:2193/4740 train_time:409826ms step_avg:186.88ms
step:2194/4740 train_time:410148ms step_avg:186.94ms
step:2195/4740 train_time:410330ms step_avg:186.94ms
step:2196/4740 train_time:410653ms step_avg:187.00ms
step:2197/4740 train_time:410833ms step_avg:187.00ms
step:2198/4740 train_time:411155ms step_avg:187.06ms
step:2199/4740 train_time:411336ms step_avg:187.06ms
step:2200/4740 train_time:411655ms step_avg:187.12ms
step:2201/4740 train_time:411838ms step_avg:187.11ms
step:2202/4740 train_time:412159ms step_avg:187.17ms
step:2203/4740 train_time:412341ms step_avg:187.17ms
step:2204/4740 train_time:412662ms step_avg:187.23ms
step:2205/4740 train_time:412844ms step_avg:187.23ms
step:2206/4740 train_time:413168ms step_avg:187.29ms
step:2207/4740 train_time:413347ms step_avg:187.29ms
step:2208/4740 train_time:413668ms step_avg:187.35ms
step:2209/4740 train_time:413848ms step_avg:187.35ms
step:2210/4740 train_time:414168ms step_avg:187.41ms
step:2211/4740 train_time:414352ms step_avg:187.41ms
step:2212/4740 train_time:414677ms step_avg:187.47ms
step:2213/4740 train_time:414854ms step_avg:187.46ms
step:2214/4740 train_time:415175ms step_avg:187.52ms
step:2215/4740 train_time:415356ms step_avg:187.52ms
step:2216/4740 train_time:415675ms step_avg:187.58ms
step:2217/4740 train_time:415860ms step_avg:187.58ms
step:2218/4740 train_time:416182ms step_avg:187.64ms
step:2219/4740 train_time:416366ms step_avg:187.64ms
step:2220/4740 train_time:416689ms step_avg:187.70ms
step:2221/4740 train_time:416876ms step_avg:187.70ms
step:2222/4740 train_time:417197ms step_avg:187.76ms
step:2223/4740 train_time:417378ms step_avg:187.75ms
step:2224/4740 train_time:417700ms step_avg:187.81ms
step:2225/4740 train_time:417878ms step_avg:187.81ms
step:2226/4740 train_time:418199ms step_avg:187.87ms
step:2227/4740 train_time:418382ms step_avg:187.87ms
step:2228/4740 train_time:418708ms step_avg:187.93ms
step:2229/4740 train_time:418884ms step_avg:187.92ms
step:2230/4740 train_time:419206ms step_avg:187.98ms
step:2231/4740 train_time:419387ms step_avg:187.98ms
step:2232/4740 train_time:419708ms step_avg:188.04ms
step:2233/4740 train_time:419889ms step_avg:188.04ms
step:2234/4740 train_time:420208ms step_avg:188.10ms
step:2235/4740 train_time:420393ms step_avg:188.10ms
step:2236/4740 train_time:420711ms step_avg:188.15ms
step:2237/4740 train_time:420893ms step_avg:188.15ms
step:2238/4740 train_time:421213ms step_avg:188.21ms
step:2239/4740 train_time:421399ms step_avg:188.21ms
step:2240/4740 train_time:421720ms step_avg:188.27ms
step:2241/4740 train_time:421901ms step_avg:188.26ms
step:2242/4740 train_time:422224ms step_avg:188.32ms
step:2243/4740 train_time:422408ms step_avg:188.32ms
step:2244/4740 train_time:422729ms step_avg:188.38ms
step:2245/4740 train_time:422907ms step_avg:188.38ms
step:2246/4740 train_time:423229ms step_avg:188.44ms
step:2247/4740 train_time:423410ms step_avg:188.43ms
step:2248/4740 train_time:423731ms step_avg:188.49ms
step:2249/4740 train_time:423913ms step_avg:188.49ms
step:2250/4740 train_time:424236ms step_avg:188.55ms
step:2250/4740 val_loss:3.1851 train_time:424368ms step_avg:188.61ms
step:2251/4740 train_time:424424ms step_avg:188.55ms
step:2252/4740 train_time:424751ms step_avg:188.61ms
step:2253/4740 train_time:424932ms step_avg:188.61ms
step:2254/4740 train_time:425252ms step_avg:188.67ms
step:2255/4740 train_time:425434ms step_avg:188.66ms
step:2256/4740 train_time:425757ms step_avg:188.72ms
step:2257/4740 train_time:425942ms step_avg:188.72ms
step:2258/4740 train_time:426263ms step_avg:188.78ms
step:2259/4740 train_time:426443ms step_avg:188.78ms
step:2260/4740 train_time:426769ms step_avg:188.84ms
step:2261/4740 train_time:426952ms step_avg:188.83ms
step:2262/4740 train_time:427272ms step_avg:188.89ms
step:2263/4740 train_time:427452ms step_avg:188.89ms
step:2264/4740 train_time:427778ms step_avg:188.95ms
step:2265/4740 train_time:427959ms step_avg:188.94ms
step:2266/4740 train_time:428278ms step_avg:189.00ms
step:2267/4740 train_time:428461ms step_avg:189.00ms
step:2268/4740 train_time:428784ms step_avg:189.06ms
step:2269/4740 train_time:428970ms step_avg:189.06ms
step:2270/4740 train_time:429290ms step_avg:189.11ms
step:2271/4740 train_time:429470ms step_avg:189.11ms
step:2272/4740 train_time:429797ms step_avg:189.17ms
step:2273/4740 train_time:429976ms step_avg:189.17ms
step:2274/4740 train_time:430297ms step_avg:189.22ms
step:2275/4740 train_time:430475ms step_avg:189.22ms
step:2276/4740 train_time:430799ms step_avg:189.28ms
step:2277/4740 train_time:430978ms step_avg:189.27ms
step:2278/4740 train_time:431301ms step_avg:189.33ms
step:2279/4740 train_time:431478ms step_avg:189.33ms
step:2280/4740 train_time:431801ms step_avg:189.39ms
step:2281/4740 train_time:431986ms step_avg:189.38ms
step:2282/4740 train_time:432307ms step_avg:189.44ms
step:2283/4740 train_time:432487ms step_avg:189.44ms
step:2284/4740 train_time:432809ms step_avg:189.50ms
step:2285/4740 train_time:432989ms step_avg:189.49ms
step:2286/4740 train_time:433311ms step_avg:189.55ms
step:2287/4740 train_time:433492ms step_avg:189.55ms
step:2288/4740 train_time:433814ms step_avg:189.60ms
step:2289/4740 train_time:433995ms step_avg:189.60ms
step:2290/4740 train_time:434316ms step_avg:189.66ms
step:2291/4740 train_time:434497ms step_avg:189.65ms
step:2292/4740 train_time:434816ms step_avg:189.71ms
step:2293/4740 train_time:434999ms step_avg:189.71ms
step:2294/4740 train_time:435323ms step_avg:189.77ms
step:2295/4740 train_time:435502ms step_avg:189.76ms
step:2296/4740 train_time:435822ms step_avg:189.82ms
step:2297/4740 train_time:436005ms step_avg:189.82ms
step:2298/4740 train_time:436328ms step_avg:189.87ms
step:2299/4740 train_time:436508ms step_avg:189.87ms
step:2300/4740 train_time:436827ms step_avg:189.92ms
step:2301/4740 train_time:437010ms step_avg:189.92ms
step:2302/4740 train_time:437335ms step_avg:189.98ms
step:2303/4740 train_time:437514ms step_avg:189.98ms
step:2304/4740 train_time:437839ms step_avg:190.03ms
step:2305/4740 train_time:438023ms step_avg:190.03ms
step:2306/4740 train_time:438346ms step_avg:190.09ms
step:2307/4740 train_time:438525ms step_avg:190.08ms
step:2308/4740 train_time:438846ms step_avg:190.14ms
step:2309/4740 train_time:439030ms step_avg:190.14ms
step:2310/4740 train_time:439352ms step_avg:190.20ms
step:2311/4740 train_time:439530ms step_avg:190.19ms
step:2312/4740 train_time:439850ms step_avg:190.25ms
step:2313/4740 train_time:440034ms step_avg:190.24ms
step:2314/4740 train_time:440356ms step_avg:190.30ms
step:2315/4740 train_time:440536ms step_avg:190.30ms
step:2316/4740 train_time:440855ms step_avg:190.35ms
step:2317/4740 train_time:441039ms step_avg:190.35ms
step:2318/4740 train_time:441361ms step_avg:190.41ms
step:2319/4740 train_time:441542ms step_avg:190.40ms
step:2320/4740 train_time:441862ms step_avg:190.46ms
step:2321/4740 train_time:442044ms step_avg:190.45ms
step:2322/4740 train_time:442363ms step_avg:190.51ms
step:2323/4740 train_time:442548ms step_avg:190.51ms
step:2324/4740 train_time:442864ms step_avg:190.56ms
step:2325/4740 train_time:443051ms step_avg:190.56ms
step:2326/4740 train_time:443372ms step_avg:190.62ms
step:2327/4740 train_time:443555ms step_avg:190.61ms
step:2328/4740 train_time:443877ms step_avg:190.67ms
step:2329/4740 train_time:444060ms step_avg:190.67ms
step:2330/4740 train_time:444377ms step_avg:190.72ms
step:2331/4740 train_time:444560ms step_avg:190.72ms
step:2332/4740 train_time:444882ms step_avg:190.77ms
step:2333/4740 train_time:445065ms step_avg:190.77ms
step:2334/4740 train_time:445384ms step_avg:190.82ms
step:2335/4740 train_time:445569ms step_avg:190.82ms
step:2336/4740 train_time:445891ms step_avg:190.88ms
step:2337/4740 train_time:446069ms step_avg:190.87ms
step:2338/4740 train_time:446390ms step_avg:190.93ms
step:2339/4740 train_time:446573ms step_avg:190.92ms
step:2340/4740 train_time:446899ms step_avg:190.98ms
step:2341/4740 train_time:447080ms step_avg:190.98ms
step:2342/4740 train_time:447400ms step_avg:191.03ms
step:2343/4740 train_time:447584ms step_avg:191.03ms
step:2344/4740 train_time:447904ms step_avg:191.09ms
step:2345/4740 train_time:448084ms step_avg:191.08ms
step:2346/4740 train_time:448407ms step_avg:191.14ms
step:2347/4740 train_time:448587ms step_avg:191.13ms
step:2348/4740 train_time:448906ms step_avg:191.19ms
step:2349/4740 train_time:449088ms step_avg:191.18ms
step:2350/4740 train_time:449409ms step_avg:191.24ms
step:2351/4740 train_time:449591ms step_avg:191.23ms
step:2352/4740 train_time:449915ms step_avg:191.29ms
step:2353/4740 train_time:450098ms step_avg:191.29ms
step:2354/4740 train_time:450417ms step_avg:191.34ms
step:2355/4740 train_time:450600ms step_avg:191.34ms
step:2356/4740 train_time:450922ms step_avg:191.39ms
step:2357/4740 train_time:451103ms step_avg:191.39ms
step:2358/4740 train_time:451425ms step_avg:191.44ms
step:2359/4740 train_time:451613ms step_avg:191.44ms
step:2360/4740 train_time:451936ms step_avg:191.50ms
step:2361/4740 train_time:452119ms step_avg:191.49ms
step:2362/4740 train_time:452436ms step_avg:191.55ms
step:2363/4740 train_time:452626ms step_avg:191.55ms
step:2364/4740 train_time:452945ms step_avg:191.60ms
step:2365/4740 train_time:453127ms step_avg:191.60ms
step:2366/4740 train_time:453450ms step_avg:191.65ms
step:2367/4740 train_time:453634ms step_avg:191.65ms
step:2368/4740 train_time:453959ms step_avg:191.71ms
step:2369/4740 train_time:454139ms step_avg:191.70ms
step:2370/4740 train_time:454460ms step_avg:191.76ms
step:2371/4740 train_time:454645ms step_avg:191.75ms
step:2372/4740 train_time:454967ms step_avg:191.81ms
step:2373/4740 train_time:455149ms step_avg:191.80ms
step:2374/4740 train_time:455471ms step_avg:191.86ms
step:2375/4740 train_time:455653ms step_avg:191.85ms
step:2376/4740 train_time:455975ms step_avg:191.91ms
step:2377/4740 train_time:456156ms step_avg:191.90ms
step:2378/4740 train_time:456477ms step_avg:191.96ms
step:2379/4740 train_time:456662ms step_avg:191.96ms
step:2380/4740 train_time:456983ms step_avg:192.01ms
step:2381/4740 train_time:457169ms step_avg:192.01ms
step:2382/4740 train_time:457492ms step_avg:192.06ms
step:2383/4740 train_time:457676ms step_avg:192.06ms
step:2384/4740 train_time:457998ms step_avg:192.11ms
step:2385/4740 train_time:458182ms step_avg:192.11ms
step:2386/4740 train_time:458505ms step_avg:192.16ms
step:2387/4740 train_time:458686ms step_avg:192.16ms
step:2388/4740 train_time:459005ms step_avg:192.21ms
step:2389/4740 train_time:459189ms step_avg:192.21ms
step:2390/4740 train_time:459510ms step_avg:192.26ms
step:2391/4740 train_time:459692ms step_avg:192.26ms
step:2392/4740 train_time:460015ms step_avg:192.31ms
step:2393/4740 train_time:460194ms step_avg:192.31ms
step:2394/4740 train_time:460515ms step_avg:192.36ms
step:2395/4740 train_time:460694ms step_avg:192.36ms
step:2396/4740 train_time:461018ms step_avg:192.41ms
step:2397/4740 train_time:461198ms step_avg:192.41ms
step:2398/4740 train_time:461521ms step_avg:192.46ms
step:2399/4740 train_time:461703ms step_avg:192.46ms
step:2400/4740 train_time:462025ms step_avg:192.51ms
step:2401/4740 train_time:462202ms step_avg:192.50ms
step:2402/4740 train_time:462522ms step_avg:192.56ms
step:2403/4740 train_time:462711ms step_avg:192.56ms
step:2404/4740 train_time:463035ms step_avg:192.61ms
step:2405/4740 train_time:463219ms step_avg:192.61ms
step:2406/4740 train_time:463539ms step_avg:192.66ms
step:2407/4740 train_time:463723ms step_avg:192.66ms
step:2408/4740 train_time:464044ms step_avg:192.71ms
step:2409/4740 train_time:464226ms step_avg:192.70ms
step:2410/4740 train_time:464546ms step_avg:192.76ms
step:2411/4740 train_time:464730ms step_avg:192.75ms
step:2412/4740 train_time:465047ms step_avg:192.81ms
step:2413/4740 train_time:465232ms step_avg:192.80ms
step:2414/4740 train_time:465550ms step_avg:192.85ms
step:2415/4740 train_time:465732ms step_avg:192.85ms
step:2416/4740 train_time:466056ms step_avg:192.90ms
step:2417/4740 train_time:466242ms step_avg:192.90ms
step:2418/4740 train_time:466563ms step_avg:192.95ms
step:2419/4740 train_time:466744ms step_avg:192.95ms
step:2420/4740 train_time:467069ms step_avg:193.00ms
step:2421/4740 train_time:467250ms step_avg:193.00ms
step:2422/4740 train_time:467572ms step_avg:193.05ms
step:2423/4740 train_time:467756ms step_avg:193.05ms
step:2424/4740 train_time:468080ms step_avg:193.10ms
step:2425/4740 train_time:468270ms step_avg:193.10ms
step:2426/4740 train_time:468596ms step_avg:193.16ms
step:2427/4740 train_time:468774ms step_avg:193.15ms
step:2428/4740 train_time:469101ms step_avg:193.20ms
step:2429/4740 train_time:469281ms step_avg:193.20ms
step:2430/4740 train_time:469601ms step_avg:193.25ms
step:2431/4740 train_time:469787ms step_avg:193.25ms
step:2432/4740 train_time:470110ms step_avg:193.30ms
step:2433/4740 train_time:470291ms step_avg:193.30ms
step:2434/4740 train_time:470610ms step_avg:193.35ms
step:2435/4740 train_time:470794ms step_avg:193.34ms
step:2436/4740 train_time:471116ms step_avg:193.40ms
step:2437/4740 train_time:471303ms step_avg:193.39ms
step:2438/4740 train_time:471625ms step_avg:193.45ms
step:2439/4740 train_time:471806ms step_avg:193.44ms
step:2440/4740 train_time:472129ms step_avg:193.50ms
step:2441/4740 train_time:472309ms step_avg:193.49ms
step:2442/4740 train_time:472631ms step_avg:193.54ms
step:2443/4740 train_time:472814ms step_avg:193.54ms
step:2444/4740 train_time:473138ms step_avg:193.59ms
step:2445/4740 train_time:473320ms step_avg:193.59ms
step:2446/4740 train_time:473639ms step_avg:193.64ms
step:2447/4740 train_time:473821ms step_avg:193.63ms
step:2448/4740 train_time:474143ms step_avg:193.69ms
step:2449/4740 train_time:474328ms step_avg:193.68ms
step:2450/4740 train_time:474650ms step_avg:193.73ms
step:2451/4740 train_time:474830ms step_avg:193.73ms
step:2452/4740 train_time:475154ms step_avg:193.78ms
step:2453/4740 train_time:475339ms step_avg:193.78ms
step:2454/4740 train_time:475665ms step_avg:193.83ms
step:2455/4740 train_time:475846ms step_avg:193.83ms
step:2456/4740 train_time:476167ms step_avg:193.88ms
step:2457/4740 train_time:476348ms step_avg:193.87ms
step:2458/4740 train_time:476671ms step_avg:193.93ms
step:2459/4740 train_time:476849ms step_avg:193.92ms
step:2460/4740 train_time:477174ms step_avg:193.97ms
step:2461/4740 train_time:477351ms step_avg:193.97ms
step:2462/4740 train_time:477673ms step_avg:194.02ms
step:2463/4740 train_time:477856ms step_avg:194.01ms
step:2464/4740 train_time:478177ms step_avg:194.07ms
step:2465/4740 train_time:478359ms step_avg:194.06ms
step:2466/4740 train_time:478680ms step_avg:194.11ms
step:2467/4740 train_time:478862ms step_avg:194.11ms
step:2468/4740 train_time:479185ms step_avg:194.16ms
step:2469/4740 train_time:479369ms step_avg:194.15ms
step:2470/4740 train_time:479687ms step_avg:194.21ms
step:2471/4740 train_time:479869ms step_avg:194.20ms
step:2472/4740 train_time:480193ms step_avg:194.25ms
step:2473/4740 train_time:480376ms step_avg:194.25ms
step:2474/4740 train_time:480698ms step_avg:194.30ms
step:2475/4740 train_time:480881ms step_avg:194.30ms
step:2476/4740 train_time:481203ms step_avg:194.35ms
step:2477/4740 train_time:481385ms step_avg:194.34ms
step:2478/4740 train_time:481705ms step_avg:194.39ms
step:2479/4740 train_time:481887ms step_avg:194.39ms
step:2480/4740 train_time:482210ms step_avg:194.44ms
step:2481/4740 train_time:482390ms step_avg:194.43ms
step:2482/4740 train_time:482711ms step_avg:194.48ms
step:2483/4740 train_time:482893ms step_avg:194.48ms
step:2484/4740 train_time:483217ms step_avg:194.53ms
step:2485/4740 train_time:483403ms step_avg:194.53ms
step:2486/4740 train_time:483724ms step_avg:194.58ms
step:2487/4740 train_time:483907ms step_avg:194.57ms
step:2488/4740 train_time:484230ms step_avg:194.63ms
step:2489/4740 train_time:484413ms step_avg:194.62ms
step:2490/4740 train_time:484734ms step_avg:194.67ms
step:2491/4740 train_time:484914ms step_avg:194.67ms
step:2492/4740 train_time:485237ms step_avg:194.72ms
step:2493/4740 train_time:485421ms step_avg:194.71ms
step:2494/4740 train_time:485740ms step_avg:194.76ms
step:2495/4740 train_time:485922ms step_avg:194.76ms
step:2496/4740 train_time:486242ms step_avg:194.81ms
step:2497/4740 train_time:486426ms step_avg:194.80ms
step:2498/4740 train_time:486749ms step_avg:194.86ms
step:2499/4740 train_time:486934ms step_avg:194.85ms
step:2500/4740 train_time:487258ms step_avg:194.90ms
step:2500/4740 val_loss:3.1451 train_time:487381ms step_avg:194.95ms
step:2501/4740 train_time:487437ms step_avg:194.90ms
step:2502/4740 train_time:487766ms step_avg:194.95ms
step:2503/4740 train_time:487954ms step_avg:194.95ms
step:2504/4740 train_time:488272ms step_avg:195.00ms
step:2505/4740 train_time:488454ms step_avg:194.99ms
step:2506/4740 train_time:488778ms step_avg:195.04ms
step:2507/4740 train_time:488967ms step_avg:195.04ms
step:2508/4740 train_time:489290ms step_avg:195.09ms
step:2509/4740 train_time:489467ms step_avg:195.08ms
step:2510/4740 train_time:489792ms step_avg:195.14ms
step:2511/4740 train_time:489975ms step_avg:195.13ms
step:2512/4740 train_time:490296ms step_avg:195.18ms
step:2513/4740 train_time:490473ms step_avg:195.17ms
step:2514/4740 train_time:490797ms step_avg:195.23ms
step:2515/4740 train_time:490983ms step_avg:195.22ms
step:2516/4740 train_time:491302ms step_avg:195.27ms
step:2517/4740 train_time:491482ms step_avg:195.26ms
step:2518/4740 train_time:491806ms step_avg:195.32ms
step:2519/4740 train_time:491986ms step_avg:195.31ms
step:2520/4740 train_time:492307ms step_avg:195.36ms
step:2521/4740 train_time:492490ms step_avg:195.36ms
step:2522/4740 train_time:492813ms step_avg:195.41ms
step:2523/4740 train_time:492995ms step_avg:195.40ms
step:2524/4740 train_time:493319ms step_avg:195.45ms
step:2525/4740 train_time:493501ms step_avg:195.45ms
step:2526/4740 train_time:493823ms step_avg:195.50ms
step:2527/4740 train_time:494006ms step_avg:195.49ms
step:2528/4740 train_time:494327ms step_avg:195.54ms
step:2529/4740 train_time:494510ms step_avg:195.54ms
step:2530/4740 train_time:494830ms step_avg:195.59ms
step:2531/4740 train_time:495015ms step_avg:195.58ms
step:2532/4740 train_time:495335ms step_avg:195.63ms
step:2533/4740 train_time:495518ms step_avg:195.62ms
step:2534/4740 train_time:495837ms step_avg:195.67ms
step:2535/4740 train_time:496024ms step_avg:195.67ms
step:2536/4740 train_time:496348ms step_avg:195.72ms
step:2537/4740 train_time:496530ms step_avg:195.72ms
step:2538/4740 train_time:496850ms step_avg:195.76ms
step:2539/4740 train_time:497034ms step_avg:195.76ms
step:2540/4740 train_time:497357ms step_avg:195.81ms
step:2541/4740 train_time:497540ms step_avg:195.80ms
step:2542/4740 train_time:497858ms step_avg:195.85ms
step:2543/4740 train_time:498041ms step_avg:195.85ms
step:2544/4740 train_time:498359ms step_avg:195.90ms
step:2545/4740 train_time:498543ms step_avg:195.89ms
step:2546/4740 train_time:498866ms step_avg:195.94ms
step:2547/4740 train_time:499050ms step_avg:195.94ms
step:2548/4740 train_time:499371ms step_avg:195.99ms
step:2549/4740 train_time:499555ms step_avg:195.98ms
step:2550/4740 train_time:499876ms step_avg:196.03ms
step:2551/4740 train_time:500060ms step_avg:196.03ms
step:2552/4740 train_time:500381ms step_avg:196.07ms
step:2553/4740 train_time:500563ms step_avg:196.07ms
step:2554/4740 train_time:500882ms step_avg:196.12ms
step:2555/4740 train_time:501067ms step_avg:196.11ms
step:2556/4740 train_time:501388ms step_avg:196.16ms
step:2557/4740 train_time:501569ms step_avg:196.16ms
step:2558/4740 train_time:501894ms step_avg:196.21ms
step:2559/4740 train_time:502075ms step_avg:196.20ms
step:2560/4740 train_time:502398ms step_avg:196.25ms
step:2561/4740 train_time:502582ms step_avg:196.24ms
step:2562/4740 train_time:502903ms step_avg:196.29ms
step:2563/4740 train_time:503088ms step_avg:196.29ms
step:2564/4740 train_time:503411ms step_avg:196.34ms
step:2565/4740 train_time:503599ms step_avg:196.33ms
step:2566/4740 train_time:503919ms step_avg:196.38ms
step:2567/4740 train_time:504102ms step_avg:196.38ms
step:2568/4740 train_time:504425ms step_avg:196.43ms
step:2569/4740 train_time:504609ms step_avg:196.42ms
step:2570/4740 train_time:504928ms step_avg:196.47ms
step:2571/4740 train_time:505112ms step_avg:196.47ms
step:2572/4740 train_time:505434ms step_avg:196.51ms
step:2573/4740 train_time:505619ms step_avg:196.51ms
step:2574/4740 train_time:505940ms step_avg:196.56ms
step:2575/4740 train_time:506124ms step_avg:196.55ms
step:2576/4740 train_time:506446ms step_avg:196.60ms
step:2577/4740 train_time:506634ms step_avg:196.60ms
step:2578/4740 train_time:506954ms step_avg:196.65ms
step:2579/4740 train_time:507138ms step_avg:196.64ms
step:2580/4740 train_time:507457ms step_avg:196.69ms
step:2581/4740 train_time:507639ms step_avg:196.68ms
step:2582/4740 train_time:507961ms step_avg:196.73ms
step:2583/4740 train_time:508138ms step_avg:196.72ms
step:2584/4740 train_time:508461ms step_avg:196.77ms
step:2585/4740 train_time:508644ms step_avg:196.77ms
step:2586/4740 train_time:508970ms step_avg:196.82ms
step:2587/4740 train_time:509151ms step_avg:196.81ms
step:2588/4740 train_time:509469ms step_avg:196.86ms
step:2589/4740 train_time:509653ms step_avg:196.85ms
step:2590/4740 train_time:509974ms step_avg:196.90ms
step:2591/4740 train_time:510157ms step_avg:196.90ms
step:2592/4740 train_time:510478ms step_avg:196.94ms
step:2593/4740 train_time:510663ms step_avg:196.94ms
step:2594/4740 train_time:510986ms step_avg:196.99ms
step:2595/4740 train_time:511171ms step_avg:196.98ms
step:2596/4740 train_time:511491ms step_avg:197.03ms
step:2597/4740 train_time:511671ms step_avg:197.02ms
step:2598/4740 train_time:511993ms step_avg:197.07ms
step:2599/4740 train_time:512175ms step_avg:197.07ms
step:2600/4740 train_time:512499ms step_avg:197.11ms
step:2601/4740 train_time:512678ms step_avg:197.11ms
step:2602/4740 train_time:513000ms step_avg:197.16ms
step:2603/4740 train_time:513181ms step_avg:197.15ms
step:2604/4740 train_time:513503ms step_avg:197.20ms
step:2605/4740 train_time:513685ms step_avg:197.19ms
step:2606/4740 train_time:514007ms step_avg:197.24ms
step:2607/4740 train_time:514190ms step_avg:197.23ms
step:2608/4740 train_time:514509ms step_avg:197.28ms
step:2609/4740 train_time:514694ms step_avg:197.28ms
step:2610/4740 train_time:515016ms step_avg:197.32ms
step:2611/4740 train_time:515201ms step_avg:197.32ms
step:2612/4740 train_time:515524ms step_avg:197.37ms
step:2613/4740 train_time:515707ms step_avg:197.36ms
step:2614/4740 train_time:516027ms step_avg:197.41ms
step:2615/4740 train_time:516211ms step_avg:197.40ms
step:2616/4740 train_time:516531ms step_avg:197.45ms
step:2617/4740 train_time:516715ms step_avg:197.45ms
step:2618/4740 train_time:517032ms step_avg:197.49ms
step:2619/4740 train_time:517217ms step_avg:197.49ms
step:2620/4740 train_time:517537ms step_avg:197.53ms
step:2621/4740 train_time:517719ms step_avg:197.53ms
step:2622/4740 train_time:518041ms step_avg:197.57ms
step:2623/4740 train_time:518224ms step_avg:197.57ms
step:2624/4740 train_time:518548ms step_avg:197.62ms
step:2625/4740 train_time:518728ms step_avg:197.61ms
step:2626/4740 train_time:519048ms step_avg:197.66ms
step:2627/4740 train_time:519234ms step_avg:197.65ms
step:2628/4740 train_time:519556ms step_avg:197.70ms
step:2629/4740 train_time:519737ms step_avg:197.69ms
step:2630/4740 train_time:520058ms step_avg:197.74ms
step:2631/4740 train_time:520242ms step_avg:197.74ms
step:2632/4740 train_time:520561ms step_avg:197.78ms
step:2633/4740 train_time:520743ms step_avg:197.78ms
step:2634/4740 train_time:521064ms step_avg:197.82ms
step:2635/4740 train_time:521250ms step_avg:197.82ms
step:2636/4740 train_time:521572ms step_avg:197.87ms
step:2637/4740 train_time:521753ms step_avg:197.86ms
step:2638/4740 train_time:522075ms step_avg:197.91ms
step:2639/4740 train_time:522258ms step_avg:197.90ms
step:2640/4740 train_time:522575ms step_avg:197.95ms
step:2641/4740 train_time:522759ms step_avg:197.94ms
step:2642/4740 train_time:523085ms step_avg:197.99ms
step:2643/4740 train_time:523264ms step_avg:197.98ms
step:2644/4740 train_time:523586ms step_avg:198.03ms
step:2645/4740 train_time:523764ms step_avg:198.02ms
step:2646/4740 train_time:524089ms step_avg:198.07ms
step:2647/4740 train_time:524272ms step_avg:198.06ms
step:2648/4740 train_time:524597ms step_avg:198.11ms
step:2649/4740 train_time:524779ms step_avg:198.10ms
step:2650/4740 train_time:525100ms step_avg:198.15ms
step:2651/4740 train_time:525284ms step_avg:198.15ms
step:2652/4740 train_time:525605ms step_avg:198.19ms
step:2653/4740 train_time:525785ms step_avg:198.19ms
step:2654/4740 train_time:526106ms step_avg:198.23ms
step:2655/4740 train_time:526294ms step_avg:198.23ms
step:2656/4740 train_time:526617ms step_avg:198.27ms
step:2657/4740 train_time:526801ms step_avg:198.27ms
step:2658/4740 train_time:527121ms step_avg:198.32ms
step:2659/4740 train_time:527307ms step_avg:198.31ms
step:2660/4740 train_time:527628ms step_avg:198.36ms
step:2661/4740 train_time:527811ms step_avg:198.35ms
step:2662/4740 train_time:528133ms step_avg:198.40ms
step:2663/4740 train_time:528315ms step_avg:198.39ms
step:2664/4740 train_time:528637ms step_avg:198.44ms
step:2665/4740 train_time:528822ms step_avg:198.43ms
step:2666/4740 train_time:529148ms step_avg:198.48ms
step:2667/4740 train_time:529329ms step_avg:198.47ms
step:2668/4740 train_time:529652ms step_avg:198.52ms
step:2669/4740 train_time:529833ms step_avg:198.51ms
step:2670/4740 train_time:530154ms step_avg:198.56ms
step:2671/4740 train_time:530338ms step_avg:198.55ms
step:2672/4740 train_time:530659ms step_avg:198.60ms
step:2673/4740 train_time:530840ms step_avg:198.59ms
step:2674/4740 train_time:531160ms step_avg:198.64ms
step:2675/4740 train_time:531344ms step_avg:198.63ms
step:2676/4740 train_time:531669ms step_avg:198.68ms
step:2677/4740 train_time:531850ms step_avg:198.67ms
step:2678/4740 train_time:532172ms step_avg:198.72ms
step:2679/4740 train_time:532357ms step_avg:198.71ms
step:2680/4740 train_time:532683ms step_avg:198.76ms
step:2681/4740 train_time:532861ms step_avg:198.75ms
step:2682/4740 train_time:533186ms step_avg:198.80ms
step:2683/4740 train_time:533366ms step_avg:198.79ms
step:2684/4740 train_time:533690ms step_avg:198.84ms
step:2685/4740 train_time:533872ms step_avg:198.84ms
step:2686/4740 train_time:534193ms step_avg:198.88ms
step:2687/4740 train_time:534374ms step_avg:198.87ms
step:2688/4740 train_time:534696ms step_avg:198.92ms
step:2689/4740 train_time:534879ms step_avg:198.91ms
step:2690/4740 train_time:535202ms step_avg:198.96ms
step:2691/4740 train_time:535382ms step_avg:198.95ms
step:2692/4740 train_time:535707ms step_avg:199.00ms
step:2693/4740 train_time:535891ms step_avg:198.99ms
step:2694/4740 train_time:536213ms step_avg:199.04ms
step:2695/4740 train_time:536394ms step_avg:199.03ms
step:2696/4740 train_time:536717ms step_avg:199.08ms
step:2697/4740 train_time:536900ms step_avg:199.07ms
step:2698/4740 train_time:537219ms step_avg:199.12ms
step:2699/4740 train_time:537402ms step_avg:199.11ms
step:2700/4740 train_time:537721ms step_avg:199.16ms
step:2701/4740 train_time:537906ms step_avg:199.15ms
step:2702/4740 train_time:538229ms step_avg:199.20ms
step:2703/4740 train_time:538414ms step_avg:199.19ms
step:2704/4740 train_time:538733ms step_avg:199.24ms
step:2705/4740 train_time:538917ms step_avg:199.23ms
step:2706/4740 train_time:539240ms step_avg:199.28ms
step:2707/4740 train_time:539421ms step_avg:199.27ms
step:2708/4740 train_time:539741ms step_avg:199.31ms
step:2709/4740 train_time:539924ms step_avg:199.31ms
step:2710/4740 train_time:540247ms step_avg:199.35ms
step:2711/4740 train_time:540426ms step_avg:199.35ms
step:2712/4740 train_time:540750ms step_avg:199.39ms
step:2713/4740 train_time:540928ms step_avg:199.38ms
step:2714/4740 train_time:541251ms step_avg:199.43ms
step:2715/4740 train_time:541436ms step_avg:199.42ms
step:2716/4740 train_time:541758ms step_avg:199.47ms
step:2717/4740 train_time:541941ms step_avg:199.46ms
step:2718/4740 train_time:542265ms step_avg:199.51ms
step:2719/4740 train_time:542447ms step_avg:199.50ms
step:2720/4740 train_time:542769ms step_avg:199.55ms
step:2721/4740 train_time:542951ms step_avg:199.54ms
step:2722/4740 train_time:543272ms step_avg:199.59ms
step:2723/4740 train_time:543457ms step_avg:199.58ms
step:2724/4740 train_time:543776ms step_avg:199.62ms
step:2725/4740 train_time:543958ms step_avg:199.62ms
step:2726/4740 train_time:544280ms step_avg:199.66ms
step:2727/4740 train_time:544466ms step_avg:199.66ms
step:2728/4740 train_time:544787ms step_avg:199.70ms
step:2729/4740 train_time:544975ms step_avg:199.70ms
step:2730/4740 train_time:545294ms step_avg:199.74ms
step:2731/4740 train_time:545478ms step_avg:199.74ms
step:2732/4740 train_time:545799ms step_avg:199.78ms
step:2733/4740 train_time:545980ms step_avg:199.77ms
step:2734/4740 train_time:546302ms step_avg:199.82ms
step:2735/4740 train_time:546482ms step_avg:199.81ms
step:2736/4740 train_time:546804ms step_avg:199.86ms
step:2737/4740 train_time:546986ms step_avg:199.85ms
step:2738/4740 train_time:547309ms step_avg:199.89ms
step:2739/4740 train_time:547490ms step_avg:199.89ms
step:2740/4740 train_time:547811ms step_avg:199.93ms
step:2741/4740 train_time:547992ms step_avg:199.92ms
step:2742/4740 train_time:548315ms step_avg:199.97ms
step:2743/4740 train_time:548501ms step_avg:199.96ms
step:2744/4740 train_time:548821ms step_avg:200.01ms
step:2745/4740 train_time:549002ms step_avg:200.00ms
step:2746/4740 train_time:549325ms step_avg:200.05ms
step:2747/4740 train_time:549508ms step_avg:200.04ms
step:2748/4740 train_time:549830ms step_avg:200.08ms
step:2749/4740 train_time:550015ms step_avg:200.08ms
step:2750/4740 train_time:550338ms step_avg:200.12ms
step:2750/4740 val_loss:3.1123 train_time:550464ms step_avg:200.17ms
step:2751/4740 train_time:550521ms step_avg:200.12ms
step:2752/4740 train_time:550856ms step_avg:200.17ms
step:2753/4740 train_time:551034ms step_avg:200.16ms
step:2754/4740 train_time:551351ms step_avg:200.20ms
step:2755/4740 train_time:551535ms step_avg:200.19ms
step:2756/4740 train_time:551859ms step_avg:200.24ms
step:2757/4740 train_time:552049ms step_avg:200.24ms
step:2758/4740 train_time:552372ms step_avg:200.28ms
step:2759/4740 train_time:552552ms step_avg:200.27ms
step:2760/4740 train_time:552881ms step_avg:200.32ms
step:2761/4740 train_time:553062ms step_avg:200.31ms
step:2762/4740 train_time:553387ms step_avg:200.36ms
step:2763/4740 train_time:553569ms step_avg:200.35ms
step:2764/4740 train_time:553896ms step_avg:200.40ms
step:2765/4740 train_time:554080ms step_avg:200.39ms
step:2766/4740 train_time:554402ms step_avg:200.43ms
step:2767/4740 train_time:554586ms step_avg:200.43ms
step:2768/4740 train_time:554910ms step_avg:200.47ms
step:2769/4740 train_time:555091ms step_avg:200.47ms
step:2770/4740 train_time:555414ms step_avg:200.51ms
step:2771/4740 train_time:555599ms step_avg:200.51ms
step:2772/4740 train_time:555918ms step_avg:200.55ms
step:2773/4740 train_time:556110ms step_avg:200.54ms
step:2774/4740 train_time:556434ms step_avg:200.59ms
step:2775/4740 train_time:556615ms step_avg:200.58ms
step:2776/4740 train_time:556938ms step_avg:200.63ms
step:2777/4740 train_time:557122ms step_avg:200.62ms
step:2778/4740 train_time:557443ms step_avg:200.66ms
step:2779/4740 train_time:557625ms step_avg:200.66ms
step:2780/4740 train_time:557943ms step_avg:200.70ms
step:2781/4740 train_time:558128ms step_avg:200.69ms
step:2782/4740 train_time:558451ms step_avg:200.74ms
step:2783/4740 train_time:558633ms step_avg:200.73ms
step:2784/4740 train_time:558955ms step_avg:200.77ms
step:2785/4740 train_time:559140ms step_avg:200.77ms
step:2786/4740 train_time:559462ms step_avg:200.81ms
step:2787/4740 train_time:559648ms step_avg:200.81ms
step:2788/4740 train_time:559966ms step_avg:200.85ms
step:2789/4740 train_time:560155ms step_avg:200.84ms
step:2790/4740 train_time:560480ms step_avg:200.89ms
step:2791/4740 train_time:560662ms step_avg:200.88ms
step:2792/4740 train_time:560987ms step_avg:200.93ms
step:2793/4740 train_time:561172ms step_avg:200.92ms
step:2794/4740 train_time:561494ms step_avg:200.96ms
step:2795/4740 train_time:561677ms step_avg:200.96ms
step:2796/4740 train_time:561999ms step_avg:201.00ms
step:2797/4740 train_time:562184ms step_avg:201.00ms
step:2798/4740 train_time:562509ms step_avg:201.04ms
step:2799/4740 train_time:562691ms step_avg:201.03ms
step:2800/4740 train_time:563016ms step_avg:201.08ms
step:2801/4740 train_time:563199ms step_avg:201.07ms
step:2802/4740 train_time:563522ms step_avg:201.11ms
step:2803/4740 train_time:563704ms step_avg:201.11ms
step:2804/4740 train_time:564025ms step_avg:201.15ms
step:2805/4740 train_time:564208ms step_avg:201.14ms
step:2806/4740 train_time:564533ms step_avg:201.19ms
step:2807/4740 train_time:564717ms step_avg:201.18ms
step:2808/4740 train_time:565036ms step_avg:201.22ms
step:2809/4740 train_time:565223ms step_avg:201.22ms
step:2810/4740 train_time:565550ms step_avg:201.26ms
step:2811/4740 train_time:565729ms step_avg:201.26ms
step:2812/4740 train_time:566050ms step_avg:201.30ms
step:2813/4740 train_time:566235ms step_avg:201.29ms
step:2814/4740 train_time:566559ms step_avg:201.34ms
step:2815/4740 train_time:566740ms step_avg:201.33ms
step:2816/4740 train_time:567063ms step_avg:201.37ms
step:2817/4740 train_time:567244ms step_avg:201.36ms
step:2818/4740 train_time:567563ms step_avg:201.41ms
step:2819/4740 train_time:567749ms step_avg:201.40ms
step:2820/4740 train_time:568070ms step_avg:201.44ms
step:2821/4740 train_time:568255ms step_avg:201.44ms
step:2822/4740 train_time:568580ms step_avg:201.48ms
step:2823/4740 train_time:568762ms step_avg:201.47ms
step:2824/4740 train_time:569080ms step_avg:201.52ms
step:2825/4740 train_time:569263ms step_avg:201.51ms
step:2826/4740 train_time:569587ms step_avg:201.55ms
step:2827/4740 train_time:569773ms step_avg:201.55ms
step:2828/4740 train_time:570092ms step_avg:201.59ms
step:2829/4740 train_time:570281ms step_avg:201.58ms
step:2830/4740 train_time:570603ms step_avg:201.63ms
step:2831/4740 train_time:570787ms step_avg:201.62ms
step:2832/4740 train_time:571110ms step_avg:201.66ms
step:2833/4740 train_time:571293ms step_avg:201.66ms
step:2834/4740 train_time:571620ms step_avg:201.70ms
step:2835/4740 train_time:571804ms step_avg:201.69ms
step:2836/4740 train_time:572127ms step_avg:201.74ms
step:2837/4740 train_time:572310ms step_avg:201.73ms
step:2838/4740 train_time:572634ms step_avg:201.77ms
step:2839/4740 train_time:572817ms step_avg:201.77ms
step:2840/4740 train_time:573138ms step_avg:201.81ms
step:2841/4740 train_time:573321ms step_avg:201.80ms
step:2842/4740 train_time:573645ms step_avg:201.85ms
step:2843/4740 train_time:573832ms step_avg:201.84ms
step:2844/4740 train_time:574154ms step_avg:201.88ms
step:2845/4740 train_time:574340ms step_avg:201.88ms
step:2846/4740 train_time:574663ms step_avg:201.92ms
step:2847/4740 train_time:574845ms step_avg:201.91ms
step:2848/4740 train_time:575165ms step_avg:201.95ms
step:2849/4740 train_time:575352ms step_avg:201.95ms
step:2850/4740 train_time:575679ms step_avg:201.99ms
step:2851/4740 train_time:575858ms step_avg:201.98ms
step:2852/4740 train_time:576183ms step_avg:202.03ms
step:2853/4740 train_time:576365ms step_avg:202.02ms
step:2854/4740 train_time:576688ms step_avg:202.06ms
step:2855/4740 train_time:576869ms step_avg:202.06ms
step:2856/4740 train_time:577190ms step_avg:202.10ms
step:2857/4740 train_time:577372ms step_avg:202.09ms
step:2858/4740 train_time:577696ms step_avg:202.13ms
step:2859/4740 train_time:577880ms step_avg:202.13ms
step:2860/4740 train_time:578209ms step_avg:202.17ms
step:2861/4740 train_time:578390ms step_avg:202.16ms
step:2862/4740 train_time:578708ms step_avg:202.20ms
step:2863/4740 train_time:578890ms step_avg:202.20ms
step:2864/4740 train_time:579214ms step_avg:202.24ms
step:2865/4740 train_time:579398ms step_avg:202.23ms
step:2866/4740 train_time:579716ms step_avg:202.27ms
step:2867/4740 train_time:579903ms step_avg:202.27ms
step:2868/4740 train_time:580221ms step_avg:202.31ms
step:2869/4740 train_time:580404ms step_avg:202.30ms
step:2870/4740 train_time:580727ms step_avg:202.34ms
step:2871/4740 train_time:580911ms step_avg:202.34ms
step:2872/4740 train_time:581234ms step_avg:202.38ms
step:2873/4740 train_time:581418ms step_avg:202.37ms
step:2874/4740 train_time:581738ms step_avg:202.41ms
step:2875/4740 train_time:581922ms step_avg:202.41ms
step:2876/4740 train_time:582242ms step_avg:202.45ms
step:2877/4740 train_time:582425ms step_avg:202.44ms
step:2878/4740 train_time:582745ms step_avg:202.48ms
step:2879/4740 train_time:582930ms step_avg:202.48ms
step:2880/4740 train_time:583254ms step_avg:202.52ms
step:2881/4740 train_time:583433ms step_avg:202.51ms
step:2882/4740 train_time:583758ms step_avg:202.55ms
step:2883/4740 train_time:583938ms step_avg:202.55ms
step:2884/4740 train_time:584260ms step_avg:202.59ms
step:2885/4740 train_time:584445ms step_avg:202.58ms
step:2886/4740 train_time:584770ms step_avg:202.62ms
step:2887/4740 train_time:584950ms step_avg:202.62ms
step:2888/4740 train_time:585277ms step_avg:202.66ms
step:2889/4740 train_time:585457ms step_avg:202.65ms
step:2890/4740 train_time:585782ms step_avg:202.69ms
step:2891/4740 train_time:585966ms step_avg:202.69ms
step:2892/4740 train_time:586290ms step_avg:202.73ms
step:2893/4740 train_time:586471ms step_avg:202.72ms
step:2894/4740 train_time:586795ms step_avg:202.76ms
step:2895/4740 train_time:586983ms step_avg:202.76ms
step:2896/4740 train_time:587301ms step_avg:202.80ms
step:2897/4740 train_time:587483ms step_avg:202.79ms
step:2898/4740 train_time:587806ms step_avg:202.83ms
step:2899/4740 train_time:587988ms step_avg:202.82ms
step:2900/4740 train_time:588307ms step_avg:202.86ms
step:2901/4740 train_time:588490ms step_avg:202.86ms
step:2902/4740 train_time:588816ms step_avg:202.90ms
step:2903/4740 train_time:588995ms step_avg:202.89ms
step:2904/4740 train_time:589316ms step_avg:202.93ms
step:2905/4740 train_time:589499ms step_avg:202.93ms
step:2906/4740 train_time:589821ms step_avg:202.97ms
step:2907/4740 train_time:590005ms step_avg:202.96ms
step:2908/4740 train_time:590328ms step_avg:203.00ms
step:2909/4740 train_time:590512ms step_avg:202.99ms
step:2910/4740 train_time:590836ms step_avg:203.04ms
step:2911/4740 train_time:591020ms step_avg:203.03ms
step:2912/4740 train_time:591339ms step_avg:203.07ms
step:2913/4740 train_time:591523ms step_avg:203.06ms
step:2914/4740 train_time:591849ms step_avg:203.11ms
step:2915/4740 train_time:592030ms step_avg:203.10ms
step:2916/4740 train_time:592354ms step_avg:203.14ms
step:2917/4740 train_time:592533ms step_avg:203.13ms
step:2918/4740 train_time:592854ms step_avg:203.17ms
step:2919/4740 train_time:593040ms step_avg:203.17ms
step:2920/4740 train_time:593358ms step_avg:203.20ms
step:2921/4740 train_time:593547ms step_avg:203.20ms
step:2922/4740 train_time:593865ms step_avg:203.24ms
step:2923/4740 train_time:594047ms step_avg:203.23ms
step:2924/4740 train_time:594371ms step_avg:203.27ms
step:2925/4740 train_time:594557ms step_avg:203.27ms
step:2926/4740 train_time:594880ms step_avg:203.31ms
step:2927/4740 train_time:595061ms step_avg:203.30ms
step:2928/4740 train_time:595386ms step_avg:203.34ms
step:2929/4740 train_time:595568ms step_avg:203.33ms
step:2930/4740 train_time:595890ms step_avg:203.38ms
step:2931/4740 train_time:596069ms step_avg:203.37ms
step:2932/4740 train_time:596389ms step_avg:203.41ms
step:2933/4740 train_time:596575ms step_avg:203.40ms
step:2934/4740 train_time:596896ms step_avg:203.44ms
step:2935/4740 train_time:597081ms step_avg:203.43ms
step:2936/4740 train_time:597404ms step_avg:203.48ms
step:2937/4740 train_time:597588ms step_avg:203.47ms
step:2938/4740 train_time:597911ms step_avg:203.51ms
step:2939/4740 train_time:598092ms step_avg:203.50ms
step:2940/4740 train_time:598418ms step_avg:203.54ms
step:2941/4740 train_time:598596ms step_avg:203.53ms
step:2942/4740 train_time:598921ms step_avg:203.58ms
step:2943/4740 train_time:599109ms step_avg:203.57ms
step:2944/4740 train_time:599429ms step_avg:203.61ms
step:2945/4740 train_time:599611ms step_avg:203.60ms
step:2946/4740 train_time:599930ms step_avg:203.64ms
step:2947/4740 train_time:600118ms step_avg:203.64ms
step:2948/4740 train_time:600438ms step_avg:203.68ms
step:2949/4740 train_time:600625ms step_avg:203.67ms
step:2950/4740 train_time:600946ms step_avg:203.71ms
step:2951/4740 train_time:601128ms step_avg:203.70ms
step:2952/4740 train_time:601450ms step_avg:203.74ms
step:2953/4740 train_time:601633ms step_avg:203.74ms
step:2954/4740 train_time:601957ms step_avg:203.78ms
step:2955/4740 train_time:602138ms step_avg:203.77ms
step:2956/4740 train_time:602457ms step_avg:203.81ms
step:2957/4740 train_time:602645ms step_avg:203.80ms
step:2958/4740 train_time:602967ms step_avg:203.84ms
step:2959/4740 train_time:603152ms step_avg:203.84ms
step:2960/4740 train_time:603473ms step_avg:203.88ms
step:2961/4740 train_time:603653ms step_avg:203.87ms
step:2962/4740 train_time:603981ms step_avg:203.91ms
step:2963/4740 train_time:604160ms step_avg:203.90ms
step:2964/4740 train_time:604482ms step_avg:203.94ms
step:2965/4740 train_time:604662ms step_avg:203.93ms
step:2966/4740 train_time:604986ms step_avg:203.97ms
step:2967/4740 train_time:605169ms step_avg:203.97ms
step:2968/4740 train_time:605489ms step_avg:204.01ms
step:2969/4740 train_time:605673ms step_avg:204.00ms
step:2970/4740 train_time:605999ms step_avg:204.04ms
step:2971/4740 train_time:606185ms step_avg:204.03ms
step:2972/4740 train_time:606504ms step_avg:204.07ms
step:2973/4740 train_time:606686ms step_avg:204.07ms
step:2974/4740 train_time:607009ms step_avg:204.11ms
step:2975/4740 train_time:607192ms step_avg:204.10ms
step:2976/4740 train_time:607514ms step_avg:204.14ms
step:2977/4740 train_time:607695ms step_avg:204.13ms
step:2978/4740 train_time:608016ms step_avg:204.17ms
step:2979/4740 train_time:608202ms step_avg:204.16ms
step:2980/4740 train_time:608523ms step_avg:204.20ms
step:2981/4740 train_time:608701ms step_avg:204.19ms
step:2982/4740 train_time:609025ms step_avg:204.23ms
step:2983/4740 train_time:609208ms step_avg:204.23ms
step:2984/4740 train_time:609534ms step_avg:204.27ms
step:2985/4740 train_time:609717ms step_avg:204.26ms
step:2986/4740 train_time:610040ms step_avg:204.30ms
step:2987/4740 train_time:610223ms step_avg:204.29ms
step:2988/4740 train_time:610545ms step_avg:204.33ms
step:2989/4740 train_time:610729ms step_avg:204.33ms
step:2990/4740 train_time:611050ms step_avg:204.36ms
step:2991/4740 train_time:611234ms step_avg:204.36ms
step:2992/4740 train_time:611558ms step_avg:204.40ms
step:2993/4740 train_time:611741ms step_avg:204.39ms
step:2994/4740 train_time:612061ms step_avg:204.43ms
step:2995/4740 train_time:612247ms step_avg:204.42ms
step:2996/4740 train_time:612568ms step_avg:204.46ms
step:2997/4740 train_time:612751ms step_avg:204.45ms
step:2998/4740 train_time:613072ms step_avg:204.49ms
step:2999/4740 train_time:613255ms step_avg:204.49ms
step:3000/4740 train_time:613577ms step_avg:204.53ms
step:3000/4740 val_loss:3.0832 train_time:613703ms step_avg:204.57ms
step:3001/4740 train_time:613759ms step_avg:204.52ms
step:3002/4740 train_time:614084ms step_avg:204.56ms
step:3003/4740 train_time:614270ms step_avg:204.55ms
step:3004/4740 train_time:614589ms step_avg:204.59ms
step:3005/4740 train_time:614773ms step_avg:204.58ms
step:3006/4740 train_time:615098ms step_avg:204.62ms
step:3007/4740 train_time:615281ms step_avg:204.62ms
step:3008/4740 train_time:615604ms step_avg:204.66ms
step:3009/4740 train_time:615783ms step_avg:204.65ms
step:3010/4740 train_time:616107ms step_avg:204.69ms
step:3011/4740 train_time:616295ms step_avg:204.68ms
step:3012/4740 train_time:616615ms step_avg:204.72ms
step:3013/4740 train_time:616799ms step_avg:204.71ms
step:3014/4740 train_time:617126ms step_avg:204.75ms
step:3015/4740 train_time:617309ms step_avg:204.75ms
step:3016/4740 train_time:617633ms step_avg:204.79ms
step:3017/4740 train_time:617815ms step_avg:204.78ms
step:3018/4740 train_time:618136ms step_avg:204.82ms
step:3019/4740 train_time:618319ms step_avg:204.81ms
step:3020/4740 train_time:618643ms step_avg:204.85ms
step:3021/4740 train_time:618820ms step_avg:204.84ms
step:3022/4740 train_time:619143ms step_avg:204.88ms
step:3023/4740 train_time:619328ms step_avg:204.87ms
step:3024/4740 train_time:619653ms step_avg:204.91ms
step:3025/4740 train_time:619836ms step_avg:204.90ms
step:3026/4740 train_time:620153ms step_avg:204.94ms
step:3027/4740 train_time:620338ms step_avg:204.94ms
step:3028/4740 train_time:620658ms step_avg:204.97ms
step:3029/4740 train_time:620844ms step_avg:204.97ms
step:3030/4740 train_time:621170ms step_avg:205.01ms
step:3031/4740 train_time:621351ms step_avg:205.00ms
step:3032/4740 train_time:621677ms step_avg:205.04ms
step:3033/4740 train_time:621858ms step_avg:205.03ms
step:3034/4740 train_time:622180ms step_avg:205.07ms
step:3035/4740 train_time:622362ms step_avg:205.06ms
step:3036/4740 train_time:622683ms step_avg:205.10ms
step:3037/4740 train_time:622865ms step_avg:205.09ms
step:3038/4740 train_time:623187ms step_avg:205.13ms
step:3039/4740 train_time:623372ms step_avg:205.12ms
step:3040/4740 train_time:623695ms step_avg:205.16ms
step:3041/4740 train_time:623876ms step_avg:205.15ms
step:3042/4740 train_time:624196ms step_avg:205.19ms
step:3043/4740 train_time:624381ms step_avg:205.19ms
step:3044/4740 train_time:624705ms step_avg:205.22ms
step:3045/4740 train_time:624889ms step_avg:205.22ms
step:3046/4740 train_time:625214ms step_avg:205.26ms
step:3047/4740 train_time:625395ms step_avg:205.25ms
step:3048/4740 train_time:625718ms step_avg:205.29ms
step:3049/4740 train_time:625898ms step_avg:205.28ms
step:3050/4740 train_time:626223ms step_avg:205.32ms
step:3051/4740 train_time:626407ms step_avg:205.31ms
step:3052/4740 train_time:626725ms step_avg:205.35ms
step:3053/4740 train_time:626908ms step_avg:205.34ms
step:3054/4740 train_time:627230ms step_avg:205.38ms
step:3055/4740 train_time:627412ms step_avg:205.37ms
step:3056/4740 train_time:627738ms step_avg:205.41ms
step:3057/4740 train_time:627918ms step_avg:205.40ms
step:3058/4740 train_time:628239ms step_avg:205.44ms
step:3059/4740 train_time:628421ms step_avg:205.43ms
step:3060/4740 train_time:628745ms step_avg:205.47ms
step:3061/4740 train_time:628927ms step_avg:205.46ms
step:3062/4740 train_time:629245ms step_avg:205.50ms
step:3063/4740 train_time:629430ms step_avg:205.49ms
step:3064/4740 train_time:629754ms step_avg:205.53ms
step:3065/4740 train_time:629936ms step_avg:205.53ms
step:3066/4740 train_time:630260ms step_avg:205.56ms
step:3067/4740 train_time:630443ms step_avg:205.56ms
step:3068/4740 train_time:630764ms step_avg:205.59ms
step:3069/4740 train_time:630947ms step_avg:205.59ms
step:3070/4740 train_time:631273ms step_avg:205.63ms
step:3071/4740 train_time:631456ms step_avg:205.62ms
step:3072/4740 train_time:631776ms step_avg:205.66ms
step:3073/4740 train_time:631959ms step_avg:205.65ms
step:3074/4740 train_time:632281ms step_avg:205.69ms
step:3075/4740 train_time:632465ms step_avg:205.68ms
step:3076/4740 train_time:632785ms step_avg:205.72ms
step:3077/4740 train_time:632967ms step_avg:205.71ms
step:3078/4740 train_time:633295ms step_avg:205.75ms
step:3079/4740 train_time:633475ms step_avg:205.74ms
step:3080/4740 train_time:633801ms step_avg:205.78ms
step:3081/4740 train_time:633980ms step_avg:205.77ms
step:3082/4740 train_time:634301ms step_avg:205.81ms
step:3083/4740 train_time:634481ms step_avg:205.80ms
step:3084/4740 train_time:634805ms step_avg:205.84ms
step:3085/4740 train_time:634989ms step_avg:205.83ms
step:3086/4740 train_time:635311ms step_avg:205.87ms
step:3087/4740 train_time:635493ms step_avg:205.86ms
step:3088/4740 train_time:635816ms step_avg:205.90ms
step:3089/4740 train_time:636001ms step_avg:205.89ms
step:3090/4740 train_time:636326ms step_avg:205.93ms
step:3091/4740 train_time:636505ms step_avg:205.92ms
step:3092/4740 train_time:636830ms step_avg:205.96ms
step:3093/4740 train_time:637014ms step_avg:205.95ms
step:3094/4740 train_time:637338ms step_avg:205.99ms
step:3095/4740 train_time:637515ms step_avg:205.98ms
step:3096/4740 train_time:637839ms step_avg:206.02ms
step:3097/4740 train_time:638023ms step_avg:206.01ms
step:3098/4740 train_time:638346ms step_avg:206.05ms
step:3099/4740 train_time:638530ms step_avg:206.04ms
step:3100/4740 train_time:638852ms step_avg:206.08ms
step:3101/4740 train_time:639036ms step_avg:206.07ms
step:3102/4740 train_time:639358ms step_avg:206.11ms
step:3103/4740 train_time:639540ms step_avg:206.10ms
step:3104/4740 train_time:639862ms step_avg:206.14ms
step:3105/4740 train_time:640044ms step_avg:206.13ms
step:3106/4740 train_time:640368ms step_avg:206.17ms
step:3107/4740 train_time:640551ms step_avg:206.16ms
step:3108/4740 train_time:640875ms step_avg:206.20ms
step:3109/4740 train_time:641058ms step_avg:206.19ms
step:3110/4740 train_time:641382ms step_avg:206.23ms
step:3111/4740 train_time:641570ms step_avg:206.23ms
step:3112/4740 train_time:641888ms step_avg:206.26ms
step:3113/4740 train_time:642072ms step_avg:206.25ms
step:3114/4740 train_time:642393ms step_avg:206.29ms
step:3115/4740 train_time:642579ms step_avg:206.29ms
step:3116/4740 train_time:642898ms step_avg:206.32ms
step:3117/4740 train_time:643081ms step_avg:206.31ms
step:3118/4740 train_time:643406ms step_avg:206.35ms
step:3119/4740 train_time:643587ms step_avg:206.34ms
step:3120/4740 train_time:643909ms step_avg:206.38ms
step:3121/4740 train_time:644087ms step_avg:206.37ms
step:3122/4740 train_time:644412ms step_avg:206.41ms
step:3123/4740 train_time:644595ms step_avg:206.40ms
step:3124/4740 train_time:644916ms step_avg:206.44ms
step:3125/4740 train_time:645100ms step_avg:206.43ms
step:3126/4740 train_time:645422ms step_avg:206.47ms
step:3127/4740 train_time:645604ms step_avg:206.46ms
step:3128/4740 train_time:645928ms step_avg:206.50ms
step:3129/4740 train_time:646114ms step_avg:206.49ms
step:3130/4740 train_time:646439ms step_avg:206.53ms
step:3131/4740 train_time:646622ms step_avg:206.52ms
step:3132/4740 train_time:646944ms step_avg:206.56ms
step:3133/4740 train_time:647132ms step_avg:206.55ms
step:3134/4740 train_time:647453ms step_avg:206.59ms
step:3135/4740 train_time:647640ms step_avg:206.58ms
step:3136/4740 train_time:647958ms step_avg:206.62ms
step:3137/4740 train_time:648146ms step_avg:206.61ms
step:3138/4740 train_time:648469ms step_avg:206.65ms
step:3139/4740 train_time:648653ms step_avg:206.64ms
step:3140/4740 train_time:648973ms step_avg:206.68ms
step:3141/4740 train_time:649156ms step_avg:206.67ms
step:3142/4740 train_time:649483ms step_avg:206.71ms
step:3143/4740 train_time:649664ms step_avg:206.70ms
step:3144/4740 train_time:649984ms step_avg:206.74ms
step:3145/4740 train_time:650172ms step_avg:206.73ms
step:3146/4740 train_time:650497ms step_avg:206.77ms
step:3147/4740 train_time:650676ms step_avg:206.76ms
step:3148/4740 train_time:650999ms step_avg:206.80ms
step:3149/4740 train_time:651182ms step_avg:206.79ms
step:3150/4740 train_time:651502ms step_avg:206.83ms
step:3151/4740 train_time:651682ms step_avg:206.82ms
step:3152/4740 train_time:652007ms step_avg:206.86ms
step:3153/4740 train_time:652190ms step_avg:206.85ms
step:3154/4740 train_time:652514ms step_avg:206.88ms
step:3155/4740 train_time:652696ms step_avg:206.88ms
step:3156/4740 train_time:653018ms step_avg:206.91ms
step:3157/4740 train_time:653200ms step_avg:206.91ms
step:3158/4740 train_time:653518ms step_avg:206.94ms
step:3159/4740 train_time:653706ms step_avg:206.93ms
step:3160/4740 train_time:654030ms step_avg:206.97ms
step:3161/4740 train_time:654217ms step_avg:206.97ms
step:3162/4740 train_time:654536ms step_avg:207.00ms
step:3163/4740 train_time:654718ms step_avg:206.99ms
step:3164/4740 train_time:655043ms step_avg:207.03ms
step:3165/4740 train_time:655228ms step_avg:207.02ms
step:3166/4740 train_time:655552ms step_avg:207.06ms
step:3167/4740 train_time:655734ms step_avg:207.05ms
step:3168/4740 train_time:656060ms step_avg:207.09ms
step:3169/4740 train_time:656241ms step_avg:207.08ms
step:3170/4740 train_time:656565ms step_avg:207.12ms
step:3171/4740 train_time:656744ms step_avg:207.11ms
step:3172/4740 train_time:657069ms step_avg:207.15ms
step:3173/4740 train_time:657253ms step_avg:207.14ms
step:3174/4740 train_time:657574ms step_avg:207.18ms
step:3175/4740 train_time:657756ms step_avg:207.17ms
step:3176/4740 train_time:658080ms step_avg:207.20ms
step:3177/4740 train_time:658262ms step_avg:207.20ms
step:3178/4740 train_time:658589ms step_avg:207.23ms
step:3179/4740 train_time:658769ms step_avg:207.23ms
step:3180/4740 train_time:659093ms step_avg:207.26ms
step:3181/4740 train_time:659275ms step_avg:207.25ms
step:3182/4740 train_time:659601ms step_avg:207.29ms
step:3183/4740 train_time:659785ms step_avg:207.28ms
step:3184/4740 train_time:660108ms step_avg:207.32ms
step:3185/4740 train_time:660292ms step_avg:207.31ms
step:3186/4740 train_time:660614ms step_avg:207.35ms
step:3187/4740 train_time:660798ms step_avg:207.34ms
step:3188/4740 train_time:661123ms step_avg:207.38ms
step:3189/4740 train_time:661305ms step_avg:207.37ms
step:3190/4740 train_time:661631ms step_avg:207.41ms
step:3191/4740 train_time:661811ms step_avg:207.40ms
step:3192/4740 train_time:662136ms step_avg:207.44ms
step:3193/4740 train_time:662316ms step_avg:207.43ms
step:3194/4740 train_time:662642ms step_avg:207.46ms
step:3195/4740 train_time:662823ms step_avg:207.46ms
step:3196/4740 train_time:663145ms step_avg:207.49ms
step:3197/4740 train_time:663328ms step_avg:207.48ms
step:3198/4740 train_time:663654ms step_avg:207.52ms
step:3199/4740 train_time:663837ms step_avg:207.51ms
step:3200/4740 train_time:664160ms step_avg:207.55ms
step:3201/4740 train_time:664344ms step_avg:207.54ms
step:3202/4740 train_time:664666ms step_avg:207.58ms
step:3203/4740 train_time:664848ms step_avg:207.57ms
step:3204/4740 train_time:665172ms step_avg:207.61ms
step:3205/4740 train_time:665353ms step_avg:207.60ms
step:3206/4740 train_time:665673ms step_avg:207.63ms
step:3207/4740 train_time:665860ms step_avg:207.63ms
step:3208/4740 train_time:666185ms step_avg:207.66ms
step:3209/4740 train_time:666369ms step_avg:207.66ms
step:3210/4740 train_time:666687ms step_avg:207.69ms
step:3211/4740 train_time:666871ms step_avg:207.68ms
step:3212/4740 train_time:667195ms step_avg:207.72ms
step:3213/4740 train_time:667379ms step_avg:207.71ms
step:3214/4740 train_time:667700ms step_avg:207.75ms
step:3215/4740 train_time:667886ms step_avg:207.74ms
step:3216/4740 train_time:668210ms step_avg:207.78ms
step:3217/4740 train_time:668391ms step_avg:207.77ms
step:3218/4740 train_time:668712ms step_avg:207.80ms
step:3219/4740 train_time:668900ms step_avg:207.80ms
step:3220/4740 train_time:669228ms step_avg:207.83ms
step:3221/4740 train_time:669407ms step_avg:207.83ms
step:3222/4740 train_time:669730ms step_avg:207.86ms
step:3223/4740 train_time:669916ms step_avg:207.85ms
step:3224/4740 train_time:670241ms step_avg:207.89ms
step:3225/4740 train_time:670428ms step_avg:207.88ms
step:3226/4740 train_time:670749ms step_avg:207.92ms
step:3227/4740 train_time:670934ms step_avg:207.91ms
step:3228/4740 train_time:671255ms step_avg:207.95ms
step:3229/4740 train_time:671441ms step_avg:207.94ms
step:3230/4740 train_time:671763ms step_avg:207.98ms
step:3231/4740 train_time:671945ms step_avg:207.97ms
step:3232/4740 train_time:672271ms step_avg:208.00ms
step:3233/4740 train_time:672456ms step_avg:208.00ms
step:3234/4740 train_time:672775ms step_avg:208.03ms
step:3235/4740 train_time:672962ms step_avg:208.03ms
step:3236/4740 train_time:673283ms step_avg:208.06ms
step:3237/4740 train_time:673467ms step_avg:208.05ms
step:3238/4740 train_time:673788ms step_avg:208.09ms
step:3239/4740 train_time:673975ms step_avg:208.08ms
step:3240/4740 train_time:674297ms step_avg:208.12ms
step:3241/4740 train_time:674481ms step_avg:208.11ms
step:3242/4740 train_time:674802ms step_avg:208.14ms
step:3243/4740 train_time:674991ms step_avg:208.14ms
step:3244/4740 train_time:675309ms step_avg:208.17ms
step:3245/4740 train_time:675496ms step_avg:208.17ms
step:3246/4740 train_time:675818ms step_avg:208.20ms
step:3247/4740 train_time:676001ms step_avg:208.19ms
step:3248/4740 train_time:676327ms step_avg:208.23ms
step:3249/4740 train_time:676507ms step_avg:208.22ms
step:3250/4740 train_time:676836ms step_avg:208.26ms
step:3250/4740 val_loss:3.0541 train_time:676963ms step_avg:208.30ms
step:3251/4740 train_time:677019ms step_avg:208.25ms
step:3252/4740 train_time:677350ms step_avg:208.29ms
step:3253/4740 train_time:677528ms step_avg:208.28ms
step:3254/4740 train_time:677847ms step_avg:208.31ms
step:3255/4740 train_time:678032ms step_avg:208.30ms
step:3256/4740 train_time:678359ms step_avg:208.34ms
step:3257/4740 train_time:678544ms step_avg:208.33ms
step:3258/4740 train_time:678864ms step_avg:208.37ms
step:3259/4740 train_time:679046ms step_avg:208.36ms
step:3260/4740 train_time:679371ms step_avg:208.40ms
step:3261/4740 train_time:679556ms step_avg:208.39ms
step:3262/4740 train_time:679878ms step_avg:208.42ms
step:3263/4740 train_time:680057ms step_avg:208.41ms
step:3264/4740 train_time:680383ms step_avg:208.45ms
step:3265/4740 train_time:680567ms step_avg:208.44ms
step:3266/4740 train_time:680887ms step_avg:208.48ms
step:3267/4740 train_time:681070ms step_avg:208.47ms
step:3268/4740 train_time:681394ms step_avg:208.50ms
step:3269/4740 train_time:681576ms step_avg:208.50ms
step:3270/4740 train_time:681898ms step_avg:208.53ms
step:3271/4740 train_time:682079ms step_avg:208.52ms
step:3272/4740 train_time:682403ms step_avg:208.56ms
step:3273/4740 train_time:682586ms step_avg:208.55ms
step:3274/4740 train_time:682906ms step_avg:208.58ms
step:3275/4740 train_time:683090ms step_avg:208.58ms
step:3276/4740 train_time:683418ms step_avg:208.61ms
step:3277/4740 train_time:683601ms step_avg:208.61ms
step:3278/4740 train_time:683922ms step_avg:208.64ms
step:3279/4740 train_time:684105ms step_avg:208.63ms
step:3280/4740 train_time:684428ms step_avg:208.67ms
step:3281/4740 train_time:684613ms step_avg:208.66ms
step:3282/4740 train_time:684933ms step_avg:208.69ms
step:3283/4740 train_time:685116ms step_avg:208.69ms
step:3284/4740 train_time:685442ms step_avg:208.72ms
step:3285/4740 train_time:685625ms step_avg:208.71ms
step:3286/4740 train_time:685946ms step_avg:208.75ms
step:3287/4740 train_time:686131ms step_avg:208.74ms
step:3288/4740 train_time:686455ms step_avg:208.78ms
step:3289/4740 train_time:686637ms step_avg:208.77ms
step:3290/4740 train_time:686958ms step_avg:208.80ms
step:3291/4740 train_time:687142ms step_avg:208.79ms
step:3292/4740 train_time:687465ms step_avg:208.83ms
step:3293/4740 train_time:687646ms step_avg:208.82ms
step:3294/4740 train_time:687967ms step_avg:208.85ms
step:3295/4740 train_time:688148ms step_avg:208.85ms
step:3296/4740 train_time:688476ms step_avg:208.88ms
step:3297/4740 train_time:688656ms step_avg:208.87ms
step:3298/4740 train_time:688978ms step_avg:208.91ms
step:3299/4740 train_time:689158ms step_avg:208.90ms
step:3300/4740 train_time:689482ms step_avg:208.93ms
step:3301/4740 train_time:689662ms step_avg:208.93ms
step:3302/4740 train_time:689987ms step_avg:208.96ms
step:3303/4740 train_time:690168ms step_avg:208.95ms
step:3304/4740 train_time:690491ms step_avg:208.99ms
step:3305/4740 train_time:690672ms step_avg:208.98ms
step:3306/4740 train_time:690996ms step_avg:209.01ms
step:3307/4740 train_time:691177ms step_avg:209.00ms
step:3308/4740 train_time:691502ms step_avg:209.04ms
step:3309/4740 train_time:691683ms step_avg:209.03ms
step:3310/4740 train_time:692007ms step_avg:209.07ms
step:3311/4740 train_time:692189ms step_avg:209.06ms
step:3312/4740 train_time:692514ms step_avg:209.09ms
step:3313/4740 train_time:692692ms step_avg:209.08ms
step:3314/4740 train_time:693021ms step_avg:209.12ms
step:3315/4740 train_time:693200ms step_avg:209.11ms
step:3316/4740 train_time:693525ms step_avg:209.15ms
step:3317/4740 train_time:693711ms step_avg:209.14ms
step:3318/4740 train_time:694032ms step_avg:209.17ms
step:3319/4740 train_time:694216ms step_avg:209.16ms
step:3320/4740 train_time:694537ms step_avg:209.20ms
step:3321/4740 train_time:694722ms step_avg:209.19ms
step:3322/4740 train_time:695048ms step_avg:209.23ms
step:3323/4740 train_time:695232ms step_avg:209.22ms
step:3324/4740 train_time:695553ms step_avg:209.25ms
step:3325/4740 train_time:695739ms step_avg:209.24ms
step:3326/4740 train_time:696063ms step_avg:209.28ms
step:3327/4740 train_time:696247ms step_avg:209.27ms
step:3328/4740 train_time:696570ms step_avg:209.31ms
step:3329/4740 train_time:696751ms step_avg:209.30ms
step:3330/4740 train_time:697075ms step_avg:209.33ms
step:3331/4740 train_time:697256ms step_avg:209.32ms
step:3332/4740 train_time:697580ms step_avg:209.36ms
step:3333/4740 train_time:697765ms step_avg:209.35ms
step:3334/4740 train_time:698089ms step_avg:209.38ms
step:3335/4740 train_time:698269ms step_avg:209.38ms
step:3336/4740 train_time:698593ms step_avg:209.41ms
step:3337/4740 train_time:698772ms step_avg:209.40ms
step:3338/4740 train_time:699095ms step_avg:209.44ms
step:3339/4740 train_time:699278ms step_avg:209.43ms
step:3340/4740 train_time:699600ms step_avg:209.46ms
step:3341/4740 train_time:699782ms step_avg:209.45ms
step:3342/4740 train_time:700108ms step_avg:209.49ms
step:3343/4740 train_time:700293ms step_avg:209.48ms
step:3344/4740 train_time:700615ms step_avg:209.51ms
step:3345/4740 train_time:700797ms step_avg:209.51ms
step:3346/4740 train_time:701121ms step_avg:209.54ms
step:3347/4740 train_time:701305ms step_avg:209.53ms
step:3348/4740 train_time:701627ms step_avg:209.57ms
step:3349/4740 train_time:701809ms step_avg:209.56ms
step:3350/4740 train_time:702137ms step_avg:209.59ms
step:3351/4740 train_time:702324ms step_avg:209.59ms
step:3352/4740 train_time:702650ms step_avg:209.62ms
step:3353/4740 train_time:702828ms step_avg:209.61ms
step:3354/4740 train_time:703154ms step_avg:209.65ms
step:3355/4740 train_time:703338ms step_avg:209.64ms
step:3356/4740 train_time:703660ms step_avg:209.67ms
step:3357/4740 train_time:703843ms step_avg:209.66ms
step:3358/4740 train_time:704170ms step_avg:209.70ms
step:3359/4740 train_time:704356ms step_avg:209.69ms
step:3360/4740 train_time:704679ms step_avg:209.73ms
step:3361/4740 train_time:704859ms step_avg:209.72ms
step:3362/4740 train_time:705184ms step_avg:209.75ms
step:3363/4740 train_time:705372ms step_avg:209.74ms
step:3364/4740 train_time:705696ms step_avg:209.78ms
step:3365/4740 train_time:705875ms step_avg:209.77ms
step:3366/4740 train_time:706198ms step_avg:209.80ms
step:3367/4740 train_time:706379ms step_avg:209.79ms
step:3368/4740 train_time:706705ms step_avg:209.83ms
step:3369/4740 train_time:706885ms step_avg:209.82ms
step:3370/4740 train_time:707208ms step_avg:209.85ms
step:3371/4740 train_time:707392ms step_avg:209.85ms
step:3372/4740 train_time:707716ms step_avg:209.88ms
step:3373/4740 train_time:707897ms step_avg:209.87ms
step:3374/4740 train_time:708220ms step_avg:209.91ms
step:3375/4740 train_time:708402ms step_avg:209.90ms
step:3376/4740 train_time:708725ms step_avg:209.93ms
step:3377/4740 train_time:708911ms step_avg:209.92ms
step:3378/4740 train_time:709232ms step_avg:209.96ms
step:3379/4740 train_time:709417ms step_avg:209.95ms
step:3380/4740 train_time:709740ms step_avg:209.98ms
step:3381/4740 train_time:709922ms step_avg:209.97ms
step:3382/4740 train_time:710245ms step_avg:210.01ms
step:3383/4740 train_time:710430ms step_avg:210.00ms
step:3384/4740 train_time:710751ms step_avg:210.03ms
step:3385/4740 train_time:710935ms step_avg:210.03ms
step:3386/4740 train_time:711258ms step_avg:210.06ms
step:3387/4740 train_time:711444ms step_avg:210.05ms
step:3388/4740 train_time:711767ms step_avg:210.08ms
step:3389/4740 train_time:711950ms step_avg:210.08ms
step:3390/4740 train_time:712272ms step_avg:210.11ms
step:3391/4740 train_time:712454ms step_avg:210.10ms
step:3392/4740 train_time:712780ms step_avg:210.14ms
step:3393/4740 train_time:712959ms step_avg:210.13ms
step:3394/4740 train_time:713286ms step_avg:210.16ms
step:3395/4740 train_time:713471ms step_avg:210.15ms
step:3396/4740 train_time:713796ms step_avg:210.19ms
step:3397/4740 train_time:713980ms step_avg:210.18ms
step:3398/4740 train_time:714306ms step_avg:210.21ms
step:3399/4740 train_time:714488ms step_avg:210.21ms
step:3400/4740 train_time:714813ms step_avg:210.24ms
step:3401/4740 train_time:714996ms step_avg:210.23ms
step:3402/4740 train_time:715319ms step_avg:210.26ms
step:3403/4740 train_time:715501ms step_avg:210.26ms
step:3404/4740 train_time:715827ms step_avg:210.29ms
step:3405/4740 train_time:716009ms step_avg:210.28ms
step:3406/4740 train_time:716332ms step_avg:210.31ms
step:3407/4740 train_time:716513ms step_avg:210.31ms
step:3408/4740 train_time:716838ms step_avg:210.34ms
step:3409/4740 train_time:717020ms step_avg:210.33ms
step:3410/4740 train_time:717344ms step_avg:210.36ms
step:3411/4740 train_time:717524ms step_avg:210.36ms
step:3412/4740 train_time:717853ms step_avg:210.39ms
step:3413/4740 train_time:718033ms step_avg:210.38ms
step:3414/4740 train_time:718358ms step_avg:210.42ms
step:3415/4740 train_time:718540ms step_avg:210.41ms
step:3416/4740 train_time:718867ms step_avg:210.44ms
step:3417/4740 train_time:719048ms step_avg:210.43ms
step:3418/4740 train_time:719369ms step_avg:210.46ms
step:3419/4740 train_time:719553ms step_avg:210.46ms
step:3420/4740 train_time:719882ms step_avg:210.49ms
step:3421/4740 train_time:720064ms step_avg:210.48ms
step:3422/4740 train_time:720385ms step_avg:210.52ms
step:3423/4740 train_time:720571ms step_avg:210.51ms
step:3424/4740 train_time:720895ms step_avg:210.54ms
step:3425/4740 train_time:721076ms step_avg:210.53ms
step:3426/4740 train_time:721396ms step_avg:210.57ms
step:3427/4740 train_time:721581ms step_avg:210.56ms
step:3428/4740 train_time:721906ms step_avg:210.59ms
step:3429/4740 train_time:722087ms step_avg:210.58ms
step:3430/4740 train_time:722409ms step_avg:210.61ms
step:3431/4740 train_time:722593ms step_avg:210.61ms
step:3432/4740 train_time:722918ms step_avg:210.64ms
step:3433/4740 train_time:723099ms step_avg:210.63ms
step:3434/4740 train_time:723424ms step_avg:210.67ms
step:3435/4740 train_time:723604ms step_avg:210.66ms
step:3436/4740 train_time:723928ms step_avg:210.69ms
step:3437/4740 train_time:724109ms step_avg:210.68ms
step:3438/4740 train_time:724432ms step_avg:210.71ms
step:3439/4740 train_time:724615ms step_avg:210.71ms
step:3440/4740 train_time:724940ms step_avg:210.74ms
step:3441/4740 train_time:725127ms step_avg:210.73ms
step:3442/4740 train_time:725449ms step_avg:210.76ms
step:3443/4740 train_time:725631ms step_avg:210.76ms
step:3444/4740 train_time:725955ms step_avg:210.79ms
step:3445/4740 train_time:726139ms step_avg:210.78ms
step:3446/4740 train_time:726461ms step_avg:210.81ms
step:3447/4740 train_time:726643ms step_avg:210.80ms
step:3448/4740 train_time:726967ms step_avg:210.84ms
step:3449/4740 train_time:727151ms step_avg:210.83ms
step:3450/4740 train_time:727472ms step_avg:210.86ms
step:3451/4740 train_time:727654ms step_avg:210.85ms
step:3452/4740 train_time:727981ms step_avg:210.89ms
step:3453/4740 train_time:728163ms step_avg:210.88ms
step:3454/4740 train_time:728483ms step_avg:210.91ms
step:3455/4740 train_time:728667ms step_avg:210.90ms
step:3456/4740 train_time:728994ms step_avg:210.94ms
step:3457/4740 train_time:729172ms step_avg:210.93ms
step:3458/4740 train_time:729497ms step_avg:210.96ms
step:3459/4740 train_time:729676ms step_avg:210.95ms
step:3460/4740 train_time:730000ms step_avg:210.98ms
step:3461/4740 train_time:730182ms step_avg:210.97ms
step:3462/4740 train_time:730506ms step_avg:211.01ms
step:3463/4740 train_time:730685ms step_avg:211.00ms
step:3464/4740 train_time:731009ms step_avg:211.03ms
step:3465/4740 train_time:731192ms step_avg:211.02ms
step:3466/4740 train_time:731516ms step_avg:211.05ms
step:3467/4740 train_time:731699ms step_avg:211.05ms
step:3468/4740 train_time:732024ms step_avg:211.08ms
step:3469/4740 train_time:732211ms step_avg:211.07ms
step:3470/4740 train_time:732533ms step_avg:211.10ms
step:3471/4740 train_time:732715ms step_avg:211.10ms
step:3472/4740 train_time:733037ms step_avg:211.13ms
step:3473/4740 train_time:733223ms step_avg:211.12ms
step:3474/4740 train_time:733547ms step_avg:211.15ms
step:3475/4740 train_time:733729ms step_avg:211.15ms
step:3476/4740 train_time:734051ms step_avg:211.18ms
step:3477/4740 train_time:734236ms step_avg:211.17ms
step:3478/4740 train_time:734561ms step_avg:211.20ms
step:3479/4740 train_time:734745ms step_avg:211.19ms
step:3480/4740 train_time:735070ms step_avg:211.23ms
step:3481/4740 train_time:735248ms step_avg:211.22ms
step:3482/4740 train_time:735578ms step_avg:211.25ms
step:3483/4740 train_time:735759ms step_avg:211.24ms
step:3484/4740 train_time:736081ms step_avg:211.27ms
step:3485/4740 train_time:736267ms step_avg:211.27ms
step:3486/4740 train_time:736588ms step_avg:211.30ms
step:3487/4740 train_time:736770ms step_avg:211.29ms
step:3488/4740 train_time:737094ms step_avg:211.32ms
step:3489/4740 train_time:737275ms step_avg:211.31ms
step:3490/4740 train_time:737598ms step_avg:211.35ms
step:3491/4740 train_time:737781ms step_avg:211.34ms
step:3492/4740 train_time:738106ms step_avg:211.37ms
step:3493/4740 train_time:738287ms step_avg:211.36ms
step:3494/4740 train_time:738612ms step_avg:211.39ms
step:3495/4740 train_time:738796ms step_avg:211.39ms
step:3496/4740 train_time:739118ms step_avg:211.42ms
step:3497/4740 train_time:739303ms step_avg:211.41ms
step:3498/4740 train_time:739622ms step_avg:211.44ms
step:3499/4740 train_time:739807ms step_avg:211.43ms
step:3500/4740 train_time:740128ms step_avg:211.47ms
step:3500/4740 val_loss:3.0250 train_time:740257ms step_avg:211.50ms
step:3501/4740 train_time:740313ms step_avg:211.46ms
step:3502/4740 train_time:740643ms step_avg:211.49ms
step:3503/4740 train_time:740824ms step_avg:211.48ms
step:3504/4740 train_time:741140ms step_avg:211.51ms
step:3505/4740 train_time:741323ms step_avg:211.50ms
step:3506/4740 train_time:741648ms step_avg:211.54ms
step:3507/4740 train_time:741835ms step_avg:211.53ms
step:3508/4740 train_time:742152ms step_avg:211.56ms
step:3509/4740 train_time:742336ms step_avg:211.55ms
step:3510/4740 train_time:742664ms step_avg:211.59ms
step:3511/4740 train_time:742846ms step_avg:211.58ms
step:3512/4740 train_time:743168ms step_avg:211.61ms
step:3513/4740 train_time:743350ms step_avg:211.60ms
step:3514/4740 train_time:743673ms step_avg:211.63ms
step:3515/4740 train_time:743858ms step_avg:211.62ms
step:3516/4740 train_time:744173ms step_avg:211.65ms
step:3517/4740 train_time:744362ms step_avg:211.65ms
step:3518/4740 train_time:744681ms step_avg:211.68ms
step:3519/4740 train_time:744865ms step_avg:211.67ms
step:3520/4740 train_time:745188ms step_avg:211.70ms
step:3521/4740 train_time:745371ms step_avg:211.69ms
step:3522/4740 train_time:745695ms step_avg:211.72ms
step:3523/4740 train_time:745878ms step_avg:211.72ms
step:3524/4740 train_time:746202ms step_avg:211.75ms
step:3525/4740 train_time:746383ms step_avg:211.74ms
step:3526/4740 train_time:746706ms step_avg:211.77ms
step:3527/4740 train_time:746888ms step_avg:211.76ms
step:3528/4740 train_time:747209ms step_avg:211.79ms
step:3529/4740 train_time:747395ms step_avg:211.79ms
step:3530/4740 train_time:747720ms step_avg:211.82ms
step:3531/4740 train_time:747900ms step_avg:211.81ms
step:3532/4740 train_time:748220ms step_avg:211.84ms
step:3533/4740 train_time:748402ms step_avg:211.83ms
step:3534/4740 train_time:748727ms step_avg:211.86ms
step:3535/4740 train_time:748910ms step_avg:211.86ms
step:3536/4740 train_time:749236ms step_avg:211.89ms
step:3537/4740 train_time:749416ms step_avg:211.88ms
step:3538/4740 train_time:749739ms step_avg:211.91ms
step:3539/4740 train_time:749922ms step_avg:211.90ms
step:3540/4740 train_time:750243ms step_avg:211.93ms
step:3541/4740 train_time:750427ms step_avg:211.93ms
step:3542/4740 train_time:750751ms step_avg:211.96ms
step:3543/4740 train_time:750936ms step_avg:211.95ms
step:3544/4740 train_time:751255ms step_avg:211.98ms
step:3545/4740 train_time:751438ms step_avg:211.97ms
step:3546/4740 train_time:751759ms step_avg:212.00ms
step:3547/4740 train_time:751945ms step_avg:211.99ms
step:3548/4740 train_time:752269ms step_avg:212.03ms
step:3549/4740 train_time:752451ms step_avg:212.02ms
step:3550/4740 train_time:752776ms step_avg:212.05ms
step:3551/4740 train_time:752958ms step_avg:212.04ms
step:3552/4740 train_time:753280ms step_avg:212.07ms
step:3553/4740 train_time:753463ms step_avg:212.06ms
step:3554/4740 train_time:753790ms step_avg:212.10ms
step:3555/4740 train_time:753971ms step_avg:212.09ms
step:3556/4740 train_time:754300ms step_avg:212.12ms
step:3557/4740 train_time:754482ms step_avg:212.11ms
step:3558/4740 train_time:754811ms step_avg:212.14ms
step:3559/4740 train_time:754994ms step_avg:212.14ms
step:3560/4740 train_time:755313ms step_avg:212.17ms
step:3561/4740 train_time:755498ms step_avg:212.16ms
step:3562/4740 train_time:755822ms step_avg:212.19ms
step:3563/4740 train_time:756004ms step_avg:212.18ms
step:3564/4740 train_time:756324ms step_avg:212.21ms
step:3565/4740 train_time:756505ms step_avg:212.20ms
step:3566/4740 train_time:756829ms step_avg:212.23ms
step:3567/4740 train_time:757010ms step_avg:212.23ms
step:3568/4740 train_time:757332ms step_avg:212.26ms
step:3569/4740 train_time:757513ms step_avg:212.25ms
step:3570/4740 train_time:757838ms step_avg:212.28ms
step:3571/4740 train_time:758020ms step_avg:212.27ms
step:3572/4740 train_time:758341ms step_avg:212.30ms
step:3573/4740 train_time:758521ms step_avg:212.29ms
step:3574/4740 train_time:758846ms step_avg:212.32ms
step:3575/4740 train_time:759031ms step_avg:212.32ms
step:3576/4740 train_time:759349ms step_avg:212.35ms
step:3577/4740 train_time:759536ms step_avg:212.34ms
step:3578/4740 train_time:759865ms step_avg:212.37ms
step:3579/4740 train_time:760046ms step_avg:212.36ms
step:3580/4740 train_time:760370ms step_avg:212.39ms
step:3581/4740 train_time:760556ms step_avg:212.39ms
step:3582/4740 train_time:760886ms step_avg:212.42ms
step:3583/4740 train_time:761066ms step_avg:212.41ms
step:3584/4740 train_time:761390ms step_avg:212.44ms
step:3585/4740 train_time:761571ms step_avg:212.43ms
step:3586/4740 train_time:761890ms step_avg:212.46ms
step:3587/4740 train_time:762077ms step_avg:212.46ms
step:3588/4740 train_time:762403ms step_avg:212.49ms
step:3589/4740 train_time:762585ms step_avg:212.48ms
step:3590/4740 train_time:762907ms step_avg:212.51ms
step:3591/4740 train_time:763095ms step_avg:212.50ms
step:3592/4740 train_time:763416ms step_avg:212.53ms
step:3593/4740 train_time:763599ms step_avg:212.52ms
step:3594/4740 train_time:763926ms step_avg:212.56ms
step:3595/4740 train_time:764105ms step_avg:212.55ms
step:3596/4740 train_time:764428ms step_avg:212.58ms
step:3597/4740 train_time:764611ms step_avg:212.57ms
step:3598/4740 train_time:764938ms step_avg:212.60ms
step:3599/4740 train_time:765120ms step_avg:212.59ms
step:3600/4740 train_time:765441ms step_avg:212.62ms
step:3601/4740 train_time:765623ms step_avg:212.61ms
step:3602/4740 train_time:765946ms step_avg:212.64ms
step:3603/4740 train_time:766131ms step_avg:212.64ms
step:3604/4740 train_time:766456ms step_avg:212.67ms
step:3605/4740 train_time:766637ms step_avg:212.66ms
step:3606/4740 train_time:766963ms step_avg:212.69ms
step:3607/4740 train_time:767145ms step_avg:212.68ms
step:3608/4740 train_time:767467ms step_avg:212.71ms
step:3609/4740 train_time:767653ms step_avg:212.71ms
step:3610/4740 train_time:767975ms step_avg:212.74ms
step:3611/4740 train_time:768158ms step_avg:212.73ms
step:3612/4740 train_time:768480ms step_avg:212.76ms
step:3613/4740 train_time:768662ms step_avg:212.75ms
step:3614/4740 train_time:768987ms step_avg:212.78ms
step:3615/4740 train_time:769170ms step_avg:212.77ms
step:3616/4740 train_time:769493ms step_avg:212.80ms
step:3617/4740 train_time:769681ms step_avg:212.80ms
step:3618/4740 train_time:770005ms step_avg:212.83ms
step:3619/4740 train_time:770188ms step_avg:212.82ms
step:3620/4740 train_time:770510ms step_avg:212.85ms
step:3621/4740 train_time:770694ms step_avg:212.84ms
step:3622/4740 train_time:771017ms step_avg:212.87ms
step:3623/4740 train_time:771203ms step_avg:212.86ms
step:3624/4740 train_time:771526ms step_avg:212.89ms
step:3625/4740 train_time:771707ms step_avg:212.88ms
step:3626/4740 train_time:772030ms step_avg:212.92ms
step:3627/4740 train_time:772217ms step_avg:212.91ms
step:3628/4740 train_time:772539ms step_avg:212.94ms
step:3629/4740 train_time:772726ms step_avg:212.93ms
step:3630/4740 train_time:773050ms step_avg:212.96ms
step:3631/4740 train_time:773235ms step_avg:212.95ms
step:3632/4740 train_time:773560ms step_avg:212.98ms
step:3633/4740 train_time:773741ms step_avg:212.98ms
step:3634/4740 train_time:774068ms step_avg:213.01ms
step:3635/4740 train_time:774253ms step_avg:213.00ms
step:3636/4740 train_time:774573ms step_avg:213.03ms
step:3637/4740 train_time:774759ms step_avg:213.02ms
step:3638/4740 train_time:775082ms step_avg:213.05ms
step:3639/4740 train_time:775263ms step_avg:213.04ms
step:3640/4740 train_time:775587ms step_avg:213.07ms
step:3641/4740 train_time:775766ms step_avg:213.06ms
step:3642/4740 train_time:776090ms step_avg:213.09ms
step:3643/4740 train_time:776273ms step_avg:213.09ms
step:3644/4740 train_time:776597ms step_avg:213.12ms
step:3645/4740 train_time:776782ms step_avg:213.11ms
step:3646/4740 train_time:777105ms step_avg:213.14ms
step:3647/4740 train_time:777290ms step_avg:213.13ms
step:3648/4740 train_time:777614ms step_avg:213.16ms
step:3649/4740 train_time:777799ms step_avg:213.15ms
step:3650/4740 train_time:778123ms step_avg:213.18ms
step:3651/4740 train_time:778310ms step_avg:213.18ms
step:3652/4740 train_time:778633ms step_avg:213.21ms
step:3653/4740 train_time:778815ms step_avg:213.20ms
step:3654/4740 train_time:779135ms step_avg:213.23ms
step:3655/4740 train_time:779319ms step_avg:213.22ms
step:3656/4740 train_time:779640ms step_avg:213.25ms
step:3657/4740 train_time:779822ms step_avg:213.24ms
step:3658/4740 train_time:780143ms step_avg:213.27ms
step:3659/4740 train_time:780328ms step_avg:213.26ms
step:3660/4740 train_time:780647ms step_avg:213.29ms
step:3661/4740 train_time:780838ms step_avg:213.29ms
step:3662/4740 train_time:781161ms step_avg:213.32ms
step:3663/4740 train_time:781344ms step_avg:213.31ms
step:3664/4740 train_time:781671ms step_avg:213.34ms
step:3665/4740 train_time:781858ms step_avg:213.33ms
step:3666/4740 train_time:782176ms step_avg:213.36ms
step:3667/4740 train_time:782361ms step_avg:213.35ms
step:3668/4740 train_time:782687ms step_avg:213.38ms
step:3669/4740 train_time:782868ms step_avg:213.37ms
step:3670/4740 train_time:783187ms step_avg:213.40ms
step:3671/4740 train_time:783370ms step_avg:213.39ms
step:3672/4740 train_time:783698ms step_avg:213.43ms
step:3673/4740 train_time:783877ms step_avg:213.42ms
step:3674/4740 train_time:784197ms step_avg:213.44ms
step:3675/4740 train_time:784378ms step_avg:213.44ms
step:3676/4740 train_time:784701ms step_avg:213.47ms
step:3677/4740 train_time:784882ms step_avg:213.46ms
step:3678/4740 train_time:785207ms step_avg:213.49ms
step:3679/4740 train_time:785391ms step_avg:213.48ms
step:3680/4740 train_time:785716ms step_avg:213.51ms
step:3681/4740 train_time:785899ms step_avg:213.50ms
step:3682/4740 train_time:786222ms step_avg:213.53ms
step:3683/4740 train_time:786402ms step_avg:213.52ms
step:3684/4740 train_time:786729ms step_avg:213.55ms
step:3685/4740 train_time:786909ms step_avg:213.54ms
step:3686/4740 train_time:787230ms step_avg:213.57ms
step:3687/4740 train_time:787418ms step_avg:213.57ms
step:3688/4740 train_time:787740ms step_avg:213.60ms
step:3689/4740 train_time:787921ms step_avg:213.59ms
step:3690/4740 train_time:788247ms step_avg:213.62ms
step:3691/4740 train_time:788430ms step_avg:213.61ms
step:3692/4740 train_time:788752ms step_avg:213.64ms
step:3693/4740 train_time:788933ms step_avg:213.63ms
step:3694/4740 train_time:789257ms step_avg:213.66ms
step:3695/4740 train_time:789441ms step_avg:213.65ms
step:3696/4740 train_time:789758ms step_avg:213.68ms
step:3697/4740 train_time:789945ms step_avg:213.67ms
step:3698/4740 train_time:790263ms step_avg:213.70ms
step:3699/4740 train_time:790447ms step_avg:213.69ms
step:3700/4740 train_time:790770ms step_avg:213.72ms
step:3701/4740 train_time:790955ms step_avg:213.71ms
step:3702/4740 train_time:791275ms step_avg:213.74ms
step:3703/4740 train_time:791460ms step_avg:213.73ms
step:3704/4740 train_time:791780ms step_avg:213.76ms
step:3705/4740 train_time:791962ms step_avg:213.76ms
step:3706/4740 train_time:792287ms step_avg:213.78ms
step:3707/4740 train_time:792469ms step_avg:213.78ms
step:3708/4740 train_time:792793ms step_avg:213.81ms
step:3709/4740 train_time:792973ms step_avg:213.80ms
step:3710/4740 train_time:793296ms step_avg:213.83ms
step:3711/4740 train_time:793480ms step_avg:213.82ms
step:3712/4740 train_time:793802ms step_avg:213.85ms
step:3713/4740 train_time:793984ms step_avg:213.84ms
step:3714/4740 train_time:794310ms step_avg:213.87ms
step:3715/4740 train_time:794491ms step_avg:213.86ms
step:3716/4740 train_time:794815ms step_avg:213.89ms
step:3717/4740 train_time:794999ms step_avg:213.88ms
step:3718/4740 train_time:795323ms step_avg:213.91ms
step:3719/4740 train_time:795506ms step_avg:213.90ms
step:3720/4740 train_time:795830ms step_avg:213.93ms
step:3721/4740 train_time:796012ms step_avg:213.92ms
step:3722/4740 train_time:796339ms step_avg:213.95ms
step:3723/4740 train_time:796523ms step_avg:213.95ms
step:3724/4740 train_time:796846ms step_avg:213.98ms
step:3725/4740 train_time:797026ms step_avg:213.97ms
step:3726/4740 train_time:797351ms step_avg:214.00ms
step:3727/4740 train_time:797535ms step_avg:213.99ms
step:3728/4740 train_time:797857ms step_avg:214.02ms
step:3729/4740 train_time:798039ms step_avg:214.01ms
step:3730/4740 train_time:798360ms step_avg:214.04ms
step:3731/4740 train_time:798548ms step_avg:214.03ms
step:3732/4740 train_time:798870ms step_avg:214.06ms
step:3733/4740 train_time:799053ms step_avg:214.05ms
step:3734/4740 train_time:799380ms step_avg:214.08ms
step:3735/4740 train_time:799562ms step_avg:214.07ms
step:3736/4740 train_time:799884ms step_avg:214.10ms
step:3737/4740 train_time:800065ms step_avg:214.09ms
step:3738/4740 train_time:800390ms step_avg:214.12ms
step:3739/4740 train_time:800575ms step_avg:214.11ms
step:3740/4740 train_time:800896ms step_avg:214.14ms
step:3741/4740 train_time:801079ms step_avg:214.13ms
step:3742/4740 train_time:801403ms step_avg:214.16ms
step:3743/4740 train_time:801587ms step_avg:214.16ms
step:3744/4740 train_time:801910ms step_avg:214.19ms
step:3745/4740 train_time:802092ms step_avg:214.18ms
step:3746/4740 train_time:802415ms step_avg:214.21ms
step:3747/4740 train_time:802604ms step_avg:214.20ms
step:3748/4740 train_time:802924ms step_avg:214.23ms
step:3749/4740 train_time:803104ms step_avg:214.22ms
step:3750/4740 train_time:803428ms step_avg:214.25ms
step:3750/4740 val_loss:2.9993 train_time:803552ms step_avg:214.28ms
step:3751/4740 train_time:803608ms step_avg:214.24ms
step:3752/4740 train_time:803936ms step_avg:214.27ms
step:3753/4740 train_time:804121ms step_avg:214.26ms
step:3754/4740 train_time:804438ms step_avg:214.29ms
step:3755/4740 train_time:804624ms step_avg:214.28ms
step:3756/4740 train_time:804947ms step_avg:214.31ms
step:3757/4740 train_time:805136ms step_avg:214.30ms
step:3758/4740 train_time:805452ms step_avg:214.33ms
step:3759/4740 train_time:805636ms step_avg:214.32ms
step:3760/4740 train_time:805961ms step_avg:214.35ms
step:3761/4740 train_time:806144ms step_avg:214.34ms
step:3762/4740 train_time:806465ms step_avg:214.37ms
step:3763/4740 train_time:806648ms step_avg:214.36ms
step:3764/4740 train_time:806971ms step_avg:214.39ms
step:3765/4740 train_time:807153ms step_avg:214.38ms
step:3766/4740 train_time:807473ms step_avg:214.41ms
step:3767/4740 train_time:807655ms step_avg:214.40ms
step:3768/4740 train_time:807979ms step_avg:214.43ms
step:3769/4740 train_time:808161ms step_avg:214.42ms
step:3770/4740 train_time:808484ms step_avg:214.45ms
step:3771/4740 train_time:808666ms step_avg:214.44ms
step:3772/4740 train_time:808988ms step_avg:214.47ms
step:3773/4740 train_time:809170ms step_avg:214.46ms
step:3774/4740 train_time:809492ms step_avg:214.49ms
step:3775/4740 train_time:809679ms step_avg:214.48ms
step:3776/4740 train_time:810006ms step_avg:214.51ms
step:3777/4740 train_time:810184ms step_avg:214.50ms
step:3778/4740 train_time:810509ms step_avg:214.53ms
step:3779/4740 train_time:810692ms step_avg:214.53ms
step:3780/4740 train_time:811019ms step_avg:214.56ms
step:3781/4740 train_time:811201ms step_avg:214.55ms
step:3782/4740 train_time:811523ms step_avg:214.58ms
step:3783/4740 train_time:811704ms step_avg:214.57ms
step:3784/4740 train_time:812026ms step_avg:214.59ms
step:3785/4740 train_time:812212ms step_avg:214.59ms
step:3786/4740 train_time:812529ms step_avg:214.61ms
step:3787/4740 train_time:812719ms step_avg:214.61ms
step:3788/4740 train_time:813039ms step_avg:214.64ms
step:3789/4740 train_time:813224ms step_avg:214.63ms
step:3790/4740 train_time:813549ms step_avg:214.66ms
step:3791/4740 train_time:813736ms step_avg:214.65ms
step:3792/4740 train_time:814058ms step_avg:214.68ms
step:3793/4740 train_time:814241ms step_avg:214.67ms
step:3794/4740 train_time:814565ms step_avg:214.70ms
step:3795/4740 train_time:814749ms step_avg:214.69ms
step:3796/4740 train_time:815071ms step_avg:214.72ms
step:3797/4740 train_time:815252ms step_avg:214.71ms
step:3798/4740 train_time:815578ms step_avg:214.74ms
step:3799/4740 train_time:815760ms step_avg:214.73ms
step:3800/4740 train_time:816086ms step_avg:214.76ms
step:3801/4740 train_time:816267ms step_avg:214.75ms
step:3802/4740 train_time:816588ms step_avg:214.78ms
step:3803/4740 train_time:816770ms step_avg:214.77ms
step:3804/4740 train_time:817101ms step_avg:214.80ms
step:3805/4740 train_time:817280ms step_avg:214.79ms
step:3806/4740 train_time:817602ms step_avg:214.82ms
step:3807/4740 train_time:817785ms step_avg:214.81ms
step:3808/4740 train_time:818112ms step_avg:214.84ms
step:3809/4740 train_time:818294ms step_avg:214.83ms
step:3810/4740 train_time:818615ms step_avg:214.86ms
step:3811/4740 train_time:818799ms step_avg:214.85ms
step:3812/4740 train_time:819120ms step_avg:214.88ms
step:3813/4740 train_time:819302ms step_avg:214.87ms
step:3814/4740 train_time:819623ms step_avg:214.90ms
step:3815/4740 train_time:819811ms step_avg:214.89ms
step:3816/4740 train_time:820132ms step_avg:214.92ms
step:3817/4740 train_time:820315ms step_avg:214.91ms
step:3818/4740 train_time:820637ms step_avg:214.94ms
step:3819/4740 train_time:820822ms step_avg:214.93ms
step:3820/4740 train_time:821146ms step_avg:214.96ms
step:3821/4740 train_time:821325ms step_avg:214.95ms
step:3822/4740 train_time:821646ms step_avg:214.98ms
step:3823/4740 train_time:821835ms step_avg:214.97ms
step:3824/4740 train_time:822160ms step_avg:215.00ms
step:3825/4740 train_time:822338ms step_avg:214.99ms
step:3826/4740 train_time:822665ms step_avg:215.02ms
step:3827/4740 train_time:822852ms step_avg:215.01ms
step:3828/4740 train_time:823173ms step_avg:215.04ms
step:3829/4740 train_time:823358ms step_avg:215.03ms
step:3830/4740 train_time:823678ms step_avg:215.06ms
step:3831/4740 train_time:823865ms step_avg:215.05ms
step:3832/4740 train_time:824189ms step_avg:215.08ms
step:3833/4740 train_time:824369ms step_avg:215.07ms
step:3834/4740 train_time:824689ms step_avg:215.10ms
step:3835/4740 train_time:824875ms step_avg:215.09ms
step:3836/4740 train_time:825197ms step_avg:215.12ms
step:3837/4740 train_time:825382ms step_avg:215.11ms
step:3838/4740 train_time:825709ms step_avg:215.14ms
step:3839/4740 train_time:825888ms step_avg:215.13ms
step:3840/4740 train_time:826210ms step_avg:215.16ms
step:3841/4740 train_time:826392ms step_avg:215.15ms
step:3842/4740 train_time:826716ms step_avg:215.18ms
step:3843/4740 train_time:826898ms step_avg:215.17ms
step:3844/4740 train_time:827224ms step_avg:215.20ms
step:3845/4740 train_time:827407ms step_avg:215.19ms
step:3846/4740 train_time:827732ms step_avg:215.22ms
step:3847/4740 train_time:827913ms step_avg:215.21ms
step:3848/4740 train_time:828238ms step_avg:215.24ms
step:3849/4740 train_time:828420ms step_avg:215.23ms
step:3850/4740 train_time:828745ms step_avg:215.26ms
step:3851/4740 train_time:828927ms step_avg:215.25ms
step:3852/4740 train_time:829249ms step_avg:215.28ms
step:3853/4740 train_time:829431ms step_avg:215.27ms
step:3854/4740 train_time:829752ms step_avg:215.30ms
step:3855/4740 train_time:829939ms step_avg:215.29ms
step:3856/4740 train_time:830260ms step_avg:215.32ms
step:3857/4740 train_time:830443ms step_avg:215.31ms
step:3858/4740 train_time:830767ms step_avg:215.34ms
step:3859/4740 train_time:830953ms step_avg:215.33ms
step:3860/4740 train_time:831273ms step_avg:215.36ms
step:3861/4740 train_time:831459ms step_avg:215.35ms
step:3862/4740 train_time:831780ms step_avg:215.38ms
step:3863/4740 train_time:831969ms step_avg:215.37ms
step:3864/4740 train_time:832291ms step_avg:215.40ms
step:3865/4740 train_time:832478ms step_avg:215.39ms
step:3866/4740 train_time:832805ms step_avg:215.42ms
step:3867/4740 train_time:832982ms step_avg:215.41ms
step:3868/4740 train_time:833304ms step_avg:215.44ms
step:3869/4740 train_time:833485ms step_avg:215.43ms
step:3870/4740 train_time:833810ms step_avg:215.45ms
step:3871/4740 train_time:833991ms step_avg:215.45ms
step:3872/4740 train_time:834318ms step_avg:215.47ms
step:3873/4740 train_time:834501ms step_avg:215.47ms
step:3874/4740 train_time:834825ms step_avg:215.49ms
step:3875/4740 train_time:835012ms step_avg:215.49ms
step:3876/4740 train_time:835333ms step_avg:215.51ms
step:3877/4740 train_time:835516ms step_avg:215.51ms
step:3878/4740 train_time:835841ms step_avg:215.53ms
step:3879/4740 train_time:836023ms step_avg:215.53ms
step:3880/4740 train_time:836345ms step_avg:215.55ms
step:3881/4740 train_time:836531ms step_avg:215.55ms
step:3882/4740 train_time:836855ms step_avg:215.57ms
step:3883/4740 train_time:837039ms step_avg:215.56ms
step:3884/4740 train_time:837359ms step_avg:215.59ms
step:3885/4740 train_time:837545ms step_avg:215.58ms
step:3886/4740 train_time:837867ms step_avg:215.61ms
step:3887/4740 train_time:838051ms step_avg:215.60ms
step:3888/4740 train_time:838376ms step_avg:215.63ms
step:3889/4740 train_time:838557ms step_avg:215.62ms
step:3890/4740 train_time:838877ms step_avg:215.65ms
step:3891/4740 train_time:839061ms step_avg:215.64ms
step:3892/4740 train_time:839384ms step_avg:215.67ms
step:3893/4740 train_time:839569ms step_avg:215.66ms
step:3894/4740 train_time:839890ms step_avg:215.69ms
step:3895/4740 train_time:840074ms step_avg:215.68ms
step:3896/4740 train_time:840394ms step_avg:215.71ms
step:3897/4740 train_time:840580ms step_avg:215.70ms
step:3898/4740 train_time:840898ms step_avg:215.73ms
step:3899/4740 train_time:841083ms step_avg:215.72ms
step:3900/4740 train_time:841409ms step_avg:215.75ms
step:3901/4740 train_time:841591ms step_avg:215.74ms
step:3902/4740 train_time:841919ms step_avg:215.77ms
step:3903/4740 train_time:842100ms step_avg:215.76ms
step:3904/4740 train_time:842426ms step_avg:215.79ms
step:3905/4740 train_time:842610ms step_avg:215.78ms
step:3906/4740 train_time:842934ms step_avg:215.80ms
step:3907/4740 train_time:843117ms step_avg:215.80ms
step:3908/4740 train_time:843440ms step_avg:215.82ms
step:3909/4740 train_time:843623ms step_avg:215.82ms
step:3910/4740 train_time:843944ms step_avg:215.84ms
step:3911/4740 train_time:844125ms step_avg:215.83ms
step:3912/4740 train_time:844448ms step_avg:215.86ms
step:3913/4740 train_time:844634ms step_avg:215.85ms
step:3914/4740 train_time:844956ms step_avg:215.88ms
step:3915/4740 train_time:845140ms step_avg:215.87ms
step:3916/4740 train_time:845468ms step_avg:215.90ms
step:3917/4740 train_time:845652ms step_avg:215.89ms
step:3918/4740 train_time:845977ms step_avg:215.92ms
step:3919/4740 train_time:846159ms step_avg:215.91ms
step:3920/4740 train_time:846477ms step_avg:215.94ms
step:3921/4740 train_time:846663ms step_avg:215.93ms
step:3922/4740 train_time:846986ms step_avg:215.96ms
step:3923/4740 train_time:847173ms step_avg:215.95ms
step:3924/4740 train_time:847494ms step_avg:215.98ms
step:3925/4740 train_time:847678ms step_avg:215.97ms
step:3926/4740 train_time:848000ms step_avg:216.00ms
step:3927/4740 train_time:848185ms step_avg:215.99ms
step:3928/4740 train_time:848507ms step_avg:216.02ms
step:3929/4740 train_time:848688ms step_avg:216.01ms
step:3930/4740 train_time:849014ms step_avg:216.03ms
step:3931/4740 train_time:849198ms step_avg:216.03ms
step:3932/4740 train_time:849523ms step_avg:216.05ms
step:3933/4740 train_time:849704ms step_avg:216.04ms
step:3934/4740 train_time:850029ms step_avg:216.07ms
step:3935/4740 train_time:850216ms step_avg:216.07ms
step:3936/4740 train_time:850539ms step_avg:216.09ms
step:3937/4740 train_time:850721ms step_avg:216.08ms
step:3938/4740 train_time:851049ms step_avg:216.11ms
step:3939/4740 train_time:851231ms step_avg:216.10ms
step:3940/4740 train_time:851556ms step_avg:216.13ms
step:3941/4740 train_time:851739ms step_avg:216.12ms
step:3942/4740 train_time:852067ms step_avg:216.15ms
step:3943/4740 train_time:852253ms step_avg:216.14ms
step:3944/4740 train_time:852571ms step_avg:216.17ms
step:3945/4740 train_time:852752ms step_avg:216.16ms
step:3946/4740 train_time:853079ms step_avg:216.19ms
step:3947/4740 train_time:853264ms step_avg:216.18ms
step:3948/4740 train_time:853588ms step_avg:216.21ms
step:3949/4740 train_time:853767ms step_avg:216.20ms
step:3950/4740 train_time:854089ms step_avg:216.22ms
step:3951/4740 train_time:854274ms step_avg:216.22ms
step:3952/4740 train_time:854598ms step_avg:216.24ms
step:3953/4740 train_time:854779ms step_avg:216.24ms
step:3954/4740 train_time:855105ms step_avg:216.26ms
step:3955/4740 train_time:855283ms step_avg:216.25ms
step:3956/4740 train_time:855606ms step_avg:216.28ms
step:3957/4740 train_time:855790ms step_avg:216.27ms
step:3958/4740 train_time:856116ms step_avg:216.30ms
step:3959/4740 train_time:856299ms step_avg:216.29ms
step:3960/4740 train_time:856625ms step_avg:216.32ms
step:3961/4740 train_time:856806ms step_avg:216.31ms
step:3962/4740 train_time:857131ms step_avg:216.34ms
step:3963/4740 train_time:857313ms step_avg:216.33ms
step:3964/4740 train_time:857634ms step_avg:216.36ms
step:3965/4740 train_time:857819ms step_avg:216.35ms
step:3966/4740 train_time:858144ms step_avg:216.38ms
step:3967/4740 train_time:858323ms step_avg:216.37ms
step:3968/4740 train_time:858648ms step_avg:216.39ms
step:3969/4740 train_time:858830ms step_avg:216.38ms
step:3970/4740 train_time:859147ms step_avg:216.41ms
step:3971/4740 train_time:859338ms step_avg:216.40ms
step:3972/4740 train_time:859658ms step_avg:216.43ms
step:3973/4740 train_time:859838ms step_avg:216.42ms
step:3974/4740 train_time:860157ms step_avg:216.45ms
step:3975/4740 train_time:860343ms step_avg:216.44ms
step:3976/4740 train_time:860667ms step_avg:216.47ms
step:3977/4740 train_time:860849ms step_avg:216.46ms
step:3978/4740 train_time:861170ms step_avg:216.48ms
step:3979/4740 train_time:861351ms step_avg:216.47ms
step:3980/4740 train_time:861674ms step_avg:216.50ms
step:3981/4740 train_time:861860ms step_avg:216.49ms
step:3982/4740 train_time:862181ms step_avg:216.52ms
step:3983/4740 train_time:862362ms step_avg:216.51ms
step:3984/4740 train_time:862687ms step_avg:216.54ms
step:3985/4740 train_time:862866ms step_avg:216.53ms
step:3986/4740 train_time:863187ms step_avg:216.55ms
step:3987/4740 train_time:863374ms step_avg:216.55ms
step:3988/4740 train_time:863695ms step_avg:216.57ms
step:3989/4740 train_time:863880ms step_avg:216.57ms
step:3990/4740 train_time:864203ms step_avg:216.59ms
step:3991/4740 train_time:864388ms step_avg:216.58ms
step:3992/4740 train_time:864711ms step_avg:216.61ms
step:3993/4740 train_time:864892ms step_avg:216.60ms
step:3994/4740 train_time:865218ms step_avg:216.63ms
step:3995/4740 train_time:865402ms step_avg:216.62ms
step:3996/4740 train_time:865723ms step_avg:216.65ms
step:3997/4740 train_time:865906ms step_avg:216.64ms
step:3998/4740 train_time:866230ms step_avg:216.67ms
step:3999/4740 train_time:866412ms step_avg:216.66ms
step:4000/4740 train_time:866737ms step_avg:216.68ms
step:4000/4740 val_loss:2.9758 train_time:866861ms step_avg:216.72ms
step:4001/4740 train_time:866918ms step_avg:216.68ms
step:4002/4740 train_time:867247ms step_avg:216.70ms
step:4003/4740 train_time:867432ms step_avg:216.70ms
step:4004/4740 train_time:867749ms step_avg:216.72ms
step:4005/4740 train_time:867933ms step_avg:216.71ms
step:4006/4740 train_time:868262ms step_avg:216.74ms
step:4007/4740 train_time:868448ms step_avg:216.73ms
step:4008/4740 train_time:868769ms step_avg:216.76ms
step:4009/4740 train_time:868948ms step_avg:216.75ms
step:4010/4740 train_time:869274ms step_avg:216.78ms
step:4011/4740 train_time:869458ms step_avg:216.77ms
step:4012/4740 train_time:869783ms step_avg:216.80ms
step:4013/4740 train_time:869963ms step_avg:216.79ms
step:4014/4740 train_time:870290ms step_avg:216.81ms
step:4015/4740 train_time:870476ms step_avg:216.81ms
step:4016/4740 train_time:870797ms step_avg:216.83ms
step:4017/4740 train_time:870978ms step_avg:216.82ms
step:4018/4740 train_time:871304ms step_avg:216.85ms
step:4019/4740 train_time:871490ms step_avg:216.84ms
step:4020/4740 train_time:871814ms step_avg:216.87ms
step:4021/4740 train_time:871992ms step_avg:216.86ms
step:4022/4740 train_time:872317ms step_avg:216.89ms
step:4023/4740 train_time:872500ms step_avg:216.88ms
step:4024/4740 train_time:872821ms step_avg:216.90ms
step:4025/4740 train_time:873003ms step_avg:216.90ms
step:4026/4740 train_time:873324ms step_avg:216.92ms
step:4027/4740 train_time:873508ms step_avg:216.91ms
step:4028/4740 train_time:873829ms step_avg:216.94ms
step:4029/4740 train_time:874014ms step_avg:216.93ms
step:4030/4740 train_time:874339ms step_avg:216.96ms
step:4031/4740 train_time:874524ms step_avg:216.95ms
step:4032/4740 train_time:874847ms step_avg:216.98ms
step:4033/4740 train_time:875031ms step_avg:216.97ms
step:4034/4740 train_time:875353ms step_avg:216.99ms
step:4035/4740 train_time:875535ms step_avg:216.99ms
step:4036/4740 train_time:875859ms step_avg:217.01ms
step:4037/4740 train_time:876046ms step_avg:217.00ms
step:4038/4740 train_time:876371ms step_avg:217.03ms
step:4039/4740 train_time:876558ms step_avg:217.02ms
step:4040/4740 train_time:876878ms step_avg:217.05ms
step:4041/4740 train_time:877064ms step_avg:217.04ms
step:4042/4740 train_time:877388ms step_avg:217.07ms
step:4043/4740 train_time:877574ms step_avg:217.06ms
step:4044/4740 train_time:877896ms step_avg:217.09ms
step:4045/4740 train_time:878077ms step_avg:217.08ms
step:4046/4740 train_time:878401ms step_avg:217.10ms
step:4047/4740 train_time:878584ms step_avg:217.10ms
step:4048/4740 train_time:878906ms step_avg:217.12ms
step:4049/4740 train_time:879090ms step_avg:217.11ms
step:4050/4740 train_time:879411ms step_avg:217.14ms
step:4051/4740 train_time:879599ms step_avg:217.13ms
step:4052/4740 train_time:879919ms step_avg:217.16ms
step:4053/4740 train_time:880103ms step_avg:217.15ms
step:4054/4740 train_time:880428ms step_avg:217.18ms
step:4055/4740 train_time:880611ms step_avg:217.17ms
step:4056/4740 train_time:880932ms step_avg:217.19ms
step:4057/4740 train_time:881120ms step_avg:217.19ms
step:4058/4740 train_time:881444ms step_avg:217.21ms
step:4059/4740 train_time:881628ms step_avg:217.20ms
step:4060/4740 train_time:881952ms step_avg:217.23ms
step:4061/4740 train_time:882135ms step_avg:217.22ms
step:4062/4740 train_time:882460ms step_avg:217.25ms
step:4063/4740 train_time:882642ms step_avg:217.24ms
step:4064/4740 train_time:882966ms step_avg:217.27ms
step:4065/4740 train_time:883148ms step_avg:217.26ms
step:4066/4740 train_time:883473ms step_avg:217.28ms
step:4067/4740 train_time:883656ms step_avg:217.27ms
step:4068/4740 train_time:883978ms step_avg:217.30ms
step:4069/4740 train_time:884161ms step_avg:217.29ms
step:4070/4740 train_time:884482ms step_avg:217.32ms
step:4071/4740 train_time:884668ms step_avg:217.31ms
step:4072/4740 train_time:884993ms step_avg:217.34ms
step:4073/4740 train_time:885171ms step_avg:217.33ms
step:4074/4740 train_time:885492ms step_avg:217.35ms
step:4075/4740 train_time:885680ms step_avg:217.34ms
step:4076/4740 train_time:886002ms step_avg:217.37ms
step:4077/4740 train_time:886188ms step_avg:217.36ms
step:4078/4740 train_time:886511ms step_avg:217.39ms
step:4079/4740 train_time:886695ms step_avg:217.38ms
step:4080/4740 train_time:887017ms step_avg:217.41ms
step:4081/4740 train_time:887202ms step_avg:217.40ms
step:4082/4740 train_time:887526ms step_avg:217.42ms
step:4083/4740 train_time:887707ms step_avg:217.42ms
step:4084/4740 train_time:888030ms step_avg:217.44ms
step:4085/4740 train_time:888210ms step_avg:217.43ms
step:4086/4740 train_time:888536ms step_avg:217.46ms
step:4087/4740 train_time:888720ms step_avg:217.45ms
step:4088/4740 train_time:889041ms step_avg:217.48ms
step:4089/4740 train_time:889224ms step_avg:217.47ms
step:4090/4740 train_time:889548ms step_avg:217.49ms
step:4091/4740 train_time:889734ms step_avg:217.49ms
step:4092/4740 train_time:890053ms step_avg:217.51ms
step:4093/4740 train_time:890239ms step_avg:217.50ms
step:4094/4740 train_time:890563ms step_avg:217.53ms
step:4095/4740 train_time:890746ms step_avg:217.52ms
step:4096/4740 train_time:891073ms step_avg:217.55ms
step:4097/4740 train_time:891257ms step_avg:217.54ms
step:4098/4740 train_time:891579ms step_avg:217.56ms
step:4099/4740 train_time:891760ms step_avg:217.56ms
step:4100/4740 train_time:892086ms step_avg:217.58ms
step:4101/4740 train_time:892269ms step_avg:217.57ms
step:4102/4740 train_time:892592ms step_avg:217.60ms
step:4103/4740 train_time:892774ms step_avg:217.59ms
step:4104/4740 train_time:893100ms step_avg:217.62ms
step:4105/4740 train_time:893284ms step_avg:217.61ms
step:4106/4740 train_time:893605ms step_avg:217.63ms
step:4107/4740 train_time:893786ms step_avg:217.63ms
step:4108/4740 train_time:894110ms step_avg:217.65ms
step:4109/4740 train_time:894294ms step_avg:217.64ms
step:4110/4740 train_time:894618ms step_avg:217.67ms
step:4111/4740 train_time:894796ms step_avg:217.66ms
step:4112/4740 train_time:895117ms step_avg:217.68ms
step:4113/4740 train_time:895303ms step_avg:217.68ms
step:4114/4740 train_time:895627ms step_avg:217.70ms
step:4115/4740 train_time:895809ms step_avg:217.69ms
step:4116/4740 train_time:896131ms step_avg:217.72ms
step:4117/4740 train_time:896314ms step_avg:217.71ms
step:4118/4740 train_time:896634ms step_avg:217.74ms
step:4119/4740 train_time:896820ms step_avg:217.73ms
step:4120/4740 train_time:897142ms step_avg:217.75ms
step:4121/4740 train_time:897325ms step_avg:217.74ms
step:4122/4740 train_time:897649ms step_avg:217.77ms
step:4123/4740 train_time:897832ms step_avg:217.76ms
step:4124/4740 train_time:898153ms step_avg:217.79ms
step:4125/4740 train_time:898334ms step_avg:217.78ms
step:4126/4740 train_time:898656ms step_avg:217.80ms
step:4127/4740 train_time:898842ms step_avg:217.80ms
step:4128/4740 train_time:899162ms step_avg:217.82ms
step:4129/4740 train_time:899347ms step_avg:217.81ms
step:4130/4740 train_time:899668ms step_avg:217.84ms
step:4131/4740 train_time:899856ms step_avg:217.83ms
step:4132/4740 train_time:900178ms step_avg:217.86ms
step:4133/4740 train_time:900365ms step_avg:217.85ms
step:4134/4740 train_time:900690ms step_avg:217.87ms
step:4135/4740 train_time:900876ms step_avg:217.87ms
step:4136/4740 train_time:901194ms step_avg:217.89ms
step:4137/4740 train_time:901379ms step_avg:217.88ms
step:4138/4740 train_time:901704ms step_avg:217.91ms
step:4139/4740 train_time:901887ms step_avg:217.90ms
step:4140/4740 train_time:902212ms step_avg:217.93ms
step:4141/4740 train_time:902391ms step_avg:217.92ms
step:4142/4740 train_time:902718ms step_avg:217.94ms
step:4143/4740 train_time:902901ms step_avg:217.93ms
step:4144/4740 train_time:903222ms step_avg:217.96ms
step:4145/4740 train_time:903404ms step_avg:217.95ms
step:4146/4740 train_time:903727ms step_avg:217.98ms
step:4147/4740 train_time:903912ms step_avg:217.97ms
step:4148/4740 train_time:904236ms step_avg:217.99ms
step:4149/4740 train_time:904418ms step_avg:217.98ms
step:4150/4740 train_time:904742ms step_avg:218.01ms
step:4151/4740 train_time:904929ms step_avg:218.00ms
step:4152/4740 train_time:905251ms step_avg:218.03ms
step:4153/4740 train_time:905432ms step_avg:218.02ms
step:4154/4740 train_time:905761ms step_avg:218.05ms
step:4155/4740 train_time:905943ms step_avg:218.04ms
step:4156/4740 train_time:906269ms step_avg:218.06ms
step:4157/4740 train_time:906453ms step_avg:218.05ms
step:4158/4740 train_time:906774ms step_avg:218.08ms
step:4159/4740 train_time:906960ms step_avg:218.07ms
step:4160/4740 train_time:907284ms step_avg:218.10ms
step:4161/4740 train_time:907463ms step_avg:218.09ms
step:4162/4740 train_time:907790ms step_avg:218.11ms
step:4163/4740 train_time:907978ms step_avg:218.11ms
step:4164/4740 train_time:908299ms step_avg:218.13ms
step:4165/4740 train_time:908484ms step_avg:218.12ms
step:4166/4740 train_time:908809ms step_avg:218.15ms
step:4167/4740 train_time:908995ms step_avg:218.14ms
step:4168/4740 train_time:909318ms step_avg:218.17ms
step:4169/4740 train_time:909501ms step_avg:218.16ms
step:4170/4740 train_time:909822ms step_avg:218.18ms
step:4171/4740 train_time:910008ms step_avg:218.18ms
step:4172/4740 train_time:910335ms step_avg:218.20ms
step:4173/4740 train_time:910517ms step_avg:218.19ms
step:4174/4740 train_time:910841ms step_avg:218.22ms
step:4175/4740 train_time:911026ms step_avg:218.21ms
step:4176/4740 train_time:911353ms step_avg:218.24ms
step:4177/4740 train_time:911531ms step_avg:218.23ms
step:4178/4740 train_time:911855ms step_avg:218.25ms
step:4179/4740 train_time:912036ms step_avg:218.24ms
step:4180/4740 train_time:912362ms step_avg:218.27ms
step:4181/4740 train_time:912546ms step_avg:218.26ms
step:4182/4740 train_time:912869ms step_avg:218.29ms
step:4183/4740 train_time:913055ms step_avg:218.28ms
step:4184/4740 train_time:913378ms step_avg:218.30ms
step:4185/4740 train_time:913562ms step_avg:218.29ms
step:4186/4740 train_time:913888ms step_avg:218.32ms
step:4187/4740 train_time:914067ms step_avg:218.31ms
step:4188/4740 train_time:914388ms step_avg:218.34ms
step:4189/4740 train_time:914568ms step_avg:218.33ms
step:4190/4740 train_time:914892ms step_avg:218.35ms
step:4191/4740 train_time:915076ms step_avg:218.34ms
step:4192/4740 train_time:915397ms step_avg:218.37ms
step:4193/4740 train_time:915580ms step_avg:218.36ms
step:4194/4740 train_time:915902ms step_avg:218.38ms
step:4195/4740 train_time:916082ms step_avg:218.37ms
step:4196/4740 train_time:916406ms step_avg:218.40ms
step:4197/4740 train_time:916591ms step_avg:218.39ms
step:4198/4740 train_time:916912ms step_avg:218.42ms
step:4199/4740 train_time:917103ms step_avg:218.41ms
step:4200/4740 train_time:917425ms step_avg:218.43ms
step:4201/4740 train_time:917607ms step_avg:218.43ms
step:4202/4740 train_time:917927ms step_avg:218.45ms
step:4203/4740 train_time:918117ms step_avg:218.44ms
step:4204/4740 train_time:918441ms step_avg:218.47ms
step:4205/4740 train_time:918624ms step_avg:218.46ms
step:4206/4740 train_time:918946ms step_avg:218.48ms
step:4207/4740 train_time:919133ms step_avg:218.48ms
step:4208/4740 train_time:919456ms step_avg:218.50ms
step:4209/4740 train_time:919639ms step_avg:218.49ms
step:4210/4740 train_time:919965ms step_avg:218.52ms
step:4211/4740 train_time:920146ms step_avg:218.51ms
step:4212/4740 train_time:920467ms step_avg:218.53ms
step:4213/4740 train_time:920650ms step_avg:218.53ms
step:4214/4740 train_time:920972ms step_avg:218.55ms
step:4215/4740 train_time:921158ms step_avg:218.54ms
step:4216/4740 train_time:921479ms step_avg:218.57ms
step:4217/4740 train_time:921664ms step_avg:218.56ms
step:4218/4740 train_time:921986ms step_avg:218.58ms
step:4219/4740 train_time:922172ms step_avg:218.58ms
step:4220/4740 train_time:922499ms step_avg:218.60ms
step:4221/4740 train_time:922682ms step_avg:218.59ms
step:4222/4740 train_time:923001ms step_avg:218.62ms
step:4223/4740 train_time:923186ms step_avg:218.61ms
step:4224/4740 train_time:923509ms step_avg:218.63ms
step:4225/4740 train_time:923693ms step_avg:218.63ms
step:4226/4740 train_time:924011ms step_avg:218.65ms
step:4227/4740 train_time:924195ms step_avg:218.64ms
step:4228/4740 train_time:924519ms step_avg:218.67ms
step:4229/4740 train_time:924699ms step_avg:218.66ms
step:4230/4740 train_time:925021ms step_avg:218.68ms
step:4231/4740 train_time:925208ms step_avg:218.67ms
step:4232/4740 train_time:925532ms step_avg:218.70ms
step:4233/4740 train_time:925722ms step_avg:218.69ms
step:4234/4740 train_time:926041ms step_avg:218.72ms
step:4235/4740 train_time:926224ms step_avg:218.71ms
step:4236/4740 train_time:926545ms step_avg:218.73ms
step:4237/4740 train_time:926725ms step_avg:218.72ms
step:4238/4740 train_time:927049ms step_avg:218.75ms
step:4239/4740 train_time:927232ms step_avg:218.74ms
step:4240/4740 train_time:927556ms step_avg:218.76ms
step:4241/4740 train_time:927739ms step_avg:218.75ms
step:4242/4740 train_time:928062ms step_avg:218.78ms
step:4243/4740 train_time:928242ms step_avg:218.77ms
step:4244/4740 train_time:928561ms step_avg:218.79ms
step:4245/4740 train_time:928750ms step_avg:218.79ms
step:4246/4740 train_time:929071ms step_avg:218.81ms
step:4247/4740 train_time:929259ms step_avg:218.80ms
step:4248/4740 train_time:929581ms step_avg:218.83ms
step:4249/4740 train_time:929765ms step_avg:218.82ms
step:4250/4740 train_time:930088ms step_avg:218.84ms
step:4250/4740 val_loss:2.9539 train_time:930218ms step_avg:218.87ms
step:4251/4740 train_time:930273ms step_avg:218.84ms
step:4252/4740 train_time:930604ms step_avg:218.86ms
step:4253/4740 train_time:930796ms step_avg:218.86ms
step:4254/4740 train_time:931115ms step_avg:218.88ms
step:4255/4740 train_time:931298ms step_avg:218.87ms
step:4256/4740 train_time:931626ms step_avg:218.90ms
step:4257/4740 train_time:931809ms step_avg:218.89ms
step:4258/4740 train_time:932130ms step_avg:218.91ms
step:4259/4740 train_time:932312ms step_avg:218.90ms
step:4260/4740 train_time:932636ms step_avg:218.93ms
step:4261/4740 train_time:932827ms step_avg:218.92ms
step:4262/4740 train_time:933147ms step_avg:218.95ms
step:4263/4740 train_time:933329ms step_avg:218.94ms
step:4264/4740 train_time:933652ms step_avg:218.96ms
step:4265/4740 train_time:933839ms step_avg:218.95ms
step:4266/4740 train_time:934161ms step_avg:218.98ms
step:4267/4740 train_time:934340ms step_avg:218.97ms
step:4268/4740 train_time:934663ms step_avg:218.99ms
step:4269/4740 train_time:934849ms step_avg:218.99ms
step:4270/4740 train_time:935175ms step_avg:219.01ms
step:4271/4740 train_time:935352ms step_avg:219.00ms
step:4272/4740 train_time:935677ms step_avg:219.03ms
step:4273/4740 train_time:935861ms step_avg:219.02ms
step:4274/4740 train_time:936188ms step_avg:219.04ms
step:4275/4740 train_time:936368ms step_avg:219.03ms
step:4276/4740 train_time:936694ms step_avg:219.06ms
step:4277/4740 train_time:936876ms step_avg:219.05ms
step:4278/4740 train_time:937200ms step_avg:219.07ms
step:4279/4740 train_time:937383ms step_avg:219.07ms
step:4280/4740 train_time:937705ms step_avg:219.09ms
step:4281/4740 train_time:937888ms step_avg:219.08ms
step:4282/4740 train_time:938209ms step_avg:219.11ms
step:4283/4740 train_time:938394ms step_avg:219.10ms
step:4284/4740 train_time:938715ms step_avg:219.12ms
step:4285/4740 train_time:938900ms step_avg:219.11ms
step:4286/4740 train_time:939222ms step_avg:219.14ms
step:4287/4740 train_time:939408ms step_avg:219.13ms
step:4288/4740 train_time:939728ms step_avg:219.15ms
step:4289/4740 train_time:939909ms step_avg:219.14ms
step:4290/4740 train_time:940233ms step_avg:219.17ms
step:4291/4740 train_time:940415ms step_avg:219.16ms
step:4292/4740 train_time:940741ms step_avg:219.18ms
step:4293/4740 train_time:940926ms step_avg:219.18ms
step:4294/4740 train_time:941253ms step_avg:219.20ms
step:4295/4740 train_time:941438ms step_avg:219.19ms
step:4296/4740 train_time:941763ms step_avg:219.22ms
step:4297/4740 train_time:941942ms step_avg:219.21ms
step:4298/4740 train_time:942267ms step_avg:219.23ms
step:4299/4740 train_time:942453ms step_avg:219.23ms
step:4300/4740 train_time:942781ms step_avg:219.25ms
step:4301/4740 train_time:942966ms step_avg:219.24ms
step:4302/4740 train_time:943289ms step_avg:219.27ms
step:4303/4740 train_time:943473ms step_avg:219.26ms
step:4304/4740 train_time:943802ms step_avg:219.28ms
step:4305/4740 train_time:943985ms step_avg:219.28ms
step:4306/4740 train_time:944309ms step_avg:219.30ms
step:4307/4740 train_time:944492ms step_avg:219.29ms
step:4308/4740 train_time:944813ms step_avg:219.32ms
step:4309/4740 train_time:945001ms step_avg:219.31ms
step:4310/4740 train_time:945320ms step_avg:219.33ms
step:4311/4740 train_time:945500ms step_avg:219.32ms
step:4312/4740 train_time:945826ms step_avg:219.35ms
step:4313/4740 train_time:946011ms step_avg:219.34ms
step:4314/4740 train_time:946333ms step_avg:219.36ms
step:4315/4740 train_time:946515ms step_avg:219.35ms
step:4316/4740 train_time:946840ms step_avg:219.38ms
step:4317/4740 train_time:947021ms step_avg:219.37ms
step:4318/4740 train_time:947344ms step_avg:219.39ms
step:4319/4740 train_time:947528ms step_avg:219.39ms
step:4320/4740 train_time:947852ms step_avg:219.41ms
step:4321/4740 train_time:948036ms step_avg:219.40ms
step:4322/4740 train_time:948365ms step_avg:219.43ms
step:4323/4740 train_time:948551ms step_avg:219.42ms
step:4324/4740 train_time:948874ms step_avg:219.44ms
step:4325/4740 train_time:949057ms step_avg:219.44ms
step:4326/4740 train_time:949378ms step_avg:219.46ms
step:4327/4740 train_time:949567ms step_avg:219.45ms
step:4328/4740 train_time:949886ms step_avg:219.47ms
step:4329/4740 train_time:950068ms step_avg:219.47ms
step:4330/4740 train_time:950388ms step_avg:219.49ms
step:4331/4740 train_time:950572ms step_avg:219.48ms
step:4332/4740 train_time:950893ms step_avg:219.50ms
step:4333/4740 train_time:951075ms step_avg:219.50ms
step:4334/4740 train_time:951397ms step_avg:219.52ms
step:4335/4740 train_time:951585ms step_avg:219.51ms
step:4336/4740 train_time:951905ms step_avg:219.54ms
step:4337/4740 train_time:952091ms step_avg:219.53ms
step:4338/4740 train_time:952416ms step_avg:219.55ms
step:4339/4740 train_time:952603ms step_avg:219.54ms
step:4340/4740 train_time:952925ms step_avg:219.57ms
step:4341/4740 train_time:953107ms step_avg:219.56ms
step:4342/4740 train_time:953432ms step_avg:219.58ms
step:4343/4740 train_time:953614ms step_avg:219.57ms
step:4344/4740 train_time:953938ms step_avg:219.60ms
step:4345/4740 train_time:954117ms step_avg:219.59ms
step:4346/4740 train_time:954442ms step_avg:219.61ms
step:4347/4740 train_time:954627ms step_avg:219.61ms
step:4348/4740 train_time:954951ms step_avg:219.63ms
step:4349/4740 train_time:955134ms step_avg:219.62ms
step:4350/4740 train_time:955458ms step_avg:219.65ms
step:4351/4740 train_time:955640ms step_avg:219.64ms
step:4352/4740 train_time:955965ms step_avg:219.66ms
step:4353/4740 train_time:956143ms step_avg:219.65ms
step:4354/4740 train_time:956466ms step_avg:219.68ms
step:4355/4740 train_time:956650ms step_avg:219.67ms
step:4356/4740 train_time:956974ms step_avg:219.69ms
step:4357/4740 train_time:957155ms step_avg:219.68ms
step:4358/4740 train_time:957479ms step_avg:219.71ms
step:4359/4740 train_time:957668ms step_avg:219.70ms
step:4360/4740 train_time:957992ms step_avg:219.72ms
step:4361/4740 train_time:958175ms step_avg:219.71ms
step:4362/4740 train_time:958500ms step_avg:219.74ms
step:4363/4740 train_time:958685ms step_avg:219.73ms
step:4364/4740 train_time:959010ms step_avg:219.75ms
step:4365/4740 train_time:959190ms step_avg:219.75ms
step:4366/4740 train_time:959514ms step_avg:219.77ms
step:4367/4740 train_time:959698ms step_avg:219.76ms
step:4368/4740 train_time:960023ms step_avg:219.79ms
step:4369/4740 train_time:960206ms step_avg:219.78ms
step:4370/4740 train_time:960525ms step_avg:219.80ms
step:4371/4740 train_time:960711ms step_avg:219.79ms
step:4372/4740 train_time:961036ms step_avg:219.82ms
step:4373/4740 train_time:961216ms step_avg:219.81ms
step:4374/4740 train_time:961538ms step_avg:219.83ms
step:4375/4740 train_time:961722ms step_avg:219.82ms
step:4376/4740 train_time:962049ms step_avg:219.85ms
step:4377/4740 train_time:962230ms step_avg:219.84ms
step:4378/4740 train_time:962554ms step_avg:219.86ms
step:4379/4740 train_time:962738ms step_avg:219.85ms
step:4380/4740 train_time:963065ms step_avg:219.88ms
step:4381/4740 train_time:963247ms step_avg:219.87ms
step:4382/4740 train_time:963570ms step_avg:219.89ms
step:4383/4740 train_time:963752ms step_avg:219.88ms
step:4384/4740 train_time:964076ms step_avg:219.91ms
step:4385/4740 train_time:964260ms step_avg:219.90ms
step:4386/4740 train_time:964581ms step_avg:219.92ms
step:4387/4740 train_time:964765ms step_avg:219.91ms
step:4388/4740 train_time:965089ms step_avg:219.94ms
step:4389/4740 train_time:965271ms step_avg:219.93ms
step:4390/4740 train_time:965594ms step_avg:219.95ms
step:4391/4740 train_time:965778ms step_avg:219.94ms
step:4392/4740 train_time:966104ms step_avg:219.97ms
step:4393/4740 train_time:966287ms step_avg:219.96ms
step:4394/4740 train_time:966606ms step_avg:219.98ms
step:4395/4740 train_time:966791ms step_avg:219.98ms
step:4396/4740 train_time:967117ms step_avg:220.00ms
step:4397/4740 train_time:967299ms step_avg:219.99ms
step:4398/4740 train_time:967624ms step_avg:220.01ms
step:4399/4740 train_time:967804ms step_avg:220.01ms
step:4400/4740 train_time:968130ms step_avg:220.03ms
step:4401/4740 train_time:968316ms step_avg:220.02ms
step:4402/4740 train_time:968639ms step_avg:220.05ms
step:4403/4740 train_time:968820ms step_avg:220.04ms
step:4404/4740 train_time:969148ms step_avg:220.06ms
step:4405/4740 train_time:969327ms step_avg:220.05ms
step:4406/4740 train_time:969648ms step_avg:220.07ms
step:4407/4740 train_time:969831ms step_avg:220.07ms
step:4408/4740 train_time:970159ms step_avg:220.09ms
step:4409/4740 train_time:970343ms step_avg:220.08ms
step:4410/4740 train_time:970661ms step_avg:220.10ms
step:4411/4740 train_time:970844ms step_avg:220.10ms
step:4412/4740 train_time:971166ms step_avg:220.12ms
step:4413/4740 train_time:971350ms step_avg:220.11ms
step:4414/4740 train_time:971671ms step_avg:220.13ms
step:4415/4740 train_time:971854ms step_avg:220.13ms
step:4416/4740 train_time:972179ms step_avg:220.15ms
step:4417/4740 train_time:972361ms step_avg:220.14ms
step:4418/4740 train_time:972683ms step_avg:220.16ms
step:4419/4740 train_time:972867ms step_avg:220.16ms
step:4420/4740 train_time:973192ms step_avg:220.18ms
step:4421/4740 train_time:973371ms step_avg:220.17ms
step:4422/4740 train_time:973691ms step_avg:220.19ms
step:4423/4740 train_time:973876ms step_avg:220.18ms
step:4424/4740 train_time:974200ms step_avg:220.21ms
step:4425/4740 train_time:974382ms step_avg:220.20ms
step:4426/4740 train_time:974708ms step_avg:220.22ms
step:4427/4740 train_time:974892ms step_avg:220.22ms
step:4428/4740 train_time:975216ms step_avg:220.24ms
step:4429/4740 train_time:975397ms step_avg:220.23ms
step:4430/4740 train_time:975720ms step_avg:220.25ms
step:4431/4740 train_time:975903ms step_avg:220.24ms
step:4432/4740 train_time:976227ms step_avg:220.27ms
step:4433/4740 train_time:976409ms step_avg:220.26ms
step:4434/4740 train_time:976732ms step_avg:220.28ms
step:4435/4740 train_time:976919ms step_avg:220.27ms
step:4436/4740 train_time:977237ms step_avg:220.30ms
step:4437/4740 train_time:977426ms step_avg:220.29ms
step:4438/4740 train_time:977751ms step_avg:220.31ms
step:4439/4740 train_time:977932ms step_avg:220.30ms
step:4440/4740 train_time:978255ms step_avg:220.33ms
step:4441/4740 train_time:978436ms step_avg:220.32ms
step:4442/4740 train_time:978761ms step_avg:220.34ms
step:4443/4740 train_time:978944ms step_avg:220.33ms
step:4444/4740 train_time:979263ms step_avg:220.36ms
step:4445/4740 train_time:979448ms step_avg:220.35ms
step:4446/4740 train_time:979772ms step_avg:220.37ms
step:4447/4740 train_time:979956ms step_avg:220.36ms
step:4448/4740 train_time:980275ms step_avg:220.39ms
step:4449/4740 train_time:980459ms step_avg:220.38ms
step:4450/4740 train_time:980784ms step_avg:220.40ms
step:4451/4740 train_time:980970ms step_avg:220.39ms
step:4452/4740 train_time:981292ms step_avg:220.42ms
step:4453/4740 train_time:981476ms step_avg:220.41ms
step:4454/4740 train_time:981801ms step_avg:220.43ms
step:4455/4740 train_time:981984ms step_avg:220.42ms
step:4456/4740 train_time:982307ms step_avg:220.45ms
step:4457/4740 train_time:982488ms step_avg:220.44ms
step:4458/4740 train_time:982814ms step_avg:220.46ms
step:4459/4740 train_time:982999ms step_avg:220.45ms
step:4460/4740 train_time:983325ms step_avg:220.48ms
step:4461/4740 train_time:983509ms step_avg:220.47ms
step:4462/4740 train_time:983832ms step_avg:220.49ms
step:4463/4740 train_time:984019ms step_avg:220.48ms
step:4464/4740 train_time:984348ms step_avg:220.51ms
step:4465/4740 train_time:984525ms step_avg:220.50ms
step:4466/4740 train_time:984847ms step_avg:220.52ms
step:4467/4740 train_time:985031ms step_avg:220.51ms
step:4468/4740 train_time:985354ms step_avg:220.54ms
step:4469/4740 train_time:985541ms step_avg:220.53ms
step:4470/4740 train_time:985865ms step_avg:220.55ms
step:4471/4740 train_time:986047ms step_avg:220.54ms
step:4472/4740 train_time:986372ms step_avg:220.57ms
step:4473/4740 train_time:986559ms step_avg:220.56ms
step:4474/4740 train_time:986884ms step_avg:220.58ms
step:4475/4740 train_time:987065ms step_avg:220.57ms
step:4476/4740 train_time:987386ms step_avg:220.60ms
step:4477/4740 train_time:987570ms step_avg:220.59ms
step:4478/4740 train_time:987894ms step_avg:220.61ms
step:4479/4740 train_time:988076ms step_avg:220.60ms
step:4480/4740 train_time:988401ms step_avg:220.63ms
step:4481/4740 train_time:988583ms step_avg:220.62ms
step:4482/4740 train_time:988907ms step_avg:220.64ms
step:4483/4740 train_time:989088ms step_avg:220.63ms
step:4484/4740 train_time:989409ms step_avg:220.65ms
step:4485/4740 train_time:989592ms step_avg:220.64ms
step:4486/4740 train_time:989913ms step_avg:220.67ms
step:4487/4740 train_time:990099ms step_avg:220.66ms
step:4488/4740 train_time:990422ms step_avg:220.68ms
step:4489/4740 train_time:990606ms step_avg:220.67ms
step:4490/4740 train_time:990925ms step_avg:220.70ms
step:4491/4740 train_time:991111ms step_avg:220.69ms
step:4492/4740 train_time:991436ms step_avg:220.71ms
step:4493/4740 train_time:991621ms step_avg:220.70ms
step:4494/4740 train_time:991942ms step_avg:220.73ms
step:4495/4740 train_time:992126ms step_avg:220.72ms
step:4496/4740 train_time:992450ms step_avg:220.74ms
step:4497/4740 train_time:992631ms step_avg:220.73ms
step:4498/4740 train_time:992956ms step_avg:220.76ms
step:4499/4740 train_time:993137ms step_avg:220.75ms
step:4500/4740 train_time:993466ms step_avg:220.77ms
step:4500/4740 val_loss:2.9350 train_time:993593ms step_avg:220.80ms
step:4501/4740 train_time:993649ms step_avg:220.76ms
step:4502/4740 train_time:993975ms step_avg:220.79ms
step:4503/4740 train_time:994166ms step_avg:220.78ms
step:4504/4740 train_time:994486ms step_avg:220.80ms
step:4505/4740 train_time:994670ms step_avg:220.79ms
step:4506/4740 train_time:994993ms step_avg:220.82ms
step:4507/4740 train_time:995184ms step_avg:220.81ms
step:4508/4740 train_time:995505ms step_avg:220.83ms
step:4509/4740 train_time:995688ms step_avg:220.82ms
step:4510/4740 train_time:996015ms step_avg:220.85ms
step:4511/4740 train_time:996200ms step_avg:220.84ms
step:4512/4740 train_time:996521ms step_avg:220.86ms
step:4513/4740 train_time:996704ms step_avg:220.85ms
step:4514/4740 train_time:997033ms step_avg:220.88ms
step:4515/4740 train_time:997212ms step_avg:220.87ms
step:4516/4740 train_time:997537ms step_avg:220.89ms
step:4517/4740 train_time:997719ms step_avg:220.88ms
step:4518/4740 train_time:998044ms step_avg:220.90ms
step:4519/4740 train_time:998225ms step_avg:220.90ms
step:4520/4740 train_time:998546ms step_avg:220.92ms
step:4521/4740 train_time:998732ms step_avg:220.91ms
step:4522/4740 train_time:999057ms step_avg:220.93ms
step:4523/4740 train_time:999242ms step_avg:220.92ms
step:4524/4740 train_time:999568ms step_avg:220.95ms
step:4525/4740 train_time:999751ms step_avg:220.94ms
step:4526/4740 train_time:1000074ms step_avg:220.96ms
step:4527/4740 train_time:1000260ms step_avg:220.95ms
step:4528/4740 train_time:1000581ms step_avg:220.98ms
step:4529/4740 train_time:1000765ms step_avg:220.97ms
step:4530/4740 train_time:1001086ms step_avg:220.99ms
step:4531/4740 train_time:1001270ms step_avg:220.98ms
step:4532/4740 train_time:1001594ms step_avg:221.00ms
step:4533/4740 train_time:1001781ms step_avg:221.00ms
step:4534/4740 train_time:1002103ms step_avg:221.02ms
step:4535/4740 train_time:1002285ms step_avg:221.01ms
step:4536/4740 train_time:1002614ms step_avg:221.03ms
step:4537/4740 train_time:1002795ms step_avg:221.03ms
step:4538/4740 train_time:1003121ms step_avg:221.05ms
step:4539/4740 train_time:1003302ms step_avg:221.04ms
step:4540/4740 train_time:1003626ms step_avg:221.06ms
step:4541/4740 train_time:1003811ms step_avg:221.05ms
step:4542/4740 train_time:1004134ms step_avg:221.08ms
step:4543/4740 train_time:1004317ms step_avg:221.07ms
step:4544/4740 train_time:1004639ms step_avg:221.09ms
step:4545/4740 train_time:1004824ms step_avg:221.08ms
step:4546/4740 train_time:1005150ms step_avg:221.11ms
step:4547/4740 train_time:1005336ms step_avg:221.10ms
step:4548/4740 train_time:1005657ms step_avg:221.12ms
step:4549/4740 train_time:1005843ms step_avg:221.11ms
step:4550/4740 train_time:1006169ms step_avg:221.14ms
step:4551/4740 train_time:1006354ms step_avg:221.13ms
step:4552/4740 train_time:1006675ms step_avg:221.15ms
step:4553/4740 train_time:1006856ms step_avg:221.14ms
step:4554/4740 train_time:1007182ms step_avg:221.16ms
step:4555/4740 train_time:1007365ms step_avg:221.16ms
step:4556/4740 train_time:1007691ms step_avg:221.18ms
step:4557/4740 train_time:1007874ms step_avg:221.17ms
step:4558/4740 train_time:1008195ms step_avg:221.19ms
step:4559/4740 train_time:1008388ms step_avg:221.19ms
step:4560/4740 train_time:1008714ms step_avg:221.21ms
step:4561/4740 train_time:1008895ms step_avg:221.20ms
step:4562/4740 train_time:1009216ms step_avg:221.22ms
step:4563/4740 train_time:1009401ms step_avg:221.21ms
step:4564/4740 train_time:1009731ms step_avg:221.24ms
step:4565/4740 train_time:1009918ms step_avg:221.23ms
step:4566/4740 train_time:1010236ms step_avg:221.25ms
step:4567/4740 train_time:1010420ms step_avg:221.24ms
step:4568/4740 train_time:1010743ms step_avg:221.27ms
step:4569/4740 train_time:1010926ms step_avg:221.26ms
step:4570/4740 train_time:1011254ms step_avg:221.28ms
step:4571/4740 train_time:1011436ms step_avg:221.27ms
step:4572/4740 train_time:1011759ms step_avg:221.29ms
step:4573/4740 train_time:1011939ms step_avg:221.29ms
step:4574/4740 train_time:1012259ms step_avg:221.31ms
step:4575/4740 train_time:1012441ms step_avg:221.30ms
step:4576/4740 train_time:1012765ms step_avg:221.32ms
step:4577/4740 train_time:1012945ms step_avg:221.31ms
step:4578/4740 train_time:1013267ms step_avg:221.33ms
step:4579/4740 train_time:1013453ms step_avg:221.33ms
step:4580/4740 train_time:1013776ms step_avg:221.35ms
step:4581/4740 train_time:1013963ms step_avg:221.34ms
step:4582/4740 train_time:1014287ms step_avg:221.36ms
step:4583/4740 train_time:1014470ms step_avg:221.35ms
step:4584/4740 train_time:1014795ms step_avg:221.38ms
step:4585/4740 train_time:1014977ms step_avg:221.37ms
step:4586/4740 train_time:1015301ms step_avg:221.39ms
step:4587/4740 train_time:1015483ms step_avg:221.38ms
step:4588/4740 train_time:1015808ms step_avg:221.41ms
step:4589/4740 train_time:1015990ms step_avg:221.40ms
step:4590/4740 train_time:1016316ms step_avg:221.42ms
step:4591/4740 train_time:1016498ms step_avg:221.41ms
step:4592/4740 train_time:1016826ms step_avg:221.43ms
step:4593/4740 train_time:1017011ms step_avg:221.43ms
step:4594/4740 train_time:1017334ms step_avg:221.45ms
step:4595/4740 train_time:1017520ms step_avg:221.44ms
step:4596/4740 train_time:1017848ms step_avg:221.46ms
step:4597/4740 train_time:1018032ms step_avg:221.46ms
step:4598/4740 train_time:1018354ms step_avg:221.48ms
step:4599/4740 train_time:1018538ms step_avg:221.47ms
step:4600/4740 train_time:1018864ms step_avg:221.49ms
step:4601/4740 train_time:1019047ms step_avg:221.48ms
step:4602/4740 train_time:1019373ms step_avg:221.51ms
step:4603/4740 train_time:1019554ms step_avg:221.50ms
step:4604/4740 train_time:1019878ms step_avg:221.52ms
step:4605/4740 train_time:1020060ms step_avg:221.51ms
step:4606/4740 train_time:1020382ms step_avg:221.53ms
step:4607/4740 train_time:1020566ms step_avg:221.52ms
step:4608/4740 train_time:1020886ms step_avg:221.55ms
step:4609/4740 train_time:1021069ms step_avg:221.54ms
step:4610/4740 train_time:1021394ms step_avg:221.56ms
step:4611/4740 train_time:1021573ms step_avg:221.55ms
step:4612/4740 train_time:1021895ms step_avg:221.57ms
step:4613/4740 train_time:1022077ms step_avg:221.56ms
step:4614/4740 train_time:1022404ms step_avg:221.59ms
step:4615/4740 train_time:1022583ms step_avg:221.58ms
step:4616/4740 train_time:1022908ms step_avg:221.60ms
step:4617/4740 train_time:1023090ms step_avg:221.59ms
step:4618/4740 train_time:1023416ms step_avg:221.61ms
step:4619/4740 train_time:1023598ms step_avg:221.61ms
step:4620/4740 train_time:1023919ms step_avg:221.63ms
step:4621/4740 train_time:1024102ms step_avg:221.62ms
step:4622/4740 train_time:1024426ms step_avg:221.64ms
step:4623/4740 train_time:1024611ms step_avg:221.63ms
step:4624/4740 train_time:1024935ms step_avg:221.66ms
step:4625/4740 train_time:1025117ms step_avg:221.65ms
step:4626/4740 train_time:1025439ms step_avg:221.67ms
step:4627/4740 train_time:1025629ms step_avg:221.66ms
step:4628/4740 train_time:1025953ms step_avg:221.68ms
step:4629/4740 train_time:1026136ms step_avg:221.68ms
step:4630/4740 train_time:1026459ms step_avg:221.70ms
step:4631/4740 train_time:1026645ms step_avg:221.69ms
step:4632/4740 train_time:1026962ms step_avg:221.71ms
step:4633/4740 train_time:1027149ms step_avg:221.70ms
step:4634/4740 train_time:1027475ms step_avg:221.73ms
step:4635/4740 train_time:1027657ms step_avg:221.72ms
step:4636/4740 train_time:1027983ms step_avg:221.74ms
step:4637/4740 train_time:1028167ms step_avg:221.73ms
step:4638/4740 train_time:1028489ms step_avg:221.75ms
step:4639/4740 train_time:1028671ms step_avg:221.74ms
step:4640/4740 train_time:1028998ms step_avg:221.77ms
step:4641/4740 train_time:1029179ms step_avg:221.76ms
step:4642/4740 train_time:1029502ms step_avg:221.78ms
step:4643/4740 train_time:1029685ms step_avg:221.77ms
step:4644/4740 train_time:1030008ms step_avg:221.79ms
step:4645/4740 train_time:1030193ms step_avg:221.79ms
step:4646/4740 train_time:1030518ms step_avg:221.81ms
step:4647/4740 train_time:1030697ms step_avg:221.80ms
step:4648/4740 train_time:1031022ms step_avg:221.82ms
step:4649/4740 train_time:1031201ms step_avg:221.81ms
step:4650/4740 train_time:1031526ms step_avg:221.83ms
step:4651/4740 train_time:1031710ms step_avg:221.83ms
step:4652/4740 train_time:1032037ms step_avg:221.85ms
step:4653/4740 train_time:1032220ms step_avg:221.84ms
step:4654/4740 train_time:1032543ms step_avg:221.86ms
step:4655/4740 train_time:1032726ms step_avg:221.85ms
step:4656/4740 train_time:1033051ms step_avg:221.88ms
step:4657/4740 train_time:1033236ms step_avg:221.87ms
step:4658/4740 train_time:1033558ms step_avg:221.89ms
step:4659/4740 train_time:1033744ms step_avg:221.88ms
step:4660/4740 train_time:1034066ms step_avg:221.90ms
step:4661/4740 train_time:1034248ms step_avg:221.89ms
step:4662/4740 train_time:1034572ms step_avg:221.92ms
step:4663/4740 train_time:1034753ms step_avg:221.91ms
step:4664/4740 train_time:1035075ms step_avg:221.93ms
step:4665/4740 train_time:1035256ms step_avg:221.92ms
step:4666/4740 train_time:1035576ms step_avg:221.94ms
step:4667/4740 train_time:1035763ms step_avg:221.93ms
step:4668/4740 train_time:1036086ms step_avg:221.95ms
step:4669/4740 train_time:1036267ms step_avg:221.95ms
step:4670/4740 train_time:1036594ms step_avg:221.97ms
step:4671/4740 train_time:1036773ms step_avg:221.96ms
step:4672/4740 train_time:1037098ms step_avg:221.98ms
step:4673/4740 train_time:1037283ms step_avg:221.97ms
step:4674/4740 train_time:1037604ms step_avg:221.99ms
step:4675/4740 train_time:1037787ms step_avg:221.99ms
step:4676/4740 train_time:1038108ms step_avg:222.01ms
step:4677/4740 train_time:1038290ms step_avg:222.00ms
step:4678/4740 train_time:1038614ms step_avg:222.02ms
step:4679/4740 train_time:1038798ms step_avg:222.01ms
step:4680/4740 train_time:1039127ms step_avg:222.04ms
step:4681/4740 train_time:1039306ms step_avg:222.03ms
step:4682/4740 train_time:1039629ms step_avg:222.05ms
step:4683/4740 train_time:1039813ms step_avg:222.04ms
step:4684/4740 train_time:1040136ms step_avg:222.06ms
step:4685/4740 train_time:1040322ms step_avg:222.05ms
step:4686/4740 train_time:1040646ms step_avg:222.08ms
step:4687/4740 train_time:1040833ms step_avg:222.07ms
step:4688/4740 train_time:1041158ms step_avg:222.09ms
step:4689/4740 train_time:1041338ms step_avg:222.08ms
step:4690/4740 train_time:1041659ms step_avg:222.10ms
step:4691/4740 train_time:1041845ms step_avg:222.09ms
step:4692/4740 train_time:1042168ms step_avg:222.12ms
step:4693/4740 train_time:1042347ms step_avg:222.11ms
step:4694/4740 train_time:1042669ms step_avg:222.13ms
step:4695/4740 train_time:1042852ms step_avg:222.12ms
step:4696/4740 train_time:1043174ms step_avg:222.14ms
step:4697/4740 train_time:1043355ms step_avg:222.13ms
step:4698/4740 train_time:1043678ms step_avg:222.15ms
step:4699/4740 train_time:1043859ms step_avg:222.14ms
step:4700/4740 train_time:1044179ms step_avg:222.17ms
step:4701/4740 train_time:1044365ms step_avg:222.16ms
step:4702/4740 train_time:1044690ms step_avg:222.18ms
step:4703/4740 train_time:1044876ms step_avg:222.17ms
step:4704/4740 train_time:1045197ms step_avg:222.19ms
step:4705/4740 train_time:1045387ms step_avg:222.19ms
step:4706/4740 train_time:1045712ms step_avg:222.21ms
step:4707/4740 train_time:1045897ms step_avg:222.20ms
step:4708/4740 train_time:1046215ms step_avg:222.22ms
step:4709/4740 train_time:1046405ms step_avg:222.21ms
step:4710/4740 train_time:1046729ms step_avg:222.24ms
step:4711/4740 train_time:1046914ms step_avg:222.23ms
step:4712/4740 train_time:1047234ms step_avg:222.25ms
step:4713/4740 train_time:1047423ms step_avg:222.24ms
step:4714/4740 train_time:1047748ms step_avg:222.26ms
step:4715/4740 train_time:1047931ms step_avg:222.25ms
step:4716/4740 train_time:1048255ms step_avg:222.28ms
step:4717/4740 train_time:1048438ms step_avg:222.27ms
step:4718/4740 train_time:1048766ms step_avg:222.29ms
step:4719/4740 train_time:1048947ms step_avg:222.28ms
step:4720/4740 train_time:1049271ms step_avg:222.30ms
step:4721/4740 train_time:1049453ms step_avg:222.29ms
step:4722/4740 train_time:1049776ms step_avg:222.32ms
step:4723/4740 train_time:1049968ms step_avg:222.31ms
step:4724/4740 train_time:1050289ms step_avg:222.33ms
step:4725/4740 train_time:1050471ms step_avg:222.32ms
step:4726/4740 train_time:1050792ms step_avg:222.34ms
step:4727/4740 train_time:1050979ms step_avg:222.34ms
step:4728/4740 train_time:1051301ms step_avg:222.36ms
step:4729/4740 train_time:1051485ms step_avg:222.35ms
step:4730/4740 train_time:1051807ms step_avg:222.37ms
step:4731/4740 train_time:1051993ms step_avg:222.36ms
step:4732/4740 train_time:1052318ms step_avg:222.38ms
step:4733/4740 train_time:1052502ms step_avg:222.38ms
step:4734/4740 train_time:1052829ms step_avg:222.40ms
step:4735/4740 train_time:1053009ms step_avg:222.39ms
step:4736/4740 train_time:1053333ms step_avg:222.41ms
step:4737/4740 train_time:1053518ms step_avg:222.40ms
step:4738/4740 train_time:1053840ms step_avg:222.42ms
step:4739/4740 train_time:1054024ms step_avg:222.41ms
step:4740/4740 train_time:1054345ms step_avg:222.44ms
step:4740/4740 val_loss:2.9219 train_time:1054475ms step_avg:222.46ms
peak memory allocated: 57397 MiB reserved: 61872 MiB
