W0208 22:18:33.045000 2179422 torch/distributed/run.py:852] 
W0208 22:18:33.045000 2179422 torch/distributed/run.py:852] *****************************************
W0208 22:18:33.045000 2179422 torch/distributed/run.py:852] Setting OMP_NUM_THREADS environment variable for each process to be 1 in default, to avoid your system being overloaded, please further tune the variable for optimal performance in your application as needed. 
W0208 22:18:33.045000 2179422 torch/distributed/run.py:852] *****************************************
Fetching 4 files:   0%|          | 0/4 [00:00<?, ?it/s]Fetching 4 files: 100%|██████████| 4/4 [00:00<00:00, 60133.39it/s]
Fetching 4 files:   0%|          | 0/4 [00:00<?, ?it/s]Fetching 4 files: 100%|██████████| 4/4 [00:00<00:00, 8148.24it/s]
Fetching 4 files:   0%|          | 0/4 [00:00<?, ?it/s]Fetching 4 files: 100%|██████████| 4/4 [00:00<00:00, 14979.66it/s]
Fetching 4 files:   0%|          | 0/4 [00:00<?, ?it/s]Fetching 4 files: 100%|██████████| 4/4 [00:00<00:00, 14614.30it/s]
Fetching 4 files:   0%|          | 0/4 [00:00<?, ?it/s]Fetching 4 files: 100%|██████████| 4/4 [00:00<00:00, 13573.80it/s]
Fetching 4 files:   0%|          | 0/4 [00:00<?, ?it/s]Fetching 4 files: 100%|██████████| 4/4 [00:00<00:00, 33288.13it/s]
Fetching 4 files:   0%|          | 0/4 [00:00<?, ?it/s]Fetching 4 files: 100%|██████████| 4/4 [00:00<00:00, 65793.00it/s]
Fetching 4 files:   0%|          | 0/4 [00:00<?, ?it/s]Fetching 4 files: 100%|██████████| 4/4 [00:00<00:00, 16810.84it/s]
logs/sweep_muon0.008_cd0.50.txt
74
Compiling model and warming up kernels (~7 minutes on first execution)
Sampling steps [0, 1, 391, 392, 393, 783, 784, 785, 1174, 1175, 1176, 1566, 1567, 1568, 1958, 1959, 1960, 2349, 2350, 2351, 2741, 2742, 2743, 3133, 3134, 3135] for warmup
Resetting Model
step:0/4740 val_loss:10.8309 train_time:0ms step_avg:0.06ms
step:1/4740 train_time:94ms step_avg:93.81ms
step:2/4740 train_time:157ms step_avg:78.26ms
step:3/4740 train_time:215ms step_avg:71.53ms
step:4/4740 train_time:300ms step_avg:75.05ms
step:5/4740 train_time:360ms step_avg:71.99ms
step:6/4740 train_time:445ms step_avg:74.16ms
step:7/4740 train_time:504ms step_avg:72.06ms
step:8/4740 train_time:590ms step_avg:73.73ms
step:9/4740 train_time:649ms step_avg:72.08ms
step:10/4740 train_time:734ms step_avg:73.44ms
step:11/4740 train_time:793ms step_avg:72.09ms
step:12/4740 train_time:879ms step_avg:73.22ms
step:13/4740 train_time:937ms step_avg:72.10ms
step:14/4740 train_time:1023ms step_avg:73.10ms
step:15/4740 train_time:1084ms step_avg:72.27ms
step:16/4740 train_time:1171ms step_avg:73.18ms
step:17/4740 train_time:1232ms step_avg:72.44ms
step:18/4740 train_time:1318ms step_avg:73.23ms
step:19/4740 train_time:1378ms step_avg:72.51ms
step:20/4740 train_time:1463ms step_avg:73.17ms
step:21/4740 train_time:1523ms step_avg:72.52ms
step:22/4740 train_time:1609ms step_avg:73.14ms
step:23/4740 train_time:1668ms step_avg:72.51ms
step:24/4740 train_time:1754ms step_avg:73.07ms
step:25/4740 train_time:1813ms step_avg:72.52ms
step:26/4740 train_time:1899ms step_avg:73.03ms
step:27/4740 train_time:1959ms step_avg:72.54ms
step:28/4740 train_time:2045ms step_avg:73.03ms
step:29/4740 train_time:2105ms step_avg:72.57ms
step:30/4740 train_time:2191ms step_avg:73.05ms
step:31/4740 train_time:2252ms step_avg:72.63ms
step:32/4740 train_time:2338ms step_avg:73.06ms
step:33/4740 train_time:2397ms step_avg:72.64ms
step:34/4740 train_time:2483ms step_avg:73.03ms
step:35/4740 train_time:2543ms step_avg:72.65ms
step:36/4740 train_time:2629ms step_avg:73.03ms
step:37/4740 train_time:2689ms step_avg:72.67ms
step:38/4740 train_time:2776ms step_avg:73.05ms
step:39/4740 train_time:2835ms step_avg:72.69ms
step:40/4740 train_time:2921ms step_avg:73.01ms
step:41/4740 train_time:2980ms step_avg:72.67ms
step:42/4740 train_time:3066ms step_avg:72.99ms
step:43/4740 train_time:3125ms step_avg:72.68ms
step:44/4740 train_time:3211ms step_avg:72.98ms
step:45/4740 train_time:3271ms step_avg:72.69ms
step:46/4740 train_time:3358ms step_avg:72.99ms
step:47/4740 train_time:3417ms step_avg:72.71ms
step:48/4740 train_time:3503ms step_avg:72.99ms
step:49/4740 train_time:3564ms step_avg:72.73ms
step:50/4740 train_time:3650ms step_avg:73.00ms
step:51/4740 train_time:3709ms step_avg:72.73ms
step:52/4740 train_time:3797ms step_avg:73.01ms
step:53/4740 train_time:3856ms step_avg:72.76ms
step:54/4740 train_time:3942ms step_avg:73.00ms
step:55/4740 train_time:4003ms step_avg:72.77ms
step:56/4740 train_time:4088ms step_avg:73.01ms
step:57/4740 train_time:4148ms step_avg:72.76ms
step:58/4740 train_time:4234ms step_avg:73.00ms
step:59/4740 train_time:4293ms step_avg:72.76ms
step:60/4740 train_time:4379ms step_avg:72.98ms
step:61/4740 train_time:4439ms step_avg:72.77ms
step:62/4740 train_time:4524ms step_avg:72.98ms
step:63/4740 train_time:4584ms step_avg:72.77ms
step:64/4740 train_time:4670ms step_avg:72.97ms
step:65/4740 train_time:4730ms step_avg:72.77ms
step:66/4740 train_time:4816ms step_avg:72.98ms
step:67/4740 train_time:4876ms step_avg:72.77ms
step:68/4740 train_time:4962ms step_avg:72.97ms
step:69/4740 train_time:5022ms step_avg:72.78ms
step:70/4740 train_time:5108ms step_avg:72.98ms
step:71/4740 train_time:5169ms step_avg:72.80ms
step:72/4740 train_time:5255ms step_avg:72.99ms
step:73/4740 train_time:5314ms step_avg:72.80ms
step:74/4740 train_time:5400ms step_avg:72.98ms
step:75/4740 train_time:5459ms step_avg:72.79ms
step:76/4740 train_time:5545ms step_avg:72.97ms
step:77/4740 train_time:5605ms step_avg:72.80ms
step:78/4740 train_time:5692ms step_avg:72.97ms
step:79/4740 train_time:5752ms step_avg:72.81ms
step:80/4740 train_time:5838ms step_avg:72.98ms
step:81/4740 train_time:5898ms step_avg:72.81ms
step:82/4740 train_time:5984ms step_avg:72.97ms
step:83/4740 train_time:6045ms step_avg:72.83ms
step:84/4740 train_time:6130ms step_avg:72.98ms
step:85/4740 train_time:6190ms step_avg:72.83ms
step:86/4740 train_time:6277ms step_avg:72.98ms
step:87/4740 train_time:6336ms step_avg:72.83ms
step:88/4740 train_time:6422ms step_avg:72.98ms
step:89/4740 train_time:6482ms step_avg:72.83ms
step:90/4740 train_time:6568ms step_avg:72.97ms
step:91/4740 train_time:6627ms step_avg:72.82ms
step:92/4740 train_time:6714ms step_avg:72.98ms
step:93/4740 train_time:6774ms step_avg:72.83ms
step:94/4740 train_time:6860ms step_avg:72.98ms
step:95/4740 train_time:6921ms step_avg:72.85ms
step:96/4740 train_time:7006ms step_avg:72.98ms
step:97/4740 train_time:7066ms step_avg:72.84ms
step:98/4740 train_time:7152ms step_avg:72.98ms
step:99/4740 train_time:7212ms step_avg:72.85ms
step:100/4740 train_time:7298ms step_avg:72.98ms
step:101/4740 train_time:7358ms step_avg:72.85ms
step:102/4740 train_time:7444ms step_avg:72.98ms
step:103/4740 train_time:7505ms step_avg:72.86ms
step:104/4740 train_time:7591ms step_avg:72.99ms
step:105/4740 train_time:7651ms step_avg:72.86ms
step:106/4740 train_time:7737ms step_avg:72.99ms
step:107/4740 train_time:7796ms step_avg:72.86ms
step:108/4740 train_time:7882ms step_avg:72.98ms
step:109/4740 train_time:7943ms step_avg:72.87ms
step:110/4740 train_time:8029ms step_avg:72.99ms
step:111/4740 train_time:8089ms step_avg:72.87ms
step:112/4740 train_time:8175ms step_avg:72.99ms
step:113/4740 train_time:8235ms step_avg:72.88ms
step:114/4740 train_time:8322ms step_avg:73.00ms
step:115/4740 train_time:8382ms step_avg:72.88ms
step:116/4740 train_time:8469ms step_avg:73.01ms
step:117/4740 train_time:8528ms step_avg:72.89ms
step:118/4740 train_time:8614ms step_avg:73.00ms
step:119/4740 train_time:8673ms step_avg:72.89ms
step:120/4740 train_time:8760ms step_avg:73.00ms
step:121/4740 train_time:8820ms step_avg:72.89ms
step:122/4740 train_time:8906ms step_avg:73.00ms
step:123/4740 train_time:8965ms step_avg:72.89ms
step:124/4740 train_time:9052ms step_avg:73.00ms
step:125/4740 train_time:9111ms step_avg:72.89ms
step:126/4740 train_time:9198ms step_avg:73.00ms
step:127/4740 train_time:9257ms step_avg:72.89ms
step:128/4740 train_time:9343ms step_avg:72.99ms
step:129/4740 train_time:9403ms step_avg:72.89ms
step:130/4740 train_time:9490ms step_avg:73.00ms
step:131/4740 train_time:9550ms step_avg:72.90ms
step:132/4740 train_time:9636ms step_avg:73.00ms
step:133/4740 train_time:9695ms step_avg:72.89ms
step:134/4740 train_time:9780ms step_avg:72.99ms
step:135/4740 train_time:9840ms step_avg:72.89ms
step:136/4740 train_time:9926ms step_avg:72.98ms
step:137/4740 train_time:9985ms step_avg:72.89ms
step:138/4740 train_time:10072ms step_avg:72.99ms
step:139/4740 train_time:10132ms step_avg:72.89ms
step:140/4740 train_time:10218ms step_avg:72.99ms
step:141/4740 train_time:10278ms step_avg:72.90ms
step:142/4740 train_time:10365ms step_avg:72.99ms
step:143/4740 train_time:10424ms step_avg:72.89ms
step:144/4740 train_time:10511ms step_avg:72.99ms
step:145/4740 train_time:10571ms step_avg:72.90ms
step:146/4740 train_time:10658ms step_avg:73.00ms
step:147/4740 train_time:10717ms step_avg:72.90ms
step:148/4740 train_time:10803ms step_avg:72.99ms
step:149/4740 train_time:10864ms step_avg:72.91ms
step:150/4740 train_time:10950ms step_avg:73.00ms
step:151/4740 train_time:11009ms step_avg:72.91ms
step:152/4740 train_time:11095ms step_avg:72.99ms
step:153/4740 train_time:11154ms step_avg:72.91ms
step:154/4740 train_time:11241ms step_avg:72.99ms
step:155/4740 train_time:11301ms step_avg:72.91ms
step:156/4740 train_time:11387ms step_avg:72.99ms
step:157/4740 train_time:11447ms step_avg:72.91ms
step:158/4740 train_time:11535ms step_avg:73.00ms
step:159/4740 train_time:11594ms step_avg:72.92ms
step:160/4740 train_time:11680ms step_avg:73.00ms
step:161/4740 train_time:11740ms step_avg:72.92ms
step:162/4740 train_time:11826ms step_avg:73.00ms
step:163/4740 train_time:11886ms step_avg:72.92ms
step:164/4740 train_time:11972ms step_avg:73.00ms
step:165/4740 train_time:12031ms step_avg:72.92ms
step:166/4740 train_time:12118ms step_avg:73.00ms
step:167/4740 train_time:12177ms step_avg:72.92ms
step:168/4740 train_time:12263ms step_avg:72.99ms
step:169/4740 train_time:12323ms step_avg:72.92ms
step:170/4740 train_time:12409ms step_avg:72.99ms
step:171/4740 train_time:12468ms step_avg:72.92ms
step:172/4740 train_time:12555ms step_avg:73.00ms
step:173/4740 train_time:12615ms step_avg:72.92ms
step:174/4740 train_time:12702ms step_avg:73.00ms
step:175/4740 train_time:12762ms step_avg:72.92ms
step:176/4740 train_time:12848ms step_avg:73.00ms
step:177/4740 train_time:12908ms step_avg:72.92ms
step:178/4740 train_time:12994ms step_avg:73.00ms
step:179/4740 train_time:13054ms step_avg:72.93ms
step:180/4740 train_time:13140ms step_avg:73.00ms
step:181/4740 train_time:13200ms step_avg:72.93ms
step:182/4740 train_time:13287ms step_avg:73.00ms
step:183/4740 train_time:13347ms step_avg:72.93ms
step:184/4740 train_time:13434ms step_avg:73.01ms
step:185/4740 train_time:13493ms step_avg:72.93ms
step:186/4740 train_time:13579ms step_avg:73.01ms
step:187/4740 train_time:13639ms step_avg:72.94ms
step:188/4740 train_time:13726ms step_avg:73.01ms
step:189/4740 train_time:13785ms step_avg:72.94ms
step:190/4740 train_time:13871ms step_avg:73.01ms
step:191/4740 train_time:13931ms step_avg:72.94ms
step:192/4740 train_time:14017ms step_avg:73.01ms
step:193/4740 train_time:14077ms step_avg:72.94ms
step:194/4740 train_time:14163ms step_avg:73.00ms
step:195/4740 train_time:14223ms step_avg:72.94ms
step:196/4740 train_time:14309ms step_avg:73.01ms
step:197/4740 train_time:14368ms step_avg:72.94ms
step:198/4740 train_time:14455ms step_avg:73.01ms
step:199/4740 train_time:14514ms step_avg:72.94ms
step:200/4740 train_time:14600ms step_avg:73.00ms
step:201/4740 train_time:14660ms step_avg:72.94ms
step:202/4740 train_time:14747ms step_avg:73.00ms
step:203/4740 train_time:14807ms step_avg:72.94ms
step:204/4740 train_time:14892ms step_avg:73.00ms
step:205/4740 train_time:14953ms step_avg:72.94ms
step:206/4740 train_time:15039ms step_avg:73.00ms
step:207/4740 train_time:15098ms step_avg:72.94ms
step:208/4740 train_time:15184ms step_avg:73.00ms
step:209/4740 train_time:15244ms step_avg:72.94ms
step:210/4740 train_time:15330ms step_avg:73.00ms
step:211/4740 train_time:15390ms step_avg:72.94ms
step:212/4740 train_time:15478ms step_avg:73.01ms
step:213/4740 train_time:15537ms step_avg:72.94ms
step:214/4740 train_time:15623ms step_avg:73.00ms
step:215/4740 train_time:15682ms step_avg:72.94ms
step:216/4740 train_time:15768ms step_avg:73.00ms
step:217/4740 train_time:15828ms step_avg:72.94ms
step:218/4740 train_time:15914ms step_avg:73.00ms
step:219/4740 train_time:15974ms step_avg:72.94ms
step:220/4740 train_time:16060ms step_avg:73.00ms
step:221/4740 train_time:16119ms step_avg:72.94ms
step:222/4740 train_time:16205ms step_avg:73.00ms
step:223/4740 train_time:16265ms step_avg:72.94ms
step:224/4740 train_time:16352ms step_avg:73.00ms
step:225/4740 train_time:16410ms step_avg:72.94ms
step:226/4740 train_time:16497ms step_avg:73.00ms
step:227/4740 train_time:16557ms step_avg:72.94ms
step:228/4740 train_time:16643ms step_avg:72.99ms
step:229/4740 train_time:16702ms step_avg:72.93ms
step:230/4740 train_time:16787ms step_avg:72.99ms
step:231/4740 train_time:16847ms step_avg:72.93ms
step:232/4740 train_time:16933ms step_avg:72.99ms
step:233/4740 train_time:16993ms step_avg:72.93ms
step:234/4740 train_time:17079ms step_avg:72.99ms
step:235/4740 train_time:17138ms step_avg:72.93ms
step:236/4740 train_time:17225ms step_avg:72.99ms
step:237/4740 train_time:17285ms step_avg:72.93ms
step:238/4740 train_time:17370ms step_avg:72.98ms
step:239/4740 train_time:17429ms step_avg:72.93ms
step:240/4740 train_time:17516ms step_avg:72.98ms
step:241/4740 train_time:17576ms step_avg:72.93ms
step:242/4740 train_time:17662ms step_avg:72.98ms
step:243/4740 train_time:17722ms step_avg:72.93ms
step:244/4740 train_time:17808ms step_avg:72.98ms
step:245/4740 train_time:17867ms step_avg:72.93ms
step:246/4740 train_time:17955ms step_avg:72.99ms
step:247/4740 train_time:18014ms step_avg:72.93ms
step:248/4740 train_time:18099ms step_avg:72.98ms
step:249/4740 train_time:18160ms step_avg:72.93ms
step:250/4740 train_time:18245ms step_avg:72.98ms
step:250/4740 val_loss:4.5663 train_time:18291ms step_avg:73.17ms
step:251/4740 train_time:18320ms step_avg:72.99ms
step:252/4740 train_time:18394ms step_avg:72.99ms
step:253/4740 train_time:18453ms step_avg:72.94ms
step:254/4740 train_time:18538ms step_avg:72.99ms
step:255/4740 train_time:18600ms step_avg:72.94ms
step:256/4740 train_time:18687ms step_avg:73.00ms
step:257/4740 train_time:18747ms step_avg:72.95ms
step:258/4740 train_time:18834ms step_avg:73.00ms
step:259/4740 train_time:18894ms step_avg:72.95ms
step:260/4740 train_time:18980ms step_avg:73.00ms
step:261/4740 train_time:19039ms step_avg:72.95ms
step:262/4740 train_time:19125ms step_avg:73.00ms
step:263/4740 train_time:19185ms step_avg:72.95ms
step:264/4740 train_time:19272ms step_avg:73.00ms
step:265/4740 train_time:19330ms step_avg:72.94ms
step:266/4740 train_time:19417ms step_avg:73.00ms
step:267/4740 train_time:19476ms step_avg:72.94ms
step:268/4740 train_time:19562ms step_avg:72.99ms
step:269/4740 train_time:19622ms step_avg:72.94ms
step:270/4740 train_time:19708ms step_avg:72.99ms
step:271/4740 train_time:19770ms step_avg:72.95ms
step:272/4740 train_time:19857ms step_avg:73.00ms
step:273/4740 train_time:19916ms step_avg:72.95ms
step:274/4740 train_time:20002ms step_avg:73.00ms
step:275/4740 train_time:20062ms step_avg:72.95ms
step:276/4740 train_time:20147ms step_avg:73.00ms
step:277/4740 train_time:20208ms step_avg:72.95ms
step:278/4740 train_time:20293ms step_avg:73.00ms
step:279/4740 train_time:20353ms step_avg:72.95ms
step:280/4740 train_time:20439ms step_avg:73.00ms
step:281/4740 train_time:20498ms step_avg:72.95ms
step:282/4740 train_time:20585ms step_avg:73.00ms
step:283/4740 train_time:20644ms step_avg:72.95ms
step:284/4740 train_time:20731ms step_avg:72.99ms
step:285/4740 train_time:20790ms step_avg:72.95ms
step:286/4740 train_time:20877ms step_avg:73.00ms
step:287/4740 train_time:20937ms step_avg:72.95ms
step:288/4740 train_time:21023ms step_avg:73.00ms
step:289/4740 train_time:21083ms step_avg:72.95ms
step:290/4740 train_time:21168ms step_avg:72.99ms
step:291/4740 train_time:21227ms step_avg:72.95ms
step:292/4740 train_time:21314ms step_avg:72.99ms
step:293/4740 train_time:21373ms step_avg:72.95ms
step:294/4740 train_time:21460ms step_avg:72.99ms
step:295/4740 train_time:21519ms step_avg:72.95ms
step:296/4740 train_time:21605ms step_avg:72.99ms
step:297/4740 train_time:21665ms step_avg:72.95ms
step:298/4740 train_time:21751ms step_avg:72.99ms
step:299/4740 train_time:21811ms step_avg:72.95ms
step:300/4740 train_time:21897ms step_avg:72.99ms
step:301/4740 train_time:21956ms step_avg:72.94ms
step:302/4740 train_time:22042ms step_avg:72.99ms
step:303/4740 train_time:22102ms step_avg:72.94ms
step:304/4740 train_time:22188ms step_avg:72.99ms
step:305/4740 train_time:22246ms step_avg:72.94ms
step:306/4740 train_time:22333ms step_avg:72.98ms
step:307/4740 train_time:22392ms step_avg:72.94ms
step:308/4740 train_time:22477ms step_avg:72.98ms
step:309/4740 train_time:22537ms step_avg:72.94ms
step:310/4740 train_time:22623ms step_avg:72.98ms
step:311/4740 train_time:22683ms step_avg:72.94ms
step:312/4740 train_time:22770ms step_avg:72.98ms
step:313/4740 train_time:22830ms step_avg:72.94ms
step:314/4740 train_time:22916ms step_avg:72.98ms
step:315/4740 train_time:22976ms step_avg:72.94ms
step:316/4740 train_time:23061ms step_avg:72.98ms
step:317/4740 train_time:23121ms step_avg:72.94ms
step:318/4740 train_time:23206ms step_avg:72.97ms
step:319/4740 train_time:23266ms step_avg:72.93ms
step:320/4740 train_time:23351ms step_avg:72.97ms
step:321/4740 train_time:23410ms step_avg:72.93ms
step:322/4740 train_time:23497ms step_avg:72.97ms
step:323/4740 train_time:23556ms step_avg:72.93ms
step:324/4740 train_time:23642ms step_avg:72.97ms
step:325/4740 train_time:23702ms step_avg:72.93ms
step:326/4740 train_time:23788ms step_avg:72.97ms
step:327/4740 train_time:23847ms step_avg:72.93ms
step:328/4740 train_time:23934ms step_avg:72.97ms
step:329/4740 train_time:23994ms step_avg:72.93ms
step:330/4740 train_time:24080ms step_avg:72.97ms
step:331/4740 train_time:24140ms step_avg:72.93ms
step:332/4740 train_time:24226ms step_avg:72.97ms
step:333/4740 train_time:24285ms step_avg:72.93ms
step:334/4740 train_time:24370ms step_avg:72.97ms
step:335/4740 train_time:24429ms step_avg:72.92ms
step:336/4740 train_time:24516ms step_avg:72.96ms
step:337/4740 train_time:24575ms step_avg:72.92ms
step:338/4740 train_time:24660ms step_avg:72.96ms
step:339/4740 train_time:24720ms step_avg:72.92ms
step:340/4740 train_time:24805ms step_avg:72.96ms
step:341/4740 train_time:24866ms step_avg:72.92ms
step:342/4740 train_time:24952ms step_avg:72.96ms
step:343/4740 train_time:25011ms step_avg:72.92ms
step:344/4740 train_time:25097ms step_avg:72.96ms
step:345/4740 train_time:25157ms step_avg:72.92ms
step:346/4740 train_time:25243ms step_avg:72.96ms
step:347/4740 train_time:25303ms step_avg:72.92ms
step:348/4740 train_time:25389ms step_avg:72.96ms
step:349/4740 train_time:25448ms step_avg:72.92ms
step:350/4740 train_time:25534ms step_avg:72.96ms
step:351/4740 train_time:25595ms step_avg:72.92ms
step:352/4740 train_time:25681ms step_avg:72.96ms
step:353/4740 train_time:25740ms step_avg:72.92ms
step:354/4740 train_time:25826ms step_avg:72.95ms
step:355/4740 train_time:25886ms step_avg:72.92ms
step:356/4740 train_time:25972ms step_avg:72.96ms
step:357/4740 train_time:26032ms step_avg:72.92ms
step:358/4740 train_time:26118ms step_avg:72.96ms
step:359/4740 train_time:26178ms step_avg:72.92ms
step:360/4740 train_time:26264ms step_avg:72.96ms
step:361/4740 train_time:26325ms step_avg:72.92ms
step:362/4740 train_time:26410ms step_avg:72.95ms
step:363/4740 train_time:26469ms step_avg:72.92ms
step:364/4740 train_time:26556ms step_avg:72.95ms
step:365/4740 train_time:26615ms step_avg:72.92ms
step:366/4740 train_time:26701ms step_avg:72.95ms
step:367/4740 train_time:26761ms step_avg:72.92ms
step:368/4740 train_time:26846ms step_avg:72.95ms
step:369/4740 train_time:26905ms step_avg:72.91ms
step:370/4740 train_time:26991ms step_avg:72.95ms
step:371/4740 train_time:27050ms step_avg:72.91ms
step:372/4740 train_time:27135ms step_avg:72.94ms
step:373/4740 train_time:27195ms step_avg:72.91ms
step:374/4740 train_time:27281ms step_avg:72.94ms
step:375/4740 train_time:27341ms step_avg:72.91ms
step:376/4740 train_time:27427ms step_avg:72.95ms
step:377/4740 train_time:27487ms step_avg:72.91ms
step:378/4740 train_time:27573ms step_avg:72.94ms
step:379/4740 train_time:27632ms step_avg:72.91ms
step:380/4740 train_time:27717ms step_avg:72.94ms
step:381/4740 train_time:27776ms step_avg:72.90ms
step:382/4740 train_time:27863ms step_avg:72.94ms
step:383/4740 train_time:27922ms step_avg:72.90ms
step:384/4740 train_time:28008ms step_avg:72.94ms
step:385/4740 train_time:28068ms step_avg:72.90ms
step:386/4740 train_time:28154ms step_avg:72.94ms
step:387/4740 train_time:28215ms step_avg:72.91ms
step:388/4740 train_time:28300ms step_avg:72.94ms
step:389/4740 train_time:28360ms step_avg:72.90ms
step:390/4740 train_time:28446ms step_avg:72.94ms
step:391/4740 train_time:28505ms step_avg:72.90ms
step:392/4740 train_time:28590ms step_avg:72.93ms
step:393/4740 train_time:28663ms step_avg:72.93ms
step:394/4740 train_time:28822ms step_avg:73.15ms
step:395/4740 train_time:28923ms step_avg:73.22ms
step:396/4740 train_time:29083ms step_avg:73.44ms
step:397/4740 train_time:29184ms step_avg:73.51ms
step:398/4740 train_time:29345ms step_avg:73.73ms
step:399/4740 train_time:29450ms step_avg:73.81ms
step:400/4740 train_time:29609ms step_avg:74.02ms
step:401/4740 train_time:29710ms step_avg:74.09ms
step:402/4740 train_time:29869ms step_avg:74.30ms
step:403/4740 train_time:29970ms step_avg:74.37ms
step:404/4740 train_time:30129ms step_avg:74.58ms
step:405/4740 train_time:30232ms step_avg:74.65ms
step:406/4740 train_time:30392ms step_avg:74.86ms
step:407/4740 train_time:30496ms step_avg:74.93ms
step:408/4740 train_time:30655ms step_avg:75.14ms
step:409/4740 train_time:30757ms step_avg:75.20ms
step:410/4740 train_time:30916ms step_avg:75.40ms
step:411/4740 train_time:31017ms step_avg:75.47ms
step:412/4740 train_time:31177ms step_avg:75.67ms
step:413/4740 train_time:31278ms step_avg:75.73ms
step:414/4740 train_time:31438ms step_avg:75.94ms
step:415/4740 train_time:31540ms step_avg:76.00ms
step:416/4740 train_time:31699ms step_avg:76.20ms
step:417/4740 train_time:31801ms step_avg:76.26ms
step:418/4740 train_time:31959ms step_avg:76.46ms
step:419/4740 train_time:32061ms step_avg:76.52ms
step:420/4740 train_time:32220ms step_avg:76.71ms
step:421/4740 train_time:32322ms step_avg:76.77ms
step:422/4740 train_time:32484ms step_avg:76.98ms
step:423/4740 train_time:32586ms step_avg:77.04ms
step:424/4740 train_time:32747ms step_avg:77.23ms
step:425/4740 train_time:32847ms step_avg:77.29ms
step:426/4740 train_time:33007ms step_avg:77.48ms
step:427/4740 train_time:33108ms step_avg:77.54ms
step:428/4740 train_time:33268ms step_avg:77.73ms
step:429/4740 train_time:33369ms step_avg:77.78ms
step:430/4740 train_time:33529ms step_avg:77.97ms
step:431/4740 train_time:33631ms step_avg:78.03ms
step:432/4740 train_time:33791ms step_avg:78.22ms
step:433/4740 train_time:33894ms step_avg:78.28ms
step:434/4740 train_time:34055ms step_avg:78.47ms
step:435/4740 train_time:34157ms step_avg:78.52ms
step:436/4740 train_time:34316ms step_avg:78.71ms
step:437/4740 train_time:34418ms step_avg:78.76ms
step:438/4740 train_time:34577ms step_avg:78.94ms
step:439/4740 train_time:34679ms step_avg:78.99ms
step:440/4740 train_time:34837ms step_avg:79.17ms
step:441/4740 train_time:34938ms step_avg:79.23ms
step:442/4740 train_time:35098ms step_avg:79.41ms
step:443/4740 train_time:35201ms step_avg:79.46ms
step:444/4740 train_time:35360ms step_avg:79.64ms
step:445/4740 train_time:35462ms step_avg:79.69ms
step:446/4740 train_time:35621ms step_avg:79.87ms
step:447/4740 train_time:35723ms step_avg:79.92ms
step:448/4740 train_time:35882ms step_avg:80.09ms
step:449/4740 train_time:35984ms step_avg:80.14ms
step:450/4740 train_time:36147ms step_avg:80.33ms
step:451/4740 train_time:36247ms step_avg:80.37ms
step:452/4740 train_time:36408ms step_avg:80.55ms
step:453/4740 train_time:36508ms step_avg:80.59ms
step:454/4740 train_time:36668ms step_avg:80.77ms
step:455/4740 train_time:36770ms step_avg:80.81ms
step:456/4740 train_time:36928ms step_avg:80.98ms
step:457/4740 train_time:37030ms step_avg:81.03ms
step:458/4740 train_time:37190ms step_avg:81.20ms
step:459/4740 train_time:37293ms step_avg:81.25ms
step:460/4740 train_time:37453ms step_avg:81.42ms
step:461/4740 train_time:37555ms step_avg:81.46ms
step:462/4740 train_time:37715ms step_avg:81.63ms
step:463/4740 train_time:37817ms step_avg:81.68ms
step:464/4740 train_time:37977ms step_avg:81.85ms
step:465/4740 train_time:38077ms step_avg:81.89ms
step:466/4740 train_time:38236ms step_avg:82.05ms
step:467/4740 train_time:38338ms step_avg:82.10ms
step:468/4740 train_time:38497ms step_avg:82.26ms
step:469/4740 train_time:38600ms step_avg:82.30ms
step:470/4740 train_time:38760ms step_avg:82.47ms
step:471/4740 train_time:38861ms step_avg:82.51ms
step:472/4740 train_time:39020ms step_avg:82.67ms
step:473/4740 train_time:39123ms step_avg:82.71ms
step:474/4740 train_time:39284ms step_avg:82.88ms
step:475/4740 train_time:39383ms step_avg:82.91ms
step:476/4740 train_time:39545ms step_avg:83.08ms
step:477/4740 train_time:39645ms step_avg:83.11ms
step:478/4740 train_time:39804ms step_avg:83.27ms
step:479/4740 train_time:39906ms step_avg:83.31ms
step:480/4740 train_time:40066ms step_avg:83.47ms
step:481/4740 train_time:40166ms step_avg:83.51ms
step:482/4740 train_time:40326ms step_avg:83.66ms
step:483/4740 train_time:40429ms step_avg:83.70ms
step:484/4740 train_time:40587ms step_avg:83.86ms
step:485/4740 train_time:40690ms step_avg:83.90ms
step:486/4740 train_time:40849ms step_avg:84.05ms
step:487/4740 train_time:40949ms step_avg:84.08ms
step:488/4740 train_time:41109ms step_avg:84.24ms
step:489/4740 train_time:41209ms step_avg:84.27ms
step:490/4740 train_time:41369ms step_avg:84.43ms
step:491/4740 train_time:41470ms step_avg:84.46ms
step:492/4740 train_time:41629ms step_avg:84.61ms
step:493/4740 train_time:41731ms step_avg:84.65ms
step:494/4740 train_time:41890ms step_avg:84.80ms
step:495/4740 train_time:41992ms step_avg:84.83ms
step:496/4740 train_time:42152ms step_avg:84.98ms
step:497/4740 train_time:42254ms step_avg:85.02ms
step:498/4740 train_time:42413ms step_avg:85.17ms
step:499/4740 train_time:42514ms step_avg:85.20ms
step:500/4740 train_time:42673ms step_avg:85.35ms
step:500/4740 val_loss:4.0306 train_time:42746ms step_avg:85.49ms
step:501/4740 train_time:42777ms step_avg:85.38ms
step:502/4740 train_time:42933ms step_avg:85.52ms
step:503/4740 train_time:43037ms step_avg:85.56ms
step:504/4740 train_time:43201ms step_avg:85.72ms
step:505/4740 train_time:43302ms step_avg:85.75ms
step:506/4740 train_time:43460ms step_avg:85.89ms
step:507/4740 train_time:43560ms step_avg:85.92ms
step:508/4740 train_time:43723ms step_avg:86.07ms
step:509/4740 train_time:43823ms step_avg:86.10ms
step:510/4740 train_time:43982ms step_avg:86.24ms
step:511/4740 train_time:44086ms step_avg:86.27ms
step:512/4740 train_time:44246ms step_avg:86.42ms
step:513/4740 train_time:44349ms step_avg:86.45ms
step:514/4740 train_time:44509ms step_avg:86.59ms
step:515/4740 train_time:44609ms step_avg:86.62ms
step:516/4740 train_time:44769ms step_avg:86.76ms
step:517/4740 train_time:44869ms step_avg:86.79ms
step:518/4740 train_time:45028ms step_avg:86.93ms
step:519/4740 train_time:45131ms step_avg:86.96ms
step:520/4740 train_time:45293ms step_avg:87.10ms
step:521/4740 train_time:45393ms step_avg:87.13ms
step:522/4740 train_time:45552ms step_avg:87.26ms
step:523/4740 train_time:45653ms step_avg:87.29ms
step:524/4740 train_time:45811ms step_avg:87.42ms
step:525/4740 train_time:45913ms step_avg:87.45ms
step:526/4740 train_time:46073ms step_avg:87.59ms
step:527/4740 train_time:46174ms step_avg:87.62ms
step:528/4740 train_time:46334ms step_avg:87.75ms
step:529/4740 train_time:46434ms step_avg:87.78ms
step:530/4740 train_time:46593ms step_avg:87.91ms
step:531/4740 train_time:46694ms step_avg:87.94ms
step:532/4740 train_time:46853ms step_avg:88.07ms
step:533/4740 train_time:46954ms step_avg:88.09ms
step:534/4740 train_time:47112ms step_avg:88.23ms
step:535/4740 train_time:47214ms step_avg:88.25ms
step:536/4740 train_time:47373ms step_avg:88.38ms
step:537/4740 train_time:47475ms step_avg:88.41ms
step:538/4740 train_time:47634ms step_avg:88.54ms
step:539/4740 train_time:47735ms step_avg:88.56ms
step:540/4740 train_time:47893ms step_avg:88.69ms
step:541/4740 train_time:47995ms step_avg:88.71ms
step:542/4740 train_time:48152ms step_avg:88.84ms
step:543/4740 train_time:48258ms step_avg:88.87ms
step:544/4740 train_time:48417ms step_avg:89.00ms
step:545/4740 train_time:48517ms step_avg:89.02ms
step:546/4740 train_time:48677ms step_avg:89.15ms
step:547/4740 train_time:48777ms step_avg:89.17ms
step:548/4740 train_time:48937ms step_avg:89.30ms
step:549/4740 train_time:49039ms step_avg:89.32ms
step:550/4740 train_time:49199ms step_avg:89.45ms
step:551/4740 train_time:49301ms step_avg:89.48ms
step:552/4740 train_time:49461ms step_avg:89.60ms
step:553/4740 train_time:49561ms step_avg:89.62ms
step:554/4740 train_time:49720ms step_avg:89.75ms
step:555/4740 train_time:49821ms step_avg:89.77ms
step:556/4740 train_time:49981ms step_avg:89.89ms
step:557/4740 train_time:50082ms step_avg:89.91ms
step:558/4740 train_time:50243ms step_avg:90.04ms
step:559/4740 train_time:50345ms step_avg:90.06ms
step:560/4740 train_time:50503ms step_avg:90.18ms
step:561/4740 train_time:50604ms step_avg:90.20ms
step:562/4740 train_time:50764ms step_avg:90.33ms
step:563/4740 train_time:50865ms step_avg:90.35ms
step:564/4740 train_time:51024ms step_avg:90.47ms
step:565/4740 train_time:51126ms step_avg:90.49ms
step:566/4740 train_time:51286ms step_avg:90.61ms
step:567/4740 train_time:51387ms step_avg:90.63ms
step:568/4740 train_time:51546ms step_avg:90.75ms
step:569/4740 train_time:51647ms step_avg:90.77ms
step:570/4740 train_time:51807ms step_avg:90.89ms
step:571/4740 train_time:51909ms step_avg:90.91ms
step:572/4740 train_time:52068ms step_avg:91.03ms
step:573/4740 train_time:52171ms step_avg:91.05ms
step:574/4740 train_time:52331ms step_avg:91.17ms
step:575/4740 train_time:52434ms step_avg:91.19ms
step:576/4740 train_time:52592ms step_avg:91.31ms
step:577/4740 train_time:52693ms step_avg:91.32ms
step:578/4740 train_time:52852ms step_avg:91.44ms
step:579/4740 train_time:52956ms step_avg:91.46ms
step:580/4740 train_time:53114ms step_avg:91.58ms
step:581/4740 train_time:53214ms step_avg:91.59ms
step:582/4740 train_time:53375ms step_avg:91.71ms
step:583/4740 train_time:53476ms step_avg:91.73ms
step:584/4740 train_time:53634ms step_avg:91.84ms
step:585/4740 train_time:53736ms step_avg:91.86ms
step:586/4740 train_time:53895ms step_avg:91.97ms
step:587/4740 train_time:53994ms step_avg:91.98ms
step:588/4740 train_time:54153ms step_avg:92.10ms
step:589/4740 train_time:54255ms step_avg:92.11ms
step:590/4740 train_time:54413ms step_avg:92.23ms
step:591/4740 train_time:54518ms step_avg:92.25ms
step:592/4740 train_time:54676ms step_avg:92.36ms
step:593/4740 train_time:54778ms step_avg:92.37ms
step:594/4740 train_time:54936ms step_avg:92.49ms
step:595/4740 train_time:55039ms step_avg:92.50ms
step:596/4740 train_time:55199ms step_avg:92.61ms
step:597/4740 train_time:55298ms step_avg:92.63ms
step:598/4740 train_time:55458ms step_avg:92.74ms
step:599/4740 train_time:55559ms step_avg:92.75ms
step:600/4740 train_time:55718ms step_avg:92.86ms
step:601/4740 train_time:55820ms step_avg:92.88ms
step:602/4740 train_time:55980ms step_avg:92.99ms
step:603/4740 train_time:56080ms step_avg:93.00ms
step:604/4740 train_time:56241ms step_avg:93.11ms
step:605/4740 train_time:56342ms step_avg:93.13ms
step:606/4740 train_time:56502ms step_avg:93.24ms
step:607/4740 train_time:56603ms step_avg:93.25ms
step:608/4740 train_time:56761ms step_avg:93.36ms
step:609/4740 train_time:56864ms step_avg:93.37ms
step:610/4740 train_time:57022ms step_avg:93.48ms
step:611/4740 train_time:57124ms step_avg:93.49ms
step:612/4740 train_time:57285ms step_avg:93.60ms
step:613/4740 train_time:57385ms step_avg:93.61ms
step:614/4740 train_time:57545ms step_avg:93.72ms
step:615/4740 train_time:57647ms step_avg:93.73ms
step:616/4740 train_time:57807ms step_avg:93.84ms
step:617/4740 train_time:57909ms step_avg:93.86ms
step:618/4740 train_time:58067ms step_avg:93.96ms
step:619/4740 train_time:58168ms step_avg:93.97ms
step:620/4740 train_time:58328ms step_avg:94.08ms
step:621/4740 train_time:58429ms step_avg:94.09ms
step:622/4740 train_time:58588ms step_avg:94.19ms
step:623/4740 train_time:58689ms step_avg:94.20ms
step:624/4740 train_time:58851ms step_avg:94.31ms
step:625/4740 train_time:58954ms step_avg:94.33ms
step:626/4740 train_time:59112ms step_avg:94.43ms
step:627/4740 train_time:59214ms step_avg:94.44ms
step:628/4740 train_time:59373ms step_avg:94.54ms
step:629/4740 train_time:59475ms step_avg:94.55ms
step:630/4740 train_time:59633ms step_avg:94.65ms
step:631/4740 train_time:59737ms step_avg:94.67ms
step:632/4740 train_time:59897ms step_avg:94.77ms
step:633/4740 train_time:59998ms step_avg:94.78ms
step:634/4740 train_time:60157ms step_avg:94.88ms
step:635/4740 train_time:60259ms step_avg:94.90ms
step:636/4740 train_time:60419ms step_avg:95.00ms
step:637/4740 train_time:60521ms step_avg:95.01ms
step:638/4740 train_time:60682ms step_avg:95.11ms
step:639/4740 train_time:60783ms step_avg:95.12ms
step:640/4740 train_time:60942ms step_avg:95.22ms
step:641/4740 train_time:61044ms step_avg:95.23ms
step:642/4740 train_time:61204ms step_avg:95.33ms
step:643/4740 train_time:61304ms step_avg:95.34ms
step:644/4740 train_time:61463ms step_avg:95.44ms
step:645/4740 train_time:61565ms step_avg:95.45ms
step:646/4740 train_time:61724ms step_avg:95.55ms
step:647/4740 train_time:61825ms step_avg:95.56ms
step:648/4740 train_time:61985ms step_avg:95.66ms
step:649/4740 train_time:62086ms step_avg:95.66ms
step:650/4740 train_time:62245ms step_avg:95.76ms
step:651/4740 train_time:62345ms step_avg:95.77ms
step:652/4740 train_time:62505ms step_avg:95.87ms
step:653/4740 train_time:62606ms step_avg:95.87ms
step:654/4740 train_time:62765ms step_avg:95.97ms
step:655/4740 train_time:62868ms step_avg:95.98ms
step:656/4740 train_time:63027ms step_avg:96.08ms
step:657/4740 train_time:63130ms step_avg:96.09ms
step:658/4740 train_time:63289ms step_avg:96.18ms
step:659/4740 train_time:63390ms step_avg:96.19ms
step:660/4740 train_time:63549ms step_avg:96.29ms
step:661/4740 train_time:63651ms step_avg:96.30ms
step:662/4740 train_time:63811ms step_avg:96.39ms
step:663/4740 train_time:63912ms step_avg:96.40ms
step:664/4740 train_time:64072ms step_avg:96.49ms
step:665/4740 train_time:64173ms step_avg:96.50ms
step:666/4740 train_time:64333ms step_avg:96.60ms
step:667/4740 train_time:64435ms step_avg:96.60ms
step:668/4740 train_time:64594ms step_avg:96.70ms
step:669/4740 train_time:64694ms step_avg:96.70ms
step:670/4740 train_time:64853ms step_avg:96.80ms
step:671/4740 train_time:64954ms step_avg:96.80ms
step:672/4740 train_time:65114ms step_avg:96.90ms
step:673/4740 train_time:65214ms step_avg:96.90ms
step:674/4740 train_time:65374ms step_avg:96.99ms
step:675/4740 train_time:65475ms step_avg:97.00ms
step:676/4740 train_time:65634ms step_avg:97.09ms
step:677/4740 train_time:65736ms step_avg:97.10ms
step:678/4740 train_time:65895ms step_avg:97.19ms
step:679/4740 train_time:65997ms step_avg:97.20ms
step:680/4740 train_time:66154ms step_avg:97.29ms
step:681/4740 train_time:66257ms step_avg:97.29ms
step:682/4740 train_time:66415ms step_avg:97.38ms
step:683/4740 train_time:66517ms step_avg:97.39ms
step:684/4740 train_time:66675ms step_avg:97.48ms
step:685/4740 train_time:66778ms step_avg:97.49ms
step:686/4740 train_time:66939ms step_avg:97.58ms
step:687/4740 train_time:67040ms step_avg:97.58ms
step:688/4740 train_time:67200ms step_avg:97.67ms
step:689/4740 train_time:67302ms step_avg:97.68ms
step:690/4740 train_time:67461ms step_avg:97.77ms
step:691/4740 train_time:67563ms step_avg:97.78ms
step:692/4740 train_time:67722ms step_avg:97.86ms
step:693/4740 train_time:67824ms step_avg:97.87ms
step:694/4740 train_time:67983ms step_avg:97.96ms
step:695/4740 train_time:68085ms step_avg:97.96ms
step:696/4740 train_time:68244ms step_avg:98.05ms
step:697/4740 train_time:68346ms step_avg:98.06ms
step:698/4740 train_time:68505ms step_avg:98.14ms
step:699/4740 train_time:68605ms step_avg:98.15ms
step:700/4740 train_time:68766ms step_avg:98.24ms
step:701/4740 train_time:68866ms step_avg:98.24ms
step:702/4740 train_time:69025ms step_avg:98.33ms
step:703/4740 train_time:69125ms step_avg:98.33ms
step:704/4740 train_time:69285ms step_avg:98.42ms
step:705/4740 train_time:69386ms step_avg:98.42ms
step:706/4740 train_time:69546ms step_avg:98.51ms
step:707/4740 train_time:69648ms step_avg:98.51ms
step:708/4740 train_time:69807ms step_avg:98.60ms
step:709/4740 train_time:69909ms step_avg:98.60ms
step:710/4740 train_time:70068ms step_avg:98.69ms
step:711/4740 train_time:70170ms step_avg:98.69ms
step:712/4740 train_time:70329ms step_avg:98.78ms
step:713/4740 train_time:70430ms step_avg:98.78ms
step:714/4740 train_time:70590ms step_avg:98.87ms
step:715/4740 train_time:70690ms step_avg:98.87ms
step:716/4740 train_time:70850ms step_avg:98.95ms
step:717/4740 train_time:70953ms step_avg:98.96ms
step:718/4740 train_time:71111ms step_avg:99.04ms
step:719/4740 train_time:71213ms step_avg:99.04ms
step:720/4740 train_time:71372ms step_avg:99.13ms
step:721/4740 train_time:71473ms step_avg:99.13ms
step:722/4740 train_time:71633ms step_avg:99.21ms
step:723/4740 train_time:71736ms step_avg:99.22ms
step:724/4740 train_time:71895ms step_avg:99.30ms
step:725/4740 train_time:71996ms step_avg:99.30ms
step:726/4740 train_time:72156ms step_avg:99.39ms
step:727/4740 train_time:72258ms step_avg:99.39ms
step:728/4740 train_time:72417ms step_avg:99.47ms
step:729/4740 train_time:72519ms step_avg:99.48ms
step:730/4740 train_time:72678ms step_avg:99.56ms
step:731/4740 train_time:72780ms step_avg:99.56ms
step:732/4740 train_time:72940ms step_avg:99.64ms
step:733/4740 train_time:73040ms step_avg:99.65ms
step:734/4740 train_time:73200ms step_avg:99.73ms
step:735/4740 train_time:73301ms step_avg:99.73ms
step:736/4740 train_time:73461ms step_avg:99.81ms
step:737/4740 train_time:73563ms step_avg:99.81ms
step:738/4740 train_time:73721ms step_avg:99.89ms
step:739/4740 train_time:73823ms step_avg:99.90ms
step:740/4740 train_time:73982ms step_avg:99.98ms
step:741/4740 train_time:74085ms step_avg:99.98ms
step:742/4740 train_time:74244ms step_avg:100.06ms
step:743/4740 train_time:74346ms step_avg:100.06ms
step:744/4740 train_time:74505ms step_avg:100.14ms
step:745/4740 train_time:74606ms step_avg:100.14ms
step:746/4740 train_time:74766ms step_avg:100.22ms
step:747/4740 train_time:74866ms step_avg:100.22ms
step:748/4740 train_time:75026ms step_avg:100.30ms
step:749/4740 train_time:75127ms step_avg:100.30ms
step:750/4740 train_time:75286ms step_avg:100.38ms
step:750/4740 val_loss:3.6384 train_time:75359ms step_avg:100.48ms
step:751/4740 train_time:75389ms step_avg:100.39ms
step:752/4740 train_time:75546ms step_avg:100.46ms
step:753/4740 train_time:75651ms step_avg:100.47ms
step:754/4740 train_time:75815ms step_avg:100.55ms
step:755/4740 train_time:75915ms step_avg:100.55ms
step:756/4740 train_time:76072ms step_avg:100.62ms
step:757/4740 train_time:76173ms step_avg:100.62ms
step:758/4740 train_time:76335ms step_avg:100.71ms
step:759/4740 train_time:76436ms step_avg:100.71ms
step:760/4740 train_time:76596ms step_avg:100.78ms
step:761/4740 train_time:76701ms step_avg:100.79ms
step:762/4740 train_time:76862ms step_avg:100.87ms
step:763/4740 train_time:76963ms step_avg:100.87ms
step:764/4740 train_time:77121ms step_avg:100.94ms
step:765/4740 train_time:77221ms step_avg:100.94ms
step:766/4740 train_time:77381ms step_avg:101.02ms
step:767/4740 train_time:77484ms step_avg:101.02ms
step:768/4740 train_time:77644ms step_avg:101.10ms
step:769/4740 train_time:77745ms step_avg:101.10ms
step:770/4740 train_time:77904ms step_avg:101.17ms
step:771/4740 train_time:78004ms step_avg:101.17ms
step:772/4740 train_time:78161ms step_avg:101.25ms
step:773/4740 train_time:78263ms step_avg:101.25ms
step:774/4740 train_time:78422ms step_avg:101.32ms
step:775/4740 train_time:78523ms step_avg:101.32ms
step:776/4740 train_time:78683ms step_avg:101.40ms
step:777/4740 train_time:78784ms step_avg:101.39ms
step:778/4740 train_time:78942ms step_avg:101.47ms
step:779/4740 train_time:79043ms step_avg:101.47ms
step:780/4740 train_time:79202ms step_avg:101.54ms
step:781/4740 train_time:79304ms step_avg:101.54ms
step:782/4740 train_time:79462ms step_avg:101.61ms
step:783/4740 train_time:79565ms step_avg:101.62ms
step:784/4740 train_time:79724ms step_avg:101.69ms
step:785/4740 train_time:79838ms step_avg:101.70ms
step:786/4740 train_time:80076ms step_avg:101.88ms
step:787/4740 train_time:80219ms step_avg:101.93ms
step:788/4740 train_time:80462ms step_avg:102.11ms
step:789/4740 train_time:80602ms step_avg:102.16ms
step:790/4740 train_time:80846ms step_avg:102.34ms
step:791/4740 train_time:80982ms step_avg:102.38ms
step:792/4740 train_time:81228ms step_avg:102.56ms
step:793/4740 train_time:81365ms step_avg:102.60ms
step:794/4740 train_time:81608ms step_avg:102.78ms
step:795/4740 train_time:81750ms step_avg:102.83ms
step:796/4740 train_time:81992ms step_avg:103.01ms
step:797/4740 train_time:82136ms step_avg:103.06ms
step:798/4740 train_time:82382ms step_avg:103.24ms
step:799/4740 train_time:82520ms step_avg:103.28ms
step:800/4740 train_time:82765ms step_avg:103.46ms
step:801/4740 train_time:82903ms step_avg:103.50ms
step:802/4740 train_time:83146ms step_avg:103.67ms
step:803/4740 train_time:83290ms step_avg:103.72ms
step:804/4740 train_time:83534ms step_avg:103.90ms
step:805/4740 train_time:83672ms step_avg:103.94ms
step:806/4740 train_time:83918ms step_avg:104.12ms
step:807/4740 train_time:84058ms step_avg:104.16ms
step:808/4740 train_time:84302ms step_avg:104.33ms
step:809/4740 train_time:84444ms step_avg:104.38ms
step:810/4740 train_time:84687ms step_avg:104.55ms
step:811/4740 train_time:84823ms step_avg:104.59ms
step:812/4740 train_time:85068ms step_avg:104.76ms
step:813/4740 train_time:85205ms step_avg:104.80ms
step:814/4740 train_time:85449ms step_avg:104.97ms
step:815/4740 train_time:85589ms step_avg:105.02ms
step:816/4740 train_time:85830ms step_avg:105.18ms
step:817/4740 train_time:85970ms step_avg:105.23ms
step:818/4740 train_time:86216ms step_avg:105.40ms
step:819/4740 train_time:86358ms step_avg:105.44ms
step:820/4740 train_time:86600ms step_avg:105.61ms
step:821/4740 train_time:86743ms step_avg:105.66ms
step:822/4740 train_time:86984ms step_avg:105.82ms
step:823/4740 train_time:87126ms step_avg:105.86ms
step:824/4740 train_time:87370ms step_avg:106.03ms
step:825/4740 train_time:87508ms step_avg:106.07ms
step:826/4740 train_time:87753ms step_avg:106.24ms
step:827/4740 train_time:87892ms step_avg:106.28ms
step:828/4740 train_time:88137ms step_avg:106.45ms
step:829/4740 train_time:88275ms step_avg:106.48ms
step:830/4740 train_time:88517ms step_avg:106.65ms
step:831/4740 train_time:88658ms step_avg:106.69ms
step:832/4740 train_time:88900ms step_avg:106.85ms
step:833/4740 train_time:89038ms step_avg:106.89ms
step:834/4740 train_time:89281ms step_avg:107.05ms
step:835/4740 train_time:89419ms step_avg:107.09ms
step:836/4740 train_time:89663ms step_avg:107.25ms
step:837/4740 train_time:89801ms step_avg:107.29ms
step:838/4740 train_time:90046ms step_avg:107.45ms
step:839/4740 train_time:90185ms step_avg:107.49ms
step:840/4740 train_time:90428ms step_avg:107.65ms
step:841/4740 train_time:90568ms step_avg:107.69ms
step:842/4740 train_time:90813ms step_avg:107.85ms
step:843/4740 train_time:90951ms step_avg:107.89ms
step:844/4740 train_time:91194ms step_avg:108.05ms
step:845/4740 train_time:91334ms step_avg:108.09ms
step:846/4740 train_time:91579ms step_avg:108.25ms
step:847/4740 train_time:91719ms step_avg:108.29ms
step:848/4740 train_time:91963ms step_avg:108.45ms
step:849/4740 train_time:92102ms step_avg:108.48ms
step:850/4740 train_time:92344ms step_avg:108.64ms
step:851/4740 train_time:92481ms step_avg:108.67ms
step:852/4740 train_time:92725ms step_avg:108.83ms
step:853/4740 train_time:92864ms step_avg:108.87ms
step:854/4740 train_time:93109ms step_avg:109.03ms
step:855/4740 train_time:93248ms step_avg:109.06ms
step:856/4740 train_time:93492ms step_avg:109.22ms
step:857/4740 train_time:93630ms step_avg:109.25ms
step:858/4740 train_time:93872ms step_avg:109.41ms
step:859/4740 train_time:94013ms step_avg:109.44ms
step:860/4740 train_time:94260ms step_avg:109.60ms
step:861/4740 train_time:94398ms step_avg:109.64ms
step:862/4740 train_time:94641ms step_avg:109.79ms
step:863/4740 train_time:94779ms step_avg:109.83ms
step:864/4740 train_time:95025ms step_avg:109.98ms
step:865/4740 train_time:95162ms step_avg:110.01ms
step:866/4740 train_time:95406ms step_avg:110.17ms
step:867/4740 train_time:95545ms step_avg:110.20ms
step:868/4740 train_time:95785ms step_avg:110.35ms
step:869/4740 train_time:95928ms step_avg:110.39ms
step:870/4740 train_time:96169ms step_avg:110.54ms
step:871/4740 train_time:96312ms step_avg:110.58ms
step:872/4740 train_time:96558ms step_avg:110.73ms
step:873/4740 train_time:96695ms step_avg:110.76ms
step:874/4740 train_time:96938ms step_avg:110.91ms
step:875/4740 train_time:97076ms step_avg:110.94ms
step:876/4740 train_time:97317ms step_avg:111.09ms
step:877/4740 train_time:97459ms step_avg:111.13ms
step:878/4740 train_time:97701ms step_avg:111.28ms
step:879/4740 train_time:97842ms step_avg:111.31ms
step:880/4740 train_time:98085ms step_avg:111.46ms
step:881/4740 train_time:98223ms step_avg:111.49ms
step:882/4740 train_time:98467ms step_avg:111.64ms
step:883/4740 train_time:98605ms step_avg:111.67ms
step:884/4740 train_time:98848ms step_avg:111.82ms
step:885/4740 train_time:98991ms step_avg:111.85ms
step:886/4740 train_time:99234ms step_avg:112.00ms
step:887/4740 train_time:99372ms step_avg:112.03ms
step:888/4740 train_time:99616ms step_avg:112.18ms
step:889/4740 train_time:99755ms step_avg:112.21ms
step:890/4740 train_time:99999ms step_avg:112.36ms
step:891/4740 train_time:100142ms step_avg:112.39ms
step:892/4740 train_time:100386ms step_avg:112.54ms
step:893/4740 train_time:100525ms step_avg:112.57ms
step:894/4740 train_time:100768ms step_avg:112.72ms
step:895/4740 train_time:100909ms step_avg:112.75ms
step:896/4740 train_time:101152ms step_avg:112.89ms
step:897/4740 train_time:101292ms step_avg:112.92ms
step:898/4740 train_time:101534ms step_avg:113.07ms
step:899/4740 train_time:101676ms step_avg:113.10ms
step:900/4740 train_time:101921ms step_avg:113.25ms
step:901/4740 train_time:102063ms step_avg:113.28ms
step:902/4740 train_time:102307ms step_avg:113.42ms
step:903/4740 train_time:102446ms step_avg:113.45ms
step:904/4740 train_time:102688ms step_avg:113.59ms
step:905/4740 train_time:102826ms step_avg:113.62ms
step:906/4740 train_time:103070ms step_avg:113.76ms
step:907/4740 train_time:103210ms step_avg:113.79ms
step:908/4740 train_time:103454ms step_avg:113.94ms
step:909/4740 train_time:103592ms step_avg:113.96ms
step:910/4740 train_time:103837ms step_avg:114.11ms
step:911/4740 train_time:103976ms step_avg:114.13ms
step:912/4740 train_time:104221ms step_avg:114.28ms
step:913/4740 train_time:104360ms step_avg:114.30ms
step:914/4740 train_time:104603ms step_avg:114.45ms
step:915/4740 train_time:104741ms step_avg:114.47ms
step:916/4740 train_time:104985ms step_avg:114.61ms
step:917/4740 train_time:105122ms step_avg:114.64ms
step:918/4740 train_time:105365ms step_avg:114.78ms
step:919/4740 train_time:105504ms step_avg:114.80ms
step:920/4740 train_time:105747ms step_avg:114.94ms
step:921/4740 train_time:105888ms step_avg:114.97ms
step:922/4740 train_time:106133ms step_avg:115.11ms
step:923/4740 train_time:106272ms step_avg:115.14ms
step:924/4740 train_time:106515ms step_avg:115.28ms
step:925/4740 train_time:106654ms step_avg:115.30ms
step:926/4740 train_time:106900ms step_avg:115.44ms
step:927/4740 train_time:107039ms step_avg:115.47ms
step:928/4740 train_time:107282ms step_avg:115.61ms
step:929/4740 train_time:107421ms step_avg:115.63ms
step:930/4740 train_time:107665ms step_avg:115.77ms
step:931/4740 train_time:107805ms step_avg:115.79ms
step:932/4740 train_time:108048ms step_avg:115.93ms
step:933/4740 train_time:108186ms step_avg:115.96ms
step:934/4740 train_time:108428ms step_avg:116.09ms
step:935/4740 train_time:108567ms step_avg:116.11ms
step:936/4740 train_time:108810ms step_avg:116.25ms
step:937/4740 train_time:108951ms step_avg:116.28ms
step:938/4740 train_time:109196ms step_avg:116.41ms
step:939/4740 train_time:109335ms step_avg:116.44ms
step:940/4740 train_time:109577ms step_avg:116.57ms
step:941/4740 train_time:109717ms step_avg:116.60ms
step:942/4740 train_time:109963ms step_avg:116.73ms
step:943/4740 train_time:110102ms step_avg:116.76ms
step:944/4740 train_time:110346ms step_avg:116.89ms
step:945/4740 train_time:110485ms step_avg:116.92ms
step:946/4740 train_time:110729ms step_avg:117.05ms
step:947/4740 train_time:110870ms step_avg:117.07ms
step:948/4740 train_time:111114ms step_avg:117.21ms
step:949/4740 train_time:111251ms step_avg:117.23ms
step:950/4740 train_time:111496ms step_avg:117.36ms
step:951/4740 train_time:111633ms step_avg:117.39ms
step:952/4740 train_time:111880ms step_avg:117.52ms
step:953/4740 train_time:112018ms step_avg:117.54ms
step:954/4740 train_time:112263ms step_avg:117.68ms
step:955/4740 train_time:112400ms step_avg:117.70ms
step:956/4740 train_time:112642ms step_avg:117.83ms
step:957/4740 train_time:112782ms step_avg:117.85ms
step:958/4740 train_time:113025ms step_avg:117.98ms
step:959/4740 train_time:113163ms step_avg:118.00ms
step:960/4740 train_time:113406ms step_avg:118.13ms
step:961/4740 train_time:113545ms step_avg:118.15ms
step:962/4740 train_time:113790ms step_avg:118.28ms
step:963/4740 train_time:113930ms step_avg:118.31ms
step:964/4740 train_time:114176ms step_avg:118.44ms
step:965/4740 train_time:114316ms step_avg:118.46ms
step:966/4740 train_time:114560ms step_avg:118.59ms
step:967/4740 train_time:114701ms step_avg:118.62ms
step:968/4740 train_time:114946ms step_avg:118.75ms
step:969/4740 train_time:115082ms step_avg:118.76ms
step:970/4740 train_time:115328ms step_avg:118.89ms
step:971/4740 train_time:115467ms step_avg:118.92ms
step:972/4740 train_time:115711ms step_avg:119.04ms
step:973/4740 train_time:115853ms step_avg:119.07ms
step:974/4740 train_time:116096ms step_avg:119.19ms
step:975/4740 train_time:116236ms step_avg:119.22ms
step:976/4740 train_time:116480ms step_avg:119.34ms
step:977/4740 train_time:116621ms step_avg:119.37ms
step:978/4740 train_time:116863ms step_avg:119.49ms
step:979/4740 train_time:117003ms step_avg:119.51ms
step:980/4740 train_time:117245ms step_avg:119.64ms
step:981/4740 train_time:117385ms step_avg:119.66ms
step:982/4740 train_time:117628ms step_avg:119.78ms
step:983/4740 train_time:117770ms step_avg:119.81ms
step:984/4740 train_time:118013ms step_avg:119.93ms
step:985/4740 train_time:118154ms step_avg:119.95ms
step:986/4740 train_time:118398ms step_avg:120.08ms
step:987/4740 train_time:118538ms step_avg:120.10ms
step:988/4740 train_time:118781ms step_avg:120.22ms
step:989/4740 train_time:118920ms step_avg:120.24ms
step:990/4740 train_time:119164ms step_avg:120.37ms
step:991/4740 train_time:119301ms step_avg:120.38ms
step:992/4740 train_time:119546ms step_avg:120.51ms
step:993/4740 train_time:119684ms step_avg:120.53ms
step:994/4740 train_time:119928ms step_avg:120.65ms
step:995/4740 train_time:120067ms step_avg:120.67ms
step:996/4740 train_time:120311ms step_avg:120.79ms
step:997/4740 train_time:120452ms step_avg:120.81ms
step:998/4740 train_time:120696ms step_avg:120.94ms
step:999/4740 train_time:120835ms step_avg:120.96ms
step:1000/4740 train_time:121081ms step_avg:121.08ms
step:1000/4740 val_loss:3.4585 train_time:121180ms step_avg:121.18ms
step:1001/4740 train_time:121222ms step_avg:121.10ms
step:1002/4740 train_time:121472ms step_avg:121.23ms
step:1003/4740 train_time:121616ms step_avg:121.25ms
step:1004/4740 train_time:121858ms step_avg:121.37ms
step:1005/4740 train_time:121999ms step_avg:121.39ms
step:1006/4740 train_time:122244ms step_avg:121.52ms
step:1007/4740 train_time:122380ms step_avg:121.53ms
step:1008/4740 train_time:122629ms step_avg:121.66ms
step:1009/4740 train_time:122766ms step_avg:121.67ms
step:1010/4740 train_time:123007ms step_avg:121.79ms
step:1011/4740 train_time:123148ms step_avg:121.81ms
step:1012/4740 train_time:123392ms step_avg:121.93ms
step:1013/4740 train_time:123532ms step_avg:121.95ms
step:1014/4740 train_time:123776ms step_avg:122.07ms
step:1015/4740 train_time:123916ms step_avg:122.09ms
step:1016/4740 train_time:124157ms step_avg:122.20ms
step:1017/4740 train_time:124299ms step_avg:122.22ms
step:1018/4740 train_time:124542ms step_avg:122.34ms
step:1019/4740 train_time:124685ms step_avg:122.36ms
step:1020/4740 train_time:124929ms step_avg:122.48ms
step:1021/4740 train_time:125068ms step_avg:122.50ms
step:1022/4740 train_time:125310ms step_avg:122.61ms
step:1023/4740 train_time:125449ms step_avg:122.63ms
step:1024/4740 train_time:125694ms step_avg:122.75ms
step:1025/4740 train_time:125833ms step_avg:122.76ms
step:1026/4740 train_time:126075ms step_avg:122.88ms
step:1027/4740 train_time:126214ms step_avg:122.90ms
step:1028/4740 train_time:126456ms step_avg:123.01ms
step:1029/4740 train_time:126599ms step_avg:123.03ms
step:1030/4740 train_time:126846ms step_avg:123.15ms
step:1031/4740 train_time:126987ms step_avg:123.17ms
step:1032/4740 train_time:127225ms step_avg:123.28ms
step:1033/4740 train_time:127368ms step_avg:123.30ms
step:1034/4740 train_time:127610ms step_avg:123.41ms
step:1035/4740 train_time:127753ms step_avg:123.43ms
step:1036/4740 train_time:127995ms step_avg:123.55ms
step:1037/4740 train_time:128138ms step_avg:123.57ms
step:1038/4740 train_time:128384ms step_avg:123.68ms
step:1039/4740 train_time:128524ms step_avg:123.70ms
step:1040/4740 train_time:128765ms step_avg:123.81ms
step:1041/4740 train_time:128904ms step_avg:123.83ms
step:1042/4740 train_time:129148ms step_avg:123.94ms
step:1043/4740 train_time:129288ms step_avg:123.96ms
step:1044/4740 train_time:129529ms step_avg:124.07ms
step:1045/4740 train_time:129670ms step_avg:124.09ms
step:1046/4740 train_time:129912ms step_avg:124.20ms
step:1047/4740 train_time:130054ms step_avg:124.22ms
step:1048/4740 train_time:130299ms step_avg:124.33ms
step:1049/4740 train_time:130439ms step_avg:124.35ms
step:1050/4740 train_time:130681ms step_avg:124.46ms
step:1051/4740 train_time:130822ms step_avg:124.47ms
step:1052/4740 train_time:131070ms step_avg:124.59ms
step:1053/4740 train_time:131208ms step_avg:124.60ms
step:1054/4740 train_time:131450ms step_avg:124.71ms
step:1055/4740 train_time:131592ms step_avg:124.73ms
step:1056/4740 train_time:131834ms step_avg:124.84ms
step:1057/4740 train_time:131974ms step_avg:124.86ms
step:1058/4740 train_time:132217ms step_avg:124.97ms
step:1059/4740 train_time:132357ms step_avg:124.98ms
step:1060/4740 train_time:132603ms step_avg:125.10ms
step:1061/4740 train_time:132741ms step_avg:125.11ms
step:1062/4740 train_time:132984ms step_avg:125.22ms
step:1063/4740 train_time:133126ms step_avg:125.24ms
step:1064/4740 train_time:133370ms step_avg:125.35ms
step:1065/4740 train_time:133512ms step_avg:125.36ms
step:1066/4740 train_time:133756ms step_avg:125.47ms
step:1067/4740 train_time:133897ms step_avg:125.49ms
step:1068/4740 train_time:134139ms step_avg:125.60ms
step:1069/4740 train_time:134280ms step_avg:125.61ms
step:1070/4740 train_time:134521ms step_avg:125.72ms
step:1071/4740 train_time:134661ms step_avg:125.73ms
step:1072/4740 train_time:134905ms step_avg:125.84ms
step:1073/4740 train_time:135045ms step_avg:125.86ms
step:1074/4740 train_time:135290ms step_avg:125.97ms
step:1075/4740 train_time:135432ms step_avg:125.98ms
step:1076/4740 train_time:135676ms step_avg:126.09ms
step:1077/4740 train_time:135816ms step_avg:126.11ms
step:1078/4740 train_time:136060ms step_avg:126.22ms
step:1079/4740 train_time:136200ms step_avg:126.23ms
step:1080/4740 train_time:136448ms step_avg:126.34ms
step:1081/4740 train_time:136585ms step_avg:126.35ms
step:1082/4740 train_time:136827ms step_avg:126.46ms
step:1083/4740 train_time:136968ms step_avg:126.47ms
step:1084/4740 train_time:137211ms step_avg:126.58ms
step:1085/4740 train_time:137350ms step_avg:126.59ms
step:1086/4740 train_time:137593ms step_avg:126.70ms
step:1087/4740 train_time:137737ms step_avg:126.71ms
step:1088/4740 train_time:137979ms step_avg:126.82ms
step:1089/4740 train_time:138117ms step_avg:126.83ms
step:1090/4740 train_time:138361ms step_avg:126.94ms
step:1091/4740 train_time:138504ms step_avg:126.95ms
step:1092/4740 train_time:138748ms step_avg:127.06ms
step:1093/4740 train_time:138886ms step_avg:127.07ms
step:1094/4740 train_time:139131ms step_avg:127.18ms
step:1095/4740 train_time:139269ms step_avg:127.19ms
step:1096/4740 train_time:139511ms step_avg:127.29ms
step:1097/4740 train_time:139650ms step_avg:127.30ms
step:1098/4740 train_time:139894ms step_avg:127.41ms
step:1099/4740 train_time:140033ms step_avg:127.42ms
step:1100/4740 train_time:140277ms step_avg:127.52ms
step:1101/4740 train_time:140417ms step_avg:127.54ms
step:1102/4740 train_time:140660ms step_avg:127.64ms
step:1103/4740 train_time:140800ms step_avg:127.65ms
step:1104/4740 train_time:141041ms step_avg:127.75ms
step:1105/4740 train_time:141181ms step_avg:127.77ms
step:1106/4740 train_time:141427ms step_avg:127.87ms
step:1107/4740 train_time:141567ms step_avg:127.88ms
step:1108/4740 train_time:141810ms step_avg:127.99ms
step:1109/4740 train_time:141949ms step_avg:128.00ms
step:1110/4740 train_time:142191ms step_avg:128.10ms
step:1111/4740 train_time:142331ms step_avg:128.11ms
step:1112/4740 train_time:142575ms step_avg:128.22ms
step:1113/4740 train_time:142714ms step_avg:128.22ms
step:1114/4740 train_time:142964ms step_avg:128.33ms
step:1115/4740 train_time:143100ms step_avg:128.34ms
step:1116/4740 train_time:143345ms step_avg:128.45ms
step:1117/4740 train_time:143483ms step_avg:128.45ms
step:1118/4740 train_time:143727ms step_avg:128.56ms
step:1119/4740 train_time:143868ms step_avg:128.57ms
step:1120/4740 train_time:144110ms step_avg:128.67ms
step:1121/4740 train_time:144249ms step_avg:128.68ms
step:1122/4740 train_time:144494ms step_avg:128.78ms
step:1123/4740 train_time:144634ms step_avg:128.79ms
step:1124/4740 train_time:144877ms step_avg:128.89ms
step:1125/4740 train_time:145019ms step_avg:128.91ms
step:1126/4740 train_time:145262ms step_avg:129.01ms
step:1127/4740 train_time:145401ms step_avg:129.02ms
step:1128/4740 train_time:145648ms step_avg:129.12ms
step:1129/4740 train_time:145789ms step_avg:129.13ms
step:1130/4740 train_time:146030ms step_avg:129.23ms
step:1131/4740 train_time:146169ms step_avg:129.24ms
step:1132/4740 train_time:146412ms step_avg:129.34ms
step:1133/4740 train_time:146555ms step_avg:129.35ms
step:1134/4740 train_time:146797ms step_avg:129.45ms
step:1135/4740 train_time:146939ms step_avg:129.46ms
step:1136/4740 train_time:147182ms step_avg:129.56ms
step:1137/4740 train_time:147323ms step_avg:129.57ms
step:1138/4740 train_time:147569ms step_avg:129.67ms
step:1139/4740 train_time:147707ms step_avg:129.68ms
step:1140/4740 train_time:147950ms step_avg:129.78ms
step:1141/4740 train_time:148091ms step_avg:129.79ms
step:1142/4740 train_time:148333ms step_avg:129.89ms
step:1143/4740 train_time:148474ms step_avg:129.90ms
step:1144/4740 train_time:148715ms step_avg:130.00ms
step:1145/4740 train_time:148857ms step_avg:130.01ms
step:1146/4740 train_time:149098ms step_avg:130.10ms
step:1147/4740 train_time:149239ms step_avg:130.11ms
step:1148/4740 train_time:149481ms step_avg:130.21ms
step:1149/4740 train_time:149622ms step_avg:130.22ms
step:1150/4740 train_time:149868ms step_avg:130.32ms
step:1151/4740 train_time:150005ms step_avg:130.33ms
step:1152/4740 train_time:150249ms step_avg:130.42ms
step:1153/4740 train_time:150388ms step_avg:130.43ms
step:1154/4740 train_time:150631ms step_avg:130.53ms
step:1155/4740 train_time:150769ms step_avg:130.54ms
step:1156/4740 train_time:151010ms step_avg:130.63ms
step:1157/4740 train_time:151152ms step_avg:130.64ms
step:1158/4740 train_time:151396ms step_avg:130.74ms
step:1159/4740 train_time:151534ms step_avg:130.75ms
step:1160/4740 train_time:151779ms step_avg:130.84ms
step:1161/4740 train_time:151919ms step_avg:130.85ms
step:1162/4740 train_time:152162ms step_avg:130.95ms
step:1163/4740 train_time:152301ms step_avg:130.96ms
step:1164/4740 train_time:152544ms step_avg:131.05ms
step:1165/4740 train_time:152684ms step_avg:131.06ms
step:1166/4740 train_time:152929ms step_avg:131.16ms
step:1167/4740 train_time:153068ms step_avg:131.16ms
step:1168/4740 train_time:153310ms step_avg:131.26ms
step:1169/4740 train_time:153448ms step_avg:131.26ms
step:1170/4740 train_time:153689ms step_avg:131.36ms
step:1171/4740 train_time:153831ms step_avg:131.37ms
step:1172/4740 train_time:154074ms step_avg:131.46ms
step:1173/4740 train_time:154213ms step_avg:131.47ms
step:1174/4740 train_time:154458ms step_avg:131.57ms
step:1175/4740 train_time:154598ms step_avg:131.57ms
step:1176/4740 train_time:154876ms step_avg:131.70ms
step:1177/4740 train_time:155054ms step_avg:131.74ms
step:1178/4740 train_time:155374ms step_avg:131.90ms
step:1179/4740 train_time:155556ms step_avg:131.94ms
step:1180/4740 train_time:155876ms step_avg:132.10ms
step:1181/4740 train_time:156056ms step_avg:132.14ms
step:1182/4740 train_time:156375ms step_avg:132.30ms
step:1183/4740 train_time:156558ms step_avg:132.34ms
step:1184/4740 train_time:156880ms step_avg:132.50ms
step:1185/4740 train_time:157060ms step_avg:132.54ms
step:1186/4740 train_time:157378ms step_avg:132.70ms
step:1187/4740 train_time:157559ms step_avg:132.74ms
step:1188/4740 train_time:157881ms step_avg:132.90ms
step:1189/4740 train_time:158061ms step_avg:132.94ms
step:1190/4740 train_time:158379ms step_avg:133.09ms
step:1191/4740 train_time:158560ms step_avg:133.13ms
step:1192/4740 train_time:158879ms step_avg:133.29ms
step:1193/4740 train_time:159059ms step_avg:133.33ms
step:1194/4740 train_time:159380ms step_avg:133.48ms
step:1195/4740 train_time:159559ms step_avg:133.52ms
step:1196/4740 train_time:159880ms step_avg:133.68ms
step:1197/4740 train_time:160060ms step_avg:133.72ms
step:1198/4740 train_time:160379ms step_avg:133.87ms
step:1199/4740 train_time:160560ms step_avg:133.91ms
step:1200/4740 train_time:160883ms step_avg:134.07ms
step:1201/4740 train_time:161062ms step_avg:134.11ms
step:1202/4740 train_time:161379ms step_avg:134.26ms
step:1203/4740 train_time:161561ms step_avg:134.30ms
step:1204/4740 train_time:161880ms step_avg:134.45ms
step:1205/4740 train_time:162059ms step_avg:134.49ms
step:1206/4740 train_time:162380ms step_avg:134.64ms
step:1207/4740 train_time:162559ms step_avg:134.68ms
step:1208/4740 train_time:162878ms step_avg:134.83ms
step:1209/4740 train_time:163056ms step_avg:134.87ms
step:1210/4740 train_time:163378ms step_avg:135.02ms
step:1211/4740 train_time:163557ms step_avg:135.06ms
step:1212/4740 train_time:163880ms step_avg:135.21ms
step:1213/4740 train_time:164058ms step_avg:135.25ms
step:1214/4740 train_time:164382ms step_avg:135.41ms
step:1215/4740 train_time:164560ms step_avg:135.44ms
step:1216/4740 train_time:164880ms step_avg:135.59ms
step:1217/4740 train_time:165059ms step_avg:135.63ms
step:1218/4740 train_time:165378ms step_avg:135.78ms
step:1219/4740 train_time:165558ms step_avg:135.81ms
step:1220/4740 train_time:165877ms step_avg:135.97ms
step:1221/4740 train_time:166055ms step_avg:136.00ms
step:1222/4740 train_time:166377ms step_avg:136.15ms
step:1223/4740 train_time:166556ms step_avg:136.19ms
step:1224/4740 train_time:166876ms step_avg:136.34ms
step:1225/4740 train_time:167054ms step_avg:136.37ms
step:1226/4740 train_time:167375ms step_avg:136.52ms
step:1227/4740 train_time:167553ms step_avg:136.56ms
step:1228/4740 train_time:167876ms step_avg:136.71ms
step:1229/4740 train_time:168053ms step_avg:136.74ms
step:1230/4740 train_time:168373ms step_avg:136.89ms
step:1231/4740 train_time:168555ms step_avg:136.93ms
step:1232/4740 train_time:168875ms step_avg:137.07ms
step:1233/4740 train_time:169054ms step_avg:137.11ms
step:1234/4740 train_time:169376ms step_avg:137.26ms
step:1235/4740 train_time:169555ms step_avg:137.29ms
step:1236/4740 train_time:169875ms step_avg:137.44ms
step:1237/4740 train_time:170054ms step_avg:137.47ms
step:1238/4740 train_time:170375ms step_avg:137.62ms
step:1239/4740 train_time:170552ms step_avg:137.65ms
step:1240/4740 train_time:170873ms step_avg:137.80ms
step:1241/4740 train_time:171053ms step_avg:137.84ms
step:1242/4740 train_time:171373ms step_avg:137.98ms
step:1243/4740 train_time:171553ms step_avg:138.02ms
step:1244/4740 train_time:171872ms step_avg:138.16ms
step:1245/4740 train_time:172053ms step_avg:138.20ms
step:1246/4740 train_time:172371ms step_avg:138.34ms
step:1247/4740 train_time:172552ms step_avg:138.37ms
step:1248/4740 train_time:172871ms step_avg:138.52ms
step:1249/4740 train_time:173051ms step_avg:138.55ms
step:1250/4740 train_time:173371ms step_avg:138.70ms
step:1250/4740 val_loss:3.3687 train_time:173499ms step_avg:138.80ms
step:1251/4740 train_time:173553ms step_avg:138.73ms
step:1252/4740 train_time:173873ms step_avg:138.88ms
step:1253/4740 train_time:174058ms step_avg:138.91ms
step:1254/4740 train_time:174375ms step_avg:139.06ms
step:1255/4740 train_time:174556ms step_avg:139.09ms
step:1256/4740 train_time:174876ms step_avg:139.23ms
step:1257/4740 train_time:175063ms step_avg:139.27ms
step:1258/4740 train_time:175379ms step_avg:139.41ms
step:1259/4740 train_time:175557ms step_avg:139.44ms
step:1260/4740 train_time:175880ms step_avg:139.59ms
step:1261/4740 train_time:176064ms step_avg:139.62ms
step:1262/4740 train_time:176381ms step_avg:139.76ms
step:1263/4740 train_time:176561ms step_avg:139.79ms
step:1264/4740 train_time:176882ms step_avg:139.94ms
step:1265/4740 train_time:177062ms step_avg:139.97ms
step:1266/4740 train_time:177385ms step_avg:140.11ms
step:1267/4740 train_time:177564ms step_avg:140.15ms
step:1268/4740 train_time:177887ms step_avg:140.29ms
step:1269/4740 train_time:178067ms step_avg:140.32ms
step:1270/4740 train_time:178388ms step_avg:140.46ms
step:1271/4740 train_time:178565ms step_avg:140.49ms
step:1272/4740 train_time:178887ms step_avg:140.63ms
step:1273/4740 train_time:179065ms step_avg:140.66ms
step:1274/4740 train_time:179385ms step_avg:140.80ms
step:1275/4740 train_time:179566ms step_avg:140.84ms
step:1276/4740 train_time:179887ms step_avg:140.98ms
step:1277/4740 train_time:180066ms step_avg:141.01ms
step:1278/4740 train_time:180385ms step_avg:141.15ms
step:1279/4740 train_time:180567ms step_avg:141.18ms
step:1280/4740 train_time:180886ms step_avg:141.32ms
step:1281/4740 train_time:181067ms step_avg:141.35ms
step:1282/4740 train_time:181387ms step_avg:141.49ms
step:1283/4740 train_time:181567ms step_avg:141.52ms
step:1284/4740 train_time:181888ms step_avg:141.66ms
step:1285/4740 train_time:182067ms step_avg:141.69ms
step:1286/4740 train_time:182384ms step_avg:141.82ms
step:1287/4740 train_time:182564ms step_avg:141.85ms
step:1288/4740 train_time:182881ms step_avg:141.99ms
step:1289/4740 train_time:183062ms step_avg:142.02ms
step:1290/4740 train_time:183381ms step_avg:142.16ms
step:1291/4740 train_time:183564ms step_avg:142.19ms
step:1292/4740 train_time:183885ms step_avg:142.33ms
step:1293/4740 train_time:184062ms step_avg:142.35ms
step:1294/4740 train_time:184382ms step_avg:142.49ms
step:1295/4740 train_time:184563ms step_avg:142.52ms
step:1296/4740 train_time:184884ms step_avg:142.66ms
step:1297/4740 train_time:185063ms step_avg:142.69ms
step:1298/4740 train_time:185385ms step_avg:142.82ms
step:1299/4740 train_time:185565ms step_avg:142.85ms
step:1300/4740 train_time:185884ms step_avg:142.99ms
step:1301/4740 train_time:186064ms step_avg:143.02ms
step:1302/4740 train_time:186385ms step_avg:143.15ms
step:1303/4740 train_time:186565ms step_avg:143.18ms
step:1304/4740 train_time:186884ms step_avg:143.32ms
step:1305/4740 train_time:187063ms step_avg:143.34ms
step:1306/4740 train_time:187387ms step_avg:143.48ms
step:1307/4740 train_time:187567ms step_avg:143.51ms
step:1308/4740 train_time:187884ms step_avg:143.64ms
step:1309/4740 train_time:188065ms step_avg:143.67ms
step:1310/4740 train_time:188388ms step_avg:143.81ms
step:1311/4740 train_time:188565ms step_avg:143.83ms
step:1312/4740 train_time:188884ms step_avg:143.97ms
step:1313/4740 train_time:189062ms step_avg:143.99ms
step:1314/4740 train_time:189382ms step_avg:144.13ms
step:1315/4740 train_time:189563ms step_avg:144.15ms
step:1316/4740 train_time:189884ms step_avg:144.29ms
step:1317/4740 train_time:190062ms step_avg:144.31ms
step:1318/4740 train_time:190381ms step_avg:144.45ms
step:1319/4740 train_time:190561ms step_avg:144.47ms
step:1320/4740 train_time:190881ms step_avg:144.61ms
step:1321/4740 train_time:191059ms step_avg:144.63ms
step:1322/4740 train_time:191381ms step_avg:144.77ms
step:1323/4740 train_time:191561ms step_avg:144.79ms
step:1324/4740 train_time:191880ms step_avg:144.92ms
step:1325/4740 train_time:192059ms step_avg:144.95ms
step:1326/4740 train_time:192378ms step_avg:145.08ms
step:1327/4740 train_time:192561ms step_avg:145.11ms
step:1328/4740 train_time:192882ms step_avg:145.24ms
step:1329/4740 train_time:193062ms step_avg:145.27ms
step:1330/4740 train_time:193381ms step_avg:145.40ms
step:1331/4740 train_time:193563ms step_avg:145.43ms
step:1332/4740 train_time:193883ms step_avg:145.56ms
step:1333/4740 train_time:194065ms step_avg:145.59ms
step:1334/4740 train_time:194384ms step_avg:145.72ms
step:1335/4740 train_time:194566ms step_avg:145.74ms
step:1336/4740 train_time:194885ms step_avg:145.87ms
step:1337/4740 train_time:195064ms step_avg:145.90ms
step:1338/4740 train_time:195380ms step_avg:146.02ms
step:1339/4740 train_time:195564ms step_avg:146.05ms
step:1340/4740 train_time:195881ms step_avg:146.18ms
step:1341/4740 train_time:196060ms step_avg:146.20ms
step:1342/4740 train_time:196379ms step_avg:146.33ms
step:1343/4740 train_time:196557ms step_avg:146.36ms
step:1344/4740 train_time:196877ms step_avg:146.49ms
step:1345/4740 train_time:197057ms step_avg:146.51ms
step:1346/4740 train_time:197377ms step_avg:146.64ms
step:1347/4740 train_time:197557ms step_avg:146.66ms
step:1348/4740 train_time:197879ms step_avg:146.79ms
step:1349/4740 train_time:198058ms step_avg:146.82ms
step:1350/4740 train_time:198377ms step_avg:146.95ms
step:1351/4740 train_time:198558ms step_avg:146.97ms
step:1352/4740 train_time:198878ms step_avg:147.10ms
step:1353/4740 train_time:199058ms step_avg:147.12ms
step:1354/4740 train_time:199380ms step_avg:147.25ms
step:1355/4740 train_time:199558ms step_avg:147.28ms
step:1356/4740 train_time:199881ms step_avg:147.41ms
step:1357/4740 train_time:200063ms step_avg:147.43ms
step:1358/4740 train_time:200383ms step_avg:147.56ms
step:1359/4740 train_time:200564ms step_avg:147.58ms
step:1360/4740 train_time:200886ms step_avg:147.71ms
step:1361/4740 train_time:201063ms step_avg:147.73ms
step:1362/4740 train_time:201383ms step_avg:147.86ms
step:1363/4740 train_time:201562ms step_avg:147.88ms
step:1364/4740 train_time:201884ms step_avg:148.01ms
step:1365/4740 train_time:202063ms step_avg:148.03ms
step:1366/4740 train_time:202383ms step_avg:148.16ms
step:1367/4740 train_time:202562ms step_avg:148.18ms
step:1368/4740 train_time:202882ms step_avg:148.31ms
step:1369/4740 train_time:203061ms step_avg:148.33ms
step:1370/4740 train_time:203379ms step_avg:148.45ms
step:1371/4740 train_time:203560ms step_avg:148.48ms
step:1372/4740 train_time:203882ms step_avg:148.60ms
step:1373/4740 train_time:204059ms step_avg:148.62ms
step:1374/4740 train_time:204379ms step_avg:148.75ms
step:1375/4740 train_time:204555ms step_avg:148.77ms
step:1376/4740 train_time:204874ms step_avg:148.89ms
step:1377/4740 train_time:205053ms step_avg:148.91ms
step:1378/4740 train_time:205372ms step_avg:149.04ms
step:1379/4740 train_time:205554ms step_avg:149.06ms
step:1380/4740 train_time:205875ms step_avg:149.18ms
step:1381/4740 train_time:206054ms step_avg:149.21ms
step:1382/4740 train_time:206374ms step_avg:149.33ms
step:1383/4740 train_time:206553ms step_avg:149.35ms
step:1384/4740 train_time:206873ms step_avg:149.47ms
step:1385/4740 train_time:207052ms step_avg:149.50ms
step:1386/4740 train_time:207374ms step_avg:149.62ms
step:1387/4740 train_time:207553ms step_avg:149.64ms
step:1388/4740 train_time:207872ms step_avg:149.76ms
step:1389/4740 train_time:208052ms step_avg:149.79ms
step:1390/4740 train_time:208371ms step_avg:149.91ms
step:1391/4740 train_time:208551ms step_avg:149.93ms
step:1392/4740 train_time:208872ms step_avg:150.05ms
step:1393/4740 train_time:209049ms step_avg:150.07ms
step:1394/4740 train_time:209372ms step_avg:150.20ms
step:1395/4740 train_time:209550ms step_avg:150.22ms
step:1396/4740 train_time:209872ms step_avg:150.34ms
step:1397/4740 train_time:210050ms step_avg:150.36ms
step:1398/4740 train_time:210373ms step_avg:150.48ms
step:1399/4740 train_time:210554ms step_avg:150.50ms
step:1400/4740 train_time:210872ms step_avg:150.62ms
step:1401/4740 train_time:211050ms step_avg:150.64ms
step:1402/4740 train_time:211372ms step_avg:150.76ms
step:1403/4740 train_time:211553ms step_avg:150.79ms
step:1404/4740 train_time:211872ms step_avg:150.91ms
step:1405/4740 train_time:212050ms step_avg:150.92ms
step:1406/4740 train_time:212372ms step_avg:151.05ms
step:1407/4740 train_time:212549ms step_avg:151.07ms
step:1408/4740 train_time:212870ms step_avg:151.19ms
step:1409/4740 train_time:213050ms step_avg:151.21ms
step:1410/4740 train_time:213366ms step_avg:151.32ms
step:1411/4740 train_time:213547ms step_avg:151.34ms
step:1412/4740 train_time:213869ms step_avg:151.47ms
step:1413/4740 train_time:214049ms step_avg:151.49ms
step:1414/4740 train_time:214372ms step_avg:151.61ms
step:1415/4740 train_time:214548ms step_avg:151.62ms
step:1416/4740 train_time:214867ms step_avg:151.74ms
step:1417/4740 train_time:215049ms step_avg:151.76ms
step:1418/4740 train_time:215371ms step_avg:151.88ms
step:1419/4740 train_time:215550ms step_avg:151.90ms
step:1420/4740 train_time:215871ms step_avg:152.02ms
step:1421/4740 train_time:216049ms step_avg:152.04ms
step:1422/4740 train_time:216372ms step_avg:152.16ms
step:1423/4740 train_time:216550ms step_avg:152.18ms
step:1424/4740 train_time:216870ms step_avg:152.30ms
step:1425/4740 train_time:217047ms step_avg:152.31ms
step:1426/4740 train_time:217372ms step_avg:152.43ms
step:1427/4740 train_time:217547ms step_avg:152.45ms
step:1428/4740 train_time:217866ms step_avg:152.57ms
step:1429/4740 train_time:218046ms step_avg:152.59ms
step:1430/4740 train_time:218366ms step_avg:152.70ms
step:1431/4740 train_time:218545ms step_avg:152.72ms
step:1432/4740 train_time:218869ms step_avg:152.84ms
step:1433/4740 train_time:219047ms step_avg:152.86ms
step:1434/4740 train_time:219368ms step_avg:152.98ms
step:1435/4740 train_time:219549ms step_avg:153.00ms
step:1436/4740 train_time:219866ms step_avg:153.11ms
step:1437/4740 train_time:220050ms step_avg:153.13ms
step:1438/4740 train_time:220370ms step_avg:153.25ms
step:1439/4740 train_time:220548ms step_avg:153.26ms
step:1440/4740 train_time:220867ms step_avg:153.38ms
step:1441/4740 train_time:221048ms step_avg:153.40ms
step:1442/4740 train_time:221370ms step_avg:153.52ms
step:1443/4740 train_time:221547ms step_avg:153.53ms
step:1444/4740 train_time:221866ms step_avg:153.65ms
step:1445/4740 train_time:222046ms step_avg:153.66ms
step:1446/4740 train_time:222363ms step_avg:153.78ms
step:1447/4740 train_time:222543ms step_avg:153.80ms
step:1448/4740 train_time:222863ms step_avg:153.91ms
step:1449/4740 train_time:223044ms step_avg:153.93ms
step:1450/4740 train_time:223362ms step_avg:154.04ms
step:1451/4740 train_time:223541ms step_avg:154.06ms
step:1452/4740 train_time:223860ms step_avg:154.17ms
step:1453/4740 train_time:224042ms step_avg:154.19ms
step:1454/4740 train_time:224361ms step_avg:154.31ms
step:1455/4740 train_time:224541ms step_avg:154.32ms
step:1456/4740 train_time:224858ms step_avg:154.44ms
step:1457/4740 train_time:225043ms step_avg:154.46ms
step:1458/4740 train_time:225361ms step_avg:154.57ms
step:1459/4740 train_time:225540ms step_avg:154.59ms
step:1460/4740 train_time:225858ms step_avg:154.70ms
step:1461/4740 train_time:226038ms step_avg:154.71ms
step:1462/4740 train_time:226355ms step_avg:154.83ms
step:1463/4740 train_time:226534ms step_avg:154.84ms
step:1464/4740 train_time:226854ms step_avg:154.95ms
step:1465/4740 train_time:227036ms step_avg:154.97ms
step:1466/4740 train_time:227356ms step_avg:155.09ms
step:1467/4740 train_time:227538ms step_avg:155.10ms
step:1468/4740 train_time:227854ms step_avg:155.21ms
step:1469/4740 train_time:228041ms step_avg:155.24ms
step:1470/4740 train_time:228355ms step_avg:155.34ms
step:1471/4740 train_time:228541ms step_avg:155.36ms
step:1472/4740 train_time:228859ms step_avg:155.47ms
step:1473/4740 train_time:229040ms step_avg:155.49ms
step:1474/4740 train_time:229358ms step_avg:155.60ms
step:1475/4740 train_time:229540ms step_avg:155.62ms
step:1476/4740 train_time:229859ms step_avg:155.73ms
step:1477/4740 train_time:230039ms step_avg:155.75ms
step:1478/4740 train_time:230359ms step_avg:155.86ms
step:1479/4740 train_time:230538ms step_avg:155.87ms
step:1480/4740 train_time:230855ms step_avg:155.98ms
step:1481/4740 train_time:231040ms step_avg:156.00ms
step:1482/4740 train_time:231357ms step_avg:156.11ms
step:1483/4740 train_time:231541ms step_avg:156.13ms
step:1484/4740 train_time:231858ms step_avg:156.24ms
step:1485/4740 train_time:232041ms step_avg:156.26ms
step:1486/4740 train_time:232359ms step_avg:156.37ms
step:1487/4740 train_time:232540ms step_avg:156.38ms
step:1488/4740 train_time:232861ms step_avg:156.49ms
step:1489/4740 train_time:233042ms step_avg:156.51ms
step:1490/4740 train_time:233359ms step_avg:156.62ms
step:1491/4740 train_time:233540ms step_avg:156.63ms
step:1492/4740 train_time:233859ms step_avg:156.74ms
step:1493/4740 train_time:234039ms step_avg:156.76ms
step:1494/4740 train_time:234355ms step_avg:156.86ms
step:1495/4740 train_time:234539ms step_avg:156.88ms
step:1496/4740 train_time:234854ms step_avg:156.99ms
step:1497/4740 train_time:235040ms step_avg:157.01ms
step:1498/4740 train_time:235354ms step_avg:157.11ms
step:1499/4740 train_time:235535ms step_avg:157.13ms
step:1500/4740 train_time:235854ms step_avg:157.24ms
step:1500/4740 val_loss:3.3007 train_time:235984ms step_avg:157.32ms
step:1501/4740 train_time:236039ms step_avg:157.25ms
step:1502/4740 train_time:236360ms step_avg:157.36ms
step:1503/4740 train_time:236545ms step_avg:157.38ms
step:1504/4740 train_time:236858ms step_avg:157.49ms
step:1505/4740 train_time:237040ms step_avg:157.50ms
step:1506/4740 train_time:237360ms step_avg:157.61ms
step:1507/4740 train_time:237547ms step_avg:157.63ms
step:1508/4740 train_time:237865ms step_avg:157.74ms
step:1509/4740 train_time:238044ms step_avg:157.75ms
step:1510/4740 train_time:238365ms step_avg:157.86ms
step:1511/4740 train_time:238549ms step_avg:157.87ms
step:1512/4740 train_time:238870ms step_avg:157.98ms
step:1513/4740 train_time:239048ms step_avg:158.00ms
step:1514/4740 train_time:239369ms step_avg:158.10ms
step:1515/4740 train_time:239551ms step_avg:158.12ms
step:1516/4740 train_time:239871ms step_avg:158.23ms
step:1517/4740 train_time:240050ms step_avg:158.24ms
step:1518/4740 train_time:240367ms step_avg:158.34ms
step:1519/4740 train_time:240547ms step_avg:158.36ms
step:1520/4740 train_time:240865ms step_avg:158.46ms
step:1521/4740 train_time:241044ms step_avg:158.48ms
step:1522/4740 train_time:241365ms step_avg:158.58ms
step:1523/4740 train_time:241546ms step_avg:158.60ms
step:1524/4740 train_time:241865ms step_avg:158.70ms
step:1525/4740 train_time:242046ms step_avg:158.72ms
step:1526/4740 train_time:242363ms step_avg:158.82ms
step:1527/4740 train_time:242545ms step_avg:158.84ms
step:1528/4740 train_time:242863ms step_avg:158.94ms
step:1529/4740 train_time:243046ms step_avg:158.96ms
step:1530/4740 train_time:243362ms step_avg:159.06ms
step:1531/4740 train_time:243541ms step_avg:159.07ms
step:1532/4740 train_time:243863ms step_avg:159.18ms
step:1533/4740 train_time:244042ms step_avg:159.19ms
step:1534/4740 train_time:244362ms step_avg:159.30ms
step:1535/4740 train_time:244540ms step_avg:159.31ms
step:1536/4740 train_time:244855ms step_avg:159.41ms
step:1537/4740 train_time:245040ms step_avg:159.43ms
step:1538/4740 train_time:245356ms step_avg:159.53ms
step:1539/4740 train_time:245537ms step_avg:159.54ms
step:1540/4740 train_time:245855ms step_avg:159.65ms
step:1541/4740 train_time:246041ms step_avg:159.66ms
step:1542/4740 train_time:246362ms step_avg:159.77ms
step:1543/4740 train_time:246539ms step_avg:159.78ms
step:1544/4740 train_time:246857ms step_avg:159.88ms
step:1545/4740 train_time:247038ms step_avg:159.90ms
step:1546/4740 train_time:247356ms step_avg:160.00ms
step:1547/4740 train_time:247537ms step_avg:160.01ms
step:1548/4740 train_time:247856ms step_avg:160.11ms
step:1549/4740 train_time:248039ms step_avg:160.13ms
step:1550/4740 train_time:248353ms step_avg:160.23ms
step:1551/4740 train_time:248538ms step_avg:160.24ms
step:1552/4740 train_time:248855ms step_avg:160.34ms
step:1553/4740 train_time:249035ms step_avg:160.36ms
step:1554/4740 train_time:249354ms step_avg:160.46ms
step:1555/4740 train_time:249535ms step_avg:160.47ms
step:1556/4740 train_time:249856ms step_avg:160.58ms
step:1557/4740 train_time:250034ms step_avg:160.59ms
step:1558/4740 train_time:250353ms step_avg:160.69ms
step:1559/4740 train_time:250535ms step_avg:160.70ms
step:1560/4740 train_time:250855ms step_avg:160.80ms
step:1561/4740 train_time:251037ms step_avg:160.82ms
step:1562/4740 train_time:251353ms step_avg:160.92ms
step:1563/4740 train_time:251537ms step_avg:160.93ms
step:1564/4740 train_time:251853ms step_avg:161.03ms
step:1565/4740 train_time:252035ms step_avg:161.04ms
step:1566/4740 train_time:252356ms step_avg:161.15ms
step:1567/4740 train_time:252534ms step_avg:161.16ms
step:1568/4740 train_time:252854ms step_avg:161.26ms
step:1569/4740 train_time:253036ms step_avg:161.27ms
step:1570/4740 train_time:253357ms step_avg:161.37ms
step:1571/4740 train_time:253539ms step_avg:161.39ms
step:1572/4740 train_time:253860ms step_avg:161.49ms
step:1573/4740 train_time:254041ms step_avg:161.50ms
step:1574/4740 train_time:254361ms step_avg:161.60ms
step:1575/4740 train_time:254545ms step_avg:161.62ms
step:1576/4740 train_time:254861ms step_avg:161.71ms
step:1577/4740 train_time:255045ms step_avg:161.73ms
step:1578/4740 train_time:255364ms step_avg:161.83ms
step:1579/4740 train_time:255546ms step_avg:161.84ms
step:1580/4740 train_time:255866ms step_avg:161.94ms
step:1581/4740 train_time:256048ms step_avg:161.95ms
step:1582/4740 train_time:256368ms step_avg:162.05ms
step:1583/4740 train_time:256552ms step_avg:162.07ms
step:1584/4740 train_time:256871ms step_avg:162.17ms
step:1585/4740 train_time:257053ms step_avg:162.18ms
step:1586/4740 train_time:257376ms step_avg:162.28ms
step:1587/4740 train_time:257556ms step_avg:162.29ms
step:1588/4740 train_time:257876ms step_avg:162.39ms
step:1589/4740 train_time:258055ms step_avg:162.40ms
step:1590/4740 train_time:258375ms step_avg:162.50ms
step:1591/4740 train_time:258557ms step_avg:162.51ms
step:1592/4740 train_time:258875ms step_avg:162.61ms
step:1593/4740 train_time:259059ms step_avg:162.62ms
step:1594/4740 train_time:259381ms step_avg:162.72ms
step:1595/4740 train_time:259559ms step_avg:162.73ms
step:1596/4740 train_time:259879ms step_avg:162.83ms
step:1597/4740 train_time:260059ms step_avg:162.84ms
step:1598/4740 train_time:260377ms step_avg:162.94ms
step:1599/4740 train_time:260557ms step_avg:162.95ms
step:1600/4740 train_time:260875ms step_avg:163.05ms
step:1601/4740 train_time:261057ms step_avg:163.06ms
step:1602/4740 train_time:261377ms step_avg:163.16ms
step:1603/4740 train_time:261557ms step_avg:163.17ms
step:1604/4740 train_time:261875ms step_avg:163.26ms
step:1605/4740 train_time:262058ms step_avg:163.28ms
step:1606/4740 train_time:262377ms step_avg:163.37ms
step:1607/4740 train_time:262562ms step_avg:163.39ms
step:1608/4740 train_time:262884ms step_avg:163.48ms
step:1609/4740 train_time:263062ms step_avg:163.49ms
step:1610/4740 train_time:263384ms step_avg:163.59ms
step:1611/4740 train_time:263566ms step_avg:163.60ms
step:1612/4740 train_time:263885ms step_avg:163.70ms
step:1613/4740 train_time:264066ms step_avg:163.71ms
step:1614/4740 train_time:264382ms step_avg:163.81ms
step:1615/4740 train_time:264564ms step_avg:163.82ms
step:1616/4740 train_time:264885ms step_avg:163.91ms
step:1617/4740 train_time:265064ms step_avg:163.92ms
step:1618/4740 train_time:265385ms step_avg:164.02ms
step:1619/4740 train_time:265566ms step_avg:164.03ms
step:1620/4740 train_time:265888ms step_avg:164.13ms
step:1621/4740 train_time:266067ms step_avg:164.14ms
step:1622/4740 train_time:266390ms step_avg:164.24ms
step:1623/4740 train_time:266569ms step_avg:164.24ms
step:1624/4740 train_time:266890ms step_avg:164.34ms
step:1625/4740 train_time:267070ms step_avg:164.35ms
step:1626/4740 train_time:267390ms step_avg:164.45ms
step:1627/4740 train_time:267572ms step_avg:164.46ms
step:1628/4740 train_time:267890ms step_avg:164.55ms
step:1629/4740 train_time:268068ms step_avg:164.56ms
step:1630/4740 train_time:268386ms step_avg:164.65ms
step:1631/4740 train_time:268567ms step_avg:164.66ms
step:1632/4740 train_time:268886ms step_avg:164.76ms
step:1633/4740 train_time:269066ms step_avg:164.77ms
step:1634/4740 train_time:269390ms step_avg:164.87ms
step:1635/4740 train_time:269570ms step_avg:164.87ms
step:1636/4740 train_time:269891ms step_avg:164.97ms
step:1637/4740 train_time:270070ms step_avg:164.98ms
step:1638/4740 train_time:270392ms step_avg:165.07ms
step:1639/4740 train_time:270571ms step_avg:165.08ms
step:1640/4740 train_time:270891ms step_avg:165.18ms
step:1641/4740 train_time:271071ms step_avg:165.19ms
step:1642/4740 train_time:271392ms step_avg:165.28ms
step:1643/4740 train_time:271570ms step_avg:165.29ms
step:1644/4740 train_time:271891ms step_avg:165.38ms
step:1645/4740 train_time:272071ms step_avg:165.39ms
step:1646/4740 train_time:272389ms step_avg:165.49ms
step:1647/4740 train_time:272572ms step_avg:165.50ms
step:1648/4740 train_time:272892ms step_avg:165.59ms
step:1649/4740 train_time:273071ms step_avg:165.60ms
step:1650/4740 train_time:273393ms step_avg:165.69ms
step:1651/4740 train_time:273571ms step_avg:165.70ms
step:1652/4740 train_time:273891ms step_avg:165.79ms
step:1653/4740 train_time:274077ms step_avg:165.81ms
step:1654/4740 train_time:274395ms step_avg:165.90ms
step:1655/4740 train_time:274574ms step_avg:165.91ms
step:1656/4740 train_time:274895ms step_avg:166.00ms
step:1657/4740 train_time:275079ms step_avg:166.01ms
step:1658/4740 train_time:275399ms step_avg:166.10ms
step:1659/4740 train_time:275582ms step_avg:166.11ms
step:1660/4740 train_time:275905ms step_avg:166.21ms
step:1661/4740 train_time:276087ms step_avg:166.22ms
step:1662/4740 train_time:276404ms step_avg:166.31ms
step:1663/4740 train_time:276586ms step_avg:166.32ms
step:1664/4740 train_time:276908ms step_avg:166.41ms
step:1665/4740 train_time:277092ms step_avg:166.42ms
step:1666/4740 train_time:277416ms step_avg:166.52ms
step:1667/4740 train_time:277595ms step_avg:166.52ms
step:1668/4740 train_time:277915ms step_avg:166.62ms
step:1669/4740 train_time:278100ms step_avg:166.63ms
step:1670/4740 train_time:278420ms step_avg:166.72ms
step:1671/4740 train_time:278598ms step_avg:166.73ms
step:1672/4740 train_time:278920ms step_avg:166.82ms
step:1673/4740 train_time:279103ms step_avg:166.83ms
step:1674/4740 train_time:279425ms step_avg:166.92ms
step:1675/4740 train_time:279607ms step_avg:166.93ms
step:1676/4740 train_time:279926ms step_avg:167.02ms
step:1677/4740 train_time:280109ms step_avg:167.03ms
step:1678/4740 train_time:280427ms step_avg:167.12ms
step:1679/4740 train_time:280607ms step_avg:167.13ms
step:1680/4740 train_time:280928ms step_avg:167.22ms
step:1681/4740 train_time:281108ms step_avg:167.23ms
step:1682/4740 train_time:281431ms step_avg:167.32ms
step:1683/4740 train_time:281613ms step_avg:167.33ms
step:1684/4740 train_time:281935ms step_avg:167.42ms
step:1685/4740 train_time:282114ms step_avg:167.43ms
step:1686/4740 train_time:282435ms step_avg:167.52ms
step:1687/4740 train_time:282621ms step_avg:167.53ms
step:1688/4740 train_time:282937ms step_avg:167.62ms
step:1689/4740 train_time:283122ms step_avg:167.63ms
step:1690/4740 train_time:283439ms step_avg:167.72ms
step:1691/4740 train_time:283620ms step_avg:167.72ms
step:1692/4740 train_time:283941ms step_avg:167.81ms
step:1693/4740 train_time:284123ms step_avg:167.82ms
step:1694/4740 train_time:284444ms step_avg:167.91ms
step:1695/4740 train_time:284627ms step_avg:167.92ms
step:1696/4740 train_time:284946ms step_avg:168.01ms
step:1697/4740 train_time:285128ms step_avg:168.02ms
step:1698/4740 train_time:285449ms step_avg:168.11ms
step:1699/4740 train_time:285632ms step_avg:168.12ms
step:1700/4740 train_time:285953ms step_avg:168.21ms
step:1701/4740 train_time:286133ms step_avg:168.21ms
step:1702/4740 train_time:286452ms step_avg:168.30ms
step:1703/4740 train_time:286634ms step_avg:168.31ms
step:1704/4740 train_time:286955ms step_avg:168.40ms
step:1705/4740 train_time:287134ms step_avg:168.41ms
step:1706/4740 train_time:287455ms step_avg:168.50ms
step:1707/4740 train_time:287635ms step_avg:168.50ms
step:1708/4740 train_time:287956ms step_avg:168.59ms
step:1709/4740 train_time:288134ms step_avg:168.60ms
step:1710/4740 train_time:288456ms step_avg:168.69ms
step:1711/4740 train_time:288638ms step_avg:168.70ms
step:1712/4740 train_time:288957ms step_avg:168.78ms
step:1713/4740 train_time:289139ms step_avg:168.79ms
step:1714/4740 train_time:289459ms step_avg:168.88ms
step:1715/4740 train_time:289640ms step_avg:168.89ms
step:1716/4740 train_time:289962ms step_avg:168.98ms
step:1717/4740 train_time:290142ms step_avg:168.98ms
step:1718/4740 train_time:290460ms step_avg:169.07ms
step:1719/4740 train_time:290641ms step_avg:169.08ms
step:1720/4740 train_time:290963ms step_avg:169.16ms
step:1721/4740 train_time:291140ms step_avg:169.17ms
step:1722/4740 train_time:291462ms step_avg:169.26ms
step:1723/4740 train_time:291641ms step_avg:169.26ms
step:1724/4740 train_time:291960ms step_avg:169.35ms
step:1725/4740 train_time:292142ms step_avg:169.36ms
step:1726/4740 train_time:292464ms step_avg:169.45ms
step:1727/4740 train_time:292644ms step_avg:169.45ms
step:1728/4740 train_time:292964ms step_avg:169.54ms
step:1729/4740 train_time:293144ms step_avg:169.55ms
step:1730/4740 train_time:293466ms step_avg:169.63ms
step:1731/4740 train_time:293647ms step_avg:169.64ms
step:1732/4740 train_time:293968ms step_avg:169.73ms
step:1733/4740 train_time:294145ms step_avg:169.73ms
step:1734/4740 train_time:294468ms step_avg:169.82ms
step:1735/4740 train_time:294651ms step_avg:169.83ms
step:1736/4740 train_time:294972ms step_avg:169.91ms
step:1737/4740 train_time:295151ms step_avg:169.92ms
step:1738/4740 train_time:295472ms step_avg:170.01ms
step:1739/4740 train_time:295651ms step_avg:170.01ms
step:1740/4740 train_time:295969ms step_avg:170.10ms
step:1741/4740 train_time:296148ms step_avg:170.10ms
step:1742/4740 train_time:296466ms step_avg:170.19ms
step:1743/4740 train_time:296648ms step_avg:170.19ms
step:1744/4740 train_time:296966ms step_avg:170.28ms
step:1745/4740 train_time:297147ms step_avg:170.28ms
step:1746/4740 train_time:297469ms step_avg:170.37ms
step:1747/4740 train_time:297651ms step_avg:170.38ms
step:1748/4740 train_time:297969ms step_avg:170.46ms
step:1749/4740 train_time:298153ms step_avg:170.47ms
step:1750/4740 train_time:298471ms step_avg:170.55ms
step:1750/4740 val_loss:3.2515 train_time:298601ms step_avg:170.63ms
step:1751/4740 train_time:298657ms step_avg:170.56ms
step:1752/4740 train_time:298984ms step_avg:170.65ms
step:1753/4740 train_time:299168ms step_avg:170.66ms
step:1754/4740 train_time:299483ms step_avg:170.74ms
step:1755/4740 train_time:299667ms step_avg:170.75ms
step:1756/4740 train_time:299988ms step_avg:170.84ms
step:1757/4740 train_time:300173ms step_avg:170.84ms
step:1758/4740 train_time:300489ms step_avg:170.93ms
step:1759/4740 train_time:300668ms step_avg:170.93ms
step:1760/4740 train_time:300989ms step_avg:171.02ms
step:1761/4740 train_time:301169ms step_avg:171.02ms
step:1762/4740 train_time:301487ms step_avg:171.11ms
step:1763/4740 train_time:301668ms step_avg:171.11ms
step:1764/4740 train_time:301992ms step_avg:171.20ms
step:1765/4740 train_time:302170ms step_avg:171.20ms
step:1766/4740 train_time:302492ms step_avg:171.29ms
step:1767/4740 train_time:302673ms step_avg:171.29ms
step:1768/4740 train_time:302994ms step_avg:171.38ms
step:1769/4740 train_time:303175ms step_avg:171.38ms
step:1770/4740 train_time:303496ms step_avg:171.47ms
step:1771/4740 train_time:303680ms step_avg:171.47ms
step:1772/4740 train_time:304001ms step_avg:171.56ms
step:1773/4740 train_time:304183ms step_avg:171.56ms
step:1774/4740 train_time:304505ms step_avg:171.65ms
step:1775/4740 train_time:304686ms step_avg:171.65ms
step:1776/4740 train_time:305007ms step_avg:171.74ms
step:1777/4740 train_time:305189ms step_avg:171.74ms
step:1778/4740 train_time:305510ms step_avg:171.83ms
step:1779/4740 train_time:305692ms step_avg:171.83ms
step:1780/4740 train_time:306011ms step_avg:171.92ms
step:1781/4740 train_time:306192ms step_avg:171.92ms
step:1782/4740 train_time:306513ms step_avg:172.01ms
step:1783/4740 train_time:306692ms step_avg:172.01ms
step:1784/4740 train_time:307015ms step_avg:172.09ms
step:1785/4740 train_time:307194ms step_avg:172.10ms
step:1786/4740 train_time:307515ms step_avg:172.18ms
step:1787/4740 train_time:307695ms step_avg:172.19ms
step:1788/4740 train_time:308018ms step_avg:172.27ms
step:1789/4740 train_time:308199ms step_avg:172.27ms
step:1790/4740 train_time:308520ms step_avg:172.36ms
step:1791/4740 train_time:308702ms step_avg:172.36ms
step:1792/4740 train_time:309020ms step_avg:172.44ms
step:1793/4740 train_time:309202ms step_avg:172.45ms
step:1794/4740 train_time:309524ms step_avg:172.53ms
step:1795/4740 train_time:309703ms step_avg:172.54ms
step:1796/4740 train_time:310025ms step_avg:172.62ms
step:1797/4740 train_time:310203ms step_avg:172.62ms
step:1798/4740 train_time:310523ms step_avg:172.70ms
step:1799/4740 train_time:310705ms step_avg:172.71ms
step:1800/4740 train_time:311024ms step_avg:172.79ms
step:1801/4740 train_time:311206ms step_avg:172.80ms
step:1802/4740 train_time:311525ms step_avg:172.88ms
step:1803/4740 train_time:311707ms step_avg:172.88ms
step:1804/4740 train_time:312025ms step_avg:172.96ms
step:1805/4740 train_time:312207ms step_avg:172.97ms
step:1806/4740 train_time:312523ms step_avg:173.05ms
step:1807/4740 train_time:312708ms step_avg:173.05ms
step:1808/4740 train_time:313028ms step_avg:173.13ms
step:1809/4740 train_time:313210ms step_avg:173.14ms
step:1810/4740 train_time:313526ms step_avg:173.22ms
step:1811/4740 train_time:313710ms step_avg:173.22ms
step:1812/4740 train_time:314031ms step_avg:173.31ms
step:1813/4740 train_time:314211ms step_avg:173.31ms
step:1814/4740 train_time:314530ms step_avg:173.39ms
step:1815/4740 train_time:314711ms step_avg:173.39ms
step:1816/4740 train_time:315033ms step_avg:173.48ms
step:1817/4740 train_time:315219ms step_avg:173.48ms
step:1818/4740 train_time:315537ms step_avg:173.56ms
step:1819/4740 train_time:315719ms step_avg:173.57ms
step:1820/4740 train_time:316039ms step_avg:173.65ms
step:1821/4740 train_time:316221ms step_avg:173.65ms
step:1822/4740 train_time:316543ms step_avg:173.73ms
step:1823/4740 train_time:316725ms step_avg:173.74ms
step:1824/4740 train_time:317044ms step_avg:173.82ms
step:1825/4740 train_time:317224ms step_avg:173.82ms
step:1826/4740 train_time:317542ms step_avg:173.90ms
step:1827/4740 train_time:317728ms step_avg:173.91ms
step:1828/4740 train_time:318047ms step_avg:173.99ms
step:1829/4740 train_time:318227ms step_avg:173.99ms
step:1830/4740 train_time:318550ms step_avg:174.07ms
step:1831/4740 train_time:318729ms step_avg:174.07ms
step:1832/4740 train_time:319048ms step_avg:174.15ms
step:1833/4740 train_time:319229ms step_avg:174.16ms
step:1834/4740 train_time:319549ms step_avg:174.24ms
step:1835/4740 train_time:319731ms step_avg:174.24ms
step:1836/4740 train_time:320048ms step_avg:174.32ms
step:1837/4740 train_time:320232ms step_avg:174.32ms
step:1838/4740 train_time:320554ms step_avg:174.40ms
step:1839/4740 train_time:320738ms step_avg:174.41ms
step:1840/4740 train_time:321058ms step_avg:174.49ms
step:1841/4740 train_time:321240ms step_avg:174.49ms
step:1842/4740 train_time:321559ms step_avg:174.57ms
step:1843/4740 train_time:321745ms step_avg:174.58ms
step:1844/4740 train_time:322062ms step_avg:174.65ms
step:1845/4740 train_time:322242ms step_avg:174.66ms
step:1846/4740 train_time:322562ms step_avg:174.74ms
step:1847/4740 train_time:322747ms step_avg:174.74ms
step:1848/4740 train_time:323064ms step_avg:174.82ms
step:1849/4740 train_time:323246ms step_avg:174.82ms
step:1850/4740 train_time:323568ms step_avg:174.90ms
step:1851/4740 train_time:323750ms step_avg:174.91ms
step:1852/4740 train_time:324067ms step_avg:174.98ms
step:1853/4740 train_time:324248ms step_avg:174.99ms
step:1854/4740 train_time:324568ms step_avg:175.06ms
step:1855/4740 train_time:324749ms step_avg:175.07ms
step:1856/4740 train_time:325070ms step_avg:175.15ms
step:1857/4740 train_time:325247ms step_avg:175.15ms
step:1858/4740 train_time:325567ms step_avg:175.22ms
step:1859/4740 train_time:325749ms step_avg:175.23ms
step:1860/4740 train_time:326068ms step_avg:175.31ms
step:1861/4740 train_time:326249ms step_avg:175.31ms
step:1862/4740 train_time:326566ms step_avg:175.38ms
step:1863/4740 train_time:326747ms step_avg:175.39ms
step:1864/4740 train_time:327068ms step_avg:175.47ms
step:1865/4740 train_time:327247ms step_avg:175.47ms
step:1866/4740 train_time:327565ms step_avg:175.54ms
step:1867/4740 train_time:327746ms step_avg:175.55ms
step:1868/4740 train_time:328062ms step_avg:175.62ms
step:1869/4740 train_time:328246ms step_avg:175.63ms
step:1870/4740 train_time:328566ms step_avg:175.70ms
step:1871/4740 train_time:328746ms step_avg:175.71ms
step:1872/4740 train_time:329067ms step_avg:175.78ms
step:1873/4740 train_time:329247ms step_avg:175.79ms
step:1874/4740 train_time:329565ms step_avg:175.86ms
step:1875/4740 train_time:329747ms step_avg:175.87ms
step:1876/4740 train_time:330071ms step_avg:175.94ms
step:1877/4740 train_time:330249ms step_avg:175.95ms
step:1878/4740 train_time:330571ms step_avg:176.02ms
step:1879/4740 train_time:330752ms step_avg:176.03ms
step:1880/4740 train_time:331073ms step_avg:176.10ms
step:1881/4740 train_time:331251ms step_avg:176.10ms
step:1882/4740 train_time:331570ms step_avg:176.18ms
step:1883/4740 train_time:331749ms step_avg:176.18ms
step:1884/4740 train_time:332066ms step_avg:176.26ms
step:1885/4740 train_time:332246ms step_avg:176.26ms
step:1886/4740 train_time:332565ms step_avg:176.33ms
step:1887/4740 train_time:332749ms step_avg:176.34ms
step:1888/4740 train_time:333068ms step_avg:176.41ms
step:1889/4740 train_time:333249ms step_avg:176.42ms
step:1890/4740 train_time:333568ms step_avg:176.49ms
step:1891/4740 train_time:333749ms step_avg:176.49ms
step:1892/4740 train_time:334070ms step_avg:176.57ms
step:1893/4740 train_time:334252ms step_avg:176.57ms
step:1894/4740 train_time:334572ms step_avg:176.65ms
step:1895/4740 train_time:334752ms step_avg:176.65ms
step:1896/4740 train_time:335072ms step_avg:176.73ms
step:1897/4740 train_time:335253ms step_avg:176.73ms
step:1898/4740 train_time:335574ms step_avg:176.80ms
step:1899/4740 train_time:335754ms step_avg:176.81ms
step:1900/4740 train_time:336073ms step_avg:176.88ms
step:1901/4740 train_time:336254ms step_avg:176.88ms
step:1902/4740 train_time:336575ms step_avg:176.96ms
step:1903/4740 train_time:336756ms step_avg:176.96ms
step:1904/4740 train_time:337077ms step_avg:177.04ms
step:1905/4740 train_time:337256ms step_avg:177.04ms
step:1906/4740 train_time:337578ms step_avg:177.11ms
step:1907/4740 train_time:337760ms step_avg:177.12ms
step:1908/4740 train_time:338081ms step_avg:177.19ms
step:1909/4740 train_time:338260ms step_avg:177.19ms
step:1910/4740 train_time:338584ms step_avg:177.27ms
step:1911/4740 train_time:338766ms step_avg:177.27ms
step:1912/4740 train_time:339088ms step_avg:177.35ms
step:1913/4740 train_time:339267ms step_avg:177.35ms
step:1914/4740 train_time:339588ms step_avg:177.42ms
step:1915/4740 train_time:339768ms step_avg:177.42ms
step:1916/4740 train_time:340090ms step_avg:177.50ms
step:1917/4740 train_time:340269ms step_avg:177.50ms
step:1918/4740 train_time:340588ms step_avg:177.57ms
step:1919/4740 train_time:340767ms step_avg:177.58ms
step:1920/4740 train_time:341088ms step_avg:177.65ms
step:1921/4740 train_time:341272ms step_avg:177.65ms
step:1922/4740 train_time:341591ms step_avg:177.73ms
step:1923/4740 train_time:341772ms step_avg:177.73ms
step:1924/4740 train_time:342094ms step_avg:177.80ms
step:1925/4740 train_time:342277ms step_avg:177.81ms
step:1926/4740 train_time:342596ms step_avg:177.88ms
step:1927/4740 train_time:342779ms step_avg:177.88ms
step:1928/4740 train_time:343096ms step_avg:177.95ms
step:1929/4740 train_time:343280ms step_avg:177.96ms
step:1930/4740 train_time:343597ms step_avg:178.03ms
step:1931/4740 train_time:343782ms step_avg:178.03ms
step:1932/4740 train_time:344097ms step_avg:178.10ms
step:1933/4740 train_time:344281ms step_avg:178.11ms
step:1934/4740 train_time:344597ms step_avg:178.18ms
step:1935/4740 train_time:344781ms step_avg:178.18ms
step:1936/4740 train_time:345101ms step_avg:178.25ms
step:1937/4740 train_time:345281ms step_avg:178.26ms
step:1938/4740 train_time:345602ms step_avg:178.33ms
step:1939/4740 train_time:345782ms step_avg:178.33ms
step:1940/4740 train_time:346100ms step_avg:178.40ms
step:1941/4740 train_time:346283ms step_avg:178.40ms
step:1942/4740 train_time:346602ms step_avg:178.48ms
step:1943/4740 train_time:346783ms step_avg:178.48ms
step:1944/4740 train_time:347101ms step_avg:178.55ms
step:1945/4740 train_time:347283ms step_avg:178.55ms
step:1946/4740 train_time:347601ms step_avg:178.62ms
step:1947/4740 train_time:347783ms step_avg:178.62ms
step:1948/4740 train_time:348103ms step_avg:178.70ms
step:1949/4740 train_time:348286ms step_avg:178.70ms
step:1950/4740 train_time:348605ms step_avg:178.77ms
step:1951/4740 train_time:348789ms step_avg:178.77ms
step:1952/4740 train_time:349110ms step_avg:178.85ms
step:1953/4740 train_time:349291ms step_avg:178.85ms
step:1954/4740 train_time:349614ms step_avg:178.92ms
step:1955/4740 train_time:349792ms step_avg:178.92ms
step:1956/4740 train_time:350114ms step_avg:178.99ms
step:1957/4740 train_time:350293ms step_avg:178.99ms
step:1958/4740 train_time:350613ms step_avg:179.07ms
step:1959/4740 train_time:350793ms step_avg:179.07ms
step:1960/4740 train_time:351114ms step_avg:179.14ms
step:1961/4740 train_time:351296ms step_avg:179.14ms
step:1962/4740 train_time:351619ms step_avg:179.21ms
step:1963/4740 train_time:351795ms step_avg:179.21ms
step:1964/4740 train_time:352119ms step_avg:179.29ms
step:1965/4740 train_time:352301ms step_avg:179.29ms
step:1966/4740 train_time:352625ms step_avg:179.36ms
step:1967/4740 train_time:352803ms step_avg:179.36ms
step:1968/4740 train_time:353126ms step_avg:179.43ms
step:1969/4740 train_time:353306ms step_avg:179.43ms
step:1970/4740 train_time:353627ms step_avg:179.51ms
step:1971/4740 train_time:353806ms step_avg:179.51ms
step:1972/4740 train_time:354130ms step_avg:179.58ms
step:1973/4740 train_time:354308ms step_avg:179.58ms
step:1974/4740 train_time:354627ms step_avg:179.65ms
step:1975/4740 train_time:354811ms step_avg:179.65ms
step:1976/4740 train_time:355131ms step_avg:179.72ms
step:1977/4740 train_time:355310ms step_avg:179.72ms
step:1978/4740 train_time:355632ms step_avg:179.79ms
step:1979/4740 train_time:355814ms step_avg:179.79ms
step:1980/4740 train_time:356133ms step_avg:179.87ms
step:1981/4740 train_time:356316ms step_avg:179.87ms
step:1982/4740 train_time:356640ms step_avg:179.94ms
step:1983/4740 train_time:356821ms step_avg:179.94ms
step:1984/4740 train_time:357139ms step_avg:180.01ms
step:1985/4740 train_time:357323ms step_avg:180.01ms
step:1986/4740 train_time:357644ms step_avg:180.08ms
step:1987/4740 train_time:357828ms step_avg:180.08ms
step:1988/4740 train_time:358151ms step_avg:180.16ms
step:1989/4740 train_time:358332ms step_avg:180.16ms
step:1990/4740 train_time:358650ms step_avg:180.23ms
step:1991/4740 train_time:358834ms step_avg:180.23ms
step:1992/4740 train_time:359155ms step_avg:180.30ms
step:1993/4740 train_time:359333ms step_avg:180.30ms
step:1994/4740 train_time:359654ms step_avg:180.37ms
step:1995/4740 train_time:359837ms step_avg:180.37ms
step:1996/4740 train_time:360160ms step_avg:180.44ms
step:1997/4740 train_time:360342ms step_avg:180.44ms
step:1998/4740 train_time:360664ms step_avg:180.51ms
step:1999/4740 train_time:360846ms step_avg:180.51ms
step:2000/4740 train_time:361164ms step_avg:180.58ms
step:2000/4740 val_loss:3.2158 train_time:361296ms step_avg:180.65ms
step:2001/4740 train_time:361352ms step_avg:180.59ms
step:2002/4740 train_time:361679ms step_avg:180.66ms
step:2003/4740 train_time:361860ms step_avg:180.66ms
step:2004/4740 train_time:362175ms step_avg:180.73ms
step:2005/4740 train_time:362358ms step_avg:180.73ms
step:2006/4740 train_time:362684ms step_avg:180.80ms
step:2007/4740 train_time:362868ms step_avg:180.80ms
step:2008/4740 train_time:363188ms step_avg:180.87ms
step:2009/4740 train_time:363367ms step_avg:180.87ms
step:2010/4740 train_time:363693ms step_avg:180.94ms
step:2011/4740 train_time:363874ms step_avg:180.94ms
step:2012/4740 train_time:364195ms step_avg:181.01ms
step:2013/4740 train_time:364376ms step_avg:181.01ms
step:2014/4740 train_time:364697ms step_avg:181.08ms
step:2015/4740 train_time:364883ms step_avg:181.08ms
step:2016/4740 train_time:365203ms step_avg:181.15ms
step:2017/4740 train_time:365385ms step_avg:181.15ms
step:2018/4740 train_time:365706ms step_avg:181.22ms
step:2019/4740 train_time:365886ms step_avg:181.22ms
step:2020/4740 train_time:366207ms step_avg:181.29ms
step:2021/4740 train_time:366387ms step_avg:181.29ms
step:2022/4740 train_time:366708ms step_avg:181.36ms
step:2023/4740 train_time:366888ms step_avg:181.36ms
step:2024/4740 train_time:367211ms step_avg:181.43ms
step:2025/4740 train_time:367390ms step_avg:181.43ms
step:2026/4740 train_time:367710ms step_avg:181.50ms
step:2027/4740 train_time:367893ms step_avg:181.50ms
step:2028/4740 train_time:368216ms step_avg:181.57ms
step:2029/4740 train_time:368395ms step_avg:181.56ms
step:2030/4740 train_time:368720ms step_avg:181.64ms
step:2031/4740 train_time:368902ms step_avg:181.64ms
step:2032/4740 train_time:369226ms step_avg:181.71ms
step:2033/4740 train_time:369403ms step_avg:181.70ms
step:2034/4740 train_time:369724ms step_avg:181.77ms
step:2035/4740 train_time:369905ms step_avg:181.77ms
step:2036/4740 train_time:370224ms step_avg:181.84ms
step:2037/4740 train_time:370402ms step_avg:181.84ms
step:2038/4740 train_time:370726ms step_avg:181.91ms
step:2039/4740 train_time:370908ms step_avg:181.91ms
step:2040/4740 train_time:371231ms step_avg:181.98ms
step:2041/4740 train_time:371411ms step_avg:181.97ms
step:2042/4740 train_time:371727ms step_avg:182.04ms
step:2043/4740 train_time:371908ms step_avg:182.04ms
step:2044/4740 train_time:372228ms step_avg:182.11ms
step:2045/4740 train_time:372409ms step_avg:182.11ms
step:2046/4740 train_time:372730ms step_avg:182.17ms
step:2047/4740 train_time:372910ms step_avg:182.17ms
step:2048/4740 train_time:373231ms step_avg:182.24ms
step:2049/4740 train_time:373408ms step_avg:182.24ms
step:2050/4740 train_time:373730ms step_avg:182.31ms
step:2051/4740 train_time:373914ms step_avg:182.31ms
step:2052/4740 train_time:374238ms step_avg:182.38ms
step:2053/4740 train_time:374424ms step_avg:182.38ms
step:2054/4740 train_time:374742ms step_avg:182.44ms
step:2055/4740 train_time:374924ms step_avg:182.45ms
step:2056/4740 train_time:375245ms step_avg:182.51ms
step:2057/4740 train_time:375430ms step_avg:182.51ms
step:2058/4740 train_time:375752ms step_avg:182.58ms
step:2059/4740 train_time:375936ms step_avg:182.58ms
step:2060/4740 train_time:376255ms step_avg:182.65ms
step:2061/4740 train_time:376439ms step_avg:182.65ms
step:2062/4740 train_time:376761ms step_avg:182.72ms
step:2063/4740 train_time:376944ms step_avg:182.72ms
step:2064/4740 train_time:377261ms step_avg:182.78ms
step:2065/4740 train_time:377446ms step_avg:182.78ms
step:2066/4740 train_time:377765ms step_avg:182.85ms
step:2067/4740 train_time:377946ms step_avg:182.85ms
step:2068/4740 train_time:378267ms step_avg:182.91ms
step:2069/4740 train_time:378450ms step_avg:182.91ms
step:2070/4740 train_time:378768ms step_avg:182.98ms
step:2071/4740 train_time:378951ms step_avg:182.98ms
step:2072/4740 train_time:379274ms step_avg:183.05ms
step:2073/4740 train_time:379458ms step_avg:183.05ms
step:2074/4740 train_time:379780ms step_avg:183.11ms
step:2075/4740 train_time:379964ms step_avg:183.12ms
step:2076/4740 train_time:380285ms step_avg:183.18ms
step:2077/4740 train_time:380465ms step_avg:183.18ms
step:2078/4740 train_time:380787ms step_avg:183.25ms
step:2079/4740 train_time:380970ms step_avg:183.25ms
step:2080/4740 train_time:381291ms step_avg:183.31ms
step:2081/4740 train_time:381472ms step_avg:183.31ms
step:2082/4740 train_time:381793ms step_avg:183.38ms
step:2083/4740 train_time:381972ms step_avg:183.38ms
step:2084/4740 train_time:382290ms step_avg:183.44ms
step:2085/4740 train_time:382471ms step_avg:183.44ms
step:2086/4740 train_time:382793ms step_avg:183.51ms
step:2087/4740 train_time:382972ms step_avg:183.50ms
step:2088/4740 train_time:383293ms step_avg:183.57ms
step:2089/4740 train_time:383478ms step_avg:183.57ms
step:2090/4740 train_time:383799ms step_avg:183.64ms
step:2091/4740 train_time:383982ms step_avg:183.64ms
step:2092/4740 train_time:384305ms step_avg:183.70ms
step:2093/4740 train_time:384487ms step_avg:183.70ms
step:2094/4740 train_time:384812ms step_avg:183.77ms
step:2095/4740 train_time:384992ms step_avg:183.77ms
step:2096/4740 train_time:385315ms step_avg:183.83ms
step:2097/4740 train_time:385489ms step_avg:183.83ms
step:2098/4740 train_time:385812ms step_avg:183.89ms
step:2099/4740 train_time:385998ms step_avg:183.90ms
step:2100/4740 train_time:386320ms step_avg:183.96ms
step:2101/4740 train_time:386499ms step_avg:183.96ms
step:2102/4740 train_time:386819ms step_avg:184.02ms
step:2103/4740 train_time:387002ms step_avg:184.02ms
step:2104/4740 train_time:387327ms step_avg:184.09ms
step:2105/4740 train_time:387510ms step_avg:184.09ms
step:2106/4740 train_time:387828ms step_avg:184.15ms
step:2107/4740 train_time:388011ms step_avg:184.15ms
step:2108/4740 train_time:388332ms step_avg:184.22ms
step:2109/4740 train_time:388517ms step_avg:184.22ms
step:2110/4740 train_time:388838ms step_avg:184.28ms
step:2111/4740 train_time:389017ms step_avg:184.28ms
step:2112/4740 train_time:389338ms step_avg:184.35ms
step:2113/4740 train_time:389518ms step_avg:184.34ms
step:2114/4740 train_time:389837ms step_avg:184.41ms
step:2115/4740 train_time:390022ms step_avg:184.41ms
step:2116/4740 train_time:390342ms step_avg:184.47ms
step:2117/4740 train_time:390525ms step_avg:184.47ms
step:2118/4740 train_time:390849ms step_avg:184.54ms
step:2119/4740 train_time:391030ms step_avg:184.54ms
step:2120/4740 train_time:391352ms step_avg:184.60ms
step:2121/4740 train_time:391532ms step_avg:184.60ms
step:2122/4740 train_time:391857ms step_avg:184.66ms
step:2123/4740 train_time:392039ms step_avg:184.66ms
step:2124/4740 train_time:392359ms step_avg:184.73ms
step:2125/4740 train_time:392537ms step_avg:184.72ms
step:2126/4740 train_time:392855ms step_avg:184.79ms
step:2127/4740 train_time:393041ms step_avg:184.79ms
step:2128/4740 train_time:393362ms step_avg:184.85ms
step:2129/4740 train_time:393539ms step_avg:184.85ms
step:2130/4740 train_time:393859ms step_avg:184.91ms
step:2131/4740 train_time:394043ms step_avg:184.91ms
step:2132/4740 train_time:394364ms step_avg:184.97ms
step:2133/4740 train_time:394544ms step_avg:184.97ms
step:2134/4740 train_time:394864ms step_avg:185.03ms
step:2135/4740 train_time:395045ms step_avg:185.03ms
step:2136/4740 train_time:395367ms step_avg:185.10ms
step:2137/4740 train_time:395546ms step_avg:185.09ms
step:2138/4740 train_time:395863ms step_avg:185.16ms
step:2139/4740 train_time:396049ms step_avg:185.16ms
step:2140/4740 train_time:396370ms step_avg:185.22ms
step:2141/4740 train_time:396549ms step_avg:185.22ms
step:2142/4740 train_time:396870ms step_avg:185.28ms
step:2143/4740 train_time:397051ms step_avg:185.28ms
step:2144/4740 train_time:397370ms step_avg:185.34ms
step:2145/4740 train_time:397552ms step_avg:185.34ms
step:2146/4740 train_time:397873ms step_avg:185.40ms
step:2147/4740 train_time:398053ms step_avg:185.40ms
step:2148/4740 train_time:398376ms step_avg:185.46ms
step:2149/4740 train_time:398554ms step_avg:185.46ms
step:2150/4740 train_time:398876ms step_avg:185.52ms
step:2151/4740 train_time:399056ms step_avg:185.52ms
step:2152/4740 train_time:399376ms step_avg:185.58ms
step:2153/4740 train_time:399561ms step_avg:185.58ms
step:2154/4740 train_time:399884ms step_avg:185.65ms
step:2155/4740 train_time:400063ms step_avg:185.64ms
step:2156/4740 train_time:400383ms step_avg:185.71ms
step:2157/4740 train_time:400566ms step_avg:185.71ms
step:2158/4740 train_time:400885ms step_avg:185.77ms
step:2159/4740 train_time:401065ms step_avg:185.76ms
step:2160/4740 train_time:401386ms step_avg:185.83ms
step:2161/4740 train_time:401571ms step_avg:185.83ms
step:2162/4740 train_time:401894ms step_avg:185.89ms
step:2163/4740 train_time:402077ms step_avg:185.89ms
step:2164/4740 train_time:402396ms step_avg:185.95ms
step:2165/4740 train_time:402576ms step_avg:185.95ms
step:2166/4740 train_time:402898ms step_avg:186.01ms
step:2167/4740 train_time:403083ms step_avg:186.01ms
step:2168/4740 train_time:403412ms step_avg:186.08ms
step:2169/4740 train_time:403587ms step_avg:186.07ms
step:2170/4740 train_time:403909ms step_avg:186.13ms
step:2171/4740 train_time:404090ms step_avg:186.13ms
step:2172/4740 train_time:404413ms step_avg:186.19ms
step:2173/4740 train_time:404590ms step_avg:186.19ms
step:2174/4740 train_time:404914ms step_avg:186.25ms
step:2175/4740 train_time:405094ms step_avg:186.25ms
step:2176/4740 train_time:405418ms step_avg:186.31ms
step:2177/4740 train_time:405600ms step_avg:186.31ms
step:2178/4740 train_time:405924ms step_avg:186.37ms
step:2179/4740 train_time:406100ms step_avg:186.37ms
step:2180/4740 train_time:406422ms step_avg:186.43ms
step:2181/4740 train_time:406604ms step_avg:186.43ms
step:2182/4740 train_time:406924ms step_avg:186.49ms
step:2183/4740 train_time:407102ms step_avg:186.49ms
step:2184/4740 train_time:407426ms step_avg:186.55ms
step:2185/4740 train_time:407608ms step_avg:186.55ms
step:2186/4740 train_time:407925ms step_avg:186.61ms
step:2187/4740 train_time:408107ms step_avg:186.61ms
step:2188/4740 train_time:408428ms step_avg:186.67ms
step:2189/4740 train_time:408608ms step_avg:186.66ms
step:2190/4740 train_time:408926ms step_avg:186.72ms
step:2191/4740 train_time:409113ms step_avg:186.72ms
step:2192/4740 train_time:409431ms step_avg:186.78ms
step:2193/4740 train_time:409617ms step_avg:186.78ms
step:2194/4740 train_time:409939ms step_avg:186.85ms
step:2195/4740 train_time:410119ms step_avg:186.84ms
step:2196/4740 train_time:410438ms step_avg:186.90ms
step:2197/4740 train_time:410622ms step_avg:186.90ms
step:2198/4740 train_time:410943ms step_avg:186.96ms
step:2199/4740 train_time:411126ms step_avg:186.96ms
step:2200/4740 train_time:411443ms step_avg:187.02ms
step:2201/4740 train_time:411627ms step_avg:187.02ms
step:2202/4740 train_time:411947ms step_avg:187.08ms
step:2203/4740 train_time:412130ms step_avg:187.08ms
step:2204/4740 train_time:412452ms step_avg:187.14ms
step:2205/4740 train_time:412633ms step_avg:187.14ms
step:2206/4740 train_time:412954ms step_avg:187.20ms
step:2207/4740 train_time:413136ms step_avg:187.19ms
step:2208/4740 train_time:413459ms step_avg:187.25ms
step:2209/4740 train_time:413637ms step_avg:187.25ms
step:2210/4740 train_time:413956ms step_avg:187.31ms
step:2211/4740 train_time:414142ms step_avg:187.31ms
step:2212/4740 train_time:414465ms step_avg:187.37ms
step:2213/4740 train_time:414643ms step_avg:187.37ms
step:2214/4740 train_time:414963ms step_avg:187.43ms
step:2215/4740 train_time:415146ms step_avg:187.42ms
step:2216/4740 train_time:415463ms step_avg:187.48ms
step:2217/4740 train_time:415647ms step_avg:187.48ms
step:2218/4740 train_time:415968ms step_avg:187.54ms
step:2219/4740 train_time:416152ms step_avg:187.54ms
step:2220/4740 train_time:416475ms step_avg:187.60ms
step:2221/4740 train_time:416658ms step_avg:187.60ms
step:2222/4740 train_time:416980ms step_avg:187.66ms
step:2223/4740 train_time:417160ms step_avg:187.66ms
step:2224/4740 train_time:417482ms step_avg:187.72ms
step:2225/4740 train_time:417661ms step_avg:187.71ms
step:2226/4740 train_time:417984ms step_avg:187.77ms
step:2227/4740 train_time:418165ms step_avg:187.77ms
step:2228/4740 train_time:418491ms step_avg:187.83ms
step:2229/4740 train_time:418668ms step_avg:187.83ms
step:2230/4740 train_time:418992ms step_avg:187.89ms
step:2231/4740 train_time:419168ms step_avg:187.88ms
step:2232/4740 train_time:419493ms step_avg:187.94ms
step:2233/4740 train_time:419671ms step_avg:187.94ms
step:2234/4740 train_time:419993ms step_avg:188.00ms
step:2235/4740 train_time:420175ms step_avg:188.00ms
step:2236/4740 train_time:420494ms step_avg:188.06ms
step:2237/4740 train_time:420674ms step_avg:188.05ms
step:2238/4740 train_time:420994ms step_avg:188.11ms
step:2239/4740 train_time:421184ms step_avg:188.11ms
step:2240/4740 train_time:421502ms step_avg:188.17ms
step:2241/4740 train_time:421684ms step_avg:188.17ms
step:2242/4740 train_time:422008ms step_avg:188.23ms
step:2243/4740 train_time:422190ms step_avg:188.23ms
step:2244/4740 train_time:422512ms step_avg:188.29ms
step:2245/4740 train_time:422689ms step_avg:188.28ms
step:2246/4740 train_time:423010ms step_avg:188.34ms
step:2247/4740 train_time:423189ms step_avg:188.34ms
step:2248/4740 train_time:423514ms step_avg:188.40ms
step:2249/4740 train_time:423692ms step_avg:188.39ms
step:2250/4740 train_time:424016ms step_avg:188.45ms
step:2250/4740 val_loss:3.1884 train_time:424144ms step_avg:188.51ms
step:2251/4740 train_time:424199ms step_avg:188.45ms
step:2252/4740 train_time:424520ms step_avg:188.51ms
step:2253/4740 train_time:424703ms step_avg:188.51ms
step:2254/4740 train_time:425022ms step_avg:188.56ms
step:2255/4740 train_time:425208ms step_avg:188.56ms
step:2256/4740 train_time:425525ms step_avg:188.62ms
step:2257/4740 train_time:425712ms step_avg:188.62ms
step:2258/4740 train_time:426030ms step_avg:188.68ms
step:2259/4740 train_time:426211ms step_avg:188.67ms
step:2260/4740 train_time:426533ms step_avg:188.73ms
step:2261/4740 train_time:426719ms step_avg:188.73ms
step:2262/4740 train_time:427041ms step_avg:188.79ms
step:2263/4740 train_time:427221ms step_avg:188.79ms
step:2264/4740 train_time:427541ms step_avg:188.84ms
step:2265/4740 train_time:427725ms step_avg:188.84ms
step:2266/4740 train_time:428047ms step_avg:188.90ms
step:2267/4740 train_time:428227ms step_avg:188.90ms
step:2268/4740 train_time:428546ms step_avg:188.95ms
step:2269/4740 train_time:428732ms step_avg:188.95ms
step:2270/4740 train_time:429054ms step_avg:189.01ms
step:2271/4740 train_time:429233ms step_avg:189.01ms
step:2272/4740 train_time:429555ms step_avg:189.06ms
step:2273/4740 train_time:429736ms step_avg:189.06ms
step:2274/4740 train_time:430057ms step_avg:189.12ms
step:2275/4740 train_time:430237ms step_avg:189.12ms
step:2276/4740 train_time:430558ms step_avg:189.17ms
step:2277/4740 train_time:430739ms step_avg:189.17ms
step:2278/4740 train_time:431063ms step_avg:189.23ms
step:2279/4740 train_time:431240ms step_avg:189.22ms
step:2280/4740 train_time:431559ms step_avg:189.28ms
step:2281/4740 train_time:431747ms step_avg:189.28ms
step:2282/4740 train_time:432067ms step_avg:189.34ms
step:2283/4740 train_time:432245ms step_avg:189.33ms
step:2284/4740 train_time:432568ms step_avg:189.39ms
step:2285/4740 train_time:432748ms step_avg:189.39ms
step:2286/4740 train_time:433072ms step_avg:189.45ms
step:2287/4740 train_time:433250ms step_avg:189.44ms
step:2288/4740 train_time:433569ms step_avg:189.50ms
step:2289/4740 train_time:433752ms step_avg:189.49ms
step:2290/4740 train_time:434075ms step_avg:189.55ms
step:2291/4740 train_time:434256ms step_avg:189.55ms
step:2292/4740 train_time:434577ms step_avg:189.61ms
step:2293/4740 train_time:434758ms step_avg:189.60ms
step:2294/4740 train_time:435086ms step_avg:189.66ms
step:2295/4740 train_time:435264ms step_avg:189.66ms
step:2296/4740 train_time:435584ms step_avg:189.71ms
step:2297/4740 train_time:435763ms step_avg:189.71ms
step:2298/4740 train_time:436085ms step_avg:189.77ms
step:2299/4740 train_time:436268ms step_avg:189.76ms
step:2300/4740 train_time:436585ms step_avg:189.82ms
step:2301/4740 train_time:436770ms step_avg:189.82ms
step:2302/4740 train_time:437088ms step_avg:189.87ms
step:2303/4740 train_time:437275ms step_avg:189.87ms
step:2304/4740 train_time:437595ms step_avg:189.93ms
step:2305/4740 train_time:437777ms step_avg:189.93ms
step:2306/4740 train_time:438099ms step_avg:189.98ms
step:2307/4740 train_time:438282ms step_avg:189.98ms
step:2308/4740 train_time:438603ms step_avg:190.04ms
step:2309/4740 train_time:438786ms step_avg:190.03ms
step:2310/4740 train_time:439109ms step_avg:190.09ms
step:2311/4740 train_time:439287ms step_avg:190.09ms
step:2312/4740 train_time:439610ms step_avg:190.14ms
step:2313/4740 train_time:439790ms step_avg:190.14ms
step:2314/4740 train_time:440113ms step_avg:190.20ms
step:2315/4740 train_time:440291ms step_avg:190.19ms
step:2316/4740 train_time:440613ms step_avg:190.25ms
step:2317/4740 train_time:440796ms step_avg:190.24ms
step:2318/4740 train_time:441118ms step_avg:190.30ms
step:2319/4740 train_time:441299ms step_avg:190.30ms
step:2320/4740 train_time:441619ms step_avg:190.35ms
step:2321/4740 train_time:441801ms step_avg:190.35ms
step:2322/4740 train_time:442122ms step_avg:190.41ms
step:2323/4740 train_time:442302ms step_avg:190.40ms
step:2324/4740 train_time:442620ms step_avg:190.46ms
step:2325/4740 train_time:442808ms step_avg:190.45ms
step:2326/4740 train_time:443127ms step_avg:190.51ms
step:2327/4740 train_time:443311ms step_avg:190.51ms
step:2328/4740 train_time:443631ms step_avg:190.56ms
step:2329/4740 train_time:443816ms step_avg:190.56ms
step:2330/4740 train_time:444138ms step_avg:190.62ms
step:2331/4740 train_time:444314ms step_avg:190.61ms
step:2332/4740 train_time:444635ms step_avg:190.67ms
step:2333/4740 train_time:444819ms step_avg:190.66ms
step:2334/4740 train_time:445138ms step_avg:190.72ms
step:2335/4740 train_time:445321ms step_avg:190.72ms
step:2336/4740 train_time:445639ms step_avg:190.77ms
step:2337/4740 train_time:445820ms step_avg:190.77ms
step:2338/4740 train_time:446145ms step_avg:190.82ms
step:2339/4740 train_time:446328ms step_avg:190.82ms
step:2340/4740 train_time:446649ms step_avg:190.88ms
step:2341/4740 train_time:446831ms step_avg:190.87ms
step:2342/4740 train_time:447152ms step_avg:190.93ms
step:2343/4740 train_time:447335ms step_avg:190.92ms
step:2344/4740 train_time:447656ms step_avg:190.98ms
step:2345/4740 train_time:447834ms step_avg:190.97ms
step:2346/4740 train_time:448157ms step_avg:191.03ms
step:2347/4740 train_time:448337ms step_avg:191.03ms
step:2348/4740 train_time:448657ms step_avg:191.08ms
step:2349/4740 train_time:448839ms step_avg:191.08ms
step:2350/4740 train_time:449160ms step_avg:191.13ms
step:2351/4740 train_time:449340ms step_avg:191.13ms
step:2352/4740 train_time:449664ms step_avg:191.18ms
step:2353/4740 train_time:449842ms step_avg:191.18ms
step:2354/4740 train_time:450166ms step_avg:191.23ms
step:2355/4740 train_time:450341ms step_avg:191.23ms
step:2356/4740 train_time:450664ms step_avg:191.28ms
step:2357/4740 train_time:450845ms step_avg:191.28ms
step:2358/4740 train_time:451167ms step_avg:191.33ms
step:2359/4740 train_time:451352ms step_avg:191.33ms
step:2360/4740 train_time:451674ms step_avg:191.39ms
step:2361/4740 train_time:451855ms step_avg:191.38ms
step:2362/4740 train_time:452180ms step_avg:191.44ms
step:2363/4740 train_time:452361ms step_avg:191.43ms
step:2364/4740 train_time:452681ms step_avg:191.49ms
step:2365/4740 train_time:452863ms step_avg:191.49ms
step:2366/4740 train_time:453189ms step_avg:191.54ms
step:2367/4740 train_time:453376ms step_avg:191.54ms
step:2368/4740 train_time:453695ms step_avg:191.59ms
step:2369/4740 train_time:453878ms step_avg:191.59ms
step:2370/4740 train_time:454202ms step_avg:191.65ms
step:2371/4740 train_time:454384ms step_avg:191.64ms
step:2372/4740 train_time:454708ms step_avg:191.70ms
step:2373/4740 train_time:454889ms step_avg:191.69ms
step:2374/4740 train_time:455208ms step_avg:191.75ms
step:2375/4740 train_time:455396ms step_avg:191.75ms
step:2376/4740 train_time:455717ms step_avg:191.80ms
step:2377/4740 train_time:455898ms step_avg:191.80ms
step:2378/4740 train_time:456216ms step_avg:191.85ms
step:2379/4740 train_time:456402ms step_avg:191.85ms
step:2380/4740 train_time:456723ms step_avg:191.90ms
step:2381/4740 train_time:456908ms step_avg:191.90ms
step:2382/4740 train_time:457229ms step_avg:191.95ms
step:2383/4740 train_time:457412ms step_avg:191.95ms
step:2384/4740 train_time:457730ms step_avg:192.00ms
step:2385/4740 train_time:457914ms step_avg:192.00ms
step:2386/4740 train_time:458239ms step_avg:192.05ms
step:2387/4740 train_time:458418ms step_avg:192.05ms
step:2388/4740 train_time:458738ms step_avg:192.10ms
step:2389/4740 train_time:458920ms step_avg:192.10ms
step:2390/4740 train_time:459244ms step_avg:192.15ms
step:2391/4740 train_time:459426ms step_avg:192.15ms
step:2392/4740 train_time:459745ms step_avg:192.20ms
step:2393/4740 train_time:459926ms step_avg:192.20ms
step:2394/4740 train_time:460248ms step_avg:192.25ms
step:2395/4740 train_time:460427ms step_avg:192.25ms
step:2396/4740 train_time:460750ms step_avg:192.30ms
step:2397/4740 train_time:460933ms step_avg:192.30ms
step:2398/4740 train_time:461256ms step_avg:192.35ms
step:2399/4740 train_time:461440ms step_avg:192.35ms
step:2400/4740 train_time:461758ms step_avg:192.40ms
step:2401/4740 train_time:461938ms step_avg:192.39ms
step:2402/4740 train_time:462257ms step_avg:192.45ms
step:2403/4740 train_time:462444ms step_avg:192.44ms
step:2404/4740 train_time:462767ms step_avg:192.50ms
step:2405/4740 train_time:462949ms step_avg:192.49ms
step:2406/4740 train_time:463271ms step_avg:192.55ms
step:2407/4740 train_time:463454ms step_avg:192.54ms
step:2408/4740 train_time:463775ms step_avg:192.60ms
step:2409/4740 train_time:463956ms step_avg:192.59ms
step:2410/4740 train_time:464276ms step_avg:192.65ms
step:2411/4740 train_time:464460ms step_avg:192.64ms
step:2412/4740 train_time:464779ms step_avg:192.69ms
step:2413/4740 train_time:464962ms step_avg:192.69ms
step:2414/4740 train_time:465281ms step_avg:192.74ms
step:2415/4740 train_time:465464ms step_avg:192.74ms
step:2416/4740 train_time:465786ms step_avg:192.79ms
step:2417/4740 train_time:465967ms step_avg:192.79ms
step:2418/4740 train_time:466287ms step_avg:192.84ms
step:2419/4740 train_time:466470ms step_avg:192.84ms
step:2420/4740 train_time:466795ms step_avg:192.89ms
step:2421/4740 train_time:466978ms step_avg:192.89ms
step:2422/4740 train_time:467299ms step_avg:192.94ms
step:2423/4740 train_time:467486ms step_avg:192.94ms
step:2424/4740 train_time:467810ms step_avg:192.99ms
step:2425/4740 train_time:467997ms step_avg:192.99ms
step:2426/4740 train_time:468322ms step_avg:193.04ms
step:2427/4740 train_time:468503ms step_avg:193.04ms
step:2428/4740 train_time:468825ms step_avg:193.09ms
step:2429/4740 train_time:469008ms step_avg:193.09ms
step:2430/4740 train_time:469329ms step_avg:193.14ms
step:2431/4740 train_time:469513ms step_avg:193.14ms
step:2432/4740 train_time:469833ms step_avg:193.19ms
step:2433/4740 train_time:470020ms step_avg:193.19ms
step:2434/4740 train_time:470340ms step_avg:193.24ms
step:2435/4740 train_time:470523ms step_avg:193.23ms
step:2436/4740 train_time:470845ms step_avg:193.29ms
step:2437/4740 train_time:471029ms step_avg:193.28ms
step:2438/4740 train_time:471353ms step_avg:193.34ms
step:2439/4740 train_time:471535ms step_avg:193.33ms
step:2440/4740 train_time:471855ms step_avg:193.38ms
step:2441/4740 train_time:472036ms step_avg:193.38ms
step:2442/4740 train_time:472356ms step_avg:193.43ms
step:2443/4740 train_time:472541ms step_avg:193.43ms
step:2444/4740 train_time:472863ms step_avg:193.48ms
step:2445/4740 train_time:473046ms step_avg:193.47ms
step:2446/4740 train_time:473366ms step_avg:193.53ms
step:2447/4740 train_time:473547ms step_avg:193.52ms
step:2448/4740 train_time:473871ms step_avg:193.57ms
step:2449/4740 train_time:474052ms step_avg:193.57ms
step:2450/4740 train_time:474373ms step_avg:193.62ms
step:2451/4740 train_time:474555ms step_avg:193.62ms
step:2452/4740 train_time:474883ms step_avg:193.67ms
step:2453/4740 train_time:475063ms step_avg:193.67ms
step:2454/4740 train_time:475388ms step_avg:193.72ms
step:2455/4740 train_time:475570ms step_avg:193.71ms
step:2456/4740 train_time:475892ms step_avg:193.77ms
step:2457/4740 train_time:476073ms step_avg:193.76ms
step:2458/4740 train_time:476392ms step_avg:193.81ms
step:2459/4740 train_time:476574ms step_avg:193.81ms
step:2460/4740 train_time:476893ms step_avg:193.86ms
step:2461/4740 train_time:477075ms step_avg:193.85ms
step:2462/4740 train_time:477395ms step_avg:193.91ms
step:2463/4740 train_time:477580ms step_avg:193.90ms
step:2464/4740 train_time:477903ms step_avg:193.95ms
step:2465/4740 train_time:478085ms step_avg:193.95ms
step:2466/4740 train_time:478405ms step_avg:194.00ms
step:2467/4740 train_time:478588ms step_avg:194.00ms
step:2468/4740 train_time:478911ms step_avg:194.05ms
step:2469/4740 train_time:479093ms step_avg:194.04ms
step:2470/4740 train_time:479411ms step_avg:194.09ms
step:2471/4740 train_time:479596ms step_avg:194.09ms
step:2472/4740 train_time:479914ms step_avg:194.14ms
step:2473/4740 train_time:480099ms step_avg:194.14ms
step:2474/4740 train_time:480420ms step_avg:194.19ms
step:2475/4740 train_time:480605ms step_avg:194.18ms
step:2476/4740 train_time:480922ms step_avg:194.23ms
step:2477/4740 train_time:481105ms step_avg:194.23ms
step:2478/4740 train_time:481424ms step_avg:194.28ms
step:2479/4740 train_time:481606ms step_avg:194.27ms
step:2480/4740 train_time:481929ms step_avg:194.33ms
step:2481/4740 train_time:482113ms step_avg:194.32ms
step:2482/4740 train_time:482433ms step_avg:194.37ms
step:2483/4740 train_time:482619ms step_avg:194.37ms
step:2484/4740 train_time:482938ms step_avg:194.42ms
step:2485/4740 train_time:483124ms step_avg:194.42ms
step:2486/4740 train_time:483447ms step_avg:194.47ms
step:2487/4740 train_time:483631ms step_avg:194.46ms
step:2488/4740 train_time:483953ms step_avg:194.51ms
step:2489/4740 train_time:484132ms step_avg:194.51ms
step:2490/4740 train_time:484453ms step_avg:194.56ms
step:2491/4740 train_time:484634ms step_avg:194.55ms
step:2492/4740 train_time:484956ms step_avg:194.61ms
step:2493/4740 train_time:485139ms step_avg:194.60ms
step:2494/4740 train_time:485456ms step_avg:194.65ms
step:2495/4740 train_time:485640ms step_avg:194.65ms
step:2496/4740 train_time:485959ms step_avg:194.70ms
step:2497/4740 train_time:486144ms step_avg:194.69ms
step:2498/4740 train_time:486467ms step_avg:194.74ms
step:2499/4740 train_time:486649ms step_avg:194.74ms
step:2500/4740 train_time:486970ms step_avg:194.79ms
step:2500/4740 val_loss:3.1588 train_time:487097ms step_avg:194.84ms
step:2501/4740 train_time:487154ms step_avg:194.78ms
step:2502/4740 train_time:487482ms step_avg:194.84ms
step:2503/4740 train_time:487672ms step_avg:194.83ms
step:2504/4740 train_time:487991ms step_avg:194.88ms
step:2505/4740 train_time:488172ms step_avg:194.88ms
step:2506/4740 train_time:488497ms step_avg:194.93ms
step:2507/4740 train_time:488684ms step_avg:194.93ms
step:2508/4740 train_time:489004ms step_avg:194.98ms
step:2509/4740 train_time:489183ms step_avg:194.97ms
step:2510/4740 train_time:489507ms step_avg:195.02ms
step:2511/4740 train_time:489688ms step_avg:195.02ms
step:2512/4740 train_time:490012ms step_avg:195.07ms
step:2513/4740 train_time:490189ms step_avg:195.06ms
step:2514/4740 train_time:490510ms step_avg:195.11ms
step:2515/4740 train_time:490694ms step_avg:195.11ms
step:2516/4740 train_time:491011ms step_avg:195.16ms
step:2517/4740 train_time:491194ms step_avg:195.15ms
step:2518/4740 train_time:491517ms step_avg:195.20ms
step:2519/4740 train_time:491697ms step_avg:195.20ms
step:2520/4740 train_time:492020ms step_avg:195.25ms
step:2521/4740 train_time:492202ms step_avg:195.24ms
step:2522/4740 train_time:492524ms step_avg:195.29ms
step:2523/4740 train_time:492706ms step_avg:195.29ms
step:2524/4740 train_time:493027ms step_avg:195.34ms
step:2525/4740 train_time:493211ms step_avg:195.33ms
step:2526/4740 train_time:493533ms step_avg:195.38ms
step:2527/4740 train_time:493718ms step_avg:195.38ms
step:2528/4740 train_time:494041ms step_avg:195.43ms
step:2529/4740 train_time:494223ms step_avg:195.42ms
step:2530/4740 train_time:494543ms step_avg:195.47ms
step:2531/4740 train_time:494729ms step_avg:195.47ms
step:2532/4740 train_time:495052ms step_avg:195.52ms
step:2533/4740 train_time:495233ms step_avg:195.51ms
step:2534/4740 train_time:495553ms step_avg:195.56ms
step:2535/4740 train_time:495740ms step_avg:195.56ms
step:2536/4740 train_time:496063ms step_avg:195.61ms
step:2537/4740 train_time:496246ms step_avg:195.60ms
step:2538/4740 train_time:496566ms step_avg:195.65ms
step:2539/4740 train_time:496748ms step_avg:195.65ms
step:2540/4740 train_time:497070ms step_avg:195.70ms
step:2541/4740 train_time:497252ms step_avg:195.69ms
step:2542/4740 train_time:497573ms step_avg:195.74ms
step:2543/4740 train_time:497754ms step_avg:195.73ms
step:2544/4740 train_time:498073ms step_avg:195.78ms
step:2545/4740 train_time:498257ms step_avg:195.78ms
step:2546/4740 train_time:498577ms step_avg:195.83ms
step:2547/4740 train_time:498763ms step_avg:195.82ms
step:2548/4740 train_time:499084ms step_avg:195.87ms
step:2549/4740 train_time:499266ms step_avg:195.87ms
step:2550/4740 train_time:499589ms step_avg:195.92ms
step:2551/4740 train_time:499773ms step_avg:195.91ms
step:2552/4740 train_time:500095ms step_avg:195.96ms
step:2553/4740 train_time:500275ms step_avg:195.96ms
step:2554/4740 train_time:500597ms step_avg:196.01ms
step:2555/4740 train_time:500782ms step_avg:196.00ms
step:2556/4740 train_time:501101ms step_avg:196.05ms
step:2557/4740 train_time:501282ms step_avg:196.04ms
step:2558/4740 train_time:501607ms step_avg:196.09ms
step:2559/4740 train_time:501789ms step_avg:196.09ms
step:2560/4740 train_time:502112ms step_avg:196.14ms
step:2561/4740 train_time:502292ms step_avg:196.13ms
step:2562/4740 train_time:502615ms step_avg:196.18ms
step:2563/4740 train_time:502798ms step_avg:196.18ms
step:2564/4740 train_time:503120ms step_avg:196.22ms
step:2565/4740 train_time:503308ms step_avg:196.22ms
step:2566/4740 train_time:503627ms step_avg:196.27ms
step:2567/4740 train_time:503809ms step_avg:196.26ms
step:2568/4740 train_time:504130ms step_avg:196.31ms
step:2569/4740 train_time:504311ms step_avg:196.31ms
step:2570/4740 train_time:504635ms step_avg:196.36ms
step:2571/4740 train_time:504818ms step_avg:196.35ms
step:2572/4740 train_time:505139ms step_avg:196.40ms
step:2573/4740 train_time:505325ms step_avg:196.40ms
step:2574/4740 train_time:505645ms step_avg:196.44ms
step:2575/4740 train_time:505830ms step_avg:196.44ms
step:2576/4740 train_time:506148ms step_avg:196.49ms
step:2577/4740 train_time:506333ms step_avg:196.48ms
step:2578/4740 train_time:506652ms step_avg:196.53ms
step:2579/4740 train_time:506837ms step_avg:196.52ms
step:2580/4740 train_time:507158ms step_avg:196.57ms
step:2581/4740 train_time:507340ms step_avg:196.57ms
step:2582/4740 train_time:507661ms step_avg:196.62ms
step:2583/4740 train_time:507840ms step_avg:196.61ms
step:2584/4740 train_time:508162ms step_avg:196.66ms
step:2585/4740 train_time:508344ms step_avg:196.65ms
step:2586/4740 train_time:508668ms step_avg:196.70ms
step:2587/4740 train_time:508848ms step_avg:196.69ms
step:2588/4740 train_time:509171ms step_avg:196.74ms
step:2589/4740 train_time:509351ms step_avg:196.74ms
step:2590/4740 train_time:509674ms step_avg:196.79ms
step:2591/4740 train_time:509853ms step_avg:196.78ms
step:2592/4740 train_time:510174ms step_avg:196.83ms
step:2593/4740 train_time:510357ms step_avg:196.82ms
step:2594/4740 train_time:510680ms step_avg:196.87ms
step:2595/4740 train_time:510868ms step_avg:196.87ms
step:2596/4740 train_time:511187ms step_avg:196.91ms
step:2597/4740 train_time:511369ms step_avg:196.91ms
step:2598/4740 train_time:511690ms step_avg:196.96ms
step:2599/4740 train_time:511875ms step_avg:196.95ms
step:2600/4740 train_time:512198ms step_avg:197.00ms
step:2601/4740 train_time:512379ms step_avg:196.99ms
step:2602/4740 train_time:512700ms step_avg:197.04ms
step:2603/4740 train_time:512881ms step_avg:197.03ms
step:2604/4740 train_time:513202ms step_avg:197.08ms
step:2605/4740 train_time:513386ms step_avg:197.08ms
step:2606/4740 train_time:513707ms step_avg:197.12ms
step:2607/4740 train_time:513889ms step_avg:197.12ms
step:2608/4740 train_time:514212ms step_avg:197.17ms
step:2609/4740 train_time:514396ms step_avg:197.16ms
step:2610/4740 train_time:514718ms step_avg:197.21ms
step:2611/4740 train_time:514901ms step_avg:197.20ms
step:2612/4740 train_time:515222ms step_avg:197.25ms
step:2613/4740 train_time:515403ms step_avg:197.25ms
step:2614/4740 train_time:515724ms step_avg:197.29ms
step:2615/4740 train_time:515907ms step_avg:197.29ms
step:2616/4740 train_time:516229ms step_avg:197.34ms
step:2617/4740 train_time:516412ms step_avg:197.33ms
step:2618/4740 train_time:516730ms step_avg:197.38ms
step:2619/4740 train_time:516915ms step_avg:197.37ms
step:2620/4740 train_time:517237ms step_avg:197.42ms
step:2621/4740 train_time:517415ms step_avg:197.41ms
step:2622/4740 train_time:517737ms step_avg:197.46ms
step:2623/4740 train_time:517920ms step_avg:197.45ms
step:2624/4740 train_time:518240ms step_avg:197.50ms
step:2625/4740 train_time:518427ms step_avg:197.50ms
step:2626/4740 train_time:518744ms step_avg:197.54ms
step:2627/4740 train_time:518929ms step_avg:197.54ms
step:2628/4740 train_time:519250ms step_avg:197.58ms
step:2629/4740 train_time:519433ms step_avg:197.58ms
step:2630/4740 train_time:519759ms step_avg:197.63ms
step:2631/4740 train_time:519941ms step_avg:197.62ms
step:2632/4740 train_time:520260ms step_avg:197.67ms
step:2633/4740 train_time:520442ms step_avg:197.66ms
step:2634/4740 train_time:520762ms step_avg:197.71ms
step:2635/4740 train_time:520951ms step_avg:197.70ms
step:2636/4740 train_time:521271ms step_avg:197.75ms
step:2637/4740 train_time:521450ms step_avg:197.74ms
step:2638/4740 train_time:521773ms step_avg:197.79ms
step:2639/4740 train_time:521954ms step_avg:197.78ms
step:2640/4740 train_time:522275ms step_avg:197.83ms
step:2641/4740 train_time:522454ms step_avg:197.82ms
step:2642/4740 train_time:522777ms step_avg:197.87ms
step:2643/4740 train_time:522957ms step_avg:197.86ms
step:2644/4740 train_time:523279ms step_avg:197.91ms
step:2645/4740 train_time:523456ms step_avg:197.90ms
step:2646/4740 train_time:523779ms step_avg:197.95ms
step:2647/4740 train_time:523968ms step_avg:197.95ms
step:2648/4740 train_time:524289ms step_avg:197.99ms
step:2649/4740 train_time:524472ms step_avg:197.99ms
step:2650/4740 train_time:524793ms step_avg:198.04ms
step:2651/4740 train_time:524976ms step_avg:198.03ms
step:2652/4740 train_time:525298ms step_avg:198.08ms
step:2653/4740 train_time:525477ms step_avg:198.07ms
step:2654/4740 train_time:525803ms step_avg:198.12ms
step:2655/4740 train_time:525985ms step_avg:198.11ms
step:2656/4740 train_time:526305ms step_avg:198.16ms
step:2657/4740 train_time:526490ms step_avg:198.15ms
step:2658/4740 train_time:526810ms step_avg:198.20ms
step:2659/4740 train_time:526995ms step_avg:198.19ms
step:2660/4740 train_time:527316ms step_avg:198.24ms
step:2661/4740 train_time:527496ms step_avg:198.23ms
step:2662/4740 train_time:527816ms step_avg:198.28ms
step:2663/4740 train_time:527999ms step_avg:198.27ms
step:2664/4740 train_time:528321ms step_avg:198.32ms
step:2665/4740 train_time:528509ms step_avg:198.31ms
step:2666/4740 train_time:528832ms step_avg:198.36ms
step:2667/4740 train_time:529011ms step_avg:198.35ms
step:2668/4740 train_time:529331ms step_avg:198.40ms
step:2669/4740 train_time:529513ms step_avg:198.39ms
step:2670/4740 train_time:529834ms step_avg:198.44ms
step:2671/4740 train_time:530016ms step_avg:198.43ms
step:2672/4740 train_time:530337ms step_avg:198.48ms
step:2673/4740 train_time:530522ms step_avg:198.47ms
step:2674/4740 train_time:530840ms step_avg:198.52ms
step:2675/4740 train_time:531027ms step_avg:198.51ms
step:2676/4740 train_time:531344ms step_avg:198.56ms
step:2677/4740 train_time:531532ms step_avg:198.55ms
step:2678/4740 train_time:531852ms step_avg:198.60ms
step:2679/4740 train_time:532035ms step_avg:198.59ms
step:2680/4740 train_time:532358ms step_avg:198.64ms
step:2681/4740 train_time:532539ms step_avg:198.63ms
step:2682/4740 train_time:532859ms step_avg:198.68ms
step:2683/4740 train_time:533041ms step_avg:198.67ms
step:2684/4740 train_time:533363ms step_avg:198.72ms
step:2685/4740 train_time:533548ms step_avg:198.71ms
step:2686/4740 train_time:533867ms step_avg:198.76ms
step:2687/4740 train_time:534051ms step_avg:198.75ms
step:2688/4740 train_time:534373ms step_avg:198.80ms
step:2689/4740 train_time:534555ms step_avg:198.79ms
step:2690/4740 train_time:534878ms step_avg:198.84ms
step:2691/4740 train_time:535057ms step_avg:198.83ms
step:2692/4740 train_time:535379ms step_avg:198.88ms
step:2693/4740 train_time:535563ms step_avg:198.87ms
step:2694/4740 train_time:535886ms step_avg:198.92ms
step:2695/4740 train_time:536067ms step_avg:198.91ms
step:2696/4740 train_time:536391ms step_avg:198.96ms
step:2697/4740 train_time:536573ms step_avg:198.95ms
step:2698/4740 train_time:536894ms step_avg:199.00ms
step:2699/4740 train_time:537076ms step_avg:198.99ms
step:2700/4740 train_time:537398ms step_avg:199.04ms
step:2701/4740 train_time:537581ms step_avg:199.03ms
step:2702/4740 train_time:537903ms step_avg:199.08ms
step:2703/4740 train_time:538082ms step_avg:199.07ms
step:2704/4740 train_time:538404ms step_avg:199.11ms
step:2705/4740 train_time:538589ms step_avg:199.11ms
step:2706/4740 train_time:538913ms step_avg:199.15ms
step:2707/4740 train_time:539092ms step_avg:199.15ms
step:2708/4740 train_time:539414ms step_avg:199.19ms
step:2709/4740 train_time:539597ms step_avg:199.19ms
step:2710/4740 train_time:539918ms step_avg:199.23ms
step:2711/4740 train_time:540099ms step_avg:199.23ms
step:2712/4740 train_time:540419ms step_avg:199.27ms
step:2713/4740 train_time:540598ms step_avg:199.26ms
step:2714/4740 train_time:540920ms step_avg:199.31ms
step:2715/4740 train_time:541108ms step_avg:199.30ms
step:2716/4740 train_time:541427ms step_avg:199.35ms
step:2717/4740 train_time:541610ms step_avg:199.34ms
step:2718/4740 train_time:541930ms step_avg:199.39ms
step:2719/4740 train_time:542114ms step_avg:199.38ms
step:2720/4740 train_time:542437ms step_avg:199.43ms
step:2721/4740 train_time:542617ms step_avg:199.42ms
step:2722/4740 train_time:542938ms step_avg:199.46ms
step:2723/4740 train_time:543122ms step_avg:199.46ms
step:2724/4740 train_time:543441ms step_avg:199.50ms
step:2725/4740 train_time:543626ms step_avg:199.50ms
step:2726/4740 train_time:543942ms step_avg:199.54ms
step:2727/4740 train_time:544132ms step_avg:199.54ms
step:2728/4740 train_time:544451ms step_avg:199.58ms
step:2729/4740 train_time:544636ms step_avg:199.57ms
step:2730/4740 train_time:544958ms step_avg:199.62ms
step:2731/4740 train_time:545138ms step_avg:199.61ms
step:2732/4740 train_time:545464ms step_avg:199.66ms
step:2733/4740 train_time:545642ms step_avg:199.65ms
step:2734/4740 train_time:545962ms step_avg:199.69ms
step:2735/4740 train_time:546146ms step_avg:199.69ms
step:2736/4740 train_time:546467ms step_avg:199.73ms
step:2737/4740 train_time:546649ms step_avg:199.73ms
step:2738/4740 train_time:546969ms step_avg:199.77ms
step:2739/4740 train_time:547150ms step_avg:199.76ms
step:2740/4740 train_time:547470ms step_avg:199.81ms
step:2741/4740 train_time:547652ms step_avg:199.80ms
step:2742/4740 train_time:547970ms step_avg:199.84ms
step:2743/4740 train_time:548156ms step_avg:199.84ms
step:2744/4740 train_time:548478ms step_avg:199.88ms
step:2745/4740 train_time:548660ms step_avg:199.88ms
step:2746/4740 train_time:548980ms step_avg:199.92ms
step:2747/4740 train_time:549163ms step_avg:199.91ms
step:2748/4740 train_time:549487ms step_avg:199.96ms
step:2749/4740 train_time:549673ms step_avg:199.95ms
step:2750/4740 train_time:549995ms step_avg:200.00ms
step:2750/4740 val_loss:3.1254 train_time:550124ms step_avg:200.05ms
step:2751/4740 train_time:550180ms step_avg:199.99ms
step:2752/4740 train_time:550504ms step_avg:200.04ms
step:2753/4740 train_time:550693ms step_avg:200.03ms
step:2754/4740 train_time:551011ms step_avg:200.08ms
step:2755/4740 train_time:551197ms step_avg:200.07ms
step:2756/4740 train_time:551527ms step_avg:200.12ms
step:2757/4740 train_time:551715ms step_avg:200.11ms
step:2758/4740 train_time:552031ms step_avg:200.16ms
step:2759/4740 train_time:552219ms step_avg:200.15ms
step:2760/4740 train_time:552543ms step_avg:200.20ms
step:2761/4740 train_time:552723ms step_avg:200.19ms
step:2762/4740 train_time:553046ms step_avg:200.23ms
step:2763/4740 train_time:553230ms step_avg:200.23ms
step:2764/4740 train_time:553558ms step_avg:200.27ms
step:2765/4740 train_time:553740ms step_avg:200.27ms
step:2766/4740 train_time:554064ms step_avg:200.31ms
step:2767/4740 train_time:554243ms step_avg:200.30ms
step:2768/4740 train_time:554567ms step_avg:200.35ms
step:2769/4740 train_time:554744ms step_avg:200.34ms
step:2770/4740 train_time:555066ms step_avg:200.38ms
step:2771/4740 train_time:555249ms step_avg:200.38ms
step:2772/4740 train_time:555571ms step_avg:200.42ms
step:2773/4740 train_time:555760ms step_avg:200.42ms
step:2774/4740 train_time:556086ms step_avg:200.46ms
step:2775/4740 train_time:556265ms step_avg:200.46ms
step:2776/4740 train_time:556589ms step_avg:200.50ms
step:2777/4740 train_time:556771ms step_avg:200.49ms
step:2778/4740 train_time:557092ms step_avg:200.54ms
step:2779/4740 train_time:557274ms step_avg:200.53ms
step:2780/4740 train_time:557596ms step_avg:200.57ms
step:2781/4740 train_time:557778ms step_avg:200.57ms
step:2782/4740 train_time:558099ms step_avg:200.61ms
step:2783/4740 train_time:558283ms step_avg:200.60ms
step:2784/4740 train_time:558607ms step_avg:200.65ms
step:2785/4740 train_time:558791ms step_avg:200.64ms
step:2786/4740 train_time:559113ms step_avg:200.69ms
step:2787/4740 train_time:559298ms step_avg:200.68ms
step:2788/4740 train_time:559620ms step_avg:200.72ms
step:2789/4740 train_time:559800ms step_avg:200.72ms
step:2790/4740 train_time:560125ms step_avg:200.76ms
step:2791/4740 train_time:560307ms step_avg:200.75ms
step:2792/4740 train_time:560628ms step_avg:200.80ms
step:2793/4740 train_time:560816ms step_avg:200.79ms
step:2794/4740 train_time:561136ms step_avg:200.84ms
step:2795/4740 train_time:561319ms step_avg:200.83ms
step:2796/4740 train_time:561639ms step_avg:200.87ms
step:2797/4740 train_time:561824ms step_avg:200.87ms
step:2798/4740 train_time:562147ms step_avg:200.91ms
step:2799/4740 train_time:562333ms step_avg:200.90ms
step:2800/4740 train_time:562658ms step_avg:200.95ms
step:2801/4740 train_time:562839ms step_avg:200.94ms
step:2802/4740 train_time:563159ms step_avg:200.98ms
step:2803/4740 train_time:563342ms step_avg:200.98ms
step:2804/4740 train_time:563668ms step_avg:201.02ms
step:2805/4740 train_time:563847ms step_avg:201.01ms
step:2806/4740 train_time:564169ms step_avg:201.06ms
step:2807/4740 train_time:564356ms step_avg:201.05ms
step:2808/4740 train_time:564676ms step_avg:201.10ms
step:2809/4740 train_time:564862ms step_avg:201.09ms
step:2810/4740 train_time:565185ms step_avg:201.13ms
step:2811/4740 train_time:565363ms step_avg:201.13ms
step:2812/4740 train_time:565686ms step_avg:201.17ms
step:2813/4740 train_time:565866ms step_avg:201.16ms
step:2814/4740 train_time:566192ms step_avg:201.21ms
step:2815/4740 train_time:566372ms step_avg:201.20ms
step:2816/4740 train_time:566697ms step_avg:201.24ms
step:2817/4740 train_time:566875ms step_avg:201.23ms
step:2818/4740 train_time:567197ms step_avg:201.28ms
step:2819/4740 train_time:567379ms step_avg:201.27ms
step:2820/4740 train_time:567703ms step_avg:201.31ms
step:2821/4740 train_time:567885ms step_avg:201.31ms
step:2822/4740 train_time:568207ms step_avg:201.35ms
step:2823/4740 train_time:568389ms step_avg:201.34ms
step:2824/4740 train_time:568713ms step_avg:201.39ms
step:2825/4740 train_time:568892ms step_avg:201.38ms
step:2826/4740 train_time:569214ms step_avg:201.42ms
step:2827/4740 train_time:569398ms step_avg:201.41ms
step:2828/4740 train_time:569720ms step_avg:201.46ms
step:2829/4740 train_time:569907ms step_avg:201.45ms
step:2830/4740 train_time:570227ms step_avg:201.49ms
step:2831/4740 train_time:570412ms step_avg:201.49ms
step:2832/4740 train_time:570734ms step_avg:201.53ms
step:2833/4740 train_time:570916ms step_avg:201.52ms
step:2834/4740 train_time:571241ms step_avg:201.57ms
step:2835/4740 train_time:571422ms step_avg:201.56ms
step:2836/4740 train_time:571747ms step_avg:201.60ms
step:2837/4740 train_time:571927ms step_avg:201.60ms
step:2838/4740 train_time:572248ms step_avg:201.64ms
step:2839/4740 train_time:572432ms step_avg:201.63ms
step:2840/4740 train_time:572756ms step_avg:201.67ms
step:2841/4740 train_time:572939ms step_avg:201.67ms
step:2842/4740 train_time:573262ms step_avg:201.71ms
step:2843/4740 train_time:573446ms step_avg:201.70ms
step:2844/4740 train_time:573769ms step_avg:201.75ms
step:2845/4740 train_time:573952ms step_avg:201.74ms
step:2846/4740 train_time:574273ms step_avg:201.78ms
step:2847/4740 train_time:574458ms step_avg:201.78ms
step:2848/4740 train_time:574776ms step_avg:201.82ms
step:2849/4740 train_time:574966ms step_avg:201.81ms
step:2850/4740 train_time:575292ms step_avg:201.86ms
step:2851/4740 train_time:575475ms step_avg:201.85ms
step:2852/4740 train_time:575796ms step_avg:201.89ms
step:2853/4740 train_time:575979ms step_avg:201.89ms
step:2854/4740 train_time:576300ms step_avg:201.93ms
step:2855/4740 train_time:576483ms step_avg:201.92ms
step:2856/4740 train_time:576802ms step_avg:201.96ms
step:2857/4740 train_time:576985ms step_avg:201.95ms
step:2858/4740 train_time:577308ms step_avg:202.00ms
step:2859/4740 train_time:577492ms step_avg:201.99ms
step:2860/4740 train_time:577814ms step_avg:202.03ms
step:2861/4740 train_time:577999ms step_avg:202.03ms
step:2862/4740 train_time:578321ms step_avg:202.07ms
step:2863/4740 train_time:578506ms step_avg:202.06ms
step:2864/4740 train_time:578826ms step_avg:202.10ms
step:2865/4740 train_time:579013ms step_avg:202.10ms
step:2866/4740 train_time:579329ms step_avg:202.14ms
step:2867/4740 train_time:579519ms step_avg:202.13ms
step:2868/4740 train_time:579837ms step_avg:202.17ms
step:2869/4740 train_time:580019ms step_avg:202.17ms
step:2870/4740 train_time:580341ms step_avg:202.21ms
step:2871/4740 train_time:580526ms step_avg:202.20ms
step:2872/4740 train_time:580852ms step_avg:202.25ms
step:2873/4740 train_time:581034ms step_avg:202.24ms
step:2874/4740 train_time:581352ms step_avg:202.28ms
step:2875/4740 train_time:581536ms step_avg:202.27ms
step:2876/4740 train_time:581855ms step_avg:202.31ms
step:2877/4740 train_time:582036ms step_avg:202.31ms
step:2878/4740 train_time:582356ms step_avg:202.35ms
step:2879/4740 train_time:582542ms step_avg:202.34ms
step:2880/4740 train_time:582866ms step_avg:202.38ms
step:2881/4740 train_time:583044ms step_avg:202.38ms
step:2882/4740 train_time:583368ms step_avg:202.42ms
step:2883/4740 train_time:583551ms step_avg:202.41ms
step:2884/4740 train_time:583872ms step_avg:202.45ms
step:2885/4740 train_time:584060ms step_avg:202.45ms
step:2886/4740 train_time:584385ms step_avg:202.49ms
step:2887/4740 train_time:584564ms step_avg:202.48ms
step:2888/4740 train_time:584887ms step_avg:202.52ms
step:2889/4740 train_time:585074ms step_avg:202.52ms
step:2890/4740 train_time:585395ms step_avg:202.56ms
step:2891/4740 train_time:585580ms step_avg:202.55ms
step:2892/4740 train_time:585901ms step_avg:202.59ms
step:2893/4740 train_time:586086ms step_avg:202.59ms
step:2894/4740 train_time:586406ms step_avg:202.63ms
step:2895/4740 train_time:586596ms step_avg:202.62ms
step:2896/4740 train_time:586913ms step_avg:202.66ms
step:2897/4740 train_time:587097ms step_avg:202.66ms
step:2898/4740 train_time:587420ms step_avg:202.70ms
step:2899/4740 train_time:587602ms step_avg:202.69ms
step:2900/4740 train_time:587920ms step_avg:202.73ms
step:2901/4740 train_time:588104ms step_avg:202.72ms
step:2902/4740 train_time:588428ms step_avg:202.77ms
step:2903/4740 train_time:588607ms step_avg:202.76ms
step:2904/4740 train_time:588930ms step_avg:202.80ms
step:2905/4740 train_time:589111ms step_avg:202.79ms
step:2906/4740 train_time:589432ms step_avg:202.83ms
step:2907/4740 train_time:589616ms step_avg:202.83ms
step:2908/4740 train_time:589942ms step_avg:202.87ms
step:2909/4740 train_time:590122ms step_avg:202.86ms
step:2910/4740 train_time:590449ms step_avg:202.90ms
step:2911/4740 train_time:590631ms step_avg:202.90ms
step:2912/4740 train_time:590949ms step_avg:202.94ms
step:2913/4740 train_time:591136ms step_avg:202.93ms
step:2914/4740 train_time:591461ms step_avg:202.97ms
step:2915/4740 train_time:591642ms step_avg:202.96ms
step:2916/4740 train_time:591960ms step_avg:203.00ms
step:2917/4740 train_time:592141ms step_avg:203.00ms
step:2918/4740 train_time:592467ms step_avg:203.04ms
step:2919/4740 train_time:592650ms step_avg:203.03ms
step:2920/4740 train_time:592971ms step_avg:203.07ms
step:2921/4740 train_time:593158ms step_avg:203.07ms
step:2922/4740 train_time:593477ms step_avg:203.11ms
step:2923/4740 train_time:593659ms step_avg:203.10ms
step:2924/4740 train_time:593981ms step_avg:203.14ms
step:2925/4740 train_time:594166ms step_avg:203.13ms
step:2926/4740 train_time:594491ms step_avg:203.18ms
step:2927/4740 train_time:594670ms step_avg:203.17ms
step:2928/4740 train_time:594997ms step_avg:203.21ms
step:2929/4740 train_time:595179ms step_avg:203.20ms
step:2930/4740 train_time:595497ms step_avg:203.24ms
step:2931/4740 train_time:595679ms step_avg:203.23ms
step:2932/4740 train_time:596000ms step_avg:203.27ms
step:2933/4740 train_time:596185ms step_avg:203.27ms
step:2934/4740 train_time:596505ms step_avg:203.31ms
step:2935/4740 train_time:596693ms step_avg:203.30ms
step:2936/4740 train_time:597015ms step_avg:203.34ms
step:2937/4740 train_time:597198ms step_avg:203.34ms
step:2938/4740 train_time:597520ms step_avg:203.38ms
step:2939/4740 train_time:597701ms step_avg:203.37ms
step:2940/4740 train_time:598028ms step_avg:203.41ms
step:2941/4740 train_time:598207ms step_avg:203.40ms
step:2942/4740 train_time:598533ms step_avg:203.44ms
step:2943/4740 train_time:598718ms step_avg:203.44ms
step:2944/4740 train_time:599039ms step_avg:203.48ms
step:2945/4740 train_time:599220ms step_avg:203.47ms
step:2946/4740 train_time:599542ms step_avg:203.51ms
step:2947/4740 train_time:599724ms step_avg:203.50ms
step:2948/4740 train_time:600048ms step_avg:203.54ms
step:2949/4740 train_time:600231ms step_avg:203.54ms
step:2950/4740 train_time:600553ms step_avg:203.58ms
step:2951/4740 train_time:600735ms step_avg:203.57ms
step:2952/4740 train_time:601059ms step_avg:203.61ms
step:2953/4740 train_time:601241ms step_avg:203.60ms
step:2954/4740 train_time:601565ms step_avg:203.64ms
step:2955/4740 train_time:601743ms step_avg:203.64ms
step:2956/4740 train_time:602067ms step_avg:203.68ms
step:2957/4740 train_time:602249ms step_avg:203.67ms
step:2958/4740 train_time:602569ms step_avg:203.71ms
step:2959/4740 train_time:602755ms step_avg:203.70ms
step:2960/4740 train_time:603075ms step_avg:203.74ms
step:2961/4740 train_time:603259ms step_avg:203.73ms
step:2962/4740 train_time:603582ms step_avg:203.78ms
step:2963/4740 train_time:603767ms step_avg:203.77ms
step:2964/4740 train_time:604088ms step_avg:203.81ms
step:2965/4740 train_time:604270ms step_avg:203.80ms
step:2966/4740 train_time:604594ms step_avg:203.84ms
step:2967/4740 train_time:604775ms step_avg:203.83ms
step:2968/4740 train_time:605100ms step_avg:203.87ms
step:2969/4740 train_time:605285ms step_avg:203.87ms
step:2970/4740 train_time:605607ms step_avg:203.91ms
step:2971/4740 train_time:605788ms step_avg:203.90ms
step:2972/4740 train_time:606109ms step_avg:203.94ms
step:2973/4740 train_time:606293ms step_avg:203.93ms
step:2974/4740 train_time:606614ms step_avg:203.97ms
step:2975/4740 train_time:606794ms step_avg:203.96ms
step:2976/4740 train_time:607117ms step_avg:204.00ms
step:2977/4740 train_time:607301ms step_avg:204.00ms
step:2978/4740 train_time:607622ms step_avg:204.04ms
step:2979/4740 train_time:607803ms step_avg:204.03ms
step:2980/4740 train_time:608125ms step_avg:204.07ms
step:2981/4740 train_time:608307ms step_avg:204.06ms
step:2982/4740 train_time:608631ms step_avg:204.10ms
step:2983/4740 train_time:608811ms step_avg:204.09ms
step:2984/4740 train_time:609135ms step_avg:204.13ms
step:2985/4740 train_time:609320ms step_avg:204.13ms
step:2986/4740 train_time:609647ms step_avg:204.17ms
step:2987/4740 train_time:609826ms step_avg:204.16ms
step:2988/4740 train_time:610150ms step_avg:204.20ms
step:2989/4740 train_time:610333ms step_avg:204.19ms
step:2990/4740 train_time:610656ms step_avg:204.23ms
step:2991/4740 train_time:610838ms step_avg:204.23ms
step:2992/4740 train_time:611161ms step_avg:204.27ms
step:2993/4740 train_time:611340ms step_avg:204.26ms
step:2994/4740 train_time:611664ms step_avg:204.30ms
step:2995/4740 train_time:611849ms step_avg:204.29ms
step:2996/4740 train_time:612170ms step_avg:204.33ms
step:2997/4740 train_time:612354ms step_avg:204.32ms
step:2998/4740 train_time:612677ms step_avg:204.36ms
step:2999/4740 train_time:612860ms step_avg:204.35ms
step:3000/4740 train_time:613181ms step_avg:204.39ms
step:3000/4740 val_loss:3.0934 train_time:613309ms step_avg:204.44ms
step:3001/4740 train_time:613364ms step_avg:204.39ms
step:3002/4740 train_time:613695ms step_avg:204.43ms
step:3003/4740 train_time:613879ms step_avg:204.42ms
step:3004/4740 train_time:614200ms step_avg:204.46ms
step:3005/4740 train_time:614382ms step_avg:204.45ms
step:3006/4740 train_time:614707ms step_avg:204.49ms
step:3007/4740 train_time:614890ms step_avg:204.49ms
step:3008/4740 train_time:615212ms step_avg:204.53ms
step:3009/4740 train_time:615392ms step_avg:204.52ms
step:3010/4740 train_time:615717ms step_avg:204.56ms
step:3011/4740 train_time:615903ms step_avg:204.55ms
step:3012/4740 train_time:616224ms step_avg:204.59ms
step:3013/4740 train_time:616405ms step_avg:204.58ms
step:3014/4740 train_time:616729ms step_avg:204.62ms
step:3015/4740 train_time:616913ms step_avg:204.61ms
step:3016/4740 train_time:617237ms step_avg:204.65ms
step:3017/4740 train_time:617419ms step_avg:204.65ms
step:3018/4740 train_time:617738ms step_avg:204.68ms
step:3019/4740 train_time:617922ms step_avg:204.68ms
step:3020/4740 train_time:618246ms step_avg:204.72ms
step:3021/4740 train_time:618424ms step_avg:204.71ms
step:3022/4740 train_time:618746ms step_avg:204.75ms
step:3023/4740 train_time:618928ms step_avg:204.74ms
step:3024/4740 train_time:619254ms step_avg:204.78ms
step:3025/4740 train_time:619435ms step_avg:204.77ms
step:3026/4740 train_time:619752ms step_avg:204.81ms
step:3027/4740 train_time:619936ms step_avg:204.80ms
step:3028/4740 train_time:620260ms step_avg:204.84ms
step:3029/4740 train_time:620442ms step_avg:204.83ms
step:3030/4740 train_time:620766ms step_avg:204.87ms
step:3031/4740 train_time:620950ms step_avg:204.87ms
step:3032/4740 train_time:621277ms step_avg:204.91ms
step:3033/4740 train_time:621454ms step_avg:204.90ms
step:3034/4740 train_time:621773ms step_avg:204.94ms
step:3035/4740 train_time:621958ms step_avg:204.93ms
step:3036/4740 train_time:622280ms step_avg:204.97ms
step:3037/4740 train_time:622461ms step_avg:204.96ms
step:3038/4740 train_time:622783ms step_avg:205.00ms
step:3039/4740 train_time:622964ms step_avg:204.99ms
step:3040/4740 train_time:623289ms step_avg:205.03ms
step:3041/4740 train_time:623469ms step_avg:205.02ms
step:3042/4740 train_time:623790ms step_avg:205.06ms
step:3043/4740 train_time:623969ms step_avg:205.05ms
step:3044/4740 train_time:624294ms step_avg:205.09ms
step:3045/4740 train_time:624479ms step_avg:205.08ms
step:3046/4740 train_time:624800ms step_avg:205.12ms
step:3047/4740 train_time:624980ms step_avg:205.11ms
step:3048/4740 train_time:625304ms step_avg:205.15ms
step:3049/4740 train_time:625489ms step_avg:205.15ms
step:3050/4740 train_time:625809ms step_avg:205.18ms
step:3051/4740 train_time:625993ms step_avg:205.18ms
step:3052/4740 train_time:626314ms step_avg:205.21ms
step:3053/4740 train_time:626498ms step_avg:205.21ms
step:3054/4740 train_time:626817ms step_avg:205.24ms
step:3055/4740 train_time:627000ms step_avg:205.24ms
step:3056/4740 train_time:627322ms step_avg:205.28ms
step:3057/4740 train_time:627505ms step_avg:205.27ms
step:3058/4740 train_time:627827ms step_avg:205.31ms
step:3059/4740 train_time:628007ms step_avg:205.30ms
step:3060/4740 train_time:628330ms step_avg:205.34ms
step:3061/4740 train_time:628513ms step_avg:205.33ms
step:3062/4740 train_time:628835ms step_avg:205.37ms
step:3063/4740 train_time:629015ms step_avg:205.36ms
step:3064/4740 train_time:629340ms step_avg:205.40ms
step:3065/4740 train_time:629521ms step_avg:205.39ms
step:3066/4740 train_time:629842ms step_avg:205.43ms
step:3067/4740 train_time:630023ms step_avg:205.42ms
step:3068/4740 train_time:630345ms step_avg:205.46ms
step:3069/4740 train_time:630526ms step_avg:205.45ms
step:3070/4740 train_time:630850ms step_avg:205.49ms
step:3071/4740 train_time:631031ms step_avg:205.48ms
step:3072/4740 train_time:631355ms step_avg:205.52ms
step:3073/4740 train_time:631536ms step_avg:205.51ms
step:3074/4740 train_time:631859ms step_avg:205.55ms
step:3075/4740 train_time:632041ms step_avg:205.54ms
step:3076/4740 train_time:632359ms step_avg:205.58ms
step:3077/4740 train_time:632544ms step_avg:205.57ms
step:3078/4740 train_time:632870ms step_avg:205.61ms
step:3079/4740 train_time:633050ms step_avg:205.60ms
step:3080/4740 train_time:633372ms step_avg:205.64ms
step:3081/4740 train_time:633554ms step_avg:205.63ms
step:3082/4740 train_time:633877ms step_avg:205.67ms
step:3083/4740 train_time:634055ms step_avg:205.66ms
step:3084/4740 train_time:634380ms step_avg:205.70ms
step:3085/4740 train_time:634561ms step_avg:205.69ms
step:3086/4740 train_time:634884ms step_avg:205.73ms
step:3087/4740 train_time:635065ms step_avg:205.72ms
step:3088/4740 train_time:635390ms step_avg:205.76ms
step:3089/4740 train_time:635571ms step_avg:205.75ms
step:3090/4740 train_time:635894ms step_avg:205.79ms
step:3091/4740 train_time:636076ms step_avg:205.78ms
step:3092/4740 train_time:636398ms step_avg:205.82ms
step:3093/4740 train_time:636583ms step_avg:205.81ms
step:3094/4740 train_time:636905ms step_avg:205.85ms
step:3095/4740 train_time:637085ms step_avg:205.84ms
step:3096/4740 train_time:637405ms step_avg:205.88ms
step:3097/4740 train_time:637590ms step_avg:205.87ms
step:3098/4740 train_time:637912ms step_avg:205.91ms
step:3099/4740 train_time:638098ms step_avg:205.90ms
step:3100/4740 train_time:638419ms step_avg:205.94ms
step:3101/4740 train_time:638602ms step_avg:205.93ms
step:3102/4740 train_time:638925ms step_avg:205.97ms
step:3103/4740 train_time:639105ms step_avg:205.96ms
step:3104/4740 train_time:639428ms step_avg:206.00ms
step:3105/4740 train_time:639610ms step_avg:205.99ms
step:3106/4740 train_time:639931ms step_avg:206.03ms
step:3107/4740 train_time:640117ms step_avg:206.02ms
step:3108/4740 train_time:640439ms step_avg:206.06ms
step:3109/4740 train_time:640624ms step_avg:206.05ms
step:3110/4740 train_time:640945ms step_avg:206.09ms
step:3111/4740 train_time:641133ms step_avg:206.09ms
step:3112/4740 train_time:641455ms step_avg:206.12ms
step:3113/4740 train_time:641635ms step_avg:206.11ms
step:3114/4740 train_time:641958ms step_avg:206.15ms
step:3115/4740 train_time:642139ms step_avg:206.14ms
step:3116/4740 train_time:642460ms step_avg:206.18ms
step:3117/4740 train_time:642644ms step_avg:206.17ms
step:3118/4740 train_time:642967ms step_avg:206.21ms
step:3119/4740 train_time:643148ms step_avg:206.20ms
step:3120/4740 train_time:643471ms step_avg:206.24ms
step:3121/4740 train_time:643651ms step_avg:206.23ms
step:3122/4740 train_time:643975ms step_avg:206.27ms
step:3123/4740 train_time:644155ms step_avg:206.26ms
step:3124/4740 train_time:644478ms step_avg:206.30ms
step:3125/4740 train_time:644662ms step_avg:206.29ms
step:3126/4740 train_time:644983ms step_avg:206.33ms
step:3127/4740 train_time:645164ms step_avg:206.32ms
step:3128/4740 train_time:645491ms step_avg:206.36ms
step:3129/4740 train_time:645676ms step_avg:206.35ms
step:3130/4740 train_time:646000ms step_avg:206.39ms
step:3131/4740 train_time:646184ms step_avg:206.38ms
step:3132/4740 train_time:646509ms step_avg:206.42ms
step:3133/4740 train_time:646694ms step_avg:206.41ms
step:3134/4740 train_time:647019ms step_avg:206.45ms
step:3135/4740 train_time:647203ms step_avg:206.44ms
step:3136/4740 train_time:647527ms step_avg:206.48ms
step:3137/4740 train_time:647710ms step_avg:206.47ms
step:3138/4740 train_time:648032ms step_avg:206.51ms
step:3139/4740 train_time:648215ms step_avg:206.50ms
step:3140/4740 train_time:648537ms step_avg:206.54ms
step:3141/4740 train_time:648719ms step_avg:206.53ms
step:3142/4740 train_time:649046ms step_avg:206.57ms
step:3143/4740 train_time:649227ms step_avg:206.56ms
step:3144/4740 train_time:649552ms step_avg:206.60ms
step:3145/4740 train_time:649734ms step_avg:206.59ms
step:3146/4740 train_time:650060ms step_avg:206.63ms
step:3147/4740 train_time:650239ms step_avg:206.62ms
step:3148/4740 train_time:650560ms step_avg:206.66ms
step:3149/4740 train_time:650743ms step_avg:206.65ms
step:3150/4740 train_time:651063ms step_avg:206.69ms
step:3151/4740 train_time:651247ms step_avg:206.68ms
step:3152/4740 train_time:651570ms step_avg:206.72ms
step:3153/4740 train_time:651753ms step_avg:206.71ms
step:3154/4740 train_time:652076ms step_avg:206.75ms
step:3155/4740 train_time:652260ms step_avg:206.74ms
step:3156/4740 train_time:652581ms step_avg:206.77ms
step:3157/4740 train_time:652766ms step_avg:206.77ms
step:3158/4740 train_time:653084ms step_avg:206.80ms
step:3159/4740 train_time:653273ms step_avg:206.80ms
step:3160/4740 train_time:653593ms step_avg:206.83ms
step:3161/4740 train_time:653782ms step_avg:206.83ms
step:3162/4740 train_time:654106ms step_avg:206.86ms
step:3163/4740 train_time:654289ms step_avg:206.86ms
step:3164/4740 train_time:654616ms step_avg:206.89ms
step:3165/4740 train_time:654798ms step_avg:206.89ms
step:3166/4740 train_time:655123ms step_avg:206.92ms
step:3167/4740 train_time:655305ms step_avg:206.92ms
step:3168/4740 train_time:655629ms step_avg:206.95ms
step:3169/4740 train_time:655812ms step_avg:206.95ms
step:3170/4740 train_time:656135ms step_avg:206.98ms
step:3171/4740 train_time:656314ms step_avg:206.97ms
step:3172/4740 train_time:656635ms step_avg:207.01ms
step:3173/4740 train_time:656819ms step_avg:207.00ms
step:3174/4740 train_time:657140ms step_avg:207.04ms
step:3175/4740 train_time:657324ms step_avg:207.03ms
step:3176/4740 train_time:657651ms step_avg:207.07ms
step:3177/4740 train_time:657832ms step_avg:207.06ms
step:3178/4740 train_time:658157ms step_avg:207.10ms
step:3179/4740 train_time:658341ms step_avg:207.09ms
step:3180/4740 train_time:658664ms step_avg:207.13ms
step:3181/4740 train_time:658849ms step_avg:207.12ms
step:3182/4740 train_time:659172ms step_avg:207.16ms
step:3183/4740 train_time:659357ms step_avg:207.15ms
step:3184/4740 train_time:659682ms step_avg:207.19ms
step:3185/4740 train_time:659863ms step_avg:207.18ms
step:3186/4740 train_time:660187ms step_avg:207.21ms
step:3187/4740 train_time:660368ms step_avg:207.21ms
step:3188/4740 train_time:660694ms step_avg:207.24ms
step:3189/4740 train_time:660878ms step_avg:207.24ms
step:3190/4740 train_time:661202ms step_avg:207.27ms
step:3191/4740 train_time:661381ms step_avg:207.26ms
step:3192/4740 train_time:661704ms step_avg:207.30ms
step:3193/4740 train_time:661885ms step_avg:207.29ms
step:3194/4740 train_time:662213ms step_avg:207.33ms
step:3195/4740 train_time:662397ms step_avg:207.32ms
step:3196/4740 train_time:662719ms step_avg:207.36ms
step:3197/4740 train_time:662902ms step_avg:207.35ms
step:3198/4740 train_time:663227ms step_avg:207.39ms
step:3199/4740 train_time:663412ms step_avg:207.38ms
step:3200/4740 train_time:663729ms step_avg:207.42ms
step:3201/4740 train_time:663912ms step_avg:207.41ms
step:3202/4740 train_time:664234ms step_avg:207.44ms
step:3203/4740 train_time:664416ms step_avg:207.44ms
step:3204/4740 train_time:664740ms step_avg:207.47ms
step:3205/4740 train_time:664923ms step_avg:207.46ms
step:3206/4740 train_time:665246ms step_avg:207.50ms
step:3207/4740 train_time:665431ms step_avg:207.49ms
step:3208/4740 train_time:665754ms step_avg:207.53ms
step:3209/4740 train_time:665935ms step_avg:207.52ms
step:3210/4740 train_time:666260ms step_avg:207.56ms
step:3211/4740 train_time:666438ms step_avg:207.55ms
step:3212/4740 train_time:666760ms step_avg:207.58ms
step:3213/4740 train_time:666941ms step_avg:207.58ms
step:3214/4740 train_time:667266ms step_avg:207.61ms
step:3215/4740 train_time:667448ms step_avg:207.60ms
step:3216/4740 train_time:667769ms step_avg:207.64ms
step:3217/4740 train_time:667953ms step_avg:207.63ms
step:3218/4740 train_time:668279ms step_avg:207.67ms
step:3219/4740 train_time:668463ms step_avg:207.66ms
step:3220/4740 train_time:668786ms step_avg:207.70ms
step:3221/4740 train_time:668968ms step_avg:207.69ms
step:3222/4740 train_time:669291ms step_avg:207.73ms
step:3223/4740 train_time:669472ms step_avg:207.72ms
step:3224/4740 train_time:669795ms step_avg:207.75ms
step:3225/4740 train_time:669981ms step_avg:207.75ms
step:3226/4740 train_time:670303ms step_avg:207.78ms
step:3227/4740 train_time:670485ms step_avg:207.77ms
step:3228/4740 train_time:670807ms step_avg:207.81ms
step:3229/4740 train_time:670991ms step_avg:207.80ms
step:3230/4740 train_time:671318ms step_avg:207.84ms
step:3231/4740 train_time:671498ms step_avg:207.83ms
step:3232/4740 train_time:671823ms step_avg:207.87ms
step:3233/4740 train_time:672008ms step_avg:207.86ms
step:3234/4740 train_time:672326ms step_avg:207.89ms
step:3235/4740 train_time:672513ms step_avg:207.89ms
step:3236/4740 train_time:672834ms step_avg:207.92ms
step:3237/4740 train_time:673014ms step_avg:207.91ms
step:3238/4740 train_time:673336ms step_avg:207.95ms
step:3239/4740 train_time:673522ms step_avg:207.94ms
step:3240/4740 train_time:673845ms step_avg:207.98ms
step:3241/4740 train_time:674029ms step_avg:207.97ms
step:3242/4740 train_time:674354ms step_avg:208.01ms
step:3243/4740 train_time:674536ms step_avg:208.00ms
step:3244/4740 train_time:674859ms step_avg:208.03ms
step:3245/4740 train_time:675041ms step_avg:208.02ms
step:3246/4740 train_time:675363ms step_avg:208.06ms
step:3247/4740 train_time:675548ms step_avg:208.05ms
step:3248/4740 train_time:675875ms step_avg:208.09ms
step:3249/4740 train_time:676054ms step_avg:208.08ms
step:3250/4740 train_time:676382ms step_avg:208.12ms
step:3250/4740 val_loss:3.0634 train_time:676509ms step_avg:208.16ms
step:3251/4740 train_time:676564ms step_avg:208.11ms
step:3252/4740 train_time:676888ms step_avg:208.14ms
step:3253/4740 train_time:677074ms step_avg:208.14ms
step:3254/4740 train_time:677395ms step_avg:208.17ms
step:3255/4740 train_time:677577ms step_avg:208.17ms
step:3256/4740 train_time:677903ms step_avg:208.20ms
step:3257/4740 train_time:678091ms step_avg:208.20ms
step:3258/4740 train_time:678411ms step_avg:208.23ms
step:3259/4740 train_time:678591ms step_avg:208.22ms
step:3260/4740 train_time:678912ms step_avg:208.26ms
step:3261/4740 train_time:679098ms step_avg:208.25ms
step:3262/4740 train_time:679419ms step_avg:208.28ms
step:3263/4740 train_time:679598ms step_avg:208.27ms
step:3264/4740 train_time:679923ms step_avg:208.31ms
step:3265/4740 train_time:680112ms step_avg:208.30ms
step:3266/4740 train_time:680434ms step_avg:208.34ms
step:3267/4740 train_time:680613ms step_avg:208.33ms
step:3268/4740 train_time:680939ms step_avg:208.37ms
step:3269/4740 train_time:681121ms step_avg:208.36ms
step:3270/4740 train_time:681443ms step_avg:208.39ms
step:3271/4740 train_time:681627ms step_avg:208.38ms
step:3272/4740 train_time:681948ms step_avg:208.42ms
step:3273/4740 train_time:682134ms step_avg:208.41ms
step:3274/4740 train_time:682456ms step_avg:208.45ms
step:3275/4740 train_time:682638ms step_avg:208.44ms
step:3276/4740 train_time:682963ms step_avg:208.47ms
step:3277/4740 train_time:683147ms step_avg:208.47ms
step:3278/4740 train_time:683469ms step_avg:208.50ms
step:3279/4740 train_time:683650ms step_avg:208.49ms
step:3280/4740 train_time:683974ms step_avg:208.53ms
step:3281/4740 train_time:684158ms step_avg:208.52ms
step:3282/4740 train_time:684481ms step_avg:208.56ms
step:3283/4740 train_time:684660ms step_avg:208.55ms
step:3284/4740 train_time:684984ms step_avg:208.58ms
step:3285/4740 train_time:685168ms step_avg:208.57ms
step:3286/4740 train_time:685491ms step_avg:208.61ms
step:3287/4740 train_time:685675ms step_avg:208.60ms
step:3288/4740 train_time:685997ms step_avg:208.64ms
step:3289/4740 train_time:686179ms step_avg:208.63ms
step:3290/4740 train_time:686501ms step_avg:208.66ms
step:3291/4740 train_time:686682ms step_avg:208.65ms
step:3292/4740 train_time:687006ms step_avg:208.69ms
step:3293/4740 train_time:687186ms step_avg:208.68ms
step:3294/4740 train_time:687508ms step_avg:208.72ms
step:3295/4740 train_time:687688ms step_avg:208.71ms
step:3296/4740 train_time:688014ms step_avg:208.74ms
step:3297/4740 train_time:688197ms step_avg:208.73ms
step:3298/4740 train_time:688520ms step_avg:208.77ms
step:3299/4740 train_time:688702ms step_avg:208.76ms
step:3300/4740 train_time:689021ms step_avg:208.79ms
step:3301/4740 train_time:689203ms step_avg:208.79ms
step:3302/4740 train_time:689526ms step_avg:208.82ms
step:3303/4740 train_time:689710ms step_avg:208.81ms
step:3304/4740 train_time:690033ms step_avg:208.85ms
step:3305/4740 train_time:690214ms step_avg:208.84ms
step:3306/4740 train_time:690540ms step_avg:208.87ms
step:3307/4740 train_time:690720ms step_avg:208.87ms
step:3308/4740 train_time:691044ms step_avg:208.90ms
step:3309/4740 train_time:691227ms step_avg:208.89ms
step:3310/4740 train_time:691549ms step_avg:208.93ms
step:3311/4740 train_time:691733ms step_avg:208.92ms
step:3312/4740 train_time:692061ms step_avg:208.96ms
step:3313/4740 train_time:692238ms step_avg:208.95ms
step:3314/4740 train_time:692562ms step_avg:208.98ms
step:3315/4740 train_time:692745ms step_avg:208.97ms
step:3316/4740 train_time:693070ms step_avg:209.01ms
step:3317/4740 train_time:693251ms step_avg:209.00ms
step:3318/4740 train_time:693571ms step_avg:209.03ms
step:3319/4740 train_time:693757ms step_avg:209.03ms
step:3320/4740 train_time:694079ms step_avg:209.06ms
step:3321/4740 train_time:694263ms step_avg:209.05ms
step:3322/4740 train_time:694583ms step_avg:209.09ms
step:3323/4740 train_time:694768ms step_avg:209.08ms
step:3324/4740 train_time:695089ms step_avg:209.11ms
step:3325/4740 train_time:695272ms step_avg:209.10ms
step:3326/4740 train_time:695596ms step_avg:209.14ms
step:3327/4740 train_time:695780ms step_avg:209.13ms
step:3328/4740 train_time:696105ms step_avg:209.17ms
step:3329/4740 train_time:696285ms step_avg:209.16ms
step:3330/4740 train_time:696606ms step_avg:209.19ms
step:3331/4740 train_time:696790ms step_avg:209.18ms
step:3332/4740 train_time:697115ms step_avg:209.22ms
step:3333/4740 train_time:697298ms step_avg:209.21ms
step:3334/4740 train_time:697622ms step_avg:209.24ms
step:3335/4740 train_time:697801ms step_avg:209.24ms
step:3336/4740 train_time:698127ms step_avg:209.27ms
step:3337/4740 train_time:698305ms step_avg:209.26ms
step:3338/4740 train_time:698626ms step_avg:209.29ms
step:3339/4740 train_time:698811ms step_avg:209.29ms
step:3340/4740 train_time:699134ms step_avg:209.32ms
step:3341/4740 train_time:699315ms step_avg:209.31ms
step:3342/4740 train_time:699638ms step_avg:209.35ms
step:3343/4740 train_time:699821ms step_avg:209.34ms
step:3344/4740 train_time:700144ms step_avg:209.37ms
step:3345/4740 train_time:700328ms step_avg:209.37ms
step:3346/4740 train_time:700650ms step_avg:209.40ms
step:3347/4740 train_time:700834ms step_avg:209.39ms
step:3348/4740 train_time:701157ms step_avg:209.43ms
step:3349/4740 train_time:701340ms step_avg:209.42ms
step:3350/4740 train_time:701666ms step_avg:209.45ms
step:3351/4740 train_time:701854ms step_avg:209.45ms
step:3352/4740 train_time:702175ms step_avg:209.48ms
step:3353/4740 train_time:702358ms step_avg:209.47ms
step:3354/4740 train_time:702680ms step_avg:209.51ms
step:3355/4740 train_time:702865ms step_avg:209.50ms
step:3356/4740 train_time:703187ms step_avg:209.53ms
step:3357/4740 train_time:703372ms step_avg:209.52ms
step:3358/4740 train_time:703692ms step_avg:209.56ms
step:3359/4740 train_time:703875ms step_avg:209.55ms
step:3360/4740 train_time:704199ms step_avg:209.58ms
step:3361/4740 train_time:704380ms step_avg:209.57ms
step:3362/4740 train_time:704702ms step_avg:209.61ms
step:3363/4740 train_time:704890ms step_avg:209.60ms
step:3364/4740 train_time:705214ms step_avg:209.64ms
step:3365/4740 train_time:705396ms step_avg:209.63ms
step:3366/4740 train_time:705718ms step_avg:209.66ms
step:3367/4740 train_time:705900ms step_avg:209.65ms
step:3368/4740 train_time:706223ms step_avg:209.69ms
step:3369/4740 train_time:706405ms step_avg:209.68ms
step:3370/4740 train_time:706727ms step_avg:209.71ms
step:3371/4740 train_time:706911ms step_avg:209.70ms
step:3372/4740 train_time:707234ms step_avg:209.74ms
step:3373/4740 train_time:707417ms step_avg:209.73ms
step:3374/4740 train_time:707739ms step_avg:209.76ms
step:3375/4740 train_time:707920ms step_avg:209.75ms
step:3376/4740 train_time:708243ms step_avg:209.79ms
step:3377/4740 train_time:708429ms step_avg:209.78ms
step:3378/4740 train_time:708752ms step_avg:209.81ms
step:3379/4740 train_time:708935ms step_avg:209.81ms
step:3380/4740 train_time:709259ms step_avg:209.84ms
step:3381/4740 train_time:709441ms step_avg:209.83ms
step:3382/4740 train_time:709763ms step_avg:209.86ms
step:3383/4740 train_time:709945ms step_avg:209.86ms
step:3384/4740 train_time:710270ms step_avg:209.89ms
step:3385/4740 train_time:710451ms step_avg:209.88ms
step:3386/4740 train_time:710776ms step_avg:209.92ms
step:3387/4740 train_time:710960ms step_avg:209.91ms
step:3388/4740 train_time:711280ms step_avg:209.94ms
step:3389/4740 train_time:711465ms step_avg:209.93ms
step:3390/4740 train_time:711788ms step_avg:209.97ms
step:3391/4740 train_time:711972ms step_avg:209.96ms
step:3392/4740 train_time:712295ms step_avg:209.99ms
step:3393/4740 train_time:712477ms step_avg:209.98ms
step:3394/4740 train_time:712801ms step_avg:210.02ms
step:3395/4740 train_time:712988ms step_avg:210.01ms
step:3396/4740 train_time:713308ms step_avg:210.04ms
step:3397/4740 train_time:713493ms step_avg:210.04ms
step:3398/4740 train_time:713817ms step_avg:210.07ms
step:3399/4740 train_time:713999ms step_avg:210.06ms
step:3400/4740 train_time:714323ms step_avg:210.10ms
step:3401/4740 train_time:714507ms step_avg:210.09ms
step:3402/4740 train_time:714830ms step_avg:210.12ms
step:3403/4740 train_time:715011ms step_avg:210.11ms
step:3404/4740 train_time:715339ms step_avg:210.15ms
step:3405/4740 train_time:715520ms step_avg:210.14ms
step:3406/4740 train_time:715843ms step_avg:210.17ms
step:3407/4740 train_time:716025ms step_avg:210.16ms
step:3408/4740 train_time:716346ms step_avg:210.20ms
step:3409/4740 train_time:716531ms step_avg:210.19ms
step:3410/4740 train_time:716853ms step_avg:210.22ms
step:3411/4740 train_time:717037ms step_avg:210.21ms
step:3412/4740 train_time:717365ms step_avg:210.25ms
step:3413/4740 train_time:717546ms step_avg:210.24ms
step:3414/4740 train_time:717869ms step_avg:210.27ms
step:3415/4740 train_time:718051ms step_avg:210.26ms
step:3416/4740 train_time:718379ms step_avg:210.30ms
step:3417/4740 train_time:718561ms step_avg:210.29ms
step:3418/4740 train_time:718882ms step_avg:210.32ms
step:3419/4740 train_time:719063ms step_avg:210.31ms
step:3420/4740 train_time:719391ms step_avg:210.35ms
step:3421/4740 train_time:719573ms step_avg:210.34ms
step:3422/4740 train_time:719895ms step_avg:210.37ms
step:3423/4740 train_time:720079ms step_avg:210.36ms
step:3424/4740 train_time:720402ms step_avg:210.40ms
step:3425/4740 train_time:720584ms step_avg:210.39ms
step:3426/4740 train_time:720905ms step_avg:210.42ms
step:3427/4740 train_time:721087ms step_avg:210.41ms
step:3428/4740 train_time:721412ms step_avg:210.45ms
step:3429/4740 train_time:721598ms step_avg:210.44ms
step:3430/4740 train_time:721920ms step_avg:210.47ms
step:3431/4740 train_time:722101ms step_avg:210.46ms
step:3432/4740 train_time:722424ms step_avg:210.50ms
step:3433/4740 train_time:722608ms step_avg:210.49ms
step:3434/4740 train_time:722930ms step_avg:210.52ms
step:3435/4740 train_time:723112ms step_avg:210.51ms
step:3436/4740 train_time:723434ms step_avg:210.55ms
step:3437/4740 train_time:723615ms step_avg:210.54ms
step:3438/4740 train_time:723936ms step_avg:210.57ms
step:3439/4740 train_time:724117ms step_avg:210.56ms
step:3440/4740 train_time:724443ms step_avg:210.59ms
step:3441/4740 train_time:724625ms step_avg:210.59ms
step:3442/4740 train_time:724947ms step_avg:210.62ms
step:3443/4740 train_time:725125ms step_avg:210.61ms
step:3444/4740 train_time:725447ms step_avg:210.64ms
step:3445/4740 train_time:725634ms step_avg:210.63ms
step:3446/4740 train_time:725960ms step_avg:210.67ms
step:3447/4740 train_time:726140ms step_avg:210.66ms
step:3448/4740 train_time:726466ms step_avg:210.69ms
step:3449/4740 train_time:726649ms step_avg:210.68ms
step:3450/4740 train_time:726972ms step_avg:210.72ms
step:3451/4740 train_time:727157ms step_avg:210.71ms
step:3452/4740 train_time:727481ms step_avg:210.74ms
step:3453/4740 train_time:727665ms step_avg:210.73ms
step:3454/4740 train_time:727986ms step_avg:210.77ms
step:3455/4740 train_time:728169ms step_avg:210.76ms
step:3456/4740 train_time:728494ms step_avg:210.79ms
step:3457/4740 train_time:728674ms step_avg:210.78ms
step:3458/4740 train_time:729001ms step_avg:210.82ms
step:3459/4740 train_time:729182ms step_avg:210.81ms
step:3460/4740 train_time:729505ms step_avg:210.84ms
step:3461/4740 train_time:729688ms step_avg:210.83ms
step:3462/4740 train_time:730012ms step_avg:210.86ms
step:3463/4740 train_time:730194ms step_avg:210.86ms
step:3464/4740 train_time:730518ms step_avg:210.89ms
step:3465/4740 train_time:730703ms step_avg:210.88ms
step:3466/4740 train_time:731024ms step_avg:210.91ms
step:3467/4740 train_time:731211ms step_avg:210.91ms
step:3468/4740 train_time:731534ms step_avg:210.94ms
step:3469/4740 train_time:731718ms step_avg:210.93ms
step:3470/4740 train_time:732040ms step_avg:210.96ms
step:3471/4740 train_time:732222ms step_avg:210.95ms
step:3472/4740 train_time:732544ms step_avg:210.99ms
step:3473/4740 train_time:732731ms step_avg:210.98ms
step:3474/4740 train_time:733053ms step_avg:211.01ms
step:3475/4740 train_time:733235ms step_avg:211.00ms
step:3476/4740 train_time:733556ms step_avg:211.03ms
step:3477/4740 train_time:733739ms step_avg:211.03ms
step:3478/4740 train_time:734066ms step_avg:211.06ms
step:3479/4740 train_time:734250ms step_avg:211.05ms
step:3480/4740 train_time:734575ms step_avg:211.08ms
step:3481/4740 train_time:734755ms step_avg:211.08ms
step:3482/4740 train_time:735080ms step_avg:211.11ms
step:3483/4740 train_time:735261ms step_avg:211.10ms
step:3484/4740 train_time:735585ms step_avg:211.13ms
step:3485/4740 train_time:735769ms step_avg:211.12ms
step:3486/4740 train_time:736093ms step_avg:211.16ms
step:3487/4740 train_time:736276ms step_avg:211.15ms
step:3488/4740 train_time:736603ms step_avg:211.18ms
step:3489/4740 train_time:736783ms step_avg:211.17ms
step:3490/4740 train_time:737104ms step_avg:211.20ms
step:3491/4740 train_time:737290ms step_avg:211.20ms
step:3492/4740 train_time:737612ms step_avg:211.23ms
step:3493/4740 train_time:737792ms step_avg:211.22ms
step:3494/4740 train_time:738117ms step_avg:211.25ms
step:3495/4740 train_time:738299ms step_avg:211.24ms
step:3496/4740 train_time:738622ms step_avg:211.28ms
step:3497/4740 train_time:738803ms step_avg:211.27ms
step:3498/4740 train_time:739125ms step_avg:211.30ms
step:3499/4740 train_time:739309ms step_avg:211.29ms
step:3500/4740 train_time:739633ms step_avg:211.32ms
step:3500/4740 val_loss:3.0329 train_time:739758ms step_avg:211.36ms
step:3501/4740 train_time:739814ms step_avg:211.32ms
step:3502/4740 train_time:740141ms step_avg:211.35ms
step:3503/4740 train_time:740325ms step_avg:211.34ms
step:3504/4740 train_time:740641ms step_avg:211.37ms
step:3505/4740 train_time:740822ms step_avg:211.36ms
step:3506/4740 train_time:741152ms step_avg:211.40ms
step:3507/4740 train_time:741338ms step_avg:211.39ms
step:3508/4740 train_time:741658ms step_avg:211.42ms
step:3509/4740 train_time:741836ms step_avg:211.41ms
step:3510/4740 train_time:742162ms step_avg:211.44ms
step:3511/4740 train_time:742346ms step_avg:211.43ms
step:3512/4740 train_time:742666ms step_avg:211.47ms
step:3513/4740 train_time:742849ms step_avg:211.46ms
step:3514/4740 train_time:743172ms step_avg:211.49ms
step:3515/4740 train_time:743356ms step_avg:211.48ms
step:3516/4740 train_time:743678ms step_avg:211.51ms
step:3517/4740 train_time:743864ms step_avg:211.51ms
step:3518/4740 train_time:744185ms step_avg:211.54ms
step:3519/4740 train_time:744371ms step_avg:211.53ms
step:3520/4740 train_time:744691ms step_avg:211.56ms
step:3521/4740 train_time:744877ms step_avg:211.55ms
step:3522/4740 train_time:745194ms step_avg:211.58ms
step:3523/4740 train_time:745385ms step_avg:211.58ms
step:3524/4740 train_time:745710ms step_avg:211.61ms
step:3525/4740 train_time:745891ms step_avg:211.60ms
step:3526/4740 train_time:746212ms step_avg:211.63ms
step:3527/4740 train_time:746398ms step_avg:211.62ms
step:3528/4740 train_time:746720ms step_avg:211.66ms
step:3529/4740 train_time:746907ms step_avg:211.65ms
step:3530/4740 train_time:747226ms step_avg:211.68ms
step:3531/4740 train_time:747411ms step_avg:211.67ms
step:3532/4740 train_time:747731ms step_avg:211.70ms
step:3533/4740 train_time:747915ms step_avg:211.69ms
step:3534/4740 train_time:748235ms step_avg:211.72ms
step:3535/4740 train_time:748421ms step_avg:211.72ms
step:3536/4740 train_time:748746ms step_avg:211.75ms
step:3537/4740 train_time:748927ms step_avg:211.74ms
step:3538/4740 train_time:749245ms step_avg:211.77ms
step:3539/4740 train_time:749435ms step_avg:211.76ms
step:3540/4740 train_time:749754ms step_avg:211.79ms
step:3541/4740 train_time:749936ms step_avg:211.79ms
step:3542/4740 train_time:750258ms step_avg:211.82ms
step:3543/4740 train_time:750439ms step_avg:211.81ms
step:3544/4740 train_time:750760ms step_avg:211.84ms
step:3545/4740 train_time:750943ms step_avg:211.83ms
step:3546/4740 train_time:751265ms step_avg:211.86ms
step:3547/4740 train_time:751450ms step_avg:211.86ms
step:3548/4740 train_time:751773ms step_avg:211.89ms
step:3549/4740 train_time:751954ms step_avg:211.88ms
step:3550/4740 train_time:752280ms step_avg:211.91ms
step:3551/4740 train_time:752462ms step_avg:211.90ms
step:3552/4740 train_time:752786ms step_avg:211.93ms
step:3553/4740 train_time:752969ms step_avg:211.92ms
step:3554/4740 train_time:753287ms step_avg:211.95ms
step:3555/4740 train_time:753474ms step_avg:211.95ms
step:3556/4740 train_time:753799ms step_avg:211.98ms
step:3557/4740 train_time:753983ms step_avg:211.97ms
step:3558/4740 train_time:754310ms step_avg:212.00ms
step:3559/4740 train_time:754492ms step_avg:212.00ms
step:3560/4740 train_time:754812ms step_avg:212.03ms
step:3561/4740 train_time:754995ms step_avg:212.02ms
step:3562/4740 train_time:755320ms step_avg:212.05ms
step:3563/4740 train_time:755501ms step_avg:212.04ms
step:3564/4740 train_time:755821ms step_avg:212.07ms
step:3565/4740 train_time:756005ms step_avg:212.06ms
step:3566/4740 train_time:756325ms step_avg:212.09ms
step:3567/4740 train_time:756509ms step_avg:212.09ms
step:3568/4740 train_time:756828ms step_avg:212.12ms
step:3569/4740 train_time:757014ms step_avg:212.11ms
step:3570/4740 train_time:757335ms step_avg:212.14ms
step:3571/4740 train_time:757519ms step_avg:212.13ms
step:3572/4740 train_time:757840ms step_avg:212.16ms
step:3573/4740 train_time:758022ms step_avg:212.15ms
step:3574/4740 train_time:758348ms step_avg:212.18ms
step:3575/4740 train_time:758529ms step_avg:212.18ms
step:3576/4740 train_time:758851ms step_avg:212.21ms
step:3577/4740 train_time:759033ms step_avg:212.20ms
step:3578/4740 train_time:759358ms step_avg:212.23ms
step:3579/4740 train_time:759540ms step_avg:212.22ms
step:3580/4740 train_time:759864ms step_avg:212.25ms
step:3581/4740 train_time:760051ms step_avg:212.25ms
step:3582/4740 train_time:760377ms step_avg:212.28ms
step:3583/4740 train_time:760563ms step_avg:212.27ms
step:3584/4740 train_time:760886ms step_avg:212.30ms
step:3585/4740 train_time:761067ms step_avg:212.29ms
step:3586/4740 train_time:761386ms step_avg:212.32ms
step:3587/4740 train_time:761571ms step_avg:212.31ms
step:3588/4740 train_time:761894ms step_avg:212.35ms
step:3589/4740 train_time:762080ms step_avg:212.34ms
step:3590/4740 train_time:762401ms step_avg:212.37ms
step:3591/4740 train_time:762588ms step_avg:212.36ms
step:3592/4740 train_time:762909ms step_avg:212.39ms
step:3593/4740 train_time:763093ms step_avg:212.38ms
step:3594/4740 train_time:763417ms step_avg:212.41ms
step:3595/4740 train_time:763596ms step_avg:212.41ms
step:3596/4740 train_time:763919ms step_avg:212.44ms
step:3597/4740 train_time:764104ms step_avg:212.43ms
step:3598/4740 train_time:764425ms step_avg:212.46ms
step:3599/4740 train_time:764613ms step_avg:212.45ms
step:3600/4740 train_time:764932ms step_avg:212.48ms
step:3601/4740 train_time:765117ms step_avg:212.47ms
step:3602/4740 train_time:765439ms step_avg:212.50ms
step:3603/4740 train_time:765626ms step_avg:212.50ms
step:3604/4740 train_time:765948ms step_avg:212.53ms
step:3605/4740 train_time:766131ms step_avg:212.52ms
step:3606/4740 train_time:766455ms step_avg:212.55ms
step:3607/4740 train_time:766638ms step_avg:212.54ms
step:3608/4740 train_time:766960ms step_avg:212.57ms
step:3609/4740 train_time:767143ms step_avg:212.56ms
step:3610/4740 train_time:767464ms step_avg:212.59ms
step:3611/4740 train_time:767647ms step_avg:212.59ms
step:3612/4740 train_time:767971ms step_avg:212.62ms
step:3613/4740 train_time:768152ms step_avg:212.61ms
step:3614/4740 train_time:768480ms step_avg:212.64ms
step:3615/4740 train_time:768663ms step_avg:212.63ms
step:3616/4740 train_time:768982ms step_avg:212.66ms
step:3617/4740 train_time:769173ms step_avg:212.65ms
step:3618/4740 train_time:769490ms step_avg:212.68ms
step:3619/4740 train_time:769674ms step_avg:212.68ms
step:3620/4740 train_time:769996ms step_avg:212.71ms
step:3621/4740 train_time:770179ms step_avg:212.70ms
step:3622/4740 train_time:770502ms step_avg:212.73ms
step:3623/4740 train_time:770687ms step_avg:212.72ms
step:3624/4740 train_time:771010ms step_avg:212.75ms
step:3625/4740 train_time:771192ms step_avg:212.74ms
step:3626/4740 train_time:771511ms step_avg:212.77ms
step:3627/4740 train_time:771700ms step_avg:212.77ms
step:3628/4740 train_time:772022ms step_avg:212.80ms
step:3629/4740 train_time:772208ms step_avg:212.79ms
step:3630/4740 train_time:772529ms step_avg:212.82ms
step:3631/4740 train_time:772715ms step_avg:212.81ms
step:3632/4740 train_time:773038ms step_avg:212.84ms
step:3633/4740 train_time:773221ms step_avg:212.83ms
step:3634/4740 train_time:773546ms step_avg:212.86ms
step:3635/4740 train_time:773725ms step_avg:212.85ms
step:3636/4740 train_time:774047ms step_avg:212.88ms
step:3637/4740 train_time:774232ms step_avg:212.88ms
step:3638/4740 train_time:774554ms step_avg:212.91ms
step:3639/4740 train_time:774734ms step_avg:212.90ms
step:3640/4740 train_time:775056ms step_avg:212.93ms
step:3641/4740 train_time:775240ms step_avg:212.92ms
step:3642/4740 train_time:775561ms step_avg:212.95ms
step:3643/4740 train_time:775747ms step_avg:212.94ms
step:3644/4740 train_time:776069ms step_avg:212.97ms
step:3645/4740 train_time:776254ms step_avg:212.96ms
step:3646/4740 train_time:776577ms step_avg:212.99ms
step:3647/4740 train_time:776760ms step_avg:212.99ms
step:3648/4740 train_time:777084ms step_avg:213.02ms
step:3649/4740 train_time:777268ms step_avg:213.01ms
step:3650/4740 train_time:777593ms step_avg:213.04ms
step:3651/4740 train_time:777778ms step_avg:213.03ms
step:3652/4740 train_time:778101ms step_avg:213.06ms
step:3653/4740 train_time:778284ms step_avg:213.05ms
step:3654/4740 train_time:778607ms step_avg:213.08ms
step:3655/4740 train_time:778790ms step_avg:213.08ms
step:3656/4740 train_time:779113ms step_avg:213.11ms
step:3657/4740 train_time:779292ms step_avg:213.10ms
step:3658/4740 train_time:779613ms step_avg:213.13ms
step:3659/4740 train_time:779797ms step_avg:213.12ms
step:3660/4740 train_time:780120ms step_avg:213.15ms
step:3661/4740 train_time:780306ms step_avg:213.14ms
step:3662/4740 train_time:780629ms step_avg:213.17ms
step:3663/4740 train_time:780811ms step_avg:213.16ms
step:3664/4740 train_time:781140ms step_avg:213.19ms
step:3665/4740 train_time:781325ms step_avg:213.19ms
step:3666/4740 train_time:781646ms step_avg:213.21ms
step:3667/4740 train_time:781829ms step_avg:213.21ms
step:3668/4740 train_time:782152ms step_avg:213.24ms
step:3669/4740 train_time:782331ms step_avg:213.23ms
step:3670/4740 train_time:782651ms step_avg:213.26ms
step:3671/4740 train_time:782835ms step_avg:213.25ms
step:3672/4740 train_time:783156ms step_avg:213.28ms
step:3673/4740 train_time:783336ms step_avg:213.27ms
step:3674/4740 train_time:783658ms step_avg:213.30ms
step:3675/4740 train_time:783839ms step_avg:213.29ms
step:3676/4740 train_time:784160ms step_avg:213.32ms
step:3677/4740 train_time:784343ms step_avg:213.31ms
step:3678/4740 train_time:784666ms step_avg:213.34ms
step:3679/4740 train_time:784852ms step_avg:213.33ms
step:3680/4740 train_time:785176ms step_avg:213.36ms
step:3681/4740 train_time:785359ms step_avg:213.35ms
step:3682/4740 train_time:785683ms step_avg:213.38ms
step:3683/4740 train_time:785866ms step_avg:213.38ms
step:3684/4740 train_time:786192ms step_avg:213.41ms
step:3685/4740 train_time:786372ms step_avg:213.40ms
step:3686/4740 train_time:786693ms step_avg:213.43ms
step:3687/4740 train_time:786880ms step_avg:213.42ms
step:3688/4740 train_time:787202ms step_avg:213.45ms
step:3689/4740 train_time:787382ms step_avg:213.44ms
step:3690/4740 train_time:787708ms step_avg:213.47ms
step:3691/4740 train_time:787887ms step_avg:213.46ms
step:3692/4740 train_time:788210ms step_avg:213.49ms
step:3693/4740 train_time:788392ms step_avg:213.48ms
step:3694/4740 train_time:788720ms step_avg:213.51ms
step:3695/4740 train_time:788903ms step_avg:213.51ms
step:3696/4740 train_time:789219ms step_avg:213.53ms
step:3697/4740 train_time:789406ms step_avg:213.53ms
step:3698/4740 train_time:789727ms step_avg:213.56ms
step:3699/4740 train_time:789909ms step_avg:213.55ms
step:3700/4740 train_time:790229ms step_avg:213.58ms
step:3701/4740 train_time:790415ms step_avg:213.57ms
step:3702/4740 train_time:790739ms step_avg:213.60ms
step:3703/4740 train_time:790921ms step_avg:213.59ms
step:3704/4740 train_time:791243ms step_avg:213.62ms
step:3705/4740 train_time:791428ms step_avg:213.61ms
step:3706/4740 train_time:791748ms step_avg:213.64ms
step:3707/4740 train_time:791932ms step_avg:213.63ms
step:3708/4740 train_time:792255ms step_avg:213.66ms
step:3709/4740 train_time:792437ms step_avg:213.65ms
step:3710/4740 train_time:792760ms step_avg:213.68ms
step:3711/4740 train_time:792941ms step_avg:213.67ms
step:3712/4740 train_time:793263ms step_avg:213.70ms
step:3713/4740 train_time:793446ms step_avg:213.69ms
step:3714/4740 train_time:793769ms step_avg:213.72ms
step:3715/4740 train_time:793954ms step_avg:213.72ms
step:3716/4740 train_time:794279ms step_avg:213.75ms
step:3717/4740 train_time:794460ms step_avg:213.74ms
step:3718/4740 train_time:794780ms step_avg:213.77ms
step:3719/4740 train_time:794966ms step_avg:213.76ms
step:3720/4740 train_time:795288ms step_avg:213.79ms
step:3721/4740 train_time:795470ms step_avg:213.78ms
step:3722/4740 train_time:795793ms step_avg:213.81ms
step:3723/4740 train_time:795978ms step_avg:213.80ms
step:3724/4740 train_time:796301ms step_avg:213.83ms
step:3725/4740 train_time:796482ms step_avg:213.82ms
step:3726/4740 train_time:796805ms step_avg:213.85ms
step:3727/4740 train_time:796992ms step_avg:213.84ms
step:3728/4740 train_time:797312ms step_avg:213.87ms
step:3729/4740 train_time:797491ms step_avg:213.86ms
step:3730/4740 train_time:797815ms step_avg:213.89ms
step:3731/4740 train_time:798001ms step_avg:213.88ms
step:3732/4740 train_time:798321ms step_avg:213.91ms
step:3733/4740 train_time:798504ms step_avg:213.90ms
step:3734/4740 train_time:798829ms step_avg:213.93ms
step:3735/4740 train_time:799013ms step_avg:213.93ms
step:3736/4740 train_time:799332ms step_avg:213.95ms
step:3737/4740 train_time:799517ms step_avg:213.95ms
step:3738/4740 train_time:799841ms step_avg:213.98ms
step:3739/4740 train_time:800022ms step_avg:213.97ms
step:3740/4740 train_time:800344ms step_avg:214.00ms
step:3741/4740 train_time:800528ms step_avg:213.99ms
step:3742/4740 train_time:800849ms step_avg:214.02ms
step:3743/4740 train_time:801035ms step_avg:214.01ms
step:3744/4740 train_time:801357ms step_avg:214.04ms
step:3745/4740 train_time:801539ms step_avg:214.03ms
step:3746/4740 train_time:801864ms step_avg:214.06ms
step:3747/4740 train_time:802046ms step_avg:214.05ms
step:3748/4740 train_time:802366ms step_avg:214.08ms
step:3749/4740 train_time:802548ms step_avg:214.07ms
step:3750/4740 train_time:802870ms step_avg:214.10ms
step:3750/4740 val_loss:3.0054 train_time:802999ms step_avg:214.13ms
step:3751/4740 train_time:803054ms step_avg:214.09ms
step:3752/4740 train_time:803381ms step_avg:214.12ms
step:3753/4740 train_time:803566ms step_avg:214.11ms
step:3754/4740 train_time:803883ms step_avg:214.14ms
step:3755/4740 train_time:804072ms step_avg:214.13ms
step:3756/4740 train_time:804396ms step_avg:214.16ms
step:3757/4740 train_time:804584ms step_avg:214.16ms
step:3758/4740 train_time:804904ms step_avg:214.18ms
step:3759/4740 train_time:805086ms step_avg:214.18ms
step:3760/4740 train_time:805412ms step_avg:214.21ms
step:3761/4740 train_time:805597ms step_avg:214.20ms
step:3762/4740 train_time:805917ms step_avg:214.23ms
step:3763/4740 train_time:806097ms step_avg:214.22ms
step:3764/4740 train_time:806422ms step_avg:214.25ms
step:3765/4740 train_time:806603ms step_avg:214.24ms
step:3766/4740 train_time:806924ms step_avg:214.27ms
step:3767/4740 train_time:807105ms step_avg:214.26ms
step:3768/4740 train_time:807432ms step_avg:214.29ms
step:3769/4740 train_time:807613ms step_avg:214.28ms
step:3770/4740 train_time:807935ms step_avg:214.31ms
step:3771/4740 train_time:808115ms step_avg:214.30ms
step:3772/4740 train_time:808437ms step_avg:214.33ms
step:3773/4740 train_time:808621ms step_avg:214.32ms
step:3774/4740 train_time:808944ms step_avg:214.35ms
step:3775/4740 train_time:809127ms step_avg:214.34ms
step:3776/4740 train_time:809454ms step_avg:214.37ms
step:3777/4740 train_time:809633ms step_avg:214.36ms
step:3778/4740 train_time:809956ms step_avg:214.39ms
step:3779/4740 train_time:810136ms step_avg:214.38ms
step:3780/4740 train_time:810458ms step_avg:214.41ms
step:3781/4740 train_time:810646ms step_avg:214.40ms
step:3782/4740 train_time:810967ms step_avg:214.43ms
step:3783/4740 train_time:811149ms step_avg:214.42ms
step:3784/4740 train_time:811472ms step_avg:214.45ms
step:3785/4740 train_time:811653ms step_avg:214.44ms
step:3786/4740 train_time:811974ms step_avg:214.47ms
step:3787/4740 train_time:812158ms step_avg:214.46ms
step:3788/4740 train_time:812481ms step_avg:214.49ms
step:3789/4740 train_time:812665ms step_avg:214.48ms
step:3790/4740 train_time:812990ms step_avg:214.51ms
step:3791/4740 train_time:813175ms step_avg:214.50ms
step:3792/4740 train_time:813498ms step_avg:214.53ms
step:3793/4740 train_time:813680ms step_avg:214.52ms
step:3794/4740 train_time:814003ms step_avg:214.55ms
step:3795/4740 train_time:814188ms step_avg:214.54ms
step:3796/4740 train_time:814509ms step_avg:214.57ms
step:3797/4740 train_time:814692ms step_avg:214.56ms
step:3798/4740 train_time:815017ms step_avg:214.59ms
step:3799/4740 train_time:815199ms step_avg:214.58ms
step:3800/4740 train_time:815523ms step_avg:214.61ms
step:3801/4740 train_time:815706ms step_avg:214.60ms
step:3802/4740 train_time:816029ms step_avg:214.63ms
step:3803/4740 train_time:816211ms step_avg:214.62ms
step:3804/4740 train_time:816533ms step_avg:214.65ms
step:3805/4740 train_time:816717ms step_avg:214.64ms
step:3806/4740 train_time:817036ms step_avg:214.67ms
step:3807/4740 train_time:817222ms step_avg:214.66ms
step:3808/4740 train_time:817549ms step_avg:214.69ms
step:3809/4740 train_time:817729ms step_avg:214.68ms
step:3810/4740 train_time:818051ms step_avg:214.71ms
step:3811/4740 train_time:818235ms step_avg:214.70ms
step:3812/4740 train_time:818557ms step_avg:214.73ms
step:3813/4740 train_time:818738ms step_avg:214.72ms
step:3814/4740 train_time:819061ms step_avg:214.75ms
step:3815/4740 train_time:819246ms step_avg:214.74ms
step:3816/4740 train_time:819562ms step_avg:214.77ms
step:3817/4740 train_time:819748ms step_avg:214.76ms
step:3818/4740 train_time:820069ms step_avg:214.79ms
step:3819/4740 train_time:820254ms step_avg:214.78ms
step:3820/4740 train_time:820574ms step_avg:214.81ms
step:3821/4740 train_time:820756ms step_avg:214.80ms
step:3822/4740 train_time:821078ms step_avg:214.83ms
step:3823/4740 train_time:821264ms step_avg:214.82ms
step:3824/4740 train_time:821585ms step_avg:214.85ms
step:3825/4740 train_time:821768ms step_avg:214.84ms
step:3826/4740 train_time:822093ms step_avg:214.87ms
step:3827/4740 train_time:822278ms step_avg:214.86ms
step:3828/4740 train_time:822600ms step_avg:214.89ms
step:3829/4740 train_time:822787ms step_avg:214.88ms
step:3830/4740 train_time:823108ms step_avg:214.91ms
step:3831/4740 train_time:823293ms step_avg:214.90ms
step:3832/4740 train_time:823617ms step_avg:214.93ms
step:3833/4740 train_time:823799ms step_avg:214.92ms
step:3834/4740 train_time:824121ms step_avg:214.95ms
step:3835/4740 train_time:824301ms step_avg:214.94ms
step:3836/4740 train_time:824624ms step_avg:214.97ms
step:3837/4740 train_time:824808ms step_avg:214.96ms
step:3838/4740 train_time:825136ms step_avg:214.99ms
step:3839/4740 train_time:825314ms step_avg:214.98ms
step:3840/4740 train_time:825632ms step_avg:215.01ms
step:3841/4740 train_time:825818ms step_avg:215.00ms
step:3842/4740 train_time:826140ms step_avg:215.03ms
step:3843/4740 train_time:826322ms step_avg:215.02ms
step:3844/4740 train_time:826645ms step_avg:215.05ms
step:3845/4740 train_time:826830ms step_avg:215.04ms
step:3846/4740 train_time:827154ms step_avg:215.07ms
step:3847/4740 train_time:827337ms step_avg:215.06ms
step:3848/4740 train_time:827661ms step_avg:215.09ms
step:3849/4740 train_time:827844ms step_avg:215.08ms
step:3850/4740 train_time:828163ms step_avg:215.11ms
step:3851/4740 train_time:828349ms step_avg:215.10ms
step:3852/4740 train_time:828669ms step_avg:215.13ms
step:3853/4740 train_time:828850ms step_avg:215.12ms
step:3854/4740 train_time:829171ms step_avg:215.15ms
step:3855/4740 train_time:829355ms step_avg:215.14ms
step:3856/4740 train_time:829679ms step_avg:215.17ms
step:3857/4740 train_time:829860ms step_avg:215.16ms
step:3858/4740 train_time:830180ms step_avg:215.18ms
step:3859/4740 train_time:830369ms step_avg:215.18ms
step:3860/4740 train_time:830691ms step_avg:215.20ms
step:3861/4740 train_time:830875ms step_avg:215.20ms
step:3862/4740 train_time:831198ms step_avg:215.22ms
step:3863/4740 train_time:831385ms step_avg:215.22ms
step:3864/4740 train_time:831710ms step_avg:215.25ms
step:3865/4740 train_time:831892ms step_avg:215.24ms
step:3866/4740 train_time:832218ms step_avg:215.27ms
step:3867/4740 train_time:832397ms step_avg:215.26ms
step:3868/4740 train_time:832718ms step_avg:215.28ms
step:3869/4740 train_time:832901ms step_avg:215.28ms
step:3870/4740 train_time:833224ms step_avg:215.30ms
step:3871/4740 train_time:833406ms step_avg:215.29ms
step:3872/4740 train_time:833730ms step_avg:215.32ms
step:3873/4740 train_time:833915ms step_avg:215.31ms
step:3874/4740 train_time:834238ms step_avg:215.34ms
step:3875/4740 train_time:834426ms step_avg:215.34ms
step:3876/4740 train_time:834747ms step_avg:215.36ms
step:3877/4740 train_time:834930ms step_avg:215.35ms
step:3878/4740 train_time:835251ms step_avg:215.38ms
step:3879/4740 train_time:835434ms step_avg:215.37ms
step:3880/4740 train_time:835754ms step_avg:215.40ms
step:3881/4740 train_time:835941ms step_avg:215.39ms
step:3882/4740 train_time:836261ms step_avg:215.42ms
step:3883/4740 train_time:836448ms step_avg:215.41ms
step:3884/4740 train_time:836769ms step_avg:215.44ms
step:3885/4740 train_time:836952ms step_avg:215.43ms
step:3886/4740 train_time:837277ms step_avg:215.46ms
step:3887/4740 train_time:837459ms step_avg:215.45ms
step:3888/4740 train_time:837785ms step_avg:215.48ms
step:3889/4740 train_time:837967ms step_avg:215.47ms
step:3890/4740 train_time:838288ms step_avg:215.50ms
step:3891/4740 train_time:838472ms step_avg:215.49ms
step:3892/4740 train_time:838797ms step_avg:215.52ms
step:3893/4740 train_time:838980ms step_avg:215.51ms
step:3894/4740 train_time:839302ms step_avg:215.54ms
step:3895/4740 train_time:839486ms step_avg:215.53ms
step:3896/4740 train_time:839809ms step_avg:215.56ms
step:3897/4740 train_time:839994ms step_avg:215.55ms
step:3898/4740 train_time:840319ms step_avg:215.58ms
step:3899/4740 train_time:840500ms step_avg:215.57ms
step:3900/4740 train_time:840824ms step_avg:215.60ms
step:3901/4740 train_time:841007ms step_avg:215.59ms
step:3902/4740 train_time:841335ms step_avg:215.62ms
step:3903/4740 train_time:841518ms step_avg:215.61ms
step:3904/4740 train_time:841843ms step_avg:215.64ms
step:3905/4740 train_time:842028ms step_avg:215.63ms
step:3906/4740 train_time:842350ms step_avg:215.66ms
step:3907/4740 train_time:842533ms step_avg:215.65ms
step:3908/4740 train_time:842858ms step_avg:215.68ms
step:3909/4740 train_time:843041ms step_avg:215.67ms
step:3910/4740 train_time:843358ms step_avg:215.69ms
step:3911/4740 train_time:843542ms step_avg:215.68ms
step:3912/4740 train_time:843864ms step_avg:215.71ms
step:3913/4740 train_time:844050ms step_avg:215.70ms
step:3914/4740 train_time:844371ms step_avg:215.73ms
step:3915/4740 train_time:844555ms step_avg:215.72ms
step:3916/4740 train_time:844883ms step_avg:215.75ms
step:3917/4740 train_time:845068ms step_avg:215.74ms
step:3918/4740 train_time:845393ms step_avg:215.77ms
step:3919/4740 train_time:845575ms step_avg:215.76ms
step:3920/4740 train_time:845898ms step_avg:215.79ms
step:3921/4740 train_time:846083ms step_avg:215.78ms
step:3922/4740 train_time:846409ms step_avg:215.81ms
step:3923/4740 train_time:846592ms step_avg:215.80ms
step:3924/4740 train_time:846916ms step_avg:215.83ms
step:3925/4740 train_time:847097ms step_avg:215.82ms
step:3926/4740 train_time:847417ms step_avg:215.85ms
step:3927/4740 train_time:847602ms step_avg:215.84ms
step:3928/4740 train_time:847923ms step_avg:215.87ms
step:3929/4740 train_time:848106ms step_avg:215.86ms
step:3930/4740 train_time:848429ms step_avg:215.89ms
step:3931/4740 train_time:848613ms step_avg:215.88ms
step:3932/4740 train_time:848938ms step_avg:215.90ms
step:3933/4740 train_time:849122ms step_avg:215.90ms
step:3934/4740 train_time:849443ms step_avg:215.92ms
step:3935/4740 train_time:849630ms step_avg:215.92ms
step:3936/4740 train_time:849956ms step_avg:215.94ms
step:3937/4740 train_time:850138ms step_avg:215.94ms
step:3938/4740 train_time:850461ms step_avg:215.96ms
step:3939/4740 train_time:850647ms step_avg:215.95ms
step:3940/4740 train_time:850970ms step_avg:215.98ms
step:3941/4740 train_time:851155ms step_avg:215.97ms
step:3942/4740 train_time:851481ms step_avg:216.00ms
step:3943/4740 train_time:851665ms step_avg:215.99ms
step:3944/4740 train_time:851982ms step_avg:216.02ms
step:3945/4740 train_time:852166ms step_avg:216.01ms
step:3946/4740 train_time:852495ms step_avg:216.04ms
step:3947/4740 train_time:852677ms step_avg:216.03ms
step:3948/4740 train_time:852999ms step_avg:216.06ms
step:3949/4740 train_time:853181ms step_avg:216.05ms
step:3950/4740 train_time:853502ms step_avg:216.08ms
step:3951/4740 train_time:853688ms step_avg:216.07ms
step:3952/4740 train_time:854010ms step_avg:216.10ms
step:3953/4740 train_time:854190ms step_avg:216.09ms
step:3954/4740 train_time:854511ms step_avg:216.11ms
step:3955/4740 train_time:854694ms step_avg:216.10ms
step:3956/4740 train_time:855018ms step_avg:216.13ms
step:3957/4740 train_time:855200ms step_avg:216.12ms
step:3958/4740 train_time:855524ms step_avg:216.15ms
step:3959/4740 train_time:855707ms step_avg:216.14ms
step:3960/4740 train_time:856032ms step_avg:216.17ms
step:3961/4740 train_time:856214ms step_avg:216.16ms
step:3962/4740 train_time:856538ms step_avg:216.19ms
step:3963/4740 train_time:856723ms step_avg:216.18ms
step:3964/4740 train_time:857044ms step_avg:216.21ms
step:3965/4740 train_time:857228ms step_avg:216.20ms
step:3966/4740 train_time:857549ms step_avg:216.23ms
step:3967/4740 train_time:857732ms step_avg:216.22ms
step:3968/4740 train_time:858059ms step_avg:216.24ms
step:3969/4740 train_time:858240ms step_avg:216.24ms
step:3970/4740 train_time:858561ms step_avg:216.26ms
step:3971/4740 train_time:858747ms step_avg:216.25ms
step:3972/4740 train_time:859071ms step_avg:216.28ms
step:3973/4740 train_time:859250ms step_avg:216.27ms
step:3974/4740 train_time:859572ms step_avg:216.30ms
step:3975/4740 train_time:859757ms step_avg:216.29ms
step:3976/4740 train_time:860081ms step_avg:216.32ms
step:3977/4740 train_time:860264ms step_avg:216.31ms
step:3978/4740 train_time:860588ms step_avg:216.34ms
step:3979/4740 train_time:860769ms step_avg:216.33ms
step:3980/4740 train_time:861092ms step_avg:216.35ms
step:3981/4740 train_time:861274ms step_avg:216.35ms
step:3982/4740 train_time:861596ms step_avg:216.37ms
step:3983/4740 train_time:861778ms step_avg:216.36ms
step:3984/4740 train_time:862101ms step_avg:216.39ms
step:3985/4740 train_time:862285ms step_avg:216.38ms
step:3986/4740 train_time:862606ms step_avg:216.41ms
step:3987/4740 train_time:862791ms step_avg:216.40ms
step:3988/4740 train_time:863109ms step_avg:216.43ms
step:3989/4740 train_time:863296ms step_avg:216.42ms
step:3990/4740 train_time:863621ms step_avg:216.45ms
step:3991/4740 train_time:863804ms step_avg:216.44ms
step:3992/4740 train_time:864126ms step_avg:216.46ms
step:3993/4740 train_time:864309ms step_avg:216.46ms
step:3994/4740 train_time:864633ms step_avg:216.48ms
step:3995/4740 train_time:864816ms step_avg:216.47ms
step:3996/4740 train_time:865140ms step_avg:216.50ms
step:3997/4740 train_time:865323ms step_avg:216.49ms
step:3998/4740 train_time:865647ms step_avg:216.52ms
step:3999/4740 train_time:865830ms step_avg:216.51ms
step:4000/4740 train_time:866150ms step_avg:216.54ms
step:4000/4740 val_loss:2.9805 train_time:866280ms step_avg:216.57ms
step:4001/4740 train_time:866336ms step_avg:216.53ms
step:4002/4740 train_time:866665ms step_avg:216.56ms
step:4003/4740 train_time:866850ms step_avg:216.55ms
step:4004/4740 train_time:867168ms step_avg:216.58ms
step:4005/4740 train_time:867350ms step_avg:216.57ms
step:4006/4740 train_time:867680ms step_avg:216.60ms
step:4007/4740 train_time:867868ms step_avg:216.59ms
step:4008/4740 train_time:868185ms step_avg:216.61ms
step:4009/4740 train_time:868365ms step_avg:216.60ms
step:4010/4740 train_time:868694ms step_avg:216.63ms
step:4011/4740 train_time:868876ms step_avg:216.62ms
step:4012/4740 train_time:869200ms step_avg:216.65ms
step:4013/4740 train_time:869382ms step_avg:216.64ms
step:4014/4740 train_time:869708ms step_avg:216.67ms
step:4015/4740 train_time:869891ms step_avg:216.66ms
step:4016/4740 train_time:870210ms step_avg:216.69ms
step:4017/4740 train_time:870393ms step_avg:216.68ms
step:4018/4740 train_time:870720ms step_avg:216.70ms
step:4019/4740 train_time:870903ms step_avg:216.70ms
step:4020/4740 train_time:871224ms step_avg:216.72ms
step:4021/4740 train_time:871405ms step_avg:216.71ms
step:4022/4740 train_time:871730ms step_avg:216.74ms
step:4023/4740 train_time:871913ms step_avg:216.73ms
step:4024/4740 train_time:872232ms step_avg:216.76ms
step:4025/4740 train_time:872417ms step_avg:216.75ms
step:4026/4740 train_time:872735ms step_avg:216.77ms
step:4027/4740 train_time:872922ms step_avg:216.77ms
step:4028/4740 train_time:873243ms step_avg:216.79ms
step:4029/4740 train_time:873433ms step_avg:216.79ms
step:4030/4740 train_time:873755ms step_avg:216.81ms
step:4031/4740 train_time:873935ms step_avg:216.80ms
step:4032/4740 train_time:874260ms step_avg:216.83ms
step:4033/4740 train_time:874443ms step_avg:216.82ms
step:4034/4740 train_time:874765ms step_avg:216.85ms
step:4035/4740 train_time:874947ms step_avg:216.84ms
step:4036/4740 train_time:875274ms step_avg:216.87ms
step:4037/4740 train_time:875458ms step_avg:216.86ms
step:4038/4740 train_time:875780ms step_avg:216.88ms
step:4039/4740 train_time:875966ms step_avg:216.88ms
step:4040/4740 train_time:876288ms step_avg:216.90ms
step:4041/4740 train_time:876473ms step_avg:216.90ms
step:4042/4740 train_time:876794ms step_avg:216.92ms
step:4043/4740 train_time:876978ms step_avg:216.91ms
step:4044/4740 train_time:877299ms step_avg:216.94ms
step:4045/4740 train_time:877482ms step_avg:216.93ms
step:4046/4740 train_time:877805ms step_avg:216.96ms
step:4047/4740 train_time:877988ms step_avg:216.95ms
step:4048/4740 train_time:878311ms step_avg:216.97ms
step:4049/4740 train_time:878497ms step_avg:216.97ms
step:4050/4740 train_time:878819ms step_avg:216.99ms
step:4051/4740 train_time:879000ms step_avg:216.98ms
step:4052/4740 train_time:879322ms step_avg:217.01ms
step:4053/4740 train_time:879507ms step_avg:217.00ms
step:4054/4740 train_time:879830ms step_avg:217.03ms
step:4055/4740 train_time:880011ms step_avg:217.02ms
step:4056/4740 train_time:880334ms step_avg:217.04ms
step:4057/4740 train_time:880523ms step_avg:217.04ms
step:4058/4740 train_time:880847ms step_avg:217.06ms
step:4059/4740 train_time:881031ms step_avg:217.06ms
step:4060/4740 train_time:881352ms step_avg:217.08ms
step:4061/4740 train_time:881537ms step_avg:217.07ms
step:4062/4740 train_time:881860ms step_avg:217.10ms
step:4063/4740 train_time:882043ms step_avg:217.09ms
step:4064/4740 train_time:882367ms step_avg:217.12ms
step:4065/4740 train_time:882549ms step_avg:217.11ms
step:4066/4740 train_time:882873ms step_avg:217.14ms
step:4067/4740 train_time:883053ms step_avg:217.13ms
step:4068/4740 train_time:883374ms step_avg:217.15ms
step:4069/4740 train_time:883555ms step_avg:217.14ms
step:4070/4740 train_time:883879ms step_avg:217.17ms
step:4071/4740 train_time:884064ms step_avg:217.16ms
step:4072/4740 train_time:884387ms step_avg:217.19ms
step:4073/4740 train_time:884568ms step_avg:217.18ms
step:4074/4740 train_time:884888ms step_avg:217.20ms
step:4075/4740 train_time:885075ms step_avg:217.20ms
step:4076/4740 train_time:885400ms step_avg:217.22ms
step:4077/4740 train_time:885586ms step_avg:217.22ms
step:4078/4740 train_time:885911ms step_avg:217.24ms
step:4079/4740 train_time:886094ms step_avg:217.23ms
step:4080/4740 train_time:886414ms step_avg:217.26ms
step:4081/4740 train_time:886602ms step_avg:217.25ms
step:4082/4740 train_time:886925ms step_avg:217.28ms
step:4083/4740 train_time:887107ms step_avg:217.27ms
step:4084/4740 train_time:887428ms step_avg:217.29ms
step:4085/4740 train_time:887612ms step_avg:217.29ms
step:4086/4740 train_time:887937ms step_avg:217.31ms
step:4087/4740 train_time:888119ms step_avg:217.30ms
step:4088/4740 train_time:888442ms step_avg:217.33ms
step:4089/4740 train_time:888625ms step_avg:217.32ms
step:4090/4740 train_time:888950ms step_avg:217.35ms
step:4091/4740 train_time:889135ms step_avg:217.34ms
step:4092/4740 train_time:889455ms step_avg:217.36ms
step:4093/4740 train_time:889641ms step_avg:217.36ms
step:4094/4740 train_time:889965ms step_avg:217.38ms
step:4095/4740 train_time:890148ms step_avg:217.37ms
step:4096/4740 train_time:890479ms step_avg:217.40ms
step:4097/4740 train_time:890659ms step_avg:217.39ms
step:4098/4740 train_time:890982ms step_avg:217.42ms
step:4099/4740 train_time:891162ms step_avg:217.41ms
step:4100/4740 train_time:891483ms step_avg:217.43ms
step:4101/4740 train_time:891668ms step_avg:217.43ms
step:4102/4740 train_time:891988ms step_avg:217.45ms
step:4103/4740 train_time:892174ms step_avg:217.44ms
step:4104/4740 train_time:892496ms step_avg:217.47ms
step:4105/4740 train_time:892682ms step_avg:217.46ms
step:4106/4740 train_time:893004ms step_avg:217.49ms
step:4107/4740 train_time:893188ms step_avg:217.48ms
step:4108/4740 train_time:893508ms step_avg:217.50ms
step:4109/4740 train_time:893695ms step_avg:217.50ms
step:4110/4740 train_time:894018ms step_avg:217.52ms
step:4111/4740 train_time:894198ms step_avg:217.51ms
step:4112/4740 train_time:894521ms step_avg:217.54ms
step:4113/4740 train_time:894703ms step_avg:217.53ms
step:4114/4740 train_time:895027ms step_avg:217.56ms
step:4115/4740 train_time:895214ms step_avg:217.55ms
step:4116/4740 train_time:895534ms step_avg:217.57ms
step:4117/4740 train_time:895715ms step_avg:217.57ms
step:4118/4740 train_time:896041ms step_avg:217.59ms
step:4119/4740 train_time:896226ms step_avg:217.58ms
step:4120/4740 train_time:896546ms step_avg:217.61ms
step:4121/4740 train_time:896732ms step_avg:217.60ms
step:4122/4740 train_time:897053ms step_avg:217.63ms
step:4123/4740 train_time:897237ms step_avg:217.62ms
step:4124/4740 train_time:897559ms step_avg:217.64ms
step:4125/4740 train_time:897739ms step_avg:217.63ms
step:4126/4740 train_time:898063ms step_avg:217.66ms
step:4127/4740 train_time:898247ms step_avg:217.65ms
step:4128/4740 train_time:898570ms step_avg:217.68ms
step:4129/4740 train_time:898753ms step_avg:217.67ms
step:4130/4740 train_time:899079ms step_avg:217.69ms
step:4131/4740 train_time:899266ms step_avg:217.69ms
step:4132/4740 train_time:899585ms step_avg:217.71ms
step:4133/4740 train_time:899774ms step_avg:217.70ms
step:4134/4740 train_time:900099ms step_avg:217.73ms
step:4135/4740 train_time:900282ms step_avg:217.72ms
step:4136/4740 train_time:900604ms step_avg:217.75ms
step:4137/4740 train_time:900786ms step_avg:217.74ms
step:4138/4740 train_time:901111ms step_avg:217.76ms
step:4139/4740 train_time:901293ms step_avg:217.76ms
step:4140/4740 train_time:901617ms step_avg:217.78ms
step:4141/4740 train_time:901800ms step_avg:217.77ms
step:4142/4740 train_time:902124ms step_avg:217.80ms
step:4143/4740 train_time:902306ms step_avg:217.79ms
step:4144/4740 train_time:902626ms step_avg:217.82ms
step:4145/4740 train_time:902811ms step_avg:217.81ms
step:4146/4740 train_time:903132ms step_avg:217.83ms
step:4147/4740 train_time:903315ms step_avg:217.82ms
step:4148/4740 train_time:903637ms step_avg:217.85ms
step:4149/4740 train_time:903822ms step_avg:217.84ms
step:4150/4740 train_time:904143ms step_avg:217.87ms
step:4151/4740 train_time:904334ms step_avg:217.86ms
step:4152/4740 train_time:904651ms step_avg:217.88ms
step:4153/4740 train_time:904837ms step_avg:217.88ms
step:4154/4740 train_time:905163ms step_avg:217.90ms
step:4155/4740 train_time:905346ms step_avg:217.89ms
step:4156/4740 train_time:905670ms step_avg:217.92ms
step:4157/4740 train_time:905855ms step_avg:217.91ms
step:4158/4740 train_time:906176ms step_avg:217.94ms
step:4159/4740 train_time:906360ms step_avg:217.93ms
step:4160/4740 train_time:906685ms step_avg:217.95ms
step:4161/4740 train_time:906867ms step_avg:217.94ms
step:4162/4740 train_time:907190ms step_avg:217.97ms
step:4163/4740 train_time:907379ms step_avg:217.96ms
step:4164/4740 train_time:907705ms step_avg:217.99ms
step:4165/4740 train_time:907888ms step_avg:217.98ms
step:4166/4740 train_time:908211ms step_avg:218.01ms
step:4167/4740 train_time:908396ms step_avg:218.00ms
step:4168/4740 train_time:908721ms step_avg:218.02ms
step:4169/4740 train_time:908902ms step_avg:218.01ms
step:4170/4740 train_time:909225ms step_avg:218.04ms
step:4171/4740 train_time:909413ms step_avg:218.03ms
step:4172/4740 train_time:909739ms step_avg:218.06ms
step:4173/4740 train_time:909920ms step_avg:218.05ms
step:4174/4740 train_time:910242ms step_avg:218.07ms
step:4175/4740 train_time:910429ms step_avg:218.07ms
step:4176/4740 train_time:910751ms step_avg:218.09ms
step:4177/4740 train_time:910933ms step_avg:218.08ms
step:4178/4740 train_time:911254ms step_avg:218.11ms
step:4179/4740 train_time:911440ms step_avg:218.10ms
step:4180/4740 train_time:911765ms step_avg:218.13ms
step:4181/4740 train_time:911948ms step_avg:218.12ms
step:4182/4740 train_time:912271ms step_avg:218.14ms
step:4183/4740 train_time:912458ms step_avg:218.13ms
step:4184/4740 train_time:912781ms step_avg:218.16ms
step:4185/4740 train_time:912965ms step_avg:218.15ms
step:4186/4740 train_time:913289ms step_avg:218.18ms
step:4187/4740 train_time:913472ms step_avg:218.17ms
step:4188/4740 train_time:913794ms step_avg:218.19ms
step:4189/4740 train_time:913977ms step_avg:218.18ms
step:4190/4740 train_time:914303ms step_avg:218.21ms
step:4191/4740 train_time:914483ms step_avg:218.20ms
step:4192/4740 train_time:914807ms step_avg:218.23ms
step:4193/4740 train_time:914987ms step_avg:218.22ms
step:4194/4740 train_time:915312ms step_avg:218.24ms
step:4195/4740 train_time:915492ms step_avg:218.23ms
step:4196/4740 train_time:915818ms step_avg:218.26ms
step:4197/4740 train_time:916001ms step_avg:218.25ms
step:4198/4740 train_time:916324ms step_avg:218.28ms
step:4199/4740 train_time:916515ms step_avg:218.27ms
step:4200/4740 train_time:916835ms step_avg:218.29ms
step:4201/4740 train_time:917016ms step_avg:218.29ms
step:4202/4740 train_time:917343ms step_avg:218.31ms
step:4203/4740 train_time:917527ms step_avg:218.30ms
step:4204/4740 train_time:917849ms step_avg:218.33ms
step:4205/4740 train_time:918033ms step_avg:218.32ms
step:4206/4740 train_time:918355ms step_avg:218.34ms
step:4207/4740 train_time:918541ms step_avg:218.34ms
step:4208/4740 train_time:918863ms step_avg:218.36ms
step:4209/4740 train_time:919047ms step_avg:218.35ms
step:4210/4740 train_time:919373ms step_avg:218.38ms
step:4211/4740 train_time:919555ms step_avg:218.37ms
step:4212/4740 train_time:919879ms step_avg:218.39ms
step:4213/4740 train_time:920058ms step_avg:218.39ms
step:4214/4740 train_time:920381ms step_avg:218.41ms
step:4215/4740 train_time:920566ms step_avg:218.40ms
step:4216/4740 train_time:920885ms step_avg:218.43ms
step:4217/4740 train_time:921071ms step_avg:218.42ms
step:4218/4740 train_time:921394ms step_avg:218.44ms
step:4219/4740 train_time:921580ms step_avg:218.44ms
step:4220/4740 train_time:921903ms step_avg:218.46ms
step:4221/4740 train_time:922087ms step_avg:218.45ms
step:4222/4740 train_time:922409ms step_avg:218.48ms
step:4223/4740 train_time:922591ms step_avg:218.47ms
step:4224/4740 train_time:922915ms step_avg:218.49ms
step:4225/4740 train_time:923098ms step_avg:218.48ms
step:4226/4740 train_time:923418ms step_avg:218.51ms
step:4227/4740 train_time:923602ms step_avg:218.50ms
step:4228/4740 train_time:923927ms step_avg:218.53ms
step:4229/4740 train_time:924107ms step_avg:218.52ms
step:4230/4740 train_time:924429ms step_avg:218.54ms
step:4231/4740 train_time:924612ms step_avg:218.53ms
step:4232/4740 train_time:924941ms step_avg:218.56ms
step:4233/4740 train_time:925124ms step_avg:218.55ms
step:4234/4740 train_time:925445ms step_avg:218.57ms
step:4235/4740 train_time:925627ms step_avg:218.57ms
step:4236/4740 train_time:925950ms step_avg:218.59ms
step:4237/4740 train_time:926129ms step_avg:218.58ms
step:4238/4740 train_time:926452ms step_avg:218.61ms
step:4239/4740 train_time:926636ms step_avg:218.60ms
step:4240/4740 train_time:926964ms step_avg:218.62ms
step:4241/4740 train_time:927145ms step_avg:218.61ms
step:4242/4740 train_time:927468ms step_avg:218.64ms
step:4243/4740 train_time:927647ms step_avg:218.63ms
step:4244/4740 train_time:927970ms step_avg:218.65ms
step:4245/4740 train_time:928154ms step_avg:218.65ms
step:4246/4740 train_time:928478ms step_avg:218.67ms
step:4247/4740 train_time:928661ms step_avg:218.66ms
step:4248/4740 train_time:928986ms step_avg:218.69ms
step:4249/4740 train_time:929170ms step_avg:218.68ms
step:4250/4740 train_time:929491ms step_avg:218.70ms
step:4250/4740 val_loss:2.9567 train_time:929623ms step_avg:218.73ms
step:4251/4740 train_time:929679ms step_avg:218.70ms
step:4252/4740 train_time:930007ms step_avg:218.72ms
step:4253/4740 train_time:930199ms step_avg:218.72ms
step:4254/4740 train_time:930516ms step_avg:218.74ms
step:4255/4740 train_time:930699ms step_avg:218.73ms
step:4256/4740 train_time:931022ms step_avg:218.76ms
step:4257/4740 train_time:931207ms step_avg:218.75ms
step:4258/4740 train_time:931527ms step_avg:218.77ms
step:4259/4740 train_time:931708ms step_avg:218.76ms
step:4260/4740 train_time:932034ms step_avg:218.79ms
step:4261/4740 train_time:932222ms step_avg:218.78ms
step:4262/4740 train_time:932543ms step_avg:218.80ms
step:4263/4740 train_time:932724ms step_avg:218.80ms
step:4264/4740 train_time:933049ms step_avg:218.82ms
step:4265/4740 train_time:933232ms step_avg:218.81ms
step:4266/4740 train_time:933556ms step_avg:218.84ms
step:4267/4740 train_time:933734ms step_avg:218.83ms
step:4268/4740 train_time:934059ms step_avg:218.85ms
step:4269/4740 train_time:934242ms step_avg:218.84ms
step:4270/4740 train_time:934566ms step_avg:218.87ms
step:4271/4740 train_time:934750ms step_avg:218.86ms
step:4272/4740 train_time:935072ms step_avg:218.88ms
step:4273/4740 train_time:935258ms step_avg:218.88ms
step:4274/4740 train_time:935584ms step_avg:218.90ms
step:4275/4740 train_time:935767ms step_avg:218.89ms
step:4276/4740 train_time:936092ms step_avg:218.92ms
step:4277/4740 train_time:936271ms step_avg:218.91ms
step:4278/4740 train_time:936598ms step_avg:218.93ms
step:4279/4740 train_time:936782ms step_avg:218.93ms
step:4280/4740 train_time:937108ms step_avg:218.95ms
step:4281/4740 train_time:937288ms step_avg:218.94ms
step:4282/4740 train_time:937611ms step_avg:218.97ms
step:4283/4740 train_time:937793ms step_avg:218.96ms
step:4284/4740 train_time:938116ms step_avg:218.98ms
step:4285/4740 train_time:938298ms step_avg:218.97ms
step:4286/4740 train_time:938621ms step_avg:219.00ms
step:4287/4740 train_time:938804ms step_avg:218.99ms
step:4288/4740 train_time:939124ms step_avg:219.01ms
step:4289/4740 train_time:939308ms step_avg:219.00ms
step:4290/4740 train_time:939636ms step_avg:219.03ms
step:4291/4740 train_time:939815ms step_avg:219.02ms
step:4292/4740 train_time:940138ms step_avg:219.04ms
step:4293/4740 train_time:940323ms step_avg:219.04ms
step:4294/4740 train_time:940645ms step_avg:219.06ms
step:4295/4740 train_time:940830ms step_avg:219.05ms
step:4296/4740 train_time:941155ms step_avg:219.08ms
step:4297/4740 train_time:941336ms step_avg:219.07ms
step:4298/4740 train_time:941662ms step_avg:219.09ms
step:4299/4740 train_time:941848ms step_avg:219.09ms
step:4300/4740 train_time:942169ms step_avg:219.11ms
step:4301/4740 train_time:942357ms step_avg:219.10ms
step:4302/4740 train_time:942683ms step_avg:219.13ms
step:4303/4740 train_time:942862ms step_avg:219.12ms
step:4304/4740 train_time:943189ms step_avg:219.14ms
step:4305/4740 train_time:943372ms step_avg:219.13ms
step:4306/4740 train_time:943697ms step_avg:219.16ms
step:4307/4740 train_time:943879ms step_avg:219.15ms
step:4308/4740 train_time:944203ms step_avg:219.17ms
step:4309/4740 train_time:944387ms step_avg:219.17ms
step:4310/4740 train_time:944708ms step_avg:219.19ms
step:4311/4740 train_time:944887ms step_avg:219.18ms
step:4312/4740 train_time:945214ms step_avg:219.21ms
step:4313/4740 train_time:945397ms step_avg:219.20ms
step:4314/4740 train_time:945717ms step_avg:219.22ms
step:4315/4740 train_time:945898ms step_avg:219.21ms
step:4316/4740 train_time:946225ms step_avg:219.24ms
step:4317/4740 train_time:946411ms step_avg:219.23ms
step:4318/4740 train_time:946733ms step_avg:219.25ms
step:4319/4740 train_time:946915ms step_avg:219.24ms
step:4320/4740 train_time:947239ms step_avg:219.27ms
step:4321/4740 train_time:947424ms step_avg:219.26ms
step:4322/4740 train_time:947749ms step_avg:219.28ms
step:4323/4740 train_time:947934ms step_avg:219.28ms
step:4324/4740 train_time:948262ms step_avg:219.30ms
step:4325/4740 train_time:948439ms step_avg:219.29ms
step:4326/4740 train_time:948764ms step_avg:219.32ms
step:4327/4740 train_time:948948ms step_avg:219.31ms
step:4328/4740 train_time:949271ms step_avg:219.33ms
step:4329/4740 train_time:949451ms step_avg:219.32ms
step:4330/4740 train_time:949772ms step_avg:219.35ms
step:4331/4740 train_time:949956ms step_avg:219.34ms
step:4332/4740 train_time:950278ms step_avg:219.36ms
step:4333/4740 train_time:950459ms step_avg:219.35ms
step:4334/4740 train_time:950782ms step_avg:219.38ms
step:4335/4740 train_time:950970ms step_avg:219.37ms
step:4336/4740 train_time:951292ms step_avg:219.39ms
step:4337/4740 train_time:951477ms step_avg:219.39ms
step:4338/4740 train_time:951802ms step_avg:219.41ms
step:4339/4740 train_time:951988ms step_avg:219.40ms
step:4340/4740 train_time:952309ms step_avg:219.43ms
step:4341/4740 train_time:952494ms step_avg:219.42ms
step:4342/4740 train_time:952815ms step_avg:219.44ms
step:4343/4740 train_time:952999ms step_avg:219.43ms
step:4344/4740 train_time:953321ms step_avg:219.46ms
step:4345/4740 train_time:953502ms step_avg:219.45ms
step:4346/4740 train_time:953825ms step_avg:219.47ms
step:4347/4740 train_time:954012ms step_avg:219.46ms
step:4348/4740 train_time:954335ms step_avg:219.49ms
step:4349/4740 train_time:954517ms step_avg:219.48ms
step:4350/4740 train_time:954842ms step_avg:219.50ms
step:4351/4740 train_time:955022ms step_avg:219.49ms
step:4352/4740 train_time:955345ms step_avg:219.52ms
step:4353/4740 train_time:955525ms step_avg:219.51ms
step:4354/4740 train_time:955848ms step_avg:219.53ms
step:4355/4740 train_time:956032ms step_avg:219.53ms
step:4356/4740 train_time:956354ms step_avg:219.55ms
step:4357/4740 train_time:956536ms step_avg:219.54ms
step:4358/4740 train_time:956863ms step_avg:219.56ms
step:4359/4740 train_time:957053ms step_avg:219.56ms
step:4360/4740 train_time:957373ms step_avg:219.58ms
step:4361/4740 train_time:957557ms step_avg:219.57ms
step:4362/4740 train_time:957885ms step_avg:219.60ms
step:4363/4740 train_time:958067ms step_avg:219.59ms
step:4364/4740 train_time:958389ms step_avg:219.61ms
step:4365/4740 train_time:958569ms step_avg:219.60ms
step:4366/4740 train_time:958895ms step_avg:219.63ms
step:4367/4740 train_time:959075ms step_avg:219.62ms
step:4368/4740 train_time:959399ms step_avg:219.64ms
step:4369/4740 train_time:959584ms step_avg:219.63ms
step:4370/4740 train_time:959905ms step_avg:219.66ms
step:4371/4740 train_time:960086ms step_avg:219.65ms
step:4372/4740 train_time:960409ms step_avg:219.67ms
step:4373/4740 train_time:960591ms step_avg:219.66ms
step:4374/4740 train_time:960915ms step_avg:219.69ms
step:4375/4740 train_time:961097ms step_avg:219.68ms
step:4376/4740 train_time:961421ms step_avg:219.70ms
step:4377/4740 train_time:961604ms step_avg:219.69ms
step:4378/4740 train_time:961926ms step_avg:219.72ms
step:4379/4740 train_time:962116ms step_avg:219.71ms
step:4380/4740 train_time:962435ms step_avg:219.73ms
step:4381/4740 train_time:962619ms step_avg:219.73ms
step:4382/4740 train_time:962942ms step_avg:219.75ms
step:4383/4740 train_time:963129ms step_avg:219.74ms
step:4384/4740 train_time:963453ms step_avg:219.77ms
step:4385/4740 train_time:963635ms step_avg:219.76ms
step:4386/4740 train_time:963958ms step_avg:219.78ms
step:4387/4740 train_time:964140ms step_avg:219.77ms
step:4388/4740 train_time:964463ms step_avg:219.80ms
step:4389/4740 train_time:964646ms step_avg:219.79ms
step:4390/4740 train_time:964970ms step_avg:219.81ms
step:4391/4740 train_time:965153ms step_avg:219.80ms
step:4392/4740 train_time:965484ms step_avg:219.83ms
step:4393/4740 train_time:965660ms step_avg:219.82ms
step:4394/4740 train_time:965982ms step_avg:219.84ms
step:4395/4740 train_time:966165ms step_avg:219.83ms
step:4396/4740 train_time:966489ms step_avg:219.86ms
step:4397/4740 train_time:966673ms step_avg:219.85ms
step:4398/4740 train_time:966999ms step_avg:219.87ms
step:4399/4740 train_time:967178ms step_avg:219.86ms
step:4400/4740 train_time:967503ms step_avg:219.89ms
step:4401/4740 train_time:967684ms step_avg:219.88ms
step:4402/4740 train_time:968012ms step_avg:219.90ms
step:4403/4740 train_time:968194ms step_avg:219.89ms
step:4404/4740 train_time:968519ms step_avg:219.92ms
step:4405/4740 train_time:968699ms step_avg:219.91ms
step:4406/4740 train_time:969024ms step_avg:219.93ms
step:4407/4740 train_time:969208ms step_avg:219.92ms
step:4408/4740 train_time:969535ms step_avg:219.95ms
step:4409/4740 train_time:969716ms step_avg:219.94ms
step:4410/4740 train_time:970037ms step_avg:219.96ms
step:4411/4740 train_time:970218ms step_avg:219.95ms
step:4412/4740 train_time:970544ms step_avg:219.98ms
step:4413/4740 train_time:970724ms step_avg:219.97ms
step:4414/4740 train_time:971047ms step_avg:219.99ms
step:4415/4740 train_time:971227ms step_avg:219.98ms
step:4416/4740 train_time:971552ms step_avg:220.01ms
step:4417/4740 train_time:971736ms step_avg:220.00ms
step:4418/4740 train_time:972063ms step_avg:220.02ms
step:4419/4740 train_time:972241ms step_avg:220.01ms
step:4420/4740 train_time:972564ms step_avg:220.04ms
step:4421/4740 train_time:972749ms step_avg:220.03ms
step:4422/4740 train_time:973067ms step_avg:220.05ms
step:4423/4740 train_time:973251ms step_avg:220.04ms
step:4424/4740 train_time:973575ms step_avg:220.07ms
step:4425/4740 train_time:973758ms step_avg:220.06ms
step:4426/4740 train_time:974084ms step_avg:220.08ms
step:4427/4740 train_time:974265ms step_avg:220.07ms
step:4428/4740 train_time:974591ms step_avg:220.10ms
step:4429/4740 train_time:974773ms step_avg:220.09ms
step:4430/4740 train_time:975098ms step_avg:220.11ms
step:4431/4740 train_time:975280ms step_avg:220.10ms
step:4432/4740 train_time:975605ms step_avg:220.13ms
step:4433/4740 train_time:975786ms step_avg:220.12ms
step:4434/4740 train_time:976108ms step_avg:220.14ms
step:4435/4740 train_time:976294ms step_avg:220.13ms
step:4436/4740 train_time:976615ms step_avg:220.16ms
step:4437/4740 train_time:976800ms step_avg:220.15ms
step:4438/4740 train_time:977121ms step_avg:220.17ms
step:4439/4740 train_time:977309ms step_avg:220.16ms
step:4440/4740 train_time:977630ms step_avg:220.19ms
step:4441/4740 train_time:977812ms step_avg:220.18ms
step:4442/4740 train_time:978137ms step_avg:220.20ms
step:4443/4740 train_time:978319ms step_avg:220.19ms
step:4444/4740 train_time:978639ms step_avg:220.22ms
step:4445/4740 train_time:978821ms step_avg:220.21ms
step:4446/4740 train_time:979145ms step_avg:220.23ms
step:4447/4740 train_time:979331ms step_avg:220.22ms
step:4448/4740 train_time:979650ms step_avg:220.25ms
step:4449/4740 train_time:979834ms step_avg:220.24ms
step:4450/4740 train_time:980158ms step_avg:220.26ms
step:4451/4740 train_time:980345ms step_avg:220.25ms
step:4452/4740 train_time:980666ms step_avg:220.28ms
step:4453/4740 train_time:980849ms step_avg:220.27ms
step:4454/4740 train_time:981172ms step_avg:220.29ms
step:4455/4740 train_time:981357ms step_avg:220.28ms
step:4456/4740 train_time:981679ms step_avg:220.31ms
step:4457/4740 train_time:981862ms step_avg:220.30ms
step:4458/4740 train_time:982188ms step_avg:220.32ms
step:4459/4740 train_time:982371ms step_avg:220.31ms
step:4460/4740 train_time:982698ms step_avg:220.34ms
step:4461/4740 train_time:982880ms step_avg:220.33ms
step:4462/4740 train_time:983203ms step_avg:220.35ms
step:4463/4740 train_time:983392ms step_avg:220.34ms
step:4464/4740 train_time:983715ms step_avg:220.37ms
step:4465/4740 train_time:983898ms step_avg:220.36ms
step:4466/4740 train_time:984221ms step_avg:220.38ms
step:4467/4740 train_time:984407ms step_avg:220.37ms
step:4468/4740 train_time:984729ms step_avg:220.40ms
step:4469/4740 train_time:984914ms step_avg:220.39ms
step:4470/4740 train_time:985237ms step_avg:220.41ms
step:4471/4740 train_time:985423ms step_avg:220.40ms
step:4472/4740 train_time:985746ms step_avg:220.43ms
step:4473/4740 train_time:985933ms step_avg:220.42ms
step:4474/4740 train_time:986255ms step_avg:220.44ms
step:4475/4740 train_time:986436ms step_avg:220.43ms
step:4476/4740 train_time:986759ms step_avg:220.46ms
step:4477/4740 train_time:986940ms step_avg:220.45ms
step:4478/4740 train_time:987265ms step_avg:220.47ms
step:4479/4740 train_time:987449ms step_avg:220.46ms
step:4480/4740 train_time:987773ms step_avg:220.48ms
step:4481/4740 train_time:987956ms step_avg:220.48ms
step:4482/4740 train_time:988278ms step_avg:220.50ms
step:4483/4740 train_time:988460ms step_avg:220.49ms
step:4484/4740 train_time:988783ms step_avg:220.51ms
step:4485/4740 train_time:988967ms step_avg:220.51ms
step:4486/4740 train_time:989290ms step_avg:220.53ms
step:4487/4740 train_time:989470ms step_avg:220.52ms
step:4488/4740 train_time:989796ms step_avg:220.54ms
step:4489/4740 train_time:989977ms step_avg:220.53ms
step:4490/4740 train_time:990298ms step_avg:220.56ms
step:4491/4740 train_time:990481ms step_avg:220.55ms
step:4492/4740 train_time:990804ms step_avg:220.57ms
step:4493/4740 train_time:990989ms step_avg:220.56ms
step:4494/4740 train_time:991312ms step_avg:220.59ms
step:4495/4740 train_time:991493ms step_avg:220.58ms
step:4496/4740 train_time:991815ms step_avg:220.60ms
step:4497/4740 train_time:991999ms step_avg:220.59ms
step:4498/4740 train_time:992328ms step_avg:220.62ms
step:4499/4740 train_time:992507ms step_avg:220.61ms
step:4500/4740 train_time:992830ms step_avg:220.63ms
step:4500/4740 val_loss:2.9367 train_time:992958ms step_avg:220.66ms
step:4501/4740 train_time:993014ms step_avg:220.62ms
step:4502/4740 train_time:993343ms step_avg:220.64ms
step:4503/4740 train_time:993531ms step_avg:220.64ms
step:4504/4740 train_time:993852ms step_avg:220.66ms
step:4505/4740 train_time:994038ms step_avg:220.65ms
step:4506/4740 train_time:994365ms step_avg:220.68ms
step:4507/4740 train_time:994555ms step_avg:220.67ms
step:4508/4740 train_time:994870ms step_avg:220.69ms
step:4509/4740 train_time:995054ms step_avg:220.68ms
step:4510/4740 train_time:995380ms step_avg:220.71ms
step:4511/4740 train_time:995566ms step_avg:220.70ms
step:4512/4740 train_time:995888ms step_avg:220.72ms
step:4513/4740 train_time:996071ms step_avg:220.71ms
step:4514/4740 train_time:996398ms step_avg:220.73ms
step:4515/4740 train_time:996581ms step_avg:220.73ms
step:4516/4740 train_time:996907ms step_avg:220.75ms
step:4517/4740 train_time:997086ms step_avg:220.74ms
step:4518/4740 train_time:997411ms step_avg:220.76ms
step:4519/4740 train_time:997592ms step_avg:220.76ms
step:4520/4740 train_time:997915ms step_avg:220.78ms
step:4521/4740 train_time:998097ms step_avg:220.77ms
step:4522/4740 train_time:998423ms step_avg:220.79ms
step:4523/4740 train_time:998607ms step_avg:220.78ms
step:4524/4740 train_time:998931ms step_avg:220.81ms
step:4525/4740 train_time:999115ms step_avg:220.80ms
step:4526/4740 train_time:999438ms step_avg:220.82ms
step:4527/4740 train_time:999620ms step_avg:220.81ms
step:4528/4740 train_time:999943ms step_avg:220.84ms
step:4529/4740 train_time:1000127ms step_avg:220.83ms
step:4530/4740 train_time:1000450ms step_avg:220.85ms
step:4531/4740 train_time:1000633ms step_avg:220.84ms
step:4532/4740 train_time:1000958ms step_avg:220.86ms
step:4533/4740 train_time:1001143ms step_avg:220.86ms
step:4534/4740 train_time:1001467ms step_avg:220.88ms
step:4535/4740 train_time:1001648ms step_avg:220.87ms
step:4536/4740 train_time:1001975ms step_avg:220.89ms
step:4537/4740 train_time:1002157ms step_avg:220.89ms
step:4538/4740 train_time:1002485ms step_avg:220.91ms
step:4539/4740 train_time:1002668ms step_avg:220.90ms
step:4540/4740 train_time:1002992ms step_avg:220.92ms
step:4541/4740 train_time:1003176ms step_avg:220.92ms
step:4542/4740 train_time:1003497ms step_avg:220.94ms
step:4543/4740 train_time:1003683ms step_avg:220.93ms
step:4544/4740 train_time:1004004ms step_avg:220.95ms
step:4545/4740 train_time:1004187ms step_avg:220.94ms
step:4546/4740 train_time:1004513ms step_avg:220.97ms
step:4547/4740 train_time:1004697ms step_avg:220.96ms
step:4548/4740 train_time:1005018ms step_avg:220.98ms
step:4549/4740 train_time:1005206ms step_avg:220.97ms
step:4550/4740 train_time:1005530ms step_avg:221.00ms
step:4551/4740 train_time:1005710ms step_avg:220.99ms
step:4552/4740 train_time:1006034ms step_avg:221.01ms
step:4553/4740 train_time:1006214ms step_avg:221.00ms
step:4554/4740 train_time:1006544ms step_avg:221.02ms
step:4555/4740 train_time:1006723ms step_avg:221.01ms
step:4556/4740 train_time:1007050ms step_avg:221.04ms
step:4557/4740 train_time:1007234ms step_avg:221.03ms
step:4558/4740 train_time:1007558ms step_avg:221.05ms
step:4559/4740 train_time:1007744ms step_avg:221.05ms
step:4560/4740 train_time:1008072ms step_avg:221.07ms
step:4561/4740 train_time:1008254ms step_avg:221.06ms
step:4562/4740 train_time:1008576ms step_avg:221.08ms
step:4563/4740 train_time:1008761ms step_avg:221.07ms
step:4564/4740 train_time:1009089ms step_avg:221.10ms
step:4565/4740 train_time:1009275ms step_avg:221.09ms
step:4566/4740 train_time:1009598ms step_avg:221.11ms
step:4567/4740 train_time:1009781ms step_avg:221.10ms
step:4568/4740 train_time:1010104ms step_avg:221.13ms
step:4569/4740 train_time:1010287ms step_avg:221.12ms
step:4570/4740 train_time:1010611ms step_avg:221.14ms
step:4571/4740 train_time:1010795ms step_avg:221.13ms
step:4572/4740 train_time:1011117ms step_avg:221.15ms
step:4573/4740 train_time:1011301ms step_avg:221.15ms
step:4574/4740 train_time:1011621ms step_avg:221.17ms
step:4575/4740 train_time:1011802ms step_avg:221.16ms
step:4576/4740 train_time:1012124ms step_avg:221.18ms
step:4577/4740 train_time:1012305ms step_avg:221.17ms
step:4578/4740 train_time:1012627ms step_avg:221.19ms
step:4579/4740 train_time:1012813ms step_avg:221.19ms
step:4580/4740 train_time:1013134ms step_avg:221.21ms
step:4581/4740 train_time:1013323ms step_avg:221.20ms
step:4582/4740 train_time:1013647ms step_avg:221.22ms
step:4583/4740 train_time:1013830ms step_avg:221.22ms
step:4584/4740 train_time:1014152ms step_avg:221.24ms
step:4585/4740 train_time:1014337ms step_avg:221.23ms
step:4586/4740 train_time:1014658ms step_avg:221.25ms
step:4587/4740 train_time:1014840ms step_avg:221.24ms
step:4588/4740 train_time:1015164ms step_avg:221.27ms
step:4589/4740 train_time:1015348ms step_avg:221.26ms
step:4590/4740 train_time:1015676ms step_avg:221.28ms
step:4591/4740 train_time:1015854ms step_avg:221.27ms
step:4592/4740 train_time:1016183ms step_avg:221.29ms
step:4593/4740 train_time:1016367ms step_avg:221.29ms
step:4594/4740 train_time:1016691ms step_avg:221.31ms
step:4595/4740 train_time:1016873ms step_avg:221.30ms
step:4596/4740 train_time:1017198ms step_avg:221.32ms
step:4597/4740 train_time:1017385ms step_avg:221.32ms
step:4598/4740 train_time:1017709ms step_avg:221.34ms
step:4599/4740 train_time:1017889ms step_avg:221.33ms
step:4600/4740 train_time:1018211ms step_avg:221.35ms
step:4601/4740 train_time:1018398ms step_avg:221.34ms
step:4602/4740 train_time:1018724ms step_avg:221.37ms
step:4603/4740 train_time:1018907ms step_avg:221.36ms
step:4604/4740 train_time:1019229ms step_avg:221.38ms
step:4605/4740 train_time:1019410ms step_avg:221.37ms
step:4606/4740 train_time:1019733ms step_avg:221.39ms
step:4607/4740 train_time:1019912ms step_avg:221.38ms
step:4608/4740 train_time:1020236ms step_avg:221.41ms
step:4609/4740 train_time:1020418ms step_avg:221.40ms
step:4610/4740 train_time:1020742ms step_avg:221.42ms
step:4611/4740 train_time:1020922ms step_avg:221.41ms
step:4612/4740 train_time:1021243ms step_avg:221.43ms
step:4613/4740 train_time:1021427ms step_avg:221.42ms
step:4614/4740 train_time:1021752ms step_avg:221.45ms
step:4615/4740 train_time:1021935ms step_avg:221.44ms
step:4616/4740 train_time:1022259ms step_avg:221.46ms
step:4617/4740 train_time:1022441ms step_avg:221.45ms
step:4618/4740 train_time:1022768ms step_avg:221.47ms
step:4619/4740 train_time:1022949ms step_avg:221.47ms
step:4620/4740 train_time:1023272ms step_avg:221.49ms
step:4621/4740 train_time:1023456ms step_avg:221.48ms
step:4622/4740 train_time:1023780ms step_avg:221.50ms
step:4623/4740 train_time:1023965ms step_avg:221.49ms
step:4624/4740 train_time:1024288ms step_avg:221.52ms
step:4625/4740 train_time:1024472ms step_avg:221.51ms
step:4626/4740 train_time:1024794ms step_avg:221.53ms
step:4627/4740 train_time:1024984ms step_avg:221.52ms
step:4628/4740 train_time:1025308ms step_avg:221.54ms
step:4629/4740 train_time:1025493ms step_avg:221.54ms
step:4630/4740 train_time:1025810ms step_avg:221.56ms
step:4631/4740 train_time:1025999ms step_avg:221.55ms
step:4632/4740 train_time:1026318ms step_avg:221.57ms
step:4633/4740 train_time:1026503ms step_avg:221.56ms
step:4634/4740 train_time:1026828ms step_avg:221.59ms
step:4635/4740 train_time:1027009ms step_avg:221.58ms
step:4636/4740 train_time:1027333ms step_avg:221.60ms
step:4637/4740 train_time:1027516ms step_avg:221.59ms
step:4638/4740 train_time:1027837ms step_avg:221.61ms
step:4639/4740 train_time:1028023ms step_avg:221.60ms
step:4640/4740 train_time:1028348ms step_avg:221.63ms
step:4641/4740 train_time:1028528ms step_avg:221.62ms
step:4642/4740 train_time:1028849ms step_avg:221.64ms
step:4643/4740 train_time:1029034ms step_avg:221.63ms
step:4644/4740 train_time:1029355ms step_avg:221.65ms
step:4645/4740 train_time:1029540ms step_avg:221.64ms
step:4646/4740 train_time:1029862ms step_avg:221.67ms
step:4647/4740 train_time:1030045ms step_avg:221.66ms
step:4648/4740 train_time:1030368ms step_avg:221.68ms
step:4649/4740 train_time:1030545ms step_avg:221.67ms
step:4650/4740 train_time:1030871ms step_avg:221.69ms
step:4651/4740 train_time:1031055ms step_avg:221.68ms
step:4652/4740 train_time:1031385ms step_avg:221.71ms
step:4653/4740 train_time:1031566ms step_avg:221.70ms
step:4654/4740 train_time:1031889ms step_avg:221.72ms
step:4655/4740 train_time:1032074ms step_avg:221.71ms
step:4656/4740 train_time:1032399ms step_avg:221.74ms
step:4657/4740 train_time:1032584ms step_avg:221.73ms
step:4658/4740 train_time:1032906ms step_avg:221.75ms
step:4659/4740 train_time:1033092ms step_avg:221.74ms
step:4660/4740 train_time:1033413ms step_avg:221.76ms
step:4661/4740 train_time:1033598ms step_avg:221.75ms
step:4662/4740 train_time:1033920ms step_avg:221.78ms
step:4663/4740 train_time:1034101ms step_avg:221.77ms
step:4664/4740 train_time:1034423ms step_avg:221.79ms
step:4665/4740 train_time:1034607ms step_avg:221.78ms
step:4666/4740 train_time:1034929ms step_avg:221.80ms
step:4667/4740 train_time:1035109ms step_avg:221.79ms
step:4668/4740 train_time:1035438ms step_avg:221.82ms
step:4669/4740 train_time:1035620ms step_avg:221.81ms
step:4670/4740 train_time:1035945ms step_avg:221.83ms
step:4671/4740 train_time:1036126ms step_avg:221.82ms
step:4672/4740 train_time:1036451ms step_avg:221.84ms
step:4673/4740 train_time:1036636ms step_avg:221.84ms
step:4674/4740 train_time:1036960ms step_avg:221.86ms
step:4675/4740 train_time:1037143ms step_avg:221.85ms
step:4676/4740 train_time:1037464ms step_avg:221.87ms
step:4677/4740 train_time:1037650ms step_avg:221.86ms
step:4678/4740 train_time:1037973ms step_avg:221.88ms
step:4679/4740 train_time:1038158ms step_avg:221.88ms
step:4680/4740 train_time:1038481ms step_avg:221.90ms
step:4681/4740 train_time:1038663ms step_avg:221.89ms
step:4682/4740 train_time:1038987ms step_avg:221.91ms
step:4683/4740 train_time:1039172ms step_avg:221.90ms
step:4684/4740 train_time:1039494ms step_avg:221.92ms
step:4685/4740 train_time:1039680ms step_avg:221.92ms
step:4686/4740 train_time:1040004ms step_avg:221.94ms
step:4687/4740 train_time:1040191ms step_avg:221.93ms
step:4688/4740 train_time:1040511ms step_avg:221.95ms
step:4689/4740 train_time:1040699ms step_avg:221.94ms
step:4690/4740 train_time:1041020ms step_avg:221.97ms
step:4691/4740 train_time:1041202ms step_avg:221.96ms
step:4692/4740 train_time:1041522ms step_avg:221.98ms
step:4693/4740 train_time:1041704ms step_avg:221.97ms
step:4694/4740 train_time:1042030ms step_avg:221.99ms
step:4695/4740 train_time:1042210ms step_avg:221.98ms
step:4696/4740 train_time:1042531ms step_avg:222.00ms
step:4697/4740 train_time:1042715ms step_avg:222.00ms
step:4698/4740 train_time:1043037ms step_avg:222.02ms
step:4699/4740 train_time:1043219ms step_avg:222.01ms
step:4700/4740 train_time:1043539ms step_avg:222.03ms
step:4701/4740 train_time:1043725ms step_avg:222.02ms
step:4702/4740 train_time:1044049ms step_avg:222.04ms
step:4703/4740 train_time:1044232ms step_avg:222.04ms
step:4704/4740 train_time:1044556ms step_avg:222.06ms
step:4705/4740 train_time:1044743ms step_avg:222.05ms
step:4706/4740 train_time:1045069ms step_avg:222.07ms
step:4707/4740 train_time:1045251ms step_avg:222.06ms
step:4708/4740 train_time:1045572ms step_avg:222.08ms
step:4709/4740 train_time:1045759ms step_avg:222.08ms
step:4710/4740 train_time:1046087ms step_avg:222.10ms
step:4711/4740 train_time:1046269ms step_avg:222.09ms
step:4712/4740 train_time:1046590ms step_avg:222.11ms
step:4713/4740 train_time:1046775ms step_avg:222.10ms
step:4714/4740 train_time:1047098ms step_avg:222.13ms
step:4715/4740 train_time:1047283ms step_avg:222.12ms
step:4716/4740 train_time:1047608ms step_avg:222.14ms
step:4717/4740 train_time:1047793ms step_avg:222.13ms
step:4718/4740 train_time:1048119ms step_avg:222.15ms
step:4719/4740 train_time:1048302ms step_avg:222.14ms
step:4720/4740 train_time:1048624ms step_avg:222.17ms
step:4721/4740 train_time:1048808ms step_avg:222.16ms
step:4722/4740 train_time:1049137ms step_avg:222.18ms
step:4723/4740 train_time:1049322ms step_avg:222.17ms
step:4724/4740 train_time:1049645ms step_avg:222.19ms
step:4725/4740 train_time:1049828ms step_avg:222.19ms
step:4726/4740 train_time:1050151ms step_avg:222.21ms
step:4727/4740 train_time:1050335ms step_avg:222.20ms
step:4728/4740 train_time:1050656ms step_avg:222.22ms
step:4729/4740 train_time:1050842ms step_avg:222.21ms
step:4730/4740 train_time:1051167ms step_avg:222.23ms
step:4731/4740 train_time:1051351ms step_avg:222.23ms
step:4732/4740 train_time:1051677ms step_avg:222.25ms
step:4733/4740 train_time:1051860ms step_avg:222.24ms
step:4734/4740 train_time:1052184ms step_avg:222.26ms
step:4735/4740 train_time:1052365ms step_avg:222.25ms
step:4736/4740 train_time:1052688ms step_avg:222.27ms
step:4737/4740 train_time:1052873ms step_avg:222.27ms
step:4738/4740 train_time:1053195ms step_avg:222.29ms
step:4739/4740 train_time:1053379ms step_avg:222.28ms
step:4740/4740 train_time:1053700ms step_avg:222.30ms
step:4740/4740 val_loss:2.9228 train_time:1053830ms step_avg:222.33ms
peak memory allocated: 57397 MiB reserved: 61912 MiB
