W0208 23:48:58.393000 2213418 torch/distributed/run.py:852] 
W0208 23:48:58.393000 2213418 torch/distributed/run.py:852] *****************************************
W0208 23:48:58.393000 2213418 torch/distributed/run.py:852] Setting OMP_NUM_THREADS environment variable for each process to be 1 in default, to avoid your system being overloaded, please further tune the variable for optimal performance in your application as needed. 
W0208 23:48:58.393000 2213418 torch/distributed/run.py:852] *****************************************
Fetching 4 files:   0%|          | 0/4 [00:00<?, ?it/s]Fetching 4 files: 100%|██████████| 4/4 [00:00<00:00, 81049.35it/s]
Fetching 4 files:   0%|          | 0/4 [00:00<?, ?it/s]Fetching 4 files: 100%|██████████| 4/4 [00:00<00:00, 76260.07it/s]
Fetching 4 files:   0%|          | 0/4 [00:00<?, ?it/s]Fetching 4 files: 100%|██████████| 4/4 [00:00<00:00, 63791.70it/s]
Fetching 4 files:   0%|          | 0/4 [00:00<?, ?it/s]Fetching 4 files: 100%|██████████| 4/4 [00:00<00:00, 55553.70it/s]
Fetching 4 files:   0%|          | 0/4 [00:00<?, ?it/s]Fetching 4 files: 100%|██████████| 4/4 [00:00<00:00, 80273.76it/s]
Fetching 4 files:   0%|          | 0/4 [00:00<?, ?it/s]Fetching 4 files: 100%|██████████| 4/4 [00:00<00:00, 66576.25it/s]
Fetching 4 files:   0%|          | 0/4 [00:00<?, ?it/s]Fetching 4 files: 100%|██████████| 4/4 [00:00<00:00, 58867.42it/s]
Fetching 4 files:   0%|          | 0/4 [00:00<?, ?it/s]Fetching 4 files: 100%|██████████| 4/4 [00:00<00:00, 14376.36it/s]
logs/sweep_muon0.010_cd0.50.txt
74
Compiling model and warming up kernels (~7 minutes on first execution)
Sampling steps [0, 1, 391, 392, 393, 783, 784, 785, 1174, 1175, 1176, 1566, 1567, 1568, 1958, 1959, 1960, 2349, 2350, 2351, 2741, 2742, 2743, 3133, 3134, 3135] for warmup
Resetting Model
step:0/4740 val_loss:10.8300 train_time:1ms step_avg:0.76ms
step:1/4740 train_time:102ms step_avg:101.86ms
step:2/4740 train_time:163ms step_avg:81.68ms
step:3/4740 train_time:221ms step_avg:73.81ms
step:4/4740 train_time:308ms step_avg:76.90ms
step:5/4740 train_time:367ms step_avg:73.35ms
step:6/4740 train_time:453ms step_avg:75.45ms
step:7/4740 train_time:512ms step_avg:73.13ms
step:8/4740 train_time:598ms step_avg:74.76ms
step:9/4740 train_time:657ms step_avg:73.03ms
step:10/4740 train_time:743ms step_avg:74.30ms
step:11/4740 train_time:802ms step_avg:72.87ms
step:12/4740 train_time:887ms step_avg:73.94ms
step:13/4740 train_time:946ms step_avg:72.80ms
step:14/4740 train_time:1032ms step_avg:73.73ms
step:15/4740 train_time:1093ms step_avg:72.87ms
step:16/4740 train_time:1180ms step_avg:73.74ms
step:17/4740 train_time:1240ms step_avg:72.95ms
step:18/4740 train_time:1327ms step_avg:73.71ms
step:19/4740 train_time:1386ms step_avg:72.96ms
step:20/4740 train_time:1473ms step_avg:73.63ms
step:21/4740 train_time:1532ms step_avg:72.97ms
step:22/4740 train_time:1619ms step_avg:73.57ms
step:23/4740 train_time:1679ms step_avg:72.99ms
step:24/4740 train_time:1765ms step_avg:73.53ms
step:25/4740 train_time:1824ms step_avg:72.95ms
step:26/4740 train_time:1910ms step_avg:73.44ms
step:27/4740 train_time:1969ms step_avg:72.91ms
step:28/4740 train_time:2055ms step_avg:73.40ms
step:29/4740 train_time:2115ms step_avg:72.93ms
step:30/4740 train_time:2202ms step_avg:73.39ms
step:31/4740 train_time:2261ms step_avg:72.95ms
step:32/4740 train_time:2348ms step_avg:73.37ms
step:33/4740 train_time:2408ms step_avg:72.98ms
step:34/4740 train_time:2494ms step_avg:73.35ms
step:35/4740 train_time:2554ms step_avg:72.96ms
step:36/4740 train_time:2639ms step_avg:73.31ms
step:37/4740 train_time:2699ms step_avg:72.95ms
step:38/4740 train_time:2785ms step_avg:73.29ms
step:39/4740 train_time:2844ms step_avg:72.93ms
step:40/4740 train_time:2930ms step_avg:73.25ms
step:41/4740 train_time:2990ms step_avg:72.93ms
step:42/4740 train_time:3077ms step_avg:73.26ms
step:43/4740 train_time:3137ms step_avg:72.96ms
step:44/4740 train_time:3224ms step_avg:73.27ms
step:45/4740 train_time:3283ms step_avg:72.97ms
step:46/4740 train_time:3369ms step_avg:73.25ms
step:47/4740 train_time:3429ms step_avg:72.97ms
step:48/4740 train_time:3517ms step_avg:73.26ms
step:49/4740 train_time:3577ms step_avg:73.00ms
step:50/4740 train_time:3663ms step_avg:73.26ms
step:51/4740 train_time:3723ms step_avg:73.00ms
step:52/4740 train_time:3809ms step_avg:73.25ms
step:53/4740 train_time:3869ms step_avg:72.99ms
step:54/4740 train_time:3955ms step_avg:73.25ms
step:55/4740 train_time:4016ms step_avg:73.01ms
step:56/4740 train_time:4102ms step_avg:73.25ms
step:57/4740 train_time:4162ms step_avg:73.02ms
step:58/4740 train_time:4248ms step_avg:73.25ms
step:59/4740 train_time:4308ms step_avg:73.02ms
step:60/4740 train_time:4395ms step_avg:73.25ms
step:61/4740 train_time:4455ms step_avg:73.03ms
step:62/4740 train_time:4541ms step_avg:73.24ms
step:63/4740 train_time:4601ms step_avg:73.03ms
step:64/4740 train_time:4687ms step_avg:73.23ms
step:65/4740 train_time:4746ms step_avg:73.02ms
step:66/4740 train_time:4833ms step_avg:73.22ms
step:67/4740 train_time:4892ms step_avg:73.02ms
step:68/4740 train_time:4979ms step_avg:73.22ms
step:69/4740 train_time:5039ms step_avg:73.03ms
step:70/4740 train_time:5125ms step_avg:73.22ms
step:71/4740 train_time:5185ms step_avg:73.02ms
step:72/4740 train_time:5271ms step_avg:73.21ms
step:73/4740 train_time:5331ms step_avg:73.03ms
step:74/4740 train_time:5418ms step_avg:73.21ms
step:75/4740 train_time:5477ms step_avg:73.03ms
step:76/4740 train_time:5564ms step_avg:73.21ms
step:77/4740 train_time:5623ms step_avg:73.02ms
step:78/4740 train_time:5708ms step_avg:73.18ms
step:79/4740 train_time:5768ms step_avg:73.01ms
step:80/4740 train_time:5854ms step_avg:73.17ms
step:81/4740 train_time:5914ms step_avg:73.01ms
step:82/4740 train_time:6001ms step_avg:73.18ms
step:83/4740 train_time:6060ms step_avg:73.02ms
step:84/4740 train_time:6147ms step_avg:73.17ms
step:85/4740 train_time:6207ms step_avg:73.02ms
step:86/4740 train_time:6293ms step_avg:73.17ms
step:87/4740 train_time:6353ms step_avg:73.03ms
step:88/4740 train_time:6439ms step_avg:73.17ms
step:89/4740 train_time:6498ms step_avg:73.01ms
step:90/4740 train_time:6585ms step_avg:73.17ms
step:91/4740 train_time:6645ms step_avg:73.02ms
step:92/4740 train_time:6731ms step_avg:73.16ms
step:93/4740 train_time:6791ms step_avg:73.02ms
step:94/4740 train_time:6877ms step_avg:73.16ms
step:95/4740 train_time:6937ms step_avg:73.02ms
step:96/4740 train_time:7023ms step_avg:73.16ms
step:97/4740 train_time:7083ms step_avg:73.02ms
step:98/4740 train_time:7168ms step_avg:73.15ms
step:99/4740 train_time:7228ms step_avg:73.01ms
step:100/4740 train_time:7314ms step_avg:73.14ms
step:101/4740 train_time:7374ms step_avg:73.01ms
step:102/4740 train_time:7461ms step_avg:73.15ms
step:103/4740 train_time:7521ms step_avg:73.01ms
step:104/4740 train_time:7607ms step_avg:73.15ms
step:105/4740 train_time:7667ms step_avg:73.02ms
step:106/4740 train_time:7753ms step_avg:73.14ms
step:107/4740 train_time:7813ms step_avg:73.02ms
step:108/4740 train_time:7899ms step_avg:73.14ms
step:109/4740 train_time:7959ms step_avg:73.01ms
step:110/4740 train_time:8045ms step_avg:73.14ms
step:111/4740 train_time:8104ms step_avg:73.01ms
step:112/4740 train_time:8190ms step_avg:73.13ms
step:113/4740 train_time:8250ms step_avg:73.01ms
step:114/4740 train_time:8337ms step_avg:73.13ms
step:115/4740 train_time:8397ms step_avg:73.02ms
step:116/4740 train_time:8483ms step_avg:73.13ms
step:117/4740 train_time:8543ms step_avg:73.02ms
step:118/4740 train_time:8628ms step_avg:73.12ms
step:119/4740 train_time:8689ms step_avg:73.01ms
step:120/4740 train_time:8774ms step_avg:73.12ms
step:121/4740 train_time:8834ms step_avg:73.01ms
step:122/4740 train_time:8921ms step_avg:73.12ms
step:123/4740 train_time:8980ms step_avg:73.01ms
step:124/4740 train_time:9067ms step_avg:73.12ms
step:125/4740 train_time:9127ms step_avg:73.02ms
step:126/4740 train_time:9213ms step_avg:73.12ms
step:127/4740 train_time:9273ms step_avg:73.02ms
step:128/4740 train_time:9359ms step_avg:73.12ms
step:129/4740 train_time:9420ms step_avg:73.02ms
step:130/4740 train_time:9506ms step_avg:73.12ms
step:131/4740 train_time:9566ms step_avg:73.02ms
step:132/4740 train_time:9652ms step_avg:73.12ms
step:133/4740 train_time:9712ms step_avg:73.02ms
step:134/4740 train_time:9799ms step_avg:73.13ms
step:135/4740 train_time:9858ms step_avg:73.02ms
step:136/4740 train_time:9945ms step_avg:73.13ms
step:137/4740 train_time:10004ms step_avg:73.02ms
step:138/4740 train_time:10090ms step_avg:73.12ms
step:139/4740 train_time:10151ms step_avg:73.03ms
step:140/4740 train_time:10237ms step_avg:73.12ms
step:141/4740 train_time:10297ms step_avg:73.03ms
step:142/4740 train_time:10383ms step_avg:73.12ms
step:143/4740 train_time:10443ms step_avg:73.02ms
step:144/4740 train_time:10528ms step_avg:73.11ms
step:145/4740 train_time:10588ms step_avg:73.02ms
step:146/4740 train_time:10674ms step_avg:73.11ms
step:147/4740 train_time:10734ms step_avg:73.02ms
step:148/4740 train_time:10820ms step_avg:73.11ms
step:149/4740 train_time:10880ms step_avg:73.02ms
step:150/4740 train_time:10966ms step_avg:73.11ms
step:151/4740 train_time:11026ms step_avg:73.02ms
step:152/4740 train_time:11112ms step_avg:73.11ms
step:153/4740 train_time:11172ms step_avg:73.02ms
step:154/4740 train_time:11258ms step_avg:73.10ms
step:155/4740 train_time:11318ms step_avg:73.02ms
step:156/4740 train_time:11404ms step_avg:73.10ms
step:157/4740 train_time:11463ms step_avg:73.01ms
step:158/4740 train_time:11549ms step_avg:73.09ms
step:159/4740 train_time:11608ms step_avg:73.01ms
step:160/4740 train_time:11694ms step_avg:73.09ms
step:161/4740 train_time:11754ms step_avg:73.01ms
step:162/4740 train_time:11841ms step_avg:73.09ms
step:163/4740 train_time:11900ms step_avg:73.01ms
step:164/4740 train_time:11987ms step_avg:73.09ms
step:165/4740 train_time:12048ms step_avg:73.02ms
step:166/4740 train_time:12133ms step_avg:73.09ms
step:167/4740 train_time:12193ms step_avg:73.01ms
step:168/4740 train_time:12280ms step_avg:73.09ms
step:169/4740 train_time:12339ms step_avg:73.01ms
step:170/4740 train_time:12426ms step_avg:73.09ms
step:171/4740 train_time:12484ms step_avg:73.01ms
step:172/4740 train_time:12570ms step_avg:73.08ms
step:173/4740 train_time:12629ms step_avg:73.00ms
step:174/4740 train_time:12715ms step_avg:73.08ms
step:175/4740 train_time:12776ms step_avg:73.00ms
step:176/4740 train_time:12862ms step_avg:73.08ms
step:177/4740 train_time:12922ms step_avg:73.00ms
step:178/4740 train_time:13007ms step_avg:73.08ms
step:179/4740 train_time:13067ms step_avg:73.00ms
step:180/4740 train_time:13153ms step_avg:73.07ms
step:181/4740 train_time:13213ms step_avg:73.00ms
step:182/4740 train_time:13300ms step_avg:73.07ms
step:183/4740 train_time:13359ms step_avg:73.00ms
step:184/4740 train_time:13446ms step_avg:73.07ms
step:185/4740 train_time:13505ms step_avg:73.00ms
step:186/4740 train_time:13591ms step_avg:73.07ms
step:187/4740 train_time:13651ms step_avg:73.00ms
step:188/4740 train_time:13737ms step_avg:73.07ms
step:189/4740 train_time:13797ms step_avg:73.00ms
step:190/4740 train_time:13883ms step_avg:73.07ms
step:191/4740 train_time:13943ms step_avg:73.00ms
step:192/4740 train_time:14029ms step_avg:73.07ms
step:193/4740 train_time:14088ms step_avg:73.00ms
step:194/4740 train_time:14175ms step_avg:73.07ms
step:195/4740 train_time:14235ms step_avg:73.00ms
step:196/4740 train_time:14321ms step_avg:73.07ms
step:197/4740 train_time:14380ms step_avg:73.00ms
step:198/4740 train_time:14467ms step_avg:73.06ms
step:199/4740 train_time:14525ms step_avg:72.99ms
step:200/4740 train_time:14611ms step_avg:73.06ms
step:201/4740 train_time:14671ms step_avg:72.99ms
step:202/4740 train_time:14757ms step_avg:73.05ms
step:203/4740 train_time:14816ms step_avg:72.98ms
step:204/4740 train_time:14902ms step_avg:73.05ms
step:205/4740 train_time:14962ms step_avg:72.98ms
step:206/4740 train_time:15048ms step_avg:73.05ms
step:207/4740 train_time:15106ms step_avg:72.98ms
step:208/4740 train_time:15193ms step_avg:73.04ms
step:209/4740 train_time:15253ms step_avg:72.98ms
step:210/4740 train_time:15341ms step_avg:73.05ms
step:211/4740 train_time:15401ms step_avg:72.99ms
step:212/4740 train_time:15487ms step_avg:73.05ms
step:213/4740 train_time:15547ms step_avg:72.99ms
step:214/4740 train_time:15633ms step_avg:73.05ms
step:215/4740 train_time:15694ms step_avg:72.99ms
step:216/4740 train_time:15780ms step_avg:73.05ms
step:217/4740 train_time:15839ms step_avg:72.99ms
step:218/4740 train_time:15926ms step_avg:73.05ms
step:219/4740 train_time:15985ms step_avg:72.99ms
step:220/4740 train_time:16070ms step_avg:73.05ms
step:221/4740 train_time:16130ms step_avg:72.98ms
step:222/4740 train_time:16216ms step_avg:73.05ms
step:223/4740 train_time:16276ms step_avg:72.99ms
step:224/4740 train_time:16363ms step_avg:73.05ms
step:225/4740 train_time:16422ms step_avg:72.99ms
step:226/4740 train_time:16508ms step_avg:73.04ms
step:227/4740 train_time:16568ms step_avg:72.99ms
step:228/4740 train_time:16653ms step_avg:73.04ms
step:229/4740 train_time:16714ms step_avg:72.99ms
step:230/4740 train_time:16800ms step_avg:73.05ms
step:231/4740 train_time:16860ms step_avg:72.99ms
step:232/4740 train_time:16947ms step_avg:73.05ms
step:233/4740 train_time:17006ms step_avg:72.99ms
step:234/4740 train_time:17092ms step_avg:73.04ms
step:235/4740 train_time:17152ms step_avg:72.99ms
step:236/4740 train_time:17237ms step_avg:73.04ms
step:237/4740 train_time:17298ms step_avg:72.99ms
step:238/4740 train_time:17384ms step_avg:73.04ms
step:239/4740 train_time:17444ms step_avg:72.99ms
step:240/4740 train_time:17529ms step_avg:73.04ms
step:241/4740 train_time:17589ms step_avg:72.98ms
step:242/4740 train_time:17676ms step_avg:73.04ms
step:243/4740 train_time:17736ms step_avg:72.99ms
step:244/4740 train_time:17821ms step_avg:73.04ms
step:245/4740 train_time:17880ms step_avg:72.98ms
step:246/4740 train_time:17966ms step_avg:73.03ms
step:247/4740 train_time:18026ms step_avg:72.98ms
step:248/4740 train_time:18111ms step_avg:73.03ms
step:249/4740 train_time:18171ms step_avg:72.97ms
step:250/4740 train_time:18257ms step_avg:73.03ms
step:250/4740 val_loss:4.5532 train_time:18302ms step_avg:73.21ms
step:251/4740 train_time:18334ms step_avg:73.04ms
step:252/4740 train_time:18404ms step_avg:73.03ms
step:253/4740 train_time:18465ms step_avg:72.98ms
step:254/4740 train_time:18551ms step_avg:73.03ms
step:255/4740 train_time:18612ms step_avg:72.99ms
step:256/4740 train_time:18698ms step_avg:73.04ms
step:257/4740 train_time:18758ms step_avg:72.99ms
step:258/4740 train_time:18844ms step_avg:73.04ms
step:259/4740 train_time:18903ms step_avg:72.98ms
step:260/4740 train_time:18989ms step_avg:73.03ms
step:261/4740 train_time:19048ms step_avg:72.98ms
step:262/4740 train_time:19134ms step_avg:73.03ms
step:263/4740 train_time:19192ms step_avg:72.97ms
step:264/4740 train_time:19280ms step_avg:73.03ms
step:265/4740 train_time:19339ms step_avg:72.98ms
step:266/4740 train_time:19425ms step_avg:73.03ms
step:267/4740 train_time:19485ms step_avg:72.98ms
step:268/4740 train_time:19571ms step_avg:73.03ms
step:269/4740 train_time:19631ms step_avg:72.98ms
step:270/4740 train_time:19718ms step_avg:73.03ms
step:271/4740 train_time:19778ms step_avg:72.98ms
step:272/4740 train_time:19865ms step_avg:73.03ms
step:273/4740 train_time:19925ms step_avg:72.98ms
step:274/4740 train_time:20011ms step_avg:73.03ms
step:275/4740 train_time:20070ms step_avg:72.98ms
step:276/4740 train_time:20157ms step_avg:73.03ms
step:277/4740 train_time:20216ms step_avg:72.98ms
step:278/4740 train_time:20302ms step_avg:73.03ms
step:279/4740 train_time:20361ms step_avg:72.98ms
step:280/4740 train_time:20447ms step_avg:73.03ms
step:281/4740 train_time:20507ms step_avg:72.98ms
step:282/4740 train_time:20594ms step_avg:73.03ms
step:283/4740 train_time:20653ms step_avg:72.98ms
step:284/4740 train_time:20740ms step_avg:73.03ms
step:285/4740 train_time:20799ms step_avg:72.98ms
step:286/4740 train_time:20886ms step_avg:73.03ms
step:287/4740 train_time:20946ms step_avg:72.98ms
step:288/4740 train_time:21032ms step_avg:73.03ms
step:289/4740 train_time:21091ms step_avg:72.98ms
step:290/4740 train_time:21177ms step_avg:73.02ms
step:291/4740 train_time:21236ms step_avg:72.98ms
step:292/4740 train_time:21321ms step_avg:73.02ms
step:293/4740 train_time:21381ms step_avg:72.97ms
step:294/4740 train_time:21466ms step_avg:73.01ms
step:295/4740 train_time:21525ms step_avg:72.97ms
step:296/4740 train_time:21612ms step_avg:73.01ms
step:297/4740 train_time:21672ms step_avg:72.97ms
step:298/4740 train_time:21758ms step_avg:73.01ms
step:299/4740 train_time:21818ms step_avg:72.97ms
step:300/4740 train_time:21904ms step_avg:73.01ms
step:301/4740 train_time:21964ms step_avg:72.97ms
step:302/4740 train_time:22051ms step_avg:73.02ms
step:303/4740 train_time:22111ms step_avg:72.97ms
step:304/4740 train_time:22196ms step_avg:73.01ms
step:305/4740 train_time:22256ms step_avg:72.97ms
step:306/4740 train_time:22342ms step_avg:73.01ms
step:307/4740 train_time:22401ms step_avg:72.97ms
step:308/4740 train_time:22487ms step_avg:73.01ms
step:309/4740 train_time:22546ms step_avg:72.97ms
step:310/4740 train_time:22632ms step_avg:73.01ms
step:311/4740 train_time:22692ms step_avg:72.97ms
step:312/4740 train_time:22778ms step_avg:73.01ms
step:313/4740 train_time:22838ms step_avg:72.97ms
step:314/4740 train_time:22924ms step_avg:73.01ms
step:315/4740 train_time:22984ms step_avg:72.97ms
step:316/4740 train_time:23070ms step_avg:73.01ms
step:317/4740 train_time:23130ms step_avg:72.97ms
step:318/4740 train_time:23216ms step_avg:73.01ms
step:319/4740 train_time:23276ms step_avg:72.97ms
step:320/4740 train_time:23361ms step_avg:73.00ms
step:321/4740 train_time:23421ms step_avg:72.96ms
step:322/4740 train_time:23506ms step_avg:73.00ms
step:323/4740 train_time:23566ms step_avg:72.96ms
step:324/4740 train_time:23652ms step_avg:73.00ms
step:325/4740 train_time:23712ms step_avg:72.96ms
step:326/4740 train_time:23797ms step_avg:73.00ms
step:327/4740 train_time:23857ms step_avg:72.96ms
step:328/4740 train_time:23943ms step_avg:73.00ms
step:329/4740 train_time:24003ms step_avg:72.96ms
step:330/4740 train_time:24089ms step_avg:73.00ms
step:331/4740 train_time:24149ms step_avg:72.96ms
step:332/4740 train_time:24235ms step_avg:73.00ms
step:333/4740 train_time:24295ms step_avg:72.96ms
step:334/4740 train_time:24380ms step_avg:72.99ms
step:335/4740 train_time:24439ms step_avg:72.95ms
step:336/4740 train_time:24525ms step_avg:72.99ms
step:337/4740 train_time:24585ms step_avg:72.95ms
step:338/4740 train_time:24671ms step_avg:72.99ms
step:339/4740 train_time:24730ms step_avg:72.95ms
step:340/4740 train_time:24816ms step_avg:72.99ms
step:341/4740 train_time:24875ms step_avg:72.95ms
step:342/4740 train_time:24961ms step_avg:72.98ms
step:343/4740 train_time:25020ms step_avg:72.95ms
step:344/4740 train_time:25107ms step_avg:72.99ms
step:345/4740 train_time:25167ms step_avg:72.95ms
step:346/4740 train_time:25253ms step_avg:72.99ms
step:347/4740 train_time:25313ms step_avg:72.95ms
step:348/4740 train_time:25399ms step_avg:72.99ms
step:349/4740 train_time:25458ms step_avg:72.95ms
step:350/4740 train_time:25544ms step_avg:72.98ms
step:351/4740 train_time:25603ms step_avg:72.94ms
step:352/4740 train_time:25689ms step_avg:72.98ms
step:353/4740 train_time:25749ms step_avg:72.94ms
step:354/4740 train_time:25836ms step_avg:72.98ms
step:355/4740 train_time:25896ms step_avg:72.95ms
step:356/4740 train_time:25982ms step_avg:72.98ms
step:357/4740 train_time:26042ms step_avg:72.95ms
step:358/4740 train_time:26128ms step_avg:72.98ms
step:359/4740 train_time:26187ms step_avg:72.94ms
step:360/4740 train_time:26273ms step_avg:72.98ms
step:361/4740 train_time:26332ms step_avg:72.94ms
step:362/4740 train_time:26418ms step_avg:72.98ms
step:363/4740 train_time:26477ms step_avg:72.94ms
step:364/4740 train_time:26563ms step_avg:72.98ms
step:365/4740 train_time:26623ms step_avg:72.94ms
step:366/4740 train_time:26709ms step_avg:72.97ms
step:367/4740 train_time:26769ms step_avg:72.94ms
step:368/4740 train_time:26855ms step_avg:72.98ms
step:369/4740 train_time:26914ms step_avg:72.94ms
step:370/4740 train_time:27000ms step_avg:72.97ms
step:371/4740 train_time:27059ms step_avg:72.94ms
step:372/4740 train_time:27145ms step_avg:72.97ms
step:373/4740 train_time:27205ms step_avg:72.94ms
step:374/4740 train_time:27292ms step_avg:72.97ms
step:375/4740 train_time:27352ms step_avg:72.94ms
step:376/4740 train_time:27438ms step_avg:72.97ms
step:377/4740 train_time:27498ms step_avg:72.94ms
step:378/4740 train_time:27583ms step_avg:72.97ms
step:379/4740 train_time:27642ms step_avg:72.93ms
step:380/4740 train_time:27727ms step_avg:72.97ms
step:381/4740 train_time:27786ms step_avg:72.93ms
step:382/4740 train_time:27872ms step_avg:72.96ms
step:383/4740 train_time:27931ms step_avg:72.93ms
step:384/4740 train_time:28017ms step_avg:72.96ms
step:385/4740 train_time:28076ms step_avg:72.93ms
step:386/4740 train_time:28162ms step_avg:72.96ms
step:387/4740 train_time:28221ms step_avg:72.92ms
step:388/4740 train_time:28308ms step_avg:72.96ms
step:389/4740 train_time:28367ms step_avg:72.92ms
step:390/4740 train_time:28454ms step_avg:72.96ms
step:391/4740 train_time:28513ms step_avg:72.92ms
step:392/4740 train_time:28599ms step_avg:72.96ms
step:393/4740 train_time:28673ms step_avg:72.96ms
step:394/4740 train_time:28832ms step_avg:73.18ms
step:395/4740 train_time:28934ms step_avg:73.25ms
step:396/4740 train_time:29094ms step_avg:73.47ms
step:397/4740 train_time:29195ms step_avg:73.54ms
step:398/4740 train_time:29355ms step_avg:73.76ms
step:399/4740 train_time:29457ms step_avg:73.83ms
step:400/4740 train_time:29616ms step_avg:74.04ms
step:401/4740 train_time:29717ms step_avg:74.11ms
step:402/4740 train_time:29876ms step_avg:74.32ms
step:403/4740 train_time:29979ms step_avg:74.39ms
step:404/4740 train_time:30137ms step_avg:74.60ms
step:405/4740 train_time:30240ms step_avg:74.67ms
step:406/4740 train_time:30399ms step_avg:74.87ms
step:407/4740 train_time:30501ms step_avg:74.94ms
step:408/4740 train_time:30659ms step_avg:75.14ms
step:409/4740 train_time:30762ms step_avg:75.21ms
step:410/4740 train_time:30921ms step_avg:75.42ms
step:411/4740 train_time:31023ms step_avg:75.48ms
step:412/4740 train_time:31182ms step_avg:75.68ms
step:413/4740 train_time:31286ms step_avg:75.75ms
step:414/4740 train_time:31447ms step_avg:75.96ms
step:415/4740 train_time:31547ms step_avg:76.02ms
step:416/4740 train_time:31707ms step_avg:76.22ms
step:417/4740 train_time:31809ms step_avg:76.28ms
step:418/4740 train_time:31969ms step_avg:76.48ms
step:419/4740 train_time:32070ms step_avg:76.54ms
step:420/4740 train_time:32229ms step_avg:76.74ms
step:421/4740 train_time:32331ms step_avg:76.80ms
step:422/4740 train_time:32490ms step_avg:76.99ms
step:423/4740 train_time:32592ms step_avg:77.05ms
step:424/4740 train_time:32751ms step_avg:77.24ms
step:425/4740 train_time:32853ms step_avg:77.30ms
step:426/4740 train_time:33013ms step_avg:77.50ms
step:427/4740 train_time:33115ms step_avg:77.55ms
step:428/4740 train_time:33275ms step_avg:77.74ms
step:429/4740 train_time:33375ms step_avg:77.80ms
step:430/4740 train_time:33536ms step_avg:77.99ms
step:431/4740 train_time:33638ms step_avg:78.05ms
step:432/4740 train_time:33798ms step_avg:78.24ms
step:433/4740 train_time:33900ms step_avg:78.29ms
step:434/4740 train_time:34057ms step_avg:78.47ms
step:435/4740 train_time:34162ms step_avg:78.53ms
step:436/4740 train_time:34320ms step_avg:78.72ms
step:437/4740 train_time:34423ms step_avg:78.77ms
step:438/4740 train_time:34583ms step_avg:78.96ms
step:439/4740 train_time:34686ms step_avg:79.01ms
step:440/4740 train_time:34846ms step_avg:79.19ms
step:441/4740 train_time:34946ms step_avg:79.24ms
step:442/4740 train_time:35107ms step_avg:79.43ms
step:443/4740 train_time:35208ms step_avg:79.48ms
step:444/4740 train_time:35368ms step_avg:79.66ms
step:445/4740 train_time:35470ms step_avg:79.71ms
step:446/4740 train_time:35631ms step_avg:79.89ms
step:447/4740 train_time:35732ms step_avg:79.94ms
step:448/4740 train_time:35891ms step_avg:80.11ms
step:449/4740 train_time:35994ms step_avg:80.17ms
step:450/4740 train_time:36155ms step_avg:80.35ms
step:451/4740 train_time:36256ms step_avg:80.39ms
step:452/4740 train_time:36415ms step_avg:80.56ms
step:453/4740 train_time:36517ms step_avg:80.61ms
step:454/4740 train_time:36676ms step_avg:80.78ms
step:455/4740 train_time:36778ms step_avg:80.83ms
step:456/4740 train_time:36938ms step_avg:81.00ms
step:457/4740 train_time:37041ms step_avg:81.05ms
step:458/4740 train_time:37200ms step_avg:81.22ms
step:459/4740 train_time:37303ms step_avg:81.27ms
step:460/4740 train_time:37462ms step_avg:81.44ms
step:461/4740 train_time:37563ms step_avg:81.48ms
step:462/4740 train_time:37723ms step_avg:81.65ms
step:463/4740 train_time:37824ms step_avg:81.69ms
step:464/4740 train_time:37984ms step_avg:81.86ms
step:465/4740 train_time:38086ms step_avg:81.91ms
step:466/4740 train_time:38248ms step_avg:82.08ms
step:467/4740 train_time:38349ms step_avg:82.12ms
step:468/4740 train_time:38508ms step_avg:82.28ms
step:469/4740 train_time:38610ms step_avg:82.32ms
step:470/4740 train_time:38769ms step_avg:82.49ms
step:471/4740 train_time:38871ms step_avg:82.53ms
step:472/4740 train_time:39031ms step_avg:82.69ms
step:473/4740 train_time:39132ms step_avg:82.73ms
step:474/4740 train_time:39291ms step_avg:82.89ms
step:475/4740 train_time:39393ms step_avg:82.93ms
step:476/4740 train_time:39552ms step_avg:83.09ms
step:477/4740 train_time:39654ms step_avg:83.13ms
step:478/4740 train_time:39813ms step_avg:83.29ms
step:479/4740 train_time:39914ms step_avg:83.33ms
step:480/4740 train_time:40074ms step_avg:83.49ms
step:481/4740 train_time:40176ms step_avg:83.53ms
step:482/4740 train_time:40335ms step_avg:83.68ms
step:483/4740 train_time:40437ms step_avg:83.72ms
step:484/4740 train_time:40596ms step_avg:83.88ms
step:485/4740 train_time:40698ms step_avg:83.91ms
step:486/4740 train_time:40855ms step_avg:84.06ms
step:487/4740 train_time:40957ms step_avg:84.10ms
step:488/4740 train_time:41116ms step_avg:84.25ms
step:489/4740 train_time:41220ms step_avg:84.29ms
step:490/4740 train_time:41379ms step_avg:84.45ms
step:491/4740 train_time:41481ms step_avg:84.48ms
step:492/4740 train_time:41641ms step_avg:84.64ms
step:493/4740 train_time:41742ms step_avg:84.67ms
step:494/4740 train_time:41901ms step_avg:84.82ms
step:495/4740 train_time:42003ms step_avg:84.86ms
step:496/4740 train_time:42161ms step_avg:85.00ms
step:497/4740 train_time:42264ms step_avg:85.04ms
step:498/4740 train_time:42423ms step_avg:85.19ms
step:499/4740 train_time:42525ms step_avg:85.22ms
step:500/4740 train_time:42686ms step_avg:85.37ms
step:500/4740 val_loss:4.0221 train_time:42757ms step_avg:85.51ms
step:501/4740 train_time:42790ms step_avg:85.41ms
step:502/4740 train_time:42944ms step_avg:85.55ms
step:503/4740 train_time:43050ms step_avg:85.59ms
step:504/4740 train_time:43213ms step_avg:85.74ms
step:505/4740 train_time:43316ms step_avg:85.77ms
step:506/4740 train_time:43474ms step_avg:85.92ms
step:507/4740 train_time:43574ms step_avg:85.94ms
step:508/4740 train_time:43736ms step_avg:86.09ms
step:509/4740 train_time:43839ms step_avg:86.13ms
step:510/4740 train_time:43999ms step_avg:86.27ms
step:511/4740 train_time:44103ms step_avg:86.31ms
step:512/4740 train_time:44262ms step_avg:86.45ms
step:513/4740 train_time:44362ms step_avg:86.47ms
step:514/4740 train_time:44521ms step_avg:86.62ms
step:515/4740 train_time:44622ms step_avg:86.64ms
step:516/4740 train_time:44782ms step_avg:86.79ms
step:517/4740 train_time:44882ms step_avg:86.81ms
step:518/4740 train_time:45042ms step_avg:86.95ms
step:519/4740 train_time:45147ms step_avg:86.99ms
step:520/4740 train_time:45307ms step_avg:87.13ms
step:521/4740 train_time:45409ms step_avg:87.16ms
step:522/4740 train_time:45566ms step_avg:87.29ms
step:523/4740 train_time:45666ms step_avg:87.32ms
step:524/4740 train_time:45826ms step_avg:87.45ms
step:525/4740 train_time:45927ms step_avg:87.48ms
step:526/4740 train_time:46087ms step_avg:87.62ms
step:527/4740 train_time:46188ms step_avg:87.64ms
step:528/4740 train_time:46347ms step_avg:87.78ms
step:529/4740 train_time:46448ms step_avg:87.80ms
step:530/4740 train_time:46606ms step_avg:87.94ms
step:531/4740 train_time:46707ms step_avg:87.96ms
step:532/4740 train_time:46867ms step_avg:88.10ms
step:533/4740 train_time:46969ms step_avg:88.12ms
step:534/4740 train_time:47127ms step_avg:88.25ms
step:535/4740 train_time:47231ms step_avg:88.28ms
step:536/4740 train_time:47389ms step_avg:88.41ms
step:537/4740 train_time:47493ms step_avg:88.44ms
step:538/4740 train_time:47650ms step_avg:88.57ms
step:539/4740 train_time:47754ms step_avg:88.60ms
step:540/4740 train_time:47911ms step_avg:88.72ms
step:541/4740 train_time:48014ms step_avg:88.75ms
step:542/4740 train_time:48172ms step_avg:88.88ms
step:543/4740 train_time:48274ms step_avg:88.90ms
step:544/4740 train_time:48432ms step_avg:89.03ms
step:545/4740 train_time:48536ms step_avg:89.06ms
step:546/4740 train_time:48694ms step_avg:89.18ms
step:547/4740 train_time:48797ms step_avg:89.21ms
step:548/4740 train_time:48957ms step_avg:89.34ms
step:549/4740 train_time:49058ms step_avg:89.36ms
step:550/4740 train_time:49220ms step_avg:89.49ms
step:551/4740 train_time:49321ms step_avg:89.51ms
step:552/4740 train_time:49481ms step_avg:89.64ms
step:553/4740 train_time:49581ms step_avg:89.66ms
step:554/4740 train_time:49741ms step_avg:89.78ms
step:555/4740 train_time:49842ms step_avg:89.80ms
step:556/4740 train_time:50000ms step_avg:89.93ms
step:557/4740 train_time:50102ms step_avg:89.95ms
step:558/4740 train_time:50261ms step_avg:90.07ms
step:559/4740 train_time:50362ms step_avg:90.09ms
step:560/4740 train_time:50521ms step_avg:90.22ms
step:561/4740 train_time:50622ms step_avg:90.24ms
step:562/4740 train_time:50781ms step_avg:90.36ms
step:563/4740 train_time:50883ms step_avg:90.38ms
step:564/4740 train_time:51043ms step_avg:90.50ms
step:565/4740 train_time:51145ms step_avg:90.52ms
step:566/4740 train_time:51304ms step_avg:90.64ms
step:567/4740 train_time:51405ms step_avg:90.66ms
step:568/4740 train_time:51564ms step_avg:90.78ms
step:569/4740 train_time:51666ms step_avg:90.80ms
step:570/4740 train_time:51825ms step_avg:90.92ms
step:571/4740 train_time:51925ms step_avg:90.94ms
step:572/4740 train_time:52086ms step_avg:91.06ms
step:573/4740 train_time:52187ms step_avg:91.08ms
step:574/4740 train_time:52346ms step_avg:91.20ms
step:575/4740 train_time:52448ms step_avg:91.21ms
step:576/4740 train_time:52606ms step_avg:91.33ms
step:577/4740 train_time:52706ms step_avg:91.35ms
step:578/4740 train_time:52867ms step_avg:91.46ms
step:579/4740 train_time:52968ms step_avg:91.48ms
step:580/4740 train_time:53127ms step_avg:91.60ms
step:581/4740 train_time:53229ms step_avg:91.62ms
step:582/4740 train_time:53389ms step_avg:91.73ms
step:583/4740 train_time:53493ms step_avg:91.75ms
step:584/4740 train_time:53650ms step_avg:91.87ms
step:585/4740 train_time:53753ms step_avg:91.89ms
step:586/4740 train_time:53911ms step_avg:92.00ms
step:587/4740 train_time:54013ms step_avg:92.01ms
step:588/4740 train_time:54172ms step_avg:92.13ms
step:589/4740 train_time:54274ms step_avg:92.15ms
step:590/4740 train_time:54432ms step_avg:92.26ms
step:591/4740 train_time:54535ms step_avg:92.28ms
step:592/4740 train_time:54693ms step_avg:92.39ms
step:593/4740 train_time:54796ms step_avg:92.40ms
step:594/4740 train_time:54955ms step_avg:92.52ms
step:595/4740 train_time:55057ms step_avg:92.53ms
step:596/4740 train_time:55217ms step_avg:92.65ms
step:597/4740 train_time:55319ms step_avg:92.66ms
step:598/4740 train_time:55478ms step_avg:92.77ms
step:599/4740 train_time:55579ms step_avg:92.79ms
step:600/4740 train_time:55739ms step_avg:92.90ms
step:601/4740 train_time:55841ms step_avg:92.91ms
step:602/4740 train_time:56000ms step_avg:93.02ms
step:603/4740 train_time:56101ms step_avg:93.04ms
step:604/4740 train_time:56261ms step_avg:93.15ms
step:605/4740 train_time:56362ms step_avg:93.16ms
step:606/4740 train_time:56521ms step_avg:93.27ms
step:607/4740 train_time:56623ms step_avg:93.28ms
step:608/4740 train_time:56782ms step_avg:93.39ms
step:609/4740 train_time:56883ms step_avg:93.40ms
step:610/4740 train_time:57042ms step_avg:93.51ms
step:611/4740 train_time:57144ms step_avg:93.52ms
step:612/4740 train_time:57304ms step_avg:93.63ms
step:613/4740 train_time:57405ms step_avg:93.65ms
step:614/4740 train_time:57565ms step_avg:93.75ms
step:615/4740 train_time:57665ms step_avg:93.76ms
step:616/4740 train_time:57824ms step_avg:93.87ms
step:617/4740 train_time:57927ms step_avg:93.88ms
step:618/4740 train_time:58086ms step_avg:93.99ms
step:619/4740 train_time:58186ms step_avg:94.00ms
step:620/4740 train_time:58345ms step_avg:94.11ms
step:621/4740 train_time:58449ms step_avg:94.12ms
step:622/4740 train_time:58607ms step_avg:94.22ms
step:623/4740 train_time:58708ms step_avg:94.23ms
step:624/4740 train_time:58868ms step_avg:94.34ms
step:625/4740 train_time:58970ms step_avg:94.35ms
step:626/4740 train_time:59128ms step_avg:94.45ms
step:627/4740 train_time:59230ms step_avg:94.47ms
step:628/4740 train_time:59390ms step_avg:94.57ms
step:629/4740 train_time:59492ms step_avg:94.58ms
step:630/4740 train_time:59650ms step_avg:94.68ms
step:631/4740 train_time:59753ms step_avg:94.70ms
step:632/4740 train_time:59912ms step_avg:94.80ms
step:633/4740 train_time:60013ms step_avg:94.81ms
step:634/4740 train_time:60172ms step_avg:94.91ms
step:635/4740 train_time:60272ms step_avg:94.92ms
step:636/4740 train_time:60431ms step_avg:95.02ms
step:637/4740 train_time:60535ms step_avg:95.03ms
step:638/4740 train_time:60693ms step_avg:95.13ms
step:639/4740 train_time:60795ms step_avg:95.14ms
step:640/4740 train_time:60953ms step_avg:95.24ms
step:641/4740 train_time:61056ms step_avg:95.25ms
step:642/4740 train_time:61215ms step_avg:95.35ms
step:643/4740 train_time:61318ms step_avg:95.36ms
step:644/4740 train_time:61478ms step_avg:95.46ms
step:645/4740 train_time:61579ms step_avg:95.47ms
step:646/4740 train_time:61739ms step_avg:95.57ms
step:647/4740 train_time:61840ms step_avg:95.58ms
step:648/4740 train_time:61999ms step_avg:95.68ms
step:649/4740 train_time:62100ms step_avg:95.69ms
step:650/4740 train_time:62260ms step_avg:95.78ms
step:651/4740 train_time:62362ms step_avg:95.79ms
step:652/4740 train_time:62521ms step_avg:95.89ms
step:653/4740 train_time:62624ms step_avg:95.90ms
step:654/4740 train_time:62783ms step_avg:96.00ms
step:655/4740 train_time:62885ms step_avg:96.01ms
step:656/4740 train_time:63044ms step_avg:96.10ms
step:657/4740 train_time:63146ms step_avg:96.11ms
step:658/4740 train_time:63306ms step_avg:96.21ms
step:659/4740 train_time:63406ms step_avg:96.22ms
step:660/4740 train_time:63566ms step_avg:96.31ms
step:661/4740 train_time:63668ms step_avg:96.32ms
step:662/4740 train_time:63827ms step_avg:96.42ms
step:663/4740 train_time:63929ms step_avg:96.42ms
step:664/4740 train_time:64088ms step_avg:96.52ms
step:665/4740 train_time:64191ms step_avg:96.53ms
step:666/4740 train_time:64349ms step_avg:96.62ms
step:667/4740 train_time:64455ms step_avg:96.63ms
step:668/4740 train_time:64612ms step_avg:96.72ms
step:669/4740 train_time:64714ms step_avg:96.73ms
step:670/4740 train_time:64873ms step_avg:96.83ms
step:671/4740 train_time:64974ms step_avg:96.83ms
step:672/4740 train_time:65132ms step_avg:96.92ms
step:673/4740 train_time:65235ms step_avg:96.93ms
step:674/4740 train_time:65393ms step_avg:97.02ms
step:675/4740 train_time:65496ms step_avg:97.03ms
step:676/4740 train_time:65656ms step_avg:97.12ms
step:677/4740 train_time:65758ms step_avg:97.13ms
step:678/4740 train_time:65917ms step_avg:97.22ms
step:679/4740 train_time:66018ms step_avg:97.23ms
step:680/4740 train_time:66179ms step_avg:97.32ms
step:681/4740 train_time:66280ms step_avg:97.33ms
step:682/4740 train_time:66440ms step_avg:97.42ms
step:683/4740 train_time:66541ms step_avg:97.42ms
step:684/4740 train_time:66699ms step_avg:97.51ms
step:685/4740 train_time:66801ms step_avg:97.52ms
step:686/4740 train_time:66961ms step_avg:97.61ms
step:687/4740 train_time:67061ms step_avg:97.61ms
step:688/4740 train_time:67221ms step_avg:97.70ms
step:689/4740 train_time:67322ms step_avg:97.71ms
step:690/4740 train_time:67483ms step_avg:97.80ms
step:691/4740 train_time:67583ms step_avg:97.80ms
step:692/4740 train_time:67741ms step_avg:97.89ms
step:693/4740 train_time:67843ms step_avg:97.90ms
step:694/4740 train_time:68002ms step_avg:97.99ms
step:695/4740 train_time:68105ms step_avg:97.99ms
step:696/4740 train_time:68266ms step_avg:98.08ms
step:697/4740 train_time:68367ms step_avg:98.09ms
step:698/4740 train_time:68526ms step_avg:98.17ms
step:699/4740 train_time:68627ms step_avg:98.18ms
step:700/4740 train_time:68786ms step_avg:98.27ms
step:701/4740 train_time:68887ms step_avg:98.27ms
step:702/4740 train_time:69047ms step_avg:98.36ms
step:703/4740 train_time:69148ms step_avg:98.36ms
step:704/4740 train_time:69308ms step_avg:98.45ms
step:705/4740 train_time:69409ms step_avg:98.45ms
step:706/4740 train_time:69569ms step_avg:98.54ms
step:707/4740 train_time:69670ms step_avg:98.54ms
step:708/4740 train_time:69829ms step_avg:98.63ms
step:709/4740 train_time:69932ms step_avg:98.64ms
step:710/4740 train_time:70089ms step_avg:98.72ms
step:711/4740 train_time:70193ms step_avg:98.72ms
step:712/4740 train_time:70350ms step_avg:98.81ms
step:713/4740 train_time:70454ms step_avg:98.81ms
step:714/4740 train_time:70612ms step_avg:98.90ms
step:715/4740 train_time:70713ms step_avg:98.90ms
step:716/4740 train_time:70873ms step_avg:98.98ms
step:717/4740 train_time:70974ms step_avg:98.99ms
step:718/4740 train_time:71133ms step_avg:99.07ms
step:719/4740 train_time:71236ms step_avg:99.08ms
step:720/4740 train_time:71394ms step_avg:99.16ms
step:721/4740 train_time:71497ms step_avg:99.16ms
step:722/4740 train_time:71657ms step_avg:99.25ms
step:723/4740 train_time:71760ms step_avg:99.25ms
step:724/4740 train_time:71919ms step_avg:99.34ms
step:725/4740 train_time:72021ms step_avg:99.34ms
step:726/4740 train_time:72181ms step_avg:99.42ms
step:727/4740 train_time:72282ms step_avg:99.42ms
step:728/4740 train_time:72441ms step_avg:99.51ms
step:729/4740 train_time:72543ms step_avg:99.51ms
step:730/4740 train_time:72702ms step_avg:99.59ms
step:731/4740 train_time:72803ms step_avg:99.59ms
step:732/4740 train_time:72963ms step_avg:99.68ms
step:733/4740 train_time:73065ms step_avg:99.68ms
step:734/4740 train_time:73224ms step_avg:99.76ms
step:735/4740 train_time:73326ms step_avg:99.76ms
step:736/4740 train_time:73486ms step_avg:99.85ms
step:737/4740 train_time:73586ms step_avg:99.85ms
step:738/4740 train_time:73746ms step_avg:99.93ms
step:739/4740 train_time:73846ms step_avg:99.93ms
step:740/4740 train_time:74006ms step_avg:100.01ms
step:741/4740 train_time:74107ms step_avg:100.01ms
step:742/4740 train_time:74266ms step_avg:100.09ms
step:743/4740 train_time:74367ms step_avg:100.09ms
step:744/4740 train_time:74526ms step_avg:100.17ms
step:745/4740 train_time:74627ms step_avg:100.17ms
step:746/4740 train_time:74787ms step_avg:100.25ms
step:747/4740 train_time:74887ms step_avg:100.25ms
step:748/4740 train_time:75046ms step_avg:100.33ms
step:749/4740 train_time:75147ms step_avg:100.33ms
step:750/4740 train_time:75307ms step_avg:100.41ms
step:750/4740 val_loss:3.6355 train_time:75382ms step_avg:100.51ms
step:751/4740 train_time:75417ms step_avg:100.42ms
step:752/4740 train_time:75568ms step_avg:100.49ms
step:753/4740 train_time:75673ms step_avg:100.50ms
step:754/4740 train_time:75837ms step_avg:100.58ms
step:755/4740 train_time:75941ms step_avg:100.58ms
step:756/4740 train_time:76098ms step_avg:100.66ms
step:757/4740 train_time:76198ms step_avg:100.66ms
step:758/4740 train_time:76359ms step_avg:100.74ms
step:759/4740 train_time:76460ms step_avg:100.74ms
step:760/4740 train_time:76619ms step_avg:100.81ms
step:761/4740 train_time:76724ms step_avg:100.82ms
step:762/4740 train_time:76884ms step_avg:100.90ms
step:763/4740 train_time:76986ms step_avg:100.90ms
step:764/4740 train_time:77145ms step_avg:100.98ms
step:765/4740 train_time:77245ms step_avg:100.97ms
step:766/4740 train_time:77405ms step_avg:101.05ms
step:767/4740 train_time:77505ms step_avg:101.05ms
step:768/4740 train_time:77666ms step_avg:101.13ms
step:769/4740 train_time:77768ms step_avg:101.13ms
step:770/4740 train_time:77928ms step_avg:101.21ms
step:771/4740 train_time:78029ms step_avg:101.21ms
step:772/4740 train_time:78188ms step_avg:101.28ms
step:773/4740 train_time:78289ms step_avg:101.28ms
step:774/4740 train_time:78448ms step_avg:101.35ms
step:775/4740 train_time:78550ms step_avg:101.35ms
step:776/4740 train_time:78709ms step_avg:101.43ms
step:777/4740 train_time:78811ms step_avg:101.43ms
step:778/4740 train_time:78971ms step_avg:101.50ms
step:779/4740 train_time:79073ms step_avg:101.51ms
step:780/4740 train_time:79231ms step_avg:101.58ms
step:781/4740 train_time:79332ms step_avg:101.58ms
step:782/4740 train_time:79493ms step_avg:101.65ms
step:783/4740 train_time:79594ms step_avg:101.65ms
step:784/4740 train_time:79753ms step_avg:101.73ms
step:785/4740 train_time:79869ms step_avg:101.74ms
step:786/4740 train_time:80107ms step_avg:101.92ms
step:787/4740 train_time:80252ms step_avg:101.97ms
step:788/4740 train_time:80496ms step_avg:102.15ms
step:789/4740 train_time:80637ms step_avg:102.20ms
step:790/4740 train_time:80879ms step_avg:102.38ms
step:791/4740 train_time:81016ms step_avg:102.42ms
step:792/4740 train_time:81260ms step_avg:102.60ms
step:793/4740 train_time:81397ms step_avg:102.64ms
step:794/4740 train_time:81642ms step_avg:102.82ms
step:795/4740 train_time:81780ms step_avg:102.87ms
step:796/4740 train_time:82024ms step_avg:103.04ms
step:797/4740 train_time:82161ms step_avg:103.09ms
step:798/4740 train_time:82404ms step_avg:103.26ms
step:799/4740 train_time:82545ms step_avg:103.31ms
step:800/4740 train_time:82786ms step_avg:103.48ms
step:801/4740 train_time:82926ms step_avg:103.53ms
step:802/4740 train_time:83169ms step_avg:103.70ms
step:803/4740 train_time:83311ms step_avg:103.75ms
step:804/4740 train_time:83553ms step_avg:103.92ms
step:805/4740 train_time:83695ms step_avg:103.97ms
step:806/4740 train_time:83938ms step_avg:104.14ms
step:807/4740 train_time:84079ms step_avg:104.19ms
step:808/4740 train_time:84325ms step_avg:104.36ms
step:809/4740 train_time:84464ms step_avg:104.41ms
step:810/4740 train_time:84705ms step_avg:104.57ms
step:811/4740 train_time:84845ms step_avg:104.62ms
step:812/4740 train_time:85088ms step_avg:104.79ms
step:813/4740 train_time:85227ms step_avg:104.83ms
step:814/4740 train_time:85469ms step_avg:105.00ms
step:815/4740 train_time:85610ms step_avg:105.04ms
step:816/4740 train_time:85852ms step_avg:105.21ms
step:817/4740 train_time:85993ms step_avg:105.25ms
step:818/4740 train_time:86238ms step_avg:105.43ms
step:819/4740 train_time:86379ms step_avg:105.47ms
step:820/4740 train_time:86623ms step_avg:105.64ms
step:821/4740 train_time:86763ms step_avg:105.68ms
step:822/4740 train_time:87008ms step_avg:105.85ms
step:823/4740 train_time:87151ms step_avg:105.89ms
step:824/4740 train_time:87393ms step_avg:106.06ms
step:825/4740 train_time:87534ms step_avg:106.10ms
step:826/4740 train_time:87775ms step_avg:106.26ms
step:827/4740 train_time:87917ms step_avg:106.31ms
step:828/4740 train_time:88159ms step_avg:106.47ms
step:829/4740 train_time:88300ms step_avg:106.51ms
step:830/4740 train_time:88542ms step_avg:106.68ms
step:831/4740 train_time:88682ms step_avg:106.72ms
step:832/4740 train_time:88925ms step_avg:106.88ms
step:833/4740 train_time:89062ms step_avg:106.92ms
step:834/4740 train_time:89307ms step_avg:107.08ms
step:835/4740 train_time:89448ms step_avg:107.12ms
step:836/4740 train_time:89690ms step_avg:107.28ms
step:837/4740 train_time:89829ms step_avg:107.32ms
step:838/4740 train_time:90074ms step_avg:107.49ms
step:839/4740 train_time:90215ms step_avg:107.53ms
step:840/4740 train_time:90460ms step_avg:107.69ms
step:841/4740 train_time:90599ms step_avg:107.73ms
step:842/4740 train_time:90842ms step_avg:107.89ms
step:843/4740 train_time:90981ms step_avg:107.93ms
step:844/4740 train_time:91227ms step_avg:108.09ms
step:845/4740 train_time:91368ms step_avg:108.13ms
step:846/4740 train_time:91609ms step_avg:108.28ms
step:847/4740 train_time:91747ms step_avg:108.32ms
step:848/4740 train_time:91994ms step_avg:108.48ms
step:849/4740 train_time:92135ms step_avg:108.52ms
step:850/4740 train_time:92376ms step_avg:108.68ms
step:851/4740 train_time:92520ms step_avg:108.72ms
step:852/4740 train_time:92762ms step_avg:108.88ms
step:853/4740 train_time:92899ms step_avg:108.91ms
step:854/4740 train_time:93144ms step_avg:109.07ms
step:855/4740 train_time:93281ms step_avg:109.10ms
step:856/4740 train_time:93526ms step_avg:109.26ms
step:857/4740 train_time:93664ms step_avg:109.29ms
step:858/4740 train_time:93906ms step_avg:109.45ms
step:859/4740 train_time:94044ms step_avg:109.48ms
step:860/4740 train_time:94287ms step_avg:109.64ms
step:861/4740 train_time:94428ms step_avg:109.67ms
step:862/4740 train_time:94672ms step_avg:109.83ms
step:863/4740 train_time:94810ms step_avg:109.86ms
step:864/4740 train_time:95053ms step_avg:110.01ms
step:865/4740 train_time:95192ms step_avg:110.05ms
step:866/4740 train_time:95435ms step_avg:110.20ms
step:867/4740 train_time:95579ms step_avg:110.24ms
step:868/4740 train_time:95822ms step_avg:110.39ms
step:869/4740 train_time:95960ms step_avg:110.43ms
step:870/4740 train_time:96202ms step_avg:110.58ms
step:871/4740 train_time:96342ms step_avg:110.61ms
step:872/4740 train_time:96584ms step_avg:110.76ms
step:873/4740 train_time:96725ms step_avg:110.80ms
step:874/4740 train_time:96968ms step_avg:110.95ms
step:875/4740 train_time:97108ms step_avg:110.98ms
step:876/4740 train_time:97349ms step_avg:111.13ms
step:877/4740 train_time:97489ms step_avg:111.16ms
step:878/4740 train_time:97734ms step_avg:111.31ms
step:879/4740 train_time:97876ms step_avg:111.35ms
step:880/4740 train_time:98118ms step_avg:111.50ms
step:881/4740 train_time:98259ms step_avg:111.53ms
step:882/4740 train_time:98501ms step_avg:111.68ms
step:883/4740 train_time:98641ms step_avg:111.71ms
step:884/4740 train_time:98885ms step_avg:111.86ms
step:885/4740 train_time:99024ms step_avg:111.89ms
step:886/4740 train_time:99265ms step_avg:112.04ms
step:887/4740 train_time:99407ms step_avg:112.07ms
step:888/4740 train_time:99648ms step_avg:112.22ms
step:889/4740 train_time:99787ms step_avg:112.25ms
step:890/4740 train_time:100030ms step_avg:112.39ms
step:891/4740 train_time:100167ms step_avg:112.42ms
step:892/4740 train_time:100409ms step_avg:112.57ms
step:893/4740 train_time:100552ms step_avg:112.60ms
step:894/4740 train_time:100794ms step_avg:112.74ms
step:895/4740 train_time:100938ms step_avg:112.78ms
step:896/4740 train_time:101180ms step_avg:112.92ms
step:897/4740 train_time:101319ms step_avg:112.95ms
step:898/4740 train_time:101562ms step_avg:113.10ms
step:899/4740 train_time:101703ms step_avg:113.13ms
step:900/4740 train_time:101947ms step_avg:113.27ms
step:901/4740 train_time:102087ms step_avg:113.30ms
step:902/4740 train_time:102334ms step_avg:113.45ms
step:903/4740 train_time:102474ms step_avg:113.48ms
step:904/4740 train_time:102712ms step_avg:113.62ms
step:905/4740 train_time:102856ms step_avg:113.65ms
step:906/4740 train_time:103099ms step_avg:113.80ms
step:907/4740 train_time:103238ms step_avg:113.82ms
step:908/4740 train_time:103483ms step_avg:113.97ms
step:909/4740 train_time:103623ms step_avg:114.00ms
step:910/4740 train_time:103865ms step_avg:114.14ms
step:911/4740 train_time:104005ms step_avg:114.17ms
step:912/4740 train_time:104247ms step_avg:114.31ms
step:913/4740 train_time:104388ms step_avg:114.33ms
step:914/4740 train_time:104632ms step_avg:114.48ms
step:915/4740 train_time:104772ms step_avg:114.51ms
step:916/4740 train_time:105013ms step_avg:114.64ms
step:917/4740 train_time:105155ms step_avg:114.67ms
step:918/4740 train_time:105399ms step_avg:114.81ms
step:919/4740 train_time:105540ms step_avg:114.84ms
step:920/4740 train_time:105785ms step_avg:114.98ms
step:921/4740 train_time:105925ms step_avg:115.01ms
step:922/4740 train_time:106169ms step_avg:115.15ms
step:923/4740 train_time:106306ms step_avg:115.17ms
step:924/4740 train_time:106550ms step_avg:115.31ms
step:925/4740 train_time:106692ms step_avg:115.34ms
step:926/4740 train_time:106934ms step_avg:115.48ms
step:927/4740 train_time:107075ms step_avg:115.51ms
step:928/4740 train_time:107319ms step_avg:115.65ms
step:929/4740 train_time:107459ms step_avg:115.67ms
step:930/4740 train_time:107701ms step_avg:115.81ms
step:931/4740 train_time:107841ms step_avg:115.83ms
step:932/4740 train_time:108085ms step_avg:115.97ms
step:933/4740 train_time:108226ms step_avg:116.00ms
step:934/4740 train_time:108469ms step_avg:116.13ms
step:935/4740 train_time:108608ms step_avg:116.16ms
step:936/4740 train_time:108858ms step_avg:116.30ms
step:937/4740 train_time:108995ms step_avg:116.32ms
step:938/4740 train_time:109238ms step_avg:116.46ms
step:939/4740 train_time:109378ms step_avg:116.48ms
step:940/4740 train_time:109621ms step_avg:116.62ms
step:941/4740 train_time:109765ms step_avg:116.65ms
step:942/4740 train_time:110006ms step_avg:116.78ms
step:943/4740 train_time:110144ms step_avg:116.80ms
step:944/4740 train_time:110384ms step_avg:116.93ms
step:945/4740 train_time:110526ms step_avg:116.96ms
step:946/4740 train_time:110768ms step_avg:117.09ms
step:947/4740 train_time:110912ms step_avg:117.12ms
step:948/4740 train_time:111153ms step_avg:117.25ms
step:949/4740 train_time:111292ms step_avg:117.27ms
step:950/4740 train_time:111536ms step_avg:117.41ms
step:951/4740 train_time:111678ms step_avg:117.43ms
step:952/4740 train_time:111922ms step_avg:117.57ms
step:953/4740 train_time:112062ms step_avg:117.59ms
step:954/4740 train_time:112304ms step_avg:117.72ms
step:955/4740 train_time:112446ms step_avg:117.74ms
step:956/4740 train_time:112689ms step_avg:117.88ms
step:957/4740 train_time:112830ms step_avg:117.90ms
step:958/4740 train_time:113073ms step_avg:118.03ms
step:959/4740 train_time:113211ms step_avg:118.05ms
step:960/4740 train_time:113456ms step_avg:118.18ms
step:961/4740 train_time:113597ms step_avg:118.21ms
step:962/4740 train_time:113841ms step_avg:118.34ms
step:963/4740 train_time:113979ms step_avg:118.36ms
step:964/4740 train_time:114222ms step_avg:118.49ms
step:965/4740 train_time:114362ms step_avg:118.51ms
step:966/4740 train_time:114603ms step_avg:118.64ms
step:967/4740 train_time:114746ms step_avg:118.66ms
step:968/4740 train_time:114990ms step_avg:118.79ms
step:969/4740 train_time:115129ms step_avg:118.81ms
step:970/4740 train_time:115374ms step_avg:118.94ms
step:971/4740 train_time:115512ms step_avg:118.96ms
step:972/4740 train_time:115754ms step_avg:119.09ms
step:973/4740 train_time:115895ms step_avg:119.11ms
step:974/4740 train_time:116139ms step_avg:119.24ms
step:975/4740 train_time:116280ms step_avg:119.26ms
step:976/4740 train_time:116523ms step_avg:119.39ms
step:977/4740 train_time:116664ms step_avg:119.41ms
step:978/4740 train_time:116906ms step_avg:119.54ms
step:979/4740 train_time:117046ms step_avg:119.56ms
step:980/4740 train_time:117287ms step_avg:119.68ms
step:981/4740 train_time:117427ms step_avg:119.70ms
step:982/4740 train_time:117670ms step_avg:119.83ms
step:983/4740 train_time:117813ms step_avg:119.85ms
step:984/4740 train_time:118054ms step_avg:119.97ms
step:985/4740 train_time:118193ms step_avg:119.99ms
step:986/4740 train_time:118436ms step_avg:120.12ms
step:987/4740 train_time:118576ms step_avg:120.14ms
step:988/4740 train_time:118818ms step_avg:120.26ms
step:989/4740 train_time:118959ms step_avg:120.28ms
step:990/4740 train_time:119200ms step_avg:120.40ms
step:991/4740 train_time:119340ms step_avg:120.42ms
step:992/4740 train_time:119584ms step_avg:120.55ms
step:993/4740 train_time:119725ms step_avg:120.57ms
step:994/4740 train_time:119969ms step_avg:120.69ms
step:995/4740 train_time:120110ms step_avg:120.71ms
step:996/4740 train_time:120355ms step_avg:120.84ms
step:997/4740 train_time:120496ms step_avg:120.86ms
step:998/4740 train_time:120737ms step_avg:120.98ms
step:999/4740 train_time:120878ms step_avg:121.00ms
step:1000/4740 train_time:121121ms step_avg:121.12ms
step:1000/4740 val_loss:3.4583 train_time:121221ms step_avg:121.22ms
step:1001/4740 train_time:121263ms step_avg:121.14ms
step:1002/4740 train_time:121510ms step_avg:121.27ms
step:1003/4740 train_time:121659ms step_avg:121.30ms
step:1004/4740 train_time:121901ms step_avg:121.42ms
step:1005/4740 train_time:122040ms step_avg:121.43ms
step:1006/4740 train_time:122283ms step_avg:121.55ms
step:1007/4740 train_time:122423ms step_avg:121.57ms
step:1008/4740 train_time:122669ms step_avg:121.70ms
step:1009/4740 train_time:122808ms step_avg:121.71ms
step:1010/4740 train_time:123050ms step_avg:121.83ms
step:1011/4740 train_time:123190ms step_avg:121.85ms
step:1012/4740 train_time:123432ms step_avg:121.97ms
step:1013/4740 train_time:123572ms step_avg:121.99ms
step:1014/4740 train_time:123814ms step_avg:122.10ms
step:1015/4740 train_time:123956ms step_avg:122.12ms
step:1016/4740 train_time:124201ms step_avg:122.25ms
step:1017/4740 train_time:124341ms step_avg:122.26ms
step:1018/4740 train_time:124583ms step_avg:122.38ms
step:1019/4740 train_time:124724ms step_avg:122.40ms
step:1020/4740 train_time:124971ms step_avg:122.52ms
step:1021/4740 train_time:125109ms step_avg:122.54ms
step:1022/4740 train_time:125349ms step_avg:122.65ms
step:1023/4740 train_time:125491ms step_avg:122.67ms
step:1024/4740 train_time:125732ms step_avg:122.78ms
step:1025/4740 train_time:125873ms step_avg:122.80ms
step:1026/4740 train_time:126115ms step_avg:122.92ms
step:1027/4740 train_time:126254ms step_avg:122.93ms
step:1028/4740 train_time:126497ms step_avg:123.05ms
step:1029/4740 train_time:126636ms step_avg:123.07ms
step:1030/4740 train_time:126880ms step_avg:123.18ms
step:1031/4740 train_time:127020ms step_avg:123.20ms
step:1032/4740 train_time:127263ms step_avg:123.32ms
step:1033/4740 train_time:127403ms step_avg:123.33ms
step:1034/4740 train_time:127646ms step_avg:123.45ms
step:1035/4740 train_time:127786ms step_avg:123.46ms
step:1036/4740 train_time:128030ms step_avg:123.58ms
step:1037/4740 train_time:128168ms step_avg:123.60ms
step:1038/4740 train_time:128412ms step_avg:123.71ms
step:1039/4740 train_time:128551ms step_avg:123.73ms
step:1040/4740 train_time:128793ms step_avg:123.84ms
step:1041/4740 train_time:128933ms step_avg:123.85ms
step:1042/4740 train_time:129175ms step_avg:123.97ms
step:1043/4740 train_time:129316ms step_avg:123.98ms
step:1044/4740 train_time:129559ms step_avg:124.10ms
step:1045/4740 train_time:129700ms step_avg:124.12ms
step:1046/4740 train_time:129944ms step_avg:124.23ms
step:1047/4740 train_time:130084ms step_avg:124.24ms
step:1048/4740 train_time:130326ms step_avg:124.36ms
step:1049/4740 train_time:130468ms step_avg:124.37ms
step:1050/4740 train_time:130709ms step_avg:124.48ms
step:1051/4740 train_time:130850ms step_avg:124.50ms
step:1052/4740 train_time:131094ms step_avg:124.61ms
step:1053/4740 train_time:131234ms step_avg:124.63ms
step:1054/4740 train_time:131477ms step_avg:124.74ms
step:1055/4740 train_time:131619ms step_avg:124.76ms
step:1056/4740 train_time:131863ms step_avg:124.87ms
step:1057/4740 train_time:132002ms step_avg:124.88ms
step:1058/4740 train_time:132244ms step_avg:124.99ms
step:1059/4740 train_time:132383ms step_avg:125.01ms
step:1060/4740 train_time:132630ms step_avg:125.12ms
step:1061/4740 train_time:132769ms step_avg:125.14ms
step:1062/4740 train_time:133012ms step_avg:125.25ms
step:1063/4740 train_time:133154ms step_avg:125.26ms
step:1064/4740 train_time:133397ms step_avg:125.37ms
step:1065/4740 train_time:133540ms step_avg:125.39ms
step:1066/4740 train_time:133781ms step_avg:125.50ms
step:1067/4740 train_time:133920ms step_avg:125.51ms
step:1068/4740 train_time:134165ms step_avg:125.62ms
step:1069/4740 train_time:134303ms step_avg:125.63ms
step:1070/4740 train_time:134547ms step_avg:125.74ms
step:1071/4740 train_time:134686ms step_avg:125.76ms
step:1072/4740 train_time:134929ms step_avg:125.87ms
step:1073/4740 train_time:135069ms step_avg:125.88ms
step:1074/4740 train_time:135315ms step_avg:125.99ms
step:1075/4740 train_time:135455ms step_avg:126.00ms
step:1076/4740 train_time:135697ms step_avg:126.11ms
step:1077/4740 train_time:135840ms step_avg:126.13ms
step:1078/4740 train_time:136085ms step_avg:126.24ms
step:1079/4740 train_time:136223ms step_avg:126.25ms
step:1080/4740 train_time:136466ms step_avg:126.36ms
step:1081/4740 train_time:136607ms step_avg:126.37ms
step:1082/4740 train_time:136848ms step_avg:126.48ms
step:1083/4740 train_time:136989ms step_avg:126.49ms
step:1084/4740 train_time:137233ms step_avg:126.60ms
step:1085/4740 train_time:137373ms step_avg:126.61ms
step:1086/4740 train_time:137617ms step_avg:126.72ms
step:1087/4740 train_time:137759ms step_avg:126.73ms
step:1088/4740 train_time:138002ms step_avg:126.84ms
step:1089/4740 train_time:138142ms step_avg:126.85ms
step:1090/4740 train_time:138383ms step_avg:126.96ms
step:1091/4740 train_time:138526ms step_avg:126.97ms
step:1092/4740 train_time:138771ms step_avg:127.08ms
step:1093/4740 train_time:138910ms step_avg:127.09ms
step:1094/4740 train_time:139152ms step_avg:127.20ms
step:1095/4740 train_time:139292ms step_avg:127.21ms
step:1096/4740 train_time:139536ms step_avg:127.31ms
step:1097/4740 train_time:139676ms step_avg:127.33ms
step:1098/4740 train_time:139920ms step_avg:127.43ms
step:1099/4740 train_time:140062ms step_avg:127.44ms
step:1100/4740 train_time:140307ms step_avg:127.55ms
step:1101/4740 train_time:140445ms step_avg:127.56ms
step:1102/4740 train_time:140686ms step_avg:127.66ms
step:1103/4740 train_time:140826ms step_avg:127.68ms
step:1104/4740 train_time:141069ms step_avg:127.78ms
step:1105/4740 train_time:141211ms step_avg:127.79ms
step:1106/4740 train_time:141456ms step_avg:127.90ms
step:1107/4740 train_time:141595ms step_avg:127.91ms
step:1108/4740 train_time:141839ms step_avg:128.01ms
step:1109/4740 train_time:141978ms step_avg:128.02ms
step:1110/4740 train_time:142222ms step_avg:128.13ms
step:1111/4740 train_time:142362ms step_avg:128.14ms
step:1112/4740 train_time:142609ms step_avg:128.25ms
step:1113/4740 train_time:142748ms step_avg:128.25ms
step:1114/4740 train_time:142991ms step_avg:128.36ms
step:1115/4740 train_time:143130ms step_avg:128.37ms
step:1116/4740 train_time:143373ms step_avg:128.47ms
step:1117/4740 train_time:143515ms step_avg:128.48ms
step:1118/4740 train_time:143756ms step_avg:128.58ms
step:1119/4740 train_time:143900ms step_avg:128.60ms
step:1120/4740 train_time:144143ms step_avg:128.70ms
step:1121/4740 train_time:144283ms step_avg:128.71ms
step:1122/4740 train_time:144529ms step_avg:128.81ms
step:1123/4740 train_time:144668ms step_avg:128.82ms
step:1124/4740 train_time:144909ms step_avg:128.92ms
step:1125/4740 train_time:145052ms step_avg:128.94ms
step:1126/4740 train_time:145294ms step_avg:129.04ms
step:1127/4740 train_time:145437ms step_avg:129.05ms
step:1128/4740 train_time:145677ms step_avg:129.15ms
step:1129/4740 train_time:145817ms step_avg:129.16ms
step:1130/4740 train_time:146062ms step_avg:129.26ms
step:1131/4740 train_time:146202ms step_avg:129.27ms
step:1132/4740 train_time:146446ms step_avg:129.37ms
step:1133/4740 train_time:146586ms step_avg:129.38ms
step:1134/4740 train_time:146828ms step_avg:129.48ms
step:1135/4740 train_time:146967ms step_avg:129.49ms
step:1136/4740 train_time:147207ms step_avg:129.58ms
step:1137/4740 train_time:147349ms step_avg:129.59ms
step:1138/4740 train_time:147590ms step_avg:129.69ms
step:1139/4740 train_time:147731ms step_avg:129.70ms
step:1140/4740 train_time:147973ms step_avg:129.80ms
step:1141/4740 train_time:148112ms step_avg:129.81ms
step:1142/4740 train_time:148354ms step_avg:129.91ms
step:1143/4740 train_time:148494ms step_avg:129.92ms
step:1144/4740 train_time:148736ms step_avg:130.01ms
step:1145/4740 train_time:148878ms step_avg:130.02ms
step:1146/4740 train_time:149122ms step_avg:130.12ms
step:1147/4740 train_time:149263ms step_avg:130.13ms
step:1148/4740 train_time:149509ms step_avg:130.23ms
step:1149/4740 train_time:149649ms step_avg:130.24ms
step:1150/4740 train_time:149889ms step_avg:130.34ms
step:1151/4740 train_time:150028ms step_avg:130.35ms
step:1152/4740 train_time:150272ms step_avg:130.44ms
step:1153/4740 train_time:150416ms step_avg:130.46ms
step:1154/4740 train_time:150659ms step_avg:130.55ms
step:1155/4740 train_time:150800ms step_avg:130.56ms
step:1156/4740 train_time:151043ms step_avg:130.66ms
step:1157/4740 train_time:151184ms step_avg:130.67ms
step:1158/4740 train_time:151427ms step_avg:130.77ms
step:1159/4740 train_time:151568ms step_avg:130.77ms
step:1160/4740 train_time:151811ms step_avg:130.87ms
step:1161/4740 train_time:151951ms step_avg:130.88ms
step:1162/4740 train_time:152196ms step_avg:130.98ms
step:1163/4740 train_time:152334ms step_avg:130.98ms
step:1164/4740 train_time:152578ms step_avg:131.08ms
step:1165/4740 train_time:152718ms step_avg:131.09ms
step:1166/4740 train_time:152962ms step_avg:131.19ms
step:1167/4740 train_time:153101ms step_avg:131.19ms
step:1168/4740 train_time:153344ms step_avg:131.29ms
step:1169/4740 train_time:153484ms step_avg:131.29ms
step:1170/4740 train_time:153728ms step_avg:131.39ms
step:1171/4740 train_time:153864ms step_avg:131.40ms
step:1172/4740 train_time:154108ms step_avg:131.49ms
step:1173/4740 train_time:154248ms step_avg:131.50ms
step:1174/4740 train_time:154490ms step_avg:131.59ms
step:1175/4740 train_time:154629ms step_avg:131.60ms
step:1176/4740 train_time:154904ms step_avg:131.72ms
step:1177/4740 train_time:155084ms step_avg:131.76ms
step:1178/4740 train_time:155405ms step_avg:131.92ms
step:1179/4740 train_time:155583ms step_avg:131.96ms
step:1180/4740 train_time:155902ms step_avg:132.12ms
step:1181/4740 train_time:156083ms step_avg:132.16ms
step:1182/4740 train_time:156404ms step_avg:132.32ms
step:1183/4740 train_time:156584ms step_avg:132.36ms
step:1184/4740 train_time:156905ms step_avg:132.52ms
step:1185/4740 train_time:157084ms step_avg:132.56ms
step:1186/4740 train_time:157404ms step_avg:132.72ms
step:1187/4740 train_time:157582ms step_avg:132.76ms
step:1188/4740 train_time:157904ms step_avg:132.92ms
step:1189/4740 train_time:158083ms step_avg:132.95ms
step:1190/4740 train_time:158403ms step_avg:133.11ms
step:1191/4740 train_time:158583ms step_avg:133.15ms
step:1192/4740 train_time:158901ms step_avg:133.31ms
step:1193/4740 train_time:159080ms step_avg:133.34ms
step:1194/4740 train_time:159402ms step_avg:133.50ms
step:1195/4740 train_time:159581ms step_avg:133.54ms
step:1196/4740 train_time:159905ms step_avg:133.70ms
step:1197/4740 train_time:160082ms step_avg:133.74ms
step:1198/4740 train_time:160402ms step_avg:133.89ms
step:1199/4740 train_time:160584ms step_avg:133.93ms
step:1200/4740 train_time:160906ms step_avg:134.09ms
step:1201/4740 train_time:161085ms step_avg:134.13ms
step:1202/4740 train_time:161406ms step_avg:134.28ms
step:1203/4740 train_time:161586ms step_avg:134.32ms
step:1204/4740 train_time:161902ms step_avg:134.47ms
step:1205/4740 train_time:162086ms step_avg:134.51ms
step:1206/4740 train_time:162406ms step_avg:134.66ms
step:1207/4740 train_time:162584ms step_avg:134.70ms
step:1208/4740 train_time:162903ms step_avg:134.85ms
step:1209/4740 train_time:163082ms step_avg:134.89ms
step:1210/4740 train_time:163399ms step_avg:135.04ms
step:1211/4740 train_time:163581ms step_avg:135.08ms
step:1212/4740 train_time:163905ms step_avg:135.23ms
step:1213/4740 train_time:164084ms step_avg:135.27ms
step:1214/4740 train_time:164403ms step_avg:135.42ms
step:1215/4740 train_time:164583ms step_avg:135.46ms
step:1216/4740 train_time:164905ms step_avg:135.61ms
step:1217/4740 train_time:165084ms step_avg:135.65ms
step:1218/4740 train_time:165401ms step_avg:135.80ms
step:1219/4740 train_time:165585ms step_avg:135.84ms
step:1220/4740 train_time:165903ms step_avg:135.99ms
step:1221/4740 train_time:166083ms step_avg:136.02ms
step:1222/4740 train_time:166403ms step_avg:136.17ms
step:1223/4740 train_time:166582ms step_avg:136.21ms
step:1224/4740 train_time:166902ms step_avg:136.36ms
step:1225/4740 train_time:167082ms step_avg:136.39ms
step:1226/4740 train_time:167401ms step_avg:136.54ms
step:1227/4740 train_time:167581ms step_avg:136.58ms
step:1228/4740 train_time:167901ms step_avg:136.73ms
step:1229/4740 train_time:168081ms step_avg:136.76ms
step:1230/4740 train_time:168401ms step_avg:136.91ms
step:1231/4740 train_time:168582ms step_avg:136.95ms
step:1232/4740 train_time:168897ms step_avg:137.09ms
step:1233/4740 train_time:169079ms step_avg:137.13ms
step:1234/4740 train_time:169398ms step_avg:137.28ms
step:1235/4740 train_time:169581ms step_avg:137.31ms
step:1236/4740 train_time:169900ms step_avg:137.46ms
step:1237/4740 train_time:170081ms step_avg:137.49ms
step:1238/4740 train_time:170398ms step_avg:137.64ms
step:1239/4740 train_time:170578ms step_avg:137.67ms
step:1240/4740 train_time:170899ms step_avg:137.82ms
step:1241/4740 train_time:171079ms step_avg:137.86ms
step:1242/4740 train_time:171397ms step_avg:138.00ms
step:1243/4740 train_time:171578ms step_avg:138.04ms
step:1244/4740 train_time:171898ms step_avg:138.18ms
step:1245/4740 train_time:172081ms step_avg:138.22ms
step:1246/4740 train_time:172397ms step_avg:138.36ms
step:1247/4740 train_time:172581ms step_avg:138.40ms
step:1248/4740 train_time:172900ms step_avg:138.54ms
step:1249/4740 train_time:173081ms step_avg:138.58ms
step:1250/4740 train_time:173399ms step_avg:138.72ms
step:1250/4740 val_loss:3.3743 train_time:173527ms step_avg:138.82ms
step:1251/4740 train_time:173582ms step_avg:138.75ms
step:1252/4740 train_time:173904ms step_avg:138.90ms
step:1253/4740 train_time:174093ms step_avg:138.94ms
step:1254/4740 train_time:174412ms step_avg:139.08ms
step:1255/4740 train_time:174591ms step_avg:139.12ms
step:1256/4740 train_time:174913ms step_avg:139.26ms
step:1257/4740 train_time:175098ms step_avg:139.30ms
step:1258/4740 train_time:175413ms step_avg:139.44ms
step:1259/4740 train_time:175593ms step_avg:139.47ms
step:1260/4740 train_time:175917ms step_avg:139.62ms
step:1261/4740 train_time:176102ms step_avg:139.65ms
step:1262/4740 train_time:176419ms step_avg:139.79ms
step:1263/4740 train_time:176600ms step_avg:139.83ms
step:1264/4740 train_time:176923ms step_avg:139.97ms
step:1265/4740 train_time:177106ms step_avg:140.00ms
step:1266/4740 train_time:177423ms step_avg:140.14ms
step:1267/4740 train_time:177605ms step_avg:140.18ms
step:1268/4740 train_time:177924ms step_avg:140.32ms
step:1269/4740 train_time:178107ms step_avg:140.35ms
step:1270/4740 train_time:178425ms step_avg:140.49ms
step:1271/4740 train_time:178605ms step_avg:140.52ms
step:1272/4740 train_time:178926ms step_avg:140.66ms
step:1273/4740 train_time:179106ms step_avg:140.70ms
step:1274/4740 train_time:179427ms step_avg:140.84ms
step:1275/4740 train_time:179604ms step_avg:140.87ms
step:1276/4740 train_time:179925ms step_avg:141.01ms
step:1277/4740 train_time:180106ms step_avg:141.04ms
step:1278/4740 train_time:180423ms step_avg:141.18ms
step:1279/4740 train_time:180605ms step_avg:141.21ms
step:1280/4740 train_time:180926ms step_avg:141.35ms
step:1281/4740 train_time:181108ms step_avg:141.38ms
step:1282/4740 train_time:181430ms step_avg:141.52ms
step:1283/4740 train_time:181609ms step_avg:141.55ms
step:1284/4740 train_time:181928ms step_avg:141.69ms
step:1285/4740 train_time:182109ms step_avg:141.72ms
step:1286/4740 train_time:182430ms step_avg:141.86ms
step:1287/4740 train_time:182608ms step_avg:141.89ms
step:1288/4740 train_time:182926ms step_avg:142.02ms
step:1289/4740 train_time:183108ms step_avg:142.05ms
step:1290/4740 train_time:183428ms step_avg:142.19ms
step:1291/4740 train_time:183608ms step_avg:142.22ms
step:1292/4740 train_time:183925ms step_avg:142.36ms
step:1293/4740 train_time:184110ms step_avg:142.39ms
step:1294/4740 train_time:184426ms step_avg:142.52ms
step:1295/4740 train_time:184609ms step_avg:142.56ms
step:1296/4740 train_time:184926ms step_avg:142.69ms
step:1297/4740 train_time:185108ms step_avg:142.72ms
step:1298/4740 train_time:185426ms step_avg:142.86ms
step:1299/4740 train_time:185610ms step_avg:142.89ms
step:1300/4740 train_time:185929ms step_avg:143.02ms
step:1301/4740 train_time:186108ms step_avg:143.05ms
step:1302/4740 train_time:186426ms step_avg:143.18ms
step:1303/4740 train_time:186607ms step_avg:143.21ms
step:1304/4740 train_time:186927ms step_avg:143.35ms
step:1305/4740 train_time:187108ms step_avg:143.38ms
step:1306/4740 train_time:187426ms step_avg:143.51ms
step:1307/4740 train_time:187608ms step_avg:143.54ms
step:1308/4740 train_time:187926ms step_avg:143.67ms
step:1309/4740 train_time:188107ms step_avg:143.70ms
step:1310/4740 train_time:188427ms step_avg:143.84ms
step:1311/4740 train_time:188607ms step_avg:143.86ms
step:1312/4740 train_time:188926ms step_avg:144.00ms
step:1313/4740 train_time:189108ms step_avg:144.03ms
step:1314/4740 train_time:189427ms step_avg:144.16ms
step:1315/4740 train_time:189604ms step_avg:144.19ms
step:1316/4740 train_time:189924ms step_avg:144.32ms
step:1317/4740 train_time:190106ms step_avg:144.35ms
step:1318/4740 train_time:190424ms step_avg:144.48ms
step:1319/4740 train_time:190607ms step_avg:144.51ms
step:1320/4740 train_time:190924ms step_avg:144.64ms
step:1321/4740 train_time:191110ms step_avg:144.67ms
step:1322/4740 train_time:191424ms step_avg:144.80ms
step:1323/4740 train_time:191608ms step_avg:144.83ms
step:1324/4740 train_time:191926ms step_avg:144.96ms
step:1325/4740 train_time:192105ms step_avg:144.99ms
step:1326/4740 train_time:192423ms step_avg:145.12ms
step:1327/4740 train_time:192604ms step_avg:145.14ms
step:1328/4740 train_time:192921ms step_avg:145.27ms
step:1329/4740 train_time:193104ms step_avg:145.30ms
step:1330/4740 train_time:193422ms step_avg:145.43ms
step:1331/4740 train_time:193602ms step_avg:145.46ms
step:1332/4740 train_time:193922ms step_avg:145.59ms
step:1333/4740 train_time:194102ms step_avg:145.61ms
step:1334/4740 train_time:194421ms step_avg:145.74ms
step:1335/4740 train_time:194602ms step_avg:145.77ms
step:1336/4740 train_time:194921ms step_avg:145.90ms
step:1337/4740 train_time:195102ms step_avg:145.93ms
step:1338/4740 train_time:195422ms step_avg:146.06ms
step:1339/4740 train_time:195602ms step_avg:146.08ms
step:1340/4740 train_time:195921ms step_avg:146.21ms
step:1341/4740 train_time:196103ms step_avg:146.24ms
step:1342/4740 train_time:196420ms step_avg:146.36ms
step:1343/4740 train_time:196602ms step_avg:146.39ms
step:1344/4740 train_time:196917ms step_avg:146.52ms
step:1345/4740 train_time:197100ms step_avg:146.54ms
step:1346/4740 train_time:197420ms step_avg:146.67ms
step:1347/4740 train_time:197600ms step_avg:146.70ms
step:1348/4740 train_time:197917ms step_avg:146.82ms
step:1349/4740 train_time:198097ms step_avg:146.85ms
step:1350/4740 train_time:198415ms step_avg:146.97ms
step:1351/4740 train_time:198596ms step_avg:147.00ms
step:1352/4740 train_time:198914ms step_avg:147.13ms
step:1353/4740 train_time:199099ms step_avg:147.15ms
step:1354/4740 train_time:199421ms step_avg:147.28ms
step:1355/4740 train_time:199602ms step_avg:147.31ms
step:1356/4740 train_time:199919ms step_avg:147.43ms
step:1357/4740 train_time:200104ms step_avg:147.46ms
step:1358/4740 train_time:200424ms step_avg:147.59ms
step:1359/4740 train_time:200607ms step_avg:147.61ms
step:1360/4740 train_time:200924ms step_avg:147.74ms
step:1361/4740 train_time:201105ms step_avg:147.76ms
step:1362/4740 train_time:201425ms step_avg:147.89ms
step:1363/4740 train_time:201605ms step_avg:147.91ms
step:1364/4740 train_time:201922ms step_avg:148.04ms
step:1365/4740 train_time:202108ms step_avg:148.06ms
step:1366/4740 train_time:202428ms step_avg:148.19ms
step:1367/4740 train_time:202606ms step_avg:148.21ms
step:1368/4740 train_time:202925ms step_avg:148.34ms
step:1369/4740 train_time:203106ms step_avg:148.36ms
step:1370/4740 train_time:203424ms step_avg:148.49ms
step:1371/4740 train_time:203605ms step_avg:148.51ms
step:1372/4740 train_time:203927ms step_avg:148.63ms
step:1373/4740 train_time:204105ms step_avg:148.66ms
step:1374/4740 train_time:204423ms step_avg:148.78ms
step:1375/4740 train_time:204606ms step_avg:148.80ms
step:1376/4740 train_time:204924ms step_avg:148.93ms
step:1377/4740 train_time:205105ms step_avg:148.95ms
step:1378/4740 train_time:205421ms step_avg:149.07ms
step:1379/4740 train_time:205604ms step_avg:149.10ms
step:1380/4740 train_time:205923ms step_avg:149.22ms
step:1381/4740 train_time:206103ms step_avg:149.24ms
step:1382/4740 train_time:206422ms step_avg:149.36ms
step:1383/4740 train_time:206603ms step_avg:149.39ms
step:1384/4740 train_time:206920ms step_avg:149.51ms
step:1385/4740 train_time:207103ms step_avg:149.53ms
step:1386/4740 train_time:207424ms step_avg:149.66ms
step:1387/4740 train_time:207602ms step_avg:149.68ms
step:1388/4740 train_time:207922ms step_avg:149.80ms
step:1389/4740 train_time:208104ms step_avg:149.82ms
step:1390/4740 train_time:208423ms step_avg:149.94ms
step:1391/4740 train_time:208606ms step_avg:149.97ms
step:1392/4740 train_time:208924ms step_avg:150.09ms
step:1393/4740 train_time:209107ms step_avg:150.11ms
step:1394/4740 train_time:209424ms step_avg:150.23ms
step:1395/4740 train_time:209604ms step_avg:150.25ms
step:1396/4740 train_time:209924ms step_avg:150.38ms
step:1397/4740 train_time:210104ms step_avg:150.40ms
step:1398/4740 train_time:210423ms step_avg:150.52ms
step:1399/4740 train_time:210606ms step_avg:150.54ms
step:1400/4740 train_time:210925ms step_avg:150.66ms
step:1401/4740 train_time:211106ms step_avg:150.68ms
step:1402/4740 train_time:211424ms step_avg:150.80ms
step:1403/4740 train_time:211608ms step_avg:150.83ms
step:1404/4740 train_time:211925ms step_avg:150.94ms
step:1405/4740 train_time:212106ms step_avg:150.97ms
step:1406/4740 train_time:212424ms step_avg:151.08ms
step:1407/4740 train_time:212604ms step_avg:151.10ms
step:1408/4740 train_time:212921ms step_avg:151.22ms
step:1409/4740 train_time:213104ms step_avg:151.24ms
step:1410/4740 train_time:213423ms step_avg:151.36ms
step:1411/4740 train_time:213604ms step_avg:151.38ms
step:1412/4740 train_time:213921ms step_avg:151.50ms
step:1413/4740 train_time:214106ms step_avg:151.53ms
step:1414/4740 train_time:214424ms step_avg:151.64ms
step:1415/4740 train_time:214604ms step_avg:151.66ms
step:1416/4740 train_time:214923ms step_avg:151.78ms
step:1417/4740 train_time:215110ms step_avg:151.81ms
step:1418/4740 train_time:215426ms step_avg:151.92ms
step:1419/4740 train_time:215608ms step_avg:151.94ms
step:1420/4740 train_time:215923ms step_avg:152.06ms
step:1421/4740 train_time:216109ms step_avg:152.08ms
step:1422/4740 train_time:216424ms step_avg:152.20ms
step:1423/4740 train_time:216606ms step_avg:152.22ms
step:1424/4740 train_time:216923ms step_avg:152.33ms
step:1425/4740 train_time:217103ms step_avg:152.35ms
step:1426/4740 train_time:217424ms step_avg:152.47ms
step:1427/4740 train_time:217606ms step_avg:152.49ms
step:1428/4740 train_time:217927ms step_avg:152.61ms
step:1429/4740 train_time:218106ms step_avg:152.63ms
step:1430/4740 train_time:218424ms step_avg:152.74ms
step:1431/4740 train_time:218606ms step_avg:152.76ms
step:1432/4740 train_time:218930ms step_avg:152.88ms
step:1433/4740 train_time:219108ms step_avg:152.90ms
step:1434/4740 train_time:219424ms step_avg:153.02ms
step:1435/4740 train_time:219610ms step_avg:153.04ms
step:1436/4740 train_time:219930ms step_avg:153.15ms
step:1437/4740 train_time:220110ms step_avg:153.17ms
step:1438/4740 train_time:220427ms step_avg:153.29ms
step:1439/4740 train_time:220608ms step_avg:153.31ms
step:1440/4740 train_time:220932ms step_avg:153.42ms
step:1441/4740 train_time:221111ms step_avg:153.44ms
step:1442/4740 train_time:221429ms step_avg:153.56ms
step:1443/4740 train_time:221610ms step_avg:153.58ms
step:1444/4740 train_time:221929ms step_avg:153.69ms
step:1445/4740 train_time:222109ms step_avg:153.71ms
step:1446/4740 train_time:222425ms step_avg:153.82ms
step:1447/4740 train_time:222607ms step_avg:153.84ms
step:1448/4740 train_time:222926ms step_avg:153.95ms
step:1449/4740 train_time:223107ms step_avg:153.97ms
step:1450/4740 train_time:223424ms step_avg:154.09ms
step:1451/4740 train_time:223604ms step_avg:154.10ms
step:1452/4740 train_time:223925ms step_avg:154.22ms
step:1453/4740 train_time:224103ms step_avg:154.23ms
step:1454/4740 train_time:224421ms step_avg:154.35ms
step:1455/4740 train_time:224602ms step_avg:154.37ms
step:1456/4740 train_time:224923ms step_avg:154.48ms
step:1457/4740 train_time:225106ms step_avg:154.50ms
step:1458/4740 train_time:225425ms step_avg:154.61ms
step:1459/4740 train_time:225606ms step_avg:154.63ms
step:1460/4740 train_time:225922ms step_avg:154.74ms
step:1461/4740 train_time:226107ms step_avg:154.76ms
step:1462/4740 train_time:226423ms step_avg:154.87ms
step:1463/4740 train_time:226604ms step_avg:154.89ms
step:1464/4740 train_time:226924ms step_avg:155.00ms
step:1465/4740 train_time:227106ms step_avg:155.02ms
step:1466/4740 train_time:227425ms step_avg:155.13ms
step:1467/4740 train_time:227603ms step_avg:155.15ms
step:1468/4740 train_time:227925ms step_avg:155.26ms
step:1469/4740 train_time:228106ms step_avg:155.28ms
step:1470/4740 train_time:228424ms step_avg:155.39ms
step:1471/4740 train_time:228606ms step_avg:155.41ms
step:1472/4740 train_time:228926ms step_avg:155.52ms
step:1473/4740 train_time:229105ms step_avg:155.54ms
step:1474/4740 train_time:229423ms step_avg:155.65ms
step:1475/4740 train_time:229605ms step_avg:155.66ms
step:1476/4740 train_time:229923ms step_avg:155.77ms
step:1477/4740 train_time:230103ms step_avg:155.79ms
step:1478/4740 train_time:230423ms step_avg:155.90ms
step:1479/4740 train_time:230602ms step_avg:155.92ms
step:1480/4740 train_time:230922ms step_avg:156.03ms
step:1481/4740 train_time:231104ms step_avg:156.05ms
step:1482/4740 train_time:231423ms step_avg:156.16ms
step:1483/4740 train_time:231603ms step_avg:156.17ms
step:1484/4740 train_time:231922ms step_avg:156.28ms
step:1485/4740 train_time:232102ms step_avg:156.30ms
step:1486/4740 train_time:232419ms step_avg:156.41ms
step:1487/4740 train_time:232601ms step_avg:156.42ms
step:1488/4740 train_time:232918ms step_avg:156.53ms
step:1489/4740 train_time:233101ms step_avg:156.55ms
step:1490/4740 train_time:233416ms step_avg:156.66ms
step:1491/4740 train_time:233601ms step_avg:156.67ms
step:1492/4740 train_time:233923ms step_avg:156.78ms
step:1493/4740 train_time:234101ms step_avg:156.80ms
step:1494/4740 train_time:234417ms step_avg:156.91ms
step:1495/4740 train_time:234599ms step_avg:156.92ms
step:1496/4740 train_time:234918ms step_avg:157.03ms
step:1497/4740 train_time:235100ms step_avg:157.05ms
step:1498/4740 train_time:235417ms step_avg:157.15ms
step:1499/4740 train_time:235596ms step_avg:157.17ms
step:1500/4740 train_time:235914ms step_avg:157.28ms
step:1500/4740 val_loss:3.3047 train_time:236046ms step_avg:157.36ms
step:1501/4740 train_time:236102ms step_avg:157.30ms
step:1502/4740 train_time:236424ms step_avg:157.41ms
step:1503/4740 train_time:236606ms step_avg:157.42ms
step:1504/4740 train_time:236920ms step_avg:157.53ms
step:1505/4740 train_time:237098ms step_avg:157.54ms
step:1506/4740 train_time:237420ms step_avg:157.65ms
step:1507/4740 train_time:237602ms step_avg:157.67ms
step:1508/4740 train_time:237923ms step_avg:157.77ms
step:1509/4740 train_time:238098ms step_avg:157.79ms
step:1510/4740 train_time:238423ms step_avg:157.90ms
step:1511/4740 train_time:238600ms step_avg:157.91ms
step:1512/4740 train_time:238921ms step_avg:158.02ms
step:1513/4740 train_time:239099ms step_avg:158.03ms
step:1514/4740 train_time:239421ms step_avg:158.14ms
step:1515/4740 train_time:239603ms step_avg:158.15ms
step:1516/4740 train_time:239923ms step_avg:158.26ms
step:1517/4740 train_time:240101ms step_avg:158.27ms
step:1518/4740 train_time:240418ms step_avg:158.38ms
step:1519/4740 train_time:240602ms step_avg:158.40ms
step:1520/4740 train_time:240921ms step_avg:158.50ms
step:1521/4740 train_time:241100ms step_avg:158.51ms
step:1522/4740 train_time:241418ms step_avg:158.62ms
step:1523/4740 train_time:241601ms step_avg:158.63ms
step:1524/4740 train_time:241922ms step_avg:158.74ms
step:1525/4740 train_time:242101ms step_avg:158.75ms
step:1526/4740 train_time:242420ms step_avg:158.86ms
step:1527/4740 train_time:242600ms step_avg:158.87ms
step:1528/4740 train_time:242920ms step_avg:158.98ms
step:1529/4740 train_time:243098ms step_avg:158.99ms
step:1530/4740 train_time:243418ms step_avg:159.10ms
step:1531/4740 train_time:243595ms step_avg:159.11ms
step:1532/4740 train_time:243919ms step_avg:159.22ms
step:1533/4740 train_time:244095ms step_avg:159.23ms
step:1534/4740 train_time:244416ms step_avg:159.33ms
step:1535/4740 train_time:244594ms step_avg:159.34ms
step:1536/4740 train_time:244914ms step_avg:159.45ms
step:1537/4740 train_time:245096ms step_avg:159.46ms
step:1538/4740 train_time:245414ms step_avg:159.57ms
step:1539/4740 train_time:245592ms step_avg:159.58ms
step:1540/4740 train_time:245913ms step_avg:159.68ms
step:1541/4740 train_time:246096ms step_avg:159.70ms
step:1542/4740 train_time:246417ms step_avg:159.80ms
step:1543/4740 train_time:246595ms step_avg:159.82ms
step:1544/4740 train_time:246913ms step_avg:159.92ms
step:1545/4740 train_time:247094ms step_avg:159.93ms
step:1546/4740 train_time:247410ms step_avg:160.03ms
step:1547/4740 train_time:247592ms step_avg:160.05ms
step:1548/4740 train_time:247912ms step_avg:160.15ms
step:1549/4740 train_time:248092ms step_avg:160.16ms
step:1550/4740 train_time:248409ms step_avg:160.26ms
step:1551/4740 train_time:248590ms step_avg:160.28ms
step:1552/4740 train_time:248909ms step_avg:160.38ms
step:1553/4740 train_time:249089ms step_avg:160.39ms
step:1554/4740 train_time:249409ms step_avg:160.49ms
step:1555/4740 train_time:249590ms step_avg:160.51ms
step:1556/4740 train_time:249908ms step_avg:160.61ms
step:1557/4740 train_time:250087ms step_avg:160.62ms
step:1558/4740 train_time:250404ms step_avg:160.72ms
step:1559/4740 train_time:250585ms step_avg:160.73ms
step:1560/4740 train_time:250904ms step_avg:160.84ms
step:1561/4740 train_time:251088ms step_avg:160.85ms
step:1562/4740 train_time:251402ms step_avg:160.95ms
step:1563/4740 train_time:251587ms step_avg:160.96ms
step:1564/4740 train_time:251903ms step_avg:161.06ms
step:1565/4740 train_time:252088ms step_avg:161.08ms
step:1566/4740 train_time:252405ms step_avg:161.18ms
step:1567/4740 train_time:252589ms step_avg:161.19ms
step:1568/4740 train_time:252909ms step_avg:161.29ms
step:1569/4740 train_time:253092ms step_avg:161.31ms
step:1570/4740 train_time:253414ms step_avg:161.41ms
step:1571/4740 train_time:253595ms step_avg:161.42ms
step:1572/4740 train_time:253915ms step_avg:161.52ms
step:1573/4740 train_time:254096ms step_avg:161.54ms
step:1574/4740 train_time:254414ms step_avg:161.64ms
step:1575/4740 train_time:254598ms step_avg:161.65ms
step:1576/4740 train_time:254917ms step_avg:161.75ms
step:1577/4740 train_time:255098ms step_avg:161.76ms
step:1578/4740 train_time:255419ms step_avg:161.86ms
step:1579/4740 train_time:255598ms step_avg:161.87ms
step:1580/4740 train_time:255918ms step_avg:161.97ms
step:1581/4740 train_time:256099ms step_avg:161.99ms
step:1582/4740 train_time:256422ms step_avg:162.09ms
step:1583/4740 train_time:256604ms step_avg:162.10ms
step:1584/4740 train_time:256923ms step_avg:162.20ms
step:1585/4740 train_time:257105ms step_avg:162.21ms
step:1586/4740 train_time:257429ms step_avg:162.31ms
step:1587/4740 train_time:257610ms step_avg:162.33ms
step:1588/4740 train_time:257931ms step_avg:162.43ms
step:1589/4740 train_time:258110ms step_avg:162.44ms
step:1590/4740 train_time:258429ms step_avg:162.53ms
step:1591/4740 train_time:258612ms step_avg:162.55ms
step:1592/4740 train_time:258933ms step_avg:162.65ms
step:1593/4740 train_time:259116ms step_avg:162.66ms
step:1594/4740 train_time:259438ms step_avg:162.76ms
step:1595/4740 train_time:259617ms step_avg:162.77ms
step:1596/4740 train_time:259937ms step_avg:162.87ms
step:1597/4740 train_time:260116ms step_avg:162.88ms
step:1598/4740 train_time:260435ms step_avg:162.98ms
step:1599/4740 train_time:260615ms step_avg:162.99ms
step:1600/4740 train_time:260936ms step_avg:163.09ms
step:1601/4740 train_time:261117ms step_avg:163.10ms
step:1602/4740 train_time:261437ms step_avg:163.19ms
step:1603/4740 train_time:261619ms step_avg:163.21ms
step:1604/4740 train_time:261939ms step_avg:163.30ms
step:1605/4740 train_time:262122ms step_avg:163.32ms
step:1606/4740 train_time:262440ms step_avg:163.41ms
step:1607/4740 train_time:262625ms step_avg:163.43ms
step:1608/4740 train_time:262947ms step_avg:163.52ms
step:1609/4740 train_time:263130ms step_avg:163.54ms
step:1610/4740 train_time:263451ms step_avg:163.63ms
step:1611/4740 train_time:263628ms step_avg:163.64ms
step:1612/4740 train_time:263949ms step_avg:163.74ms
step:1613/4740 train_time:264131ms step_avg:163.75ms
step:1614/4740 train_time:264452ms step_avg:163.85ms
step:1615/4740 train_time:264632ms step_avg:163.86ms
step:1616/4740 train_time:264952ms step_avg:163.96ms
step:1617/4740 train_time:265132ms step_avg:163.97ms
step:1618/4740 train_time:265453ms step_avg:164.06ms
step:1619/4740 train_time:265634ms step_avg:164.07ms
step:1620/4740 train_time:265955ms step_avg:164.17ms
step:1621/4740 train_time:266136ms step_avg:164.18ms
step:1622/4740 train_time:266457ms step_avg:164.28ms
step:1623/4740 train_time:266637ms step_avg:164.29ms
step:1624/4740 train_time:266956ms step_avg:164.38ms
step:1625/4740 train_time:267136ms step_avg:164.39ms
step:1626/4740 train_time:267458ms step_avg:164.49ms
step:1627/4740 train_time:267636ms step_avg:164.50ms
step:1628/4740 train_time:267955ms step_avg:164.59ms
step:1629/4740 train_time:268136ms step_avg:164.60ms
step:1630/4740 train_time:268456ms step_avg:164.70ms
step:1631/4740 train_time:268636ms step_avg:164.71ms
step:1632/4740 train_time:268959ms step_avg:164.80ms
step:1633/4740 train_time:269138ms step_avg:164.81ms
step:1634/4740 train_time:269460ms step_avg:164.91ms
step:1635/4740 train_time:269641ms step_avg:164.92ms
step:1636/4740 train_time:269962ms step_avg:165.01ms
step:1637/4740 train_time:270143ms step_avg:165.02ms
step:1638/4740 train_time:270463ms step_avg:165.12ms
step:1639/4740 train_time:270644ms step_avg:165.13ms
step:1640/4740 train_time:270965ms step_avg:165.22ms
step:1641/4740 train_time:271145ms step_avg:165.23ms
step:1642/4740 train_time:271463ms step_avg:165.32ms
step:1643/4740 train_time:271646ms step_avg:165.34ms
step:1644/4740 train_time:271963ms step_avg:165.43ms
step:1645/4740 train_time:272146ms step_avg:165.44ms
step:1646/4740 train_time:272466ms step_avg:165.53ms
step:1647/4740 train_time:272653ms step_avg:165.54ms
step:1648/4740 train_time:272970ms step_avg:165.64ms
step:1649/4740 train_time:273152ms step_avg:165.65ms
step:1650/4740 train_time:273470ms step_avg:165.74ms
step:1651/4740 train_time:273651ms step_avg:165.75ms
step:1652/4740 train_time:273971ms step_avg:165.84ms
step:1653/4740 train_time:274152ms step_avg:165.85ms
step:1654/4740 train_time:274471ms step_avg:165.94ms
step:1655/4740 train_time:274649ms step_avg:165.95ms
step:1656/4740 train_time:274969ms step_avg:166.04ms
step:1657/4740 train_time:275154ms step_avg:166.06ms
step:1658/4740 train_time:275474ms step_avg:166.15ms
step:1659/4740 train_time:275657ms step_avg:166.16ms
step:1660/4740 train_time:275974ms step_avg:166.25ms
step:1661/4740 train_time:276160ms step_avg:166.26ms
step:1662/4740 train_time:276476ms step_avg:166.35ms
step:1663/4740 train_time:276663ms step_avg:166.36ms
step:1664/4740 train_time:276983ms step_avg:166.46ms
step:1665/4740 train_time:277166ms step_avg:166.47ms
step:1666/4740 train_time:277486ms step_avg:166.56ms
step:1667/4740 train_time:277667ms step_avg:166.57ms
step:1668/4740 train_time:277990ms step_avg:166.66ms
step:1669/4740 train_time:278169ms step_avg:166.67ms
step:1670/4740 train_time:278488ms step_avg:166.76ms
step:1671/4740 train_time:278670ms step_avg:166.77ms
step:1672/4740 train_time:278993ms step_avg:166.86ms
step:1673/4740 train_time:279175ms step_avg:166.87ms
step:1674/4740 train_time:279495ms step_avg:166.96ms
step:1675/4740 train_time:279675ms step_avg:166.97ms
step:1676/4740 train_time:279996ms step_avg:167.06ms
step:1677/4740 train_time:280178ms step_avg:167.07ms
step:1678/4740 train_time:280497ms step_avg:167.16ms
step:1679/4740 train_time:280675ms step_avg:167.17ms
step:1680/4740 train_time:280998ms step_avg:167.26ms
step:1681/4740 train_time:281181ms step_avg:167.27ms
step:1682/4740 train_time:281501ms step_avg:167.36ms
step:1683/4740 train_time:281683ms step_avg:167.37ms
step:1684/4740 train_time:282005ms step_avg:167.46ms
step:1685/4740 train_time:282185ms step_avg:167.47ms
step:1686/4740 train_time:282505ms step_avg:167.56ms
step:1687/4740 train_time:282689ms step_avg:167.57ms
step:1688/4740 train_time:283010ms step_avg:167.66ms
step:1689/4740 train_time:283194ms step_avg:167.67ms
step:1690/4740 train_time:283511ms step_avg:167.76ms
step:1691/4740 train_time:283690ms step_avg:167.76ms
step:1692/4740 train_time:284011ms step_avg:167.86ms
step:1693/4740 train_time:284195ms step_avg:167.86ms
step:1694/4740 train_time:284511ms step_avg:167.95ms
step:1695/4740 train_time:284697ms step_avg:167.96ms
step:1696/4740 train_time:285016ms step_avg:168.05ms
step:1697/4740 train_time:285198ms step_avg:168.06ms
step:1698/4740 train_time:285517ms step_avg:168.15ms
step:1699/4740 train_time:285699ms step_avg:168.16ms
step:1700/4740 train_time:286018ms step_avg:168.25ms
step:1701/4740 train_time:286198ms step_avg:168.25ms
step:1702/4740 train_time:286517ms step_avg:168.34ms
step:1703/4740 train_time:286697ms step_avg:168.35ms
step:1704/4740 train_time:287016ms step_avg:168.44ms
step:1705/4740 train_time:287196ms step_avg:168.44ms
step:1706/4740 train_time:287516ms step_avg:168.53ms
step:1707/4740 train_time:287700ms step_avg:168.54ms
step:1708/4740 train_time:288018ms step_avg:168.63ms
step:1709/4740 train_time:288196ms step_avg:168.63ms
step:1710/4740 train_time:288519ms step_avg:168.72ms
step:1711/4740 train_time:288698ms step_avg:168.73ms
step:1712/4740 train_time:289019ms step_avg:168.82ms
step:1713/4740 train_time:289199ms step_avg:168.83ms
step:1714/4740 train_time:289522ms step_avg:168.92ms
step:1715/4740 train_time:289700ms step_avg:168.92ms
step:1716/4740 train_time:290022ms step_avg:169.01ms
step:1717/4740 train_time:290201ms step_avg:169.02ms
step:1718/4740 train_time:290523ms step_avg:169.11ms
step:1719/4740 train_time:290703ms step_avg:169.11ms
step:1720/4740 train_time:291025ms step_avg:169.20ms
step:1721/4740 train_time:291207ms step_avg:169.21ms
step:1722/4740 train_time:291529ms step_avg:169.30ms
step:1723/4740 train_time:291710ms step_avg:169.30ms
step:1724/4740 train_time:292027ms step_avg:169.39ms
step:1725/4740 train_time:292209ms step_avg:169.40ms
step:1726/4740 train_time:292531ms step_avg:169.48ms
step:1727/4740 train_time:292710ms step_avg:169.49ms
step:1728/4740 train_time:293030ms step_avg:169.58ms
step:1729/4740 train_time:293212ms step_avg:169.58ms
step:1730/4740 train_time:293535ms step_avg:169.67ms
step:1731/4740 train_time:293717ms step_avg:169.68ms
step:1732/4740 train_time:294032ms step_avg:169.76ms
step:1733/4740 train_time:294215ms step_avg:169.77ms
step:1734/4740 train_time:294535ms step_avg:169.86ms
step:1735/4740 train_time:294716ms step_avg:169.87ms
step:1736/4740 train_time:295034ms step_avg:169.95ms
step:1737/4740 train_time:295217ms step_avg:169.96ms
step:1738/4740 train_time:295535ms step_avg:170.04ms
step:1739/4740 train_time:295716ms step_avg:170.05ms
step:1740/4740 train_time:296032ms step_avg:170.13ms
step:1741/4740 train_time:296214ms step_avg:170.14ms
step:1742/4740 train_time:296533ms step_avg:170.23ms
step:1743/4740 train_time:296716ms step_avg:170.23ms
step:1744/4740 train_time:297033ms step_avg:170.32ms
step:1745/4740 train_time:297215ms step_avg:170.32ms
step:1746/4740 train_time:297533ms step_avg:170.41ms
step:1747/4740 train_time:297719ms step_avg:170.42ms
step:1748/4740 train_time:298037ms step_avg:170.50ms
step:1749/4740 train_time:298218ms step_avg:170.51ms
step:1750/4740 train_time:298539ms step_avg:170.59ms
step:1750/4740 val_loss:3.2969 train_time:298666ms step_avg:170.67ms
step:1751/4740 train_time:298722ms step_avg:170.60ms
step:1752/4740 train_time:299046ms step_avg:170.69ms
step:1753/4740 train_time:299231ms step_avg:170.70ms
step:1754/4740 train_time:299544ms step_avg:170.78ms
step:1755/4740 train_time:299730ms step_avg:170.79ms
step:1756/4740 train_time:300053ms step_avg:170.87ms
step:1757/4740 train_time:300236ms step_avg:170.88ms
step:1758/4740 train_time:300552ms step_avg:170.96ms
step:1759/4740 train_time:300733ms step_avg:170.97ms
step:1760/4740 train_time:301054ms step_avg:171.05ms
step:1761/4740 train_time:301237ms step_avg:171.06ms
step:1762/4740 train_time:301555ms step_avg:171.14ms
step:1763/4740 train_time:301736ms step_avg:171.15ms
step:1764/4740 train_time:302056ms step_avg:171.23ms
step:1765/4740 train_time:302237ms step_avg:171.24ms
step:1766/4740 train_time:302559ms step_avg:171.32ms
step:1767/4740 train_time:302736ms step_avg:171.33ms
step:1768/4740 train_time:303058ms step_avg:171.41ms
step:1769/4740 train_time:303238ms step_avg:171.42ms
step:1770/4740 train_time:303561ms step_avg:171.50ms
step:1771/4740 train_time:303739ms step_avg:171.51ms
step:1772/4740 train_time:304063ms step_avg:171.59ms
step:1773/4740 train_time:304242ms step_avg:171.60ms
step:1774/4740 train_time:304566ms step_avg:171.68ms
step:1775/4740 train_time:304742ms step_avg:171.69ms
step:1776/4740 train_time:305066ms step_avg:171.77ms
step:1777/4740 train_time:305246ms step_avg:171.78ms
step:1778/4740 train_time:305572ms step_avg:171.86ms
step:1779/4740 train_time:305752ms step_avg:171.87ms
step:1780/4740 train_time:306074ms step_avg:171.95ms
step:1781/4740 train_time:306252ms step_avg:171.96ms
step:1782/4740 train_time:306572ms step_avg:172.04ms
step:1783/4740 train_time:306753ms step_avg:172.04ms
step:1784/4740 train_time:307075ms step_avg:172.13ms
step:1785/4740 train_time:307256ms step_avg:172.13ms
step:1786/4740 train_time:307574ms step_avg:172.21ms
step:1787/4740 train_time:307757ms step_avg:172.22ms
step:1788/4740 train_time:308078ms step_avg:172.30ms
step:1789/4740 train_time:308262ms step_avg:172.31ms
step:1790/4740 train_time:308581ms step_avg:172.39ms
step:1791/4740 train_time:308763ms step_avg:172.40ms
step:1792/4740 train_time:309082ms step_avg:172.48ms
step:1793/4740 train_time:309264ms step_avg:172.48ms
step:1794/4740 train_time:309584ms step_avg:172.57ms
step:1795/4740 train_time:309763ms step_avg:172.57ms
step:1796/4740 train_time:310083ms step_avg:172.65ms
step:1797/4740 train_time:310264ms step_avg:172.66ms
step:1798/4740 train_time:310583ms step_avg:172.74ms
step:1799/4740 train_time:310765ms step_avg:172.74ms
step:1800/4740 train_time:311085ms step_avg:172.82ms
step:1801/4740 train_time:311266ms step_avg:172.83ms
step:1802/4740 train_time:311587ms step_avg:172.91ms
step:1803/4740 train_time:311768ms step_avg:172.92ms
step:1804/4740 train_time:312087ms step_avg:173.00ms
step:1805/4740 train_time:312269ms step_avg:173.00ms
step:1806/4740 train_time:312590ms step_avg:173.08ms
step:1807/4740 train_time:312772ms step_avg:173.09ms
step:1808/4740 train_time:313094ms step_avg:173.17ms
step:1809/4740 train_time:313274ms step_avg:173.18ms
step:1810/4740 train_time:313597ms step_avg:173.26ms
step:1811/4740 train_time:313775ms step_avg:173.26ms
step:1812/4740 train_time:314097ms step_avg:173.34ms
step:1813/4740 train_time:314279ms step_avg:173.35ms
step:1814/4740 train_time:314597ms step_avg:173.43ms
step:1815/4740 train_time:314779ms step_avg:173.43ms
step:1816/4740 train_time:315103ms step_avg:173.51ms
step:1817/4740 train_time:315281ms step_avg:173.52ms
step:1818/4740 train_time:315601ms step_avg:173.60ms
step:1819/4740 train_time:315779ms step_avg:173.60ms
step:1820/4740 train_time:316101ms step_avg:173.68ms
step:1821/4740 train_time:316279ms step_avg:173.68ms
step:1822/4740 train_time:316601ms step_avg:173.77ms
step:1823/4740 train_time:316779ms step_avg:173.77ms
step:1824/4740 train_time:317098ms step_avg:173.85ms
step:1825/4740 train_time:317279ms step_avg:173.85ms
step:1826/4740 train_time:317599ms step_avg:173.93ms
step:1827/4740 train_time:317780ms step_avg:173.94ms
step:1828/4740 train_time:318097ms step_avg:174.01ms
step:1829/4740 train_time:318278ms step_avg:174.02ms
step:1830/4740 train_time:318600ms step_avg:174.10ms
step:1831/4740 train_time:318779ms step_avg:174.10ms
step:1832/4740 train_time:319100ms step_avg:174.18ms
step:1833/4740 train_time:319279ms step_avg:174.18ms
step:1834/4740 train_time:319598ms step_avg:174.26ms
step:1835/4740 train_time:319778ms step_avg:174.27ms
step:1836/4740 train_time:320100ms step_avg:174.35ms
step:1837/4740 train_time:320280ms step_avg:174.35ms
step:1838/4740 train_time:320602ms step_avg:174.43ms
step:1839/4740 train_time:320784ms step_avg:174.43ms
step:1840/4740 train_time:321101ms step_avg:174.51ms
step:1841/4740 train_time:321280ms step_avg:174.51ms
step:1842/4740 train_time:321599ms step_avg:174.59ms
step:1843/4740 train_time:321785ms step_avg:174.60ms
step:1844/4740 train_time:322103ms step_avg:174.68ms
step:1845/4740 train_time:322284ms step_avg:174.68ms
step:1846/4740 train_time:322603ms step_avg:174.76ms
step:1847/4740 train_time:322787ms step_avg:174.76ms
step:1848/4740 train_time:323105ms step_avg:174.84ms
step:1849/4740 train_time:323287ms step_avg:174.84ms
step:1850/4740 train_time:323606ms step_avg:174.92ms
step:1851/4740 train_time:323790ms step_avg:174.93ms
step:1852/4740 train_time:324109ms step_avg:175.00ms
step:1853/4740 train_time:324293ms step_avg:175.01ms
step:1854/4740 train_time:324612ms step_avg:175.09ms
step:1855/4740 train_time:324792ms step_avg:175.09ms
step:1856/4740 train_time:325113ms step_avg:175.17ms
step:1857/4740 train_time:325291ms step_avg:175.17ms
step:1858/4740 train_time:325611ms step_avg:175.25ms
step:1859/4740 train_time:325796ms step_avg:175.25ms
step:1860/4740 train_time:326113ms step_avg:175.33ms
step:1861/4740 train_time:326297ms step_avg:175.33ms
step:1862/4740 train_time:326616ms step_avg:175.41ms
step:1863/4740 train_time:326796ms step_avg:175.41ms
step:1864/4740 train_time:327115ms step_avg:175.49ms
step:1865/4740 train_time:327298ms step_avg:175.50ms
step:1866/4740 train_time:327616ms step_avg:175.57ms
step:1867/4740 train_time:327795ms step_avg:175.57ms
step:1868/4740 train_time:328112ms step_avg:175.65ms
step:1869/4740 train_time:328297ms step_avg:175.65ms
step:1870/4740 train_time:328616ms step_avg:175.73ms
step:1871/4740 train_time:328796ms step_avg:175.73ms
step:1872/4740 train_time:329115ms step_avg:175.81ms
step:1873/4740 train_time:329296ms step_avg:175.81ms
step:1874/4740 train_time:329617ms step_avg:175.89ms
step:1875/4740 train_time:329796ms step_avg:175.89ms
step:1876/4740 train_time:330119ms step_avg:175.97ms
step:1877/4740 train_time:330299ms step_avg:175.97ms
step:1878/4740 train_time:330621ms step_avg:176.05ms
step:1879/4740 train_time:330800ms step_avg:176.05ms
step:1880/4740 train_time:331119ms step_avg:176.13ms
step:1881/4740 train_time:331301ms step_avg:176.13ms
step:1882/4740 train_time:331621ms step_avg:176.21ms
step:1883/4740 train_time:331799ms step_avg:176.21ms
step:1884/4740 train_time:332119ms step_avg:176.28ms
step:1885/4740 train_time:332298ms step_avg:176.29ms
step:1886/4740 train_time:332617ms step_avg:176.36ms
step:1887/4740 train_time:332800ms step_avg:176.36ms
step:1888/4740 train_time:333119ms step_avg:176.44ms
step:1889/4740 train_time:333301ms step_avg:176.44ms
step:1890/4740 train_time:333622ms step_avg:176.52ms
step:1891/4740 train_time:333802ms step_avg:176.52ms
step:1892/4740 train_time:334124ms step_avg:176.60ms
step:1893/4740 train_time:334308ms step_avg:176.60ms
step:1894/4740 train_time:334627ms step_avg:176.68ms
step:1895/4740 train_time:334808ms step_avg:176.68ms
step:1896/4740 train_time:335128ms step_avg:176.76ms
step:1897/4740 train_time:335311ms step_avg:176.76ms
step:1898/4740 train_time:335627ms step_avg:176.83ms
step:1899/4740 train_time:335811ms step_avg:176.84ms
step:1900/4740 train_time:336132ms step_avg:176.91ms
step:1901/4740 train_time:336316ms step_avg:176.92ms
step:1902/4740 train_time:336635ms step_avg:176.99ms
step:1903/4740 train_time:336817ms step_avg:176.99ms
step:1904/4740 train_time:337133ms step_avg:177.07ms
step:1905/4740 train_time:337317ms step_avg:177.07ms
step:1906/4740 train_time:337637ms step_avg:177.14ms
step:1907/4740 train_time:337819ms step_avg:177.15ms
step:1908/4740 train_time:338138ms step_avg:177.22ms
step:1909/4740 train_time:338321ms step_avg:177.22ms
step:1910/4740 train_time:338646ms step_avg:177.30ms
step:1911/4740 train_time:338829ms step_avg:177.30ms
step:1912/4740 train_time:339150ms step_avg:177.38ms
step:1913/4740 train_time:339332ms step_avg:177.38ms
step:1914/4740 train_time:339652ms step_avg:177.46ms
step:1915/4740 train_time:339833ms step_avg:177.46ms
step:1916/4740 train_time:340155ms step_avg:177.53ms
step:1917/4740 train_time:340334ms step_avg:177.53ms
step:1918/4740 train_time:340656ms step_avg:177.61ms
step:1919/4740 train_time:340833ms step_avg:177.61ms
step:1920/4740 train_time:341151ms step_avg:177.68ms
step:1921/4740 train_time:341335ms step_avg:177.69ms
step:1922/4740 train_time:341656ms step_avg:177.76ms
step:1923/4740 train_time:341839ms step_avg:177.76ms
step:1924/4740 train_time:342160ms step_avg:177.84ms
step:1925/4740 train_time:342339ms step_avg:177.84ms
step:1926/4740 train_time:342660ms step_avg:177.91ms
step:1927/4740 train_time:342839ms step_avg:177.91ms
step:1928/4740 train_time:343160ms step_avg:177.99ms
step:1929/4740 train_time:343338ms step_avg:177.99ms
step:1930/4740 train_time:343657ms step_avg:178.06ms
step:1931/4740 train_time:343838ms step_avg:178.06ms
step:1932/4740 train_time:344160ms step_avg:178.14ms
step:1933/4740 train_time:344339ms step_avg:178.14ms
step:1934/4740 train_time:344658ms step_avg:178.21ms
step:1935/4740 train_time:344839ms step_avg:178.21ms
step:1936/4740 train_time:345159ms step_avg:178.28ms
step:1937/4740 train_time:345336ms step_avg:178.28ms
step:1938/4740 train_time:345660ms step_avg:178.36ms
step:1939/4740 train_time:345840ms step_avg:178.36ms
step:1940/4740 train_time:346162ms step_avg:178.43ms
step:1941/4740 train_time:346337ms step_avg:178.43ms
step:1942/4740 train_time:346663ms step_avg:178.51ms
step:1943/4740 train_time:346842ms step_avg:178.51ms
step:1944/4740 train_time:347163ms step_avg:178.58ms
step:1945/4740 train_time:347341ms step_avg:178.58ms
step:1946/4740 train_time:347666ms step_avg:178.66ms
step:1947/4740 train_time:347843ms step_avg:178.66ms
step:1948/4740 train_time:348167ms step_avg:178.73ms
step:1949/4740 train_time:348347ms step_avg:178.73ms
step:1950/4740 train_time:348668ms step_avg:178.80ms
step:1951/4740 train_time:348850ms step_avg:178.81ms
step:1952/4740 train_time:349172ms step_avg:178.88ms
step:1953/4740 train_time:349354ms step_avg:178.88ms
step:1954/4740 train_time:349676ms step_avg:178.95ms
step:1955/4740 train_time:349858ms step_avg:178.96ms
step:1956/4740 train_time:350178ms step_avg:179.03ms
step:1957/4740 train_time:350361ms step_avg:179.03ms
step:1958/4740 train_time:350680ms step_avg:179.10ms
step:1959/4740 train_time:350859ms step_avg:179.10ms
step:1960/4740 train_time:351180ms step_avg:179.17ms
step:1961/4740 train_time:351362ms step_avg:179.17ms
step:1962/4740 train_time:351681ms step_avg:179.25ms
step:1963/4740 train_time:351862ms step_avg:179.25ms
step:1964/4740 train_time:352183ms step_avg:179.32ms
step:1965/4740 train_time:352368ms step_avg:179.32ms
step:1966/4740 train_time:352691ms step_avg:179.40ms
step:1967/4740 train_time:352870ms step_avg:179.40ms
step:1968/4740 train_time:353190ms step_avg:179.47ms
step:1969/4740 train_time:353373ms step_avg:179.47ms
step:1970/4740 train_time:353696ms step_avg:179.54ms
step:1971/4740 train_time:353875ms step_avg:179.54ms
step:1972/4740 train_time:354198ms step_avg:179.61ms
step:1973/4740 train_time:354377ms step_avg:179.61ms
step:1974/4740 train_time:354699ms step_avg:179.69ms
step:1975/4740 train_time:354878ms step_avg:179.68ms
step:1976/4740 train_time:355196ms step_avg:179.76ms
step:1977/4740 train_time:355378ms step_avg:179.76ms
step:1978/4740 train_time:355700ms step_avg:179.83ms
step:1979/4740 train_time:355880ms step_avg:179.83ms
step:1980/4740 train_time:356199ms step_avg:179.90ms
step:1981/4740 train_time:356383ms step_avg:179.90ms
step:1982/4740 train_time:356708ms step_avg:179.97ms
step:1983/4740 train_time:356889ms step_avg:179.97ms
step:1984/4740 train_time:357207ms step_avg:180.04ms
step:1985/4740 train_time:357390ms step_avg:180.05ms
step:1986/4740 train_time:357711ms step_avg:180.12ms
step:1987/4740 train_time:357893ms step_avg:180.12ms
step:1988/4740 train_time:358214ms step_avg:180.19ms
step:1989/4740 train_time:358398ms step_avg:180.19ms
step:1990/4740 train_time:358719ms step_avg:180.26ms
step:1991/4740 train_time:358903ms step_avg:180.26ms
step:1992/4740 train_time:359224ms step_avg:180.33ms
step:1993/4740 train_time:359403ms step_avg:180.33ms
step:1994/4740 train_time:359723ms step_avg:180.40ms
step:1995/4740 train_time:359900ms step_avg:180.40ms
step:1996/4740 train_time:360224ms step_avg:180.47ms
step:1997/4740 train_time:360405ms step_avg:180.47ms
step:1998/4740 train_time:360727ms step_avg:180.54ms
step:1999/4740 train_time:360910ms step_avg:180.55ms
step:2000/4740 train_time:361231ms step_avg:180.62ms
step:2000/4740 val_loss:3.2243 train_time:361360ms step_avg:180.68ms
step:2001/4740 train_time:361416ms step_avg:180.62ms
step:2002/4740 train_time:361737ms step_avg:180.69ms
step:2003/4740 train_time:361925ms step_avg:180.69ms
step:2004/4740 train_time:362238ms step_avg:180.76ms
step:2005/4740 train_time:362426ms step_avg:180.76ms
step:2006/4740 train_time:362747ms step_avg:180.83ms
step:2007/4740 train_time:362933ms step_avg:180.83ms
step:2008/4740 train_time:363253ms step_avg:180.90ms
step:2009/4740 train_time:363433ms step_avg:180.90ms
step:2010/4740 train_time:363755ms step_avg:180.97ms
step:2011/4740 train_time:363937ms step_avg:180.97ms
step:2012/4740 train_time:364259ms step_avg:181.04ms
step:2013/4740 train_time:364439ms step_avg:181.04ms
step:2014/4740 train_time:364760ms step_avg:181.11ms
step:2015/4740 train_time:364943ms step_avg:181.11ms
step:2016/4740 train_time:365266ms step_avg:181.18ms
step:2017/4740 train_time:365447ms step_avg:181.18ms
step:2018/4740 train_time:365766ms step_avg:181.25ms
step:2019/4740 train_time:365948ms step_avg:181.25ms
step:2020/4740 train_time:366270ms step_avg:181.32ms
step:2021/4740 train_time:366452ms step_avg:181.32ms
step:2022/4740 train_time:366769ms step_avg:181.39ms
step:2023/4740 train_time:366952ms step_avg:181.39ms
step:2024/4740 train_time:367274ms step_avg:181.46ms
step:2025/4740 train_time:367458ms step_avg:181.46ms
step:2026/4740 train_time:367776ms step_avg:181.53ms
step:2027/4740 train_time:367959ms step_avg:181.53ms
step:2028/4740 train_time:368280ms step_avg:181.60ms
step:2029/4740 train_time:368463ms step_avg:181.60ms
step:2030/4740 train_time:368782ms step_avg:181.67ms
step:2031/4740 train_time:368966ms step_avg:181.67ms
step:2032/4740 train_time:369290ms step_avg:181.74ms
step:2033/4740 train_time:369469ms step_avg:181.74ms
step:2034/4740 train_time:369793ms step_avg:181.81ms
step:2035/4740 train_time:369971ms step_avg:181.80ms
step:2036/4740 train_time:370293ms step_avg:181.87ms
step:2037/4740 train_time:370471ms step_avg:181.87ms
step:2038/4740 train_time:370793ms step_avg:181.94ms
step:2039/4740 train_time:370974ms step_avg:181.94ms
step:2040/4740 train_time:371300ms step_avg:182.01ms
step:2041/4740 train_time:371479ms step_avg:182.01ms
step:2042/4740 train_time:371801ms step_avg:182.08ms
step:2043/4740 train_time:371979ms step_avg:182.07ms
step:2044/4740 train_time:372300ms step_avg:182.14ms
step:2045/4740 train_time:372480ms step_avg:182.14ms
step:2046/4740 train_time:372803ms step_avg:182.21ms
step:2047/4740 train_time:372985ms step_avg:182.21ms
step:2048/4740 train_time:373305ms step_avg:182.28ms
step:2049/4740 train_time:373484ms step_avg:182.28ms
step:2050/4740 train_time:373805ms step_avg:182.34ms
step:2051/4740 train_time:373992ms step_avg:182.35ms
step:2052/4740 train_time:374318ms step_avg:182.42ms
step:2053/4740 train_time:374501ms step_avg:182.42ms
step:2054/4740 train_time:374821ms step_avg:182.48ms
step:2055/4740 train_time:375003ms step_avg:182.48ms
step:2056/4740 train_time:375326ms step_avg:182.55ms
step:2057/4740 train_time:375509ms step_avg:182.55ms
step:2058/4740 train_time:375830ms step_avg:182.62ms
step:2059/4740 train_time:376014ms step_avg:182.62ms
step:2060/4740 train_time:376332ms step_avg:182.69ms
step:2061/4740 train_time:376515ms step_avg:182.69ms
step:2062/4740 train_time:376840ms step_avg:182.75ms
step:2063/4740 train_time:377016ms step_avg:182.75ms
step:2064/4740 train_time:377337ms step_avg:182.82ms
step:2065/4740 train_time:377519ms step_avg:182.82ms
step:2066/4740 train_time:377841ms step_avg:182.89ms
step:2067/4740 train_time:378022ms step_avg:182.88ms
step:2068/4740 train_time:378343ms step_avg:182.95ms
step:2069/4740 train_time:378525ms step_avg:182.95ms
step:2070/4740 train_time:378841ms step_avg:183.02ms
step:2071/4740 train_time:379027ms step_avg:183.02ms
step:2072/4740 train_time:379348ms step_avg:183.08ms
step:2073/4740 train_time:379531ms step_avg:183.08ms
step:2074/4740 train_time:379852ms step_avg:183.15ms
step:2075/4740 train_time:380036ms step_avg:183.15ms
step:2076/4740 train_time:380359ms step_avg:183.22ms
step:2077/4740 train_time:380536ms step_avg:183.21ms
step:2078/4740 train_time:380860ms step_avg:183.28ms
step:2079/4740 train_time:381039ms step_avg:183.28ms
step:2080/4740 train_time:381357ms step_avg:183.34ms
step:2081/4740 train_time:381540ms step_avg:183.34ms
step:2082/4740 train_time:381862ms step_avg:183.41ms
step:2083/4740 train_time:382040ms step_avg:183.41ms
step:2084/4740 train_time:382362ms step_avg:183.47ms
step:2085/4740 train_time:382542ms step_avg:183.47ms
step:2086/4740 train_time:382864ms step_avg:183.54ms
step:2087/4740 train_time:383045ms step_avg:183.54ms
step:2088/4740 train_time:383366ms step_avg:183.60ms
step:2089/4740 train_time:383550ms step_avg:183.60ms
step:2090/4740 train_time:383868ms step_avg:183.67ms
step:2091/4740 train_time:384051ms step_avg:183.67ms
step:2092/4740 train_time:384371ms step_avg:183.73ms
step:2093/4740 train_time:384551ms step_avg:183.73ms
step:2094/4740 train_time:384872ms step_avg:183.80ms
step:2095/4740 train_time:385055ms step_avg:183.80ms
step:2096/4740 train_time:385374ms step_avg:183.86ms
step:2097/4740 train_time:385554ms step_avg:183.86ms
step:2098/4740 train_time:385878ms step_avg:183.93ms
step:2099/4740 train_time:386061ms step_avg:183.93ms
step:2100/4740 train_time:386380ms step_avg:183.99ms
step:2101/4740 train_time:386562ms step_avg:183.99ms
step:2102/4740 train_time:386885ms step_avg:184.06ms
step:2103/4740 train_time:387067ms step_avg:184.05ms
step:2104/4740 train_time:387391ms step_avg:184.12ms
step:2105/4740 train_time:387572ms step_avg:184.12ms
step:2106/4740 train_time:387890ms step_avg:184.18ms
step:2107/4740 train_time:388076ms step_avg:184.18ms
step:2108/4740 train_time:388396ms step_avg:184.25ms
step:2109/4740 train_time:388575ms step_avg:184.25ms
step:2110/4740 train_time:388898ms step_avg:184.31ms
step:2111/4740 train_time:389080ms step_avg:184.31ms
step:2112/4740 train_time:389401ms step_avg:184.38ms
step:2113/4740 train_time:389583ms step_avg:184.37ms
step:2114/4740 train_time:389901ms step_avg:184.44ms
step:2115/4740 train_time:390086ms step_avg:184.44ms
step:2116/4740 train_time:390404ms step_avg:184.50ms
step:2117/4740 train_time:390587ms step_avg:184.50ms
step:2118/4740 train_time:390909ms step_avg:184.57ms
step:2119/4740 train_time:391090ms step_avg:184.56ms
step:2120/4740 train_time:391409ms step_avg:184.63ms
step:2121/4740 train_time:391592ms step_avg:184.63ms
step:2122/4740 train_time:391917ms step_avg:184.69ms
step:2123/4740 train_time:392099ms step_avg:184.69ms
step:2124/4740 train_time:392420ms step_avg:184.76ms
step:2125/4740 train_time:392598ms step_avg:184.75ms
step:2126/4740 train_time:392920ms step_avg:184.82ms
step:2127/4740 train_time:393102ms step_avg:184.82ms
step:2128/4740 train_time:393424ms step_avg:184.88ms
step:2129/4740 train_time:393603ms step_avg:184.88ms
step:2130/4740 train_time:393925ms step_avg:184.94ms
step:2131/4740 train_time:394107ms step_avg:184.94ms
step:2132/4740 train_time:394428ms step_avg:185.00ms
step:2133/4740 train_time:394608ms step_avg:185.00ms
step:2134/4740 train_time:394922ms step_avg:185.06ms
step:2135/4740 train_time:395107ms step_avg:185.06ms
step:2136/4740 train_time:395429ms step_avg:185.13ms
step:2137/4740 train_time:395608ms step_avg:185.12ms
step:2138/4740 train_time:395926ms step_avg:185.19ms
step:2139/4740 train_time:396114ms step_avg:185.19ms
step:2140/4740 train_time:396436ms step_avg:185.25ms
step:2141/4740 train_time:396615ms step_avg:185.25ms
step:2142/4740 train_time:396936ms step_avg:185.31ms
step:2143/4740 train_time:397118ms step_avg:185.31ms
step:2144/4740 train_time:397440ms step_avg:185.37ms
step:2145/4740 train_time:397619ms step_avg:185.37ms
step:2146/4740 train_time:397939ms step_avg:185.43ms
step:2147/4740 train_time:398121ms step_avg:185.43ms
step:2148/4740 train_time:398439ms step_avg:185.49ms
step:2149/4740 train_time:398618ms step_avg:185.49ms
step:2150/4740 train_time:398941ms step_avg:185.55ms
step:2151/4740 train_time:399121ms step_avg:185.55ms
step:2152/4740 train_time:399440ms step_avg:185.61ms
step:2153/4740 train_time:399622ms step_avg:185.61ms
step:2154/4740 train_time:399949ms step_avg:185.68ms
step:2155/4740 train_time:400128ms step_avg:185.67ms
step:2156/4740 train_time:400450ms step_avg:185.74ms
step:2157/4740 train_time:400628ms step_avg:185.73ms
step:2158/4740 train_time:400948ms step_avg:185.80ms
step:2159/4740 train_time:401128ms step_avg:185.79ms
step:2160/4740 train_time:401449ms step_avg:185.86ms
step:2161/4740 train_time:401633ms step_avg:185.86ms
step:2162/4740 train_time:401954ms step_avg:185.92ms
step:2163/4740 train_time:402138ms step_avg:185.92ms
step:2164/4740 train_time:402457ms step_avg:185.98ms
step:2165/4740 train_time:402639ms step_avg:185.98ms
step:2166/4740 train_time:402961ms step_avg:186.04ms
step:2167/4740 train_time:403143ms step_avg:186.04ms
step:2168/4740 train_time:403465ms step_avg:186.10ms
step:2169/4740 train_time:403646ms step_avg:186.10ms
step:2170/4740 train_time:403966ms step_avg:186.16ms
step:2171/4740 train_time:404148ms step_avg:186.16ms
step:2172/4740 train_time:404471ms step_avg:186.22ms
step:2173/4740 train_time:404651ms step_avg:186.22ms
step:2174/4740 train_time:404972ms step_avg:186.28ms
step:2175/4740 train_time:405159ms step_avg:186.28ms
step:2176/4740 train_time:405480ms step_avg:186.34ms
step:2177/4740 train_time:405665ms step_avg:186.34ms
step:2178/4740 train_time:405989ms step_avg:186.40ms
step:2179/4740 train_time:406167ms step_avg:186.40ms
step:2180/4740 train_time:406488ms step_avg:186.46ms
step:2181/4740 train_time:406669ms step_avg:186.46ms
step:2182/4740 train_time:406991ms step_avg:186.52ms
step:2183/4740 train_time:407169ms step_avg:186.52ms
step:2184/4740 train_time:407494ms step_avg:186.58ms
step:2185/4740 train_time:407672ms step_avg:186.58ms
step:2186/4740 train_time:407994ms step_avg:186.64ms
step:2187/4740 train_time:408173ms step_avg:186.64ms
step:2188/4740 train_time:408496ms step_avg:186.70ms
step:2189/4740 train_time:408675ms step_avg:186.69ms
step:2190/4740 train_time:408993ms step_avg:186.75ms
step:2191/4740 train_time:409177ms step_avg:186.75ms
step:2192/4740 train_time:409495ms step_avg:186.81ms
step:2193/4740 train_time:409679ms step_avg:186.81ms
step:2194/4740 train_time:410000ms step_avg:186.87ms
step:2195/4740 train_time:410180ms step_avg:186.87ms
step:2196/4740 train_time:410502ms step_avg:186.93ms
step:2197/4740 train_time:410687ms step_avg:186.93ms
step:2198/4740 train_time:411008ms step_avg:186.99ms
step:2199/4740 train_time:411187ms step_avg:186.99ms
step:2200/4740 train_time:411508ms step_avg:187.05ms
step:2201/4740 train_time:411691ms step_avg:187.05ms
step:2202/4740 train_time:412010ms step_avg:187.11ms
step:2203/4740 train_time:412193ms step_avg:187.11ms
step:2204/4740 train_time:412516ms step_avg:187.17ms
step:2205/4740 train_time:412698ms step_avg:187.16ms
step:2206/4740 train_time:413019ms step_avg:187.23ms
step:2207/4740 train_time:413197ms step_avg:187.22ms
step:2208/4740 train_time:413519ms step_avg:187.28ms
step:2209/4740 train_time:413697ms step_avg:187.28ms
step:2210/4740 train_time:414018ms step_avg:187.34ms
step:2211/4740 train_time:414198ms step_avg:187.34ms
step:2212/4740 train_time:414522ms step_avg:187.40ms
step:2213/4740 train_time:414702ms step_avg:187.39ms
step:2214/4740 train_time:415024ms step_avg:187.45ms
step:2215/4740 train_time:415204ms step_avg:187.45ms
step:2216/4740 train_time:415523ms step_avg:187.51ms
step:2217/4740 train_time:415709ms step_avg:187.51ms
step:2218/4740 train_time:416031ms step_avg:187.57ms
step:2219/4740 train_time:416211ms step_avg:187.57ms
step:2220/4740 train_time:416535ms step_avg:187.63ms
step:2221/4740 train_time:416720ms step_avg:187.63ms
step:2222/4740 train_time:417041ms step_avg:187.69ms
step:2223/4740 train_time:417222ms step_avg:187.68ms
step:2224/4740 train_time:417541ms step_avg:187.74ms
step:2225/4740 train_time:417724ms step_avg:187.74ms
step:2226/4740 train_time:418044ms step_avg:187.80ms
step:2227/4740 train_time:418228ms step_avg:187.80ms
step:2228/4740 train_time:418551ms step_avg:187.86ms
step:2229/4740 train_time:418730ms step_avg:187.86ms
step:2230/4740 train_time:419052ms step_avg:187.92ms
step:2231/4740 train_time:419231ms step_avg:187.91ms
step:2232/4740 train_time:419554ms step_avg:187.97ms
step:2233/4740 train_time:419732ms step_avg:187.97ms
step:2234/4740 train_time:420053ms step_avg:188.03ms
step:2235/4740 train_time:420235ms step_avg:188.02ms
step:2236/4740 train_time:420553ms step_avg:188.08ms
step:2237/4740 train_time:420734ms step_avg:188.08ms
step:2238/4740 train_time:421058ms step_avg:188.14ms
step:2239/4740 train_time:421240ms step_avg:188.14ms
step:2240/4740 train_time:421560ms step_avg:188.20ms
step:2241/4740 train_time:421742ms step_avg:188.19ms
step:2242/4740 train_time:422064ms step_avg:188.25ms
step:2243/4740 train_time:422243ms step_avg:188.25ms
step:2244/4740 train_time:422564ms step_avg:188.31ms
step:2245/4740 train_time:422750ms step_avg:188.31ms
step:2246/4740 train_time:423070ms step_avg:188.37ms
step:2247/4740 train_time:423249ms step_avg:188.36ms
step:2248/4740 train_time:423570ms step_avg:188.42ms
step:2249/4740 train_time:423752ms step_avg:188.42ms
step:2250/4740 train_time:424071ms step_avg:188.48ms
step:2250/4740 val_loss:3.2061 train_time:424203ms step_avg:188.53ms
step:2251/4740 train_time:424258ms step_avg:188.48ms
step:2252/4740 train_time:424586ms step_avg:188.54ms
step:2253/4740 train_time:424767ms step_avg:188.53ms
step:2254/4740 train_time:425090ms step_avg:188.59ms
step:2255/4740 train_time:425267ms step_avg:188.59ms
step:2256/4740 train_time:425593ms step_avg:188.65ms
step:2257/4740 train_time:425775ms step_avg:188.65ms
step:2258/4740 train_time:426095ms step_avg:188.70ms
step:2259/4740 train_time:426273ms step_avg:188.70ms
step:2260/4740 train_time:426598ms step_avg:188.76ms
step:2261/4740 train_time:426782ms step_avg:188.76ms
step:2262/4740 train_time:427103ms step_avg:188.82ms
step:2263/4740 train_time:427282ms step_avg:188.81ms
step:2264/4740 train_time:427602ms step_avg:188.87ms
step:2265/4740 train_time:427785ms step_avg:188.87ms
step:2266/4740 train_time:428105ms step_avg:188.93ms
step:2267/4740 train_time:428286ms step_avg:188.92ms
step:2268/4740 train_time:428607ms step_avg:188.98ms
step:2269/4740 train_time:428796ms step_avg:188.98ms
step:2270/4740 train_time:429117ms step_avg:189.04ms
step:2271/4740 train_time:429297ms step_avg:189.03ms
step:2272/4740 train_time:429622ms step_avg:189.09ms
step:2273/4740 train_time:429805ms step_avg:189.09ms
step:2274/4740 train_time:430124ms step_avg:189.15ms
step:2275/4740 train_time:430305ms step_avg:189.15ms
step:2276/4740 train_time:430626ms step_avg:189.20ms
step:2277/4740 train_time:430810ms step_avg:189.20ms
step:2278/4740 train_time:431131ms step_avg:189.26ms
step:2279/4740 train_time:431310ms step_avg:189.25ms
step:2280/4740 train_time:431630ms step_avg:189.31ms
step:2281/4740 train_time:431816ms step_avg:189.31ms
step:2282/4740 train_time:432133ms step_avg:189.37ms
step:2283/4740 train_time:432316ms step_avg:189.36ms
step:2284/4740 train_time:432637ms step_avg:189.42ms
step:2285/4740 train_time:432817ms step_avg:189.42ms
step:2286/4740 train_time:433136ms step_avg:189.47ms
step:2287/4740 train_time:433321ms step_avg:189.47ms
step:2288/4740 train_time:433640ms step_avg:189.53ms
step:2289/4740 train_time:433820ms step_avg:189.52ms
step:2290/4740 train_time:434140ms step_avg:189.58ms
step:2291/4740 train_time:434323ms step_avg:189.58ms
step:2292/4740 train_time:434645ms step_avg:189.64ms
step:2293/4740 train_time:434825ms step_avg:189.63ms
step:2294/4740 train_time:435151ms step_avg:189.69ms
step:2295/4740 train_time:435328ms step_avg:189.69ms
step:2296/4740 train_time:435649ms step_avg:189.74ms
step:2297/4740 train_time:435830ms step_avg:189.74ms
step:2298/4740 train_time:436152ms step_avg:189.80ms
step:2299/4740 train_time:436332ms step_avg:189.79ms
step:2300/4740 train_time:436652ms step_avg:189.85ms
step:2301/4740 train_time:436834ms step_avg:189.85ms
step:2302/4740 train_time:437156ms step_avg:189.90ms
step:2303/4740 train_time:437337ms step_avg:189.90ms
step:2304/4740 train_time:437660ms step_avg:189.96ms
step:2305/4740 train_time:437840ms step_avg:189.95ms
step:2306/4740 train_time:438163ms step_avg:190.01ms
step:2307/4740 train_time:438342ms step_avg:190.01ms
step:2308/4740 train_time:438665ms step_avg:190.06ms
step:2309/4740 train_time:438847ms step_avg:190.06ms
step:2310/4740 train_time:439169ms step_avg:190.12ms
step:2311/4740 train_time:439349ms step_avg:190.11ms
step:2312/4740 train_time:439671ms step_avg:190.17ms
step:2313/4740 train_time:439853ms step_avg:190.17ms
step:2314/4740 train_time:440173ms step_avg:190.22ms
step:2315/4740 train_time:440355ms step_avg:190.22ms
step:2316/4740 train_time:440675ms step_avg:190.27ms
step:2317/4740 train_time:440859ms step_avg:190.27ms
step:2318/4740 train_time:441178ms step_avg:190.33ms
step:2319/4740 train_time:441361ms step_avg:190.32ms
step:2320/4740 train_time:441683ms step_avg:190.38ms
step:2321/4740 train_time:441866ms step_avg:190.38ms
step:2322/4740 train_time:442185ms step_avg:190.43ms
step:2323/4740 train_time:442368ms step_avg:190.43ms
step:2324/4740 train_time:442690ms step_avg:190.49ms
step:2325/4740 train_time:442874ms step_avg:190.48ms
step:2326/4740 train_time:443196ms step_avg:190.54ms
step:2327/4740 train_time:443379ms step_avg:190.54ms
step:2328/4740 train_time:443699ms step_avg:190.59ms
step:2329/4740 train_time:443883ms step_avg:190.59ms
step:2330/4740 train_time:444200ms step_avg:190.64ms
step:2331/4740 train_time:444380ms step_avg:190.64ms
step:2332/4740 train_time:444698ms step_avg:190.69ms
step:2333/4740 train_time:444882ms step_avg:190.69ms
step:2334/4740 train_time:445201ms step_avg:190.75ms
step:2335/4740 train_time:445383ms step_avg:190.74ms
step:2336/4740 train_time:445702ms step_avg:190.80ms
step:2337/4740 train_time:445885ms step_avg:190.79ms
step:2338/4740 train_time:446207ms step_avg:190.85ms
step:2339/4740 train_time:446390ms step_avg:190.85ms
step:2340/4740 train_time:446711ms step_avg:190.90ms
step:2341/4740 train_time:446895ms step_avg:190.90ms
step:2342/4740 train_time:447213ms step_avg:190.95ms
step:2343/4740 train_time:447395ms step_avg:190.95ms
step:2344/4740 train_time:447716ms step_avg:191.01ms
step:2345/4740 train_time:447897ms step_avg:191.00ms
step:2346/4740 train_time:448220ms step_avg:191.06ms
step:2347/4740 train_time:448397ms step_avg:191.05ms
step:2348/4740 train_time:448716ms step_avg:191.11ms
step:2349/4740 train_time:448898ms step_avg:191.10ms
step:2350/4740 train_time:449218ms step_avg:191.16ms
step:2351/4740 train_time:449399ms step_avg:191.15ms
step:2352/4740 train_time:449720ms step_avg:191.21ms
step:2353/4740 train_time:449903ms step_avg:191.20ms
step:2354/4740 train_time:450226ms step_avg:191.26ms
step:2355/4740 train_time:450405ms step_avg:191.25ms
step:2356/4740 train_time:450729ms step_avg:191.31ms
step:2357/4740 train_time:450911ms step_avg:191.31ms
step:2358/4740 train_time:451233ms step_avg:191.36ms
step:2359/4740 train_time:451421ms step_avg:191.36ms
step:2360/4740 train_time:451742ms step_avg:191.42ms
step:2361/4740 train_time:451928ms step_avg:191.41ms
step:2362/4740 train_time:452245ms step_avg:191.47ms
step:2363/4740 train_time:452429ms step_avg:191.46ms
step:2364/4740 train_time:452751ms step_avg:191.52ms
step:2365/4740 train_time:452930ms step_avg:191.51ms
step:2366/4740 train_time:453258ms step_avg:191.57ms
step:2367/4740 train_time:453440ms step_avg:191.57ms
step:2368/4740 train_time:453763ms step_avg:191.62ms
step:2369/4740 train_time:453942ms step_avg:191.62ms
step:2370/4740 train_time:454269ms step_avg:191.67ms
step:2371/4740 train_time:454452ms step_avg:191.67ms
step:2372/4740 train_time:454774ms step_avg:191.73ms
step:2373/4740 train_time:454955ms step_avg:191.72ms
step:2374/4740 train_time:455277ms step_avg:191.78ms
step:2375/4740 train_time:455461ms step_avg:191.77ms
step:2376/4740 train_time:455782ms step_avg:191.83ms
step:2377/4740 train_time:455965ms step_avg:191.82ms
step:2378/4740 train_time:456288ms step_avg:191.88ms
step:2379/4740 train_time:456471ms step_avg:191.88ms
step:2380/4740 train_time:456793ms step_avg:191.93ms
step:2381/4740 train_time:456977ms step_avg:191.93ms
step:2382/4740 train_time:457295ms step_avg:191.98ms
step:2383/4740 train_time:457481ms step_avg:191.98ms
step:2384/4740 train_time:457802ms step_avg:192.03ms
step:2385/4740 train_time:457984ms step_avg:192.03ms
step:2386/4740 train_time:458305ms step_avg:192.08ms
step:2387/4740 train_time:458490ms step_avg:192.08ms
step:2388/4740 train_time:458807ms step_avg:192.13ms
step:2389/4740 train_time:458992ms step_avg:192.13ms
step:2390/4740 train_time:459311ms step_avg:192.18ms
step:2391/4740 train_time:459497ms step_avg:192.18ms
step:2392/4740 train_time:459817ms step_avg:192.23ms
step:2393/4740 train_time:459997ms step_avg:192.23ms
step:2394/4740 train_time:460318ms step_avg:192.28ms
step:2395/4740 train_time:460497ms step_avg:192.27ms
step:2396/4740 train_time:460820ms step_avg:192.33ms
step:2397/4740 train_time:461000ms step_avg:192.32ms
step:2398/4740 train_time:461322ms step_avg:192.38ms
step:2399/4740 train_time:461505ms step_avg:192.37ms
step:2400/4740 train_time:461826ms step_avg:192.43ms
step:2401/4740 train_time:462006ms step_avg:192.42ms
step:2402/4740 train_time:462327ms step_avg:192.48ms
step:2403/4740 train_time:462512ms step_avg:192.47ms
step:2404/4740 train_time:462836ms step_avg:192.53ms
step:2405/4740 train_time:463020ms step_avg:192.52ms
step:2406/4740 train_time:463342ms step_avg:192.58ms
step:2407/4740 train_time:463524ms step_avg:192.57ms
step:2408/4740 train_time:463844ms step_avg:192.63ms
step:2409/4740 train_time:464028ms step_avg:192.62ms
step:2410/4740 train_time:464349ms step_avg:192.68ms
step:2411/4740 train_time:464532ms step_avg:192.67ms
step:2412/4740 train_time:464852ms step_avg:192.72ms
step:2413/4740 train_time:465035ms step_avg:192.72ms
step:2414/4740 train_time:465355ms step_avg:192.77ms
step:2415/4740 train_time:465538ms step_avg:192.77ms
step:2416/4740 train_time:465862ms step_avg:192.82ms
step:2417/4740 train_time:466043ms step_avg:192.82ms
step:2418/4740 train_time:466365ms step_avg:192.87ms
step:2419/4740 train_time:466547ms step_avg:192.87ms
step:2420/4740 train_time:466872ms step_avg:192.92ms
step:2421/4740 train_time:467056ms step_avg:192.92ms
step:2422/4740 train_time:467376ms step_avg:192.97ms
step:2423/4740 train_time:467563ms step_avg:192.97ms
step:2424/4740 train_time:467886ms step_avg:193.02ms
step:2425/4740 train_time:468073ms step_avg:193.02ms
step:2426/4740 train_time:468397ms step_avg:193.07ms
step:2427/4740 train_time:468578ms step_avg:193.07ms
step:2428/4740 train_time:468901ms step_avg:193.12ms
step:2429/4740 train_time:469082ms step_avg:193.12ms
step:2430/4740 train_time:469401ms step_avg:193.17ms
step:2431/4740 train_time:469587ms step_avg:193.17ms
step:2432/4740 train_time:469907ms step_avg:193.22ms
step:2433/4740 train_time:470092ms step_avg:193.21ms
step:2434/4740 train_time:470412ms step_avg:193.27ms
step:2435/4740 train_time:470595ms step_avg:193.26ms
step:2436/4740 train_time:470918ms step_avg:193.32ms
step:2437/4740 train_time:471101ms step_avg:193.31ms
step:2438/4740 train_time:471421ms step_avg:193.36ms
step:2439/4740 train_time:471603ms step_avg:193.36ms
step:2440/4740 train_time:471925ms step_avg:193.41ms
step:2441/4740 train_time:472105ms step_avg:193.41ms
step:2442/4740 train_time:472423ms step_avg:193.46ms
step:2443/4740 train_time:472607ms step_avg:193.45ms
step:2444/4740 train_time:472932ms step_avg:193.51ms
step:2445/4740 train_time:473115ms step_avg:193.50ms
step:2446/4740 train_time:473435ms step_avg:193.55ms
step:2447/4740 train_time:473616ms step_avg:193.55ms
step:2448/4740 train_time:473936ms step_avg:193.60ms
step:2449/4740 train_time:474121ms step_avg:193.60ms
step:2450/4740 train_time:474442ms step_avg:193.65ms
step:2451/4740 train_time:474624ms step_avg:193.65ms
step:2452/4740 train_time:474949ms step_avg:193.70ms
step:2453/4740 train_time:475134ms step_avg:193.70ms
step:2454/4740 train_time:475459ms step_avg:193.75ms
step:2455/4740 train_time:475639ms step_avg:193.74ms
step:2456/4740 train_time:475960ms step_avg:193.79ms
step:2457/4740 train_time:476141ms step_avg:193.79ms
step:2458/4740 train_time:476462ms step_avg:193.84ms
step:2459/4740 train_time:476642ms step_avg:193.84ms
step:2460/4740 train_time:476965ms step_avg:193.89ms
step:2461/4740 train_time:477148ms step_avg:193.88ms
step:2462/4740 train_time:477468ms step_avg:193.93ms
step:2463/4740 train_time:477650ms step_avg:193.93ms
step:2464/4740 train_time:477975ms step_avg:193.98ms
step:2465/4740 train_time:478155ms step_avg:193.98ms
step:2466/4740 train_time:478476ms step_avg:194.03ms
step:2467/4740 train_time:478658ms step_avg:194.02ms
step:2468/4740 train_time:478980ms step_avg:194.08ms
step:2469/4740 train_time:479167ms step_avg:194.07ms
step:2470/4740 train_time:479484ms step_avg:194.12ms
step:2471/4740 train_time:479668ms step_avg:194.12ms
step:2472/4740 train_time:479986ms step_avg:194.17ms
step:2473/4740 train_time:480171ms step_avg:194.17ms
step:2474/4740 train_time:480490ms step_avg:194.22ms
step:2475/4740 train_time:480674ms step_avg:194.21ms
step:2476/4740 train_time:480997ms step_avg:194.26ms
step:2477/4740 train_time:481177ms step_avg:194.26ms
step:2478/4740 train_time:481495ms step_avg:194.31ms
step:2479/4740 train_time:481678ms step_avg:194.30ms
step:2480/4740 train_time:482001ms step_avg:194.36ms
step:2481/4740 train_time:482183ms step_avg:194.35ms
step:2482/4740 train_time:482504ms step_avg:194.40ms
step:2483/4740 train_time:482686ms step_avg:194.40ms
step:2484/4740 train_time:483009ms step_avg:194.45ms
step:2485/4740 train_time:483191ms step_avg:194.44ms
step:2486/4740 train_time:483513ms step_avg:194.49ms
step:2487/4740 train_time:483695ms step_avg:194.49ms
step:2488/4740 train_time:484017ms step_avg:194.54ms
step:2489/4740 train_time:484198ms step_avg:194.54ms
step:2490/4740 train_time:484519ms step_avg:194.59ms
step:2491/4740 train_time:484701ms step_avg:194.58ms
step:2492/4740 train_time:485024ms step_avg:194.63ms
step:2493/4740 train_time:485206ms step_avg:194.63ms
step:2494/4740 train_time:485523ms step_avg:194.68ms
step:2495/4740 train_time:485707ms step_avg:194.67ms
step:2496/4740 train_time:486029ms step_avg:194.72ms
step:2497/4740 train_time:486212ms step_avg:194.72ms
step:2498/4740 train_time:486532ms step_avg:194.77ms
step:2499/4740 train_time:486720ms step_avg:194.77ms
step:2500/4740 train_time:487038ms step_avg:194.82ms
step:2500/4740 val_loss:3.1741 train_time:487167ms step_avg:194.87ms
step:2501/4740 train_time:487223ms step_avg:194.81ms
step:2502/4740 train_time:487552ms step_avg:194.86ms
step:2503/4740 train_time:487740ms step_avg:194.86ms
step:2504/4740 train_time:488060ms step_avg:194.91ms
step:2505/4740 train_time:488240ms step_avg:194.91ms
step:2506/4740 train_time:488561ms step_avg:194.96ms
step:2507/4740 train_time:488750ms step_avg:194.95ms
step:2508/4740 train_time:489074ms step_avg:195.01ms
step:2509/4740 train_time:489251ms step_avg:195.00ms
step:2510/4740 train_time:489574ms step_avg:195.05ms
step:2511/4740 train_time:489756ms step_avg:195.04ms
step:2512/4740 train_time:490078ms step_avg:195.09ms
step:2513/4740 train_time:490257ms step_avg:195.09ms
step:2514/4740 train_time:490576ms step_avg:195.14ms
step:2515/4740 train_time:490762ms step_avg:195.13ms
step:2516/4740 train_time:491080ms step_avg:195.18ms
step:2517/4740 train_time:491261ms step_avg:195.18ms
step:2518/4740 train_time:491587ms step_avg:195.23ms
step:2519/4740 train_time:491767ms step_avg:195.22ms
step:2520/4740 train_time:492086ms step_avg:195.27ms
step:2521/4740 train_time:492266ms step_avg:195.27ms
step:2522/4740 train_time:492591ms step_avg:195.32ms
step:2523/4740 train_time:492771ms step_avg:195.31ms
step:2524/4740 train_time:493090ms step_avg:195.36ms
step:2525/4740 train_time:493278ms step_avg:195.36ms
step:2526/4740 train_time:493598ms step_avg:195.41ms
step:2527/4740 train_time:493784ms step_avg:195.40ms
step:2528/4740 train_time:494103ms step_avg:195.45ms
step:2529/4740 train_time:494286ms step_avg:195.45ms
step:2530/4740 train_time:494609ms step_avg:195.50ms
step:2531/4740 train_time:494791ms step_avg:195.49ms
step:2532/4740 train_time:495115ms step_avg:195.54ms
step:2533/4740 train_time:495296ms step_avg:195.54ms
step:2534/4740 train_time:495619ms step_avg:195.59ms
step:2535/4740 train_time:495802ms step_avg:195.58ms
step:2536/4740 train_time:496128ms step_avg:195.63ms
step:2537/4740 train_time:496309ms step_avg:195.63ms
step:2538/4740 train_time:496629ms step_avg:195.68ms
step:2539/4740 train_time:496811ms step_avg:195.67ms
step:2540/4740 train_time:497134ms step_avg:195.72ms
step:2541/4740 train_time:497317ms step_avg:195.72ms
step:2542/4740 train_time:497636ms step_avg:195.77ms
step:2543/4740 train_time:497821ms step_avg:195.76ms
step:2544/4740 train_time:498141ms step_avg:195.81ms
step:2545/4740 train_time:498323ms step_avg:195.80ms
step:2546/4740 train_time:498645ms step_avg:195.85ms
step:2547/4740 train_time:498829ms step_avg:195.85ms
step:2548/4740 train_time:499154ms step_avg:195.90ms
step:2549/4740 train_time:499332ms step_avg:195.89ms
step:2550/4740 train_time:499654ms step_avg:195.94ms
step:2551/4740 train_time:499837ms step_avg:195.94ms
step:2552/4740 train_time:500161ms step_avg:195.99ms
step:2553/4740 train_time:500344ms step_avg:195.98ms
step:2554/4740 train_time:500662ms step_avg:196.03ms
step:2555/4740 train_time:500848ms step_avg:196.03ms
step:2556/4740 train_time:501167ms step_avg:196.07ms
step:2557/4740 train_time:501348ms step_avg:196.07ms
step:2558/4740 train_time:501673ms step_avg:196.12ms
step:2559/4740 train_time:501858ms step_avg:196.11ms
step:2560/4740 train_time:502177ms step_avg:196.16ms
step:2561/4740 train_time:502362ms step_avg:196.16ms
step:2562/4740 train_time:502684ms step_avg:196.21ms
step:2563/4740 train_time:502871ms step_avg:196.20ms
step:2564/4740 train_time:503188ms step_avg:196.25ms
step:2565/4740 train_time:503375ms step_avg:196.25ms
step:2566/4740 train_time:503694ms step_avg:196.30ms
step:2567/4740 train_time:503879ms step_avg:196.29ms
step:2568/4740 train_time:504201ms step_avg:196.34ms
step:2569/4740 train_time:504385ms step_avg:196.34ms
step:2570/4740 train_time:504706ms step_avg:196.38ms
step:2571/4740 train_time:504891ms step_avg:196.38ms
step:2572/4740 train_time:505213ms step_avg:196.43ms
step:2573/4740 train_time:505397ms step_avg:196.42ms
step:2574/4740 train_time:505717ms step_avg:196.47ms
step:2575/4740 train_time:505900ms step_avg:196.47ms
step:2576/4740 train_time:506222ms step_avg:196.51ms
step:2577/4740 train_time:506404ms step_avg:196.51ms
step:2578/4740 train_time:506723ms step_avg:196.56ms
step:2579/4740 train_time:506909ms step_avg:196.55ms
step:2580/4740 train_time:507230ms step_avg:196.60ms
step:2581/4740 train_time:507411ms step_avg:196.59ms
step:2582/4740 train_time:507726ms step_avg:196.64ms
step:2583/4740 train_time:507910ms step_avg:196.64ms
step:2584/4740 train_time:508229ms step_avg:196.68ms
step:2585/4740 train_time:508412ms step_avg:196.68ms
step:2586/4740 train_time:508735ms step_avg:196.73ms
step:2587/4740 train_time:508918ms step_avg:196.72ms
step:2588/4740 train_time:509241ms step_avg:196.77ms
step:2589/4740 train_time:509420ms step_avg:196.76ms
step:2590/4740 train_time:509742ms step_avg:196.81ms
step:2591/4740 train_time:509924ms step_avg:196.81ms
step:2592/4740 train_time:510243ms step_avg:196.85ms
step:2593/4740 train_time:510425ms step_avg:196.85ms
step:2594/4740 train_time:510744ms step_avg:196.89ms
step:2595/4740 train_time:510932ms step_avg:196.89ms
step:2596/4740 train_time:511252ms step_avg:196.94ms
step:2597/4740 train_time:511434ms step_avg:196.93ms
step:2598/4740 train_time:511754ms step_avg:196.98ms
step:2599/4740 train_time:511939ms step_avg:196.98ms
step:2600/4740 train_time:512264ms step_avg:197.02ms
step:2601/4740 train_time:512446ms step_avg:197.02ms
step:2602/4740 train_time:512762ms step_avg:197.06ms
step:2603/4740 train_time:512948ms step_avg:197.06ms
step:2604/4740 train_time:513267ms step_avg:197.11ms
step:2605/4740 train_time:513452ms step_avg:197.10ms
step:2606/4740 train_time:513771ms step_avg:197.15ms
step:2607/4740 train_time:513955ms step_avg:197.14ms
step:2608/4740 train_time:514280ms step_avg:197.19ms
step:2609/4740 train_time:514463ms step_avg:197.19ms
step:2610/4740 train_time:514783ms step_avg:197.23ms
step:2611/4740 train_time:514970ms step_avg:197.23ms
step:2612/4740 train_time:515289ms step_avg:197.28ms
step:2613/4740 train_time:515470ms step_avg:197.27ms
step:2614/4740 train_time:515790ms step_avg:197.32ms
step:2615/4740 train_time:515972ms step_avg:197.31ms
step:2616/4740 train_time:516295ms step_avg:197.36ms
step:2617/4740 train_time:516478ms step_avg:197.35ms
step:2618/4740 train_time:516798ms step_avg:197.40ms
step:2619/4740 train_time:516981ms step_avg:197.40ms
step:2620/4740 train_time:517302ms step_avg:197.44ms
step:2621/4740 train_time:517485ms step_avg:197.44ms
step:2622/4740 train_time:517804ms step_avg:197.48ms
step:2623/4740 train_time:517988ms step_avg:197.48ms
step:2624/4740 train_time:518310ms step_avg:197.53ms
step:2625/4740 train_time:518494ms step_avg:197.52ms
step:2626/4740 train_time:518811ms step_avg:197.57ms
step:2627/4740 train_time:518995ms step_avg:197.56ms
step:2628/4740 train_time:519318ms step_avg:197.61ms
step:2629/4740 train_time:519500ms step_avg:197.60ms
step:2630/4740 train_time:519823ms step_avg:197.65ms
step:2631/4740 train_time:520007ms step_avg:197.65ms
step:2632/4740 train_time:520323ms step_avg:197.69ms
step:2633/4740 train_time:520508ms step_avg:197.69ms
step:2634/4740 train_time:520827ms step_avg:197.73ms
step:2635/4740 train_time:521011ms step_avg:197.73ms
step:2636/4740 train_time:521335ms step_avg:197.77ms
step:2637/4740 train_time:521516ms step_avg:197.77ms
step:2638/4740 train_time:521837ms step_avg:197.82ms
step:2639/4740 train_time:522020ms step_avg:197.81ms
step:2640/4740 train_time:522337ms step_avg:197.86ms
step:2641/4740 train_time:522520ms step_avg:197.85ms
step:2642/4740 train_time:522843ms step_avg:197.90ms
step:2643/4740 train_time:523026ms step_avg:197.89ms
step:2644/4740 train_time:523347ms step_avg:197.94ms
step:2645/4740 train_time:523526ms step_avg:197.93ms
step:2646/4740 train_time:523849ms step_avg:197.98ms
step:2647/4740 train_time:524033ms step_avg:197.97ms
step:2648/4740 train_time:524356ms step_avg:198.02ms
step:2649/4740 train_time:524539ms step_avg:198.01ms
step:2650/4740 train_time:524861ms step_avg:198.06ms
step:2651/4740 train_time:525045ms step_avg:198.06ms
step:2652/4740 train_time:525364ms step_avg:198.10ms
step:2653/4740 train_time:525545ms step_avg:198.09ms
step:2654/4740 train_time:525867ms step_avg:198.14ms
step:2655/4740 train_time:526052ms step_avg:198.14ms
step:2656/4740 train_time:526373ms step_avg:198.18ms
step:2657/4740 train_time:526556ms step_avg:198.18ms
step:2658/4740 train_time:526879ms step_avg:198.22ms
step:2659/4740 train_time:527062ms step_avg:198.22ms
step:2660/4740 train_time:527386ms step_avg:198.27ms
step:2661/4740 train_time:527565ms step_avg:198.26ms
step:2662/4740 train_time:527886ms step_avg:198.30ms
step:2663/4740 train_time:528069ms step_avg:198.30ms
step:2664/4740 train_time:528392ms step_avg:198.35ms
step:2665/4740 train_time:528574ms step_avg:198.34ms
step:2666/4740 train_time:528901ms step_avg:198.39ms
step:2667/4740 train_time:529082ms step_avg:198.38ms
step:2668/4740 train_time:529402ms step_avg:198.43ms
step:2669/4740 train_time:529584ms step_avg:198.42ms
step:2670/4740 train_time:529904ms step_avg:198.47ms
step:2671/4740 train_time:530087ms step_avg:198.46ms
step:2672/4740 train_time:530408ms step_avg:198.51ms
step:2673/4740 train_time:530589ms step_avg:198.50ms
step:2674/4740 train_time:530911ms step_avg:198.55ms
step:2675/4740 train_time:531096ms step_avg:198.54ms
step:2676/4740 train_time:531416ms step_avg:198.59ms
step:2677/4740 train_time:531603ms step_avg:198.58ms
step:2678/4740 train_time:531925ms step_avg:198.63ms
step:2679/4740 train_time:532111ms step_avg:198.62ms
step:2680/4740 train_time:532430ms step_avg:198.67ms
step:2681/4740 train_time:532614ms step_avg:198.66ms
step:2682/4740 train_time:532932ms step_avg:198.71ms
step:2683/4740 train_time:533117ms step_avg:198.70ms
step:2684/4740 train_time:533441ms step_avg:198.75ms
step:2685/4740 train_time:533623ms step_avg:198.74ms
step:2686/4740 train_time:533947ms step_avg:198.79ms
step:2687/4740 train_time:534127ms step_avg:198.78ms
step:2688/4740 train_time:534452ms step_avg:198.83ms
step:2689/4740 train_time:534630ms step_avg:198.82ms
step:2690/4740 train_time:534952ms step_avg:198.87ms
step:2691/4740 train_time:535132ms step_avg:198.86ms
step:2692/4740 train_time:535456ms step_avg:198.91ms
step:2693/4740 train_time:535636ms step_avg:198.90ms
step:2694/4740 train_time:535960ms step_avg:198.95ms
step:2695/4740 train_time:536141ms step_avg:198.94ms
step:2696/4740 train_time:536465ms step_avg:198.99ms
step:2697/4740 train_time:536647ms step_avg:198.98ms
step:2698/4740 train_time:536967ms step_avg:199.02ms
step:2699/4740 train_time:537152ms step_avg:199.02ms
step:2700/4740 train_time:537471ms step_avg:199.06ms
step:2701/4740 train_time:537657ms step_avg:199.06ms
step:2702/4740 train_time:537977ms step_avg:199.10ms
step:2703/4740 train_time:538159ms step_avg:199.10ms
step:2704/4740 train_time:538479ms step_avg:199.14ms
step:2705/4740 train_time:538663ms step_avg:199.14ms
step:2706/4740 train_time:538987ms step_avg:199.18ms
step:2707/4740 train_time:539168ms step_avg:199.18ms
step:2708/4740 train_time:539488ms step_avg:199.22ms
step:2709/4740 train_time:539671ms step_avg:199.21ms
step:2710/4740 train_time:539990ms step_avg:199.26ms
step:2711/4740 train_time:540172ms step_avg:199.25ms
step:2712/4740 train_time:540493ms step_avg:199.30ms
step:2713/4740 train_time:540672ms step_avg:199.29ms
step:2714/4740 train_time:540993ms step_avg:199.33ms
step:2715/4740 train_time:541178ms step_avg:199.33ms
step:2716/4740 train_time:541496ms step_avg:199.37ms
step:2717/4740 train_time:541681ms step_avg:199.37ms
step:2718/4740 train_time:542002ms step_avg:199.41ms
step:2719/4740 train_time:542186ms step_avg:199.41ms
step:2720/4740 train_time:542505ms step_avg:199.45ms
step:2721/4740 train_time:542689ms step_avg:199.44ms
step:2722/4740 train_time:543008ms step_avg:199.49ms
step:2723/4740 train_time:543192ms step_avg:199.48ms
step:2724/4740 train_time:543515ms step_avg:199.53ms
step:2725/4740 train_time:543693ms step_avg:199.52ms
step:2726/4740 train_time:544013ms step_avg:199.56ms
step:2727/4740 train_time:544202ms step_avg:199.56ms
step:2728/4740 train_time:544523ms step_avg:199.61ms
step:2729/4740 train_time:544709ms step_avg:199.60ms
step:2730/4740 train_time:545027ms step_avg:199.64ms
step:2731/4740 train_time:545213ms step_avg:199.64ms
step:2732/4740 train_time:545533ms step_avg:199.68ms
step:2733/4740 train_time:545712ms step_avg:199.67ms
step:2734/4740 train_time:546034ms step_avg:199.72ms
step:2735/4740 train_time:546218ms step_avg:199.71ms
step:2736/4740 train_time:546542ms step_avg:199.76ms
step:2737/4740 train_time:546721ms step_avg:199.75ms
step:2738/4740 train_time:547044ms step_avg:199.80ms
step:2739/4740 train_time:547222ms step_avg:199.79ms
step:2740/4740 train_time:547543ms step_avg:199.83ms
step:2741/4740 train_time:547724ms step_avg:199.83ms
step:2742/4740 train_time:548045ms step_avg:199.87ms
step:2743/4740 train_time:548228ms step_avg:199.86ms
step:2744/4740 train_time:548549ms step_avg:199.91ms
step:2745/4740 train_time:548731ms step_avg:199.90ms
step:2746/4740 train_time:549058ms step_avg:199.95ms
step:2747/4740 train_time:549238ms step_avg:199.94ms
step:2748/4740 train_time:549561ms step_avg:199.99ms
step:2749/4740 train_time:549746ms step_avg:199.98ms
step:2750/4740 train_time:550068ms step_avg:200.02ms
step:2750/4740 val_loss:3.1386 train_time:550197ms step_avg:200.07ms
step:2751/4740 train_time:550253ms step_avg:200.02ms
step:2752/4740 train_time:550577ms step_avg:200.06ms
step:2753/4740 train_time:550759ms step_avg:200.06ms
step:2754/4740 train_time:551080ms step_avg:200.10ms
step:2755/4740 train_time:551263ms step_avg:200.10ms
step:2756/4740 train_time:551587ms step_avg:200.14ms
step:2757/4740 train_time:551776ms step_avg:200.14ms
step:2758/4740 train_time:552099ms step_avg:200.18ms
step:2759/4740 train_time:552280ms step_avg:200.17ms
step:2760/4740 train_time:552606ms step_avg:200.22ms
step:2761/4740 train_time:552788ms step_avg:200.21ms
step:2762/4740 train_time:553111ms step_avg:200.26ms
step:2763/4740 train_time:553297ms step_avg:200.25ms
step:2764/4740 train_time:553617ms step_avg:200.30ms
step:2765/4740 train_time:553803ms step_avg:200.29ms
step:2766/4740 train_time:554122ms step_avg:200.33ms
step:2767/4740 train_time:554309ms step_avg:200.33ms
step:2768/4740 train_time:554630ms step_avg:200.37ms
step:2769/4740 train_time:554810ms step_avg:200.36ms
step:2770/4740 train_time:555134ms step_avg:200.41ms
step:2771/4740 train_time:555315ms step_avg:200.40ms
step:2772/4740 train_time:555636ms step_avg:200.45ms
step:2773/4740 train_time:555824ms step_avg:200.44ms
step:2774/4740 train_time:556146ms step_avg:200.49ms
step:2775/4740 train_time:556328ms step_avg:200.48ms
step:2776/4740 train_time:556650ms step_avg:200.52ms
step:2777/4740 train_time:556836ms step_avg:200.52ms
step:2778/4740 train_time:557153ms step_avg:200.56ms
step:2779/4740 train_time:557337ms step_avg:200.55ms
step:2780/4740 train_time:557659ms step_avg:200.60ms
step:2781/4740 train_time:557842ms step_avg:200.59ms
step:2782/4740 train_time:558164ms step_avg:200.63ms
step:2783/4740 train_time:558347ms step_avg:200.63ms
step:2784/4740 train_time:558672ms step_avg:200.67ms
step:2785/4740 train_time:558853ms step_avg:200.67ms
step:2786/4740 train_time:559176ms step_avg:200.71ms
step:2787/4740 train_time:559361ms step_avg:200.70ms
step:2788/4740 train_time:559679ms step_avg:200.75ms
step:2789/4740 train_time:559866ms step_avg:200.74ms
step:2790/4740 train_time:560189ms step_avg:200.78ms
step:2791/4740 train_time:560377ms step_avg:200.78ms
step:2792/4740 train_time:560699ms step_avg:200.82ms
step:2793/4740 train_time:560885ms step_avg:200.82ms
step:2794/4740 train_time:561204ms step_avg:200.86ms
step:2795/4740 train_time:561389ms step_avg:200.85ms
step:2796/4740 train_time:561710ms step_avg:200.90ms
step:2797/4740 train_time:561898ms step_avg:200.89ms
step:2798/4740 train_time:562216ms step_avg:200.93ms
step:2799/4740 train_time:562405ms step_avg:200.93ms
step:2800/4740 train_time:562729ms step_avg:200.97ms
step:2801/4740 train_time:562910ms step_avg:200.97ms
step:2802/4740 train_time:563233ms step_avg:201.01ms
step:2803/4740 train_time:563415ms step_avg:201.00ms
step:2804/4740 train_time:563736ms step_avg:201.05ms
step:2805/4740 train_time:563919ms step_avg:201.04ms
step:2806/4740 train_time:564242ms step_avg:201.08ms
step:2807/4740 train_time:564428ms step_avg:201.08ms
step:2808/4740 train_time:564748ms step_avg:201.12ms
step:2809/4740 train_time:564935ms step_avg:201.12ms
step:2810/4740 train_time:565258ms step_avg:201.16ms
step:2811/4740 train_time:565436ms step_avg:201.15ms
step:2812/4740 train_time:565757ms step_avg:201.19ms
step:2813/4740 train_time:565941ms step_avg:201.19ms
step:2814/4740 train_time:566266ms step_avg:201.23ms
step:2815/4740 train_time:566447ms step_avg:201.22ms
step:2816/4740 train_time:566773ms step_avg:201.27ms
step:2817/4740 train_time:566952ms step_avg:201.26ms
step:2818/4740 train_time:567274ms step_avg:201.30ms
step:2819/4740 train_time:567456ms step_avg:201.30ms
step:2820/4740 train_time:567779ms step_avg:201.34ms
step:2821/4740 train_time:567960ms step_avg:201.33ms
step:2822/4740 train_time:568285ms step_avg:201.38ms
step:2823/4740 train_time:568469ms step_avg:201.37ms
step:2824/4740 train_time:568790ms step_avg:201.41ms
step:2825/4740 train_time:568974ms step_avg:201.41ms
step:2826/4740 train_time:569295ms step_avg:201.45ms
step:2827/4740 train_time:569479ms step_avg:201.44ms
step:2828/4740 train_time:569801ms step_avg:201.49ms
step:2829/4740 train_time:569988ms step_avg:201.48ms
step:2830/4740 train_time:570310ms step_avg:201.52ms
step:2831/4740 train_time:570490ms step_avg:201.52ms
step:2832/4740 train_time:570814ms step_avg:201.56ms
step:2833/4740 train_time:570998ms step_avg:201.55ms
step:2834/4740 train_time:571321ms step_avg:201.60ms
step:2835/4740 train_time:571504ms step_avg:201.59ms
step:2836/4740 train_time:571825ms step_avg:201.63ms
step:2837/4740 train_time:572009ms step_avg:201.62ms
step:2838/4740 train_time:572331ms step_avg:201.67ms
step:2839/4740 train_time:572514ms step_avg:201.66ms
step:2840/4740 train_time:572839ms step_avg:201.70ms
step:2841/4740 train_time:573019ms step_avg:201.70ms
step:2842/4740 train_time:573341ms step_avg:201.74ms
step:2843/4740 train_time:573528ms step_avg:201.73ms
step:2844/4740 train_time:573850ms step_avg:201.78ms
step:2845/4740 train_time:574034ms step_avg:201.77ms
step:2846/4740 train_time:574358ms step_avg:201.81ms
step:2847/4740 train_time:574541ms step_avg:201.81ms
step:2848/4740 train_time:574862ms step_avg:201.85ms
step:2849/4740 train_time:575047ms step_avg:201.84ms
step:2850/4740 train_time:575372ms step_avg:201.88ms
step:2851/4740 train_time:575557ms step_avg:201.88ms
step:2852/4740 train_time:575878ms step_avg:201.92ms
step:2853/4740 train_time:576059ms step_avg:201.91ms
step:2854/4740 train_time:576383ms step_avg:201.96ms
step:2855/4740 train_time:576567ms step_avg:201.95ms
step:2856/4740 train_time:576885ms step_avg:201.99ms
step:2857/4740 train_time:577070ms step_avg:201.98ms
step:2858/4740 train_time:577396ms step_avg:202.03ms
step:2859/4740 train_time:577577ms step_avg:202.02ms
step:2860/4740 train_time:577897ms step_avg:202.06ms
step:2861/4740 train_time:578083ms step_avg:202.06ms
step:2862/4740 train_time:578403ms step_avg:202.10ms
step:2863/4740 train_time:578586ms step_avg:202.09ms
step:2864/4740 train_time:578909ms step_avg:202.13ms
step:2865/4740 train_time:579091ms step_avg:202.13ms
step:2866/4740 train_time:579411ms step_avg:202.17ms
step:2867/4740 train_time:579595ms step_avg:202.16ms
step:2868/4740 train_time:579914ms step_avg:202.20ms
step:2869/4740 train_time:580099ms step_avg:202.20ms
step:2870/4740 train_time:580421ms step_avg:202.24ms
step:2871/4740 train_time:580608ms step_avg:202.23ms
step:2872/4740 train_time:580930ms step_avg:202.27ms
step:2873/4740 train_time:581113ms step_avg:202.27ms
step:2874/4740 train_time:581431ms step_avg:202.31ms
step:2875/4740 train_time:581614ms step_avg:202.30ms
step:2876/4740 train_time:581936ms step_avg:202.34ms
step:2877/4740 train_time:582117ms step_avg:202.33ms
step:2878/4740 train_time:582439ms step_avg:202.38ms
step:2879/4740 train_time:582623ms step_avg:202.37ms
step:2880/4740 train_time:582947ms step_avg:202.41ms
step:2881/4740 train_time:583126ms step_avg:202.40ms
step:2882/4740 train_time:583452ms step_avg:202.45ms
step:2883/4740 train_time:583634ms step_avg:202.44ms
step:2884/4740 train_time:583957ms step_avg:202.48ms
step:2885/4740 train_time:584140ms step_avg:202.47ms
step:2886/4740 train_time:584464ms step_avg:202.52ms
step:2887/4740 train_time:584647ms step_avg:202.51ms
step:2888/4740 train_time:584970ms step_avg:202.55ms
step:2889/4740 train_time:585154ms step_avg:202.55ms
step:2890/4740 train_time:585476ms step_avg:202.59ms
step:2891/4740 train_time:585660ms step_avg:202.58ms
step:2892/4740 train_time:585983ms step_avg:202.62ms
step:2893/4740 train_time:586168ms step_avg:202.62ms
step:2894/4740 train_time:586491ms step_avg:202.66ms
step:2895/4740 train_time:586676ms step_avg:202.65ms
step:2896/4740 train_time:586992ms step_avg:202.69ms
step:2897/4740 train_time:587178ms step_avg:202.68ms
step:2898/4740 train_time:587497ms step_avg:202.72ms
step:2899/4740 train_time:587682ms step_avg:202.72ms
step:2900/4740 train_time:588001ms step_avg:202.76ms
step:2901/4740 train_time:588182ms step_avg:202.75ms
step:2902/4740 train_time:588503ms step_avg:202.79ms
step:2903/4740 train_time:588686ms step_avg:202.79ms
step:2904/4740 train_time:589005ms step_avg:202.83ms
step:2905/4740 train_time:589189ms step_avg:202.82ms
step:2906/4740 train_time:589512ms step_avg:202.86ms
step:2907/4740 train_time:589698ms step_avg:202.85ms
step:2908/4740 train_time:590016ms step_avg:202.89ms
step:2909/4740 train_time:590201ms step_avg:202.89ms
step:2910/4740 train_time:590525ms step_avg:202.93ms
step:2911/4740 train_time:590709ms step_avg:202.92ms
step:2912/4740 train_time:591030ms step_avg:202.96ms
step:2913/4740 train_time:591211ms step_avg:202.96ms
step:2914/4740 train_time:591536ms step_avg:203.00ms
step:2915/4740 train_time:591719ms step_avg:202.99ms
step:2916/4740 train_time:592041ms step_avg:203.03ms
step:2917/4740 train_time:592222ms step_avg:203.02ms
step:2918/4740 train_time:592545ms step_avg:203.07ms
step:2919/4740 train_time:592728ms step_avg:203.06ms
step:2920/4740 train_time:593050ms step_avg:203.10ms
step:2921/4740 train_time:593231ms step_avg:203.09ms
step:2922/4740 train_time:593554ms step_avg:203.13ms
step:2923/4740 train_time:593736ms step_avg:203.13ms
step:2924/4740 train_time:594056ms step_avg:203.17ms
step:2925/4740 train_time:594241ms step_avg:203.16ms
step:2926/4740 train_time:594564ms step_avg:203.20ms
step:2927/4740 train_time:594748ms step_avg:203.19ms
step:2928/4740 train_time:595074ms step_avg:203.24ms
step:2929/4740 train_time:595256ms step_avg:203.23ms
step:2930/4740 train_time:595579ms step_avg:203.27ms
step:2931/4740 train_time:595758ms step_avg:203.26ms
step:2932/4740 train_time:596079ms step_avg:203.30ms
step:2933/4740 train_time:596263ms step_avg:203.29ms
step:2934/4740 train_time:596586ms step_avg:203.34ms
step:2935/4740 train_time:596768ms step_avg:203.33ms
step:2936/4740 train_time:597091ms step_avg:203.37ms
step:2937/4740 train_time:597275ms step_avg:203.36ms
step:2938/4740 train_time:597599ms step_avg:203.40ms
step:2939/4740 train_time:597781ms step_avg:203.40ms
step:2940/4740 train_time:598107ms step_avg:203.44ms
step:2941/4740 train_time:598285ms step_avg:203.43ms
step:2942/4740 train_time:598607ms step_avg:203.47ms
step:2943/4740 train_time:598793ms step_avg:203.46ms
step:2944/4740 train_time:599112ms step_avg:203.50ms
step:2945/4740 train_time:599298ms step_avg:203.50ms
step:2946/4740 train_time:599619ms step_avg:203.54ms
step:2947/4740 train_time:599800ms step_avg:203.53ms
step:2948/4740 train_time:600125ms step_avg:203.57ms
step:2949/4740 train_time:600307ms step_avg:203.56ms
step:2950/4740 train_time:600631ms step_avg:203.60ms
step:2951/4740 train_time:600810ms step_avg:203.60ms
step:2952/4740 train_time:601134ms step_avg:203.64ms
step:2953/4740 train_time:601316ms step_avg:203.63ms
step:2954/4740 train_time:601637ms step_avg:203.67ms
step:2955/4740 train_time:601820ms step_avg:203.66ms
step:2956/4740 train_time:602143ms step_avg:203.70ms
step:2957/4740 train_time:602328ms step_avg:203.70ms
step:2958/4740 train_time:602650ms step_avg:203.74ms
step:2959/4740 train_time:602834ms step_avg:203.73ms
step:2960/4740 train_time:603154ms step_avg:203.77ms
step:2961/4740 train_time:603336ms step_avg:203.76ms
step:2962/4740 train_time:603659ms step_avg:203.80ms
step:2963/4740 train_time:603841ms step_avg:203.79ms
step:2964/4740 train_time:604164ms step_avg:203.83ms
step:2965/4740 train_time:604345ms step_avg:203.83ms
step:2966/4740 train_time:604663ms step_avg:203.86ms
step:2967/4740 train_time:604850ms step_avg:203.86ms
step:2968/4740 train_time:605177ms step_avg:203.90ms
step:2969/4740 train_time:605360ms step_avg:203.89ms
step:2970/4740 train_time:605683ms step_avg:203.93ms
step:2971/4740 train_time:605867ms step_avg:203.93ms
step:2972/4740 train_time:606183ms step_avg:203.96ms
step:2973/4740 train_time:606369ms step_avg:203.96ms
step:2974/4740 train_time:606692ms step_avg:204.00ms
step:2975/4740 train_time:606873ms step_avg:203.99ms
step:2976/4740 train_time:607194ms step_avg:204.03ms
step:2977/4740 train_time:607378ms step_avg:204.02ms
step:2978/4740 train_time:607701ms step_avg:204.06ms
step:2979/4740 train_time:607883ms step_avg:204.06ms
step:2980/4740 train_time:608204ms step_avg:204.10ms
step:2981/4740 train_time:608385ms step_avg:204.09ms
step:2982/4740 train_time:608709ms step_avg:204.13ms
step:2983/4740 train_time:608890ms step_avg:204.12ms
step:2984/4740 train_time:609214ms step_avg:204.16ms
step:2985/4740 train_time:609399ms step_avg:204.15ms
step:2986/4740 train_time:609720ms step_avg:204.19ms
step:2987/4740 train_time:609906ms step_avg:204.19ms
step:2988/4740 train_time:610226ms step_avg:204.23ms
step:2989/4740 train_time:610414ms step_avg:204.22ms
step:2990/4740 train_time:610734ms step_avg:204.26ms
step:2991/4740 train_time:610914ms step_avg:204.25ms
step:2992/4740 train_time:611236ms step_avg:204.29ms
step:2993/4740 train_time:611418ms step_avg:204.28ms
step:2994/4740 train_time:611740ms step_avg:204.32ms
step:2995/4740 train_time:611924ms step_avg:204.32ms
step:2996/4740 train_time:612247ms step_avg:204.35ms
step:2997/4740 train_time:612429ms step_avg:204.35ms
step:2998/4740 train_time:612750ms step_avg:204.39ms
step:2999/4740 train_time:612934ms step_avg:204.38ms
step:3000/4740 train_time:613254ms step_avg:204.42ms
step:3000/4740 val_loss:3.1062 train_time:613384ms step_avg:204.46ms
step:3001/4740 train_time:613440ms step_avg:204.41ms
step:3002/4740 train_time:613770ms step_avg:204.45ms
step:3003/4740 train_time:613957ms step_avg:204.45ms
step:3004/4740 train_time:614276ms step_avg:204.49ms
step:3005/4740 train_time:614458ms step_avg:204.48ms
step:3006/4740 train_time:614781ms step_avg:204.52ms
step:3007/4740 train_time:614966ms step_avg:204.51ms
step:3008/4740 train_time:615288ms step_avg:204.55ms
step:3009/4740 train_time:615470ms step_avg:204.54ms
step:3010/4740 train_time:615792ms step_avg:204.58ms
step:3011/4740 train_time:615978ms step_avg:204.58ms
step:3012/4740 train_time:616300ms step_avg:204.62ms
step:3013/4740 train_time:616485ms step_avg:204.61ms
step:3014/4740 train_time:616807ms step_avg:204.65ms
step:3015/4740 train_time:616988ms step_avg:204.64ms
step:3016/4740 train_time:617312ms step_avg:204.68ms
step:3017/4740 train_time:617497ms step_avg:204.67ms
step:3018/4740 train_time:617822ms step_avg:204.71ms
step:3019/4740 train_time:618004ms step_avg:204.70ms
step:3020/4740 train_time:618325ms step_avg:204.74ms
step:3021/4740 train_time:618506ms step_avg:204.74ms
step:3022/4740 train_time:618826ms step_avg:204.77ms
step:3023/4740 train_time:619011ms step_avg:204.77ms
step:3024/4740 train_time:619333ms step_avg:204.81ms
step:3025/4740 train_time:619517ms step_avg:204.80ms
step:3026/4740 train_time:619838ms step_avg:204.84ms
step:3027/4740 train_time:620024ms step_avg:204.83ms
step:3028/4740 train_time:620343ms step_avg:204.87ms
step:3029/4740 train_time:620526ms step_avg:204.86ms
step:3030/4740 train_time:620851ms step_avg:204.90ms
step:3031/4740 train_time:621034ms step_avg:204.89ms
step:3032/4740 train_time:621356ms step_avg:204.93ms
step:3033/4740 train_time:621535ms step_avg:204.92ms
step:3034/4740 train_time:621855ms step_avg:204.96ms
step:3035/4740 train_time:622040ms step_avg:204.96ms
step:3036/4740 train_time:622363ms step_avg:204.99ms
step:3037/4740 train_time:622544ms step_avg:204.99ms
step:3038/4740 train_time:622864ms step_avg:205.02ms
step:3039/4740 train_time:623049ms step_avg:205.02ms
step:3040/4740 train_time:623370ms step_avg:205.06ms
step:3041/4740 train_time:623551ms step_avg:205.05ms
step:3042/4740 train_time:623871ms step_avg:205.09ms
step:3043/4740 train_time:624056ms step_avg:205.08ms
step:3044/4740 train_time:624379ms step_avg:205.12ms
step:3045/4740 train_time:624566ms step_avg:205.11ms
step:3046/4740 train_time:624889ms step_avg:205.15ms
step:3047/4740 train_time:625068ms step_avg:205.14ms
step:3048/4740 train_time:625392ms step_avg:205.18ms
step:3049/4740 train_time:625574ms step_avg:205.17ms
step:3050/4740 train_time:625896ms step_avg:205.21ms
step:3051/4740 train_time:626079ms step_avg:205.20ms
step:3052/4740 train_time:626403ms step_avg:205.24ms
step:3053/4740 train_time:626583ms step_avg:205.24ms
step:3054/4740 train_time:626906ms step_avg:205.27ms
step:3055/4740 train_time:627090ms step_avg:205.27ms
step:3056/4740 train_time:627414ms step_avg:205.31ms
step:3057/4740 train_time:627594ms step_avg:205.30ms
step:3058/4740 train_time:627916ms step_avg:205.34ms
step:3059/4740 train_time:628097ms step_avg:205.33ms
step:3060/4740 train_time:628420ms step_avg:205.37ms
step:3061/4740 train_time:628601ms step_avg:205.36ms
step:3062/4740 train_time:628924ms step_avg:205.40ms
step:3063/4740 train_time:629103ms step_avg:205.39ms
step:3064/4740 train_time:629429ms step_avg:205.43ms
step:3065/4740 train_time:629609ms step_avg:205.42ms
step:3066/4740 train_time:629932ms step_avg:205.46ms
step:3067/4740 train_time:630113ms step_avg:205.45ms
step:3068/4740 train_time:630435ms step_avg:205.49ms
step:3069/4740 train_time:630618ms step_avg:205.48ms
step:3070/4740 train_time:630942ms step_avg:205.52ms
step:3071/4740 train_time:631123ms step_avg:205.51ms
step:3072/4740 train_time:631444ms step_avg:205.55ms
step:3073/4740 train_time:631628ms step_avg:205.54ms
step:3074/4740 train_time:631949ms step_avg:205.58ms
step:3075/4740 train_time:632133ms step_avg:205.57ms
step:3076/4740 train_time:632456ms step_avg:205.61ms
step:3077/4740 train_time:632639ms step_avg:205.60ms
step:3078/4740 train_time:632966ms step_avg:205.64ms
step:3079/4740 train_time:633144ms step_avg:205.63ms
step:3080/4740 train_time:633469ms step_avg:205.67ms
step:3081/4740 train_time:633647ms step_avg:205.66ms
step:3082/4740 train_time:633966ms step_avg:205.70ms
step:3083/4740 train_time:634148ms step_avg:205.69ms
step:3084/4740 train_time:634471ms step_avg:205.73ms
step:3085/4740 train_time:634655ms step_avg:205.72ms
step:3086/4740 train_time:634975ms step_avg:205.76ms
step:3087/4740 train_time:635158ms step_avg:205.75ms
step:3088/4740 train_time:635481ms step_avg:205.79ms
step:3089/4740 train_time:635666ms step_avg:205.78ms
step:3090/4740 train_time:635990ms step_avg:205.82ms
step:3091/4740 train_time:636168ms step_avg:205.81ms
step:3092/4740 train_time:636493ms step_avg:205.85ms
step:3093/4740 train_time:636676ms step_avg:205.84ms
step:3094/4740 train_time:637001ms step_avg:205.88ms
step:3095/4740 train_time:637180ms step_avg:205.87ms
step:3096/4740 train_time:637502ms step_avg:205.91ms
step:3097/4740 train_time:637685ms step_avg:205.90ms
step:3098/4740 train_time:638007ms step_avg:205.94ms
step:3099/4740 train_time:638188ms step_avg:205.93ms
step:3100/4740 train_time:638511ms step_avg:205.97ms
step:3101/4740 train_time:638693ms step_avg:205.96ms
step:3102/4740 train_time:639016ms step_avg:206.00ms
step:3103/4740 train_time:639196ms step_avg:205.99ms
step:3104/4740 train_time:639519ms step_avg:206.03ms
step:3105/4740 train_time:639702ms step_avg:206.02ms
step:3106/4740 train_time:640025ms step_avg:206.06ms
step:3107/4740 train_time:640209ms step_avg:206.05ms
step:3108/4740 train_time:640534ms step_avg:206.09ms
step:3109/4740 train_time:640717ms step_avg:206.08ms
step:3110/4740 train_time:641039ms step_avg:206.12ms
step:3111/4740 train_time:641229ms step_avg:206.12ms
step:3112/4740 train_time:641552ms step_avg:206.15ms
step:3113/4740 train_time:641732ms step_avg:206.15ms
step:3114/4740 train_time:642053ms step_avg:206.18ms
step:3115/4740 train_time:642236ms step_avg:206.18ms
step:3116/4740 train_time:642559ms step_avg:206.21ms
step:3117/4740 train_time:642739ms step_avg:206.20ms
step:3118/4740 train_time:643066ms step_avg:206.24ms
step:3119/4740 train_time:643244ms step_avg:206.23ms
step:3120/4740 train_time:643567ms step_avg:206.27ms
step:3121/4740 train_time:643744ms step_avg:206.26ms
step:3122/4740 train_time:644071ms step_avg:206.30ms
step:3123/4740 train_time:644250ms step_avg:206.29ms
step:3124/4740 train_time:644573ms step_avg:206.33ms
step:3125/4740 train_time:644756ms step_avg:206.32ms
step:3126/4740 train_time:645077ms step_avg:206.36ms
step:3127/4740 train_time:645261ms step_avg:206.35ms
step:3128/4740 train_time:645587ms step_avg:206.39ms
step:3129/4740 train_time:645769ms step_avg:206.38ms
step:3130/4740 train_time:646096ms step_avg:206.42ms
step:3131/4740 train_time:646278ms step_avg:206.41ms
step:3132/4740 train_time:646601ms step_avg:206.45ms
step:3133/4740 train_time:646788ms step_avg:206.44ms
step:3134/4740 train_time:647109ms step_avg:206.48ms
step:3135/4740 train_time:647294ms step_avg:206.47ms
step:3136/4740 train_time:647617ms step_avg:206.51ms
step:3137/4740 train_time:647799ms step_avg:206.50ms
step:3138/4740 train_time:648121ms step_avg:206.54ms
step:3139/4740 train_time:648305ms step_avg:206.53ms
step:3140/4740 train_time:648626ms step_avg:206.57ms
step:3141/4740 train_time:648808ms step_avg:206.56ms
step:3142/4740 train_time:649132ms step_avg:206.60ms
step:3143/4740 train_time:649314ms step_avg:206.59ms
step:3144/4740 train_time:649635ms step_avg:206.63ms
step:3145/4740 train_time:649823ms step_avg:206.62ms
step:3146/4740 train_time:650146ms step_avg:206.66ms
step:3147/4740 train_time:650325ms step_avg:206.65ms
step:3148/4740 train_time:650648ms step_avg:206.69ms
step:3149/4740 train_time:650828ms step_avg:206.68ms
step:3150/4740 train_time:651148ms step_avg:206.71ms
step:3151/4740 train_time:651332ms step_avg:206.71ms
step:3152/4740 train_time:651657ms step_avg:206.74ms
step:3153/4740 train_time:651838ms step_avg:206.74ms
step:3154/4740 train_time:652162ms step_avg:206.77ms
step:3155/4740 train_time:652344ms step_avg:206.77ms
step:3156/4740 train_time:652667ms step_avg:206.80ms
step:3157/4740 train_time:652848ms step_avg:206.79ms
step:3158/4740 train_time:653169ms step_avg:206.83ms
step:3159/4740 train_time:653357ms step_avg:206.82ms
step:3160/4740 train_time:653680ms step_avg:206.86ms
step:3161/4740 train_time:653867ms step_avg:206.85ms
step:3162/4740 train_time:654191ms step_avg:206.89ms
step:3163/4740 train_time:654371ms step_avg:206.88ms
step:3164/4740 train_time:654697ms step_avg:206.92ms
step:3165/4740 train_time:654882ms step_avg:206.91ms
step:3166/4740 train_time:655202ms step_avg:206.95ms
step:3167/4740 train_time:655388ms step_avg:206.94ms
step:3168/4740 train_time:655710ms step_avg:206.98ms
step:3169/4740 train_time:655892ms step_avg:206.97ms
step:3170/4740 train_time:656210ms step_avg:207.01ms
step:3171/4740 train_time:656392ms step_avg:207.00ms
step:3172/4740 train_time:656713ms step_avg:207.03ms
step:3173/4740 train_time:656897ms step_avg:207.03ms
step:3174/4740 train_time:657221ms step_avg:207.06ms
step:3175/4740 train_time:657400ms step_avg:207.06ms
step:3176/4740 train_time:657724ms step_avg:207.09ms
step:3177/4740 train_time:657905ms step_avg:207.08ms
step:3178/4740 train_time:658231ms step_avg:207.12ms
step:3179/4740 train_time:658416ms step_avg:207.11ms
step:3180/4740 train_time:658738ms step_avg:207.15ms
step:3181/4740 train_time:658920ms step_avg:207.14ms
step:3182/4740 train_time:659243ms step_avg:207.18ms
step:3183/4740 train_time:659428ms step_avg:207.17ms
step:3184/4740 train_time:659752ms step_avg:207.21ms
step:3185/4740 train_time:659935ms step_avg:207.20ms
step:3186/4740 train_time:660258ms step_avg:207.24ms
step:3187/4740 train_time:660440ms step_avg:207.23ms
step:3188/4740 train_time:660765ms step_avg:207.27ms
step:3189/4740 train_time:660947ms step_avg:207.26ms
step:3190/4740 train_time:661274ms step_avg:207.30ms
step:3191/4740 train_time:661454ms step_avg:207.29ms
step:3192/4740 train_time:661776ms step_avg:207.32ms
step:3193/4740 train_time:661957ms step_avg:207.32ms
step:3194/4740 train_time:662282ms step_avg:207.35ms
step:3195/4740 train_time:662468ms step_avg:207.35ms
step:3196/4740 train_time:662788ms step_avg:207.38ms
step:3197/4740 train_time:662970ms step_avg:207.37ms
step:3198/4740 train_time:663299ms step_avg:207.41ms
step:3199/4740 train_time:663482ms step_avg:207.40ms
step:3200/4740 train_time:663805ms step_avg:207.44ms
step:3201/4740 train_time:663987ms step_avg:207.43ms
step:3202/4740 train_time:664308ms step_avg:207.47ms
step:3203/4740 train_time:664492ms step_avg:207.46ms
step:3204/4740 train_time:664812ms step_avg:207.49ms
step:3205/4740 train_time:664997ms step_avg:207.49ms
step:3206/4740 train_time:665322ms step_avg:207.52ms
step:3207/4740 train_time:665503ms step_avg:207.52ms
step:3208/4740 train_time:665825ms step_avg:207.55ms
step:3209/4740 train_time:666006ms step_avg:207.54ms
step:3210/4740 train_time:666330ms step_avg:207.58ms
step:3211/4740 train_time:666509ms step_avg:207.57ms
step:3212/4740 train_time:666833ms step_avg:207.61ms
step:3213/4740 train_time:667013ms step_avg:207.60ms
step:3214/4740 train_time:667336ms step_avg:207.63ms
step:3215/4740 train_time:667517ms step_avg:207.63ms
step:3216/4740 train_time:667841ms step_avg:207.66ms
step:3217/4740 train_time:668024ms step_avg:207.65ms
step:3218/4740 train_time:668346ms step_avg:207.69ms
step:3219/4740 train_time:668530ms step_avg:207.68ms
step:3220/4740 train_time:668855ms step_avg:207.72ms
step:3221/4740 train_time:669040ms step_avg:207.71ms
step:3222/4740 train_time:669361ms step_avg:207.75ms
step:3223/4740 train_time:669545ms step_avg:207.74ms
step:3224/4740 train_time:669866ms step_avg:207.77ms
step:3225/4740 train_time:670053ms step_avg:207.77ms
step:3226/4740 train_time:670377ms step_avg:207.80ms
step:3227/4740 train_time:670560ms step_avg:207.80ms
step:3228/4740 train_time:670885ms step_avg:207.83ms
step:3229/4740 train_time:671068ms step_avg:207.83ms
step:3230/4740 train_time:671392ms step_avg:207.86ms
step:3231/4740 train_time:671575ms step_avg:207.85ms
step:3232/4740 train_time:671901ms step_avg:207.89ms
step:3233/4740 train_time:672086ms step_avg:207.88ms
step:3234/4740 train_time:672409ms step_avg:207.92ms
step:3235/4740 train_time:672590ms step_avg:207.91ms
step:3236/4740 train_time:672910ms step_avg:207.95ms
step:3237/4740 train_time:673095ms step_avg:207.94ms
step:3238/4740 train_time:673414ms step_avg:207.97ms
step:3239/4740 train_time:673597ms step_avg:207.96ms
step:3240/4740 train_time:673921ms step_avg:208.00ms
step:3241/4740 train_time:674106ms step_avg:207.99ms
step:3242/4740 train_time:674429ms step_avg:208.03ms
step:3243/4740 train_time:674612ms step_avg:208.02ms
step:3244/4740 train_time:674939ms step_avg:208.06ms
step:3245/4740 train_time:675123ms step_avg:208.05ms
step:3246/4740 train_time:675445ms step_avg:208.09ms
step:3247/4740 train_time:675631ms step_avg:208.08ms
step:3248/4740 train_time:675952ms step_avg:208.11ms
step:3249/4740 train_time:676134ms step_avg:208.11ms
step:3250/4740 train_time:676461ms step_avg:208.14ms
step:3250/4740 val_loss:3.0749 train_time:676587ms step_avg:208.18ms
step:3251/4740 train_time:676643ms step_avg:208.13ms
step:3252/4740 train_time:676969ms step_avg:208.17ms
step:3253/4740 train_time:677153ms step_avg:208.16ms
step:3254/4740 train_time:677470ms step_avg:208.20ms
step:3255/4740 train_time:677654ms step_avg:208.19ms
step:3256/4740 train_time:677981ms step_avg:208.23ms
step:3257/4740 train_time:678169ms step_avg:208.22ms
step:3258/4740 train_time:678487ms step_avg:208.25ms
step:3259/4740 train_time:678672ms step_avg:208.25ms
step:3260/4740 train_time:678991ms step_avg:208.28ms
step:3261/4740 train_time:679177ms step_avg:208.27ms
step:3262/4740 train_time:679498ms step_avg:208.31ms
step:3263/4740 train_time:679679ms step_avg:208.30ms
step:3264/4740 train_time:680004ms step_avg:208.33ms
step:3265/4740 train_time:680188ms step_avg:208.33ms
step:3266/4740 train_time:680509ms step_avg:208.36ms
step:3267/4740 train_time:680694ms step_avg:208.35ms
step:3268/4740 train_time:681016ms step_avg:208.39ms
step:3269/4740 train_time:681196ms step_avg:208.38ms
step:3270/4740 train_time:681520ms step_avg:208.42ms
step:3271/4740 train_time:681705ms step_avg:208.41ms
step:3272/4740 train_time:682025ms step_avg:208.44ms
step:3273/4740 train_time:682207ms step_avg:208.43ms
step:3274/4740 train_time:682529ms step_avg:208.47ms
step:3275/4740 train_time:682711ms step_avg:208.46ms
step:3276/4740 train_time:683036ms step_avg:208.50ms
step:3277/4740 train_time:683218ms step_avg:208.49ms
step:3278/4740 train_time:683544ms step_avg:208.52ms
step:3279/4740 train_time:683723ms step_avg:208.52ms
step:3280/4740 train_time:684045ms step_avg:208.55ms
step:3281/4740 train_time:684226ms step_avg:208.54ms
step:3282/4740 train_time:684551ms step_avg:208.58ms
step:3283/4740 train_time:684731ms step_avg:208.57ms
step:3284/4740 train_time:685055ms step_avg:208.60ms
step:3285/4740 train_time:685237ms step_avg:208.60ms
step:3286/4740 train_time:685556ms step_avg:208.63ms
step:3287/4740 train_time:685740ms step_avg:208.62ms
step:3288/4740 train_time:686062ms step_avg:208.66ms
step:3289/4740 train_time:686248ms step_avg:208.65ms
step:3290/4740 train_time:686570ms step_avg:208.68ms
step:3291/4740 train_time:686752ms step_avg:208.68ms
step:3292/4740 train_time:687073ms step_avg:208.71ms
step:3293/4740 train_time:687253ms step_avg:208.70ms
step:3294/4740 train_time:687577ms step_avg:208.74ms
step:3295/4740 train_time:687755ms step_avg:208.73ms
step:3296/4740 train_time:688079ms step_avg:208.76ms
step:3297/4740 train_time:688263ms step_avg:208.75ms
step:3298/4740 train_time:688586ms step_avg:208.79ms
step:3299/4740 train_time:688765ms step_avg:208.78ms
step:3300/4740 train_time:689088ms step_avg:208.81ms
step:3301/4740 train_time:689270ms step_avg:208.81ms
step:3302/4740 train_time:689593ms step_avg:208.84ms
step:3303/4740 train_time:689773ms step_avg:208.83ms
step:3304/4740 train_time:690098ms step_avg:208.87ms
step:3305/4740 train_time:690280ms step_avg:208.86ms
step:3306/4740 train_time:690602ms step_avg:208.89ms
step:3307/4740 train_time:690786ms step_avg:208.89ms
step:3308/4740 train_time:691110ms step_avg:208.92ms
step:3309/4740 train_time:691290ms step_avg:208.91ms
step:3310/4740 train_time:691612ms step_avg:208.95ms
step:3311/4740 train_time:691797ms step_avg:208.94ms
step:3312/4740 train_time:692120ms step_avg:208.97ms
step:3313/4740 train_time:692302ms step_avg:208.97ms
step:3314/4740 train_time:692626ms step_avg:209.00ms
step:3315/4740 train_time:692811ms step_avg:208.99ms
step:3316/4740 train_time:693134ms step_avg:209.03ms
step:3317/4740 train_time:693319ms step_avg:209.02ms
step:3318/4740 train_time:693643ms step_avg:209.05ms
step:3319/4740 train_time:693825ms step_avg:209.05ms
step:3320/4740 train_time:694148ms step_avg:209.08ms
step:3321/4740 train_time:694329ms step_avg:209.07ms
step:3322/4740 train_time:694652ms step_avg:209.11ms
step:3323/4740 train_time:694834ms step_avg:209.10ms
step:3324/4740 train_time:695158ms step_avg:209.13ms
step:3325/4740 train_time:695342ms step_avg:209.13ms
step:3326/4740 train_time:695665ms step_avg:209.16ms
step:3327/4740 train_time:695848ms step_avg:209.15ms
step:3328/4740 train_time:696173ms step_avg:209.19ms
step:3329/4740 train_time:696355ms step_avg:209.18ms
step:3330/4740 train_time:696674ms step_avg:209.21ms
step:3331/4740 train_time:696859ms step_avg:209.20ms
step:3332/4740 train_time:697185ms step_avg:209.24ms
step:3333/4740 train_time:697372ms step_avg:209.23ms
step:3334/4740 train_time:697692ms step_avg:209.27ms
step:3335/4740 train_time:697872ms step_avg:209.26ms
step:3336/4740 train_time:698196ms step_avg:209.29ms
step:3337/4740 train_time:698378ms step_avg:209.28ms
step:3338/4740 train_time:698699ms step_avg:209.32ms
step:3339/4740 train_time:698881ms step_avg:209.31ms
step:3340/4740 train_time:699205ms step_avg:209.34ms
step:3341/4740 train_time:699388ms step_avg:209.33ms
step:3342/4740 train_time:699711ms step_avg:209.37ms
step:3343/4740 train_time:699892ms step_avg:209.36ms
step:3344/4740 train_time:700214ms step_avg:209.39ms
step:3345/4740 train_time:700394ms step_avg:209.39ms
step:3346/4740 train_time:700722ms step_avg:209.42ms
step:3347/4740 train_time:700904ms step_avg:209.41ms
step:3348/4740 train_time:701228ms step_avg:209.45ms
step:3349/4740 train_time:701412ms step_avg:209.44ms
step:3350/4740 train_time:701740ms step_avg:209.47ms
step:3351/4740 train_time:701924ms step_avg:209.47ms
step:3352/4740 train_time:702248ms step_avg:209.50ms
step:3353/4740 train_time:702427ms step_avg:209.49ms
step:3354/4740 train_time:702756ms step_avg:209.53ms
step:3355/4740 train_time:702936ms step_avg:209.52ms
step:3356/4740 train_time:703259ms step_avg:209.55ms
step:3357/4740 train_time:703443ms step_avg:209.55ms
step:3358/4740 train_time:703764ms step_avg:209.58ms
step:3359/4740 train_time:703949ms step_avg:209.57ms
step:3360/4740 train_time:704273ms step_avg:209.61ms
step:3361/4740 train_time:704454ms step_avg:209.60ms
step:3362/4740 train_time:704779ms step_avg:209.63ms
step:3363/4740 train_time:704965ms step_avg:209.62ms
step:3364/4740 train_time:705290ms step_avg:209.66ms
step:3365/4740 train_time:705471ms step_avg:209.65ms
step:3366/4740 train_time:705795ms step_avg:209.68ms
step:3367/4740 train_time:705975ms step_avg:209.67ms
step:3368/4740 train_time:706299ms step_avg:209.71ms
step:3369/4740 train_time:706483ms step_avg:209.70ms
step:3370/4740 train_time:706804ms step_avg:209.73ms
step:3371/4740 train_time:706985ms step_avg:209.73ms
step:3372/4740 train_time:707309ms step_avg:209.76ms
step:3373/4740 train_time:707491ms step_avg:209.75ms
step:3374/4740 train_time:707811ms step_avg:209.78ms
step:3375/4740 train_time:707993ms step_avg:209.78ms
step:3376/4740 train_time:708319ms step_avg:209.81ms
step:3377/4740 train_time:708502ms step_avg:209.80ms
step:3378/4740 train_time:708824ms step_avg:209.84ms
step:3379/4740 train_time:709008ms step_avg:209.83ms
step:3380/4740 train_time:709331ms step_avg:209.86ms
step:3381/4740 train_time:709511ms step_avg:209.85ms
step:3382/4740 train_time:709831ms step_avg:209.89ms
step:3383/4740 train_time:710016ms step_avg:209.88ms
step:3384/4740 train_time:710340ms step_avg:209.91ms
step:3385/4740 train_time:710523ms step_avg:209.90ms
step:3386/4740 train_time:710847ms step_avg:209.94ms
step:3387/4740 train_time:711030ms step_avg:209.93ms
step:3388/4740 train_time:711351ms step_avg:209.96ms
step:3389/4740 train_time:711537ms step_avg:209.95ms
step:3390/4740 train_time:711860ms step_avg:209.99ms
step:3391/4740 train_time:712041ms step_avg:209.98ms
step:3392/4740 train_time:712359ms step_avg:210.01ms
step:3393/4740 train_time:712544ms step_avg:210.00ms
step:3394/4740 train_time:712868ms step_avg:210.04ms
step:3395/4740 train_time:713055ms step_avg:210.03ms
step:3396/4740 train_time:713376ms step_avg:210.06ms
step:3397/4740 train_time:713563ms step_avg:210.06ms
step:3398/4740 train_time:713887ms step_avg:210.09ms
step:3399/4740 train_time:714069ms step_avg:210.08ms
step:3400/4740 train_time:714393ms step_avg:210.12ms
step:3401/4740 train_time:714575ms step_avg:210.11ms
step:3402/4740 train_time:714899ms step_avg:210.14ms
step:3403/4740 train_time:715082ms step_avg:210.13ms
step:3404/4740 train_time:715408ms step_avg:210.17ms
step:3405/4740 train_time:715589ms step_avg:210.16ms
step:3406/4740 train_time:715913ms step_avg:210.19ms
step:3407/4740 train_time:716093ms step_avg:210.18ms
step:3408/4740 train_time:716418ms step_avg:210.22ms
step:3409/4740 train_time:716599ms step_avg:210.21ms
step:3410/4740 train_time:716918ms step_avg:210.24ms
step:3411/4740 train_time:717103ms step_avg:210.23ms
step:3412/4740 train_time:717432ms step_avg:210.27ms
step:3413/4740 train_time:717611ms step_avg:210.26ms
step:3414/4740 train_time:717936ms step_avg:210.29ms
step:3415/4740 train_time:718118ms step_avg:210.28ms
step:3416/4740 train_time:718446ms step_avg:210.32ms
step:3417/4740 train_time:718626ms step_avg:210.31ms
step:3418/4740 train_time:718949ms step_avg:210.34ms
step:3419/4740 train_time:719131ms step_avg:210.33ms
step:3420/4740 train_time:719456ms step_avg:210.37ms
step:3421/4740 train_time:719640ms step_avg:210.36ms
step:3422/4740 train_time:719961ms step_avg:210.39ms
step:3423/4740 train_time:720145ms step_avg:210.38ms
step:3424/4740 train_time:720470ms step_avg:210.42ms
step:3425/4740 train_time:720651ms step_avg:210.41ms
step:3426/4740 train_time:720973ms step_avg:210.44ms
step:3427/4740 train_time:721153ms step_avg:210.43ms
step:3428/4740 train_time:721476ms step_avg:210.47ms
step:3429/4740 train_time:721661ms step_avg:210.46ms
step:3430/4740 train_time:721980ms step_avg:210.49ms
step:3431/4740 train_time:722165ms step_avg:210.48ms
step:3432/4740 train_time:722490ms step_avg:210.52ms
step:3433/4740 train_time:722673ms step_avg:210.51ms
step:3434/4740 train_time:722995ms step_avg:210.54ms
step:3435/4740 train_time:723177ms step_avg:210.53ms
step:3436/4740 train_time:723498ms step_avg:210.56ms
step:3437/4740 train_time:723681ms step_avg:210.56ms
step:3438/4740 train_time:724003ms step_avg:210.59ms
step:3439/4740 train_time:724185ms step_avg:210.58ms
step:3440/4740 train_time:724510ms step_avg:210.61ms
step:3441/4740 train_time:724695ms step_avg:210.61ms
step:3442/4740 train_time:725019ms step_avg:210.64ms
step:3443/4740 train_time:725201ms step_avg:210.63ms
step:3444/4740 train_time:725527ms step_avg:210.66ms
step:3445/4740 train_time:725710ms step_avg:210.66ms
step:3446/4740 train_time:726030ms step_avg:210.69ms
step:3447/4740 train_time:726214ms step_avg:210.68ms
step:3448/4740 train_time:726538ms step_avg:210.71ms
step:3449/4740 train_time:726720ms step_avg:210.70ms
step:3450/4740 train_time:727042ms step_avg:210.74ms
step:3451/4740 train_time:727228ms step_avg:210.73ms
step:3452/4740 train_time:727554ms step_avg:210.76ms
step:3453/4740 train_time:727735ms step_avg:210.75ms
step:3454/4740 train_time:728052ms step_avg:210.79ms
step:3455/4740 train_time:728238ms step_avg:210.78ms
step:3456/4740 train_time:728565ms step_avg:210.81ms
step:3457/4740 train_time:728744ms step_avg:210.80ms
step:3458/4740 train_time:729066ms step_avg:210.83ms
step:3459/4740 train_time:729250ms step_avg:210.83ms
step:3460/4740 train_time:729575ms step_avg:210.86ms
step:3461/4740 train_time:729757ms step_avg:210.85ms
step:3462/4740 train_time:730080ms step_avg:210.88ms
step:3463/4740 train_time:730262ms step_avg:210.88ms
step:3464/4740 train_time:730586ms step_avg:210.91ms
step:3465/4740 train_time:730769ms step_avg:210.90ms
step:3466/4740 train_time:731091ms step_avg:210.93ms
step:3467/4740 train_time:731271ms step_avg:210.92ms
step:3468/4740 train_time:731595ms step_avg:210.96ms
step:3469/4740 train_time:731781ms step_avg:210.95ms
step:3470/4740 train_time:732101ms step_avg:210.98ms
step:3471/4740 train_time:732282ms step_avg:210.97ms
step:3472/4740 train_time:732608ms step_avg:211.00ms
step:3473/4740 train_time:732793ms step_avg:211.00ms
step:3474/4740 train_time:733113ms step_avg:211.03ms
step:3475/4740 train_time:733297ms step_avg:211.02ms
step:3476/4740 train_time:733621ms step_avg:211.05ms
step:3477/4740 train_time:733802ms step_avg:211.04ms
step:3478/4740 train_time:734125ms step_avg:211.08ms
step:3479/4740 train_time:734312ms step_avg:211.07ms
step:3480/4740 train_time:734637ms step_avg:211.10ms
step:3481/4740 train_time:734818ms step_avg:211.09ms
step:3482/4740 train_time:735139ms step_avg:211.13ms
step:3483/4740 train_time:735322ms step_avg:211.12ms
step:3484/4740 train_time:735645ms step_avg:211.15ms
step:3485/4740 train_time:735831ms step_avg:211.14ms
step:3486/4740 train_time:736154ms step_avg:211.17ms
step:3487/4740 train_time:736336ms step_avg:211.17ms
step:3488/4740 train_time:736657ms step_avg:211.20ms
step:3489/4740 train_time:736840ms step_avg:211.19ms
step:3490/4740 train_time:737162ms step_avg:211.22ms
step:3491/4740 train_time:737344ms step_avg:211.21ms
step:3492/4740 train_time:737667ms step_avg:211.24ms
step:3493/4740 train_time:737848ms step_avg:211.24ms
step:3494/4740 train_time:738174ms step_avg:211.27ms
step:3495/4740 train_time:738355ms step_avg:211.26ms
step:3496/4740 train_time:738677ms step_avg:211.29ms
step:3497/4740 train_time:738863ms step_avg:211.28ms
step:3498/4740 train_time:739185ms step_avg:211.32ms
step:3499/4740 train_time:739370ms step_avg:211.31ms
step:3500/4740 train_time:739691ms step_avg:211.34ms
step:3500/4740 val_loss:3.0423 train_time:739815ms step_avg:211.38ms
step:3501/4740 train_time:739871ms step_avg:211.33ms
step:3502/4740 train_time:740197ms step_avg:211.36ms
step:3503/4740 train_time:740386ms step_avg:211.36ms
step:3504/4740 train_time:740701ms step_avg:211.39ms
step:3505/4740 train_time:740884ms step_avg:211.38ms
step:3506/4740 train_time:741210ms step_avg:211.41ms
step:3507/4740 train_time:741398ms step_avg:211.41ms
step:3508/4740 train_time:741718ms step_avg:211.44ms
step:3509/4740 train_time:741896ms step_avg:211.43ms
step:3510/4740 train_time:742224ms step_avg:211.46ms
step:3511/4740 train_time:742409ms step_avg:211.45ms
step:3512/4740 train_time:742729ms step_avg:211.48ms
step:3513/4740 train_time:742911ms step_avg:211.47ms
step:3514/4740 train_time:743236ms step_avg:211.51ms
step:3515/4740 train_time:743417ms step_avg:211.50ms
step:3516/4740 train_time:743738ms step_avg:211.53ms
step:3517/4740 train_time:743919ms step_avg:211.52ms
step:3518/4740 train_time:744242ms step_avg:211.55ms
step:3519/4740 train_time:744425ms step_avg:211.54ms
step:3520/4740 train_time:744748ms step_avg:211.58ms
step:3521/4740 train_time:744932ms step_avg:211.57ms
step:3522/4740 train_time:745254ms step_avg:211.60ms
step:3523/4740 train_time:745437ms step_avg:211.59ms
step:3524/4740 train_time:745761ms step_avg:211.62ms
step:3525/4740 train_time:745941ms step_avg:211.61ms
step:3526/4740 train_time:746267ms step_avg:211.65ms
step:3527/4740 train_time:746451ms step_avg:211.64ms
step:3528/4740 train_time:746774ms step_avg:211.67ms
step:3529/4740 train_time:746956ms step_avg:211.66ms
step:3530/4740 train_time:747277ms step_avg:211.69ms
step:3531/4740 train_time:747460ms step_avg:211.68ms
step:3532/4740 train_time:747783ms step_avg:211.72ms
step:3533/4740 train_time:747965ms step_avg:211.71ms
step:3534/4740 train_time:748288ms step_avg:211.74ms
step:3535/4740 train_time:748472ms step_avg:211.73ms
step:3536/4740 train_time:748798ms step_avg:211.76ms
step:3537/4740 train_time:748976ms step_avg:211.75ms
step:3538/4740 train_time:749295ms step_avg:211.78ms
step:3539/4740 train_time:749481ms step_avg:211.78ms
step:3540/4740 train_time:749803ms step_avg:211.81ms
step:3541/4740 train_time:749985ms step_avg:211.80ms
step:3542/4740 train_time:750309ms step_avg:211.83ms
step:3543/4740 train_time:750491ms step_avg:211.82ms
step:3544/4740 train_time:750814ms step_avg:211.86ms
step:3545/4740 train_time:750995ms step_avg:211.85ms
step:3546/4740 train_time:751316ms step_avg:211.88ms
step:3547/4740 train_time:751504ms step_avg:211.87ms
step:3548/4740 train_time:751826ms step_avg:211.90ms
step:3549/4740 train_time:752008ms step_avg:211.89ms
step:3550/4740 train_time:752334ms step_avg:211.93ms
step:3551/4740 train_time:752514ms step_avg:211.92ms
step:3552/4740 train_time:752838ms step_avg:211.95ms
step:3553/4740 train_time:753022ms step_avg:211.94ms
step:3554/4740 train_time:753344ms step_avg:211.97ms
step:3555/4740 train_time:753530ms step_avg:211.96ms
step:3556/4740 train_time:753856ms step_avg:212.00ms
step:3557/4740 train_time:754040ms step_avg:211.99ms
step:3558/4740 train_time:754365ms step_avg:212.02ms
step:3559/4740 train_time:754548ms step_avg:212.01ms
step:3560/4740 train_time:754872ms step_avg:212.04ms
step:3561/4740 train_time:755054ms step_avg:212.03ms
step:3562/4740 train_time:755378ms step_avg:212.07ms
step:3563/4740 train_time:755561ms step_avg:212.06ms
step:3564/4740 train_time:755883ms step_avg:212.09ms
step:3565/4740 train_time:756064ms step_avg:212.08ms
step:3566/4740 train_time:756386ms step_avg:212.11ms
step:3567/4740 train_time:756570ms step_avg:212.10ms
step:3568/4740 train_time:756893ms step_avg:212.13ms
step:3569/4740 train_time:757073ms step_avg:212.12ms
step:3570/4740 train_time:757397ms step_avg:212.16ms
step:3571/4740 train_time:757577ms step_avg:212.15ms
step:3572/4740 train_time:757902ms step_avg:212.18ms
step:3573/4740 train_time:758082ms step_avg:212.17ms
step:3574/4740 train_time:758409ms step_avg:212.20ms
step:3575/4740 train_time:758590ms step_avg:212.19ms
step:3576/4740 train_time:758912ms step_avg:212.22ms
step:3577/4740 train_time:759092ms step_avg:212.21ms
step:3578/4740 train_time:759418ms step_avg:212.25ms
step:3579/4740 train_time:759601ms step_avg:212.24ms
step:3580/4740 train_time:759928ms step_avg:212.27ms
step:3581/4740 train_time:760111ms step_avg:212.26ms
step:3582/4740 train_time:760435ms step_avg:212.29ms
step:3583/4740 train_time:760620ms step_avg:212.29ms
step:3584/4740 train_time:760943ms step_avg:212.32ms
step:3585/4740 train_time:761122ms step_avg:212.31ms
step:3586/4740 train_time:761442ms step_avg:212.34ms
step:3587/4740 train_time:761628ms step_avg:212.33ms
step:3588/4740 train_time:761951ms step_avg:212.36ms
step:3589/4740 train_time:762139ms step_avg:212.35ms
step:3590/4740 train_time:762456ms step_avg:212.38ms
step:3591/4740 train_time:762648ms step_avg:212.38ms
step:3592/4740 train_time:762965ms step_avg:212.41ms
step:3593/4740 train_time:763150ms step_avg:212.40ms
step:3594/4740 train_time:763472ms step_avg:212.43ms
step:3595/4740 train_time:763656ms step_avg:212.42ms
step:3596/4740 train_time:763977ms step_avg:212.45ms
step:3597/4740 train_time:764160ms step_avg:212.44ms
step:3598/4740 train_time:764483ms step_avg:212.47ms
step:3599/4740 train_time:764668ms step_avg:212.47ms
step:3600/4740 train_time:764991ms step_avg:212.50ms
step:3601/4740 train_time:765172ms step_avg:212.49ms
step:3602/4740 train_time:765496ms step_avg:212.52ms
step:3603/4740 train_time:765684ms step_avg:212.51ms
step:3604/4740 train_time:766005ms step_avg:212.54ms
step:3605/4740 train_time:766188ms step_avg:212.53ms
step:3606/4740 train_time:766509ms step_avg:212.56ms
step:3607/4740 train_time:766693ms step_avg:212.56ms
step:3608/4740 train_time:767013ms step_avg:212.59ms
step:3609/4740 train_time:767197ms step_avg:212.58ms
step:3610/4740 train_time:767517ms step_avg:212.61ms
step:3611/4740 train_time:767702ms step_avg:212.60ms
step:3612/4740 train_time:768025ms step_avg:212.63ms
step:3613/4740 train_time:768208ms step_avg:212.62ms
step:3614/4740 train_time:768534ms step_avg:212.65ms
step:3615/4740 train_time:768716ms step_avg:212.65ms
step:3616/4740 train_time:769037ms step_avg:212.68ms
step:3617/4740 train_time:769227ms step_avg:212.67ms
step:3618/4740 train_time:769547ms step_avg:212.70ms
step:3619/4740 train_time:769730ms step_avg:212.69ms
step:3620/4740 train_time:770052ms step_avg:212.72ms
step:3621/4740 train_time:770236ms step_avg:212.71ms
step:3622/4740 train_time:770559ms step_avg:212.74ms
step:3623/4740 train_time:770740ms step_avg:212.74ms
step:3624/4740 train_time:771065ms step_avg:212.77ms
step:3625/4740 train_time:771248ms step_avg:212.76ms
step:3626/4740 train_time:771568ms step_avg:212.79ms
step:3627/4740 train_time:771755ms step_avg:212.78ms
step:3628/4740 train_time:772080ms step_avg:212.81ms
step:3629/4740 train_time:772262ms step_avg:212.80ms
step:3630/4740 train_time:772584ms step_avg:212.83ms
step:3631/4740 train_time:772768ms step_avg:212.83ms
step:3632/4740 train_time:773092ms step_avg:212.86ms
step:3633/4740 train_time:773276ms step_avg:212.85ms
step:3634/4740 train_time:773598ms step_avg:212.88ms
step:3635/4740 train_time:773780ms step_avg:212.87ms
step:3636/4740 train_time:774102ms step_avg:212.90ms
step:3637/4740 train_time:774286ms step_avg:212.89ms
step:3638/4740 train_time:774611ms step_avg:212.92ms
step:3639/4740 train_time:774791ms step_avg:212.91ms
step:3640/4740 train_time:775114ms step_avg:212.94ms
step:3641/4740 train_time:775292ms step_avg:212.93ms
step:3642/4740 train_time:775616ms step_avg:212.96ms
step:3643/4740 train_time:775799ms step_avg:212.96ms
step:3644/4740 train_time:776120ms step_avg:212.99ms
step:3645/4740 train_time:776307ms step_avg:212.98ms
step:3646/4740 train_time:776630ms step_avg:213.01ms
step:3647/4740 train_time:776813ms step_avg:213.00ms
step:3648/4740 train_time:777137ms step_avg:213.03ms
step:3649/4740 train_time:777322ms step_avg:213.02ms
step:3650/4740 train_time:777646ms step_avg:213.05ms
step:3651/4740 train_time:777833ms step_avg:213.05ms
step:3652/4740 train_time:778156ms step_avg:213.08ms
step:3653/4740 train_time:778337ms step_avg:213.07ms
step:3654/4740 train_time:778661ms step_avg:213.10ms
step:3655/4740 train_time:778842ms step_avg:213.09ms
step:3656/4740 train_time:779167ms step_avg:213.12ms
step:3657/4740 train_time:779345ms step_avg:213.11ms
step:3658/4740 train_time:779667ms step_avg:213.14ms
step:3659/4740 train_time:779853ms step_avg:213.13ms
step:3660/4740 train_time:780174ms step_avg:213.16ms
step:3661/4740 train_time:780360ms step_avg:213.15ms
step:3662/4740 train_time:780683ms step_avg:213.18ms
step:3663/4740 train_time:780867ms step_avg:213.18ms
step:3664/4740 train_time:781194ms step_avg:213.21ms
step:3665/4740 train_time:781380ms step_avg:213.20ms
step:3666/4740 train_time:781700ms step_avg:213.23ms
step:3667/4740 train_time:781887ms step_avg:213.22ms
step:3668/4740 train_time:782211ms step_avg:213.25ms
step:3669/4740 train_time:782391ms step_avg:213.24ms
step:3670/4740 train_time:782713ms step_avg:213.27ms
step:3671/4740 train_time:782897ms step_avg:213.27ms
step:3672/4740 train_time:783222ms step_avg:213.30ms
step:3673/4740 train_time:783402ms step_avg:213.29ms
step:3674/4740 train_time:783721ms step_avg:213.32ms
step:3675/4740 train_time:783905ms step_avg:213.31ms
step:3676/4740 train_time:784227ms step_avg:213.34ms
step:3677/4740 train_time:784409ms step_avg:213.33ms
step:3678/4740 train_time:784734ms step_avg:213.36ms
step:3679/4740 train_time:784918ms step_avg:213.35ms
step:3680/4740 train_time:785243ms step_avg:213.38ms
step:3681/4740 train_time:785427ms step_avg:213.37ms
step:3682/4740 train_time:785751ms step_avg:213.40ms
step:3683/4740 train_time:785931ms step_avg:213.39ms
step:3684/4740 train_time:786254ms step_avg:213.42ms
step:3685/4740 train_time:786435ms step_avg:213.42ms
step:3686/4740 train_time:786755ms step_avg:213.44ms
step:3687/4740 train_time:786943ms step_avg:213.44ms
step:3688/4740 train_time:787263ms step_avg:213.47ms
step:3689/4740 train_time:787446ms step_avg:213.46ms
step:3690/4740 train_time:787771ms step_avg:213.49ms
step:3691/4740 train_time:787954ms step_avg:213.48ms
step:3692/4740 train_time:788273ms step_avg:213.51ms
step:3693/4740 train_time:788455ms step_avg:213.50ms
step:3694/4740 train_time:788778ms step_avg:213.53ms
step:3695/4740 train_time:788964ms step_avg:213.52ms
step:3696/4740 train_time:789277ms step_avg:213.55ms
step:3697/4740 train_time:789465ms step_avg:213.54ms
step:3698/4740 train_time:789786ms step_avg:213.57ms
step:3699/4740 train_time:789969ms step_avg:213.56ms
step:3700/4740 train_time:790290ms step_avg:213.59ms
step:3701/4740 train_time:790477ms step_avg:213.58ms
step:3702/4740 train_time:790797ms step_avg:213.61ms
step:3703/4740 train_time:790981ms step_avg:213.61ms
step:3704/4740 train_time:791303ms step_avg:213.63ms
step:3705/4740 train_time:791490ms step_avg:213.63ms
step:3706/4740 train_time:791811ms step_avg:213.66ms
step:3707/4740 train_time:791993ms step_avg:213.65ms
step:3708/4740 train_time:792319ms step_avg:213.68ms
step:3709/4740 train_time:792498ms step_avg:213.67ms
step:3710/4740 train_time:792821ms step_avg:213.70ms
step:3711/4740 train_time:793001ms step_avg:213.69ms
step:3712/4740 train_time:793322ms step_avg:213.72ms
step:3713/4740 train_time:793507ms step_avg:213.71ms
step:3714/4740 train_time:793832ms step_avg:213.74ms
step:3715/4740 train_time:794010ms step_avg:213.73ms
step:3716/4740 train_time:794335ms step_avg:213.76ms
step:3717/4740 train_time:794519ms step_avg:213.75ms
step:3718/4740 train_time:794843ms step_avg:213.78ms
step:3719/4740 train_time:795028ms step_avg:213.77ms
step:3720/4740 train_time:795352ms step_avg:213.80ms
step:3721/4740 train_time:795537ms step_avg:213.80ms
step:3722/4740 train_time:795859ms step_avg:213.83ms
step:3723/4740 train_time:796042ms step_avg:213.82ms
step:3724/4740 train_time:796364ms step_avg:213.85ms
step:3725/4740 train_time:796547ms step_avg:213.84ms
step:3726/4740 train_time:796871ms step_avg:213.87ms
step:3727/4740 train_time:797056ms step_avg:213.86ms
step:3728/4740 train_time:797377ms step_avg:213.89ms
step:3729/4740 train_time:797559ms step_avg:213.88ms
step:3730/4740 train_time:797877ms step_avg:213.91ms
step:3731/4740 train_time:798066ms step_avg:213.90ms
step:3732/4740 train_time:798385ms step_avg:213.93ms
step:3733/4740 train_time:798567ms step_avg:213.92ms
step:3734/4740 train_time:798890ms step_avg:213.95ms
step:3735/4740 train_time:799075ms step_avg:213.94ms
step:3736/4740 train_time:799398ms step_avg:213.97ms
step:3737/4740 train_time:799578ms step_avg:213.96ms
step:3738/4740 train_time:799897ms step_avg:213.99ms
step:3739/4740 train_time:800082ms step_avg:213.98ms
step:3740/4740 train_time:800406ms step_avg:214.01ms
step:3741/4740 train_time:800587ms step_avg:214.00ms
step:3742/4740 train_time:800912ms step_avg:214.03ms
step:3743/4740 train_time:801095ms step_avg:214.02ms
step:3744/4740 train_time:801419ms step_avg:214.05ms
step:3745/4740 train_time:801599ms step_avg:214.05ms
step:3746/4740 train_time:801922ms step_avg:214.07ms
step:3747/4740 train_time:802105ms step_avg:214.07ms
step:3748/4740 train_time:802426ms step_avg:214.09ms
step:3749/4740 train_time:802611ms step_avg:214.09ms
step:3750/4740 train_time:802936ms step_avg:214.12ms
step:3750/4740 val_loss:3.0130 train_time:803062ms step_avg:214.15ms
step:3751/4740 train_time:803117ms step_avg:214.11ms
step:3752/4740 train_time:803447ms step_avg:214.14ms
step:3753/4740 train_time:803631ms step_avg:214.13ms
step:3754/4740 train_time:803951ms step_avg:214.16ms
step:3755/4740 train_time:804137ms step_avg:214.15ms
step:3756/4740 train_time:804459ms step_avg:214.18ms
step:3757/4740 train_time:804647ms step_avg:214.17ms
step:3758/4740 train_time:804969ms step_avg:214.20ms
step:3759/4740 train_time:805151ms step_avg:214.19ms
step:3760/4740 train_time:805475ms step_avg:214.22ms
step:3761/4740 train_time:805660ms step_avg:214.21ms
step:3762/4740 train_time:805978ms step_avg:214.24ms
step:3763/4740 train_time:806159ms step_avg:214.23ms
step:3764/4740 train_time:806484ms step_avg:214.26ms
step:3765/4740 train_time:806668ms step_avg:214.25ms
step:3766/4740 train_time:806990ms step_avg:214.28ms
step:3767/4740 train_time:807170ms step_avg:214.27ms
step:3768/4740 train_time:807495ms step_avg:214.30ms
step:3769/4740 train_time:807677ms step_avg:214.29ms
step:3770/4740 train_time:808002ms step_avg:214.32ms
step:3771/4740 train_time:808183ms step_avg:214.32ms
step:3772/4740 train_time:808505ms step_avg:214.34ms
step:3773/4740 train_time:808687ms step_avg:214.34ms
step:3774/4740 train_time:809009ms step_avg:214.36ms
step:3775/4740 train_time:809196ms step_avg:214.36ms
step:3776/4740 train_time:809521ms step_avg:214.39ms
step:3777/4740 train_time:809702ms step_avg:214.38ms
step:3778/4740 train_time:810021ms step_avg:214.40ms
step:3779/4740 train_time:810208ms step_avg:214.40ms
step:3780/4740 train_time:810532ms step_avg:214.43ms
step:3781/4740 train_time:810717ms step_avg:214.42ms
step:3782/4740 train_time:811039ms step_avg:214.45ms
step:3783/4740 train_time:811222ms step_avg:214.44ms
step:3784/4740 train_time:811543ms step_avg:214.47ms
step:3785/4740 train_time:811728ms step_avg:214.46ms
step:3786/4740 train_time:812049ms step_avg:214.49ms
step:3787/4740 train_time:812234ms step_avg:214.48ms
step:3788/4740 train_time:812555ms step_avg:214.51ms
step:3789/4740 train_time:812738ms step_avg:214.50ms
step:3790/4740 train_time:813064ms step_avg:214.53ms
step:3791/4740 train_time:813249ms step_avg:214.52ms
step:3792/4740 train_time:813572ms step_avg:214.55ms
step:3793/4740 train_time:813753ms step_avg:214.54ms
step:3794/4740 train_time:814075ms step_avg:214.57ms
step:3795/4740 train_time:814259ms step_avg:214.56ms
step:3796/4740 train_time:814580ms step_avg:214.59ms
step:3797/4740 train_time:814761ms step_avg:214.58ms
step:3798/4740 train_time:815086ms step_avg:214.61ms
step:3799/4740 train_time:815269ms step_avg:214.60ms
step:3800/4740 train_time:815593ms step_avg:214.63ms
step:3801/4740 train_time:815775ms step_avg:214.62ms
step:3802/4740 train_time:816096ms step_avg:214.65ms
step:3803/4740 train_time:816279ms step_avg:214.64ms
step:3804/4740 train_time:816606ms step_avg:214.67ms
step:3805/4740 train_time:816787ms step_avg:214.66ms
step:3806/4740 train_time:817109ms step_avg:214.69ms
step:3807/4740 train_time:817292ms step_avg:214.68ms
step:3808/4740 train_time:817619ms step_avg:214.71ms
step:3809/4740 train_time:817800ms step_avg:214.70ms
step:3810/4740 train_time:818124ms step_avg:214.73ms
step:3811/4740 train_time:818308ms step_avg:214.72ms
step:3812/4740 train_time:818626ms step_avg:214.75ms
step:3813/4740 train_time:818809ms step_avg:214.74ms
step:3814/4740 train_time:819131ms step_avg:214.77ms
step:3815/4740 train_time:819313ms step_avg:214.76ms
step:3816/4740 train_time:819632ms step_avg:214.79ms
step:3817/4740 train_time:819816ms step_avg:214.78ms
step:3818/4740 train_time:820139ms step_avg:214.81ms
step:3819/4740 train_time:820324ms step_avg:214.80ms
step:3820/4740 train_time:820645ms step_avg:214.83ms
step:3821/4740 train_time:820829ms step_avg:214.82ms
step:3822/4740 train_time:821149ms step_avg:214.85ms
step:3823/4740 train_time:821334ms step_avg:214.84ms
step:3824/4740 train_time:821656ms step_avg:214.87ms
step:3825/4740 train_time:821838ms step_avg:214.86ms
step:3826/4740 train_time:822164ms step_avg:214.89ms
step:3827/4740 train_time:822348ms step_avg:214.88ms
step:3828/4740 train_time:822671ms step_avg:214.91ms
step:3829/4740 train_time:822858ms step_avg:214.90ms
step:3830/4740 train_time:823181ms step_avg:214.93ms
step:3831/4740 train_time:823365ms step_avg:214.92ms
step:3832/4740 train_time:823688ms step_avg:214.95ms
step:3833/4740 train_time:823867ms step_avg:214.94ms
step:3834/4740 train_time:824187ms step_avg:214.97ms
step:3835/4740 train_time:824373ms step_avg:214.96ms
step:3836/4740 train_time:824693ms step_avg:214.99ms
step:3837/4740 train_time:824879ms step_avg:214.98ms
step:3838/4740 train_time:825204ms step_avg:215.01ms
step:3839/4740 train_time:825385ms step_avg:215.00ms
step:3840/4740 train_time:825706ms step_avg:215.03ms
step:3841/4740 train_time:825890ms step_avg:215.02ms
step:3842/4740 train_time:826212ms step_avg:215.05ms
step:3843/4740 train_time:826396ms step_avg:215.04ms
step:3844/4740 train_time:826722ms step_avg:215.07ms
step:3845/4740 train_time:826906ms step_avg:215.06ms
step:3846/4740 train_time:827230ms step_avg:215.09ms
step:3847/4740 train_time:827412ms step_avg:215.08ms
step:3848/4740 train_time:827735ms step_avg:215.11ms
step:3849/4740 train_time:827919ms step_avg:215.10ms
step:3850/4740 train_time:828242ms step_avg:215.13ms
step:3851/4740 train_time:828424ms step_avg:215.12ms
step:3852/4740 train_time:828746ms step_avg:215.15ms
step:3853/4740 train_time:828930ms step_avg:215.14ms
step:3854/4740 train_time:829248ms step_avg:215.17ms
step:3855/4740 train_time:829435ms step_avg:215.16ms
step:3856/4740 train_time:829758ms step_avg:215.19ms
step:3857/4740 train_time:829937ms step_avg:215.18ms
step:3858/4740 train_time:830259ms step_avg:215.20ms
step:3859/4740 train_time:830447ms step_avg:215.20ms
step:3860/4740 train_time:830770ms step_avg:215.23ms
step:3861/4740 train_time:830955ms step_avg:215.22ms
step:3862/4740 train_time:831278ms step_avg:215.25ms
step:3863/4740 train_time:831463ms step_avg:215.24ms
step:3864/4740 train_time:831788ms step_avg:215.27ms
step:3865/4740 train_time:831973ms step_avg:215.26ms
step:3866/4740 train_time:832296ms step_avg:215.29ms
step:3867/4740 train_time:832475ms step_avg:215.28ms
step:3868/4740 train_time:832795ms step_avg:215.30ms
step:3869/4740 train_time:832978ms step_avg:215.30ms
step:3870/4740 train_time:833302ms step_avg:215.32ms
step:3871/4740 train_time:833485ms step_avg:215.32ms
step:3872/4740 train_time:833810ms step_avg:215.34ms
step:3873/4740 train_time:833993ms step_avg:215.34ms
step:3874/4740 train_time:834315ms step_avg:215.36ms
step:3875/4740 train_time:834502ms step_avg:215.36ms
step:3876/4740 train_time:834825ms step_avg:215.38ms
step:3877/4740 train_time:835007ms step_avg:215.37ms
step:3878/4740 train_time:835331ms step_avg:215.40ms
step:3879/4740 train_time:835512ms step_avg:215.39ms
step:3880/4740 train_time:835832ms step_avg:215.42ms
step:3881/4740 train_time:836018ms step_avg:215.41ms
step:3882/4740 train_time:836340ms step_avg:215.44ms
step:3883/4740 train_time:836526ms step_avg:215.43ms
step:3884/4740 train_time:836848ms step_avg:215.46ms
step:3885/4740 train_time:837031ms step_avg:215.45ms
step:3886/4740 train_time:837354ms step_avg:215.48ms
step:3887/4740 train_time:837536ms step_avg:215.47ms
step:3888/4740 train_time:837861ms step_avg:215.50ms
step:3889/4740 train_time:838043ms step_avg:215.49ms
step:3890/4740 train_time:838364ms step_avg:215.52ms
step:3891/4740 train_time:838547ms step_avg:215.51ms
step:3892/4740 train_time:838872ms step_avg:215.54ms
step:3893/4740 train_time:839054ms step_avg:215.53ms
step:3894/4740 train_time:839377ms step_avg:215.56ms
step:3895/4740 train_time:839557ms step_avg:215.55ms
step:3896/4740 train_time:839882ms step_avg:215.58ms
step:3897/4740 train_time:840066ms step_avg:215.57ms
step:3898/4740 train_time:840389ms step_avg:215.59ms
step:3899/4740 train_time:840574ms step_avg:215.59ms
step:3900/4740 train_time:840898ms step_avg:215.61ms
step:3901/4740 train_time:841080ms step_avg:215.61ms
step:3902/4740 train_time:841406ms step_avg:215.63ms
step:3903/4740 train_time:841593ms step_avg:215.63ms
step:3904/4740 train_time:841919ms step_avg:215.66ms
step:3905/4740 train_time:842100ms step_avg:215.65ms
step:3906/4740 train_time:842424ms step_avg:215.67ms
step:3907/4740 train_time:842610ms step_avg:215.67ms
step:3908/4740 train_time:842934ms step_avg:215.69ms
step:3909/4740 train_time:843113ms step_avg:215.69ms
step:3910/4740 train_time:843437ms step_avg:215.71ms
step:3911/4740 train_time:843618ms step_avg:215.70ms
step:3912/4740 train_time:843943ms step_avg:215.73ms
step:3913/4740 train_time:844125ms step_avg:215.72ms
step:3914/4740 train_time:844448ms step_avg:215.75ms
step:3915/4740 train_time:844637ms step_avg:215.74ms
step:3916/4740 train_time:844959ms step_avg:215.77ms
step:3917/4740 train_time:845145ms step_avg:215.76ms
step:3918/4740 train_time:845465ms step_avg:215.79ms
step:3919/4740 train_time:845654ms step_avg:215.78ms
step:3920/4740 train_time:845976ms step_avg:215.81ms
step:3921/4740 train_time:846156ms step_avg:215.80ms
step:3922/4740 train_time:846480ms step_avg:215.83ms
step:3923/4740 train_time:846667ms step_avg:215.82ms
step:3924/4740 train_time:846991ms step_avg:215.85ms
step:3925/4740 train_time:847171ms step_avg:215.84ms
step:3926/4740 train_time:847494ms step_avg:215.87ms
step:3927/4740 train_time:847679ms step_avg:215.86ms
step:3928/4740 train_time:848004ms step_avg:215.89ms
step:3929/4740 train_time:848183ms step_avg:215.88ms
step:3930/4740 train_time:848509ms step_avg:215.91ms
step:3931/4740 train_time:848693ms step_avg:215.90ms
step:3932/4740 train_time:849012ms step_avg:215.92ms
step:3933/4740 train_time:849196ms step_avg:215.92ms
step:3934/4740 train_time:849521ms step_avg:215.94ms
step:3935/4740 train_time:849710ms step_avg:215.94ms
step:3936/4740 train_time:850033ms step_avg:215.96ms
step:3937/4740 train_time:850217ms step_avg:215.96ms
step:3938/4740 train_time:850542ms step_avg:215.98ms
step:3939/4740 train_time:850728ms step_avg:215.98ms
step:3940/4740 train_time:851051ms step_avg:216.00ms
step:3941/4740 train_time:851235ms step_avg:215.99ms
step:3942/4740 train_time:851560ms step_avg:216.02ms
step:3943/4740 train_time:851746ms step_avg:216.01ms
step:3944/4740 train_time:852070ms step_avg:216.04ms
step:3945/4740 train_time:852248ms step_avg:216.03ms
step:3946/4740 train_time:852577ms step_avg:216.06ms
step:3947/4740 train_time:852759ms step_avg:216.05ms
step:3948/4740 train_time:853082ms step_avg:216.08ms
step:3949/4740 train_time:853263ms step_avg:216.07ms
step:3950/4740 train_time:853587ms step_avg:216.10ms
step:3951/4740 train_time:853770ms step_avg:216.09ms
step:3952/4740 train_time:854093ms step_avg:216.12ms
step:3953/4740 train_time:854271ms step_avg:216.11ms
step:3954/4740 train_time:854593ms step_avg:216.13ms
step:3955/4740 train_time:854775ms step_avg:216.13ms
step:3956/4740 train_time:855099ms step_avg:216.15ms
step:3957/4740 train_time:855281ms step_avg:216.14ms
step:3958/4740 train_time:855604ms step_avg:216.17ms
step:3959/4740 train_time:855789ms step_avg:216.16ms
step:3960/4740 train_time:856110ms step_avg:216.19ms
step:3961/4740 train_time:856293ms step_avg:216.18ms
step:3962/4740 train_time:856616ms step_avg:216.21ms
step:3963/4740 train_time:856800ms step_avg:216.20ms
step:3964/4740 train_time:857122ms step_avg:216.23ms
step:3965/4740 train_time:857309ms step_avg:216.22ms
step:3966/4740 train_time:857632ms step_avg:216.25ms
step:3967/4740 train_time:857813ms step_avg:216.24ms
step:3968/4740 train_time:858137ms step_avg:216.26ms
step:3969/4740 train_time:858321ms step_avg:216.26ms
step:3970/4740 train_time:858642ms step_avg:216.28ms
step:3971/4740 train_time:858828ms step_avg:216.27ms
step:3972/4740 train_time:859150ms step_avg:216.30ms
step:3973/4740 train_time:859335ms step_avg:216.29ms
step:3974/4740 train_time:859650ms step_avg:216.32ms
step:3975/4740 train_time:859839ms step_avg:216.31ms
step:3976/4740 train_time:860162ms step_avg:216.34ms
step:3977/4740 train_time:860344ms step_avg:216.33ms
step:3978/4740 train_time:860664ms step_avg:216.36ms
step:3979/4740 train_time:860847ms step_avg:216.35ms
step:3980/4740 train_time:861171ms step_avg:216.37ms
step:3981/4740 train_time:861351ms step_avg:216.37ms
step:3982/4740 train_time:861671ms step_avg:216.39ms
step:3983/4740 train_time:861853ms step_avg:216.38ms
step:3984/4740 train_time:862177ms step_avg:216.41ms
step:3985/4740 train_time:862359ms step_avg:216.40ms
step:3986/4740 train_time:862681ms step_avg:216.43ms
step:3987/4740 train_time:862867ms step_avg:216.42ms
step:3988/4740 train_time:863191ms step_avg:216.45ms
step:3989/4740 train_time:863377ms step_avg:216.44ms
step:3990/4740 train_time:863700ms step_avg:216.47ms
step:3991/4740 train_time:863883ms step_avg:216.46ms
step:3992/4740 train_time:864204ms step_avg:216.48ms
step:3993/4740 train_time:864387ms step_avg:216.48ms
step:3994/4740 train_time:864712ms step_avg:216.50ms
step:3995/4740 train_time:864894ms step_avg:216.49ms
step:3996/4740 train_time:865217ms step_avg:216.52ms
step:3997/4740 train_time:865400ms step_avg:216.51ms
step:3998/4740 train_time:865726ms step_avg:216.54ms
step:3999/4740 train_time:865910ms step_avg:216.53ms
step:4000/4740 train_time:866231ms step_avg:216.56ms
step:4000/4740 val_loss:2.9860 train_time:866359ms step_avg:216.59ms
step:4001/4740 train_time:866415ms step_avg:216.55ms
step:4002/4740 train_time:866742ms step_avg:216.58ms
step:4003/4740 train_time:866929ms step_avg:216.57ms
step:4004/4740 train_time:867247ms step_avg:216.60ms
step:4005/4740 train_time:867430ms step_avg:216.59ms
step:4006/4740 train_time:867755ms step_avg:216.61ms
step:4007/4740 train_time:867943ms step_avg:216.61ms
step:4008/4740 train_time:868265ms step_avg:216.63ms
step:4009/4740 train_time:868445ms step_avg:216.62ms
step:4010/4740 train_time:868772ms step_avg:216.65ms
step:4011/4740 train_time:868958ms step_avg:216.64ms
step:4012/4740 train_time:869277ms step_avg:216.67ms
step:4013/4740 train_time:869461ms step_avg:216.66ms
step:4014/4740 train_time:869784ms step_avg:216.69ms
step:4015/4740 train_time:869971ms step_avg:216.68ms
step:4016/4740 train_time:870291ms step_avg:216.71ms
step:4017/4740 train_time:870474ms step_avg:216.70ms
step:4018/4740 train_time:870799ms step_avg:216.72ms
step:4019/4740 train_time:870983ms step_avg:216.72ms
step:4020/4740 train_time:871308ms step_avg:216.74ms
step:4021/4740 train_time:871489ms step_avg:216.73ms
step:4022/4740 train_time:871813ms step_avg:216.76ms
step:4023/4740 train_time:871994ms step_avg:216.75ms
step:4024/4740 train_time:872320ms step_avg:216.78ms
step:4025/4740 train_time:872502ms step_avg:216.77ms
step:4026/4740 train_time:872822ms step_avg:216.80ms
step:4027/4740 train_time:873007ms step_avg:216.79ms
step:4028/4740 train_time:873328ms step_avg:216.81ms
step:4029/4740 train_time:873516ms step_avg:216.81ms
step:4030/4740 train_time:873839ms step_avg:216.83ms
step:4031/4740 train_time:874022ms step_avg:216.83ms
step:4032/4740 train_time:874346ms step_avg:216.85ms
step:4033/4740 train_time:874531ms step_avg:216.84ms
step:4034/4740 train_time:874854ms step_avg:216.87ms
step:4035/4740 train_time:875035ms step_avg:216.86ms
step:4036/4740 train_time:875359ms step_avg:216.89ms
step:4037/4740 train_time:875547ms step_avg:216.88ms
step:4038/4740 train_time:875868ms step_avg:216.91ms
step:4039/4740 train_time:876055ms step_avg:216.90ms
step:4040/4740 train_time:876375ms step_avg:216.92ms
step:4041/4740 train_time:876563ms step_avg:216.92ms
step:4042/4740 train_time:876884ms step_avg:216.94ms
step:4043/4740 train_time:877070ms step_avg:216.94ms
step:4044/4740 train_time:877391ms step_avg:216.96ms
step:4045/4740 train_time:877574ms step_avg:216.95ms
step:4046/4740 train_time:877895ms step_avg:216.98ms
step:4047/4740 train_time:878081ms step_avg:216.97ms
step:4048/4740 train_time:878403ms step_avg:217.00ms
step:4049/4740 train_time:878585ms step_avg:216.99ms
step:4050/4740 train_time:878908ms step_avg:217.01ms
step:4051/4740 train_time:879091ms step_avg:217.01ms
step:4052/4740 train_time:879412ms step_avg:217.03ms
step:4053/4740 train_time:879601ms step_avg:217.02ms
step:4054/4740 train_time:879917ms step_avg:217.05ms
step:4055/4740 train_time:880104ms step_avg:217.04ms
step:4056/4740 train_time:880424ms step_avg:217.07ms
step:4057/4740 train_time:880610ms step_avg:217.06ms
step:4058/4740 train_time:880931ms step_avg:217.09ms
step:4059/4740 train_time:881119ms step_avg:217.08ms
step:4060/4740 train_time:881440ms step_avg:217.10ms
step:4061/4740 train_time:881623ms step_avg:217.10ms
step:4062/4740 train_time:881946ms step_avg:217.12ms
step:4063/4740 train_time:882133ms step_avg:217.11ms
step:4064/4740 train_time:882458ms step_avg:217.14ms
step:4065/4740 train_time:882637ms step_avg:217.13ms
step:4066/4740 train_time:882963ms step_avg:217.16ms
step:4067/4740 train_time:883143ms step_avg:217.15ms
step:4068/4740 train_time:883464ms step_avg:217.17ms
step:4069/4740 train_time:883641ms step_avg:217.16ms
step:4070/4740 train_time:883966ms step_avg:217.19ms
step:4071/4740 train_time:884153ms step_avg:217.18ms
step:4072/4740 train_time:884475ms step_avg:217.21ms
step:4073/4740 train_time:884656ms step_avg:217.20ms
step:4074/4740 train_time:884979ms step_avg:217.23ms
step:4075/4740 train_time:885164ms step_avg:217.22ms
step:4076/4740 train_time:885493ms step_avg:217.25ms
step:4077/4740 train_time:885678ms step_avg:217.24ms
step:4078/4740 train_time:886003ms step_avg:217.26ms
step:4079/4740 train_time:886183ms step_avg:217.25ms
step:4080/4740 train_time:886503ms step_avg:217.28ms
step:4081/4740 train_time:886691ms step_avg:217.27ms
step:4082/4740 train_time:887011ms step_avg:217.30ms
step:4083/4740 train_time:887195ms step_avg:217.29ms
step:4084/4740 train_time:887519ms step_avg:217.32ms
step:4085/4740 train_time:887699ms step_avg:217.31ms
step:4086/4740 train_time:888021ms step_avg:217.33ms
step:4087/4740 train_time:888202ms step_avg:217.32ms
step:4088/4740 train_time:888527ms step_avg:217.35ms
step:4089/4740 train_time:888710ms step_avg:217.34ms
step:4090/4740 train_time:889034ms step_avg:217.37ms
step:4091/4740 train_time:889216ms step_avg:217.36ms
step:4092/4740 train_time:889536ms step_avg:217.38ms
step:4093/4740 train_time:889720ms step_avg:217.38ms
step:4094/4740 train_time:890046ms step_avg:217.40ms
step:4095/4740 train_time:890231ms step_avg:217.39ms
step:4096/4740 train_time:890557ms step_avg:217.42ms
step:4097/4740 train_time:890737ms step_avg:217.41ms
step:4098/4740 train_time:891059ms step_avg:217.44ms
step:4099/4740 train_time:891239ms step_avg:217.43ms
step:4100/4740 train_time:891564ms step_avg:217.45ms
step:4101/4740 train_time:891743ms step_avg:217.45ms
step:4102/4740 train_time:892067ms step_avg:217.47ms
step:4103/4740 train_time:892250ms step_avg:217.46ms
step:4104/4740 train_time:892575ms step_avg:217.49ms
step:4105/4740 train_time:892759ms step_avg:217.48ms
step:4106/4740 train_time:893077ms step_avg:217.51ms
step:4107/4740 train_time:893262ms step_avg:217.50ms
step:4108/4740 train_time:893583ms step_avg:217.52ms
step:4109/4740 train_time:893768ms step_avg:217.51ms
step:4110/4740 train_time:894090ms step_avg:217.54ms
step:4111/4740 train_time:894272ms step_avg:217.53ms
step:4112/4740 train_time:894596ms step_avg:217.56ms
step:4113/4740 train_time:894778ms step_avg:217.55ms
step:4114/4740 train_time:895098ms step_avg:217.57ms
step:4115/4740 train_time:895289ms step_avg:217.57ms
step:4116/4740 train_time:895607ms step_avg:217.59ms
step:4117/4740 train_time:895791ms step_avg:217.58ms
step:4118/4740 train_time:896113ms step_avg:217.61ms
step:4119/4740 train_time:896299ms step_avg:217.60ms
step:4120/4740 train_time:896622ms step_avg:217.63ms
step:4121/4740 train_time:896806ms step_avg:217.62ms
step:4122/4740 train_time:897126ms step_avg:217.64ms
step:4123/4740 train_time:897311ms step_avg:217.64ms
step:4124/4740 train_time:897637ms step_avg:217.66ms
step:4125/4740 train_time:897815ms step_avg:217.65ms
step:4126/4740 train_time:898136ms step_avg:217.68ms
step:4127/4740 train_time:898321ms step_avg:217.67ms
step:4128/4740 train_time:898645ms step_avg:217.69ms
step:4129/4740 train_time:898827ms step_avg:217.69ms
step:4130/4740 train_time:899151ms step_avg:217.71ms
step:4131/4740 train_time:899339ms step_avg:217.70ms
step:4132/4740 train_time:899660ms step_avg:217.73ms
step:4133/4740 train_time:899844ms step_avg:217.72ms
step:4134/4740 train_time:900166ms step_avg:217.75ms
step:4135/4740 train_time:900353ms step_avg:217.74ms
step:4136/4740 train_time:900674ms step_avg:217.76ms
step:4137/4740 train_time:900858ms step_avg:217.76ms
step:4138/4740 train_time:901180ms step_avg:217.78ms
step:4139/4740 train_time:901364ms step_avg:217.77ms
step:4140/4740 train_time:901683ms step_avg:217.80ms
step:4141/4740 train_time:901866ms step_avg:217.79ms
step:4142/4740 train_time:902189ms step_avg:217.81ms
step:4143/4740 train_time:902371ms step_avg:217.81ms
step:4144/4740 train_time:902693ms step_avg:217.83ms
step:4145/4740 train_time:902875ms step_avg:217.82ms
step:4146/4740 train_time:903197ms step_avg:217.85ms
step:4147/4740 train_time:903377ms step_avg:217.84ms
step:4148/4740 train_time:903704ms step_avg:217.87ms
step:4149/4740 train_time:903886ms step_avg:217.86ms
step:4150/4740 train_time:904206ms step_avg:217.88ms
step:4151/4740 train_time:904392ms step_avg:217.87ms
step:4152/4740 train_time:904714ms step_avg:217.90ms
step:4153/4740 train_time:904900ms step_avg:217.89ms
step:4154/4740 train_time:905227ms step_avg:217.92ms
step:4155/4740 train_time:905412ms step_avg:217.91ms
step:4156/4740 train_time:905732ms step_avg:217.93ms
step:4157/4740 train_time:905924ms step_avg:217.93ms
step:4158/4740 train_time:906243ms step_avg:217.95ms
step:4159/4740 train_time:906425ms step_avg:217.94ms
step:4160/4740 train_time:906750ms step_avg:217.97ms
step:4161/4740 train_time:906932ms step_avg:217.96ms
step:4162/4740 train_time:907258ms step_avg:217.99ms
step:4163/4740 train_time:907442ms step_avg:217.98ms
step:4164/4740 train_time:907764ms step_avg:218.00ms
step:4165/4740 train_time:907951ms step_avg:218.00ms
step:4166/4740 train_time:908276ms step_avg:218.02ms
step:4167/4740 train_time:908457ms step_avg:218.01ms
step:4168/4740 train_time:908782ms step_avg:218.04ms
step:4169/4740 train_time:908962ms step_avg:218.03ms
step:4170/4740 train_time:909286ms step_avg:218.05ms
step:4171/4740 train_time:909470ms step_avg:218.05ms
step:4172/4740 train_time:909797ms step_avg:218.07ms
step:4173/4740 train_time:909977ms step_avg:218.06ms
step:4174/4740 train_time:910298ms step_avg:218.09ms
step:4175/4740 train_time:910482ms step_avg:218.08ms
step:4176/4740 train_time:910808ms step_avg:218.11ms
step:4177/4740 train_time:910991ms step_avg:218.10ms
step:4178/4740 train_time:911311ms step_avg:218.12ms
step:4179/4740 train_time:911496ms step_avg:218.11ms
step:4180/4740 train_time:911819ms step_avg:218.14ms
step:4181/4740 train_time:912003ms step_avg:218.13ms
step:4182/4740 train_time:912325ms step_avg:218.16ms
step:4183/4740 train_time:912508ms step_avg:218.15ms
step:4184/4740 train_time:912833ms step_avg:218.17ms
step:4185/4740 train_time:913018ms step_avg:218.16ms
step:4186/4740 train_time:913343ms step_avg:218.19ms
step:4187/4740 train_time:913521ms step_avg:218.18ms
step:4188/4740 train_time:913843ms step_avg:218.21ms
step:4189/4740 train_time:914024ms step_avg:218.20ms
step:4190/4740 train_time:914349ms step_avg:218.22ms
step:4191/4740 train_time:914531ms step_avg:218.21ms
step:4192/4740 train_time:914852ms step_avg:218.24ms
step:4193/4740 train_time:915035ms step_avg:218.23ms
step:4194/4740 train_time:915356ms step_avg:218.25ms
step:4195/4740 train_time:915537ms step_avg:218.24ms
step:4196/4740 train_time:915862ms step_avg:218.27ms
step:4197/4740 train_time:916046ms step_avg:218.26ms
step:4198/4740 train_time:916370ms step_avg:218.29ms
step:4199/4740 train_time:916559ms step_avg:218.28ms
step:4200/4740 train_time:916879ms step_avg:218.30ms
step:4201/4740 train_time:917062ms step_avg:218.30ms
step:4202/4740 train_time:917385ms step_avg:218.32ms
step:4203/4740 train_time:917572ms step_avg:218.31ms
step:4204/4740 train_time:917895ms step_avg:218.34ms
step:4205/4740 train_time:918078ms step_avg:218.33ms
step:4206/4740 train_time:918398ms step_avg:218.35ms
step:4207/4740 train_time:918585ms step_avg:218.35ms
step:4208/4740 train_time:918910ms step_avg:218.37ms
step:4209/4740 train_time:919093ms step_avg:218.36ms
step:4210/4740 train_time:919421ms step_avg:218.39ms
step:4211/4740 train_time:919599ms step_avg:218.38ms
step:4212/4740 train_time:919920ms step_avg:218.40ms
step:4213/4740 train_time:920101ms step_avg:218.40ms
step:4214/4740 train_time:920428ms step_avg:218.42ms
step:4215/4740 train_time:920610ms step_avg:218.41ms
step:4216/4740 train_time:920931ms step_avg:218.44ms
step:4217/4740 train_time:921115ms step_avg:218.43ms
step:4218/4740 train_time:921439ms step_avg:218.45ms
step:4219/4740 train_time:921626ms step_avg:218.45ms
step:4220/4740 train_time:921947ms step_avg:218.47ms
step:4221/4740 train_time:922130ms step_avg:218.46ms
step:4222/4740 train_time:922453ms step_avg:218.49ms
step:4223/4740 train_time:922636ms step_avg:218.48ms
step:4224/4740 train_time:922956ms step_avg:218.50ms
step:4225/4740 train_time:923140ms step_avg:218.49ms
step:4226/4740 train_time:923460ms step_avg:218.52ms
step:4227/4740 train_time:923643ms step_avg:218.51ms
step:4228/4740 train_time:923965ms step_avg:218.53ms
step:4229/4740 train_time:924148ms step_avg:218.53ms
step:4230/4740 train_time:924467ms step_avg:218.55ms
step:4231/4740 train_time:924654ms step_avg:218.54ms
step:4232/4740 train_time:924979ms step_avg:218.57ms
step:4233/4740 train_time:925166ms step_avg:218.56ms
step:4234/4740 train_time:925486ms step_avg:218.58ms
step:4235/4740 train_time:925671ms step_avg:218.58ms
step:4236/4740 train_time:925992ms step_avg:218.60ms
step:4237/4740 train_time:926171ms step_avg:218.59ms
step:4238/4740 train_time:926492ms step_avg:218.62ms
step:4239/4740 train_time:926677ms step_avg:218.61ms
step:4240/4740 train_time:927000ms step_avg:218.63ms
step:4241/4740 train_time:927182ms step_avg:218.62ms
step:4242/4740 train_time:927503ms step_avg:218.65ms
step:4243/4740 train_time:927686ms step_avg:218.64ms
step:4244/4740 train_time:928004ms step_avg:218.66ms
step:4245/4740 train_time:928193ms step_avg:218.66ms
step:4246/4740 train_time:928515ms step_avg:218.68ms
step:4247/4740 train_time:928699ms step_avg:218.67ms
step:4248/4740 train_time:929024ms step_avg:218.70ms
step:4249/4740 train_time:929208ms step_avg:218.69ms
step:4250/4740 train_time:929531ms step_avg:218.71ms
step:4250/4740 val_loss:2.9599 train_time:929660ms step_avg:218.74ms
step:4251/4740 train_time:929717ms step_avg:218.71ms
step:4252/4740 train_time:930048ms step_avg:218.73ms
step:4253/4740 train_time:930236ms step_avg:218.72ms
step:4254/4740 train_time:930557ms step_avg:218.75ms
step:4255/4740 train_time:930741ms step_avg:218.74ms
step:4256/4740 train_time:931065ms step_avg:218.77ms
step:4257/4740 train_time:931250ms step_avg:218.76ms
step:4258/4740 train_time:931571ms step_avg:218.78ms
step:4259/4740 train_time:931753ms step_avg:218.77ms
step:4260/4740 train_time:932081ms step_avg:218.80ms
step:4261/4740 train_time:932268ms step_avg:218.79ms
step:4262/4740 train_time:932588ms step_avg:218.81ms
step:4263/4740 train_time:932772ms step_avg:218.81ms
step:4264/4740 train_time:933095ms step_avg:218.83ms
step:4265/4740 train_time:933279ms step_avg:218.82ms
step:4266/4740 train_time:933603ms step_avg:218.85ms
step:4267/4740 train_time:933781ms step_avg:218.84ms
step:4268/4740 train_time:934104ms step_avg:218.86ms
step:4269/4740 train_time:934287ms step_avg:218.85ms
step:4270/4740 train_time:934613ms step_avg:218.88ms
step:4271/4740 train_time:934797ms step_avg:218.87ms
step:4272/4740 train_time:935122ms step_avg:218.90ms
step:4273/4740 train_time:935306ms step_avg:218.89ms
step:4274/4740 train_time:935626ms step_avg:218.91ms
step:4275/4740 train_time:935808ms step_avg:218.90ms
step:4276/4740 train_time:936137ms step_avg:218.93ms
step:4277/4740 train_time:936317ms step_avg:218.92ms
step:4278/4740 train_time:936643ms step_avg:218.94ms
step:4279/4740 train_time:936826ms step_avg:218.94ms
step:4280/4740 train_time:937146ms step_avg:218.96ms
step:4281/4740 train_time:937329ms step_avg:218.95ms
step:4282/4740 train_time:937652ms step_avg:218.98ms
step:4283/4740 train_time:937834ms step_avg:218.97ms
step:4284/4740 train_time:938158ms step_avg:218.99ms
step:4285/4740 train_time:938340ms step_avg:218.98ms
step:4286/4740 train_time:938660ms step_avg:219.01ms
step:4287/4740 train_time:938847ms step_avg:219.00ms
step:4288/4740 train_time:939167ms step_avg:219.02ms
step:4289/4740 train_time:939352ms step_avg:219.01ms
step:4290/4740 train_time:939675ms step_avg:219.04ms
step:4291/4740 train_time:939857ms step_avg:219.03ms
step:4292/4740 train_time:940182ms step_avg:219.05ms
step:4293/4740 train_time:940368ms step_avg:219.05ms
step:4294/4740 train_time:940692ms step_avg:219.07ms
step:4295/4740 train_time:940874ms step_avg:219.06ms
step:4296/4740 train_time:941198ms step_avg:219.09ms
step:4297/4740 train_time:941380ms step_avg:219.08ms
step:4298/4740 train_time:941706ms step_avg:219.10ms
step:4299/4740 train_time:941891ms step_avg:219.10ms
step:4300/4740 train_time:942214ms step_avg:219.12ms
step:4301/4740 train_time:942399ms step_avg:219.11ms
step:4302/4740 train_time:942720ms step_avg:219.14ms
step:4303/4740 train_time:942904ms step_avg:219.13ms
step:4304/4740 train_time:943229ms step_avg:219.15ms
step:4305/4740 train_time:943415ms step_avg:219.14ms
step:4306/4740 train_time:943740ms step_avg:219.17ms
step:4307/4740 train_time:943923ms step_avg:219.16ms
step:4308/4740 train_time:944243ms step_avg:219.18ms
step:4309/4740 train_time:944426ms step_avg:219.18ms
step:4310/4740 train_time:944747ms step_avg:219.20ms
step:4311/4740 train_time:944926ms step_avg:219.19ms
step:4312/4740 train_time:945251ms step_avg:219.21ms
step:4313/4740 train_time:945436ms step_avg:219.21ms
step:4314/4740 train_time:945758ms step_avg:219.23ms
step:4315/4740 train_time:945939ms step_avg:219.22ms
step:4316/4740 train_time:946263ms step_avg:219.25ms
step:4317/4740 train_time:946448ms step_avg:219.24ms
step:4318/4740 train_time:946769ms step_avg:219.26ms
step:4319/4740 train_time:946953ms step_avg:219.25ms
step:4320/4740 train_time:947278ms step_avg:219.28ms
step:4321/4740 train_time:947464ms step_avg:219.27ms
step:4322/4740 train_time:947788ms step_avg:219.29ms
step:4323/4740 train_time:947970ms step_avg:219.29ms
step:4324/4740 train_time:948292ms step_avg:219.31ms
step:4325/4740 train_time:948477ms step_avg:219.30ms
step:4326/4740 train_time:948801ms step_avg:219.33ms
step:4327/4740 train_time:948983ms step_avg:219.32ms
step:4328/4740 train_time:949304ms step_avg:219.34ms
step:4329/4740 train_time:949482ms step_avg:219.33ms
step:4330/4740 train_time:949804ms step_avg:219.35ms
step:4331/4740 train_time:949987ms step_avg:219.35ms
step:4332/4740 train_time:950310ms step_avg:219.37ms
step:4333/4740 train_time:950488ms step_avg:219.36ms
step:4334/4740 train_time:950811ms step_avg:219.38ms
step:4335/4740 train_time:950996ms step_avg:219.38ms
step:4336/4740 train_time:951320ms step_avg:219.40ms
step:4337/4740 train_time:951506ms step_avg:219.39ms
step:4338/4740 train_time:951830ms step_avg:219.42ms
step:4339/4740 train_time:952012ms step_avg:219.41ms
step:4340/4740 train_time:952332ms step_avg:219.43ms
step:4341/4740 train_time:952519ms step_avg:219.42ms
step:4342/4740 train_time:952842ms step_avg:219.45ms
step:4343/4740 train_time:953024ms step_avg:219.44ms
step:4344/4740 train_time:953345ms step_avg:219.46ms
step:4345/4740 train_time:953526ms step_avg:219.45ms
step:4346/4740 train_time:953847ms step_avg:219.48ms
step:4347/4740 train_time:954031ms step_avg:219.47ms
step:4348/4740 train_time:954358ms step_avg:219.49ms
step:4349/4740 train_time:954542ms step_avg:219.49ms
step:4350/4740 train_time:954866ms step_avg:219.51ms
step:4351/4740 train_time:955046ms step_avg:219.50ms
step:4352/4740 train_time:955370ms step_avg:219.52ms
step:4353/4740 train_time:955549ms step_avg:219.52ms
step:4354/4740 train_time:955874ms step_avg:219.54ms
step:4355/4740 train_time:956056ms step_avg:219.53ms
step:4356/4740 train_time:956380ms step_avg:219.55ms
step:4357/4740 train_time:956565ms step_avg:219.55ms
step:4358/4740 train_time:956888ms step_avg:219.57ms
step:4359/4740 train_time:957073ms step_avg:219.56ms
step:4360/4740 train_time:957393ms step_avg:219.59ms
step:4361/4740 train_time:957579ms step_avg:219.58ms
step:4362/4740 train_time:957904ms step_avg:219.60ms
step:4363/4740 train_time:958086ms step_avg:219.59ms
step:4364/4740 train_time:958412ms step_avg:219.62ms
step:4365/4740 train_time:958595ms step_avg:219.61ms
step:4366/4740 train_time:958921ms step_avg:219.63ms
step:4367/4740 train_time:959101ms step_avg:219.62ms
step:4368/4740 train_time:959427ms step_avg:219.65ms
step:4369/4740 train_time:959609ms step_avg:219.64ms
step:4370/4740 train_time:959932ms step_avg:219.66ms
step:4371/4740 train_time:960112ms step_avg:219.66ms
step:4372/4740 train_time:960436ms step_avg:219.68ms
step:4373/4740 train_time:960620ms step_avg:219.67ms
step:4374/4740 train_time:960943ms step_avg:219.69ms
step:4375/4740 train_time:961122ms step_avg:219.69ms
step:4376/4740 train_time:961448ms step_avg:219.71ms
step:4377/4740 train_time:961633ms step_avg:219.70ms
step:4378/4740 train_time:961956ms step_avg:219.73ms
step:4379/4740 train_time:962141ms step_avg:219.72ms
step:4380/4740 train_time:962463ms step_avg:219.74ms
step:4381/4740 train_time:962650ms step_avg:219.73ms
step:4382/4740 train_time:962973ms step_avg:219.76ms
step:4383/4740 train_time:963156ms step_avg:219.75ms
step:4384/4740 train_time:963481ms step_avg:219.77ms
step:4385/4740 train_time:963664ms step_avg:219.76ms
step:4386/4740 train_time:963986ms step_avg:219.79ms
step:4387/4740 train_time:964171ms step_avg:219.78ms
step:4388/4740 train_time:964494ms step_avg:219.80ms
step:4389/4740 train_time:964680ms step_avg:219.79ms
step:4390/4740 train_time:965000ms step_avg:219.82ms
step:4391/4740 train_time:965186ms step_avg:219.81ms
step:4392/4740 train_time:965511ms step_avg:219.83ms
step:4393/4740 train_time:965693ms step_avg:219.83ms
step:4394/4740 train_time:966015ms step_avg:219.85ms
step:4395/4740 train_time:966198ms step_avg:219.84ms
step:4396/4740 train_time:966519ms step_avg:219.86ms
step:4397/4740 train_time:966703ms step_avg:219.86ms
step:4398/4740 train_time:967022ms step_avg:219.88ms
step:4399/4740 train_time:967206ms step_avg:219.87ms
step:4400/4740 train_time:967529ms step_avg:219.89ms
step:4401/4740 train_time:967710ms step_avg:219.88ms
step:4402/4740 train_time:968036ms step_avg:219.91ms
step:4403/4740 train_time:968217ms step_avg:219.90ms
step:4404/4740 train_time:968543ms step_avg:219.92ms
step:4405/4740 train_time:968721ms step_avg:219.91ms
step:4406/4740 train_time:969047ms step_avg:219.94ms
step:4407/4740 train_time:969232ms step_avg:219.93ms
step:4408/4740 train_time:969559ms step_avg:219.95ms
step:4409/4740 train_time:969741ms step_avg:219.95ms
step:4410/4740 train_time:970062ms step_avg:219.97ms
step:4411/4740 train_time:970243ms step_avg:219.96ms
step:4412/4740 train_time:970567ms step_avg:219.98ms
step:4413/4740 train_time:970747ms step_avg:219.97ms
step:4414/4740 train_time:971071ms step_avg:220.00ms
step:4415/4740 train_time:971252ms step_avg:219.99ms
step:4416/4740 train_time:971575ms step_avg:220.01ms
step:4417/4740 train_time:971761ms step_avg:220.00ms
step:4418/4740 train_time:972083ms step_avg:220.03ms
step:4419/4740 train_time:972265ms step_avg:220.02ms
step:4420/4740 train_time:972590ms step_avg:220.04ms
step:4421/4740 train_time:972770ms step_avg:220.03ms
step:4422/4740 train_time:973092ms step_avg:220.06ms
step:4423/4740 train_time:973274ms step_avg:220.05ms
step:4424/4740 train_time:973598ms step_avg:220.07ms
step:4425/4740 train_time:973783ms step_avg:220.06ms
step:4426/4740 train_time:974102ms step_avg:220.09ms
step:4427/4740 train_time:974287ms step_avg:220.08ms
step:4428/4740 train_time:974611ms step_avg:220.10ms
step:4429/4740 train_time:974795ms step_avg:220.09ms
step:4430/4740 train_time:975118ms step_avg:220.12ms
step:4431/4740 train_time:975303ms step_avg:220.11ms
step:4432/4740 train_time:975627ms step_avg:220.13ms
step:4433/4740 train_time:975809ms step_avg:220.12ms
step:4434/4740 train_time:976130ms step_avg:220.15ms
step:4435/4740 train_time:976316ms step_avg:220.14ms
step:4436/4740 train_time:976637ms step_avg:220.16ms
step:4437/4740 train_time:976822ms step_avg:220.15ms
step:4438/4740 train_time:977149ms step_avg:220.18ms
step:4439/4740 train_time:977329ms step_avg:220.17ms
step:4440/4740 train_time:977653ms step_avg:220.19ms
step:4441/4740 train_time:977834ms step_avg:220.18ms
step:4442/4740 train_time:978157ms step_avg:220.21ms
step:4443/4740 train_time:978339ms step_avg:220.20ms
step:4444/4740 train_time:978661ms step_avg:220.22ms
step:4445/4740 train_time:978844ms step_avg:220.21ms
step:4446/4740 train_time:979168ms step_avg:220.24ms
step:4447/4740 train_time:979355ms step_avg:220.23ms
step:4448/4740 train_time:979678ms step_avg:220.25ms
step:4449/4740 train_time:979857ms step_avg:220.24ms
step:4450/4740 train_time:980181ms step_avg:220.27ms
step:4451/4740 train_time:980367ms step_avg:220.26ms
step:4452/4740 train_time:980687ms step_avg:220.28ms
step:4453/4740 train_time:980866ms step_avg:220.27ms
step:4454/4740 train_time:981194ms step_avg:220.29ms
step:4455/4740 train_time:981377ms step_avg:220.29ms
step:4456/4740 train_time:981698ms step_avg:220.31ms
step:4457/4740 train_time:981880ms step_avg:220.30ms
step:4458/4740 train_time:982206ms step_avg:220.32ms
step:4459/4740 train_time:982389ms step_avg:220.32ms
step:4460/4740 train_time:982714ms step_avg:220.34ms
step:4461/4740 train_time:982896ms step_avg:220.33ms
step:4462/4740 train_time:983222ms step_avg:220.35ms
step:4463/4740 train_time:983408ms step_avg:220.35ms
step:4464/4740 train_time:983733ms step_avg:220.37ms
step:4465/4740 train_time:983914ms step_avg:220.36ms
step:4466/4740 train_time:984238ms step_avg:220.38ms
step:4467/4740 train_time:984423ms step_avg:220.38ms
step:4468/4740 train_time:984743ms step_avg:220.40ms
step:4469/4740 train_time:984930ms step_avg:220.39ms
step:4470/4740 train_time:985253ms step_avg:220.41ms
step:4471/4740 train_time:985437ms step_avg:220.41ms
step:4472/4740 train_time:985759ms step_avg:220.43ms
step:4473/4740 train_time:985948ms step_avg:220.42ms
step:4474/4740 train_time:986271ms step_avg:220.45ms
step:4475/4740 train_time:986454ms step_avg:220.44ms
step:4476/4740 train_time:986778ms step_avg:220.46ms
step:4477/4740 train_time:986961ms step_avg:220.45ms
step:4478/4740 train_time:987287ms step_avg:220.47ms
step:4479/4740 train_time:987468ms step_avg:220.47ms
step:4480/4740 train_time:987792ms step_avg:220.49ms
step:4481/4740 train_time:987972ms step_avg:220.48ms
step:4482/4740 train_time:988297ms step_avg:220.50ms
step:4483/4740 train_time:988480ms step_avg:220.50ms
step:4484/4740 train_time:988801ms step_avg:220.52ms
step:4485/4740 train_time:988984ms step_avg:220.51ms
step:4486/4740 train_time:989306ms step_avg:220.53ms
step:4487/4740 train_time:989489ms step_avg:220.52ms
step:4488/4740 train_time:989815ms step_avg:220.55ms
step:4489/4740 train_time:989997ms step_avg:220.54ms
step:4490/4740 train_time:990319ms step_avg:220.56ms
step:4491/4740 train_time:990502ms step_avg:220.55ms
step:4492/4740 train_time:990823ms step_avg:220.57ms
step:4493/4740 train_time:991009ms step_avg:220.57ms
step:4494/4740 train_time:991332ms step_avg:220.59ms
step:4495/4740 train_time:991513ms step_avg:220.58ms
step:4496/4740 train_time:991832ms step_avg:220.60ms
step:4497/4740 train_time:992018ms step_avg:220.60ms
step:4498/4740 train_time:992342ms step_avg:220.62ms
step:4499/4740 train_time:992523ms step_avg:220.61ms
step:4500/4740 train_time:992847ms step_avg:220.63ms
step:4500/4740 val_loss:2.9377 train_time:992975ms step_avg:220.66ms
step:4501/4740 train_time:993031ms step_avg:220.62ms
step:4502/4740 train_time:993365ms step_avg:220.65ms
step:4503/4740 train_time:993548ms step_avg:220.64ms
step:4504/4740 train_time:993869ms step_avg:220.66ms
step:4505/4740 train_time:994051ms step_avg:220.66ms
step:4506/4740 train_time:994375ms step_avg:220.68ms
step:4507/4740 train_time:994563ms step_avg:220.67ms
step:4508/4740 train_time:994887ms step_avg:220.69ms
step:4509/4740 train_time:995068ms step_avg:220.68ms
step:4510/4740 train_time:995394ms step_avg:220.71ms
step:4511/4740 train_time:995578ms step_avg:220.70ms
step:4512/4740 train_time:995902ms step_avg:220.72ms
step:4513/4740 train_time:996085ms step_avg:220.71ms
step:4514/4740 train_time:996413ms step_avg:220.74ms
step:4515/4740 train_time:996592ms step_avg:220.73ms
step:4516/4740 train_time:996919ms step_avg:220.75ms
step:4517/4740 train_time:997101ms step_avg:220.74ms
step:4518/4740 train_time:997429ms step_avg:220.77ms
step:4519/4740 train_time:997608ms step_avg:220.76ms
step:4520/4740 train_time:997932ms step_avg:220.78ms
step:4521/4740 train_time:998115ms step_avg:220.77ms
step:4522/4740 train_time:998441ms step_avg:220.80ms
step:4523/4740 train_time:998626ms step_avg:220.79ms
step:4524/4740 train_time:998950ms step_avg:220.81ms
step:4525/4740 train_time:999133ms step_avg:220.80ms
step:4526/4740 train_time:999458ms step_avg:220.83ms
step:4527/4740 train_time:999642ms step_avg:220.82ms
step:4528/4740 train_time:999963ms step_avg:220.84ms
step:4529/4740 train_time:1000145ms step_avg:220.83ms
step:4530/4740 train_time:1000470ms step_avg:220.85ms
step:4531/4740 train_time:1000653ms step_avg:220.85ms
step:4532/4740 train_time:1000976ms step_avg:220.87ms
step:4533/4740 train_time:1001162ms step_avg:220.86ms
step:4534/4740 train_time:1001485ms step_avg:220.88ms
step:4535/4740 train_time:1001668ms step_avg:220.87ms
step:4536/4740 train_time:1001989ms step_avg:220.90ms
step:4537/4740 train_time:1002172ms step_avg:220.89ms
step:4538/4740 train_time:1002499ms step_avg:220.91ms
step:4539/4740 train_time:1002681ms step_avg:220.90ms
step:4540/4740 train_time:1003008ms step_avg:220.93ms
step:4541/4740 train_time:1003187ms step_avg:220.92ms
step:4542/4740 train_time:1003509ms step_avg:220.94ms
step:4543/4740 train_time:1003693ms step_avg:220.93ms
step:4544/4740 train_time:1004015ms step_avg:220.95ms
step:4545/4740 train_time:1004199ms step_avg:220.95ms
step:4546/4740 train_time:1004523ms step_avg:220.97ms
step:4547/4740 train_time:1004707ms step_avg:220.96ms
step:4548/4740 train_time:1005032ms step_avg:220.98ms
step:4549/4740 train_time:1005217ms step_avg:220.98ms
step:4550/4740 train_time:1005539ms step_avg:221.00ms
step:4551/4740 train_time:1005723ms step_avg:220.99ms
step:4552/4740 train_time:1006046ms step_avg:221.01ms
step:4553/4740 train_time:1006228ms step_avg:221.00ms
step:4554/4740 train_time:1006555ms step_avg:221.03ms
step:4555/4740 train_time:1006737ms step_avg:221.02ms
step:4556/4740 train_time:1007059ms step_avg:221.04ms
step:4557/4740 train_time:1007246ms step_avg:221.03ms
step:4558/4740 train_time:1007567ms step_avg:221.05ms
step:4559/4740 train_time:1007755ms step_avg:221.05ms
step:4560/4740 train_time:1008081ms step_avg:221.07ms
step:4561/4740 train_time:1008264ms step_avg:221.06ms
step:4562/4740 train_time:1008588ms step_avg:221.08ms
step:4563/4740 train_time:1008772ms step_avg:221.08ms
step:4564/4740 train_time:1009100ms step_avg:221.10ms
step:4565/4740 train_time:1009288ms step_avg:221.09ms
step:4566/4740 train_time:1009609ms step_avg:221.11ms
step:4567/4740 train_time:1009792ms step_avg:221.11ms
step:4568/4740 train_time:1010114ms step_avg:221.13ms
step:4569/4740 train_time:1010299ms step_avg:221.12ms
step:4570/4740 train_time:1010623ms step_avg:221.14ms
step:4571/4740 train_time:1010805ms step_avg:221.13ms
step:4572/4740 train_time:1011131ms step_avg:221.16ms
step:4573/4740 train_time:1011311ms step_avg:221.15ms
step:4574/4740 train_time:1011631ms step_avg:221.17ms
step:4575/4740 train_time:1011811ms step_avg:221.16ms
step:4576/4740 train_time:1012136ms step_avg:221.18ms
step:4577/4740 train_time:1012318ms step_avg:221.18ms
step:4578/4740 train_time:1012641ms step_avg:221.20ms
step:4579/4740 train_time:1012826ms step_avg:221.19ms
step:4580/4740 train_time:1013152ms step_avg:221.21ms
step:4581/4740 train_time:1013335ms step_avg:221.20ms
step:4582/4740 train_time:1013658ms step_avg:221.23ms
step:4583/4740 train_time:1013842ms step_avg:221.22ms
step:4584/4740 train_time:1014168ms step_avg:221.24ms
step:4585/4740 train_time:1014346ms step_avg:221.23ms
step:4586/4740 train_time:1014669ms step_avg:221.25ms
step:4587/4740 train_time:1014849ms step_avg:221.24ms
step:4588/4740 train_time:1015174ms step_avg:221.27ms
step:4589/4740 train_time:1015359ms step_avg:221.26ms
step:4590/4740 train_time:1015683ms step_avg:221.28ms
step:4591/4740 train_time:1015865ms step_avg:221.27ms
step:4592/4740 train_time:1016192ms step_avg:221.30ms
step:4593/4740 train_time:1016376ms step_avg:221.29ms
step:4594/4740 train_time:1016702ms step_avg:221.31ms
step:4595/4740 train_time:1016885ms step_avg:221.30ms
step:4596/4740 train_time:1017210ms step_avg:221.32ms
step:4597/4740 train_time:1017392ms step_avg:221.32ms
step:4598/4740 train_time:1017716ms step_avg:221.34ms
step:4599/4740 train_time:1017900ms step_avg:221.33ms
step:4600/4740 train_time:1018222ms step_avg:221.35ms
step:4601/4740 train_time:1018409ms step_avg:221.35ms
step:4602/4740 train_time:1018732ms step_avg:221.37ms
step:4603/4740 train_time:1018916ms step_avg:221.36ms
step:4604/4740 train_time:1019237ms step_avg:221.38ms
step:4605/4740 train_time:1019422ms step_avg:221.37ms
step:4606/4740 train_time:1019744ms step_avg:221.39ms
step:4607/4740 train_time:1019927ms step_avg:221.39ms
step:4608/4740 train_time:1020249ms step_avg:221.41ms
step:4609/4740 train_time:1020433ms step_avg:221.40ms
step:4610/4740 train_time:1020754ms step_avg:221.42ms
step:4611/4740 train_time:1020937ms step_avg:221.41ms
step:4612/4740 train_time:1021260ms step_avg:221.44ms
step:4613/4740 train_time:1021441ms step_avg:221.43ms
step:4614/4740 train_time:1021766ms step_avg:221.45ms
step:4615/4740 train_time:1021948ms step_avg:221.44ms
step:4616/4740 train_time:1022271ms step_avg:221.46ms
step:4617/4740 train_time:1022454ms step_avg:221.45ms
step:4618/4740 train_time:1022777ms step_avg:221.48ms
step:4619/4740 train_time:1022963ms step_avg:221.47ms
step:4620/4740 train_time:1023286ms step_avg:221.49ms
step:4621/4740 train_time:1023468ms step_avg:221.48ms
step:4622/4740 train_time:1023789ms step_avg:221.50ms
step:4623/4740 train_time:1023975ms step_avg:221.50ms
step:4624/4740 train_time:1024297ms step_avg:221.52ms
step:4625/4740 train_time:1024482ms step_avg:221.51ms
step:4626/4740 train_time:1024803ms step_avg:221.53ms
step:4627/4740 train_time:1024995ms step_avg:221.52ms
step:4628/4740 train_time:1025322ms step_avg:221.55ms
step:4629/4740 train_time:1025501ms step_avg:221.54ms
step:4630/4740 train_time:1025822ms step_avg:221.56ms
step:4631/4740 train_time:1026010ms step_avg:221.55ms
step:4632/4740 train_time:1026332ms step_avg:221.57ms
step:4633/4740 train_time:1026516ms step_avg:221.57ms
step:4634/4740 train_time:1026838ms step_avg:221.59ms
step:4635/4740 train_time:1027021ms step_avg:221.58ms
step:4636/4740 train_time:1027345ms step_avg:221.60ms
step:4637/4740 train_time:1027527ms step_avg:221.59ms
step:4638/4740 train_time:1027847ms step_avg:221.61ms
step:4639/4740 train_time:1028032ms step_avg:221.61ms
step:4640/4740 train_time:1028361ms step_avg:221.63ms
step:4641/4740 train_time:1028539ms step_avg:221.62ms
step:4642/4740 train_time:1028859ms step_avg:221.64ms
step:4643/4740 train_time:1029045ms step_avg:221.63ms
step:4644/4740 train_time:1029365ms step_avg:221.65ms
step:4645/4740 train_time:1029552ms step_avg:221.65ms
step:4646/4740 train_time:1029875ms step_avg:221.67ms
step:4647/4740 train_time:1030055ms step_avg:221.66ms
step:4648/4740 train_time:1030376ms step_avg:221.68ms
step:4649/4740 train_time:1030559ms step_avg:221.67ms
step:4650/4740 train_time:1030882ms step_avg:221.70ms
step:4651/4740 train_time:1031070ms step_avg:221.69ms
step:4652/4740 train_time:1031397ms step_avg:221.71ms
step:4653/4740 train_time:1031580ms step_avg:221.70ms
step:4654/4740 train_time:1031901ms step_avg:221.72ms
step:4655/4740 train_time:1032084ms step_avg:221.72ms
step:4656/4740 train_time:1032407ms step_avg:221.74ms
step:4657/4740 train_time:1032594ms step_avg:221.73ms
step:4658/4740 train_time:1032916ms step_avg:221.75ms
step:4659/4740 train_time:1033102ms step_avg:221.74ms
step:4660/4740 train_time:1033425ms step_avg:221.76ms
step:4661/4740 train_time:1033606ms step_avg:221.76ms
step:4662/4740 train_time:1033928ms step_avg:221.78ms
step:4663/4740 train_time:1034108ms step_avg:221.77ms
step:4664/4740 train_time:1034433ms step_avg:221.79ms
step:4665/4740 train_time:1034613ms step_avg:221.78ms
step:4666/4740 train_time:1034934ms step_avg:221.80ms
step:4667/4740 train_time:1035118ms step_avg:221.80ms
step:4668/4740 train_time:1035441ms step_avg:221.82ms
step:4669/4740 train_time:1035626ms step_avg:221.81ms
step:4670/4740 train_time:1035948ms step_avg:221.83ms
step:4671/4740 train_time:1036132ms step_avg:221.82ms
step:4672/4740 train_time:1036455ms step_avg:221.84ms
step:4673/4740 train_time:1036642ms step_avg:221.84ms
step:4674/4740 train_time:1036967ms step_avg:221.86ms
step:4675/4740 train_time:1037148ms step_avg:221.85ms
step:4676/4740 train_time:1037470ms step_avg:221.87ms
step:4677/4740 train_time:1037653ms step_avg:221.86ms
step:4678/4740 train_time:1037975ms step_avg:221.88ms
step:4679/4740 train_time:1038160ms step_avg:221.88ms
step:4680/4740 train_time:1038486ms step_avg:221.90ms
step:4681/4740 train_time:1038666ms step_avg:221.89ms
step:4682/4740 train_time:1038993ms step_avg:221.91ms
step:4683/4740 train_time:1039177ms step_avg:221.90ms
step:4684/4740 train_time:1039501ms step_avg:221.93ms
step:4685/4740 train_time:1039688ms step_avg:221.92ms
step:4686/4740 train_time:1040006ms step_avg:221.94ms
step:4687/4740 train_time:1040195ms step_avg:221.93ms
step:4688/4740 train_time:1040517ms step_avg:221.95ms
step:4689/4740 train_time:1040702ms step_avg:221.95ms
step:4690/4740 train_time:1041021ms step_avg:221.97ms
step:4691/4740 train_time:1041204ms step_avg:221.96ms
step:4692/4740 train_time:1041525ms step_avg:221.98ms
step:4693/4740 train_time:1041709ms step_avg:221.97ms
step:4694/4740 train_time:1042032ms step_avg:221.99ms
step:4695/4740 train_time:1042213ms step_avg:221.98ms
step:4696/4740 train_time:1042535ms step_avg:222.00ms
step:4697/4740 train_time:1042716ms step_avg:222.00ms
step:4698/4740 train_time:1043038ms step_avg:222.02ms
step:4699/4740 train_time:1043221ms step_avg:222.01ms
step:4700/4740 train_time:1043543ms step_avg:222.03ms
step:4701/4740 train_time:1043727ms step_avg:222.02ms
step:4702/4740 train_time:1044049ms step_avg:222.04ms
step:4703/4740 train_time:1044236ms step_avg:222.04ms
step:4704/4740 train_time:1044560ms step_avg:222.06ms
step:4705/4740 train_time:1044749ms step_avg:222.05ms
step:4706/4740 train_time:1045073ms step_avg:222.07ms
step:4707/4740 train_time:1045255ms step_avg:222.06ms
step:4708/4740 train_time:1045578ms step_avg:222.09ms
step:4709/4740 train_time:1045765ms step_avg:222.08ms
step:4710/4740 train_time:1046092ms step_avg:222.10ms
step:4711/4740 train_time:1046274ms step_avg:222.09ms
step:4712/4740 train_time:1046596ms step_avg:222.11ms
step:4713/4740 train_time:1046780ms step_avg:222.10ms
step:4714/4740 train_time:1047102ms step_avg:222.13ms
step:4715/4740 train_time:1047288ms step_avg:222.12ms
step:4716/4740 train_time:1047614ms step_avg:222.14ms
step:4717/4740 train_time:1047795ms step_avg:222.13ms
step:4718/4740 train_time:1048121ms step_avg:222.15ms
step:4719/4740 train_time:1048302ms step_avg:222.15ms
step:4720/4740 train_time:1048628ms step_avg:222.17ms
step:4721/4740 train_time:1048808ms step_avg:222.16ms
step:4722/4740 train_time:1049136ms step_avg:222.18ms
step:4723/4740 train_time:1049319ms step_avg:222.17ms
step:4724/4740 train_time:1049642ms step_avg:222.19ms
step:4725/4740 train_time:1049828ms step_avg:222.19ms
step:4726/4740 train_time:1050148ms step_avg:222.21ms
step:4727/4740 train_time:1050331ms step_avg:222.20ms
step:4728/4740 train_time:1050651ms step_avg:222.22ms
step:4729/4740 train_time:1050837ms step_avg:222.21ms
step:4730/4740 train_time:1051163ms step_avg:222.23ms
step:4731/4740 train_time:1051347ms step_avg:222.23ms
step:4732/4740 train_time:1051672ms step_avg:222.25ms
step:4733/4740 train_time:1051856ms step_avg:222.24ms
step:4734/4740 train_time:1052179ms step_avg:222.26ms
step:4735/4740 train_time:1052361ms step_avg:222.25ms
step:4736/4740 train_time:1052686ms step_avg:222.27ms
step:4737/4740 train_time:1052869ms step_avg:222.26ms
step:4738/4740 train_time:1053191ms step_avg:222.29ms
step:4739/4740 train_time:1053377ms step_avg:222.28ms
step:4740/4740 train_time:1053702ms step_avg:222.30ms
step:4740/4740 val_loss:2.9221 train_time:1053828ms step_avg:222.33ms
peak memory allocated: 57397 MiB reserved: 62992 MiB
